checkpoints/glue/mnli/20261004/glue.mnli.adapter.am_adapter.ao_sequential.fm_adapter.fo_sequential.abn.fbn.ac_add.fl_none.finit_bert.fs_1.unfrz_ef_.ne10.warm0.06.wd0.1.seed42.
10/04/2026 14:47:15 - WARNING - __main__ -   Process rank: -1, device: cuda:0, n_gpu: 1distributed training: False, 16-bits training: True
10/04/2026 14:47:15 - INFO - __main__ -   Training/evaluation parameters TrainingArguments(
_n_gpu=1,
adafactor=False,
adam_beta1=0.9,
adam_beta2=0.98,
adam_epsilon=1e-06,
dataloader_drop_last=False,
dataloader_num_workers=0,
dataloader_pin_memory=True,
ddp_find_unused_parameters=False,
debug=[],
deepspeed=None,
disable_tqdm=True,
do_eval=True,
do_predict=False,
do_train=True,
eval_accumulation_steps=None,
eval_steps=5000,
evaluation_strategy=IntervalStrategy.EPOCH,
fp16=True,
fp16_backend=auto,
fp16_full_eval=False,
fp16_opt_level=O1,
gradient_accumulation_steps=1,
greater_is_better=True,
group_by_length=False,
ignore_data_skip=False,
label_names=None,
label_smoothing_factor=0.0,
learning_rate=0.0001,
length_column_name=length,
load_best_model_at_end=True,
local_rank=-1,
log_level=-1,
log_level_replica=-1,
log_on_each_node=True,
logging_dir=checkpoints/glue/mnli/20261004/glue.mnli.adapter.am_adapter.ao_sequential.fm_adapter.fo_sequential.abn.fbn.ac_add.fl_none.finit_bert.fs_1.unfrz_ef_.ne10.warm0.06.wd0.1.seed42./runs/Oct04_14-47-15_j-12410940-job-0,
logging_first_step=False,
logging_steps=50,
logging_strategy=IntervalStrategy.STEPS,
lr_scheduler_type=SchedulerType.POLYNOMIAL,
max_grad_norm=1.0,
max_steps=-1,
metric_for_best_model=accuracy,
mp_parameters=,
no_cuda=False,
num_train_epochs=10.0,
output_dir=checkpoints/glue/mnli/20261004/glue.mnli.adapter.am_adapter.ao_sequential.fm_adapter.fo_sequential.abn.fbn.ac_add.fl_none.finit_bert.fs_1.unfrz_ef_.ne10.warm0.06.wd0.1.seed42.,
overwrite_output_dir=True,
past_index=-1,
per_device_eval_batch_size=32,
per_device_train_batch_size=32,
prediction_loss_only=False,
push_to_hub=False,
push_to_hub_model_id=glue.mnli.adapter.am_adapter.ao_sequential.fm_adapter.fo_sequential.abn.fbn.ac_add.fl_none.finit_bert.fs_1.unfrz_ef_.ne10.warm0.06.wd0.1.seed42.,
push_to_hub_organization=None,
push_to_hub_token=None,
remove_unused_columns=True,
report_to=[],
resume_from_checkpoint=None,
run_name=mnli.20261004.glue.mnli.adapter.am_adapter.ao_sequential.fm_adapter.fo_sequential.abn.fbn.ac_add.fl_none.finit_bert.fs_1.unfrz_ef_.ne10.warm0.06.wd0.1.seed42.,
save_steps=5000,
save_strategy=IntervalStrategy.EPOCH,
save_total_limit=2,
seed=42,
sharded_ddp=[],
skip_memory_metrics=True,
tpu_metrics_debug=False,
tpu_num_cores=None,
use_legacy_prediction_loop=False,
warmup_ratio=0.06,
warmup_steps=0,
weight_decay=0.1,
)
10/04/2026 14:47:15 - WARNING - datasets.builder -   Reusing dataset glue (checkpoints/hf_model/glue/mnli/1.0.0/dacbe3125aa31d7f70367a07a8a9e72a5a0bfeb5fc42e75c9db75b96da6053ad)
[INFO|configuration_utils.py:528] 2026-10-04 14:47:15,815 >> loading configuration file /work/unify-parameter-efficient-tuning/_setup/models/roberta-base/config.json
[INFO|configuration_utils.py:566] 2026-10-04 14:47:15,815 >> Model config RobertaConfig {
  "architectures": [
    "RobertaForMaskedLM"
  ],
  "attention_probs_dropout_prob": 0.1,
  "bos_token_id": 0,
  "eos_token_id": 2,
  "finetuning_task": "mnli",
  "gradient_checkpointing": false,
  "hidden_act": "gelu",
  "hidden_dropout_prob": 0.1,
  "hidden_size": 768,
  "id2label": {
    "0": "LABEL_0",
    "1": "LABEL_1",
    "2": "LABEL_2"
  },
  "initializer_range": 0.02,
  "intermediate_size": 3072,
  "label2id": {
    "LABEL_0": 0,
    "LABEL_1": 1,
    "LABEL_2": 2
  },
  "layer_norm_eps": 1e-05,
  "max_position_embeddings": 514,
  "model_type": "roberta",
  "num_attention_heads": 12,
  "num_hidden_layers": 12,
  "pad_token_id": 1,
  "position_embedding_type": "absolute",
  "transformers_version": "4.9.0.dev0",
  "type_vocab_size": 1,
  "use_cache": true,
  "vocab_size": 50265
}

[INFO|tokenization_auto.py:427] 2026-10-04 14:47:15,815 >> Could not locate the tokenizer configuration file, will try to use the model config instead.
[INFO|configuration_utils.py:528] 2026-10-04 14:47:15,815 >> loading configuration file /work/unify-parameter-efficient-tuning/_setup/models/roberta-base/config.json
[INFO|configuration_utils.py:566] 2026-10-04 14:47:15,815 >> Model config RobertaConfig {
  "architectures": [
    "RobertaForMaskedLM"
  ],
  "attention_probs_dropout_prob": 0.1,
  "bos_token_id": 0,
  "eos_token_id": 2,
  "gradient_checkpointing": false,
  "hidden_act": "gelu",
  "hidden_dropout_prob": 0.1,
  "hidden_size": 768,
  "initializer_range": 0.02,
  "intermediate_size": 3072,
  "layer_norm_eps": 1e-05,
  "max_position_embeddings": 514,
  "model_type": "roberta",
  "num_attention_heads": 12,
  "num_hidden_layers": 12,
  "pad_token_id": 1,
  "position_embedding_type": "absolute",
  "transformers_version": "4.9.0.dev0",
  "type_vocab_size": 1,
  "use_cache": true,
  "vocab_size": 50265
}

[INFO|tokenization_utils_base.py:1651] 2026-10-04 14:47:15,816 >> Didn't find file /work/unify-parameter-efficient-tuning/_setup/models/roberta-base/added_tokens.json. We won't load it.
[INFO|tokenization_utils_base.py:1651] 2026-10-04 14:47:15,816 >> Didn't find file /work/unify-parameter-efficient-tuning/_setup/models/roberta-base/special_tokens_map.json. We won't load it.
[INFO|tokenization_utils_base.py:1651] 2026-10-04 14:47:15,816 >> Didn't find file /work/unify-parameter-efficient-tuning/_setup/models/roberta-base/tokenizer_config.json. We won't load it.
[INFO|tokenization_utils_base.py:1715] 2026-10-04 14:47:15,816 >> loading file /work/unify-parameter-efficient-tuning/_setup/models/roberta-base/vocab.json
[INFO|tokenization_utils_base.py:1715] 2026-10-04 14:47:15,816 >> loading file /work/unify-parameter-efficient-tuning/_setup/models/roberta-base/merges.txt
[INFO|tokenization_utils_base.py:1715] 2026-10-04 14:47:15,816 >> loading file /work/unify-parameter-efficient-tuning/_setup/models/roberta-base/tokenizer.json
[INFO|tokenization_utils_base.py:1715] 2026-10-04 14:47:15,816 >> loading file None
[INFO|tokenization_utils_base.py:1715] 2026-10-04 14:47:15,816 >> loading file None
[INFO|tokenization_utils_base.py:1715] 2026-10-04 14:47:15,816 >> loading file None
[INFO|modeling_utils.py:1159] 2026-10-04 14:47:15,850 >> loading weights file /work/unify-parameter-efficient-tuning/_setup/models/roberta-base/pytorch_model.bin
============================ init weights is called! ====================================
============================ init weights is called! ====================================
[WARNING|modeling_utils.py:1336] 2026-10-04 14:47:16,993 >> Some weights of the model checkpoint at /work/unify-parameter-efficient-tuning/_setup/models/roberta-base were not used when initializing RobertaForSequenceClassification: ['lm_head.dense.weight', 'lm_head.decoder.weight', 'lm_head.layer_norm.bias', 'roberta.pooler.dense.bias', 'lm_head.dense.bias', 'lm_head.bias', 'lm_head.layer_norm.weight', 'roberta.pooler.dense.weight']
- This IS expected if you are initializing RobertaForSequenceClassification from the checkpoint of a model trained on another task or with another architecture (e.g. initializing a BertForSequenceClassification model from a BertForPreTraining model).
- This IS NOT expected if you are initializing RobertaForSequenceClassification from the checkpoint of a model that you expect to be exactly identical (initializing a BertForSequenceClassification model from a BertForSequenceClassification model).
[WARNING|modeling_utils.py:1347] 2026-10-04 14:47:16,994 >> Some weights of RobertaForSequenceClassification were not initialized from the model checkpoint at /work/unify-parameter-efficient-tuning/_setup/models/roberta-base and are newly initialized: ['classifier.dense.bias', 'classifier.dense.weight', 'classifier.out_proj.bias', 'classifier.out_proj.weight']
You should probably TRAIN this model on a down-stream task to be able to use it for predictions and inference.
tune roberta.encoder.layer.0.attention.output.ef_attn_adapter.adapter_layer_norm_before.weight
tune roberta.encoder.layer.0.attention.output.ef_attn_adapter.adapter_layer_norm_before.bias
tune roberta.encoder.layer.0.attention.output.ef_attn_adapter.down_proj.weight
tune roberta.encoder.layer.0.attention.output.ef_attn_adapter.down_proj.bias
tune roberta.encoder.layer.0.attention.output.ef_attn_adapter.up_proj.weight
tune roberta.encoder.layer.0.attention.output.ef_attn_adapter.up_proj.bias
tune roberta.encoder.layer.0.output.ef_ffn_adapter.down_proj.weight
tune roberta.encoder.layer.0.output.ef_ffn_adapter.down_proj.bias
tune roberta.encoder.layer.0.output.ef_ffn_adapter.up_proj.weight
tune roberta.encoder.layer.0.output.ef_ffn_adapter.up_proj.bias
tune roberta.encoder.layer.1.attention.output.ef_attn_adapter.adapter_layer_norm_before.weight
tune roberta.encoder.layer.1.attention.output.ef_attn_adapter.adapter_layer_norm_before.bias
tune roberta.encoder.layer.1.attention.output.ef_attn_adapter.down_proj.weight
tune roberta.encoder.layer.1.attention.output.ef_attn_adapter.down_proj.bias
tune roberta.encoder.layer.1.attention.output.ef_attn_adapter.up_proj.weight
tune roberta.encoder.layer.1.attention.output.ef_attn_adapter.up_proj.bias
tune roberta.encoder.layer.1.output.ef_ffn_adapter.down_proj.weight
tune roberta.encoder.layer.1.output.ef_ffn_adapter.down_proj.bias
tune roberta.encoder.layer.1.output.ef_ffn_adapter.up_proj.weight
tune roberta.encoder.layer.1.output.ef_ffn_adapter.up_proj.bias
tune roberta.encoder.layer.2.attention.output.ef_attn_adapter.adapter_layer_norm_before.weight
tune roberta.encoder.layer.2.attention.output.ef_attn_adapter.adapter_layer_norm_before.bias
tune roberta.encoder.layer.2.attention.output.ef_attn_adapter.down_proj.weight
tune roberta.encoder.layer.2.attention.output.ef_attn_adapter.down_proj.bias
tune roberta.encoder.layer.2.attention.output.ef_attn_adapter.up_proj.weight
tune roberta.encoder.layer.2.attention.output.ef_attn_adapter.up_proj.bias
tune roberta.encoder.layer.2.output.ef_ffn_adapter.down_proj.weight
tune roberta.encoder.layer.2.output.ef_ffn_adapter.down_proj.bias
tune roberta.encoder.layer.2.output.ef_ffn_adapter.up_proj.weight
tune roberta.encoder.layer.2.output.ef_ffn_adapter.up_proj.bias
tune roberta.encoder.layer.3.attention.output.ef_attn_adapter.adapter_layer_norm_before.weight
tune roberta.encoder.layer.3.attention.output.ef_attn_adapter.adapter_layer_norm_before.bias
tune roberta.encoder.layer.3.attention.output.ef_attn_adapter.down_proj.weight
tune roberta.encoder.layer.3.attention.output.ef_attn_adapter.down_proj.bias
tune roberta.encoder.layer.3.attention.output.ef_attn_adapter.up_proj.weight
tune roberta.encoder.layer.3.attention.output.ef_attn_adapter.up_proj.bias
tune roberta.encoder.layer.3.output.ef_ffn_adapter.down_proj.weight
tune roberta.encoder.layer.3.output.ef_ffn_adapter.down_proj.bias
tune roberta.encoder.layer.3.output.ef_ffn_adapter.up_proj.weight
tune roberta.encoder.layer.3.output.ef_ffn_adapter.up_proj.bias
tune roberta.encoder.layer.4.attention.output.ef_attn_adapter.adapter_layer_norm_before.weight
tune roberta.encoder.layer.4.attention.output.ef_attn_adapter.adapter_layer_norm_before.bias
tune roberta.encoder.layer.4.attention.output.ef_attn_adapter.down_proj.weight
tune roberta.encoder.layer.4.attention.output.ef_attn_adapter.down_proj.bias
tune roberta.encoder.layer.4.attention.output.ef_attn_adapter.up_proj.weight
tune roberta.encoder.layer.4.attention.output.ef_attn_adapter.up_proj.bias
tune roberta.encoder.layer.4.output.ef_ffn_adapter.down_proj.weight
tune roberta.encoder.layer.4.output.ef_ffn_adapter.down_proj.bias
tune roberta.encoder.layer.4.output.ef_ffn_adapter.up_proj.weight
tune roberta.encoder.layer.4.output.ef_ffn_adapter.up_proj.bias
tune roberta.encoder.layer.5.attention.output.ef_attn_adapter.adapter_layer_norm_before.weight
tune roberta.encoder.layer.5.attention.output.ef_attn_adapter.adapter_layer_norm_before.bias
tune roberta.encoder.layer.5.attention.output.ef_attn_adapter.down_proj.weight
tune roberta.encoder.layer.5.attention.output.ef_attn_adapter.down_proj.bias
tune roberta.encoder.layer.5.attention.output.ef_attn_adapter.up_proj.weight
tune roberta.encoder.layer.5.attention.output.ef_attn_adapter.up_proj.bias
tune roberta.encoder.layer.5.output.ef_ffn_adapter.down_proj.weight
tune roberta.encoder.layer.5.output.ef_ffn_adapter.down_proj.bias
tune roberta.encoder.layer.5.output.ef_ffn_adapter.up_proj.weight
tune roberta.encoder.layer.5.output.ef_ffn_adapter.up_proj.bias
tune roberta.encoder.layer.6.attention.output.ef_attn_adapter.adapter_layer_norm_before.weight
tune roberta.encoder.layer.6.attention.output.ef_attn_adapter.adapter_layer_norm_before.bias
tune roberta.encoder.layer.6.attention.output.ef_attn_adapter.down_proj.weight
tune roberta.encoder.layer.6.attention.output.ef_attn_adapter.down_proj.bias
tune roberta.encoder.layer.6.attention.output.ef_attn_adapter.up_proj.weight
tune roberta.encoder.layer.6.attention.output.ef_attn_adapter.up_proj.bias
tune roberta.encoder.layer.6.output.ef_ffn_adapter.down_proj.weight
tune roberta.encoder.layer.6.output.ef_ffn_adapter.down_proj.bias
tune roberta.encoder.layer.6.output.ef_ffn_adapter.up_proj.weight
tune roberta.encoder.layer.6.output.ef_ffn_adapter.up_proj.bias
tune roberta.encoder.layer.7.attention.output.ef_attn_adapter.adapter_layer_norm_before.weight
tune roberta.encoder.layer.7.attention.output.ef_attn_adapter.adapter_layer_norm_before.bias
tune roberta.encoder.layer.7.attention.output.ef_attn_adapter.down_proj.weight
tune roberta.encoder.layer.7.attention.output.ef_attn_adapter.down_proj.bias
tune roberta.encoder.layer.7.attention.output.ef_attn_adapter.up_proj.weight
tune roberta.encoder.layer.7.attention.output.ef_attn_adapter.up_proj.bias
tune roberta.encoder.layer.7.output.ef_ffn_adapter.down_proj.weight
tune roberta.encoder.layer.7.output.ef_ffn_adapter.down_proj.bias
tune roberta.encoder.layer.7.output.ef_ffn_adapter.up_proj.weight
tune roberta.encoder.layer.7.output.ef_ffn_adapter.up_proj.bias
tune roberta.encoder.layer.8.attention.output.ef_attn_adapter.adapter_layer_norm_before.weight
tune roberta.encoder.layer.8.attention.output.ef_attn_adapter.adapter_layer_norm_before.bias
tune roberta.encoder.layer.8.attention.output.ef_attn_adapter.down_proj.weight
tune roberta.encoder.layer.8.attention.output.ef_attn_adapter.down_proj.bias
tune roberta.encoder.layer.8.attention.output.ef_attn_adapter.up_proj.weight
tune roberta.encoder.layer.8.attention.output.ef_attn_adapter.up_proj.bias
tune roberta.encoder.layer.8.output.ef_ffn_adapter.down_proj.weight
tune roberta.encoder.layer.8.output.ef_ffn_adapter.down_proj.bias
tune roberta.encoder.layer.8.output.ef_ffn_adapter.up_proj.weight
tune roberta.encoder.layer.8.output.ef_ffn_adapter.up_proj.bias
tune roberta.encoder.layer.9.attention.output.ef_attn_adapter.adapter_layer_norm_before.weight
tune roberta.encoder.layer.9.attention.output.ef_attn_adapter.adapter_layer_norm_before.bias
tune roberta.encoder.layer.9.attention.output.ef_attn_adapter.down_proj.weight
tune roberta.encoder.layer.9.attention.output.ef_attn_adapter.down_proj.bias
tune roberta.encoder.layer.9.attention.output.ef_attn_adapter.up_proj.weight
tune roberta.encoder.layer.9.attention.output.ef_attn_adapter.up_proj.bias
tune roberta.encoder.layer.9.output.ef_ffn_adapter.down_proj.weight
tune roberta.encoder.layer.9.output.ef_ffn_adapter.down_proj.bias
tune roberta.encoder.layer.9.output.ef_ffn_adapter.up_proj.weight
tune roberta.encoder.layer.9.output.ef_ffn_adapter.up_proj.bias
tune roberta.encoder.layer.10.attention.output.ef_attn_adapter.adapter_layer_norm_before.weight
tune roberta.encoder.layer.10.attention.output.ef_attn_adapter.adapter_layer_norm_before.bias
tune roberta.encoder.layer.10.attention.output.ef_attn_adapter.down_proj.weight
tune roberta.encoder.layer.10.attention.output.ef_attn_adapter.down_proj.bias
tune roberta.encoder.layer.10.attention.output.ef_attn_adapter.up_proj.weight
tune roberta.encoder.layer.10.attention.output.ef_attn_adapter.up_proj.bias
tune roberta.encoder.layer.10.output.ef_ffn_adapter.down_proj.weight
tune roberta.encoder.layer.10.output.ef_ffn_adapter.down_proj.bias
tune roberta.encoder.layer.10.output.ef_ffn_adapter.up_proj.weight
tune roberta.encoder.layer.10.output.ef_ffn_adapter.up_proj.bias
tune roberta.encoder.layer.11.attention.output.ef_attn_adapter.adapter_layer_norm_before.weight
tune roberta.encoder.layer.11.attention.output.ef_attn_adapter.adapter_layer_norm_before.bias
tune roberta.encoder.layer.11.attention.output.ef_attn_adapter.down_proj.weight
tune roberta.encoder.layer.11.attention.output.ef_attn_adapter.down_proj.bias
tune roberta.encoder.layer.11.attention.output.ef_attn_adapter.up_proj.weight
tune roberta.encoder.layer.11.attention.output.ef_attn_adapter.up_proj.bias
tune roberta.encoder.layer.11.output.ef_ffn_adapter.down_proj.weight
tune roberta.encoder.layer.11.output.ef_ffn_adapter.down_proj.bias
tune roberta.encoder.layer.11.output.ef_ffn_adapter.up_proj.weight
tune roberta.encoder.layer.11.output.ef_ffn_adapter.up_proj.bias
10/04/2026 14:47:16 - WARNING - datasets.fingerprint -   Parameter 'function'=<function main.<locals>.preprocess_function at 0x7f72979210d0> of the transform datasets.arrow_dataset.Dataset._map_single couldn't be hashed properly, a random hash was used instead. Make sure your transforms and parameters are serializable with pickle or dill for the dataset fingerprinting and caching to work. If you reuse this transform, the caching mechanism will consider it to be different from the previous calls and recompute everything. This warning is only showed once. Subsequent hashing failures won't be showed.
10/04/2026 14:47:16 - WARNING - datasets.arrow_dataset -   Loading cached processed dataset at checkpoints/hf_model/glue/mnli/1.0.0/dacbe3125aa31d7f70367a07a8a9e72a5a0bfeb5fc42e75c9db75b96da6053ad/cache-1c80317fa3b1799d.arrow
10/04/2026 14:47:17 - WARNING - datasets.arrow_dataset -   Loading cached processed dataset at checkpoints/hf_model/glue/mnli/1.0.0/dacbe3125aa31d7f70367a07a8a9e72a5a0bfeb5fc42e75c9db75b96da6053ad/cache-bdd640fb06671ad1.arrow
10/04/2026 14:47:17 - WARNING - datasets.arrow_dataset -   Loading cached processed dataset at checkpoints/hf_model/glue/mnli/1.0.0/dacbe3125aa31d7f70367a07a8a9e72a5a0bfeb5fc42e75c9db75b96da6053ad/cache-3eb13b9046685257.arrow
10/04/2026 14:47:17 - WARNING - datasets.arrow_dataset -   Loading cached processed dataset at checkpoints/hf_model/glue/mnli/1.0.0/dacbe3125aa31d7f70367a07a8a9e72a5a0bfeb5fc42e75c9db75b96da6053ad/cache-23b8c1e9392456de.arrow
10/04/2026 14:47:17 - WARNING - datasets.arrow_dataset -   Loading cached processed dataset at checkpoints/hf_model/glue/mnli/1.0.0/dacbe3125aa31d7f70367a07a8a9e72a5a0bfeb5fc42e75c9db75b96da6053ad/cache-1a3d1fa7bc8960a9.arrow
10/04/2026 14:47:17 - INFO - __main__ -   Sample 354785 of the training set: {'attention_mask': [1, 1, 1, 1, 1, 1, 1, 1, 1, 1, 1, 1, 1, 1, 1, 1, 1, 1, 1, 1, 1, 1, 1, 1, 1, 1, 1, 1, 1, 1, 1, 1, 1, 1, 1, 1, 1, 1, 1, 1, 1, 1, 1, 1], 'hypothesis': 'The small town had little more that one street that was bordered by shops, houses and a train station.', 'idx': 354785, 'input_ids': [0, 133, 1139, 21, 410, 55, 87, 10, 881, 1049, 2014, 6, 741, 24932, 30, 6464, 8, 3960, 4, 2, 2, 133, 650, 1139, 56, 410, 55, 14, 65, 2014, 14, 21, 741, 24932, 30, 6464, 6, 3960, 8, 10, 2341, 1992, 4, 2], 'label': 1, 'premise': 'The town was little more than a single main street, bordered by shops and houses.'}.
10/04/2026 14:47:17 - INFO - __main__ -   Sample 388323 of the training set: {'attention_mask': [1, 1, 1, 1, 1, 1, 1, 1, 1, 1, 1, 1, 1, 1, 1, 1, 1, 1, 1, 1, 1, 1, 1, 1, 1, 1, 1, 1, 1, 1, 1, 1, 1, 1, 1, 1, 1, 1, 1, 1, 1, 1, 1, 1, 1, 1, 1, 1, 1, 1, 1, 1], 'hypothesis': 'Gisleburtus destroyed the tympanum of Jesus.', 'idx': 388323, 'input_ids': [0, 45943, 5772, 108, 1730, 16, 10, 5862, 11, 116, 5514, 25120, 14, 3649, 14, 5, 13152, 6195, 260, 783, 21, 5, 173, 9, 65, 313, 6, 272, 20491, 6747, 687, 36, 38981, 6747, 322, 2, 2, 534, 20491, 428, 7363, 687, 4957, 5, 13152, 6195, 260, 783, 9, 5772, 4, 2], 'label': 2, 'premise': "Below Jesus' feet is a Latin in?\xadscription that suggests that the tympanum was the work of one man, Gislebertus (Gilbert)."}.
10/04/2026 14:47:17 - INFO - __main__ -   Sample 285929 of the training set: {'attention_mask': [1, 1, 1, 1, 1, 1, 1, 1, 1, 1, 1, 1, 1, 1, 1, 1, 1, 1, 1, 1, 1, 1, 1, 1, 1, 1, 1, 1, 1, 1, 1, 1, 1, 1, 1, 1, 1, 1, 1, 1, 1, 1, 1, 1, 1, 1, 1, 1, 1, 1, 1, 1, 1, 1, 1, 1, 1, 1, 1, 1, 1, 1, 1, 1, 1, 1, 1, 1, 1, 1, 1, 1, 1, 1, 1, 1, 1, 1, 1, 1, 1, 1, 1, 1, 1, 1, 1, 1, 1, 1, 1, 1, 1, 1, 1, 1, 1, 1, 1, 1, 1, 1, 1, 1, 1, 1, 1, 1, 1, 1, 1, 1, 1, 1, 1, 1], 'hypothesis': "Critics appreciated the book of the scientist Richard Rhodes, which succeeded in explaining very carefully the mad-cow disease and other digressions, but it hasn't won any prize yet.", 'idx': 285929, 'input_ids': [0, 250, 750, 9, 7758, 12, 31645, 2199, 30, 3142, 2866, 3331, 2431, 16635, 36, 20, 11102, 9, 5, 30169, 14521, 32801, 11943, 8249, 16635, 108, 44876, 22907, 14086, 9, 2632, 12987, 27895, 25, 157, 25, 39, 1186, 5579, 627, 1040, 1171, 8512, 5224, 2485, 15, 559, 8, 17205, 12049, 8, 10, 2810, 15, 5, 4220, 3817, 10, 12821, 9421, 12, 5189, 3827, 15, 5, 2199, 54, 682, 4407, 2181, 7, 13200, 24472, 10, 410, 2143, 4, 2, 2, 47312, 10874, 5, 1040, 9, 5, 9744, 2431, 16635, 6, 61, 13227, 11, 8926, 182, 7015, 5, 7758, 12, 31645, 2199, 8, 97, 8512, 5224, 2485, 6, 53, 24, 2282, 75, 351, 143, 4588, 648, 4, 2], 'label': 1, 'premise': "A history of mad-cow disease by veteran science writer Richard Rhodes ( The Making of the Atomic Bomb ). Critics praise Rhodes' lucid explication of complex virology as well as his range--the book includes digressions on political and literary themes and a section on the scandal surrounding a Nobel Prize-winning expert on the disease who recently pleaded guilty to molesting a little boy."}.
[INFO|trainer.py:420] 2026-10-04 14:47:18,069 >> Using amp fp16 backend
/work/unify-parameter-efficient-tuning/src/transformers/trainer.py:430: FutureWarning: `torch.cuda.amp.GradScaler(args...)` is deprecated. Please use `torch.amp.GradScaler('cuda', args...)` instead.
  self.scaler = torch.cuda.amp.GradScaler()
[INFO|trainer.py:520] 2026-10-04 14:47:18,069 >> The following columns in the training set  don't have a corresponding argument in `PETLEncModel.forward` and have been ignored: idx, premise, hypothesis.
[INFO|trainer.py:1183] 2026-10-04 14:47:18,790 >> ***** Running training *****
[INFO|trainer.py:1184] 2026-10-04 14:47:18,790 >>   Num examples = 392702
[INFO|trainer.py:1185] 2026-10-04 14:47:18,790 >>   Num Epochs = 10
[INFO|trainer.py:1186] 2026-10-04 14:47:18,790 >>   Instantaneous batch size per device = 32
[INFO|trainer.py:1187] 2026-10-04 14:47:18,790 >>   Total train batch size (w. parallel, distributed & accumulation) = 32
[INFO|trainer.py:1188] 2026-10-04 14:47:18,790 >>   Gradient Accumulation steps = 1
[INFO|trainer.py:1189] 2026-10-04 14:47:18,790 >>   Total optimization steps = 122720
/work/unify-parameter-efficient-tuning/src/transformers/trainer.py:1784: FutureWarning: `torch.cuda.amp.autocast(args...)` is deprecated. Please use `torch.amp.autocast('cuda', args...)` instead.
  with autocast():
{'loss': 1.1013, 'learning_rate': 6.789788158609453e-07, 'epoch': 0.0}
{'loss': 1.1111, 'learning_rate': 1.3579576317218905e-06, 'epoch': 0.01}
{'loss': 1.1114, 'learning_rate': 2.0369364475828354e-06, 'epoch': 0.01}
{'loss': 1.1077, 'learning_rate': 2.715915263443781e-06, 'epoch': 0.02}
{'loss': 1.1037, 'learning_rate': 3.3948940793047257e-06, 'epoch': 0.02}
{'loss': 1.1099, 'learning_rate': 4.073872895165671e-06, 'epoch': 0.02}
{'loss': 1.1083, 'learning_rate': 4.752851711026616e-06, 'epoch': 0.03}
{'loss': 1.1102, 'learning_rate': 5.4182509505703425e-06, 'epoch': 0.03}
{'loss': 1.1091, 'learning_rate': 6.097229766431288e-06, 'epoch': 0.04}
{'loss': 1.1069, 'learning_rate': 6.776208582292233e-06, 'epoch': 0.04}
{'loss': 1.1009, 'learning_rate': 7.455187398153178e-06, 'epoch': 0.04}
{'loss': 1.1041, 'learning_rate': 8.134166214014124e-06, 'epoch': 0.05}
{'loss': 1.1029, 'learning_rate': 8.813145029875067e-06, 'epoch': 0.05}
{'loss': 1.1018, 'learning_rate': 9.492123845736012e-06, 'epoch': 0.06}
{'loss': 1.1076, 'learning_rate': 1.0171102661596958e-05, 'epoch': 0.06}
{'loss': 1.1014, 'learning_rate': 1.0850081477457903e-05, 'epoch': 0.07}
{'loss': 1.1023, 'learning_rate': 1.152906029331885e-05, 'epoch': 0.07}
{'loss': 1.1016, 'learning_rate': 1.2208039109179795e-05, 'epoch': 0.07}
{'loss': 1.1009, 'learning_rate': 1.288701792504074e-05, 'epoch': 0.08}
{'loss': 1.1034, 'learning_rate': 1.3565996740901685e-05, 'epoch': 0.08}
{'loss': 1.1027, 'learning_rate': 1.424497555676263e-05, 'epoch': 0.09}
{'loss': 1.1047, 'learning_rate': 1.4923954372623575e-05, 'epoch': 0.09}
{'loss': 1.1005, 'learning_rate': 1.560293318848452e-05, 'epoch': 0.09}
{'loss': 1.0985, 'learning_rate': 1.6281912004345466e-05, 'epoch': 0.1}
{'loss': 1.1019, 'learning_rate': 1.696089082020641e-05, 'epoch': 0.1}
{'loss': 1.1053, 'learning_rate': 1.7639869636067356e-05, 'epoch': 0.11}
{'loss': 1.0985, 'learning_rate': 1.83188484519283e-05, 'epoch': 0.11}
{'loss': 1.103, 'learning_rate': 1.8997827267789246e-05, 'epoch': 0.11}
{'loss': 1.098, 'learning_rate': 1.967680608365019e-05, 'epoch': 0.12}
{'loss': 1.1004, 'learning_rate': 2.0355784899511136e-05, 'epoch': 0.12}
{'loss': 1.0994, 'learning_rate': 2.103476371537208e-05, 'epoch': 0.13}
{'loss': 1.0955, 'learning_rate': 2.1713742531233027e-05, 'epoch': 0.13}
{'loss': 1.0942, 'learning_rate': 2.2392721347093974e-05, 'epoch': 0.13}
{'loss': 1.0945, 'learning_rate': 2.3071700162954917e-05, 'epoch': 0.14}
{'loss': 1.0958, 'learning_rate': 2.3750678978815864e-05, 'epoch': 0.14}
{'loss': 1.0951, 'learning_rate': 2.4429657794676807e-05, 'epoch': 0.15}
{'loss': 1.0879, 'learning_rate': 2.5095057034220533e-05, 'epoch': 0.15}
{'loss': 1.0795, 'learning_rate': 2.577403585008148e-05, 'epoch': 0.15}
{'loss': 1.0539, 'learning_rate': 2.6453014665942423e-05, 'epoch': 0.16}
{'loss': 1.0322, 'learning_rate': 2.713199348180337e-05, 'epoch': 0.16}
{'loss': 1.019, 'learning_rate': 2.781097229766431e-05, 'epoch': 0.17}
{'loss': 1.0029, 'learning_rate': 2.848995111352526e-05, 'epoch': 0.17}
{'loss': 0.9857, 'learning_rate': 2.9168929929386207e-05, 'epoch': 0.18}
{'loss': 0.9608, 'learning_rate': 2.984790874524715e-05, 'epoch': 0.18}
{'loss': 0.9706, 'learning_rate': 3.05268875611081e-05, 'epoch': 0.18}
{'loss': 0.9512, 'learning_rate': 3.120586637696904e-05, 'epoch': 0.19}
{'loss': 0.9275, 'learning_rate': 3.1884845192829984e-05, 'epoch': 0.19}
{'loss': 0.9276, 'learning_rate': 3.256382400869093e-05, 'epoch': 0.2}
{'loss': 0.9058, 'learning_rate': 3.324280282455188e-05, 'epoch': 0.2}
{'loss': 0.9112, 'learning_rate': 3.392178164041282e-05, 'epoch': 0.2}
{'loss': 0.8915, 'learning_rate': 3.4600760456273765e-05, 'epoch': 0.21}
{'loss': 0.8769, 'learning_rate': 3.527973927213471e-05, 'epoch': 0.21}
{'loss': 0.8831, 'learning_rate': 3.595871808799566e-05, 'epoch': 0.22}
{'loss': 0.8603, 'learning_rate': 3.66376969038566e-05, 'epoch': 0.22}
{'loss': 0.8449, 'learning_rate': 3.7316675719717546e-05, 'epoch': 0.22}
{'loss': 0.8208, 'learning_rate': 3.799565453557849e-05, 'epoch': 0.23}
{'loss': 0.8012, 'learning_rate': 3.867463335143944e-05, 'epoch': 0.23}
{'loss': 0.7714, 'learning_rate': 3.935361216730038e-05, 'epoch': 0.24}
{'loss': 0.7349, 'learning_rate': 4.0032590983161326e-05, 'epoch': 0.24}
{'loss': 0.7041, 'learning_rate': 4.071156979902227e-05, 'epoch': 0.24}
{'loss': 0.7149, 'learning_rate': 4.139054861488322e-05, 'epoch': 0.25}
{'loss': 0.7118, 'learning_rate': 4.206952743074416e-05, 'epoch': 0.25}
{'loss': 0.6896, 'learning_rate': 4.274850624660511e-05, 'epoch': 0.26}
{'loss': 0.7198, 'learning_rate': 4.3427485062466054e-05, 'epoch': 0.26}
{'loss': 0.6787, 'learning_rate': 4.4106463878327e-05, 'epoch': 0.26}
{'loss': 0.7068, 'learning_rate': 4.478544269418795e-05, 'epoch': 0.27}
{'loss': 0.6759, 'learning_rate': 4.546442151004889e-05, 'epoch': 0.27}
{'loss': 0.6801, 'learning_rate': 4.6143400325909834e-05, 'epoch': 0.28}
{'loss': 0.6843, 'learning_rate': 4.682237914177078e-05, 'epoch': 0.28}
{'loss': 0.6694, 'learning_rate': 4.750135795763173e-05, 'epoch': 0.29}
{'loss': 0.6579, 'learning_rate': 4.818033677349267e-05, 'epoch': 0.29}
{'loss': 0.7057, 'learning_rate': 4.8859315589353615e-05, 'epoch': 0.29}
{'loss': 0.6498, 'learning_rate': 4.9538294405214555e-05, 'epoch': 0.3}
{'loss': 0.6142, 'learning_rate': 5.02172732210755e-05, 'epoch': 0.3}
{'loss': 0.6391, 'learning_rate': 5.0896252036936455e-05, 'epoch': 0.31}
{'loss': 0.6691, 'learning_rate': 5.1575230852797395e-05, 'epoch': 0.31}
{'loss': 0.6061, 'learning_rate': 5.2254209668658335e-05, 'epoch': 0.31}
{'loss': 0.6441, 'learning_rate': 5.293318848451928e-05, 'epoch': 0.32}
{'loss': 0.6324, 'learning_rate': 5.3612167300380236e-05, 'epoch': 0.32}
{'loss': 0.6051, 'learning_rate': 5.4291146116241176e-05, 'epoch': 0.33}
{'loss': 0.5991, 'learning_rate': 5.4970124932102116e-05, 'epoch': 0.33}
{'loss': 0.6181, 'learning_rate': 5.564910374796307e-05, 'epoch': 0.33}
{'loss': 0.5914, 'learning_rate': 5.6328082563824016e-05, 'epoch': 0.34}
{'loss': 0.5954, 'learning_rate': 5.7007061379684956e-05, 'epoch': 0.34}
{'loss': 0.604, 'learning_rate': 5.7672460619228685e-05, 'epoch': 0.35}
{'loss': 0.6089, 'learning_rate': 5.8351439435089625e-05, 'epoch': 0.35}
{'loss': 0.5984, 'learning_rate': 5.903041825095057e-05, 'epoch': 0.35}
{'loss': 0.5852, 'learning_rate': 5.9709397066811526e-05, 'epoch': 0.36}
{'loss': 0.6122, 'learning_rate': 6.0388375882672466e-05, 'epoch': 0.36}
{'loss': 0.5678, 'learning_rate': 6.10673546985334e-05, 'epoch': 0.37}
{'loss': 0.6012, 'learning_rate': 6.174633351439435e-05, 'epoch': 0.37}
{'loss': 0.6237, 'learning_rate': 6.24253123302553e-05, 'epoch': 0.37}
{'loss': 0.5653, 'learning_rate': 6.310429114611625e-05, 'epoch': 0.38}
{'loss': 0.5981, 'learning_rate': 6.37832699619772e-05, 'epoch': 0.38}
{'loss': 0.5812, 'learning_rate': 6.446224877783813e-05, 'epoch': 0.39}
{'loss': 0.5885, 'learning_rate': 6.514122759369909e-05, 'epoch': 0.39}
{'loss': 0.5475, 'learning_rate': 6.582020640956002e-05, 'epoch': 0.4}
{'loss': 0.5638, 'learning_rate': 6.649918522542097e-05, 'epoch': 0.4}
{'loss': 0.5807, 'learning_rate': 6.717816404128191e-05, 'epoch': 0.4}
{'loss': 0.5607, 'learning_rate': 6.785714285714286e-05, 'epoch': 0.41}
{'loss': 0.5594, 'learning_rate': 6.853612167300381e-05, 'epoch': 0.41}
{'loss': 0.5586, 'learning_rate': 6.921510048886475e-05, 'epoch': 0.42}
{'loss': 0.578, 'learning_rate': 6.98940793047257e-05, 'epoch': 0.42}
{'loss': 0.5891, 'learning_rate': 7.057305812058665e-05, 'epoch': 0.42}
{'loss': 0.5875, 'learning_rate': 7.125203693644758e-05, 'epoch': 0.43}
{'loss': 0.5485, 'learning_rate': 7.193101575230853e-05, 'epoch': 0.43}
{'loss': 0.5545, 'learning_rate': 7.260999456816948e-05, 'epoch': 0.44}
{'loss': 0.5597, 'learning_rate': 7.328897338403042e-05, 'epoch': 0.44}
{'loss': 0.5754, 'learning_rate': 7.396795219989137e-05, 'epoch': 0.44}
{'loss': 0.5534, 'learning_rate': 7.46469310157523e-05, 'epoch': 0.45}
{'loss': 0.5287, 'learning_rate': 7.532590983161326e-05, 'epoch': 0.45}
{'loss': 0.5624, 'learning_rate': 7.600488864747421e-05, 'epoch': 0.46}
{'loss': 0.5162, 'learning_rate': 7.668386746333514e-05, 'epoch': 0.46}
{'loss': 0.5395, 'learning_rate': 7.736284627919609e-05, 'epoch': 0.46}
{'loss': 0.5554, 'learning_rate': 7.804182509505704e-05, 'epoch': 0.47}
{'loss': 0.5483, 'learning_rate': 7.872080391091798e-05, 'epoch': 0.47}
{'loss': 0.5658, 'learning_rate': 7.939978272677893e-05, 'epoch': 0.48}
{'loss': 0.5426, 'learning_rate': 8.007876154263986e-05, 'epoch': 0.48}
{'loss': 0.5512, 'learning_rate': 8.075774035850082e-05, 'epoch': 0.48}
{'loss': 0.5378, 'learning_rate': 8.143671917436177e-05, 'epoch': 0.49}
{'loss': 0.5481, 'learning_rate': 8.21156979902227e-05, 'epoch': 0.49}
{'loss': 0.4941, 'learning_rate': 8.279467680608365e-05, 'epoch': 0.5}
{'loss': 0.5646, 'learning_rate': 8.34736556219446e-05, 'epoch': 0.5}
{'loss': 0.5497, 'learning_rate': 8.415263443780554e-05, 'epoch': 0.51}
{'loss': 0.5234, 'learning_rate': 8.483161325366649e-05, 'epoch': 0.51}
{'loss': 0.5552, 'learning_rate': 8.551059206952744e-05, 'epoch': 0.51}
{'loss': 0.5442, 'learning_rate': 8.618957088538838e-05, 'epoch': 0.52}
{'loss': 0.5296, 'learning_rate': 8.686854970124932e-05, 'epoch': 0.52}
{'loss': 0.5451, 'learning_rate': 8.754752851711026e-05, 'epoch': 0.53}
{'loss': 0.5511, 'learning_rate': 8.822650733297123e-05, 'epoch': 0.53}
{'loss': 0.5142, 'learning_rate': 8.890548614883216e-05, 'epoch': 0.53}
{'loss': 0.5445, 'learning_rate': 8.95844649646931e-05, 'epoch': 0.54}
{'loss': 0.562, 'learning_rate': 9.026344378055405e-05, 'epoch': 0.54}
{'loss': 0.5012, 'learning_rate': 9.0942422596415e-05, 'epoch': 0.55}
{'loss': 0.4841, 'learning_rate': 9.162140141227595e-05, 'epoch': 0.55}
{'loss': 0.5303, 'learning_rate': 9.230038022813688e-05, 'epoch': 0.55}
{'loss': 0.5088, 'learning_rate': 9.297935904399783e-05, 'epoch': 0.56}
{'loss': 0.5389, 'learning_rate': 9.365833785985879e-05, 'epoch': 0.56}
{'loss': 0.5367, 'learning_rate': 9.433731667571972e-05, 'epoch': 0.57}
{'loss': 0.5074, 'learning_rate': 9.500271591526346e-05, 'epoch': 0.57}
{'loss': 0.5023, 'learning_rate': 9.568169473112439e-05, 'epoch': 0.57}
{'loss': 0.5184, 'learning_rate': 9.636067354698534e-05, 'epoch': 0.58}
{'loss': 0.5208, 'learning_rate': 9.703965236284628e-05, 'epoch': 0.58}
{'loss': 0.4931, 'learning_rate': 9.771863117870723e-05, 'epoch': 0.59}
{'loss': 0.5071, 'learning_rate': 9.839760999456818e-05, 'epoch': 0.59}
{'loss': 0.5131, 'learning_rate': 9.907658881042911e-05, 'epoch': 0.59}
{'loss': 0.5343, 'learning_rate': 9.975556762629007e-05, 'epoch': 0.6}
{'loss': 0.5026, 'learning_rate': 9.997228752730677e-05, 'epoch': 0.6}
{'loss': 0.5457, 'learning_rate': 9.99289867887236e-05, 'epoch': 0.61}
{'loss': 0.532, 'learning_rate': 9.988568605014044e-05, 'epoch': 0.61}
{'loss': 0.5077, 'learning_rate': 9.984238531155728e-05, 'epoch': 0.62}
{'loss': 0.4925, 'learning_rate': 9.979908457297411e-05, 'epoch': 0.62}
{'loss': 0.4961, 'learning_rate': 9.975578383439093e-05, 'epoch': 0.62}
{'loss': 0.5117, 'learning_rate': 9.971248309580777e-05, 'epoch': 0.63}
{'loss': 0.5642, 'learning_rate': 9.96691823572246e-05, 'epoch': 0.63}
{'loss': 0.4996, 'learning_rate': 9.962588161864142e-05, 'epoch': 0.64}
{'loss': 0.5342, 'learning_rate': 9.958258088005826e-05, 'epoch': 0.64}
{'loss': 0.4885, 'learning_rate': 9.954014615624676e-05, 'epoch': 0.64}
{'loss': 0.5028, 'learning_rate': 9.949684541766358e-05, 'epoch': 0.65}
{'loss': 0.5244, 'learning_rate': 9.945354467908041e-05, 'epoch': 0.65}
{'loss': 0.4905, 'learning_rate': 9.941024394049725e-05, 'epoch': 0.66}
{'loss': 0.5289, 'learning_rate': 9.936694320191408e-05, 'epoch': 0.66}
{'loss': 0.5296, 'learning_rate': 9.932364246333092e-05, 'epoch': 0.66}
{'loss': 0.5165, 'learning_rate': 9.928034172474774e-05, 'epoch': 0.67}
{'loss': 0.497, 'learning_rate': 9.923704098616457e-05, 'epoch': 0.67}
{'loss': 0.5143, 'learning_rate': 9.919374024758141e-05, 'epoch': 0.68}
{'loss': 0.4844, 'learning_rate': 9.915043950899823e-05, 'epoch': 0.68}
{'loss': 0.4922, 'learning_rate': 9.910713877041507e-05, 'epoch': 0.68}
{'loss': 0.4919, 'learning_rate': 9.90638380318319e-05, 'epoch': 0.69}
{'loss': 0.4727, 'learning_rate': 9.902053729324872e-05, 'epoch': 0.69}
{'loss': 0.5129, 'learning_rate': 9.897723655466557e-05, 'epoch': 0.7}
{'loss': 0.5308, 'learning_rate': 9.893393581608239e-05, 'epoch': 0.7}
{'loss': 0.4927, 'learning_rate': 9.889063507749923e-05, 'epoch': 0.7}
{'loss': 0.4867, 'learning_rate': 9.884733433891606e-05, 'epoch': 0.71}
{'loss': 0.4859, 'learning_rate': 9.880403360033288e-05, 'epoch': 0.71}
{'loss': 0.4919, 'learning_rate': 9.876073286174972e-05, 'epoch': 0.72}
{'loss': 0.4938, 'learning_rate': 9.871743212316655e-05, 'epoch': 0.72}
{'loss': 0.4672, 'learning_rate': 9.867413138458337e-05, 'epoch': 0.73}
{'loss': 0.4842, 'learning_rate': 9.863083064600021e-05, 'epoch': 0.73}
{'loss': 0.462, 'learning_rate': 9.858752990741704e-05, 'epoch': 0.73}
{'loss': 0.4657, 'learning_rate': 9.854422916883388e-05, 'epoch': 0.74}
{'loss': 0.5069, 'learning_rate': 9.850092843025071e-05, 'epoch': 0.74}
{'loss': 0.464, 'learning_rate': 9.845762769166755e-05, 'epoch': 0.75}
{'loss': 0.4623, 'learning_rate': 9.841432695308437e-05, 'epoch': 0.75}
{'loss': 0.4864, 'learning_rate': 9.83710262145012e-05, 'epoch': 0.75}
{'loss': 0.5213, 'learning_rate': 9.832772547591802e-05, 'epoch': 0.76}
{'loss': 0.4917, 'learning_rate': 9.828442473733486e-05, 'epoch': 0.76}
{'loss': 0.5099, 'learning_rate': 9.824112399875169e-05, 'epoch': 0.77}
{'loss': 0.4752, 'learning_rate': 9.819782326016853e-05, 'epoch': 0.77}
{'loss': 0.5078, 'learning_rate': 9.815452252158536e-05, 'epoch': 0.77}
{'loss': 0.4584, 'learning_rate': 9.81112217830022e-05, 'epoch': 0.78}
{'loss': 0.5104, 'learning_rate': 9.806792104441902e-05, 'epoch': 0.78}
{'loss': 0.4848, 'learning_rate': 9.802462030583585e-05, 'epoch': 0.79}
{'loss': 0.4769, 'learning_rate': 9.798131956725269e-05, 'epoch': 0.79}
{'loss': 0.4842, 'learning_rate': 9.793801882866951e-05, 'epoch': 0.79}
{'loss': 0.4723, 'learning_rate': 9.789471809008634e-05, 'epoch': 0.8}
{'loss': 0.4649, 'learning_rate': 9.785141735150318e-05, 'epoch': 0.8}
{'loss': 0.4586, 'learning_rate': 9.780811661292001e-05, 'epoch': 0.81}
{'loss': 0.4681, 'learning_rate': 9.776481587433685e-05, 'epoch': 0.81}
{'loss': 0.4711, 'learning_rate': 9.772151513575367e-05, 'epoch': 0.81}
{'loss': 0.4566, 'learning_rate': 9.76782143971705e-05, 'epoch': 0.82}
{'loss': 0.497, 'learning_rate': 9.763491365858734e-05, 'epoch': 0.82}
{'loss': 0.5241, 'learning_rate': 9.759161292000416e-05, 'epoch': 0.83}
{'loss': 0.4753, 'learning_rate': 9.7548312181421e-05, 'epoch': 0.83}
{'loss': 0.4549, 'learning_rate': 9.750501144283783e-05, 'epoch': 0.84}
{'loss': 0.4825, 'learning_rate': 9.746171070425465e-05, 'epoch': 0.84}
{'loss': 0.4471, 'learning_rate': 9.74184099656715e-05, 'epoch': 0.84}
{'loss': 0.5109, 'learning_rate': 9.737510922708832e-05, 'epoch': 0.85}
{'loss': 0.4862, 'learning_rate': 9.733180848850516e-05, 'epoch': 0.85}
{'loss': 0.4882, 'learning_rate': 9.728850774992199e-05, 'epoch': 0.86}
{'loss': 0.4696, 'learning_rate': 9.724520701133881e-05, 'epoch': 0.86}
{'loss': 0.4952, 'learning_rate': 9.720190627275565e-05, 'epoch': 0.86}
{'loss': 0.4558, 'learning_rate': 9.715860553417248e-05, 'epoch': 0.87}
{'loss': 0.508, 'learning_rate': 9.71153047955893e-05, 'epoch': 0.87}
{'loss': 0.4325, 'learning_rate': 9.707200405700614e-05, 'epoch': 0.88}
{'loss': 0.4672, 'learning_rate': 9.702870331842297e-05, 'epoch': 0.88}
{'loss': 0.4955, 'learning_rate': 9.69854025798398e-05, 'epoch': 0.88}
{'loss': 0.5085, 'learning_rate': 9.694210184125664e-05, 'epoch': 0.89}
{'loss': 0.491, 'learning_rate': 9.689880110267348e-05, 'epoch': 0.89}
{'loss': 0.4827, 'learning_rate': 9.68555003640903e-05, 'epoch': 0.9}
{'loss': 0.45, 'learning_rate': 9.681219962550713e-05, 'epoch': 0.9}
{'loss': 0.461, 'learning_rate': 9.676889888692395e-05, 'epoch': 0.9}
{'loss': 0.4754, 'learning_rate': 9.672559814834079e-05, 'epoch': 0.91}
{'loss': 0.4766, 'learning_rate': 9.668229740975762e-05, 'epoch': 0.91}
{'loss': 0.4949, 'learning_rate': 9.663899667117446e-05, 'epoch': 0.92}
{'loss': 0.4663, 'learning_rate': 9.659569593259129e-05, 'epoch': 0.92}
{'loss': 0.4955, 'learning_rate': 9.655239519400813e-05, 'epoch': 0.92}
{'loss': 0.4798, 'learning_rate': 9.650909445542495e-05, 'epoch': 0.93}
{'loss': 0.4536, 'learning_rate': 9.646579371684178e-05, 'epoch': 0.93}
{'loss': 0.4687, 'learning_rate': 9.642249297825862e-05, 'epoch': 0.94}
{'loss': 0.4868, 'learning_rate': 9.637919223967544e-05, 'epoch': 0.94}
{'loss': 0.4954, 'learning_rate': 9.633589150109227e-05, 'epoch': 0.95}
{'loss': 0.4283, 'learning_rate': 9.629259076250911e-05, 'epoch': 0.95}
{'loss': 0.4412, 'learning_rate': 9.624929002392594e-05, 'epoch': 0.95}
{'loss': 0.4751, 'learning_rate': 9.620598928534278e-05, 'epoch': 0.96}
{'loss': 0.4623, 'learning_rate': 9.61626885467596e-05, 'epoch': 0.96}
{'loss': 0.4709, 'learning_rate': 9.611938780817643e-05, 'epoch': 0.97}
{'loss': 0.476, 'learning_rate': 9.607608706959327e-05, 'epoch': 0.97}
{'loss': 0.4636, 'learning_rate': 9.603278633101009e-05, 'epoch': 0.97}
{'loss': 0.4999, 'learning_rate': 9.599035160719859e-05, 'epoch': 0.98}
{'loss': 0.4834, 'learning_rate': 9.594705086861543e-05, 'epoch': 0.98}
{'loss': 0.4979, 'learning_rate': 9.590375013003225e-05, 'epoch': 0.99}
{'loss': 0.4511, 'learning_rate': 9.586044939144908e-05, 'epoch': 0.99}
{'loss': 0.4357, 'learning_rate': 9.58171486528659e-05, 'epoch': 0.99}
{'loss': 0.4989, 'learning_rate': 9.577384791428275e-05, 'epoch': 1.0}
[INFO|trainer.py:520] 2026-10-04 14:53:37,398 >> The following columns in the evaluation set  don't have a corresponding argument in `PETLEncModel.forward` and have been ignored: idx, premise, hypothesis.
[INFO|trainer.py:2179] 2026-10-04 14:53:37,401 >> ***** Running Evaluation *****
[INFO|trainer.py:2181] 2026-10-04 14:53:37,401 >>   Num examples = 9815
[INFO|trainer.py:2184] 2026-10-04 14:53:37,401 >>   Batch size = 32
{'eval_loss': 0.4077853262424469, 'eval_accuracy': 0.8428935303107489, 'eval_runtime': 12.2451, 'eval_samples_per_second': 801.547, 'eval_steps_per_second': 25.071, 'epoch': 1.0}
[INFO|trainer.py:1933] 2026-10-04 14:53:49,647 >> Saving model checkpoint to checkpoints/glue/mnli/20261004/glue.mnli.adapter.am_adapter.ao_sequential.fm_adapter.fo_sequential.abn.fbn.ac_add.fl_none.finit_bert.fs_1.unfrz_ef_.ne10.warm0.06.wd0.1.seed42./checkpoint-12272
[INFO|configuration_utils.py:364] 2026-10-04 14:53:49,648 >> Configuration saved in checkpoints/glue/mnli/20261004/glue.mnli.adapter.am_adapter.ao_sequential.fm_adapter.fo_sequential.abn.fbn.ac_add.fl_none.finit_bert.fs_1.unfrz_ef_.ne10.warm0.06.wd0.1.seed42./checkpoint-12272/config.json
[INFO|modeling_utils.py:898] 2026-10-04 14:53:49,970 >> Model weights saved in checkpoints/glue/mnli/20261004/glue.mnli.adapter.am_adapter.ao_sequential.fm_adapter.fo_sequential.abn.fbn.ac_add.fl_none.finit_bert.fs_1.unfrz_ef_.ne10.warm0.06.wd0.1.seed42./checkpoint-12272/pytorch_model.bin
[INFO|tokenization_utils_base.py:1948] 2026-10-04 14:53:49,971 >> tokenizer config file saved in checkpoints/glue/mnli/20261004/glue.mnli.adapter.am_adapter.ao_sequential.fm_adapter.fo_sequential.abn.fbn.ac_add.fl_none.finit_bert.fs_1.unfrz_ef_.ne10.warm0.06.wd0.1.seed42./checkpoint-12272/tokenizer_config.json
[INFO|tokenization_utils_base.py:1954] 2026-10-04 14:53:49,972 >> Special tokens file saved in checkpoints/glue/mnli/20261004/glue.mnli.adapter.am_adapter.ao_sequential.fm_adapter.fo_sequential.abn.fbn.ac_add.fl_none.finit_bert.fs_1.unfrz_ef_.ne10.warm0.06.wd0.1.seed42./checkpoint-12272/special_tokens_map.json
/work/unify-parameter-efficient-tuning/src/transformers/trainer.py:1784: FutureWarning: `torch.cuda.amp.autocast(args...)` is deprecated. Please use `torch.amp.autocast('cuda', args...)` instead.
  with autocast():
{'loss': 0.4731, 'learning_rate': 9.573054717569959e-05, 'epoch': 1.0}
{'loss': 0.4739, 'learning_rate': 9.568724643711641e-05, 'epoch': 1.01}
{'loss': 0.4644, 'learning_rate': 9.564394569853324e-05, 'epoch': 1.01}
{'loss': 0.4481, 'learning_rate': 9.560064495995008e-05, 'epoch': 1.01}
{'loss': 0.438, 'learning_rate': 9.55573442213669e-05, 'epoch': 1.02}
{'loss': 0.4974, 'learning_rate': 9.551404348278373e-05, 'epoch': 1.02}
{'loss': 0.4728, 'learning_rate': 9.547074274420057e-05, 'epoch': 1.03}
{'loss': 0.4576, 'learning_rate': 9.542744200561739e-05, 'epoch': 1.03}
{'loss': 0.4798, 'learning_rate': 9.538414126703422e-05, 'epoch': 1.03}
{'loss': 0.4628, 'learning_rate': 9.534170654322273e-05, 'epoch': 1.04}
{'loss': 0.4732, 'learning_rate': 9.529840580463955e-05, 'epoch': 1.04}
{'loss': 0.4645, 'learning_rate': 9.525510506605638e-05, 'epoch': 1.05}
{'loss': 0.4368, 'learning_rate': 9.521180432747322e-05, 'epoch': 1.05}
{'loss': 0.4431, 'learning_rate': 9.516850358889005e-05, 'epoch': 1.06}
{'loss': 0.4612, 'learning_rate': 9.512520285030689e-05, 'epoch': 1.06}
{'loss': 0.4681, 'learning_rate': 9.508190211172371e-05, 'epoch': 1.06}
{'loss': 0.4387, 'learning_rate': 9.503860137314054e-05, 'epoch': 1.07}
{'loss': 0.4655, 'learning_rate': 9.499530063455738e-05, 'epoch': 1.07}
{'loss': 0.4924, 'learning_rate': 9.49519998959742e-05, 'epoch': 1.08}
{'loss': 0.4329, 'learning_rate': 9.490869915739103e-05, 'epoch': 1.08}
{'loss': 0.4362, 'learning_rate': 9.486539841880787e-05, 'epoch': 1.08}
{'loss': 0.4514, 'learning_rate': 9.48220976802247e-05, 'epoch': 1.09}
{'loss': 0.4629, 'learning_rate': 9.477879694164154e-05, 'epoch': 1.09}
{'loss': 0.4565, 'learning_rate': 9.473549620305837e-05, 'epoch': 1.1}
{'loss': 0.4513, 'learning_rate': 9.469219546447519e-05, 'epoch': 1.1}
{'loss': 0.4772, 'learning_rate': 9.464889472589203e-05, 'epoch': 1.1}
{'loss': 0.4515, 'learning_rate': 9.460559398730885e-05, 'epoch': 1.11}
{'loss': 0.4561, 'learning_rate': 9.456229324872568e-05, 'epoch': 1.11}
{'loss': 0.4592, 'learning_rate': 9.451899251014252e-05, 'epoch': 1.12}
{'loss': 0.4638, 'learning_rate': 9.447569177155935e-05, 'epoch': 1.12}
{'loss': 0.4322, 'learning_rate': 9.443239103297619e-05, 'epoch': 1.12}
{'loss': 0.4526, 'learning_rate': 9.438909029439302e-05, 'epoch': 1.13}
{'loss': 0.4332, 'learning_rate': 9.434578955580984e-05, 'epoch': 1.13}
{'loss': 0.4829, 'learning_rate': 9.430248881722668e-05, 'epoch': 1.14}
{'loss': 0.4521, 'learning_rate': 9.425918807864351e-05, 'epoch': 1.14}
{'loss': 0.4311, 'learning_rate': 9.421588734006033e-05, 'epoch': 1.14}
{'loss': 0.4392, 'learning_rate': 9.417258660147717e-05, 'epoch': 1.15}
{'loss': 0.4514, 'learning_rate': 9.412928586289399e-05, 'epoch': 1.15}
{'loss': 0.3971, 'learning_rate': 9.408598512431084e-05, 'epoch': 1.16}
{'loss': 0.4657, 'learning_rate': 9.404268438572767e-05, 'epoch': 1.16}
{'loss': 0.405, 'learning_rate': 9.39993836471445e-05, 'epoch': 1.17}
{'loss': 0.439, 'learning_rate': 9.395608290856133e-05, 'epoch': 1.17}
{'loss': 0.4689, 'learning_rate': 9.391278216997816e-05, 'epoch': 1.17}
{'loss': 0.475, 'learning_rate': 9.386948143139499e-05, 'epoch': 1.18}
{'loss': 0.4353, 'learning_rate': 9.382618069281182e-05, 'epoch': 1.18}
{'loss': 0.4796, 'learning_rate': 9.378287995422866e-05, 'epoch': 1.19}
{'loss': 0.4208, 'learning_rate': 9.373957921564548e-05, 'epoch': 1.19}
{'loss': 0.4396, 'learning_rate': 9.369627847706231e-05, 'epoch': 1.19}
{'loss': 0.4521, 'learning_rate': 9.365297773847916e-05, 'epoch': 1.2}
{'loss': 0.4506, 'learning_rate': 9.360967699989598e-05, 'epoch': 1.2}
{'loss': 0.4781, 'learning_rate': 9.356637626131282e-05, 'epoch': 1.21}
{'loss': 0.4533, 'learning_rate': 9.352307552272964e-05, 'epoch': 1.21}
{'loss': 0.4499, 'learning_rate': 9.348064079891814e-05, 'epoch': 1.21}
{'loss': 0.4407, 'learning_rate': 9.343734006033497e-05, 'epoch': 1.22}
{'loss': 0.4483, 'learning_rate': 9.33940393217518e-05, 'epoch': 1.22}
{'loss': 0.4485, 'learning_rate': 9.335073858316863e-05, 'epoch': 1.23}
{'loss': 0.433, 'learning_rate': 9.330743784458546e-05, 'epoch': 1.23}
{'loss': 0.4317, 'learning_rate': 9.326413710600229e-05, 'epoch': 1.23}
{'loss': 0.4471, 'learning_rate': 9.322083636741912e-05, 'epoch': 1.24}
{'loss': 0.429, 'learning_rate': 9.317753562883595e-05, 'epoch': 1.24}
{'loss': 0.4461, 'learning_rate': 9.313423489025279e-05, 'epoch': 1.25}
{'loss': 0.4465, 'learning_rate': 9.309093415166962e-05, 'epoch': 1.25}
{'loss': 0.4623, 'learning_rate': 9.304763341308646e-05, 'epoch': 1.25}
{'loss': 0.4388, 'learning_rate': 9.300433267450328e-05, 'epoch': 1.26}
{'loss': 0.4166, 'learning_rate': 9.296103193592012e-05, 'epoch': 1.26}
{'loss': 0.4652, 'learning_rate': 9.291773119733694e-05, 'epoch': 1.27}
{'loss': 0.4273, 'learning_rate': 9.287443045875377e-05, 'epoch': 1.27}
{'loss': 0.4314, 'learning_rate': 9.28311297201706e-05, 'epoch': 1.28}
{'loss': 0.4023, 'learning_rate': 9.278782898158744e-05, 'epoch': 1.28}
{'loss': 0.4431, 'learning_rate': 9.274452824300428e-05, 'epoch': 1.28}
{'loss': 0.4363, 'learning_rate': 9.270122750442111e-05, 'epoch': 1.29}
{'loss': 0.4369, 'learning_rate': 9.265792676583793e-05, 'epoch': 1.29}
{'loss': 0.4277, 'learning_rate': 9.261462602725477e-05, 'epoch': 1.3}
{'loss': 0.4144, 'learning_rate': 9.257132528867159e-05, 'epoch': 1.3}
{'loss': 0.4366, 'learning_rate': 9.252802455008842e-05, 'epoch': 1.3}
{'loss': 0.416, 'learning_rate': 9.248472381150526e-05, 'epoch': 1.31}
{'loss': 0.4565, 'learning_rate': 9.244142307292208e-05, 'epoch': 1.31}
{'loss': 0.4376, 'learning_rate': 9.239812233433893e-05, 'epoch': 1.32}
{'loss': 0.4642, 'learning_rate': 9.235482159575576e-05, 'epoch': 1.32}
{'loss': 0.4195, 'learning_rate': 9.231152085717258e-05, 'epoch': 1.32}
{'loss': 0.4409, 'learning_rate': 9.226822011858942e-05, 'epoch': 1.33}
{'loss': 0.4274, 'learning_rate': 9.222491938000625e-05, 'epoch': 1.33}
{'loss': 0.4259, 'learning_rate': 9.218161864142307e-05, 'epoch': 1.34}
{'loss': 0.4636, 'learning_rate': 9.213831790283991e-05, 'epoch': 1.34}
{'loss': 0.4485, 'learning_rate': 9.209501716425674e-05, 'epoch': 1.34}
{'loss': 0.4359, 'learning_rate': 9.205171642567356e-05, 'epoch': 1.35}
{'loss': 0.4699, 'learning_rate': 9.20084156870904e-05, 'epoch': 1.35}
{'loss': 0.4432, 'learning_rate': 9.196511494850725e-05, 'epoch': 1.36}
{'loss': 0.442, 'learning_rate': 9.192181420992407e-05, 'epoch': 1.36}
{'loss': 0.4514, 'learning_rate': 9.18785134713409e-05, 'epoch': 1.36}
{'loss': 0.4432, 'learning_rate': 9.183521273275772e-05, 'epoch': 1.37}
{'loss': 0.449, 'learning_rate': 9.179191199417456e-05, 'epoch': 1.37}
{'loss': 0.4073, 'learning_rate': 9.174947727036306e-05, 'epoch': 1.38}
{'loss': 0.4535, 'learning_rate': 9.170617653177988e-05, 'epoch': 1.38}
{'loss': 0.4502, 'learning_rate': 9.166287579319672e-05, 'epoch': 1.39}
{'loss': 0.4402, 'learning_rate': 9.161957505461355e-05, 'epoch': 1.39}
{'loss': 0.3972, 'learning_rate': 9.157627431603037e-05, 'epoch': 1.39}
{'loss': 0.4594, 'learning_rate': 9.153297357744721e-05, 'epoch': 1.4}
{'loss': 0.4479, 'learning_rate': 9.148967283886404e-05, 'epoch': 1.4}
{'loss': 0.4228, 'learning_rate': 9.144637210028088e-05, 'epoch': 1.41}
{'loss': 0.4441, 'learning_rate': 9.140307136169771e-05, 'epoch': 1.41}
{'loss': 0.4483, 'learning_rate': 9.135977062311453e-05, 'epoch': 1.41}
{'loss': 0.4267, 'learning_rate': 9.131646988453137e-05, 'epoch': 1.42}
{'loss': 0.4461, 'learning_rate': 9.12731691459482e-05, 'epoch': 1.42}
{'loss': 0.3968, 'learning_rate': 9.122986840736502e-05, 'epoch': 1.43}
{'loss': 0.4133, 'learning_rate': 9.118656766878186e-05, 'epoch': 1.43}
{'loss': 0.4396, 'learning_rate': 9.114326693019869e-05, 'epoch': 1.43}
{'loss': 0.4428, 'learning_rate': 9.109996619161553e-05, 'epoch': 1.44}
{'loss': 0.3906, 'learning_rate': 9.105666545303236e-05, 'epoch': 1.44}
{'loss': 0.4404, 'learning_rate': 9.101336471444918e-05, 'epoch': 1.45}
{'loss': 0.4471, 'learning_rate': 9.097006397586602e-05, 'epoch': 1.45}
{'loss': 0.4486, 'learning_rate': 9.092676323728285e-05, 'epoch': 1.45}
{'loss': 0.4078, 'learning_rate': 9.088346249869967e-05, 'epoch': 1.46}
{'loss': 0.4414, 'learning_rate': 9.084016176011651e-05, 'epoch': 1.46}
{'loss': 0.4447, 'learning_rate': 9.079686102153334e-05, 'epoch': 1.47}
{'loss': 0.4272, 'learning_rate': 9.075356028295018e-05, 'epoch': 1.47}
{'loss': 0.4524, 'learning_rate': 9.071025954436701e-05, 'epoch': 1.47}
{'loss': 0.4126, 'learning_rate': 9.066695880578385e-05, 'epoch': 1.48}
{'loss': 0.4216, 'learning_rate': 9.062365806720067e-05, 'epoch': 1.48}
{'loss': 0.4481, 'learning_rate': 9.05803573286175e-05, 'epoch': 1.49}
{'loss': 0.4131, 'learning_rate': 9.053705659003434e-05, 'epoch': 1.49}
{'loss': 0.4228, 'learning_rate': 9.049375585145116e-05, 'epoch': 1.5}
{'loss': 0.439, 'learning_rate': 9.0450455112868e-05, 'epoch': 1.5}
{'loss': 0.4514, 'learning_rate': 9.040715437428483e-05, 'epoch': 1.5}
{'loss': 0.4435, 'learning_rate': 9.036385363570165e-05, 'epoch': 1.51}
{'loss': 0.4439, 'learning_rate': 9.03205528971185e-05, 'epoch': 1.51}
{'loss': 0.4101, 'learning_rate': 9.027725215853532e-05, 'epoch': 1.52}
{'loss': 0.4295, 'learning_rate': 9.023395141995216e-05, 'epoch': 1.52}
{'loss': 0.4599, 'learning_rate': 9.019065068136899e-05, 'epoch': 1.52}
{'loss': 0.4315, 'learning_rate': 9.014734994278581e-05, 'epoch': 1.53}
{'loss': 0.4342, 'learning_rate': 9.010404920420265e-05, 'epoch': 1.53}
{'loss': 0.442, 'learning_rate': 9.006074846561948e-05, 'epoch': 1.54}
{'loss': 0.4228, 'learning_rate': 9.00174477270363e-05, 'epoch': 1.54}
{'loss': 0.4466, 'learning_rate': 8.997414698845314e-05, 'epoch': 1.54}
{'loss': 0.4244, 'learning_rate': 8.993084624986997e-05, 'epoch': 1.55}
{'loss': 0.4237, 'learning_rate': 8.98875455112868e-05, 'epoch': 1.55}
{'loss': 0.4184, 'learning_rate': 8.984424477270364e-05, 'epoch': 1.56}
{'loss': 0.4304, 'learning_rate': 8.980094403412046e-05, 'epoch': 1.56}
{'loss': 0.4411, 'learning_rate': 8.97576432955373e-05, 'epoch': 1.56}
{'loss': 0.4262, 'learning_rate': 8.971434255695413e-05, 'epoch': 1.57}
{'loss': 0.451, 'learning_rate': 8.967104181837095e-05, 'epoch': 1.57}
{'loss': 0.4542, 'learning_rate': 8.962774107978779e-05, 'epoch': 1.58}
{'loss': 0.4331, 'learning_rate': 8.958444034120462e-05, 'epoch': 1.58}
{'loss': 0.4778, 'learning_rate': 8.954113960262146e-05, 'epoch': 1.58}
{'loss': 0.4616, 'learning_rate': 8.949783886403829e-05, 'epoch': 1.59}
{'loss': 0.4414, 'learning_rate': 8.945453812545513e-05, 'epoch': 1.59}
{'loss': 0.4282, 'learning_rate': 8.941123738687195e-05, 'epoch': 1.6}
{'loss': 0.4265, 'learning_rate': 8.936793664828878e-05, 'epoch': 1.6}
{'loss': 0.4283, 'learning_rate': 8.932463590970562e-05, 'epoch': 1.61}
{'loss': 0.4226, 'learning_rate': 8.928133517112244e-05, 'epoch': 1.61}
{'loss': 0.4052, 'learning_rate': 8.923803443253927e-05, 'epoch': 1.61}
{'loss': 0.4352, 'learning_rate': 8.919473369395611e-05, 'epoch': 1.62}
{'loss': 0.4166, 'learning_rate': 8.915143295537294e-05, 'epoch': 1.62}
{'loss': 0.4444, 'learning_rate': 8.910813221678978e-05, 'epoch': 1.63}
{'loss': 0.4408, 'learning_rate': 8.90648314782066e-05, 'epoch': 1.63}
{'loss': 0.4064, 'learning_rate': 8.902153073962343e-05, 'epoch': 1.63}
{'loss': 0.4459, 'learning_rate': 8.897823000104027e-05, 'epoch': 1.64}
{'loss': 0.4506, 'learning_rate': 8.893492926245709e-05, 'epoch': 1.64}
{'loss': 0.4378, 'learning_rate': 8.889162852387392e-05, 'epoch': 1.65}
{'loss': 0.4071, 'learning_rate': 8.884919380006243e-05, 'epoch': 1.65}
{'loss': 0.4307, 'learning_rate': 8.880589306147925e-05, 'epoch': 1.65}
{'loss': 0.4332, 'learning_rate': 8.876259232289608e-05, 'epoch': 1.66}
{'loss': 0.4272, 'learning_rate': 8.87192915843129e-05, 'epoch': 1.66}
{'loss': 0.4207, 'learning_rate': 8.867599084572974e-05, 'epoch': 1.67}
{'loss': 0.4253, 'learning_rate': 8.863269010714659e-05, 'epoch': 1.67}
{'loss': 0.463, 'learning_rate': 8.858938936856341e-05, 'epoch': 1.67}
{'loss': 0.4173, 'learning_rate': 8.854608862998024e-05, 'epoch': 1.68}
{'loss': 0.4583, 'learning_rate': 8.850278789139708e-05, 'epoch': 1.68}
{'loss': 0.4323, 'learning_rate': 8.84594871528139e-05, 'epoch': 1.69}
{'loss': 0.4072, 'learning_rate': 8.841618641423073e-05, 'epoch': 1.69}
{'loss': 0.4426, 'learning_rate': 8.837288567564755e-05, 'epoch': 1.69}
{'loss': 0.3716, 'learning_rate': 8.832958493706439e-05, 'epoch': 1.7}
{'loss': 0.4152, 'learning_rate': 8.828628419848122e-05, 'epoch': 1.7}
{'loss': 0.4208, 'learning_rate': 8.824298345989806e-05, 'epoch': 1.71}
{'loss': 0.4386, 'learning_rate': 8.81996827213149e-05, 'epoch': 1.71}
{'loss': 0.4155, 'learning_rate': 8.815638198273173e-05, 'epoch': 1.72}
{'loss': 0.4528, 'learning_rate': 8.811308124414855e-05, 'epoch': 1.72}
{'loss': 0.4324, 'learning_rate': 8.806978050556538e-05, 'epoch': 1.72}
{'loss': 0.3918, 'learning_rate': 8.802647976698222e-05, 'epoch': 1.73}
{'loss': 0.4344, 'learning_rate': 8.798317902839904e-05, 'epoch': 1.73}
{'loss': 0.4414, 'learning_rate': 8.793987828981587e-05, 'epoch': 1.74}
{'loss': 0.4654, 'learning_rate': 8.789657755123271e-05, 'epoch': 1.74}
{'loss': 0.4292, 'learning_rate': 8.785327681264954e-05, 'epoch': 1.74}
{'loss': 0.4269, 'learning_rate': 8.780997607406638e-05, 'epoch': 1.75}
{'loss': 0.424, 'learning_rate': 8.776667533548321e-05, 'epoch': 1.75}
{'loss': 0.4384, 'learning_rate': 8.772337459690004e-05, 'epoch': 1.76}
{'loss': 0.4306, 'learning_rate': 8.768007385831687e-05, 'epoch': 1.76}
{'loss': 0.4311, 'learning_rate': 8.763677311973369e-05, 'epoch': 1.76}
{'loss': 0.4338, 'learning_rate': 8.759347238115053e-05, 'epoch': 1.77}
{'loss': 0.4373, 'learning_rate': 8.755017164256736e-05, 'epoch': 1.77}
{'loss': 0.4213, 'learning_rate': 8.75068709039842e-05, 'epoch': 1.78}
{'loss': 0.4428, 'learning_rate': 8.746357016540103e-05, 'epoch': 1.78}
{'loss': 0.4058, 'learning_rate': 8.742026942681785e-05, 'epoch': 1.78}
{'loss': 0.4312, 'learning_rate': 8.737696868823469e-05, 'epoch': 1.79}
{'loss': 0.4277, 'learning_rate': 8.733366794965152e-05, 'epoch': 1.79}
{'loss': 0.4587, 'learning_rate': 8.729036721106834e-05, 'epoch': 1.8}
{'loss': 0.4394, 'learning_rate': 8.724706647248518e-05, 'epoch': 1.8}
{'loss': 0.4417, 'learning_rate': 8.720376573390201e-05, 'epoch': 1.8}
{'loss': 0.4342, 'learning_rate': 8.716046499531883e-05, 'epoch': 1.81}
{'loss': 0.4103, 'learning_rate': 8.711716425673567e-05, 'epoch': 1.81}
{'loss': 0.4662, 'learning_rate': 8.707386351815252e-05, 'epoch': 1.82}
{'loss': 0.4084, 'learning_rate': 8.703056277956934e-05, 'epoch': 1.82}
{'loss': 0.4276, 'learning_rate': 8.698726204098617e-05, 'epoch': 1.83}
{'loss': 0.428, 'learning_rate': 8.6943961302403e-05, 'epoch': 1.83}
{'loss': 0.4176, 'learning_rate': 8.690066056381983e-05, 'epoch': 1.83}
{'loss': 0.4465, 'learning_rate': 8.685735982523666e-05, 'epoch': 1.84}
{'loss': 0.4515, 'learning_rate': 8.68140590866535e-05, 'epoch': 1.84}
{'loss': 0.4525, 'learning_rate': 8.677075834807032e-05, 'epoch': 1.85}
{'loss': 0.3847, 'learning_rate': 8.672745760948715e-05, 'epoch': 1.85}
{'loss': 0.4166, 'learning_rate': 8.668415687090399e-05, 'epoch': 1.85}
{'loss': 0.426, 'learning_rate': 8.664085613232082e-05, 'epoch': 1.86}
{'loss': 0.4888, 'learning_rate': 8.659755539373766e-05, 'epoch': 1.86}
{'loss': 0.4195, 'learning_rate': 8.655425465515449e-05, 'epoch': 1.87}
{'loss': 0.445, 'learning_rate': 8.651095391657131e-05, 'epoch': 1.87}
{'loss': 0.4277, 'learning_rate': 8.646765317798815e-05, 'epoch': 1.87}
{'loss': 0.4225, 'learning_rate': 8.642435243940497e-05, 'epoch': 1.88}
{'loss': 0.4374, 'learning_rate': 8.63810517008218e-05, 'epoch': 1.88}
{'loss': 0.4434, 'learning_rate': 8.633775096223864e-05, 'epoch': 1.89}
{'loss': 0.4027, 'learning_rate': 8.629445022365547e-05, 'epoch': 1.89}
{'loss': 0.4266, 'learning_rate': 8.625114948507231e-05, 'epoch': 1.89}
{'loss': 0.387, 'learning_rate': 8.620784874648913e-05, 'epoch': 1.9}
{'loss': 0.4245, 'learning_rate': 8.616454800790596e-05, 'epoch': 1.9}
{'loss': 0.4335, 'learning_rate': 8.61212472693228e-05, 'epoch': 1.91}
{'loss': 0.4168, 'learning_rate': 8.607794653073962e-05, 'epoch': 1.91}
{'loss': 0.4171, 'learning_rate': 8.603464579215646e-05, 'epoch': 1.91}
{'loss': 0.4649, 'learning_rate': 8.599134505357329e-05, 'epoch': 1.92}
{'loss': 0.4178, 'learning_rate': 8.594804431499012e-05, 'epoch': 1.92}
{'loss': 0.4016, 'learning_rate': 8.590474357640696e-05, 'epoch': 1.93}
{'loss': 0.4376, 'learning_rate': 8.58614428378238e-05, 'epoch': 1.93}
{'loss': 0.4359, 'learning_rate': 8.581814209924062e-05, 'epoch': 1.94}
{'loss': 0.447, 'learning_rate': 8.577484136065745e-05, 'epoch': 1.94}
{'loss': 0.428, 'learning_rate': 8.573154062207428e-05, 'epoch': 1.94}
{'loss': 0.4329, 'learning_rate': 8.56882398834911e-05, 'epoch': 1.95}
{'loss': 0.4096, 'learning_rate': 8.564493914490794e-05, 'epoch': 1.95}
{'loss': 0.3904, 'learning_rate': 8.560163840632478e-05, 'epoch': 1.96}
{'loss': 0.4062, 'learning_rate': 8.55583376677416e-05, 'epoch': 1.96}
{'loss': 0.4419, 'learning_rate': 8.551503692915845e-05, 'epoch': 1.96}
{'loss': 0.4164, 'learning_rate': 8.547260220534692e-05, 'epoch': 1.97}
{'loss': 0.4498, 'learning_rate': 8.542930146676375e-05, 'epoch': 1.97}
{'loss': 0.41, 'learning_rate': 8.53860007281806e-05, 'epoch': 1.98}
{'loss': 0.4514, 'learning_rate': 8.534269998959742e-05, 'epoch': 1.98}
{'loss': 0.4248, 'learning_rate': 8.529939925101426e-05, 'epoch': 1.98}
{'loss': 0.4661, 'learning_rate': 8.52560985124311e-05, 'epoch': 1.99}
{'loss': 0.4284, 'learning_rate': 8.521279777384792e-05, 'epoch': 1.99}
{'loss': 0.4407, 'learning_rate': 8.516949703526475e-05, 'epoch': 2.0}
[INFO|trainer.py:520] 2026-10-04 15:00:46,158 >> The following columns in the evaluation set  don't have a corresponding argument in `PETLEncModel.forward` and have been ignored: idx, premise, hypothesis.
[INFO|trainer.py:2179] 2026-10-04 15:00:46,160 >> ***** Running Evaluation *****
[INFO|trainer.py:2181] 2026-10-04 15:00:46,160 >>   Num examples = 9815
[INFO|trainer.py:2184] 2026-10-04 15:00:46,160 >>   Batch size = 32
{'eval_loss': 0.38107964396476746, 'eval_accuracy': 0.8527763627101376, 'eval_runtime': 13.1645, 'eval_samples_per_second': 745.568, 'eval_steps_per_second': 23.32, 'epoch': 2.0}
[INFO|trainer.py:1933] 2026-10-04 15:00:59,325 >> Saving model checkpoint to checkpoints/glue/mnli/20261004/glue.mnli.adapter.am_adapter.ao_sequential.fm_adapter.fo_sequential.abn.fbn.ac_add.fl_none.finit_bert.fs_1.unfrz_ef_.ne10.warm0.06.wd0.1.seed42./checkpoint-24544
[INFO|configuration_utils.py:364] 2026-10-04 15:00:59,327 >> Configuration saved in checkpoints/glue/mnli/20261004/glue.mnli.adapter.am_adapter.ao_sequential.fm_adapter.fo_sequential.abn.fbn.ac_add.fl_none.finit_bert.fs_1.unfrz_ef_.ne10.warm0.06.wd0.1.seed42./checkpoint-24544/config.json
[INFO|modeling_utils.py:898] 2026-10-04 15:00:59,676 >> Model weights saved in checkpoints/glue/mnli/20261004/glue.mnli.adapter.am_adapter.ao_sequential.fm_adapter.fo_sequential.abn.fbn.ac_add.fl_none.finit_bert.fs_1.unfrz_ef_.ne10.warm0.06.wd0.1.seed42./checkpoint-24544/pytorch_model.bin
[INFO|tokenization_utils_base.py:1948] 2026-10-04 15:00:59,677 >> tokenizer config file saved in checkpoints/glue/mnli/20261004/glue.mnli.adapter.am_adapter.ao_sequential.fm_adapter.fo_sequential.abn.fbn.ac_add.fl_none.finit_bert.fs_1.unfrz_ef_.ne10.warm0.06.wd0.1.seed42./checkpoint-24544/tokenizer_config.json
[INFO|tokenization_utils_base.py:1954] 2026-10-04 15:00:59,677 >> Special tokens file saved in checkpoints/glue/mnli/20261004/glue.mnli.adapter.am_adapter.ao_sequential.fm_adapter.fo_sequential.abn.fbn.ac_add.fl_none.finit_bert.fs_1.unfrz_ef_.ne10.warm0.06.wd0.1.seed42./checkpoint-24544/special_tokens_map.json
/work/unify-parameter-efficient-tuning/src/transformers/trainer.py:1784: FutureWarning: `torch.cuda.amp.autocast(args...)` is deprecated. Please use `torch.amp.autocast('cuda', args...)` instead.
  with autocast():
{'loss': 0.4533, 'learning_rate': 8.512619629668158e-05, 'epoch': 2.0}
{'loss': 0.3856, 'learning_rate': 8.50828955580984e-05, 'epoch': 2.0}
{'loss': 0.3901, 'learning_rate': 8.503959481951524e-05, 'epoch': 2.01}
{'loss': 0.4494, 'learning_rate': 8.499629408093209e-05, 'epoch': 2.01}
{'loss': 0.4048, 'learning_rate': 8.495299334234891e-05, 'epoch': 2.02}
{'loss': 0.4367, 'learning_rate': 8.490969260376574e-05, 'epoch': 2.02}
{'loss': 0.4201, 'learning_rate': 8.486725787995423e-05, 'epoch': 2.02}
{'loss': 0.4249, 'learning_rate': 8.482395714137107e-05, 'epoch': 2.03}
{'loss': 0.3643, 'learning_rate': 8.47806564027879e-05, 'epoch': 2.03}
{'loss': 0.3845, 'learning_rate': 8.473735566420472e-05, 'epoch': 2.04}
{'loss': 0.3902, 'learning_rate': 8.469405492562156e-05, 'epoch': 2.04}
{'loss': 0.4307, 'learning_rate': 8.46507541870384e-05, 'epoch': 2.05}
{'loss': 0.4369, 'learning_rate': 8.460745344845521e-05, 'epoch': 2.05}
{'loss': 0.3873, 'learning_rate': 8.456415270987205e-05, 'epoch': 2.05}
{'loss': 0.4116, 'learning_rate': 8.452085197128888e-05, 'epoch': 2.06}
{'loss': 0.4106, 'learning_rate': 8.447755123270572e-05, 'epoch': 2.06}
{'loss': 0.4363, 'learning_rate': 8.443425049412255e-05, 'epoch': 2.07}
{'loss': 0.4238, 'learning_rate': 8.439094975553939e-05, 'epoch': 2.07}
{'loss': 0.3969, 'learning_rate': 8.434764901695621e-05, 'epoch': 2.07}
{'loss': 0.4358, 'learning_rate': 8.430434827837304e-05, 'epoch': 2.08}
{'loss': 0.4049, 'learning_rate': 8.426104753978987e-05, 'epoch': 2.08}
{'loss': 0.4045, 'learning_rate': 8.42177468012067e-05, 'epoch': 2.09}
{'loss': 0.4267, 'learning_rate': 8.417444606262354e-05, 'epoch': 2.09}
{'loss': 0.4119, 'learning_rate': 8.413114532404037e-05, 'epoch': 2.09}
{'loss': 0.4017, 'learning_rate': 8.40878445854572e-05, 'epoch': 2.1}
{'loss': 0.4043, 'learning_rate': 8.404454384687403e-05, 'epoch': 2.1}
{'loss': 0.4431, 'learning_rate': 8.400124310829086e-05, 'epoch': 2.11}
{'loss': 0.4187, 'learning_rate': 8.39579423697077e-05, 'epoch': 2.11}
{'loss': 0.4016, 'learning_rate': 8.391464163112452e-05, 'epoch': 2.11}
{'loss': 0.3971, 'learning_rate': 8.387134089254135e-05, 'epoch': 2.12}
{'loss': 0.4213, 'learning_rate': 8.382804015395819e-05, 'epoch': 2.12}
{'loss': 0.3972, 'learning_rate': 8.378473941537501e-05, 'epoch': 2.13}
{'loss': 0.4363, 'learning_rate': 8.374143867679186e-05, 'epoch': 2.13}
{'loss': 0.3999, 'learning_rate': 8.369813793820869e-05, 'epoch': 2.13}
{'loss': 0.3989, 'learning_rate': 8.365483719962551e-05, 'epoch': 2.14}
{'loss': 0.4212, 'learning_rate': 8.361153646104235e-05, 'epoch': 2.14}
{'loss': 0.4076, 'learning_rate': 8.356823572245918e-05, 'epoch': 2.15}
{'loss': 0.3959, 'learning_rate': 8.3524934983876e-05, 'epoch': 2.15}
{'loss': 0.4025, 'learning_rate': 8.348163424529284e-05, 'epoch': 2.16}
{'loss': 0.3945, 'learning_rate': 8.343833350670967e-05, 'epoch': 2.16}
{'loss': 0.394, 'learning_rate': 8.339503276812649e-05, 'epoch': 2.16}
{'loss': 0.4324, 'learning_rate': 8.335173202954333e-05, 'epoch': 2.17}
{'loss': 0.4104, 'learning_rate': 8.330843129096016e-05, 'epoch': 2.17}
{'loss': 0.4032, 'learning_rate': 8.3265130552377e-05, 'epoch': 2.18}
{'loss': 0.3829, 'learning_rate': 8.322182981379383e-05, 'epoch': 2.18}
{'loss': 0.3953, 'learning_rate': 8.317852907521065e-05, 'epoch': 2.18}
{'loss': 0.4109, 'learning_rate': 8.313522833662749e-05, 'epoch': 2.19}
{'loss': 0.4032, 'learning_rate': 8.309192759804431e-05, 'epoch': 2.19}
{'loss': 0.41, 'learning_rate': 8.304862685946114e-05, 'epoch': 2.2}
{'loss': 0.4084, 'learning_rate': 8.300532612087798e-05, 'epoch': 2.2}
{'loss': 0.4245, 'learning_rate': 8.296202538229481e-05, 'epoch': 2.2}
{'loss': 0.4102, 'learning_rate': 8.291872464371165e-05, 'epoch': 2.21}
{'loss': 0.4078, 'learning_rate': 8.287542390512848e-05, 'epoch': 2.21}
{'loss': 0.3833, 'learning_rate': 8.28321231665453e-05, 'epoch': 2.22}
{'loss': 0.379, 'learning_rate': 8.278882242796214e-05, 'epoch': 2.22}
{'loss': 0.4105, 'learning_rate': 8.274552168937897e-05, 'epoch': 2.22}
{'loss': 0.4216, 'learning_rate': 8.27022209507958e-05, 'epoch': 2.23}
{'loss': 0.3973, 'learning_rate': 8.265892021221263e-05, 'epoch': 2.23}
{'loss': 0.4508, 'learning_rate': 8.261561947362946e-05, 'epoch': 2.24}
{'loss': 0.4072, 'learning_rate': 8.25723187350463e-05, 'epoch': 2.24}
{'loss': 0.4361, 'learning_rate': 8.252901799646313e-05, 'epoch': 2.24}
{'loss': 0.4084, 'learning_rate': 8.248571725787997e-05, 'epoch': 2.25}
{'loss': 0.3985, 'learning_rate': 8.244241651929679e-05, 'epoch': 2.25}
{'loss': 0.4273, 'learning_rate': 8.239911578071362e-05, 'epoch': 2.26}
{'loss': 0.432, 'learning_rate': 8.235581504213046e-05, 'epoch': 2.26}
{'loss': 0.454, 'learning_rate': 8.231251430354728e-05, 'epoch': 2.27}
{'loss': 0.3956, 'learning_rate': 8.226921356496412e-05, 'epoch': 2.27}
{'loss': 0.4072, 'learning_rate': 8.222591282638094e-05, 'epoch': 2.27}
{'loss': 0.4177, 'learning_rate': 8.218261208779778e-05, 'epoch': 2.28}
{'loss': 0.424, 'learning_rate': 8.21393113492146e-05, 'epoch': 2.28}
{'loss': 0.4048, 'learning_rate': 8.209601061063144e-05, 'epoch': 2.29}
{'loss': 0.4455, 'learning_rate': 8.205270987204828e-05, 'epoch': 2.29}
{'loss': 0.3785, 'learning_rate': 8.20094091334651e-05, 'epoch': 2.29}
{'loss': 0.3805, 'learning_rate': 8.196610839488193e-05, 'epoch': 2.3}
{'loss': 0.3926, 'learning_rate': 8.192280765629877e-05, 'epoch': 2.3}
{'loss': 0.4041, 'learning_rate': 8.187950691771559e-05, 'epoch': 2.31}
{'loss': 0.4069, 'learning_rate': 8.183620617913242e-05, 'epoch': 2.31}
{'loss': 0.3976, 'learning_rate': 8.179290544054926e-05, 'epoch': 2.31}
{'loss': 0.3929, 'learning_rate': 8.174960470196609e-05, 'epoch': 2.32}
{'loss': 0.4046, 'learning_rate': 8.170630396338293e-05, 'epoch': 2.32}
{'loss': 0.404, 'learning_rate': 8.166300322479976e-05, 'epoch': 2.33}
{'loss': 0.3884, 'learning_rate': 8.161970248621658e-05, 'epoch': 2.33}
{'loss': 0.4115, 'learning_rate': 8.157640174763342e-05, 'epoch': 2.33}
{'loss': 0.3875, 'learning_rate': 8.153310100905025e-05, 'epoch': 2.34}
{'loss': 0.4207, 'learning_rate': 8.148980027046707e-05, 'epoch': 2.34}
{'loss': 0.4148, 'learning_rate': 8.144649953188391e-05, 'epoch': 2.35}
{'loss': 0.3686, 'learning_rate': 8.140319879330074e-05, 'epoch': 2.35}
{'loss': 0.4156, 'learning_rate': 8.135989805471758e-05, 'epoch': 2.35}
{'loss': 0.4224, 'learning_rate': 8.131659731613441e-05, 'epoch': 2.36}
{'loss': 0.4266, 'learning_rate': 8.127329657755125e-05, 'epoch': 2.36}
{'loss': 0.4059, 'learning_rate': 8.122999583896807e-05, 'epoch': 2.37}
{'loss': 0.4151, 'learning_rate': 8.11866951003849e-05, 'epoch': 2.37}
{'loss': 0.3806, 'learning_rate': 8.114339436180172e-05, 'epoch': 2.38}
{'loss': 0.4088, 'learning_rate': 8.110009362321856e-05, 'epoch': 2.38}
{'loss': 0.3902, 'learning_rate': 8.10567928846354e-05, 'epoch': 2.38}
{'loss': 0.4142, 'learning_rate': 8.101349214605223e-05, 'epoch': 2.39}
{'loss': 0.426, 'learning_rate': 8.097019140746906e-05, 'epoch': 2.39}
{'loss': 0.42, 'learning_rate': 8.092689066888588e-05, 'epoch': 2.4}
{'loss': 0.4289, 'learning_rate': 8.088358993030272e-05, 'epoch': 2.4}
{'loss': 0.3827, 'learning_rate': 8.084028919171955e-05, 'epoch': 2.4}
{'loss': 0.4158, 'learning_rate': 8.079698845313638e-05, 'epoch': 2.41}
{'loss': 0.4205, 'learning_rate': 8.075368771455321e-05, 'epoch': 2.41}
{'loss': 0.4201, 'learning_rate': 8.071038697597004e-05, 'epoch': 2.42}
{'loss': 0.3921, 'learning_rate': 8.066708623738687e-05, 'epoch': 2.42}
{'loss': 0.3779, 'learning_rate': 8.062378549880371e-05, 'epoch': 2.42}
{'loss': 0.3988, 'learning_rate': 8.058048476022055e-05, 'epoch': 2.43}
{'loss': 0.3994, 'learning_rate': 8.053718402163737e-05, 'epoch': 2.43}
{'loss': 0.396, 'learning_rate': 8.04938832830542e-05, 'epoch': 2.44}
{'loss': 0.4228, 'learning_rate': 8.045058254447104e-05, 'epoch': 2.44}
{'loss': 0.4134, 'learning_rate': 8.040728180588786e-05, 'epoch': 2.44}
{'loss': 0.4366, 'learning_rate': 8.03639810673047e-05, 'epoch': 2.45}
{'loss': 0.4068, 'learning_rate': 8.032068032872153e-05, 'epoch': 2.45}
{'loss': 0.3953, 'learning_rate': 8.027737959013835e-05, 'epoch': 2.46}
{'loss': 0.4304, 'learning_rate': 8.023407885155519e-05, 'epoch': 2.46}
{'loss': 0.427, 'learning_rate': 8.019077811297202e-05, 'epoch': 2.46}
{'loss': 0.4237, 'learning_rate': 8.014747737438886e-05, 'epoch': 2.47}
{'loss': 0.405, 'learning_rate': 8.010417663580569e-05, 'epoch': 2.47}
{'loss': 0.3817, 'learning_rate': 8.006087589722251e-05, 'epoch': 2.48}
{'loss': 0.4172, 'learning_rate': 8.001757515863935e-05, 'epoch': 2.48}
{'loss': 0.4015, 'learning_rate': 7.997427442005617e-05, 'epoch': 2.49}
{'loss': 0.4091, 'learning_rate': 7.9930973681473e-05, 'epoch': 2.49}
{'loss': 0.4191, 'learning_rate': 7.988767294288984e-05, 'epoch': 2.49}
{'loss': 0.3743, 'learning_rate': 7.984437220430667e-05, 'epoch': 2.5}
{'loss': 0.4135, 'learning_rate': 7.98010714657235e-05, 'epoch': 2.5}
{'loss': 0.3875, 'learning_rate': 7.975777072714034e-05, 'epoch': 2.51}
{'loss': 0.4293, 'learning_rate': 7.971446998855716e-05, 'epoch': 2.51}
{'loss': 0.3693, 'learning_rate': 7.9671169249974e-05, 'epoch': 2.51}
{'loss': 0.4001, 'learning_rate': 7.962786851139083e-05, 'epoch': 2.52}
{'loss': 0.3907, 'learning_rate': 7.958456777280765e-05, 'epoch': 2.52}
{'loss': 0.4034, 'learning_rate': 7.954213304899616e-05, 'epoch': 2.53}
{'loss': 0.3867, 'learning_rate': 7.949883231041298e-05, 'epoch': 2.53}
{'loss': 0.3928, 'learning_rate': 7.945553157182981e-05, 'epoch': 2.53}
{'loss': 0.3964, 'learning_rate': 7.941223083324665e-05, 'epoch': 2.54}
{'loss': 0.3919, 'learning_rate': 7.936893009466348e-05, 'epoch': 2.54}
{'loss': 0.4126, 'learning_rate': 7.932562935608032e-05, 'epoch': 2.55}
{'loss': 0.4001, 'learning_rate': 7.928232861749715e-05, 'epoch': 2.55}
{'loss': 0.3984, 'learning_rate': 7.923902787891397e-05, 'epoch': 2.55}
{'loss': 0.3955, 'learning_rate': 7.91957271403308e-05, 'epoch': 2.56}
{'loss': 0.4155, 'learning_rate': 7.915242640174764e-05, 'epoch': 2.56}
{'loss': 0.4476, 'learning_rate': 7.910912566316446e-05, 'epoch': 2.57}
{'loss': 0.4326, 'learning_rate': 7.90658249245813e-05, 'epoch': 2.57}
{'loss': 0.4019, 'learning_rate': 7.902252418599813e-05, 'epoch': 2.57}
{'loss': 0.4148, 'learning_rate': 7.897922344741497e-05, 'epoch': 2.58}
{'loss': 0.429, 'learning_rate': 7.89359227088318e-05, 'epoch': 2.58}
{'loss': 0.4097, 'learning_rate': 7.889262197024864e-05, 'epoch': 2.59}
{'loss': 0.3814, 'learning_rate': 7.885018724643712e-05, 'epoch': 2.59}
{'loss': 0.4056, 'learning_rate': 7.880688650785396e-05, 'epoch': 2.6}
{'loss': 0.4222, 'learning_rate': 7.876358576927078e-05, 'epoch': 2.6}
{'loss': 0.4159, 'learning_rate': 7.872028503068762e-05, 'epoch': 2.6}
{'loss': 0.4263, 'learning_rate': 7.867698429210445e-05, 'epoch': 2.61}
{'loss': 0.4031, 'learning_rate': 7.863368355352127e-05, 'epoch': 2.61}
{'loss': 0.3819, 'learning_rate': 7.85903828149381e-05, 'epoch': 2.62}
{'loss': 0.3998, 'learning_rate': 7.854708207635494e-05, 'epoch': 2.62}
{'loss': 0.4008, 'learning_rate': 7.850378133777176e-05, 'epoch': 2.62}
{'loss': 0.3887, 'learning_rate': 7.84604805991886e-05, 'epoch': 2.63}
{'loss': 0.4088, 'learning_rate': 7.841717986060545e-05, 'epoch': 2.63}
{'loss': 0.3754, 'learning_rate': 7.837387912202227e-05, 'epoch': 2.64}
{'loss': 0.4198, 'learning_rate': 7.83305783834391e-05, 'epoch': 2.64}
{'loss': 0.385, 'learning_rate': 7.828727764485594e-05, 'epoch': 2.64}
{'loss': 0.4098, 'learning_rate': 7.824397690627276e-05, 'epoch': 2.65}
{'loss': 0.4086, 'learning_rate': 7.820067616768959e-05, 'epoch': 2.65}
{'loss': 0.4225, 'learning_rate': 7.815737542910643e-05, 'epoch': 2.66}
{'loss': 0.4074, 'learning_rate': 7.811407469052325e-05, 'epoch': 2.66}
{'loss': 0.4478, 'learning_rate': 7.807077395194008e-05, 'epoch': 2.66}
{'loss': 0.3719, 'learning_rate': 7.802747321335692e-05, 'epoch': 2.67}
{'loss': 0.4208, 'learning_rate': 7.798417247477375e-05, 'epoch': 2.67}
{'loss': 0.4008, 'learning_rate': 7.794087173619059e-05, 'epoch': 2.68}
{'loss': 0.4368, 'learning_rate': 7.789757099760741e-05, 'epoch': 2.68}
{'loss': 0.3983, 'learning_rate': 7.785427025902424e-05, 'epoch': 2.68}
{'loss': 0.3952, 'learning_rate': 7.781096952044106e-05, 'epoch': 2.69}
{'loss': 0.4252, 'learning_rate': 7.77676687818579e-05, 'epoch': 2.69}
{'loss': 0.4081, 'learning_rate': 7.772436804327473e-05, 'epoch': 2.7}
{'loss': 0.3574, 'learning_rate': 7.768106730469157e-05, 'epoch': 2.7}
{'loss': 0.3831, 'learning_rate': 7.76377665661084e-05, 'epoch': 2.71}
{'loss': 0.3878, 'learning_rate': 7.759446582752524e-05, 'epoch': 2.71}
{'loss': 0.4369, 'learning_rate': 7.755116508894206e-05, 'epoch': 2.71}
{'loss': 0.3644, 'learning_rate': 7.75078643503589e-05, 'epoch': 2.72}
{'loss': 0.4055, 'learning_rate': 7.746456361177573e-05, 'epoch': 2.72}
{'loss': 0.4097, 'learning_rate': 7.742126287319255e-05, 'epoch': 2.73}
{'loss': 0.4082, 'learning_rate': 7.737796213460938e-05, 'epoch': 2.73}
{'loss': 0.4318, 'learning_rate': 7.733466139602622e-05, 'epoch': 2.73}
{'loss': 0.4106, 'learning_rate': 7.729136065744305e-05, 'epoch': 2.74}
{'loss': 0.3973, 'learning_rate': 7.724805991885989e-05, 'epoch': 2.74}
{'loss': 0.3888, 'learning_rate': 7.720475918027672e-05, 'epoch': 2.75}
{'loss': 0.4131, 'learning_rate': 7.716145844169354e-05, 'epoch': 2.75}
{'loss': 0.392, 'learning_rate': 7.711815770311038e-05, 'epoch': 2.75}
{'loss': 0.3704, 'learning_rate': 7.707485696452721e-05, 'epoch': 2.76}
{'loss': 0.4094, 'learning_rate': 7.703155622594404e-05, 'epoch': 2.76}
{'loss': 0.42, 'learning_rate': 7.698825548736087e-05, 'epoch': 2.77}
{'loss': 0.4146, 'learning_rate': 7.694495474877769e-05, 'epoch': 2.77}
{'loss': 0.4047, 'learning_rate': 7.690165401019453e-05, 'epoch': 2.77}
{'loss': 0.4215, 'learning_rate': 7.685835327161136e-05, 'epoch': 2.78}
{'loss': 0.4065, 'learning_rate': 7.68150525330282e-05, 'epoch': 2.78}
{'loss': 0.4276, 'learning_rate': 7.677175179444503e-05, 'epoch': 2.79}
{'loss': 0.4263, 'learning_rate': 7.672845105586185e-05, 'epoch': 2.79}
{'loss': 0.4285, 'learning_rate': 7.668515031727869e-05, 'epoch': 2.79}
{'loss': 0.4031, 'learning_rate': 7.664184957869552e-05, 'epoch': 2.8}
{'loss': 0.4069, 'learning_rate': 7.659854884011234e-05, 'epoch': 2.8}
{'loss': 0.409, 'learning_rate': 7.655524810152918e-05, 'epoch': 2.81}
{'loss': 0.3789, 'learning_rate': 7.651194736294601e-05, 'epoch': 2.81}
{'loss': 0.4233, 'learning_rate': 7.646864662436285e-05, 'epoch': 2.82}
{'loss': 0.4041, 'learning_rate': 7.642534588577968e-05, 'epoch': 2.82}
{'loss': 0.39, 'learning_rate': 7.638204514719652e-05, 'epoch': 2.82}
{'loss': 0.3871, 'learning_rate': 7.633874440861334e-05, 'epoch': 2.83}
{'loss': 0.3785, 'learning_rate': 7.629544367003017e-05, 'epoch': 2.83}
{'loss': 0.4051, 'learning_rate': 7.625214293144701e-05, 'epoch': 2.84}
{'loss': 0.4138, 'learning_rate': 7.620884219286383e-05, 'epoch': 2.84}
{'loss': 0.3808, 'learning_rate': 7.616554145428066e-05, 'epoch': 2.84}
{'loss': 0.4096, 'learning_rate': 7.61222407156975e-05, 'epoch': 2.85}
{'loss': 0.348, 'learning_rate': 7.607893997711433e-05, 'epoch': 2.85}
{'loss': 0.3863, 'learning_rate': 7.603563923853117e-05, 'epoch': 2.86}
{'loss': 0.3898, 'learning_rate': 7.5992338499948e-05, 'epoch': 2.86}
{'loss': 0.4103, 'learning_rate': 7.594903776136482e-05, 'epoch': 2.86}
{'loss': 0.393, 'learning_rate': 7.590573702278166e-05, 'epoch': 2.87}
{'loss': 0.3928, 'learning_rate': 7.586243628419848e-05, 'epoch': 2.87}
{'loss': 0.4263, 'learning_rate': 7.581913554561531e-05, 'epoch': 2.88}
{'loss': 0.3933, 'learning_rate': 7.577583480703213e-05, 'epoch': 2.88}
{'loss': 0.4213, 'learning_rate': 7.573253406844898e-05, 'epoch': 2.88}
{'loss': 0.4337, 'learning_rate': 7.568923332986582e-05, 'epoch': 2.89}
{'loss': 0.4012, 'learning_rate': 7.564593259128264e-05, 'epoch': 2.89}
{'loss': 0.4338, 'learning_rate': 7.560263185269947e-05, 'epoch': 2.9}
{'loss': 0.4127, 'learning_rate': 7.555933111411631e-05, 'epoch': 2.9}
{'loss': 0.4109, 'learning_rate': 7.551603037553313e-05, 'epoch': 2.9}
{'loss': 0.4279, 'learning_rate': 7.547272963694996e-05, 'epoch': 2.91}
{'loss': 0.4207, 'learning_rate': 7.54294288983668e-05, 'epoch': 2.91}
{'loss': 0.4152, 'learning_rate': 7.538612815978362e-05, 'epoch': 2.92}
{'loss': 0.3967, 'learning_rate': 7.534282742120046e-05, 'epoch': 2.92}
{'loss': 0.4071, 'learning_rate': 7.52995266826173e-05, 'epoch': 2.93}
{'loss': 0.3641, 'learning_rate': 7.525622594403412e-05, 'epoch': 2.93}
{'loss': 0.387, 'learning_rate': 7.521292520545096e-05, 'epoch': 2.93}
{'loss': 0.4002, 'learning_rate': 7.51696244668678e-05, 'epoch': 2.94}
{'loss': 0.4063, 'learning_rate': 7.512632372828462e-05, 'epoch': 2.94}
{'loss': 0.4287, 'learning_rate': 7.508302298970145e-05, 'epoch': 2.95}
{'loss': 0.3669, 'learning_rate': 7.503972225111829e-05, 'epoch': 2.95}
{'loss': 0.401, 'learning_rate': 7.49964215125351e-05, 'epoch': 2.95}
{'loss': 0.3973, 'learning_rate': 7.495312077395194e-05, 'epoch': 2.96}
{'loss': 0.3904, 'learning_rate': 7.490982003536878e-05, 'epoch': 2.96}
{'loss': 0.3992, 'learning_rate': 7.486651929678561e-05, 'epoch': 2.97}
{'loss': 0.4217, 'learning_rate': 7.482321855820243e-05, 'epoch': 2.97}
{'loss': 0.3889, 'learning_rate': 7.477991781961928e-05, 'epoch': 2.97}
{'loss': 0.412, 'learning_rate': 7.47366170810361e-05, 'epoch': 2.98}
{'loss': 0.4377, 'learning_rate': 7.469331634245292e-05, 'epoch': 2.98}
{'loss': 0.3796, 'learning_rate': 7.465001560386976e-05, 'epoch': 2.99}
{'loss': 0.386, 'learning_rate': 7.460671486528659e-05, 'epoch': 2.99}
{'loss': 0.3824, 'learning_rate': 7.456341412670343e-05, 'epoch': 2.99}
{'loss': 0.3852, 'learning_rate': 7.452011338812026e-05, 'epoch': 3.0}
[INFO|trainer.py:520] 2026-10-04 15:08:08,595 >> The following columns in the evaluation set  don't have a corresponding argument in `PETLEncModel.forward` and have been ignored: idx, premise, hypothesis.
[INFO|trainer.py:2179] 2026-10-04 15:08:08,596 >> ***** Running Evaluation *****
[INFO|trainer.py:2181] 2026-10-04 15:08:08,596 >>   Num examples = 9815
[INFO|trainer.py:2184] 2026-10-04 15:08:08,596 >>   Batch size = 32
{'eval_loss': 0.36767464876174927, 'eval_accuracy': 0.8615384615384616, 'eval_runtime': 13.0952, 'eval_samples_per_second': 749.514, 'eval_steps_per_second': 23.444, 'epoch': 3.0}
[INFO|trainer.py:1933] 2026-10-04 15:08:21,693 >> Saving model checkpoint to checkpoints/glue/mnli/20261004/glue.mnli.adapter.am_adapter.ao_sequential.fm_adapter.fo_sequential.abn.fbn.ac_add.fl_none.finit_bert.fs_1.unfrz_ef_.ne10.warm0.06.wd0.1.seed42./checkpoint-36816
[INFO|configuration_utils.py:364] 2026-10-04 15:08:21,694 >> Configuration saved in checkpoints/glue/mnli/20261004/glue.mnli.adapter.am_adapter.ao_sequential.fm_adapter.fo_sequential.abn.fbn.ac_add.fl_none.finit_bert.fs_1.unfrz_ef_.ne10.warm0.06.wd0.1.seed42./checkpoint-36816/config.json
[INFO|modeling_utils.py:898] 2026-10-04 15:08:21,970 >> Model weights saved in checkpoints/glue/mnli/20261004/glue.mnli.adapter.am_adapter.ao_sequential.fm_adapter.fo_sequential.abn.fbn.ac_add.fl_none.finit_bert.fs_1.unfrz_ef_.ne10.warm0.06.wd0.1.seed42./checkpoint-36816/pytorch_model.bin
[INFO|tokenization_utils_base.py:1948] 2026-10-04 15:08:21,972 >> tokenizer config file saved in checkpoints/glue/mnli/20261004/glue.mnli.adapter.am_adapter.ao_sequential.fm_adapter.fo_sequential.abn.fbn.ac_add.fl_none.finit_bert.fs_1.unfrz_ef_.ne10.warm0.06.wd0.1.seed42./checkpoint-36816/tokenizer_config.json
[INFO|tokenization_utils_base.py:1954] 2026-10-04 15:08:21,972 >> Special tokens file saved in checkpoints/glue/mnli/20261004/glue.mnli.adapter.am_adapter.ao_sequential.fm_adapter.fo_sequential.abn.fbn.ac_add.fl_none.finit_bert.fs_1.unfrz_ef_.ne10.warm0.06.wd0.1.seed42./checkpoint-36816/special_tokens_map.json
[INFO|trainer.py:2009] 2026-10-04 15:08:22,042 >> Deleting older checkpoint [checkpoints/glue/mnli/20261004/glue.mnli.adapter.am_adapter.ao_sequential.fm_adapter.fo_sequential.abn.fbn.ac_add.fl_none.finit_bert.fs_1.unfrz_ef_.ne10.warm0.06.wd0.1.seed42./checkpoint-12272] due to args.save_total_limit
/work/unify-parameter-efficient-tuning/src/transformers/trainer.py:1784: FutureWarning: `torch.cuda.amp.autocast(args...)` is deprecated. Please use `torch.amp.autocast('cuda', args...)` instead.
  with autocast():
{'loss': 0.3921, 'learning_rate': 7.44768126495371e-05, 'epoch': 3.0}
{'loss': 0.3954, 'learning_rate': 7.443351191095392e-05, 'epoch': 3.01}
{'loss': 0.3786, 'learning_rate': 7.439021117237075e-05, 'epoch': 3.01}
{'loss': 0.4006, 'learning_rate': 7.434691043378759e-05, 'epoch': 3.01}
{'loss': 0.4138, 'learning_rate': 7.430360969520441e-05, 'epoch': 3.02}
{'loss': 0.3529, 'learning_rate': 7.426030895662124e-05, 'epoch': 3.02}
{'loss': 0.3783, 'learning_rate': 7.421700821803808e-05, 'epoch': 3.03}
{'loss': 0.3717, 'learning_rate': 7.417370747945491e-05, 'epoch': 3.03}
{'loss': 0.3971, 'learning_rate': 7.413040674087175e-05, 'epoch': 3.04}
{'loss': 0.3746, 'learning_rate': 7.408710600228858e-05, 'epoch': 3.04}
{'loss': 0.3881, 'learning_rate': 7.40438052637054e-05, 'epoch': 3.04}
{'loss': 0.3988, 'learning_rate': 7.400050452512224e-05, 'epoch': 3.05}
{'loss': 0.3917, 'learning_rate': 7.395720378653907e-05, 'epoch': 3.05}
{'loss': 0.4025, 'learning_rate': 7.39139030479559e-05, 'epoch': 3.06}
{'loss': 0.3812, 'learning_rate': 7.387060230937272e-05, 'epoch': 3.06}
{'loss': 0.3934, 'learning_rate': 7.382730157078956e-05, 'epoch': 3.06}
{'loss': 0.3744, 'learning_rate': 7.37840008322064e-05, 'epoch': 3.07}
{'loss': 0.3887, 'learning_rate': 7.374070009362322e-05, 'epoch': 3.07}
{'loss': 0.3952, 'learning_rate': 7.369826536981171e-05, 'epoch': 3.08}
{'loss': 0.4027, 'learning_rate': 7.365496463122856e-05, 'epoch': 3.08}
{'loss': 0.3788, 'learning_rate': 7.361166389264539e-05, 'epoch': 3.08}
{'loss': 0.361, 'learning_rate': 7.356836315406221e-05, 'epoch': 3.09}
{'loss': 0.3901, 'learning_rate': 7.352506241547905e-05, 'epoch': 3.09}
{'loss': 0.3842, 'learning_rate': 7.348176167689588e-05, 'epoch': 3.1}
{'loss': 0.3824, 'learning_rate': 7.34384609383127e-05, 'epoch': 3.1}
{'loss': 0.4376, 'learning_rate': 7.339516019972954e-05, 'epoch': 3.1}
{'loss': 0.4205, 'learning_rate': 7.335185946114637e-05, 'epoch': 3.11}
{'loss': 0.3781, 'learning_rate': 7.33085587225632e-05, 'epoch': 3.11}
{'loss': 0.3929, 'learning_rate': 7.326525798398003e-05, 'epoch': 3.12}
{'loss': 0.3935, 'learning_rate': 7.322282326016852e-05, 'epoch': 3.12}
{'loss': 0.3791, 'learning_rate': 7.317952252158535e-05, 'epoch': 3.12}
{'loss': 0.4026, 'learning_rate': 7.313622178300219e-05, 'epoch': 3.13}
{'loss': 0.3742, 'learning_rate': 7.309292104441902e-05, 'epoch': 3.13}
{'loss': 0.3836, 'learning_rate': 7.304962030583586e-05, 'epoch': 3.14}
{'loss': 0.4051, 'learning_rate': 7.300631956725269e-05, 'epoch': 3.14}
{'loss': 0.3939, 'learning_rate': 7.296301882866951e-05, 'epoch': 3.15}
{'loss': 0.3933, 'learning_rate': 7.291971809008635e-05, 'epoch': 3.15}
{'loss': 0.3786, 'learning_rate': 7.287641735150318e-05, 'epoch': 3.15}
{'loss': 0.3851, 'learning_rate': 7.283311661292e-05, 'epoch': 3.16}
{'loss': 0.3702, 'learning_rate': 7.278981587433684e-05, 'epoch': 3.16}
{'loss': 0.4073, 'learning_rate': 7.274651513575367e-05, 'epoch': 3.17}
{'loss': 0.3581, 'learning_rate': 7.270321439717051e-05, 'epoch': 3.17}
{'loss': 0.3764, 'learning_rate': 7.265991365858733e-05, 'epoch': 3.17}
{'loss': 0.4064, 'learning_rate': 7.261661292000418e-05, 'epoch': 3.18}
{'loss': 0.3511, 'learning_rate': 7.2573312181421e-05, 'epoch': 3.18}
{'loss': 0.3892, 'learning_rate': 7.253001144283782e-05, 'epoch': 3.19}
{'loss': 0.3937, 'learning_rate': 7.248671070425465e-05, 'epoch': 3.19}
{'loss': 0.3687, 'learning_rate': 7.244340996567149e-05, 'epoch': 3.19}
{'loss': 0.3773, 'learning_rate': 7.240010922708832e-05, 'epoch': 3.2}
{'loss': 0.3841, 'learning_rate': 7.235680848850516e-05, 'epoch': 3.2}
{'loss': 0.3734, 'learning_rate': 7.231350774992199e-05, 'epoch': 3.21}
{'loss': 0.3835, 'learning_rate': 7.227020701133881e-05, 'epoch': 3.21}
{'loss': 0.3915, 'learning_rate': 7.222690627275565e-05, 'epoch': 3.21}
{'loss': 0.4129, 'learning_rate': 7.218360553417248e-05, 'epoch': 3.22}
{'loss': 0.3998, 'learning_rate': 7.21403047955893e-05, 'epoch': 3.22}
{'loss': 0.3918, 'learning_rate': 7.209700405700614e-05, 'epoch': 3.23}
{'loss': 0.3903, 'learning_rate': 7.205370331842297e-05, 'epoch': 3.23}
{'loss': 0.3929, 'learning_rate': 7.20104025798398e-05, 'epoch': 3.24}
{'loss': 0.3768, 'learning_rate': 7.196710184125664e-05, 'epoch': 3.24}
{'loss': 0.375, 'learning_rate': 7.192380110267348e-05, 'epoch': 3.24}
{'loss': 0.3962, 'learning_rate': 7.18805003640903e-05, 'epoch': 3.25}
{'loss': 0.4161, 'learning_rate': 7.183719962550713e-05, 'epoch': 3.25}
{'loss': 0.3804, 'learning_rate': 7.179389888692397e-05, 'epoch': 3.26}
{'loss': 0.4115, 'learning_rate': 7.175059814834079e-05, 'epoch': 3.26}
{'loss': 0.3721, 'learning_rate': 7.170729740975761e-05, 'epoch': 3.26}
{'loss': 0.4022, 'learning_rate': 7.166399667117446e-05, 'epoch': 3.27}
{'loss': 0.3959, 'learning_rate': 7.162069593259128e-05, 'epoch': 3.27}
{'loss': 0.4214, 'learning_rate': 7.157739519400812e-05, 'epoch': 3.28}
{'loss': 0.3889, 'learning_rate': 7.153409445542496e-05, 'epoch': 3.28}
{'loss': 0.3793, 'learning_rate': 7.149079371684179e-05, 'epoch': 3.28}
{'loss': 0.3951, 'learning_rate': 7.14474929782586e-05, 'epoch': 3.29}
{'loss': 0.3907, 'learning_rate': 7.140419223967544e-05, 'epoch': 3.29}
{'loss': 0.3951, 'learning_rate': 7.136089150109228e-05, 'epoch': 3.3}
{'loss': 0.4212, 'learning_rate': 7.13175907625091e-05, 'epoch': 3.3}
{'loss': 0.3859, 'learning_rate': 7.127429002392593e-05, 'epoch': 3.3}
{'loss': 0.4028, 'learning_rate': 7.123098928534277e-05, 'epoch': 3.31}
{'loss': 0.3987, 'learning_rate': 7.11876885467596e-05, 'epoch': 3.31}
{'loss': 0.4007, 'learning_rate': 7.114525382294809e-05, 'epoch': 3.32}
{'loss': 0.3826, 'learning_rate': 7.110195308436492e-05, 'epoch': 3.32}
{'loss': 0.4031, 'learning_rate': 7.105865234578176e-05, 'epoch': 3.32}
{'loss': 0.3788, 'learning_rate': 7.10153516071986e-05, 'epoch': 3.33}
{'loss': 0.4038, 'learning_rate': 7.097205086861542e-05, 'epoch': 3.33}
{'loss': 0.4153, 'learning_rate': 7.092875013003225e-05, 'epoch': 3.34}
{'loss': 0.387, 'learning_rate': 7.088544939144908e-05, 'epoch': 3.34}
{'loss': 0.3974, 'learning_rate': 7.08421486528659e-05, 'epoch': 3.35}
{'loss': 0.3966, 'learning_rate': 7.079884791428274e-05, 'epoch': 3.35}
{'loss': 0.3905, 'learning_rate': 7.075554717569958e-05, 'epoch': 3.35}
{'loss': 0.3918, 'learning_rate': 7.071224643711641e-05, 'epoch': 3.36}
{'loss': 0.3868, 'learning_rate': 7.066894569853325e-05, 'epoch': 3.36}
{'loss': 0.356, 'learning_rate': 7.062564495995008e-05, 'epoch': 3.37}
{'loss': 0.3981, 'learning_rate': 7.05823442213669e-05, 'epoch': 3.37}
{'loss': 0.3746, 'learning_rate': 7.053904348278374e-05, 'epoch': 3.37}
{'loss': 0.3946, 'learning_rate': 7.049574274420057e-05, 'epoch': 3.38}
{'loss': 0.4023, 'learning_rate': 7.045244200561739e-05, 'epoch': 3.38}
{'loss': 0.3676, 'learning_rate': 7.040914126703423e-05, 'epoch': 3.39}
{'loss': 0.3882, 'learning_rate': 7.036584052845106e-05, 'epoch': 3.39}
{'loss': 0.3508, 'learning_rate': 7.032253978986788e-05, 'epoch': 3.39}
{'loss': 0.4187, 'learning_rate': 7.027923905128473e-05, 'epoch': 3.4}
{'loss': 0.4286, 'learning_rate': 7.023593831270157e-05, 'epoch': 3.4}
{'loss': 0.4113, 'learning_rate': 7.019263757411839e-05, 'epoch': 3.41}
{'loss': 0.4004, 'learning_rate': 7.014933683553522e-05, 'epoch': 3.41}
{'loss': 0.3751, 'learning_rate': 7.010603609695206e-05, 'epoch': 3.41}
{'loss': 0.3582, 'learning_rate': 7.006273535836888e-05, 'epoch': 3.42}
{'loss': 0.3728, 'learning_rate': 7.00194346197857e-05, 'epoch': 3.42}
{'loss': 0.3819, 'learning_rate': 6.997613388120255e-05, 'epoch': 3.43}
{'loss': 0.4238, 'learning_rate': 6.993283314261937e-05, 'epoch': 3.43}
{'loss': 0.3992, 'learning_rate': 6.98895324040362e-05, 'epoch': 3.43}
{'loss': 0.4002, 'learning_rate': 6.984623166545304e-05, 'epoch': 3.44}
{'loss': 0.3973, 'learning_rate': 6.980293092686987e-05, 'epoch': 3.44}
{'loss': 0.3748, 'learning_rate': 6.97596301882867e-05, 'epoch': 3.45}
{'loss': 0.3704, 'learning_rate': 6.971632944970353e-05, 'epoch': 3.45}
{'loss': 0.3654, 'learning_rate': 6.967302871112036e-05, 'epoch': 3.46}
{'loss': 0.4206, 'learning_rate': 6.962972797253718e-05, 'epoch': 3.46}
{'loss': 0.3931, 'learning_rate': 6.958642723395402e-05, 'epoch': 3.46}
{'loss': 0.3955, 'learning_rate': 6.954312649537085e-05, 'epoch': 3.47}
{'loss': 0.3852, 'learning_rate': 6.949982575678769e-05, 'epoch': 3.47}
{'loss': 0.3427, 'learning_rate': 6.945652501820452e-05, 'epoch': 3.48}
{'loss': 0.3797, 'learning_rate': 6.941322427962136e-05, 'epoch': 3.48}
{'loss': 0.4051, 'learning_rate': 6.936992354103818e-05, 'epoch': 3.48}
{'loss': 0.3897, 'learning_rate': 6.932662280245501e-05, 'epoch': 3.49}
{'loss': 0.417, 'learning_rate': 6.928332206387185e-05, 'epoch': 3.49}
{'loss': 0.3821, 'learning_rate': 6.924002132528867e-05, 'epoch': 3.5}
{'loss': 0.4223, 'learning_rate': 6.919758660147717e-05, 'epoch': 3.5}
{'loss': 0.3858, 'learning_rate': 6.9154285862894e-05, 'epoch': 3.5}
{'loss': 0.3777, 'learning_rate': 6.911098512431083e-05, 'epoch': 3.51}
{'loss': 0.4052, 'learning_rate': 6.906768438572766e-05, 'epoch': 3.51}
{'loss': 0.4071, 'learning_rate': 6.90243836471445e-05, 'epoch': 3.52}
{'loss': 0.4083, 'learning_rate': 6.898108290856133e-05, 'epoch': 3.52}
{'loss': 0.3893, 'learning_rate': 6.893778216997817e-05, 'epoch': 3.52}
{'loss': 0.3914, 'learning_rate': 6.889448143139499e-05, 'epoch': 3.53}
{'loss': 0.3742, 'learning_rate': 6.885118069281182e-05, 'epoch': 3.53}
{'loss': 0.3725, 'learning_rate': 6.880787995422866e-05, 'epoch': 3.54}
{'loss': 0.3942, 'learning_rate': 6.876457921564548e-05, 'epoch': 3.54}
{'loss': 0.427, 'learning_rate': 6.872127847706231e-05, 'epoch': 3.54}
{'loss': 0.3884, 'learning_rate': 6.867797773847915e-05, 'epoch': 3.55}
{'loss': 0.364, 'learning_rate': 6.863467699989598e-05, 'epoch': 3.55}
{'loss': 0.3828, 'learning_rate': 6.859137626131282e-05, 'epoch': 3.56}
{'loss': 0.3929, 'learning_rate': 6.854807552272965e-05, 'epoch': 3.56}
{'loss': 0.4149, 'learning_rate': 6.850477478414647e-05, 'epoch': 3.57}
{'loss': 0.4268, 'learning_rate': 6.84614740455633e-05, 'epoch': 3.57}
{'loss': 0.3819, 'learning_rate': 6.841817330698014e-05, 'epoch': 3.57}
{'loss': 0.3988, 'learning_rate': 6.837487256839696e-05, 'epoch': 3.58}
{'loss': 0.3678, 'learning_rate': 6.833157182981379e-05, 'epoch': 3.58}
{'loss': 0.405, 'learning_rate': 6.828827109123063e-05, 'epoch': 3.59}
{'loss': 0.358, 'learning_rate': 6.824497035264746e-05, 'epoch': 3.59}
{'loss': 0.4262, 'learning_rate': 6.820166961406429e-05, 'epoch': 3.59}
{'loss': 0.397, 'learning_rate': 6.815836887548113e-05, 'epoch': 3.6}
{'loss': 0.4252, 'learning_rate': 6.811506813689796e-05, 'epoch': 3.6}
{'loss': 0.3676, 'learning_rate': 6.807176739831478e-05, 'epoch': 3.61}
{'loss': 0.4115, 'learning_rate': 6.802846665973162e-05, 'epoch': 3.61}
{'loss': 0.3794, 'learning_rate': 6.798516592114845e-05, 'epoch': 3.61}
{'loss': 0.3737, 'learning_rate': 6.794186518256527e-05, 'epoch': 3.62}
{'loss': 0.4173, 'learning_rate': 6.78985644439821e-05, 'epoch': 3.62}
{'loss': 0.4112, 'learning_rate': 6.785526370539894e-05, 'epoch': 3.63}
{'loss': 0.4065, 'learning_rate': 6.781196296681578e-05, 'epoch': 3.63}
{'loss': 0.4225, 'learning_rate': 6.776866222823261e-05, 'epoch': 3.63}
{'loss': 0.3999, 'learning_rate': 6.772536148964945e-05, 'epoch': 3.64}
{'loss': 0.4073, 'learning_rate': 6.768206075106627e-05, 'epoch': 3.64}
{'loss': 0.3731, 'learning_rate': 6.76387600124831e-05, 'epoch': 3.65}
{'loss': 0.4041, 'learning_rate': 6.759545927389994e-05, 'epoch': 3.65}
{'loss': 0.3985, 'learning_rate': 6.755215853531676e-05, 'epoch': 3.65}
{'loss': 0.3737, 'learning_rate': 6.750885779673359e-05, 'epoch': 3.66}
{'loss': 0.3914, 'learning_rate': 6.746555705815043e-05, 'epoch': 3.66}
{'loss': 0.4119, 'learning_rate': 6.742225631956726e-05, 'epoch': 3.67}
{'loss': 0.3873, 'learning_rate': 6.737895558098408e-05, 'epoch': 3.67}
{'loss': 0.3902, 'learning_rate': 6.733565484240093e-05, 'epoch': 3.68}
{'loss': 0.4053, 'learning_rate': 6.729235410381775e-05, 'epoch': 3.68}
{'loss': 0.3841, 'learning_rate': 6.724905336523457e-05, 'epoch': 3.68}
{'loss': 0.4129, 'learning_rate': 6.720575262665141e-05, 'epoch': 3.69}
{'loss': 0.3385, 'learning_rate': 6.716245188806824e-05, 'epoch': 3.69}
{'loss': 0.3812, 'learning_rate': 6.711915114948506e-05, 'epoch': 3.7}
{'loss': 0.371, 'learning_rate': 6.707585041090191e-05, 'epoch': 3.7}
{'loss': 0.3884, 'learning_rate': 6.703254967231875e-05, 'epoch': 3.7}
{'loss': 0.3925, 'learning_rate': 6.698924893373557e-05, 'epoch': 3.71}
{'loss': 0.3644, 'learning_rate': 6.69459481951524e-05, 'epoch': 3.71}
{'loss': 0.3739, 'learning_rate': 6.690264745656924e-05, 'epoch': 3.72}
{'loss': 0.3817, 'learning_rate': 6.685934671798606e-05, 'epoch': 3.72}
{'loss': 0.4006, 'learning_rate': 6.68160459794029e-05, 'epoch': 3.72}
{'loss': 0.3856, 'learning_rate': 6.677274524081973e-05, 'epoch': 3.73}
{'loss': 0.3755, 'learning_rate': 6.672944450223655e-05, 'epoch': 3.73}
{'loss': 0.403, 'learning_rate': 6.668614376365338e-05, 'epoch': 3.74}
{'loss': 0.3738, 'learning_rate': 6.664284302507023e-05, 'epoch': 3.74}
{'loss': 0.365, 'learning_rate': 6.659954228648705e-05, 'epoch': 3.74}
{'loss': 0.3838, 'learning_rate': 6.655624154790389e-05, 'epoch': 3.75}
{'loss': 0.3893, 'learning_rate': 6.651294080932072e-05, 'epoch': 3.75}
{'loss': 0.3976, 'learning_rate': 6.646964007073755e-05, 'epoch': 3.76}
{'loss': 0.4188, 'learning_rate': 6.642633933215437e-05, 'epoch': 3.76}
{'loss': 0.4036, 'learning_rate': 6.638303859357121e-05, 'epoch': 3.76}
{'loss': 0.37, 'learning_rate': 6.633973785498804e-05, 'epoch': 3.77}
{'loss': 0.3692, 'learning_rate': 6.629643711640487e-05, 'epoch': 3.77}
{'loss': 0.3654, 'learning_rate': 6.62531363778217e-05, 'epoch': 3.78}
{'loss': 0.3721, 'learning_rate': 6.620983563923854e-05, 'epoch': 3.78}
{'loss': 0.3746, 'learning_rate': 6.616653490065536e-05, 'epoch': 3.79}
{'loss': 0.3862, 'learning_rate': 6.61232341620722e-05, 'epoch': 3.79}
{'loss': 0.3826, 'learning_rate': 6.607993342348903e-05, 'epoch': 3.79}
{'loss': 0.3968, 'learning_rate': 6.603663268490585e-05, 'epoch': 3.8}
{'loss': 0.3818, 'learning_rate': 6.599333194632269e-05, 'epoch': 3.8}
{'loss': 0.3956, 'learning_rate': 6.595003120773952e-05, 'epoch': 3.81}
{'loss': 0.3822, 'learning_rate': 6.590673046915636e-05, 'epoch': 3.81}
{'loss': 0.3906, 'learning_rate': 6.586342973057319e-05, 'epoch': 3.81}
{'loss': 0.4107, 'learning_rate': 6.582012899199003e-05, 'epoch': 3.82}
{'loss': 0.3961, 'learning_rate': 6.577682825340685e-05, 'epoch': 3.82}
{'loss': 0.3858, 'learning_rate': 6.573352751482368e-05, 'epoch': 3.83}
{'loss': 0.3668, 'learning_rate': 6.569022677624052e-05, 'epoch': 3.83}
{'loss': 0.3906, 'learning_rate': 6.564692603765734e-05, 'epoch': 3.83}
{'loss': 0.3982, 'learning_rate': 6.560362529907417e-05, 'epoch': 3.84}
{'loss': 0.351, 'learning_rate': 6.556032456049101e-05, 'epoch': 3.84}
{'loss': 0.3751, 'learning_rate': 6.551702382190784e-05, 'epoch': 3.85}
{'loss': 0.3714, 'learning_rate': 6.547372308332468e-05, 'epoch': 3.85}
{'loss': 0.3598, 'learning_rate': 6.543042234474151e-05, 'epoch': 3.85}
{'loss': 0.3945, 'learning_rate': 6.538712160615833e-05, 'epoch': 3.86}
{'loss': 0.3862, 'learning_rate': 6.534382086757515e-05, 'epoch': 3.86}
{'loss': 0.3915, 'learning_rate': 6.5300520128992e-05, 'epoch': 3.87}
{'loss': 0.3775, 'learning_rate': 6.525721939040882e-05, 'epoch': 3.87}
{'loss': 0.3637, 'learning_rate': 6.521391865182564e-05, 'epoch': 3.87}
{'loss': 0.3852, 'learning_rate': 6.517061791324249e-05, 'epoch': 3.88}
{'loss': 0.3968, 'learning_rate': 6.512731717465931e-05, 'epoch': 3.88}
{'loss': 0.3474, 'learning_rate': 6.508401643607615e-05, 'epoch': 3.89}
{'loss': 0.3837, 'learning_rate': 6.504071569749298e-05, 'epoch': 3.89}
{'loss': 0.4008, 'learning_rate': 6.499741495890982e-05, 'epoch': 3.9}
{'loss': 0.3938, 'learning_rate': 6.495411422032664e-05, 'epoch': 3.9}
{'loss': 0.3871, 'learning_rate': 6.491081348174347e-05, 'epoch': 3.9}
{'loss': 0.3697, 'learning_rate': 6.486751274316031e-05, 'epoch': 3.91}
{'loss': 0.3632, 'learning_rate': 6.482421200457713e-05, 'epoch': 3.91}
{'loss': 0.3767, 'learning_rate': 6.478091126599396e-05, 'epoch': 3.92}
{'loss': 0.3622, 'learning_rate': 6.47376105274108e-05, 'epoch': 3.92}
{'loss': 0.3902, 'learning_rate': 6.469430978882763e-05, 'epoch': 3.92}
{'loss': 0.3832, 'learning_rate': 6.465100905024447e-05, 'epoch': 3.93}
{'loss': 0.4168, 'learning_rate': 6.46077083116613e-05, 'epoch': 3.93}
{'loss': 0.4168, 'learning_rate': 6.456440757307813e-05, 'epoch': 3.94}
{'loss': 0.3888, 'learning_rate': 6.452110683449496e-05, 'epoch': 3.94}
{'loss': 0.3961, 'learning_rate': 6.44778060959118e-05, 'epoch': 3.94}
{'loss': 0.3868, 'learning_rate': 6.443450535732862e-05, 'epoch': 3.95}
{'loss': 0.3686, 'learning_rate': 6.439207063351712e-05, 'epoch': 3.95}
{'loss': 0.3671, 'learning_rate': 6.434876989493394e-05, 'epoch': 3.96}
{'loss': 0.405, 'learning_rate': 6.430546915635077e-05, 'epoch': 3.96}
{'loss': 0.3508, 'learning_rate': 6.426216841776761e-05, 'epoch': 3.96}
{'loss': 0.3699, 'learning_rate': 6.421886767918444e-05, 'epoch': 3.97}
{'loss': 0.3987, 'learning_rate': 6.417556694060128e-05, 'epoch': 3.97}
{'loss': 0.3813, 'learning_rate': 6.413226620201811e-05, 'epoch': 3.98}
{'loss': 0.3577, 'learning_rate': 6.408896546343493e-05, 'epoch': 3.98}
{'loss': 0.3682, 'learning_rate': 6.404566472485177e-05, 'epoch': 3.98}
{'loss': 0.3872, 'learning_rate': 6.40023639862686e-05, 'epoch': 3.99}
{'loss': 0.3941, 'learning_rate': 6.395906324768542e-05, 'epoch': 3.99}
{'loss': 0.3549, 'learning_rate': 6.391662852387393e-05, 'epoch': 4.0}
[INFO|trainer.py:520] 2026-10-04 15:15:29,886 >> The following columns in the evaluation set  don't have a corresponding argument in `PETLEncModel.forward` and have been ignored: idx, premise, hypothesis.
[INFO|trainer.py:2179] 2026-10-04 15:15:29,888 >> ***** Running Evaluation *****
[INFO|trainer.py:2181] 2026-10-04 15:15:29,888 >>   Num examples = 9815
[INFO|trainer.py:2184] 2026-10-04 15:15:29,888 >>   Batch size = 32
{'eval_loss': 0.3745346963405609, 'eval_accuracy': 0.8624554253693326, 'eval_runtime': 13.0758, 'eval_samples_per_second': 750.622, 'eval_steps_per_second': 23.478, 'epoch': 4.0}
[INFO|trainer.py:1933] 2026-10-04 15:15:42,964 >> Saving model checkpoint to checkpoints/glue/mnli/20261004/glue.mnli.adapter.am_adapter.ao_sequential.fm_adapter.fo_sequential.abn.fbn.ac_add.fl_none.finit_bert.fs_1.unfrz_ef_.ne10.warm0.06.wd0.1.seed42./checkpoint-49088
[INFO|configuration_utils.py:364] 2026-10-04 15:15:42,966 >> Configuration saved in checkpoints/glue/mnli/20261004/glue.mnli.adapter.am_adapter.ao_sequential.fm_adapter.fo_sequential.abn.fbn.ac_add.fl_none.finit_bert.fs_1.unfrz_ef_.ne10.warm0.06.wd0.1.seed42./checkpoint-49088/config.json
[INFO|modeling_utils.py:898] 2026-10-04 15:15:43,261 >> Model weights saved in checkpoints/glue/mnli/20261004/glue.mnli.adapter.am_adapter.ao_sequential.fm_adapter.fo_sequential.abn.fbn.ac_add.fl_none.finit_bert.fs_1.unfrz_ef_.ne10.warm0.06.wd0.1.seed42./checkpoint-49088/pytorch_model.bin
[INFO|tokenization_utils_base.py:1948] 2026-10-04 15:15:43,262 >> tokenizer config file saved in checkpoints/glue/mnli/20261004/glue.mnli.adapter.am_adapter.ao_sequential.fm_adapter.fo_sequential.abn.fbn.ac_add.fl_none.finit_bert.fs_1.unfrz_ef_.ne10.warm0.06.wd0.1.seed42./checkpoint-49088/tokenizer_config.json
[INFO|tokenization_utils_base.py:1954] 2026-10-04 15:15:43,262 >> Special tokens file saved in checkpoints/glue/mnli/20261004/glue.mnli.adapter.am_adapter.ao_sequential.fm_adapter.fo_sequential.abn.fbn.ac_add.fl_none.finit_bert.fs_1.unfrz_ef_.ne10.warm0.06.wd0.1.seed42./checkpoint-49088/special_tokens_map.json
[INFO|trainer.py:2009] 2026-10-04 15:15:43,333 >> Deleting older checkpoint [checkpoints/glue/mnli/20261004/glue.mnli.adapter.am_adapter.ao_sequential.fm_adapter.fo_sequential.abn.fbn.ac_add.fl_none.finit_bert.fs_1.unfrz_ef_.ne10.warm0.06.wd0.1.seed42./checkpoint-24544] due to args.save_total_limit
/work/unify-parameter-efficient-tuning/src/transformers/trainer.py:1784: FutureWarning: `torch.cuda.amp.autocast(args...)` is deprecated. Please use `torch.amp.autocast('cuda', args...)` instead.
  with autocast():
{'loss': 0.3675, 'learning_rate': 6.387332778529075e-05, 'epoch': 4.0}
{'loss': 0.3828, 'learning_rate': 6.383002704670758e-05, 'epoch': 4.01}
{'loss': 0.3506, 'learning_rate': 6.378672630812442e-05, 'epoch': 4.01}
{'loss': 0.356, 'learning_rate': 6.374342556954124e-05, 'epoch': 4.01}
{'loss': 0.386, 'learning_rate': 6.370012483095809e-05, 'epoch': 4.02}
{'loss': 0.365, 'learning_rate': 6.365682409237492e-05, 'epoch': 4.02}
{'loss': 0.3899, 'learning_rate': 6.361352335379174e-05, 'epoch': 4.03}
{'loss': 0.3632, 'learning_rate': 6.357022261520858e-05, 'epoch': 4.03}
{'loss': 0.402, 'learning_rate': 6.352692187662541e-05, 'epoch': 4.03}
{'loss': 0.3538, 'learning_rate': 6.348362113804223e-05, 'epoch': 4.04}
{'loss': 0.4075, 'learning_rate': 6.344032039945907e-05, 'epoch': 4.04}
{'loss': 0.3687, 'learning_rate': 6.33970196608759e-05, 'epoch': 4.05}
{'loss': 0.4102, 'learning_rate': 6.335371892229272e-05, 'epoch': 4.05}
{'loss': 0.3768, 'learning_rate': 6.331041818370956e-05, 'epoch': 4.05}
{'loss': 0.3604, 'learning_rate': 6.326711744512641e-05, 'epoch': 4.06}
{'loss': 0.3696, 'learning_rate': 6.322381670654323e-05, 'epoch': 4.06}
{'loss': 0.3645, 'learning_rate': 6.318051596796005e-05, 'epoch': 4.07}
{'loss': 0.3785, 'learning_rate': 6.31372152293769e-05, 'epoch': 4.07}
{'loss': 0.3903, 'learning_rate': 6.309391449079372e-05, 'epoch': 4.07}
{'loss': 0.3955, 'learning_rate': 6.305061375221054e-05, 'epoch': 4.08}
{'loss': 0.3335, 'learning_rate': 6.300731301362739e-05, 'epoch': 4.08}
{'loss': 0.3909, 'learning_rate': 6.296401227504421e-05, 'epoch': 4.09}
{'loss': 0.3612, 'learning_rate': 6.292071153646105e-05, 'epoch': 4.09}
{'loss': 0.3799, 'learning_rate': 6.287741079787788e-05, 'epoch': 4.09}
{'loss': 0.3786, 'learning_rate': 6.283411005929471e-05, 'epoch': 4.1}
{'loss': 0.4035, 'learning_rate': 6.279080932071154e-05, 'epoch': 4.1}
{'loss': 0.3957, 'learning_rate': 6.274750858212837e-05, 'epoch': 4.11}
{'loss': 0.3716, 'learning_rate': 6.27042078435452e-05, 'epoch': 4.11}
{'loss': 0.3769, 'learning_rate': 6.266090710496203e-05, 'epoch': 4.12}
{'loss': 0.3719, 'learning_rate': 6.261760636637886e-05, 'epoch': 4.12}
{'loss': 0.4, 'learning_rate': 6.25743056277957e-05, 'epoch': 4.12}
{'loss': 0.3847, 'learning_rate': 6.253100488921253e-05, 'epoch': 4.13}
{'loss': 0.3534, 'learning_rate': 6.248770415062937e-05, 'epoch': 4.13}
{'loss': 0.3876, 'learning_rate': 6.24444034120462e-05, 'epoch': 4.14}
{'loss': 0.3597, 'learning_rate': 6.240110267346302e-05, 'epoch': 4.14}
{'loss': 0.3643, 'learning_rate': 6.235780193487986e-05, 'epoch': 4.14}
{'loss': 0.3834, 'learning_rate': 6.231450119629669e-05, 'epoch': 4.15}
{'loss': 0.3667, 'learning_rate': 6.227120045771351e-05, 'epoch': 4.15}
{'loss': 0.3827, 'learning_rate': 6.222789971913035e-05, 'epoch': 4.16}
{'loss': 0.3745, 'learning_rate': 6.218459898054718e-05, 'epoch': 4.16}
{'loss': 0.3614, 'learning_rate': 6.214129824196402e-05, 'epoch': 4.16}
{'loss': 0.3893, 'learning_rate': 6.209799750338084e-05, 'epoch': 4.17}
{'loss': 0.376, 'learning_rate': 6.205469676479769e-05, 'epoch': 4.17}
{'loss': 0.374, 'learning_rate': 6.201139602621451e-05, 'epoch': 4.18}
{'loss': 0.3681, 'learning_rate': 6.196809528763133e-05, 'epoch': 4.18}
{'loss': 0.3787, 'learning_rate': 6.192479454904816e-05, 'epoch': 4.18}
{'loss': 0.4025, 'learning_rate': 6.1881493810465e-05, 'epoch': 4.19}
{'loss': 0.39, 'learning_rate': 6.183819307188182e-05, 'epoch': 4.19}
{'loss': 0.3507, 'learning_rate': 6.179489233329865e-05, 'epoch': 4.2}
{'loss': 0.3821, 'learning_rate': 6.17515915947155e-05, 'epoch': 4.2}
{'loss': 0.3475, 'learning_rate': 6.170829085613232e-05, 'epoch': 4.2}
{'loss': 0.3586, 'learning_rate': 6.166499011754916e-05, 'epoch': 4.21}
{'loss': 0.3596, 'learning_rate': 6.162168937896599e-05, 'epoch': 4.21}
{'loss': 0.3297, 'learning_rate': 6.157838864038281e-05, 'epoch': 4.22}
{'loss': 0.3859, 'learning_rate': 6.153508790179965e-05, 'epoch': 4.22}
{'loss': 0.3813, 'learning_rate': 6.149178716321648e-05, 'epoch': 4.23}
{'loss': 0.3747, 'learning_rate': 6.14484864246333e-05, 'epoch': 4.23}
{'loss': 0.3884, 'learning_rate': 6.140518568605014e-05, 'epoch': 4.23}
{'loss': 0.3538, 'learning_rate': 6.136188494746697e-05, 'epoch': 4.24}
{'loss': 0.371, 'learning_rate': 6.131858420888381e-05, 'epoch': 4.24}
{'loss': 0.3973, 'learning_rate': 6.127528347030064e-05, 'epoch': 4.25}
{'loss': 0.4264, 'learning_rate': 6.123198273171748e-05, 'epoch': 4.25}
{'loss': 0.3935, 'learning_rate': 6.11886819931343e-05, 'epoch': 4.25}
{'loss': 0.3601, 'learning_rate': 6.114538125455112e-05, 'epoch': 4.26}
{'loss': 0.3577, 'learning_rate': 6.110208051596797e-05, 'epoch': 4.26}
{'loss': 0.365, 'learning_rate': 6.105877977738479e-05, 'epoch': 4.27}
{'loss': 0.3745, 'learning_rate': 6.101547903880161e-05, 'epoch': 4.27}
{'loss': 0.3866, 'learning_rate': 6.097217830021846e-05, 'epoch': 4.27}
{'loss': 0.3921, 'learning_rate': 6.092887756163529e-05, 'epoch': 4.28}
{'loss': 0.3821, 'learning_rate': 6.0885576823052116e-05, 'epoch': 4.28}
{'loss': 0.3311, 'learning_rate': 6.084227608446895e-05, 'epoch': 4.29}
{'loss': 0.394, 'learning_rate': 6.079897534588579e-05, 'epoch': 4.29}
{'loss': 0.3714, 'learning_rate': 6.075567460730261e-05, 'epoch': 4.29}
{'loss': 0.343, 'learning_rate': 6.071237386871944e-05, 'epoch': 4.3}
{'loss': 0.3597, 'learning_rate': 6.0669073130136276e-05, 'epoch': 4.3}
{'loss': 0.3917, 'learning_rate': 6.0625772391553104e-05, 'epoch': 4.31}
{'loss': 0.4152, 'learning_rate': 6.058247165296994e-05, 'epoch': 4.31}
{'loss': 0.3503, 'learning_rate': 6.053917091438678e-05, 'epoch': 4.31}
{'loss': 0.3756, 'learning_rate': 6.04958701758036e-05, 'epoch': 4.32}
{'loss': 0.3733, 'learning_rate': 6.045256943722044e-05, 'epoch': 4.32}
{'loss': 0.357, 'learning_rate': 6.0409268698637264e-05, 'epoch': 4.33}
{'loss': 0.3436, 'learning_rate': 6.036596796005409e-05, 'epoch': 4.33}
{'loss': 0.3734, 'learning_rate': 6.032266722147093e-05, 'epoch': 4.34}
{'loss': 0.352, 'learning_rate': 6.027936648288777e-05, 'epoch': 4.34}
{'loss': 0.3746, 'learning_rate': 6.023606574430459e-05, 'epoch': 4.34}
{'loss': 0.386, 'learning_rate': 6.019276500572143e-05, 'epoch': 4.35}
{'loss': 0.3776, 'learning_rate': 6.014946426713825e-05, 'epoch': 4.35}
{'loss': 0.3951, 'learning_rate': 6.0106163528555094e-05, 'epoch': 4.36}
{'loss': 0.3839, 'learning_rate': 6.006286278997191e-05, 'epoch': 4.36}
{'loss': 0.3715, 'learning_rate': 6.001956205138876e-05, 'epoch': 4.36}
{'loss': 0.3303, 'learning_rate': 5.9976261312805585e-05, 'epoch': 4.37}
{'loss': 0.3704, 'learning_rate': 5.9932960574222406e-05, 'epoch': 4.37}
{'loss': 0.3633, 'learning_rate': 5.988965983563925e-05, 'epoch': 4.38}
{'loss': 0.3655, 'learning_rate': 5.984635909705607e-05, 'epoch': 4.38}
{'loss': 0.3913, 'learning_rate': 5.98030583584729e-05, 'epoch': 4.38}
{'loss': 0.3788, 'learning_rate': 5.975975761988973e-05, 'epoch': 4.39}
{'loss': 0.378, 'learning_rate': 5.971645688130657e-05, 'epoch': 4.39}
{'loss': 0.4087, 'learning_rate': 5.9673156142723394e-05, 'epoch': 4.4}
{'loss': 0.3812, 'learning_rate': 5.9629855404140236e-05, 'epoch': 4.4}
{'loss': 0.3805, 'learning_rate': 5.958655466555706e-05, 'epoch': 4.4}
{'loss': 0.3914, 'learning_rate': 5.95432539269739e-05, 'epoch': 4.41}
{'loss': 0.3649, 'learning_rate': 5.949995318839072e-05, 'epoch': 4.41}
{'loss': 0.3622, 'learning_rate': 5.945665244980756e-05, 'epoch': 4.42}
{'loss': 0.3682, 'learning_rate': 5.941335171122438e-05, 'epoch': 4.42}
{'loss': 0.3783, 'learning_rate': 5.9370050972641224e-05, 'epoch': 4.42}
{'loss': 0.3581, 'learning_rate': 5.9326750234058045e-05, 'epoch': 4.43}
{'loss': 0.3825, 'learning_rate': 5.928344949547489e-05, 'epoch': 4.43}
{'loss': 0.3732, 'learning_rate': 5.924014875689171e-05, 'epoch': 4.44}
{'loss': 0.3931, 'learning_rate': 5.919684801830855e-05, 'epoch': 4.44}
{'loss': 0.3674, 'learning_rate': 5.915354727972538e-05, 'epoch': 4.45}
{'loss': 0.3748, 'learning_rate': 5.911024654114221e-05, 'epoch': 4.45}
{'loss': 0.3854, 'learning_rate': 5.906694580255905e-05, 'epoch': 4.45}
{'loss': 0.3773, 'learning_rate': 5.902364506397586e-05, 'epoch': 4.46}
{'loss': 0.3901, 'learning_rate': 5.89803443253927e-05, 'epoch': 4.46}
{'loss': 0.3992, 'learning_rate': 5.893704358680954e-05, 'epoch': 4.47}
{'loss': 0.404, 'learning_rate': 5.8893742848226366e-05, 'epoch': 4.47}
{'loss': 0.3871, 'learning_rate': 5.885044210964319e-05, 'epoch': 4.47}
{'loss': 0.3917, 'learning_rate': 5.880714137106003e-05, 'epoch': 4.48}
{'loss': 0.3862, 'learning_rate': 5.876384063247685e-05, 'epoch': 4.48}
{'loss': 0.3738, 'learning_rate': 5.872053989389369e-05, 'epoch': 4.49}
{'loss': 0.3952, 'learning_rate': 5.867723915531051e-05, 'epoch': 4.49}
{'loss': 0.3807, 'learning_rate': 5.8633938416727354e-05, 'epoch': 4.49}
{'loss': 0.385, 'learning_rate': 5.8590637678144175e-05, 'epoch': 4.5}
{'loss': 0.3933, 'learning_rate': 5.854733693956102e-05, 'epoch': 4.5}
{'loss': 0.3411, 'learning_rate': 5.850403620097785e-05, 'epoch': 4.51}
{'loss': 0.3602, 'learning_rate': 5.846073546239468e-05, 'epoch': 4.51}
{'loss': 0.3604, 'learning_rate': 5.84174347238115e-05, 'epoch': 4.51}
{'loss': 0.3665, 'learning_rate': 5.837413398522834e-05, 'epoch': 4.52}
{'loss': 0.3918, 'learning_rate': 5.833083324664517e-05, 'epoch': 4.52}
{'loss': 0.3567, 'learning_rate': 5.8288398522833665e-05, 'epoch': 4.53}
{'loss': 0.3532, 'learning_rate': 5.8245097784250493e-05, 'epoch': 4.53}
{'loss': 0.3786, 'learning_rate': 5.820179704566733e-05, 'epoch': 4.53}
{'loss': 0.3627, 'learning_rate': 5.815849630708416e-05, 'epoch': 4.54}
{'loss': 0.3752, 'learning_rate': 5.811519556850098e-05, 'epoch': 4.54}
{'loss': 0.3673, 'learning_rate': 5.807189482991782e-05, 'epoch': 4.55}
{'loss': 0.3646, 'learning_rate': 5.802859409133467e-05, 'epoch': 4.55}
{'loss': 0.367, 'learning_rate': 5.798529335275148e-05, 'epoch': 4.56}
{'loss': 0.3521, 'learning_rate': 5.7941992614168316e-05, 'epoch': 4.56}
{'loss': 0.386, 'learning_rate': 5.789869187558515e-05, 'epoch': 4.56}
{'loss': 0.3679, 'learning_rate': 5.785539113700198e-05, 'epoch': 4.57}
{'loss': 0.424, 'learning_rate': 5.7812090398418814e-05, 'epoch': 4.57}
{'loss': 0.38, 'learning_rate': 5.7768789659835655e-05, 'epoch': 4.58}
{'loss': 0.3501, 'learning_rate': 5.772548892125247e-05, 'epoch': 4.58}
{'loss': 0.3797, 'learning_rate': 5.7682188182669305e-05, 'epoch': 4.58}
{'loss': 0.4254, 'learning_rate': 5.763888744408614e-05, 'epoch': 4.59}
{'loss': 0.3588, 'learning_rate': 5.759558670550297e-05, 'epoch': 4.59}
{'loss': 0.3827, 'learning_rate': 5.755315198169147e-05, 'epoch': 4.6}
{'loss': 0.398, 'learning_rate': 5.750985124310829e-05, 'epoch': 4.6}
{'loss': 0.382, 'learning_rate': 5.746655050452513e-05, 'epoch': 4.6}
{'loss': 0.3907, 'learning_rate': 5.742324976594195e-05, 'epoch': 4.61}
{'loss': 0.3658, 'learning_rate': 5.737994902735878e-05, 'epoch': 4.61}
{'loss': 0.3961, 'learning_rate': 5.7336648288775616e-05, 'epoch': 4.62}
{'loss': 0.3897, 'learning_rate': 5.729334755019246e-05, 'epoch': 4.62}
{'loss': 0.3529, 'learning_rate': 5.725004681160928e-05, 'epoch': 4.62}
{'loss': 0.3821, 'learning_rate': 5.720674607302612e-05, 'epoch': 4.63}
{'loss': 0.3917, 'learning_rate': 5.716344533444294e-05, 'epoch': 4.63}
{'loss': 0.3415, 'learning_rate': 5.712014459585978e-05, 'epoch': 4.64}
{'loss': 0.3509, 'learning_rate': 5.7076843857276604e-05, 'epoch': 4.64}
{'loss': 0.391, 'learning_rate': 5.7033543118693446e-05, 'epoch': 4.64}
{'loss': 0.3259, 'learning_rate': 5.699024238011027e-05, 'epoch': 4.65}
{'loss': 0.3417, 'learning_rate': 5.694694164152711e-05, 'epoch': 4.65}
{'loss': 0.3652, 'learning_rate': 5.690364090294394e-05, 'epoch': 4.66}
{'loss': 0.3758, 'learning_rate': 5.686034016436076e-05, 'epoch': 4.66}
{'loss': 0.3776, 'learning_rate': 5.6817039425777586e-05, 'epoch': 4.67}
{'loss': 0.3949, 'learning_rate': 5.6773738687194434e-05, 'epoch': 4.67}
{'loss': 0.3641, 'learning_rate': 5.673043794861126e-05, 'epoch': 4.67}
{'loss': 0.3964, 'learning_rate': 5.668713721002808e-05, 'epoch': 4.68}
{'loss': 0.3823, 'learning_rate': 5.664383647144493e-05, 'epoch': 4.68}
{'loss': 0.368, 'learning_rate': 5.6600535732861746e-05, 'epoch': 4.69}
{'loss': 0.3874, 'learning_rate': 5.655723499427859e-05, 'epoch': 4.69}
{'loss': 0.3784, 'learning_rate': 5.651393425569541e-05, 'epoch': 4.69}
{'loss': 0.363, 'learning_rate': 5.647063351711225e-05, 'epoch': 4.7}
{'loss': 0.354, 'learning_rate': 5.642733277852907e-05, 'epoch': 4.7}
{'loss': 0.3656, 'learning_rate': 5.638403203994591e-05, 'epoch': 4.71}
{'loss': 0.3695, 'learning_rate': 5.634073130136275e-05, 'epoch': 4.71}
{'loss': 0.3525, 'learning_rate': 5.629829657755124e-05, 'epoch': 4.71}
{'loss': 0.3565, 'learning_rate': 5.6254995838968064e-05, 'epoch': 4.72}
{'loss': 0.3865, 'learning_rate': 5.6211695100384885e-05, 'epoch': 4.72}
{'loss': 0.3843, 'learning_rate': 5.616839436180175e-05, 'epoch': 4.73}
{'loss': 0.3652, 'learning_rate': 5.612509362321856e-05, 'epoch': 4.73}
{'loss': 0.3841, 'learning_rate': 5.608179288463539e-05, 'epoch': 4.73}
{'loss': 0.395, 'learning_rate': 5.6038492146052224e-05, 'epoch': 4.74}
{'loss': 0.3863, 'learning_rate': 5.599519140746906e-05, 'epoch': 4.74}
{'loss': 0.3698, 'learning_rate': 5.5951890668885874e-05, 'epoch': 4.75}
{'loss': 0.3582, 'learning_rate': 5.5908589930302715e-05, 'epoch': 4.75}
{'loss': 0.3864, 'learning_rate': 5.586528919171955e-05, 'epoch': 4.75}
{'loss': 0.393, 'learning_rate': 5.582198845313638e-05, 'epoch': 4.76}
{'loss': 0.3595, 'learning_rate': 5.577868771455321e-05, 'epoch': 4.76}
{'loss': 0.3814, 'learning_rate': 5.573538697597005e-05, 'epoch': 4.77}
{'loss': 0.3932, 'learning_rate': 5.569208623738686e-05, 'epoch': 4.77}
{'loss': 0.3502, 'learning_rate': 5.564878549880371e-05, 'epoch': 4.78}
{'loss': 0.3474, 'learning_rate': 5.560548476022055e-05, 'epoch': 4.78}
{'loss': 0.3857, 'learning_rate': 5.5562184021637366e-05, 'epoch': 4.78}
{'loss': 0.3618, 'learning_rate': 5.55188832830542e-05, 'epoch': 4.79}
{'loss': 0.367, 'learning_rate': 5.5475582544471036e-05, 'epoch': 4.79}
{'loss': 0.3666, 'learning_rate': 5.5432281805887864e-05, 'epoch': 4.8}
{'loss': 0.3708, 'learning_rate': 5.53889810673047e-05, 'epoch': 4.8}
{'loss': 0.3783, 'learning_rate': 5.534568032872154e-05, 'epoch': 4.8}
{'loss': 0.3529, 'learning_rate': 5.5302379590138354e-05, 'epoch': 4.81}
{'loss': 0.3513, 'learning_rate': 5.525907885155518e-05, 'epoch': 4.81}
{'loss': 0.3807, 'learning_rate': 5.521577811297203e-05, 'epoch': 4.82}
{'loss': 0.3735, 'learning_rate': 5.517247737438885e-05, 'epoch': 4.82}
{'loss': 0.3756, 'learning_rate': 5.5129176635805666e-05, 'epoch': 4.82}
{'loss': 0.3921, 'learning_rate': 5.5085875897222515e-05, 'epoch': 4.83}
{'loss': 0.3851, 'learning_rate': 5.5042575158639356e-05, 'epoch': 4.83}
{'loss': 0.3879, 'learning_rate': 5.499927442005617e-05, 'epoch': 4.84}
{'loss': 0.3678, 'learning_rate': 5.4955973681473005e-05, 'epoch': 4.84}
{'loss': 0.3686, 'learning_rate': 5.491267294288984e-05, 'epoch': 4.84}
{'loss': 0.3909, 'learning_rate': 5.486937220430667e-05, 'epoch': 4.85}
{'loss': 0.4016, 'learning_rate': 5.48260714657235e-05, 'epoch': 4.85}
{'loss': 0.3474, 'learning_rate': 5.4782770727140344e-05, 'epoch': 4.86}
{'loss': 0.3755, 'learning_rate': 5.473946998855716e-05, 'epoch': 4.86}
{'loss': 0.3666, 'learning_rate': 5.469616924997401e-05, 'epoch': 4.86}
{'loss': 0.3474, 'learning_rate': 5.465286851139083e-05, 'epoch': 4.87}
{'loss': 0.3352, 'learning_rate': 5.4609567772807656e-05, 'epoch': 4.87}
{'loss': 0.379, 'learning_rate': 5.456626703422449e-05, 'epoch': 4.88}
{'loss': 0.4035, 'learning_rate': 5.452296629564133e-05, 'epoch': 4.88}
{'loss': 0.3874, 'learning_rate': 5.447966555705816e-05, 'epoch': 4.89}
{'loss': 0.3846, 'learning_rate': 5.443723083324664e-05, 'epoch': 4.89}
{'loss': 0.3988, 'learning_rate': 5.4393930094663484e-05, 'epoch': 4.89}
{'loss': 0.3309, 'learning_rate': 5.4350629356080305e-05, 'epoch': 4.9}
{'loss': 0.3734, 'learning_rate': 5.4307328617497147e-05, 'epoch': 4.9}
{'loss': 0.3752, 'learning_rate': 5.426402787891397e-05, 'epoch': 4.91}
{'loss': 0.3854, 'learning_rate': 5.422072714033081e-05, 'epoch': 4.91}
{'loss': 0.3949, 'learning_rate': 5.417742640174763e-05, 'epoch': 4.91}
{'loss': 0.3833, 'learning_rate': 5.413412566316447e-05, 'epoch': 4.92}
{'loss': 0.3603, 'learning_rate': 5.409082492458129e-05, 'epoch': 4.92}
{'loss': 0.4004, 'learning_rate': 5.4047524185998135e-05, 'epoch': 4.93}
{'loss': 0.374, 'learning_rate': 5.4004223447414956e-05, 'epoch': 4.93}
{'loss': 0.3966, 'learning_rate': 5.39609227088318e-05, 'epoch': 4.93}
{'loss': 0.4053, 'learning_rate': 5.391762197024863e-05, 'epoch': 4.94}
{'loss': 0.3767, 'learning_rate': 5.387432123166546e-05, 'epoch': 4.94}
{'loss': 0.3556, 'learning_rate': 5.383102049308228e-05, 'epoch': 4.95}
{'loss': 0.3817, 'learning_rate': 5.378771975449912e-05, 'epoch': 4.95}
{'loss': 0.3666, 'learning_rate': 5.374441901591595e-05, 'epoch': 4.95}
{'loss': 0.3964, 'learning_rate': 5.3701118277332786e-05, 'epoch': 4.96}
{'loss': 0.3724, 'learning_rate': 5.365781753874962e-05, 'epoch': 4.96}
{'loss': 0.3681, 'learning_rate': 5.3614516800166435e-05, 'epoch': 4.97}
{'loss': 0.4064, 'learning_rate': 5.3571216061583276e-05, 'epoch': 4.97}
{'loss': 0.3725, 'learning_rate': 5.3527915323000125e-05, 'epoch': 4.97}
{'loss': 0.405, 'learning_rate': 5.348461458441694e-05, 'epoch': 4.98}
{'loss': 0.3978, 'learning_rate': 5.344131384583376e-05, 'epoch': 4.98}
{'loss': 0.3656, 'learning_rate': 5.33980131072506e-05, 'epoch': 4.99}
{'loss': 0.4112, 'learning_rate': 5.335471236866744e-05, 'epoch': 4.99}
{'loss': 0.3695, 'learning_rate': 5.3311411630084265e-05, 'epoch': 5.0}
{'loss': 0.3614, 'learning_rate': 5.3268110891501086e-05, 'epoch': 5.0}
[INFO|trainer.py:520] 2026-10-04 15:22:54,360 >> The following columns in the evaluation set  don't have a corresponding argument in `PETLEncModel.forward` and have been ignored: idx, premise, hypothesis.
[INFO|trainer.py:2179] 2026-10-04 15:22:54,362 >> ***** Running Evaluation *****
[INFO|trainer.py:2181] 2026-10-04 15:22:54,362 >>   Num examples = 9815
[INFO|trainer.py:2184] 2026-10-04 15:22:54,362 >>   Batch size = 32
{'eval_loss': 0.3658713698387146, 'eval_accuracy': 0.8664289353031075, 'eval_runtime': 13.3908, 'eval_samples_per_second': 732.964, 'eval_steps_per_second': 22.926, 'epoch': 5.0}
[INFO|trainer.py:1933] 2026-10-04 15:23:07,754 >> Saving model checkpoint to checkpoints/glue/mnli/20261004/glue.mnli.adapter.am_adapter.ao_sequential.fm_adapter.fo_sequential.abn.fbn.ac_add.fl_none.finit_bert.fs_1.unfrz_ef_.ne10.warm0.06.wd0.1.seed42./checkpoint-61360
[INFO|configuration_utils.py:364] 2026-10-04 15:23:07,755 >> Configuration saved in checkpoints/glue/mnli/20261004/glue.mnli.adapter.am_adapter.ao_sequential.fm_adapter.fo_sequential.abn.fbn.ac_add.fl_none.finit_bert.fs_1.unfrz_ef_.ne10.warm0.06.wd0.1.seed42./checkpoint-61360/config.json
[INFO|modeling_utils.py:898] 2026-10-04 15:23:08,082 >> Model weights saved in checkpoints/glue/mnli/20261004/glue.mnli.adapter.am_adapter.ao_sequential.fm_adapter.fo_sequential.abn.fbn.ac_add.fl_none.finit_bert.fs_1.unfrz_ef_.ne10.warm0.06.wd0.1.seed42./checkpoint-61360/pytorch_model.bin
[INFO|tokenization_utils_base.py:1948] 2026-10-04 15:23:08,083 >> tokenizer config file saved in checkpoints/glue/mnli/20261004/glue.mnli.adapter.am_adapter.ao_sequential.fm_adapter.fo_sequential.abn.fbn.ac_add.fl_none.finit_bert.fs_1.unfrz_ef_.ne10.warm0.06.wd0.1.seed42./checkpoint-61360/tokenizer_config.json
[INFO|tokenization_utils_base.py:1954] 2026-10-04 15:23:08,084 >> Special tokens file saved in checkpoints/glue/mnli/20261004/glue.mnli.adapter.am_adapter.ao_sequential.fm_adapter.fo_sequential.abn.fbn.ac_add.fl_none.finit_bert.fs_1.unfrz_ef_.ne10.warm0.06.wd0.1.seed42./checkpoint-61360/special_tokens_map.json
[INFO|trainer.py:2009] 2026-10-04 15:23:08,154 >> Deleting older checkpoint [checkpoints/glue/mnli/20261004/glue.mnli.adapter.am_adapter.ao_sequential.fm_adapter.fo_sequential.abn.fbn.ac_add.fl_none.finit_bert.fs_1.unfrz_ef_.ne10.warm0.06.wd0.1.seed42./checkpoint-36816] due to args.save_total_limit
/work/unify-parameter-efficient-tuning/src/transformers/trainer.py:1784: FutureWarning: `torch.cuda.amp.autocast(args...)` is deprecated. Please use `torch.amp.autocast('cuda', args...)` instead.
  with autocast():
{'loss': 0.373, 'learning_rate': 5.322481015291793e-05, 'epoch': 5.0}
{'loss': 0.3789, 'learning_rate': 5.318150941433475e-05, 'epoch': 5.01}
{'loss': 0.3407, 'learning_rate': 5.313820867575159e-05, 'epoch': 5.01}
{'loss': 0.3454, 'learning_rate': 5.3094907937168425e-05, 'epoch': 5.02}
{'loss': 0.378, 'learning_rate': 5.305160719858525e-05, 'epoch': 5.02}
{'loss': 0.3752, 'learning_rate': 5.300830646000209e-05, 'epoch': 5.02}
{'loss': 0.3655, 'learning_rate': 5.296500572141892e-05, 'epoch': 5.03}
{'loss': 0.3805, 'learning_rate': 5.2921704982835744e-05, 'epoch': 5.03}
{'loss': 0.3843, 'learning_rate': 5.287840424425258e-05, 'epoch': 5.04}
{'loss': 0.3672, 'learning_rate': 5.283510350566941e-05, 'epoch': 5.04}
{'loss': 0.3687, 'learning_rate': 5.279180276708624e-05, 'epoch': 5.04}
{'loss': 0.3476, 'learning_rate': 5.2748502028503076e-05, 'epoch': 5.05}
{'loss': 0.3422, 'learning_rate': 5.270520128991992e-05, 'epoch': 5.05}
{'loss': 0.3538, 'learning_rate': 5.266190055133673e-05, 'epoch': 5.06}
{'loss': 0.3608, 'learning_rate': 5.261859981275355e-05, 'epoch': 5.06}
{'loss': 0.3692, 'learning_rate': 5.25752990741704e-05, 'epoch': 5.06}
{'loss': 0.3569, 'learning_rate': 5.253199833558723e-05, 'epoch': 5.07}
{'loss': 0.3439, 'learning_rate': 5.248869759700406e-05, 'epoch': 5.07}
{'loss': 0.3472, 'learning_rate': 5.2445396858420906e-05, 'epoch': 5.08}
{'loss': 0.4047, 'learning_rate': 5.240209611983773e-05, 'epoch': 5.08}
{'loss': 0.3606, 'learning_rate': 5.235879538125454e-05, 'epoch': 5.08}
{'loss': 0.3728, 'learning_rate': 5.231549464267138e-05, 'epoch': 5.09}
{'loss': 0.3648, 'learning_rate': 5.227219390408822e-05, 'epoch': 5.09}
{'loss': 0.3675, 'learning_rate': 5.2228893165505045e-05, 'epoch': 5.1}
{'loss': 0.3738, 'learning_rate': 5.218559242692188e-05, 'epoch': 5.1}
{'loss': 0.368, 'learning_rate': 5.2142291688338715e-05, 'epoch': 5.11}
{'loss': 0.3308, 'learning_rate': 5.2099856964527203e-05, 'epoch': 5.11}
{'loss': 0.3745, 'learning_rate': 5.2056556225944045e-05, 'epoch': 5.11}
{'loss': 0.3736, 'learning_rate': 5.201325548736086e-05, 'epoch': 5.12}
{'loss': 0.3461, 'learning_rate': 5.196995474877771e-05, 'epoch': 5.12}
{'loss': 0.3712, 'learning_rate': 5.192665401019453e-05, 'epoch': 5.13}
{'loss': 0.3649, 'learning_rate': 5.188335327161136e-05, 'epoch': 5.13}
{'loss': 0.3655, 'learning_rate': 5.1840052533028205e-05, 'epoch': 5.13}
{'loss': 0.3526, 'learning_rate': 5.179675179444503e-05, 'epoch': 5.14}
{'loss': 0.3612, 'learning_rate': 5.1753451055861854e-05, 'epoch': 5.14}
{'loss': 0.3406, 'learning_rate': 5.1710150317278696e-05, 'epoch': 5.15}
{'loss': 0.3507, 'learning_rate': 5.166684957869552e-05, 'epoch': 5.15}
{'loss': 0.3768, 'learning_rate': 5.1623548840112345e-05, 'epoch': 5.15}
{'loss': 0.3759, 'learning_rate': 5.158024810152918e-05, 'epoch': 5.16}
{'loss': 0.3576, 'learning_rate': 5.153694736294602e-05, 'epoch': 5.16}
{'loss': 0.3897, 'learning_rate': 5.149364662436284e-05, 'epoch': 5.17}
{'loss': 0.3956, 'learning_rate': 5.1450345885779684e-05, 'epoch': 5.17}
{'loss': 0.3714, 'learning_rate': 5.1407045147196505e-05, 'epoch': 5.17}
{'loss': 0.3779, 'learning_rate': 5.136374440861333e-05, 'epoch': 5.18}
{'loss': 0.3606, 'learning_rate': 5.1320443670030175e-05, 'epoch': 5.18}
{'loss': 0.3774, 'learning_rate': 5.127714293144701e-05, 'epoch': 5.19}
{'loss': 0.3769, 'learning_rate': 5.123384219286384e-05, 'epoch': 5.19}
{'loss': 0.3872, 'learning_rate': 5.119054145428066e-05, 'epoch': 5.19}
{'loss': 0.3634, 'learning_rate': 5.11472407156975e-05, 'epoch': 5.2}
{'loss': 0.3788, 'learning_rate': 5.110393997711432e-05, 'epoch': 5.2}
{'loss': 0.391, 'learning_rate': 5.106063923853116e-05, 'epoch': 5.21}
{'loss': 0.3689, 'learning_rate': 5.1017338499948e-05, 'epoch': 5.21}
{'loss': 0.3578, 'learning_rate': 5.0974037761364826e-05, 'epoch': 5.22}
{'loss': 0.3577, 'learning_rate': 5.093073702278165e-05, 'epoch': 5.22}
{'loss': 0.3624, 'learning_rate': 5.0887436284198495e-05, 'epoch': 5.22}
{'loss': 0.387, 'learning_rate': 5.084413554561531e-05, 'epoch': 5.23}
{'loss': 0.3624, 'learning_rate': 5.080083480703214e-05, 'epoch': 5.23}
{'loss': 0.36, 'learning_rate': 5.075753406844897e-05, 'epoch': 5.24}
{'loss': 0.3631, 'learning_rate': 5.0714233329865814e-05, 'epoch': 5.24}
{'loss': 0.3462, 'learning_rate': 5.0670932591282635e-05, 'epoch': 5.24}
{'loss': 0.3827, 'learning_rate': 5.062763185269948e-05, 'epoch': 5.25}
{'loss': 0.3691, 'learning_rate': 5.05843311141163e-05, 'epoch': 5.25}
{'loss': 0.3551, 'learning_rate': 5.054103037553314e-05, 'epoch': 5.26}
{'loss': 0.3658, 'learning_rate': 5.049772963694997e-05, 'epoch': 5.26}
{'loss': 0.3822, 'learning_rate': 5.04544288983668e-05, 'epoch': 5.26}
{'loss': 0.3576, 'learning_rate': 5.041112815978363e-05, 'epoch': 5.27}
{'loss': 0.3409, 'learning_rate': 5.036782742120045e-05, 'epoch': 5.27}
{'loss': 0.3823, 'learning_rate': 5.0325392697388954e-05, 'epoch': 5.28}
{'loss': 0.3679, 'learning_rate': 5.02820919588058e-05, 'epoch': 5.28}
{'loss': 0.3743, 'learning_rate': 5.0238791220222616e-05, 'epoch': 5.28}
{'loss': 0.3527, 'learning_rate': 5.019549048163944e-05, 'epoch': 5.29}
{'loss': 0.3479, 'learning_rate': 5.015218974305628e-05, 'epoch': 5.29}
{'loss': 0.3695, 'learning_rate': 5.0108889004473114e-05, 'epoch': 5.3}
{'loss': 0.3547, 'learning_rate': 5.006558826588994e-05, 'epoch': 5.3}
{'loss': 0.3526, 'learning_rate': 5.0022287527306776e-05, 'epoch': 5.3}
{'loss': 0.3463, 'learning_rate': 4.997898678872361e-05, 'epoch': 5.31}
{'loss': 0.3257, 'learning_rate': 4.993568605014043e-05, 'epoch': 5.31}
{'loss': 0.3927, 'learning_rate': 4.989238531155727e-05, 'epoch': 5.32}
{'loss': 0.396, 'learning_rate': 4.98490845729741e-05, 'epoch': 5.32}
{'loss': 0.3495, 'learning_rate': 4.980578383439093e-05, 'epoch': 5.33}
{'loss': 0.3567, 'learning_rate': 4.9762483095807765e-05, 'epoch': 5.33}
{'loss': 0.3681, 'learning_rate': 4.97191823572246e-05, 'epoch': 5.33}
{'loss': 0.3689, 'learning_rate': 4.967588161864142e-05, 'epoch': 5.34}
{'loss': 0.3818, 'learning_rate': 4.963258088005826e-05, 'epoch': 5.34}
{'loss': 0.3536, 'learning_rate': 4.95892801414751e-05, 'epoch': 5.35}
{'loss': 0.3539, 'learning_rate': 4.954597940289192e-05, 'epoch': 5.35}
{'loss': 0.3518, 'learning_rate': 4.950267866430875e-05, 'epoch': 5.35}
{'loss': 0.3781, 'learning_rate': 4.945937792572558e-05, 'epoch': 5.36}
{'loss': 0.3408, 'learning_rate': 4.9416077187142416e-05, 'epoch': 5.36}
{'loss': 0.4004, 'learning_rate': 4.937277644855925e-05, 'epoch': 5.37}
{'loss': 0.3549, 'learning_rate': 4.932947570997607e-05, 'epoch': 5.37}
{'loss': 0.3503, 'learning_rate': 4.9286174971392906e-05, 'epoch': 5.37}
{'loss': 0.3763, 'learning_rate': 4.924287423280974e-05, 'epoch': 5.38}
{'loss': 0.3326, 'learning_rate': 4.919957349422657e-05, 'epoch': 5.38}
{'loss': 0.3723, 'learning_rate': 4.9156272755643404e-05, 'epoch': 5.39}
{'loss': 0.3761, 'learning_rate': 4.911297201706024e-05, 'epoch': 5.39}
{'loss': 0.3833, 'learning_rate': 4.9069671278477067e-05, 'epoch': 5.39}
{'loss': 0.3462, 'learning_rate': 4.90263705398939e-05, 'epoch': 5.4}
{'loss': 0.3687, 'learning_rate': 4.898306980131072e-05, 'epoch': 5.4}
{'loss': 0.3618, 'learning_rate': 4.893976906272756e-05, 'epoch': 5.41}
{'loss': 0.368, 'learning_rate': 4.889646832414439e-05, 'epoch': 5.41}
{'loss': 0.4056, 'learning_rate': 4.885316758556122e-05, 'epoch': 5.41}
{'loss': 0.3836, 'learning_rate': 4.8809866846978055e-05, 'epoch': 5.42}
{'loss': 0.3773, 'learning_rate': 4.876656610839489e-05, 'epoch': 5.42}
{'loss': 0.3757, 'learning_rate': 4.872326536981171e-05, 'epoch': 5.43}
{'loss': 0.3526, 'learning_rate': 4.867996463122855e-05, 'epoch': 5.43}
{'loss': 0.3487, 'learning_rate': 4.863666389264539e-05, 'epoch': 5.44}
{'loss': 0.3715, 'learning_rate': 4.859336315406221e-05, 'epoch': 5.44}
{'loss': 0.365, 'learning_rate': 4.855006241547904e-05, 'epoch': 5.44}
{'loss': 0.3503, 'learning_rate': 4.850676167689587e-05, 'epoch': 5.45}
{'loss': 0.361, 'learning_rate': 4.8463460938312706e-05, 'epoch': 5.45}
{'loss': 0.3391, 'learning_rate': 4.842016019972954e-05, 'epoch': 5.46}
{'loss': 0.37, 'learning_rate': 4.837685946114636e-05, 'epoch': 5.46}
{'loss': 0.3674, 'learning_rate': 4.8333558722563196e-05, 'epoch': 5.46}
{'loss': 0.3578, 'learning_rate': 4.829025798398003e-05, 'epoch': 5.47}
{'loss': 0.3802, 'learning_rate': 4.824695724539686e-05, 'epoch': 5.47}
{'loss': 0.3705, 'learning_rate': 4.8203656506813694e-05, 'epoch': 5.48}
{'loss': 0.3894, 'learning_rate': 4.816035576823053e-05, 'epoch': 5.48}
{'loss': 0.3401, 'learning_rate': 4.811705502964736e-05, 'epoch': 5.48}
{'loss': 0.3419, 'learning_rate': 4.807375429106419e-05, 'epoch': 5.49}
{'loss': 0.3409, 'learning_rate': 4.8030453552481026e-05, 'epoch': 5.49}
{'loss': 0.3832, 'learning_rate': 4.798715281389785e-05, 'epoch': 5.5}
{'loss': 0.3329, 'learning_rate': 4.794385207531468e-05, 'epoch': 5.5}
{'loss': 0.3734, 'learning_rate': 4.790055133673151e-05, 'epoch': 5.5}
{'loss': 0.3785, 'learning_rate': 4.7858116612920005e-05, 'epoch': 5.51}
{'loss': 0.3472, 'learning_rate': 4.781481587433684e-05, 'epoch': 5.51}
{'loss': 0.3648, 'learning_rate': 4.777151513575367e-05, 'epoch': 5.52}
{'loss': 0.3566, 'learning_rate': 4.77282143971705e-05, 'epoch': 5.52}
{'loss': 0.3508, 'learning_rate': 4.768491365858734e-05, 'epoch': 5.52}
{'loss': 0.3466, 'learning_rate': 4.764161292000416e-05, 'epoch': 5.53}
{'loss': 0.3659, 'learning_rate': 4.7598312181420994e-05, 'epoch': 5.53}
{'loss': 0.3608, 'learning_rate': 4.7555011442837835e-05, 'epoch': 5.54}
{'loss': 0.361, 'learning_rate': 4.7511710704254656e-05, 'epoch': 5.54}
{'loss': 0.3602, 'learning_rate': 4.746840996567149e-05, 'epoch': 5.55}
{'loss': 0.3748, 'learning_rate': 4.742510922708832e-05, 'epoch': 5.55}
{'loss': 0.3527, 'learning_rate': 4.7381808488505154e-05, 'epoch': 5.55}
{'loss': 0.3687, 'learning_rate': 4.733850774992199e-05, 'epoch': 5.56}
{'loss': 0.3466, 'learning_rate': 4.729520701133881e-05, 'epoch': 5.56}
{'loss': 0.3914, 'learning_rate': 4.7251906272755645e-05, 'epoch': 5.57}
{'loss': 0.3594, 'learning_rate': 4.720860553417248e-05, 'epoch': 5.57}
{'loss': 0.4083, 'learning_rate': 4.716530479558931e-05, 'epoch': 5.57}
{'loss': 0.3837, 'learning_rate': 4.712200405700614e-05, 'epoch': 5.58}
{'loss': 0.3335, 'learning_rate': 4.707870331842298e-05, 'epoch': 5.58}
{'loss': 0.3787, 'learning_rate': 4.70354025798398e-05, 'epoch': 5.59}
{'loss': 0.3146, 'learning_rate': 4.699210184125664e-05, 'epoch': 5.59}
{'loss': 0.3853, 'learning_rate': 4.6948801102673474e-05, 'epoch': 5.59}
{'loss': 0.3297, 'learning_rate': 4.6905500364090296e-05, 'epoch': 5.6}
{'loss': 0.4036, 'learning_rate': 4.686219962550713e-05, 'epoch': 5.6}
{'loss': 0.3482, 'learning_rate': 4.681889888692396e-05, 'epoch': 5.61}
{'loss': 0.3455, 'learning_rate': 4.677559814834079e-05, 'epoch': 5.61}
{'loss': 0.3484, 'learning_rate': 4.673229740975763e-05, 'epoch': 5.61}
{'loss': 0.3729, 'learning_rate': 4.668899667117445e-05, 'epoch': 5.62}
{'loss': 0.3555, 'learning_rate': 4.6645695932591284e-05, 'epoch': 5.62}
{'loss': 0.3758, 'learning_rate': 4.660239519400812e-05, 'epoch': 5.63}
{'loss': 0.3581, 'learning_rate': 4.6559094455424946e-05, 'epoch': 5.63}
{'loss': 0.3384, 'learning_rate': 4.651579371684178e-05, 'epoch': 5.63}
{'loss': 0.3744, 'learning_rate': 4.6472492978258616e-05, 'epoch': 5.64}
{'loss': 0.379, 'learning_rate': 4.6429192239675444e-05, 'epoch': 5.64}
{'loss': 0.3654, 'learning_rate': 4.638589150109228e-05, 'epoch': 5.65}
{'loss': 0.3655, 'learning_rate': 4.63425907625091e-05, 'epoch': 5.65}
{'loss': 0.385, 'learning_rate': 4.6299290023925935e-05, 'epoch': 5.66}
{'loss': 0.3472, 'learning_rate': 4.625598928534277e-05, 'epoch': 5.66}
{'loss': 0.3579, 'learning_rate': 4.621355456153126e-05, 'epoch': 5.66}
{'loss': 0.3618, 'learning_rate': 4.617025382294809e-05, 'epoch': 5.67}
{'loss': 0.3714, 'learning_rate': 4.612695308436493e-05, 'epoch': 5.67}
{'loss': 0.3532, 'learning_rate': 4.6083652345781756e-05, 'epoch': 5.68}
{'loss': 0.3818, 'learning_rate': 4.604035160719859e-05, 'epoch': 5.68}
{'loss': 0.3677, 'learning_rate': 4.5997050868615425e-05, 'epoch': 5.68}
{'loss': 0.3712, 'learning_rate': 4.5953750130032246e-05, 'epoch': 5.69}
{'loss': 0.3209, 'learning_rate': 4.591044939144908e-05, 'epoch': 5.69}
{'loss': 0.3602, 'learning_rate': 4.586714865286592e-05, 'epoch': 5.7}
{'loss': 0.3784, 'learning_rate': 4.5823847914282744e-05, 'epoch': 5.7}
{'loss': 0.3519, 'learning_rate': 4.578054717569958e-05, 'epoch': 5.7}
{'loss': 0.3554, 'learning_rate': 4.5737246437116406e-05, 'epoch': 5.71}
{'loss': 0.3511, 'learning_rate': 4.569394569853324e-05, 'epoch': 5.71}
{'loss': 0.3827, 'learning_rate': 4.5650644959950076e-05, 'epoch': 5.72}
{'loss': 0.3545, 'learning_rate': 4.56073442213669e-05, 'epoch': 5.72}
{'loss': 0.3944, 'learning_rate': 4.556404348278373e-05, 'epoch': 5.72}
{'loss': 0.4191, 'learning_rate': 4.552074274420057e-05, 'epoch': 5.73}
{'loss': 0.3817, 'learning_rate': 4.5477442005617395e-05, 'epoch': 5.73}
{'loss': 0.3699, 'learning_rate': 4.543414126703423e-05, 'epoch': 5.74}
{'loss': 0.3802, 'learning_rate': 4.5390840528451064e-05, 'epoch': 5.74}
{'loss': 0.3588, 'learning_rate': 4.5347539789867885e-05, 'epoch': 5.74}
{'loss': 0.3858, 'learning_rate': 4.530423905128473e-05, 'epoch': 5.75}
{'loss': 0.3702, 'learning_rate': 4.526093831270155e-05, 'epoch': 5.75}
{'loss': 0.3845, 'learning_rate': 4.521763757411838e-05, 'epoch': 5.76}
{'loss': 0.3804, 'learning_rate': 4.517433683553522e-05, 'epoch': 5.76}
{'loss': 0.3492, 'learning_rate': 4.5131036096952046e-05, 'epoch': 5.77}
{'loss': 0.3703, 'learning_rate': 4.508773535836888e-05, 'epoch': 5.77}
{'loss': 0.3821, 'learning_rate': 4.5044434619785715e-05, 'epoch': 5.77}
{'loss': 0.3357, 'learning_rate': 4.5001133881202536e-05, 'epoch': 5.78}
{'loss': 0.3642, 'learning_rate': 4.495783314261937e-05, 'epoch': 5.78}
{'loss': 0.4066, 'learning_rate': 4.4914532404036206e-05, 'epoch': 5.79}
{'loss': 0.3909, 'learning_rate': 4.4871231665453034e-05, 'epoch': 5.79}
{'loss': 0.3894, 'learning_rate': 4.482793092686987e-05, 'epoch': 5.79}
{'loss': 0.3847, 'learning_rate': 4.47846301882867e-05, 'epoch': 5.8}
{'loss': 0.3621, 'learning_rate': 4.474132944970353e-05, 'epoch': 5.8}
{'loss': 0.3661, 'learning_rate': 4.4698028711120366e-05, 'epoch': 5.81}
{'loss': 0.361, 'learning_rate': 4.465472797253719e-05, 'epoch': 5.81}
{'loss': 0.3316, 'learning_rate': 4.461142723395402e-05, 'epoch': 5.81}
{'loss': 0.3952, 'learning_rate': 4.456812649537086e-05, 'epoch': 5.82}
{'loss': 0.3897, 'learning_rate': 4.4524825756787685e-05, 'epoch': 5.82}
{'loss': 0.3565, 'learning_rate': 4.448152501820452e-05, 'epoch': 5.83}
{'loss': 0.3557, 'learning_rate': 4.4438224279621354e-05, 'epoch': 5.83}
{'loss': 0.3855, 'learning_rate': 4.4394923541038175e-05, 'epoch': 5.83}
{'loss': 0.3758, 'learning_rate': 4.435162280245501e-05, 'epoch': 5.84}
{'loss': 0.372, 'learning_rate': 4.430832206387185e-05, 'epoch': 5.84}
{'loss': 0.3532, 'learning_rate': 4.426502132528867e-05, 'epoch': 5.85}
{'loss': 0.3437, 'learning_rate': 4.422172058670551e-05, 'epoch': 5.85}
{'loss': 0.339, 'learning_rate': 4.4178419848122336e-05, 'epoch': 5.85}
{'loss': 0.3625, 'learning_rate': 4.413511910953917e-05, 'epoch': 5.86}
{'loss': 0.3695, 'learning_rate': 4.4091818370956005e-05, 'epoch': 5.86}
{'loss': 0.4029, 'learning_rate': 4.4048517632372826e-05, 'epoch': 5.87}
{'loss': 0.3818, 'learning_rate': 4.400521689378966e-05, 'epoch': 5.87}
{'loss': 0.3369, 'learning_rate': 4.3961916155206496e-05, 'epoch': 5.88}
{'loss': 0.3667, 'learning_rate': 4.3918615416623324e-05, 'epoch': 5.88}
{'loss': 0.3619, 'learning_rate': 4.387531467804016e-05, 'epoch': 5.88}
{'loss': 0.3574, 'learning_rate': 4.3832013939456993e-05, 'epoch': 5.89}
{'loss': 0.3724, 'learning_rate': 4.3788713200873815e-05, 'epoch': 5.89}
{'loss': 0.3652, 'learning_rate': 4.3745412462290656e-05, 'epoch': 5.9}
{'loss': 0.382, 'learning_rate': 4.370211172370748e-05, 'epoch': 5.9}
{'loss': 0.3528, 'learning_rate': 4.365881098512431e-05, 'epoch': 5.9}
{'loss': 0.3532, 'learning_rate': 4.361551024654115e-05, 'epoch': 5.91}
{'loss': 0.3551, 'learning_rate': 4.3572209507957975e-05, 'epoch': 5.91}
{'loss': 0.3575, 'learning_rate': 4.352890876937481e-05, 'epoch': 5.92}
{'loss': 0.3607, 'learning_rate': 4.3485608030791644e-05, 'epoch': 5.92}
{'loss': 0.3647, 'learning_rate': 4.3442307292208466e-05, 'epoch': 5.92}
{'loss': 0.3575, 'learning_rate': 4.33990065536253e-05, 'epoch': 5.93}
{'loss': 0.3498, 'learning_rate': 4.335570581504214e-05, 'epoch': 5.93}
{'loss': 0.3621, 'learning_rate': 4.331240507645896e-05, 'epoch': 5.94}
{'loss': 0.3632, 'learning_rate': 4.32691043378758e-05, 'epoch': 5.94}
{'loss': 0.3373, 'learning_rate': 4.322580359929263e-05, 'epoch': 5.94}
{'loss': 0.3357, 'learning_rate': 4.318250286070946e-05, 'epoch': 5.95}
{'loss': 0.349, 'learning_rate': 4.3139202122126295e-05, 'epoch': 5.95}
{'loss': 0.3807, 'learning_rate': 4.3095901383543116e-05, 'epoch': 5.96}
{'loss': 0.3641, 'learning_rate': 4.305260064495995e-05, 'epoch': 5.96}
{'loss': 0.3419, 'learning_rate': 4.3009299906376786e-05, 'epoch': 5.96}
{'loss': 0.3954, 'learning_rate': 4.2965999167793614e-05, 'epoch': 5.97}
{'loss': 0.3883, 'learning_rate': 4.292269842921045e-05, 'epoch': 5.97}
{'loss': 0.3487, 'learning_rate': 4.2879397690627283e-05, 'epoch': 5.98}
{'loss': 0.3973, 'learning_rate': 4.2836096952044105e-05, 'epoch': 5.98}
{'loss': 0.36, 'learning_rate': 4.2792796213460946e-05, 'epoch': 5.99}
{'loss': 0.4075, 'learning_rate': 4.274949547487778e-05, 'epoch': 5.99}
{'loss': 0.3907, 'learning_rate': 4.27061947362946e-05, 'epoch': 5.99}
{'loss': 0.349, 'learning_rate': 4.266289399771144e-05, 'epoch': 6.0}
[INFO|trainer.py:520] 2026-10-04 15:30:17,696 >> The following columns in the evaluation set  don't have a corresponding argument in `PETLEncModel.forward` and have been ignored: idx, premise, hypothesis.
[INFO|trainer.py:2179] 2026-10-04 15:30:17,698 >> ***** Running Evaluation *****
[INFO|trainer.py:2181] 2026-10-04 15:30:17,698 >>   Num examples = 9815
[INFO|trainer.py:2184] 2026-10-04 15:30:17,698 >>   Batch size = 32
{'eval_loss': 0.37313148379325867, 'eval_accuracy': 0.865206316861946, 'eval_runtime': 13.4768, 'eval_samples_per_second': 728.289, 'eval_steps_per_second': 22.78, 'epoch': 6.0}
[INFO|trainer.py:1933] 2026-10-04 15:30:31,175 >> Saving model checkpoint to checkpoints/glue/mnli/20261004/glue.mnli.adapter.am_adapter.ao_sequential.fm_adapter.fo_sequential.abn.fbn.ac_add.fl_none.finit_bert.fs_1.unfrz_ef_.ne10.warm0.06.wd0.1.seed42./checkpoint-73632
[INFO|configuration_utils.py:364] 2026-10-04 15:30:31,177 >> Configuration saved in checkpoints/glue/mnli/20261004/glue.mnli.adapter.am_adapter.ao_sequential.fm_adapter.fo_sequential.abn.fbn.ac_add.fl_none.finit_bert.fs_1.unfrz_ef_.ne10.warm0.06.wd0.1.seed42./checkpoint-73632/config.json
[INFO|modeling_utils.py:898] 2026-10-04 15:30:31,502 >> Model weights saved in checkpoints/glue/mnli/20261004/glue.mnli.adapter.am_adapter.ao_sequential.fm_adapter.fo_sequential.abn.fbn.ac_add.fl_none.finit_bert.fs_1.unfrz_ef_.ne10.warm0.06.wd0.1.seed42./checkpoint-73632/pytorch_model.bin
[INFO|tokenization_utils_base.py:1948] 2026-10-04 15:30:31,503 >> tokenizer config file saved in checkpoints/glue/mnli/20261004/glue.mnli.adapter.am_adapter.ao_sequential.fm_adapter.fo_sequential.abn.fbn.ac_add.fl_none.finit_bert.fs_1.unfrz_ef_.ne10.warm0.06.wd0.1.seed42./checkpoint-73632/tokenizer_config.json
[INFO|tokenization_utils_base.py:1954] 2026-10-04 15:30:31,504 >> Special tokens file saved in checkpoints/glue/mnli/20261004/glue.mnli.adapter.am_adapter.ao_sequential.fm_adapter.fo_sequential.abn.fbn.ac_add.fl_none.finit_bert.fs_1.unfrz_ef_.ne10.warm0.06.wd0.1.seed42./checkpoint-73632/special_tokens_map.json
[INFO|trainer.py:2009] 2026-10-04 15:30:31,578 >> Deleting older checkpoint [checkpoints/glue/mnli/20261004/glue.mnli.adapter.am_adapter.ao_sequential.fm_adapter.fo_sequential.abn.fbn.ac_add.fl_none.finit_bert.fs_1.unfrz_ef_.ne10.warm0.06.wd0.1.seed42./checkpoint-49088] due to args.save_total_limit
/work/unify-parameter-efficient-tuning/src/transformers/trainer.py:1784: FutureWarning: `torch.cuda.amp.autocast(args...)` is deprecated. Please use `torch.amp.autocast('cuda', args...)` instead.
  with autocast():
{'loss': 0.3533, 'learning_rate': 4.2619593259128265e-05, 'epoch': 6.0}
{'loss': 0.3504, 'learning_rate': 4.25762925205451e-05, 'epoch': 6.01}
{'loss': 0.349, 'learning_rate': 4.2532991781961934e-05, 'epoch': 6.01}
{'loss': 0.3647, 'learning_rate': 4.2489691043378756e-05, 'epoch': 6.01}
{'loss': 0.3386, 'learning_rate': 4.244639030479559e-05, 'epoch': 6.02}
{'loss': 0.3621, 'learning_rate': 4.2403089566212425e-05, 'epoch': 6.02}
{'loss': 0.3353, 'learning_rate': 4.235978882762925e-05, 'epoch': 6.03}
{'loss': 0.3485, 'learning_rate': 4.231648808904609e-05, 'epoch': 6.03}
{'loss': 0.3506, 'learning_rate': 4.227318735046292e-05, 'epoch': 6.03}
{'loss': 0.3421, 'learning_rate': 4.222988661187975e-05, 'epoch': 6.04}
{'loss': 0.3614, 'learning_rate': 4.2186585873296585e-05, 'epoch': 6.04}
{'loss': 0.3523, 'learning_rate': 4.2143285134713407e-05, 'epoch': 6.05}
{'loss': 0.3405, 'learning_rate': 4.209998439613024e-05, 'epoch': 6.05}
{'loss': 0.3793, 'learning_rate': 4.2056683657547076e-05, 'epoch': 6.05}
{'loss': 0.3666, 'learning_rate': 4.2013382918963904e-05, 'epoch': 6.06}
{'loss': 0.3802, 'learning_rate': 4.197008218038074e-05, 'epoch': 6.06}
{'loss': 0.3453, 'learning_rate': 4.1926781441797574e-05, 'epoch': 6.07}
{'loss': 0.3381, 'learning_rate': 4.1883480703214395e-05, 'epoch': 6.07}
{'loss': 0.3529, 'learning_rate': 4.184017996463123e-05, 'epoch': 6.07}
{'loss': 0.3604, 'learning_rate': 4.179687922604807e-05, 'epoch': 6.08}
{'loss': 0.3484, 'learning_rate': 4.175357848746489e-05, 'epoch': 6.08}
{'loss': 0.3507, 'learning_rate': 4.171027774888173e-05, 'epoch': 6.09}
{'loss': 0.3773, 'learning_rate': 4.166697701029856e-05, 'epoch': 6.09}
{'loss': 0.3534, 'learning_rate': 4.162367627171539e-05, 'epoch': 6.1}
{'loss': 0.4071, 'learning_rate': 4.1580375533132224e-05, 'epoch': 6.1}
{'loss': 0.3132, 'learning_rate': 4.1537074794549046e-05, 'epoch': 6.1}
{'loss': 0.3697, 'learning_rate': 4.149377405596588e-05, 'epoch': 6.11}
{'loss': 0.3704, 'learning_rate': 4.1450473317382715e-05, 'epoch': 6.11}
{'loss': 0.3516, 'learning_rate': 4.140717257879954e-05, 'epoch': 6.12}
{'loss': 0.3744, 'learning_rate': 4.136387184021638e-05, 'epoch': 6.12}
{'loss': 0.3583, 'learning_rate': 4.132057110163321e-05, 'epoch': 6.12}
{'loss': 0.3803, 'learning_rate': 4.12781363778217e-05, 'epoch': 6.13}
{'loss': 0.3863, 'learning_rate': 4.1234835639238536e-05, 'epoch': 6.13}
{'loss': 0.3755, 'learning_rate': 4.119153490065537e-05, 'epoch': 6.14}
{'loss': 0.3671, 'learning_rate': 4.114823416207219e-05, 'epoch': 6.14}
{'loss': 0.36, 'learning_rate': 4.1104933423489034e-05, 'epoch': 6.14}
{'loss': 0.3197, 'learning_rate': 4.1061632684905855e-05, 'epoch': 6.15}
{'loss': 0.3346, 'learning_rate': 4.101833194632269e-05, 'epoch': 6.15}
{'loss': 0.3756, 'learning_rate': 4.0975031207739524e-05, 'epoch': 6.16}
{'loss': 0.3433, 'learning_rate': 4.093173046915635e-05, 'epoch': 6.16}
{'loss': 0.3552, 'learning_rate': 4.088842973057319e-05, 'epoch': 6.16}
{'loss': 0.3265, 'learning_rate': 4.084512899199002e-05, 'epoch': 6.17}
{'loss': 0.3842, 'learning_rate': 4.080182825340684e-05, 'epoch': 6.17}
{'loss': 0.3637, 'learning_rate': 4.075852751482368e-05, 'epoch': 6.18}
{'loss': 0.3236, 'learning_rate': 4.071522677624051e-05, 'epoch': 6.18}
{'loss': 0.3777, 'learning_rate': 4.067192603765734e-05, 'epoch': 6.18}
{'loss': 0.3547, 'learning_rate': 4.0628625299074175e-05, 'epoch': 6.19}
{'loss': 0.3634, 'learning_rate': 4.058532456049101e-05, 'epoch': 6.19}
{'loss': 0.3644, 'learning_rate': 4.054202382190784e-05, 'epoch': 6.2}
{'loss': 0.3757, 'learning_rate': 4.049872308332467e-05, 'epoch': 6.2}
{'loss': 0.3716, 'learning_rate': 4.0455422344741494e-05, 'epoch': 6.21}
{'loss': 0.3576, 'learning_rate': 4.041212160615833e-05, 'epoch': 6.21}
{'loss': 0.3653, 'learning_rate': 4.036882086757516e-05, 'epoch': 6.21}
{'loss': 0.3857, 'learning_rate': 4.032552012899199e-05, 'epoch': 6.22}
{'loss': 0.3283, 'learning_rate': 4.0282219390408826e-05, 'epoch': 6.22}
{'loss': 0.3569, 'learning_rate': 4.023891865182566e-05, 'epoch': 6.23}
{'loss': 0.379, 'learning_rate': 4.019561791324248e-05, 'epoch': 6.23}
{'loss': 0.3921, 'learning_rate': 4.015231717465932e-05, 'epoch': 6.23}
{'loss': 0.3291, 'learning_rate': 4.010901643607616e-05, 'epoch': 6.24}
{'loss': 0.3679, 'learning_rate': 4.006571569749298e-05, 'epoch': 6.24}
{'loss': 0.3573, 'learning_rate': 4.0022414958909814e-05, 'epoch': 6.25}
{'loss': 0.3338, 'learning_rate': 3.997911422032664e-05, 'epoch': 6.25}
{'loss': 0.363, 'learning_rate': 3.993581348174348e-05, 'epoch': 6.25}
{'loss': 0.3574, 'learning_rate': 3.989251274316031e-05, 'epoch': 6.26}
{'loss': 0.36, 'learning_rate': 3.984921200457713e-05, 'epoch': 6.26}
{'loss': 0.3519, 'learning_rate': 3.980591126599397e-05, 'epoch': 6.27}
{'loss': 0.3607, 'learning_rate': 3.97626105274108e-05, 'epoch': 6.27}
{'loss': 0.3409, 'learning_rate': 3.971930978882763e-05, 'epoch': 6.27}
{'loss': 0.3578, 'learning_rate': 3.9676009050244465e-05, 'epoch': 6.28}
{'loss': 0.3548, 'learning_rate': 3.96327083116613e-05, 'epoch': 6.28}
{'loss': 0.3311, 'learning_rate': 3.958940757307812e-05, 'epoch': 6.29}
{'loss': 0.3819, 'learning_rate': 3.954610683449496e-05, 'epoch': 6.29}
{'loss': 0.3283, 'learning_rate': 3.9502806095911784e-05, 'epoch': 6.29}
{'loss': 0.3989, 'learning_rate': 3.945950535732862e-05, 'epoch': 6.3}
{'loss': 0.3494, 'learning_rate': 3.9416204618745453e-05, 'epoch': 6.3}
{'loss': 0.3777, 'learning_rate': 3.937290388016228e-05, 'epoch': 6.31}
{'loss': 0.3603, 'learning_rate': 3.9329603141579116e-05, 'epoch': 6.31}
{'loss': 0.3631, 'learning_rate': 3.928630240299595e-05, 'epoch': 6.32}
{'loss': 0.3701, 'learning_rate': 3.924300166441277e-05, 'epoch': 6.32}
{'loss': 0.383, 'learning_rate': 3.919970092582961e-05, 'epoch': 6.32}
{'loss': 0.3504, 'learning_rate': 3.915726620201811e-05, 'epoch': 6.33}
{'loss': 0.365, 'learning_rate': 3.911396546343493e-05, 'epoch': 6.33}
{'loss': 0.3405, 'learning_rate': 3.9070664724851765e-05, 'epoch': 6.34}
{'loss': 0.3473, 'learning_rate': 3.90273639862686e-05, 'epoch': 6.34}
{'loss': 0.3449, 'learning_rate': 3.898406324768543e-05, 'epoch': 6.34}
{'loss': 0.3788, 'learning_rate': 3.894076250910226e-05, 'epoch': 6.35}
{'loss': 0.3786, 'learning_rate': 3.8897461770519084e-05, 'epoch': 6.35}
{'loss': 0.3614, 'learning_rate': 3.8854161031935925e-05, 'epoch': 6.36}
{'loss': 0.3717, 'learning_rate': 3.881086029335276e-05, 'epoch': 6.36}
{'loss': 0.3846, 'learning_rate': 3.876755955476958e-05, 'epoch': 6.36}
{'loss': 0.3626, 'learning_rate': 3.8724258816186416e-05, 'epoch': 6.37}
{'loss': 0.3341, 'learning_rate': 3.868095807760325e-05, 'epoch': 6.37}
{'loss': 0.3681, 'learning_rate': 3.863765733902008e-05, 'epoch': 6.38}
{'loss': 0.3475, 'learning_rate': 3.8594356600436913e-05, 'epoch': 6.38}
{'loss': 0.3818, 'learning_rate': 3.855105586185375e-05, 'epoch': 6.38}
{'loss': 0.3353, 'learning_rate': 3.850775512327057e-05, 'epoch': 6.39}
{'loss': 0.3531, 'learning_rate': 3.8464454384687404e-05, 'epoch': 6.39}
{'loss': 0.3732, 'learning_rate': 3.842115364610423e-05, 'epoch': 6.4}
{'loss': 0.3614, 'learning_rate': 3.837785290752107e-05, 'epoch': 6.4}
{'loss': 0.3321, 'learning_rate': 3.83345521689379e-05, 'epoch': 6.4}
{'loss': 0.3658, 'learning_rate': 3.829125143035473e-05, 'epoch': 6.41}
{'loss': 0.3554, 'learning_rate': 3.8247950691771564e-05, 'epoch': 6.41}
{'loss': 0.3538, 'learning_rate': 3.82046499531884e-05, 'epoch': 6.42}
{'loss': 0.3379, 'learning_rate': 3.816134921460522e-05, 'epoch': 6.42}
{'loss': 0.3596, 'learning_rate': 3.8118048476022055e-05, 'epoch': 6.43}
{'loss': 0.3304, 'learning_rate': 3.807474773743889e-05, 'epoch': 6.43}
{'loss': 0.3577, 'learning_rate': 3.803144699885572e-05, 'epoch': 6.43}
{'loss': 0.3598, 'learning_rate': 3.798814626027255e-05, 'epoch': 6.44}
{'loss': 0.3499, 'learning_rate': 3.794484552168939e-05, 'epoch': 6.44}
{'loss': 0.3466, 'learning_rate': 3.7901544783106215e-05, 'epoch': 6.45}
{'loss': 0.3518, 'learning_rate': 3.785824404452305e-05, 'epoch': 6.45}
{'loss': 0.3826, 'learning_rate': 3.781494330593987e-05, 'epoch': 6.45}
{'loss': 0.3661, 'learning_rate': 3.7771642567356706e-05, 'epoch': 6.46}
{'loss': 0.3347, 'learning_rate': 3.772834182877354e-05, 'epoch': 6.46}
{'loss': 0.3558, 'learning_rate': 3.768504109019037e-05, 'epoch': 6.47}
{'loss': 0.3481, 'learning_rate': 3.7641740351607204e-05, 'epoch': 6.47}
{'loss': 0.3276, 'learning_rate': 3.759843961302404e-05, 'epoch': 6.47}
{'loss': 0.3455, 'learning_rate': 3.755513887444086e-05, 'epoch': 6.48}
{'loss': 0.3764, 'learning_rate': 3.7511838135857694e-05, 'epoch': 6.48}
{'loss': 0.3261, 'learning_rate': 3.7468537397274536e-05, 'epoch': 6.49}
{'loss': 0.3373, 'learning_rate': 3.742523665869136e-05, 'epoch': 6.49}
{'loss': 0.3457, 'learning_rate': 3.738193592010819e-05, 'epoch': 6.49}
{'loss': 0.3403, 'learning_rate': 3.733863518152502e-05, 'epoch': 6.5}
{'loss': 0.3917, 'learning_rate': 3.7295334442941854e-05, 'epoch': 6.5}
{'loss': 0.3663, 'learning_rate': 3.725203370435869e-05, 'epoch': 6.51}
{'loss': 0.3379, 'learning_rate': 3.720873296577551e-05, 'epoch': 6.51}
{'loss': 0.3351, 'learning_rate': 3.7165432227192345e-05, 'epoch': 6.51}
{'loss': 0.3821, 'learning_rate': 3.712213148860918e-05, 'epoch': 6.52}
{'loss': 0.3464, 'learning_rate': 3.707883075002601e-05, 'epoch': 6.52}
{'loss': 0.3417, 'learning_rate': 3.703553001144284e-05, 'epoch': 6.53}
{'loss': 0.364, 'learning_rate': 3.699222927285968e-05, 'epoch': 6.53}
{'loss': 0.3567, 'learning_rate': 3.69489285342765e-05, 'epoch': 6.54}
{'loss': 0.3365, 'learning_rate': 3.690562779569334e-05, 'epoch': 6.54}
{'loss': 0.3588, 'learning_rate': 3.686232705711016e-05, 'epoch': 6.54}
{'loss': 0.3498, 'learning_rate': 3.6819026318526996e-05, 'epoch': 6.55}
{'loss': 0.3606, 'learning_rate': 3.677572557994383e-05, 'epoch': 6.55}
{'loss': 0.3648, 'learning_rate': 3.673242484136066e-05, 'epoch': 6.56}
{'loss': 0.374, 'learning_rate': 3.6689124102777494e-05, 'epoch': 6.56}
{'loss': 0.3551, 'learning_rate': 3.664582336419433e-05, 'epoch': 6.56}
{'loss': 0.3484, 'learning_rate': 3.660252262561115e-05, 'epoch': 6.57}
{'loss': 0.3486, 'learning_rate': 3.6559221887027984e-05, 'epoch': 6.57}
{'loss': 0.3639, 'learning_rate': 3.651592114844482e-05, 'epoch': 6.58}
{'loss': 0.3416, 'learning_rate': 3.647262040986165e-05, 'epoch': 6.58}
{'loss': 0.3819, 'learning_rate': 3.642931967127848e-05, 'epoch': 6.58}
{'loss': 0.3279, 'learning_rate': 3.6386018932695317e-05, 'epoch': 6.59}
{'loss': 0.3405, 'learning_rate': 3.6342718194112145e-05, 'epoch': 6.59}
{'loss': 0.3493, 'learning_rate': 3.629941745552898e-05, 'epoch': 6.6}
{'loss': 0.3495, 'learning_rate': 3.62561167169458e-05, 'epoch': 6.6}
{'loss': 0.3691, 'learning_rate': 3.6212815978362635e-05, 'epoch': 6.6}
{'loss': 0.3564, 'learning_rate': 3.616951523977947e-05, 'epoch': 6.61}
{'loss': 0.325, 'learning_rate': 3.61262145011963e-05, 'epoch': 6.61}
{'loss': 0.3853, 'learning_rate': 3.608291376261313e-05, 'epoch': 6.62}
{'loss': 0.3403, 'learning_rate': 3.603961302402997e-05, 'epoch': 6.62}
{'loss': 0.3339, 'learning_rate': 3.599631228544679e-05, 'epoch': 6.62}
{'loss': 0.3432, 'learning_rate': 3.5953011546863623e-05, 'epoch': 6.63}
{'loss': 0.3637, 'learning_rate': 3.5909710808280465e-05, 'epoch': 6.63}
{'loss': 0.354, 'learning_rate': 3.5866410069697286e-05, 'epoch': 6.64}
{'loss': 0.3271, 'learning_rate': 3.582310933111412e-05, 'epoch': 6.64}
{'loss': 0.3433, 'learning_rate': 3.577980859253095e-05, 'epoch': 6.65}
{'loss': 0.3556, 'learning_rate': 3.5736507853947784e-05, 'epoch': 6.65}
{'loss': 0.3223, 'learning_rate': 3.569320711536462e-05, 'epoch': 6.65}
{'loss': 0.3828, 'learning_rate': 3.564990637678144e-05, 'epoch': 6.66}
{'loss': 0.3489, 'learning_rate': 3.5606605638198274e-05, 'epoch': 6.66}
{'loss': 0.3934, 'learning_rate': 3.556330489961511e-05, 'epoch': 6.67}
{'loss': 0.3606, 'learning_rate': 3.552000416103194e-05, 'epoch': 6.67}
{'loss': 0.3433, 'learning_rate': 3.547670342244877e-05, 'epoch': 6.67}
{'loss': 0.3497, 'learning_rate': 3.543340268386561e-05, 'epoch': 6.68}
{'loss': 0.3667, 'learning_rate': 3.539010194528243e-05, 'epoch': 6.68}
{'loss': 0.3542, 'learning_rate': 3.534680120669927e-05, 'epoch': 6.69}
{'loss': 0.3183, 'learning_rate': 3.530350046811609e-05, 'epoch': 6.69}
{'loss': 0.3742, 'learning_rate': 3.5260199729532925e-05, 'epoch': 6.69}
{'loss': 0.3628, 'learning_rate': 3.521776500572143e-05, 'epoch': 6.7}
{'loss': 0.3442, 'learning_rate': 3.517446426713825e-05, 'epoch': 6.7}
{'loss': 0.3653, 'learning_rate': 3.5131163528555083e-05, 'epoch': 6.71}
{'loss': 0.3731, 'learning_rate': 3.508786278997192e-05, 'epoch': 6.71}
{'loss': 0.3498, 'learning_rate': 3.5044562051388746e-05, 'epoch': 6.71}
{'loss': 0.3533, 'learning_rate': 3.500126131280558e-05, 'epoch': 6.72}
{'loss': 0.378, 'learning_rate': 3.4957960574222416e-05, 'epoch': 6.72}
{'loss': 0.3417, 'learning_rate': 3.491465983563924e-05, 'epoch': 6.73}
{'loss': 0.3577, 'learning_rate': 3.487135909705607e-05, 'epoch': 6.73}
{'loss': 0.3934, 'learning_rate': 3.4828058358472906e-05, 'epoch': 6.73}
{'loss': 0.3806, 'learning_rate': 3.4784757619889734e-05, 'epoch': 6.74}
{'loss': 0.3473, 'learning_rate': 3.474145688130657e-05, 'epoch': 6.74}
{'loss': 0.3734, 'learning_rate': 3.469815614272339e-05, 'epoch': 6.75}
{'loss': 0.3622, 'learning_rate': 3.465485540414023e-05, 'epoch': 6.75}
{'loss': 0.3616, 'learning_rate': 3.4611554665557067e-05, 'epoch': 6.76}
{'loss': 0.3478, 'learning_rate': 3.456825392697389e-05, 'epoch': 6.76}
{'loss': 0.3776, 'learning_rate': 3.452495318839072e-05, 'epoch': 6.76}
{'loss': 0.3444, 'learning_rate': 3.448165244980756e-05, 'epoch': 6.77}
{'loss': 0.3494, 'learning_rate': 3.4438351711224385e-05, 'epoch': 6.77}
{'loss': 0.3473, 'learning_rate': 3.439505097264122e-05, 'epoch': 6.78}
{'loss': 0.355, 'learning_rate': 3.4351750234058055e-05, 'epoch': 6.78}
{'loss': 0.3608, 'learning_rate': 3.4308449495474876e-05, 'epoch': 6.78}
{'loss': 0.3566, 'learning_rate': 3.426514875689171e-05, 'epoch': 6.79}
{'loss': 0.4019, 'learning_rate': 3.422184801830854e-05, 'epoch': 6.79}
{'loss': 0.3747, 'learning_rate': 3.4178547279725373e-05, 'epoch': 6.8}
{'loss': 0.3371, 'learning_rate': 3.413524654114221e-05, 'epoch': 6.8}
{'loss': 0.3546, 'learning_rate': 3.4091945802559036e-05, 'epoch': 6.8}
{'loss': 0.3761, 'learning_rate': 3.404864506397587e-05, 'epoch': 6.81}
{'loss': 0.3664, 'learning_rate': 3.4005344325392706e-05, 'epoch': 6.81}
{'loss': 0.3308, 'learning_rate': 3.396204358680953e-05, 'epoch': 6.82}
{'loss': 0.3586, 'learning_rate': 3.391874284822636e-05, 'epoch': 6.82}
{'loss': 0.3611, 'learning_rate': 3.3875442109643196e-05, 'epoch': 6.82}
{'loss': 0.3573, 'learning_rate': 3.3832141371060024e-05, 'epoch': 6.83}
{'loss': 0.3441, 'learning_rate': 3.378884063247686e-05, 'epoch': 6.83}
{'loss': 0.3909, 'learning_rate': 3.3745539893893694e-05, 'epoch': 6.84}
{'loss': 0.3428, 'learning_rate': 3.3702239155310515e-05, 'epoch': 6.84}
{'loss': 0.3418, 'learning_rate': 3.365893841672736e-05, 'epoch': 6.84}
{'loss': 0.3541, 'learning_rate': 3.361563767814418e-05, 'epoch': 6.85}
{'loss': 0.375, 'learning_rate': 3.357233693956101e-05, 'epoch': 6.85}
{'loss': 0.3302, 'learning_rate': 3.352903620097785e-05, 'epoch': 6.86}
{'loss': 0.3612, 'learning_rate': 3.3485735462394675e-05, 'epoch': 6.86}
{'loss': 0.3653, 'learning_rate': 3.344243472381151e-05, 'epoch': 6.87}
{'loss': 0.3333, 'learning_rate': 3.3399133985228345e-05, 'epoch': 6.87}
{'loss': 0.3477, 'learning_rate': 3.3356699261416833e-05, 'epoch': 6.87}
{'loss': 0.3851, 'learning_rate': 3.331339852283367e-05, 'epoch': 6.88}
{'loss': 0.349, 'learning_rate': 3.32700977842505e-05, 'epoch': 6.88}
{'loss': 0.3413, 'learning_rate': 3.3226797045667324e-05, 'epoch': 6.89}
{'loss': 0.3332, 'learning_rate': 3.318349630708416e-05, 'epoch': 6.89}
{'loss': 0.3393, 'learning_rate': 3.3140195568500994e-05, 'epoch': 6.89}
{'loss': 0.3742, 'learning_rate': 3.309689482991782e-05, 'epoch': 6.9}
{'loss': 0.3623, 'learning_rate': 3.3053594091334656e-05, 'epoch': 6.9}
{'loss': 0.3356, 'learning_rate': 3.301029335275148e-05, 'epoch': 6.91}
{'loss': 0.3922, 'learning_rate': 3.296699261416832e-05, 'epoch': 6.91}
{'loss': 0.3757, 'learning_rate': 3.2923691875585154e-05, 'epoch': 6.91}
{'loss': 0.3296, 'learning_rate': 3.2880391137001975e-05, 'epoch': 6.92}
{'loss': 0.3414, 'learning_rate': 3.283709039841881e-05, 'epoch': 6.92}
{'loss': 0.3682, 'learning_rate': 3.2793789659835645e-05, 'epoch': 6.93}
{'loss': 0.3132, 'learning_rate': 3.275048892125247e-05, 'epoch': 6.93}
{'loss': 0.3505, 'learning_rate': 3.270718818266931e-05, 'epoch': 6.93}
{'loss': 0.3152, 'learning_rate': 3.266388744408614e-05, 'epoch': 6.94}
{'loss': 0.327, 'learning_rate': 3.262058670550296e-05, 'epoch': 6.94}
{'loss': 0.3766, 'learning_rate': 3.25772859669198e-05, 'epoch': 6.95}
{'loss': 0.3586, 'learning_rate': 3.2533985228336626e-05, 'epoch': 6.95}
{'loss': 0.3578, 'learning_rate': 3.249068448975346e-05, 'epoch': 6.95}
{'loss': 0.3776, 'learning_rate': 3.2447383751170296e-05, 'epoch': 6.96}
{'loss': 0.3878, 'learning_rate': 3.2404083012587124e-05, 'epoch': 6.96}
{'loss': 0.3646, 'learning_rate': 3.236078227400396e-05, 'epoch': 6.97}
{'loss': 0.3579, 'learning_rate': 3.231748153542079e-05, 'epoch': 6.97}
{'loss': 0.3668, 'learning_rate': 3.2274180796837614e-05, 'epoch': 6.98}
{'loss': 0.3638, 'learning_rate': 3.223088005825445e-05, 'epoch': 6.98}
{'loss': 0.3517, 'learning_rate': 3.2187579319671284e-05, 'epoch': 6.98}
{'loss': 0.3587, 'learning_rate': 3.214427858108811e-05, 'epoch': 6.99}
{'loss': 0.3655, 'learning_rate': 3.2100977842504946e-05, 'epoch': 6.99}
{'loss': 0.3384, 'learning_rate': 3.205767710392177e-05, 'epoch': 7.0}
{'loss': 0.3318, 'learning_rate': 3.201437636533861e-05, 'epoch': 7.0}
[INFO|trainer.py:520] 2026-10-04 15:37:43,985 >> The following columns in the evaluation set  don't have a corresponding argument in `PETLEncModel.forward` and have been ignored: idx, premise, hypothesis.
[INFO|trainer.py:2179] 2026-10-04 15:37:43,987 >> ***** Running Evaluation *****
[INFO|trainer.py:2181] 2026-10-04 15:37:43,987 >>   Num examples = 9815
[INFO|trainer.py:2184] 2026-10-04 15:37:43,987 >>   Batch size = 32
{'eval_loss': 0.35402145981788635, 'eval_accuracy': 0.8699949057564952, 'eval_runtime': 13.3558, 'eval_samples_per_second': 734.887, 'eval_steps_per_second': 22.986, 'epoch': 7.0}
[INFO|trainer.py:1933] 2026-10-04 15:37:57,344 >> Saving model checkpoint to checkpoints/glue/mnli/20261004/glue.mnli.adapter.am_adapter.ao_sequential.fm_adapter.fo_sequential.abn.fbn.ac_add.fl_none.finit_bert.fs_1.unfrz_ef_.ne10.warm0.06.wd0.1.seed42./checkpoint-85904
[INFO|configuration_utils.py:364] 2026-10-04 15:37:57,345 >> Configuration saved in checkpoints/glue/mnli/20261004/glue.mnli.adapter.am_adapter.ao_sequential.fm_adapter.fo_sequential.abn.fbn.ac_add.fl_none.finit_bert.fs_1.unfrz_ef_.ne10.warm0.06.wd0.1.seed42./checkpoint-85904/config.json
[INFO|modeling_utils.py:898] 2026-10-04 15:37:57,676 >> Model weights saved in checkpoints/glue/mnli/20261004/glue.mnli.adapter.am_adapter.ao_sequential.fm_adapter.fo_sequential.abn.fbn.ac_add.fl_none.finit_bert.fs_1.unfrz_ef_.ne10.warm0.06.wd0.1.seed42./checkpoint-85904/pytorch_model.bin
[INFO|tokenization_utils_base.py:1948] 2026-10-04 15:37:57,677 >> tokenizer config file saved in checkpoints/glue/mnli/20261004/glue.mnli.adapter.am_adapter.ao_sequential.fm_adapter.fo_sequential.abn.fbn.ac_add.fl_none.finit_bert.fs_1.unfrz_ef_.ne10.warm0.06.wd0.1.seed42./checkpoint-85904/tokenizer_config.json
[INFO|tokenization_utils_base.py:1954] 2026-10-04 15:37:57,677 >> Special tokens file saved in checkpoints/glue/mnli/20261004/glue.mnli.adapter.am_adapter.ao_sequential.fm_adapter.fo_sequential.abn.fbn.ac_add.fl_none.finit_bert.fs_1.unfrz_ef_.ne10.warm0.06.wd0.1.seed42./checkpoint-85904/special_tokens_map.json
[INFO|trainer.py:2009] 2026-10-04 15:37:57,752 >> Deleting older checkpoint [checkpoints/glue/mnli/20261004/glue.mnli.adapter.am_adapter.ao_sequential.fm_adapter.fo_sequential.abn.fbn.ac_add.fl_none.finit_bert.fs_1.unfrz_ef_.ne10.warm0.06.wd0.1.seed42./checkpoint-61360] due to args.save_total_limit
/work/unify-parameter-efficient-tuning/src/transformers/trainer.py:1784: FutureWarning: `torch.cuda.amp.autocast(args...)` is deprecated. Please use `torch.amp.autocast('cuda', args...)` instead.
  with autocast():
{'loss': 0.3634, 'learning_rate': 3.1971075626755444e-05, 'epoch': 7.0}
{'loss': 0.3924, 'learning_rate': 3.1927774888172265e-05, 'epoch': 7.01}
{'loss': 0.3356, 'learning_rate': 3.18844741495891e-05, 'epoch': 7.01}
{'loss': 0.3338, 'learning_rate': 3.1841173411005935e-05, 'epoch': 7.02}
{'loss': 0.3595, 'learning_rate': 3.179787267242276e-05, 'epoch': 7.02}
{'loss': 0.3352, 'learning_rate': 3.17545719338396e-05, 'epoch': 7.02}
{'loss': 0.3509, 'learning_rate': 3.171127119525643e-05, 'epoch': 7.03}
{'loss': 0.3862, 'learning_rate': 3.1667970456673253e-05, 'epoch': 7.03}
{'loss': 0.3235, 'learning_rate': 3.162466971809009e-05, 'epoch': 7.04}
{'loss': 0.3392, 'learning_rate': 3.158136897950693e-05, 'epoch': 7.04}
{'loss': 0.3381, 'learning_rate': 3.153806824092375e-05, 'epoch': 7.04}
{'loss': 0.3284, 'learning_rate': 3.1494767502340586e-05, 'epoch': 7.05}
{'loss': 0.3299, 'learning_rate': 3.1451466763757414e-05, 'epoch': 7.05}
{'loss': 0.3381, 'learning_rate': 3.140816602517425e-05, 'epoch': 7.06}
{'loss': 0.3482, 'learning_rate': 3.136486528659108e-05, 'epoch': 7.06}
{'loss': 0.356, 'learning_rate': 3.1321564548007904e-05, 'epoch': 7.06}
{'loss': 0.3208, 'learning_rate': 3.127826380942474e-05, 'epoch': 7.07}
{'loss': 0.3189, 'learning_rate': 3.1234963070841574e-05, 'epoch': 7.07}
{'loss': 0.3203, 'learning_rate': 3.11916623322584e-05, 'epoch': 7.08}
{'loss': 0.3451, 'learning_rate': 3.1148361593675237e-05, 'epoch': 7.08}
{'loss': 0.3378, 'learning_rate': 3.110506085509207e-05, 'epoch': 7.09}
{'loss': 0.3797, 'learning_rate': 3.106176011650889e-05, 'epoch': 7.09}
{'loss': 0.3465, 'learning_rate': 3.1018459377925734e-05, 'epoch': 7.09}
{'loss': 0.34, 'learning_rate': 3.0975158639342555e-05, 'epoch': 7.1}
{'loss': 0.34, 'learning_rate': 3.093185790075939e-05, 'epoch': 7.1}
{'loss': 0.3529, 'learning_rate': 3.0888557162176225e-05, 'epoch': 7.11}
{'loss': 0.374, 'learning_rate': 3.084612243836471e-05, 'epoch': 7.11}
{'loss': 0.3729, 'learning_rate': 3.080282169978155e-05, 'epoch': 7.11}
{'loss': 0.346, 'learning_rate': 3.075952096119838e-05, 'epoch': 7.12}
{'loss': 0.3139, 'learning_rate': 3.071622022261521e-05, 'epoch': 7.12}
{'loss': 0.3446, 'learning_rate': 3.0672919484032046e-05, 'epoch': 7.13}
{'loss': 0.354, 'learning_rate': 3.062961874544888e-05, 'epoch': 7.13}
{'loss': 0.3443, 'learning_rate': 3.05863180068657e-05, 'epoch': 7.13}
{'loss': 0.3194, 'learning_rate': 3.0543017268282536e-05, 'epoch': 7.14}
{'loss': 0.3376, 'learning_rate': 3.0499716529699374e-05, 'epoch': 7.14}
{'loss': 0.3827, 'learning_rate': 3.0456415791116196e-05, 'epoch': 7.15}
{'loss': 0.3353, 'learning_rate': 3.041311505253303e-05, 'epoch': 7.15}
{'loss': 0.3622, 'learning_rate': 3.036981431394986e-05, 'epoch': 7.15}
{'loss': 0.3498, 'learning_rate': 3.032651357536669e-05, 'epoch': 7.16}
{'loss': 0.3553, 'learning_rate': 3.0283212836783525e-05, 'epoch': 7.16}
{'loss': 0.3629, 'learning_rate': 3.0239912098200353e-05, 'epoch': 7.17}
{'loss': 0.3392, 'learning_rate': 3.0196611359617184e-05, 'epoch': 7.17}
{'loss': 0.3598, 'learning_rate': 3.015331062103402e-05, 'epoch': 7.17}
{'loss': 0.3388, 'learning_rate': 3.0110009882450847e-05, 'epoch': 7.18}
{'loss': 0.3536, 'learning_rate': 3.006670914386768e-05, 'epoch': 7.18}
{'loss': 0.331, 'learning_rate': 3.0023408405284513e-05, 'epoch': 7.19}
{'loss': 0.3428, 'learning_rate': 2.998010766670134e-05, 'epoch': 7.19}
{'loss': 0.3307, 'learning_rate': 2.993680692811818e-05, 'epoch': 7.2}
{'loss': 0.3542, 'learning_rate': 2.9893506189534997e-05, 'epoch': 7.2}
{'loss': 0.3365, 'learning_rate': 2.9850205450951835e-05, 'epoch': 7.2}
{'loss': 0.346, 'learning_rate': 2.9806904712368673e-05, 'epoch': 7.21}
{'loss': 0.3174, 'learning_rate': 2.976360397378549e-05, 'epoch': 7.21}
{'loss': 0.3631, 'learning_rate': 2.972030323520233e-05, 'epoch': 7.22}
{'loss': 0.3361, 'learning_rate': 2.9677002496619167e-05, 'epoch': 7.22}
{'loss': 0.3568, 'learning_rate': 2.9633701758035988e-05, 'epoch': 7.22}
{'loss': 0.3425, 'learning_rate': 2.959040101945283e-05, 'epoch': 7.23}
{'loss': 0.3411, 'learning_rate': 2.954710028086966e-05, 'epoch': 7.23}
{'loss': 0.337, 'learning_rate': 2.9503799542286486e-05, 'epoch': 7.24}
{'loss': 0.3295, 'learning_rate': 2.9460498803703317e-05, 'epoch': 7.24}
{'loss': 0.3394, 'learning_rate': 2.9417198065120145e-05, 'epoch': 7.24}
{'loss': 0.3259, 'learning_rate': 2.937389732653698e-05, 'epoch': 7.25}
{'loss': 0.3598, 'learning_rate': 2.933059658795381e-05, 'epoch': 7.25}
{'loss': 0.3545, 'learning_rate': 2.928729584937064e-05, 'epoch': 7.26}
{'loss': 0.3521, 'learning_rate': 2.9243995110787474e-05, 'epoch': 7.26}
{'loss': 0.3639, 'learning_rate': 2.9200694372204305e-05, 'epoch': 7.26}
{'loss': 0.3498, 'learning_rate': 2.9157393633621133e-05, 'epoch': 7.27}
{'loss': 0.3101, 'learning_rate': 2.911409289503797e-05, 'epoch': 7.27}
{'loss': 0.3409, 'learning_rate': 2.9071658171226467e-05, 'epoch': 7.28}
{'loss': 0.3388, 'learning_rate': 2.9028357432643295e-05, 'epoch': 7.28}
{'loss': 0.3687, 'learning_rate': 2.8985056694060126e-05, 'epoch': 7.28}
{'loss': 0.3573, 'learning_rate': 2.894175595547696e-05, 'epoch': 7.29}
{'loss': 0.3183, 'learning_rate': 2.889845521689379e-05, 'epoch': 7.29}
{'loss': 0.3475, 'learning_rate': 2.8855154478310627e-05, 'epoch': 7.3}
{'loss': 0.41, 'learning_rate': 2.8811853739727445e-05, 'epoch': 7.3}
{'loss': 0.3492, 'learning_rate': 2.8768553001144283e-05, 'epoch': 7.31}
{'loss': 0.3577, 'learning_rate': 2.872525226256112e-05, 'epoch': 7.31}
{'loss': 0.367, 'learning_rate': 2.868195152397794e-05, 'epoch': 7.31}
{'loss': 0.3573, 'learning_rate': 2.8638650785394777e-05, 'epoch': 7.32}
{'loss': 0.3517, 'learning_rate': 2.8595350046811615e-05, 'epoch': 7.32}
{'loss': 0.3145, 'learning_rate': 2.8552049308228433e-05, 'epoch': 7.33}
{'loss': 0.3591, 'learning_rate': 2.850874856964527e-05, 'epoch': 7.33}
{'loss': 0.3656, 'learning_rate': 2.846544783106211e-05, 'epoch': 7.33}
{'loss': 0.3449, 'learning_rate': 2.842214709247893e-05, 'epoch': 7.34}
{'loss': 0.3562, 'learning_rate': 2.8378846353895765e-05, 'epoch': 7.34}
{'loss': 0.3624, 'learning_rate': 2.8335545615312593e-05, 'epoch': 7.35}
{'loss': 0.3211, 'learning_rate': 2.8292244876729428e-05, 'epoch': 7.35}
{'loss': 0.3647, 'learning_rate': 2.824894413814626e-05, 'epoch': 7.35}
{'loss': 0.3373, 'learning_rate': 2.8205643399563087e-05, 'epoch': 7.36}
{'loss': 0.3256, 'learning_rate': 2.8162342660979922e-05, 'epoch': 7.36}
{'loss': 0.3665, 'learning_rate': 2.8119041922396753e-05, 'epoch': 7.37}
{'loss': 0.3201, 'learning_rate': 2.807574118381358e-05, 'epoch': 7.37}
{'loss': 0.356, 'learning_rate': 2.8032440445230416e-05, 'epoch': 7.37}
{'loss': 0.3686, 'learning_rate': 2.7989139706647254e-05, 'epoch': 7.38}
{'loss': 0.3313, 'learning_rate': 2.7945838968064076e-05, 'epoch': 7.38}
{'loss': 0.3479, 'learning_rate': 2.7902538229480914e-05, 'epoch': 7.39}
{'loss': 0.3677, 'learning_rate': 2.785923749089775e-05, 'epoch': 7.39}
{'loss': 0.3134, 'learning_rate': 2.7815936752314576e-05, 'epoch': 7.39}
{'loss': 0.3497, 'learning_rate': 2.7772636013731408e-05, 'epoch': 7.4}
{'loss': 0.3629, 'learning_rate': 2.7729335275148232e-05, 'epoch': 7.4}
{'loss': 0.3615, 'learning_rate': 2.768603453656507e-05, 'epoch': 7.41}
{'loss': 0.3529, 'learning_rate': 2.7642733797981902e-05, 'epoch': 7.41}
{'loss': 0.3328, 'learning_rate': 2.7599433059398727e-05, 'epoch': 7.42}
{'loss': 0.3313, 'learning_rate': 2.7556132320815558e-05, 'epoch': 7.42}
{'loss': 0.37, 'learning_rate': 2.7512831582232396e-05, 'epoch': 7.42}
{'loss': 0.3611, 'learning_rate': 2.746953084364922e-05, 'epoch': 7.43}
{'loss': 0.3649, 'learning_rate': 2.742623010506606e-05, 'epoch': 7.43}
{'loss': 0.3692, 'learning_rate': 2.7382929366482897e-05, 'epoch': 7.44}
{'loss': 0.3786, 'learning_rate': 2.7339628627899715e-05, 'epoch': 7.44}
{'loss': 0.3624, 'learning_rate': 2.7296327889316553e-05, 'epoch': 7.44}
{'loss': 0.3418, 'learning_rate': 2.7253027150733377e-05, 'epoch': 7.45}
{'loss': 0.3416, 'learning_rate': 2.720972641215021e-05, 'epoch': 7.45}
{'loss': 0.333, 'learning_rate': 2.7166425673567047e-05, 'epoch': 7.46}
{'loss': 0.3714, 'learning_rate': 2.7123124934983875e-05, 'epoch': 7.46}
{'loss': 0.3436, 'learning_rate': 2.7079824196400706e-05, 'epoch': 7.46}
{'loss': 0.385, 'learning_rate': 2.703652345781754e-05, 'epoch': 7.47}
{'loss': 0.3631, 'learning_rate': 2.699322271923437e-05, 'epoch': 7.47}
{'loss': 0.3635, 'learning_rate': 2.69499219806512e-05, 'epoch': 7.48}
{'loss': 0.3607, 'learning_rate': 2.6906621242068035e-05, 'epoch': 7.48}
{'loss': 0.3287, 'learning_rate': 2.6864186518256524e-05, 'epoch': 7.48}
{'loss': 0.3239, 'learning_rate': 2.6820885779673362e-05, 'epoch': 7.49}
{'loss': 0.3879, 'learning_rate': 2.6777585041090197e-05, 'epoch': 7.49}
{'loss': 0.3495, 'learning_rate': 2.6734284302507025e-05, 'epoch': 7.5}
{'loss': 0.3364, 'learning_rate': 2.6690983563923856e-05, 'epoch': 7.5}
{'loss': 0.375, 'learning_rate': 2.664768282534068e-05, 'epoch': 7.5}
{'loss': 0.3403, 'learning_rate': 2.660438208675752e-05, 'epoch': 7.51}
{'loss': 0.3509, 'learning_rate': 2.656108134817435e-05, 'epoch': 7.51}
{'loss': 0.3234, 'learning_rate': 2.6517780609591175e-05, 'epoch': 7.52}
{'loss': 0.3407, 'learning_rate': 2.6474479871008013e-05, 'epoch': 7.52}
{'loss': 0.3443, 'learning_rate': 2.6431179132424844e-05, 'epoch': 7.53}
{'loss': 0.3371, 'learning_rate': 2.638787839384167e-05, 'epoch': 7.53}
{'loss': 0.3524, 'learning_rate': 2.63445776552585e-05, 'epoch': 7.53}
{'loss': 0.3471, 'learning_rate': 2.6301276916675345e-05, 'epoch': 7.54}
{'loss': 0.3626, 'learning_rate': 2.6257976178092163e-05, 'epoch': 7.54}
{'loss': 0.3642, 'learning_rate': 2.6214675439509e-05, 'epoch': 7.55}
{'loss': 0.3829, 'learning_rate': 2.6171374700925826e-05, 'epoch': 7.55}
{'loss': 0.3114, 'learning_rate': 2.6128073962342657e-05, 'epoch': 7.55}
{'loss': 0.3503, 'learning_rate': 2.6084773223759495e-05, 'epoch': 7.56}
{'loss': 0.3472, 'learning_rate': 2.6041472485176323e-05, 'epoch': 7.56}
{'loss': 0.3807, 'learning_rate': 2.5998171746593154e-05, 'epoch': 7.57}
{'loss': 0.3489, 'learning_rate': 2.595487100800999e-05, 'epoch': 7.57}
{'loss': 0.336, 'learning_rate': 2.5911570269426817e-05, 'epoch': 7.57}
{'loss': 0.3445, 'learning_rate': 2.586826953084365e-05, 'epoch': 7.58}
{'loss': 0.3516, 'learning_rate': 2.5824968792260483e-05, 'epoch': 7.58}
{'loss': 0.3443, 'learning_rate': 2.578166805367731e-05, 'epoch': 7.59}
{'loss': 0.3573, 'learning_rate': 2.5738367315094146e-05, 'epoch': 7.59}
{'loss': 0.3531, 'learning_rate': 2.5695066576510967e-05, 'epoch': 7.59}
{'loss': 0.3856, 'learning_rate': 2.5651765837927805e-05, 'epoch': 7.6}
{'loss': 0.3558, 'learning_rate': 2.560846509934464e-05, 'epoch': 7.6}
{'loss': 0.3689, 'learning_rate': 2.556516436076146e-05, 'epoch': 7.61}
{'loss': 0.3301, 'learning_rate': 2.55218636221783e-05, 'epoch': 7.61}
{'loss': 0.3611, 'learning_rate': 2.5478562883595138e-05, 'epoch': 7.61}
{'loss': 0.3163, 'learning_rate': 2.5435262145011955e-05, 'epoch': 7.62}
{'loss': 0.3516, 'learning_rate': 2.5391961406428794e-05, 'epoch': 7.62}
{'loss': 0.3523, 'learning_rate': 2.5348660667845632e-05, 'epoch': 7.63}
{'loss': 0.3545, 'learning_rate': 2.530535992926245e-05, 'epoch': 7.63}
{'loss': 0.3543, 'learning_rate': 2.5262059190679294e-05, 'epoch': 7.64}
{'loss': 0.3548, 'learning_rate': 2.5218758452096126e-05, 'epoch': 7.64}
{'loss': 0.3645, 'learning_rate': 2.517545771351295e-05, 'epoch': 7.64}
{'loss': 0.3479, 'learning_rate': 2.513302298970145e-05, 'epoch': 7.65}
{'loss': 0.3363, 'learning_rate': 2.508972225111827e-05, 'epoch': 7.65}
{'loss': 0.3732, 'learning_rate': 2.5046421512535105e-05, 'epoch': 7.66}
{'loss': 0.3353, 'learning_rate': 2.5003120773951943e-05, 'epoch': 7.66}
{'loss': 0.3365, 'learning_rate': 2.4959820035368768e-05, 'epoch': 7.66}
{'loss': 0.3477, 'learning_rate': 2.4916519296785603e-05, 'epoch': 7.67}
{'loss': 0.3706, 'learning_rate': 2.4873218558202437e-05, 'epoch': 7.67}
{'loss': 0.3553, 'learning_rate': 2.4829917819619262e-05, 'epoch': 7.68}
{'loss': 0.3438, 'learning_rate': 2.4786617081036097e-05, 'epoch': 7.68}
{'loss': 0.3793, 'learning_rate': 2.474331634245293e-05, 'epoch': 7.68}
{'loss': 0.3437, 'learning_rate': 2.4700015603869756e-05, 'epoch': 7.69}
{'loss': 0.3496, 'learning_rate': 2.465671486528659e-05, 'epoch': 7.69}
{'loss': 0.3263, 'learning_rate': 2.4613414126703415e-05, 'epoch': 7.7}
{'loss': 0.3562, 'learning_rate': 2.4570113388120254e-05, 'epoch': 7.7}
{'loss': 0.3558, 'learning_rate': 2.452681264953709e-05, 'epoch': 7.7}
{'loss': 0.3519, 'learning_rate': 2.4483511910953913e-05, 'epoch': 7.71}
{'loss': 0.374, 'learning_rate': 2.4440211172370748e-05, 'epoch': 7.71}
{'loss': 0.339, 'learning_rate': 2.4396910433787582e-05, 'epoch': 7.72}
{'loss': 0.3457, 'learning_rate': 2.4353609695204407e-05, 'epoch': 7.72}
{'loss': 0.3409, 'learning_rate': 2.4310308956621242e-05, 'epoch': 7.72}
{'loss': 0.3438, 'learning_rate': 2.4267008218038077e-05, 'epoch': 7.73}
{'loss': 0.3581, 'learning_rate': 2.42237074794549e-05, 'epoch': 7.73}
{'loss': 0.3628, 'learning_rate': 2.4180406740871736e-05, 'epoch': 7.74}
{'loss': 0.3823, 'learning_rate': 2.4137106002288574e-05, 'epoch': 7.74}
{'loss': 0.3482, 'learning_rate': 2.4093805263705395e-05, 'epoch': 7.75}
{'loss': 0.3539, 'learning_rate': 2.4050504525122233e-05, 'epoch': 7.75}
{'loss': 0.365, 'learning_rate': 2.4007203786539058e-05, 'epoch': 7.75}
{'loss': 0.3165, 'learning_rate': 2.3963903047955893e-05, 'epoch': 7.76}
{'loss': 0.3247, 'learning_rate': 2.3920602309372727e-05, 'epoch': 7.76}
{'loss': 0.3639, 'learning_rate': 2.3877301570789552e-05, 'epoch': 7.77}
{'loss': 0.3537, 'learning_rate': 2.3834000832206387e-05, 'epoch': 7.77}
{'loss': 0.3592, 'learning_rate': 2.379070009362322e-05, 'epoch': 7.77}
{'loss': 0.3446, 'learning_rate': 2.3747399355040046e-05, 'epoch': 7.78}
{'loss': 0.3561, 'learning_rate': 2.370409861645688e-05, 'epoch': 7.78}
{'loss': 0.3592, 'learning_rate': 2.3660797877873716e-05, 'epoch': 7.79}
{'loss': 0.3193, 'learning_rate': 2.361749713929054e-05, 'epoch': 7.79}
{'loss': 0.3192, 'learning_rate': 2.357419640070738e-05, 'epoch': 7.79}
{'loss': 0.3557, 'learning_rate': 2.35308956621242e-05, 'epoch': 7.8}
{'loss': 0.3674, 'learning_rate': 2.3487594923541038e-05, 'epoch': 7.8}
{'loss': 0.3116, 'learning_rate': 2.3444294184957873e-05, 'epoch': 7.81}
{'loss': 0.341, 'learning_rate': 2.3400993446374697e-05, 'epoch': 7.81}
{'loss': 0.3336, 'learning_rate': 2.3357692707791532e-05, 'epoch': 7.81}
{'loss': 0.3606, 'learning_rate': 2.3314391969208367e-05, 'epoch': 7.82}
{'loss': 0.346, 'learning_rate': 2.327109123062519e-05, 'epoch': 7.82}
{'loss': 0.3293, 'learning_rate': 2.3227790492042026e-05, 'epoch': 7.83}
{'loss': 0.3481, 'learning_rate': 2.318448975345886e-05, 'epoch': 7.83}
{'loss': 0.3404, 'learning_rate': 2.3141189014875685e-05, 'epoch': 7.83}
{'loss': 0.3519, 'learning_rate': 2.309788827629252e-05, 'epoch': 7.84}
{'loss': 0.3665, 'learning_rate': 2.3054587537709345e-05, 'epoch': 7.84}
{'loss': 0.3112, 'learning_rate': 2.3011286799126183e-05, 'epoch': 7.85}
{'loss': 0.3735, 'learning_rate': 2.2967986060543018e-05, 'epoch': 7.85}
{'loss': 0.3418, 'learning_rate': 2.2924685321959842e-05, 'epoch': 7.86}
{'loss': 0.3333, 'learning_rate': 2.2881384583376677e-05, 'epoch': 7.86}
{'loss': 0.3545, 'learning_rate': 2.283808384479351e-05, 'epoch': 7.86}
{'loss': 0.3632, 'learning_rate': 2.2794783106210336e-05, 'epoch': 7.87}
{'loss': 0.3549, 'learning_rate': 2.275148236762717e-05, 'epoch': 7.87}
{'loss': 0.3238, 'learning_rate': 2.2708181629044006e-05, 'epoch': 7.88}
{'loss': 0.3244, 'learning_rate': 2.266488089046083e-05, 'epoch': 7.88}
{'loss': 0.3205, 'learning_rate': 2.2621580151877665e-05, 'epoch': 7.88}
{'loss': 0.3589, 'learning_rate': 2.2579145428066164e-05, 'epoch': 7.89}
{'loss': 0.3385, 'learning_rate': 2.253584468948299e-05, 'epoch': 7.89}
{'loss': 0.3694, 'learning_rate': 2.2492543950899823e-05, 'epoch': 7.9}
{'loss': 0.3345, 'learning_rate': 2.2449243212316648e-05, 'epoch': 7.9}
{'loss': 0.3573, 'learning_rate': 2.2405942473733486e-05, 'epoch': 7.9}
{'loss': 0.3277, 'learning_rate': 2.236264173515032e-05, 'epoch': 7.91}
{'loss': 0.3678, 'learning_rate': 2.2319340996567145e-05, 'epoch': 7.91}
{'loss': 0.3399, 'learning_rate': 2.227604025798398e-05, 'epoch': 7.92}
{'loss': 0.3394, 'learning_rate': 2.2232739519400815e-05, 'epoch': 7.92}
{'loss': 0.341, 'learning_rate': 2.218943878081764e-05, 'epoch': 7.92}
{'loss': 0.3664, 'learning_rate': 2.2146138042234474e-05, 'epoch': 7.93}
{'loss': 0.3605, 'learning_rate': 2.210283730365131e-05, 'epoch': 7.93}
{'loss': 0.3335, 'learning_rate': 2.2059536565068133e-05, 'epoch': 7.94}
{'loss': 0.3776, 'learning_rate': 2.2016235826484968e-05, 'epoch': 7.94}
{'loss': 0.3398, 'learning_rate': 2.1972935087901793e-05, 'epoch': 7.94}
{'loss': 0.3179, 'learning_rate': 2.1929634349318628e-05, 'epoch': 7.95}
{'loss': 0.3435, 'learning_rate': 2.1886333610735466e-05, 'epoch': 7.95}
{'loss': 0.3597, 'learning_rate': 2.184303287215229e-05, 'epoch': 7.96}
{'loss': 0.387, 'learning_rate': 2.1799732133569125e-05, 'epoch': 7.96}
{'loss': 0.3159, 'learning_rate': 2.175643139498596e-05, 'epoch': 7.97}
{'loss': 0.3452, 'learning_rate': 2.1713130656402784e-05, 'epoch': 7.97}
{'loss': 0.3745, 'learning_rate': 2.166982991781962e-05, 'epoch': 7.97}
{'loss': 0.2972, 'learning_rate': 2.1626529179236454e-05, 'epoch': 7.98}
{'loss': 0.3709, 'learning_rate': 2.158322844065328e-05, 'epoch': 7.98}
{'loss': 0.3392, 'learning_rate': 2.1539927702070113e-05, 'epoch': 7.99}
{'loss': 0.3657, 'learning_rate': 2.1496626963486948e-05, 'epoch': 7.99}
{'loss': 0.3677, 'learning_rate': 2.1453326224903773e-05, 'epoch': 7.99}
{'loss': 0.3424, 'learning_rate': 2.141002548632061e-05, 'epoch': 8.0}
[INFO|trainer.py:520] 2026-10-04 15:45:23,731 >> The following columns in the evaluation set  don't have a corresponding argument in `PETLEncModel.forward` and have been ignored: idx, premise, hypothesis.
[INFO|trainer.py:2179] 2026-10-04 15:45:23,733 >> ***** Running Evaluation *****
[INFO|trainer.py:2181] 2026-10-04 15:45:23,733 >>   Num examples = 9815
[INFO|trainer.py:2184] 2026-10-04 15:45:23,733 >>   Batch size = 32
{'eval_loss': 0.35880395770072937, 'eval_accuracy': 0.8682628629648497, 'eval_runtime': 13.2946, 'eval_samples_per_second': 738.27, 'eval_steps_per_second': 23.092, 'epoch': 8.0}
[INFO|trainer.py:1933] 2026-10-04 15:45:37,029 >> Saving model checkpoint to checkpoints/glue/mnli/20261004/glue.mnli.adapter.am_adapter.ao_sequential.fm_adapter.fo_sequential.abn.fbn.ac_add.fl_none.finit_bert.fs_1.unfrz_ef_.ne10.warm0.06.wd0.1.seed42./checkpoint-98176
[INFO|configuration_utils.py:364] 2026-10-04 15:45:37,030 >> Configuration saved in checkpoints/glue/mnli/20261004/glue.mnli.adapter.am_adapter.ao_sequential.fm_adapter.fo_sequential.abn.fbn.ac_add.fl_none.finit_bert.fs_1.unfrz_ef_.ne10.warm0.06.wd0.1.seed42./checkpoint-98176/config.json
[INFO|modeling_utils.py:898] 2026-10-04 15:45:37,295 >> Model weights saved in checkpoints/glue/mnli/20261004/glue.mnli.adapter.am_adapter.ao_sequential.fm_adapter.fo_sequential.abn.fbn.ac_add.fl_none.finit_bert.fs_1.unfrz_ef_.ne10.warm0.06.wd0.1.seed42./checkpoint-98176/pytorch_model.bin
[INFO|tokenization_utils_base.py:1948] 2026-10-04 15:45:37,297 >> tokenizer config file saved in checkpoints/glue/mnli/20261004/glue.mnli.adapter.am_adapter.ao_sequential.fm_adapter.fo_sequential.abn.fbn.ac_add.fl_none.finit_bert.fs_1.unfrz_ef_.ne10.warm0.06.wd0.1.seed42./checkpoint-98176/tokenizer_config.json
[INFO|tokenization_utils_base.py:1954] 2026-10-04 15:45:37,297 >> Special tokens file saved in checkpoints/glue/mnli/20261004/glue.mnli.adapter.am_adapter.ao_sequential.fm_adapter.fo_sequential.abn.fbn.ac_add.fl_none.finit_bert.fs_1.unfrz_ef_.ne10.warm0.06.wd0.1.seed42./checkpoint-98176/special_tokens_map.json
[INFO|trainer.py:2009] 2026-10-04 15:45:37,379 >> Deleting older checkpoint [checkpoints/glue/mnli/20261004/glue.mnli.adapter.am_adapter.ao_sequential.fm_adapter.fo_sequential.abn.fbn.ac_add.fl_none.finit_bert.fs_1.unfrz_ef_.ne10.warm0.06.wd0.1.seed42./checkpoint-73632] due to args.save_total_limit
/work/unify-parameter-efficient-tuning/src/transformers/trainer.py:1784: FutureWarning: `torch.cuda.amp.autocast(args...)` is deprecated. Please use `torch.amp.autocast('cuda', args...)` instead.
  with autocast():
{'loss': 0.3352, 'learning_rate': 2.1366724747737432e-05, 'epoch': 8.0}
{'loss': 0.3362, 'learning_rate': 2.132342400915427e-05, 'epoch': 8.01}
{'loss': 0.3679, 'learning_rate': 2.1280123270571105e-05, 'epoch': 8.01}
{'loss': 0.3516, 'learning_rate': 2.123682253198793e-05, 'epoch': 8.01}
{'loss': 0.3374, 'learning_rate': 2.1193521793404764e-05, 'epoch': 8.02}
{'loss': 0.3434, 'learning_rate': 2.11502210548216e-05, 'epoch': 8.02}
{'loss': 0.3277, 'learning_rate': 2.1106920316238424e-05, 'epoch': 8.03}
{'loss': 0.3769, 'learning_rate': 2.106361957765526e-05, 'epoch': 8.03}
{'loss': 0.3383, 'learning_rate': 2.1020318839072093e-05, 'epoch': 8.03}
{'loss': 0.3469, 'learning_rate': 2.0977018100488918e-05, 'epoch': 8.04}
{'loss': 0.3003, 'learning_rate': 2.0933717361905752e-05, 'epoch': 8.04}
{'loss': 0.3104, 'learning_rate': 2.0890416623322577e-05, 'epoch': 8.05}
{'loss': 0.3333, 'learning_rate': 2.0847115884739415e-05, 'epoch': 8.05}
{'loss': 0.3311, 'learning_rate': 2.080381514615625e-05, 'epoch': 8.05}
{'loss': 0.3614, 'learning_rate': 2.0760514407573075e-05, 'epoch': 8.06}
{'loss': 0.361, 'learning_rate': 2.071721366898991e-05, 'epoch': 8.06}
{'loss': 0.3571, 'learning_rate': 2.0673912930406744e-05, 'epoch': 8.07}
{'loss': 0.3493, 'learning_rate': 2.063061219182357e-05, 'epoch': 8.07}
{'loss': 0.3411, 'learning_rate': 2.0587311453240403e-05, 'epoch': 8.08}
{'loss': 0.3643, 'learning_rate': 2.0544010714657238e-05, 'epoch': 8.08}
{'loss': 0.3269, 'learning_rate': 2.0501575990845727e-05, 'epoch': 8.08}
{'loss': 0.367, 'learning_rate': 2.045827525226256e-05, 'epoch': 8.09}
{'loss': 0.3416, 'learning_rate': 2.0414974513679396e-05, 'epoch': 8.09}
{'loss': 0.3466, 'learning_rate': 2.037167377509622e-05, 'epoch': 8.1}
{'loss': 0.3695, 'learning_rate': 2.0328373036513056e-05, 'epoch': 8.1}
{'loss': 0.3373, 'learning_rate': 2.028507229792988e-05, 'epoch': 8.1}
{'loss': 0.3295, 'learning_rate': 2.0241771559346715e-05, 'epoch': 8.11}
{'loss': 0.3524, 'learning_rate': 2.0198470820763553e-05, 'epoch': 8.11}
{'loss': 0.3414, 'learning_rate': 2.0155170082180378e-05, 'epoch': 8.12}
{'loss': 0.3568, 'learning_rate': 2.0111869343597212e-05, 'epoch': 8.12}
{'loss': 0.3008, 'learning_rate': 2.0068568605014047e-05, 'epoch': 8.12}
{'loss': 0.3562, 'learning_rate': 2.0025267866430872e-05, 'epoch': 8.13}
{'loss': 0.3456, 'learning_rate': 1.9981967127847706e-05, 'epoch': 8.13}
{'loss': 0.351, 'learning_rate': 1.993866638926454e-05, 'epoch': 8.14}
{'loss': 0.362, 'learning_rate': 1.9895365650681366e-05, 'epoch': 8.14}
{'loss': 0.3399, 'learning_rate': 1.98520649120982e-05, 'epoch': 8.14}
{'loss': 0.3306, 'learning_rate': 1.9808764173515025e-05, 'epoch': 8.15}
{'loss': 0.3373, 'learning_rate': 1.976546343493186e-05, 'epoch': 8.15}
{'loss': 0.3614, 'learning_rate': 1.9722162696348698e-05, 'epoch': 8.16}
{'loss': 0.3725, 'learning_rate': 1.9678861957765523e-05, 'epoch': 8.16}
{'loss': 0.3402, 'learning_rate': 1.9635561219182357e-05, 'epoch': 8.16}
{'loss': 0.3309, 'learning_rate': 1.9592260480599192e-05, 'epoch': 8.17}
{'loss': 0.3116, 'learning_rate': 1.9548959742016017e-05, 'epoch': 8.17}
{'loss': 0.345, 'learning_rate': 1.950565900343285e-05, 'epoch': 8.18}
{'loss': 0.3409, 'learning_rate': 1.9462358264849686e-05, 'epoch': 8.18}
{'loss': 0.3449, 'learning_rate': 1.941905752626651e-05, 'epoch': 8.19}
{'loss': 0.3093, 'learning_rate': 1.9375756787683346e-05, 'epoch': 8.19}
{'loss': 0.35, 'learning_rate': 1.933245604910018e-05, 'epoch': 8.19}
{'loss': 0.343, 'learning_rate': 1.9289155310517005e-05, 'epoch': 8.2}
{'loss': 0.3197, 'learning_rate': 1.9245854571933843e-05, 'epoch': 8.2}
{'loss': 0.3324, 'learning_rate': 1.9202553833350664e-05, 'epoch': 8.21}
{'loss': 0.3336, 'learning_rate': 1.9159253094767502e-05, 'epoch': 8.21}
{'loss': 0.3406, 'learning_rate': 1.9115952356184337e-05, 'epoch': 8.21}
{'loss': 0.3244, 'learning_rate': 1.9072651617601162e-05, 'epoch': 8.22}
{'loss': 0.3352, 'learning_rate': 1.9029350879017997e-05, 'epoch': 8.22}
{'loss': 0.3369, 'learning_rate': 1.898605014043483e-05, 'epoch': 8.23}
{'loss': 0.3288, 'learning_rate': 1.8942749401851656e-05, 'epoch': 8.23}
{'loss': 0.3528, 'learning_rate': 1.889944866326849e-05, 'epoch': 8.23}
{'loss': 0.3474, 'learning_rate': 1.8856147924685325e-05, 'epoch': 8.24}
{'loss': 0.3264, 'learning_rate': 1.881284718610215e-05, 'epoch': 8.24}
{'loss': 0.3384, 'learning_rate': 1.8769546447518985e-05, 'epoch': 8.25}
{'loss': 0.3456, 'learning_rate': 1.872624570893581e-05, 'epoch': 8.25}
{'loss': 0.3463, 'learning_rate': 1.8682944970352648e-05, 'epoch': 8.25}
{'loss': 0.3825, 'learning_rate': 1.8639644231769482e-05, 'epoch': 8.26}
{'loss': 0.3346, 'learning_rate': 1.8596343493186307e-05, 'epoch': 8.26}
{'loss': 0.3463, 'learning_rate': 1.855304275460314e-05, 'epoch': 8.27}
{'loss': 0.367, 'learning_rate': 1.8509742016019976e-05, 'epoch': 8.27}
{'loss': 0.3613, 'learning_rate': 1.84664412774368e-05, 'epoch': 8.27}
{'loss': 0.3499, 'learning_rate': 1.8423140538853636e-05, 'epoch': 8.28}
{'loss': 0.3054, 'learning_rate': 1.837983980027047e-05, 'epoch': 8.28}
{'loss': 0.341, 'learning_rate': 1.8336539061687295e-05, 'epoch': 8.29}
{'loss': 0.3339, 'learning_rate': 1.829323832310413e-05, 'epoch': 8.29}
{'loss': 0.3442, 'learning_rate': 1.8249937584520954e-05, 'epoch': 8.3}
{'loss': 0.3481, 'learning_rate': 1.820663684593779e-05, 'epoch': 8.3}
{'loss': 0.3232, 'learning_rate': 1.8163336107354627e-05, 'epoch': 8.3}
{'loss': 0.3758, 'learning_rate': 1.8120035368771452e-05, 'epoch': 8.31}
{'loss': 0.3465, 'learning_rate': 1.8076734630188287e-05, 'epoch': 8.31}
{'loss': 0.3094, 'learning_rate': 1.803343389160512e-05, 'epoch': 8.32}
{'loss': 0.3498, 'learning_rate': 1.7990133153021946e-05, 'epoch': 8.32}
{'loss': 0.3328, 'learning_rate': 1.794683241443878e-05, 'epoch': 8.32}
{'loss': 0.3363, 'learning_rate': 1.7903531675855616e-05, 'epoch': 8.33}
{'loss': 0.3646, 'learning_rate': 1.786023093727244e-05, 'epoch': 8.33}
{'loss': 0.3428, 'learning_rate': 1.7816930198689275e-05, 'epoch': 8.34}
{'loss': 0.3529, 'learning_rate': 1.777362946010611e-05, 'epoch': 8.34}
{'loss': 0.3602, 'learning_rate': 1.7730328721522934e-05, 'epoch': 8.34}
{'loss': 0.3572, 'learning_rate': 1.7687027982939772e-05, 'epoch': 8.35}
{'loss': 0.3806, 'learning_rate': 1.7643727244356594e-05, 'epoch': 8.35}
{'loss': 0.3291, 'learning_rate': 1.7600426505773432e-05, 'epoch': 8.36}
{'loss': 0.3322, 'learning_rate': 1.7557125767190266e-05, 'epoch': 8.36}
{'loss': 0.3548, 'learning_rate': 1.751382502860709e-05, 'epoch': 8.36}
{'loss': 0.3599, 'learning_rate': 1.7470524290023926e-05, 'epoch': 8.37}
{'loss': 0.3516, 'learning_rate': 1.742722355144076e-05, 'epoch': 8.37}
{'loss': 0.3234, 'learning_rate': 1.7383922812857585e-05, 'epoch': 8.38}
{'loss': 0.3257, 'learning_rate': 1.734062207427442e-05, 'epoch': 8.38}
{'loss': 0.3668, 'learning_rate': 1.7297321335691255e-05, 'epoch': 8.38}
{'loss': 0.3421, 'learning_rate': 1.725402059710808e-05, 'epoch': 8.39}
{'loss': 0.3281, 'learning_rate': 1.7210719858524914e-05, 'epoch': 8.39}
{'loss': 0.35, 'learning_rate': 1.716741911994174e-05, 'epoch': 8.4}
{'loss': 0.3277, 'learning_rate': 1.7124118381358577e-05, 'epoch': 8.4}
{'loss': 0.3383, 'learning_rate': 1.708081764277541e-05, 'epoch': 8.41}
{'loss': 0.3239, 'learning_rate': 1.7037516904192236e-05, 'epoch': 8.41}
{'loss': 0.3453, 'learning_rate': 1.699421616560907e-05, 'epoch': 8.41}
{'loss': 0.3384, 'learning_rate': 1.695178144179757e-05, 'epoch': 8.42}
{'loss': 0.3403, 'learning_rate': 1.6908480703214394e-05, 'epoch': 8.42}
{'loss': 0.3688, 'learning_rate': 1.686517996463123e-05, 'epoch': 8.43}
{'loss': 0.345, 'learning_rate': 1.6821879226048064e-05, 'epoch': 8.43}
{'loss': 0.3466, 'learning_rate': 1.6778578487464888e-05, 'epoch': 8.43}
{'loss': 0.3606, 'learning_rate': 1.6735277748881723e-05, 'epoch': 8.44}
{'loss': 0.3604, 'learning_rate': 1.6691977010298558e-05, 'epoch': 8.44}
{'loss': 0.3527, 'learning_rate': 1.6648676271715382e-05, 'epoch': 8.45}
{'loss': 0.3256, 'learning_rate': 1.6605375533132217e-05, 'epoch': 8.45}
{'loss': 0.322, 'learning_rate': 1.6562074794549042e-05, 'epoch': 8.45}
{'loss': 0.3132, 'learning_rate': 1.651877405596588e-05, 'epoch': 8.46}
{'loss': 0.3589, 'learning_rate': 1.6475473317382715e-05, 'epoch': 8.46}
{'loss': 0.34, 'learning_rate': 1.643217257879954e-05, 'epoch': 8.47}
{'loss': 0.3423, 'learning_rate': 1.6388871840216374e-05, 'epoch': 8.47}
{'loss': 0.3668, 'learning_rate': 1.634557110163321e-05, 'epoch': 8.47}
{'loss': 0.3692, 'learning_rate': 1.6302270363050033e-05, 'epoch': 8.48}
{'loss': 0.3467, 'learning_rate': 1.6258969624466868e-05, 'epoch': 8.48}
{'loss': 0.3472, 'learning_rate': 1.6215668885883703e-05, 'epoch': 8.49}
{'loss': 0.3238, 'learning_rate': 1.6172368147300527e-05, 'epoch': 8.49}
{'loss': 0.3358, 'learning_rate': 1.6129067408717362e-05, 'epoch': 8.49}
{'loss': 0.3412, 'learning_rate': 1.6085766670134187e-05, 'epoch': 8.5}
{'loss': 0.3719, 'learning_rate': 1.604246593155102e-05, 'epoch': 8.5}
{'loss': 0.3543, 'learning_rate': 1.599916519296786e-05, 'epoch': 8.51}
{'loss': 0.3703, 'learning_rate': 1.5955864454384684e-05, 'epoch': 8.51}
{'loss': 0.3363, 'learning_rate': 1.591256371580152e-05, 'epoch': 8.52}
{'loss': 0.3402, 'learning_rate': 1.5869262977218354e-05, 'epoch': 8.52}
{'loss': 0.3586, 'learning_rate': 1.582596223863518e-05, 'epoch': 8.52}
{'loss': 0.3491, 'learning_rate': 1.5782661500052013e-05, 'epoch': 8.53}
{'loss': 0.3415, 'learning_rate': 1.5739360761468848e-05, 'epoch': 8.53}
{'loss': 0.3808, 'learning_rate': 1.5696060022885672e-05, 'epoch': 8.54}
{'loss': 0.3229, 'learning_rate': 1.5652759284302507e-05, 'epoch': 8.54}
{'loss': 0.3795, 'learning_rate': 1.5609458545719332e-05, 'epoch': 8.54}
{'loss': 0.3325, 'learning_rate': 1.5566157807136167e-05, 'epoch': 8.55}
{'loss': 0.3202, 'learning_rate': 1.5522857068553005e-05, 'epoch': 8.55}
{'loss': 0.3468, 'learning_rate': 1.5479556329969826e-05, 'epoch': 8.56}
{'loss': 0.3227, 'learning_rate': 1.5436255591386664e-05, 'epoch': 8.56}
{'loss': 0.363, 'learning_rate': 1.53929548528035e-05, 'epoch': 8.56}
{'loss': 0.3358, 'learning_rate': 1.5349654114220323e-05, 'epoch': 8.57}
{'loss': 0.356, 'learning_rate': 1.5306353375637158e-05, 'epoch': 8.57}
{'loss': 0.3316, 'learning_rate': 1.5263052637053993e-05, 'epoch': 8.58}
{'loss': 0.3452, 'learning_rate': 1.521975189847082e-05, 'epoch': 8.58}
{'loss': 0.3242, 'learning_rate': 1.5176451159887652e-05, 'epoch': 8.58}
{'loss': 0.3182, 'learning_rate': 1.513315042130449e-05, 'epoch': 8.59}
{'loss': 0.3198, 'learning_rate': 1.5089849682721317e-05, 'epoch': 8.59}
{'loss': 0.3156, 'learning_rate': 1.504654894413815e-05, 'epoch': 8.6}
{'loss': 0.3155, 'learning_rate': 1.5003248205554973e-05, 'epoch': 8.6}
{'loss': 0.3324, 'learning_rate': 1.495994746697181e-05, 'epoch': 8.6}
{'loss': 0.3327, 'learning_rate': 1.4916646728388644e-05, 'epoch': 8.61}
{'loss': 0.3474, 'learning_rate': 1.4873345989805468e-05, 'epoch': 8.61}
{'loss': 0.3604, 'learning_rate': 1.4830045251222305e-05, 'epoch': 8.62}
{'loss': 0.3334, 'learning_rate': 1.478674451263914e-05, 'epoch': 8.62}
{'loss': 0.3329, 'learning_rate': 1.4743443774055964e-05, 'epoch': 8.63}
{'loss': 0.3489, 'learning_rate': 1.4700143035472799e-05, 'epoch': 8.63}
{'loss': 0.355, 'learning_rate': 1.4656842296889635e-05, 'epoch': 8.63}
{'loss': 0.3358, 'learning_rate': 1.461354155830646e-05, 'epoch': 8.64}
{'loss': 0.3471, 'learning_rate': 1.4570240819723293e-05, 'epoch': 8.64}
{'loss': 0.3435, 'learning_rate': 1.452694008114012e-05, 'epoch': 8.65}
{'loss': 0.3487, 'learning_rate': 1.4483639342556954e-05, 'epoch': 8.65}
{'loss': 0.3411, 'learning_rate': 1.4440338603973789e-05, 'epoch': 8.65}
{'loss': 0.3439, 'learning_rate': 1.4397037865390613e-05, 'epoch': 8.66}
{'loss': 0.3386, 'learning_rate': 1.4353737126807452e-05, 'epoch': 8.66}
{'loss': 0.3379, 'learning_rate': 1.4311302402995947e-05, 'epoch': 8.67}
{'loss': 0.3525, 'learning_rate': 1.4268001664412772e-05, 'epoch': 8.67}
{'loss': 0.3208, 'learning_rate': 1.422470092582961e-05, 'epoch': 8.67}
{'loss': 0.3244, 'learning_rate': 1.4181400187246443e-05, 'epoch': 8.68}
{'loss': 0.3592, 'learning_rate': 1.4138099448663267e-05, 'epoch': 8.68}
{'loss': 0.3451, 'learning_rate': 1.40947987100801e-05, 'epoch': 8.69}
{'loss': 0.3557, 'learning_rate': 1.4051497971496939e-05, 'epoch': 8.69}
{'loss': 0.3201, 'learning_rate': 1.4008197232913761e-05, 'epoch': 8.69}
{'loss': 0.3284, 'learning_rate': 1.3964896494330598e-05, 'epoch': 8.7}
{'loss': 0.3317, 'learning_rate': 1.392159575574742e-05, 'epoch': 8.7}
{'loss': 0.3311, 'learning_rate': 1.3878295017164259e-05, 'epoch': 8.71}
{'loss': 0.3063, 'learning_rate': 1.3834994278581092e-05, 'epoch': 8.71}
{'loss': 0.3537, 'learning_rate': 1.3791693539997917e-05, 'epoch': 8.71}
{'loss': 0.3579, 'learning_rate': 1.374839280141475e-05, 'epoch': 8.72}
{'loss': 0.3339, 'learning_rate': 1.3705092062831588e-05, 'epoch': 8.72}
{'loss': 0.332, 'learning_rate': 1.3661791324248412e-05, 'epoch': 8.73}
{'loss': 0.3295, 'learning_rate': 1.3618490585665247e-05, 'epoch': 8.73}
{'loss': 0.3465, 'learning_rate': 1.3575189847082082e-05, 'epoch': 8.74}
{'loss': 0.3333, 'learning_rate': 1.3531889108498908e-05, 'epoch': 8.74}
{'loss': 0.3556, 'learning_rate': 1.3488588369915741e-05, 'epoch': 8.74}
{'loss': 0.3543, 'learning_rate': 1.3445287631332564e-05, 'epoch': 8.75}
{'loss': 0.334, 'learning_rate': 1.3401986892749402e-05, 'epoch': 8.75}
{'loss': 0.3561, 'learning_rate': 1.3358686154166235e-05, 'epoch': 8.76}
{'loss': 0.3277, 'learning_rate': 1.3315385415583062e-05, 'epoch': 8.76}
{'loss': 0.3247, 'learning_rate': 1.3272084676999896e-05, 'epoch': 8.76}
{'loss': 0.3328, 'learning_rate': 1.3228783938416733e-05, 'epoch': 8.77}
{'loss': 0.3449, 'learning_rate': 1.3185483199833556e-05, 'epoch': 8.77}
{'loss': 0.3222, 'learning_rate': 1.3142182461250394e-05, 'epoch': 8.78}
{'loss': 0.3557, 'learning_rate': 1.3098881722667227e-05, 'epoch': 8.78}
{'loss': 0.3664, 'learning_rate': 1.3055580984084052e-05, 'epoch': 8.78}
{'loss': 0.3365, 'learning_rate': 1.3012280245500885e-05, 'epoch': 8.79}
{'loss': 0.3385, 'learning_rate': 1.2968979506917711e-05, 'epoch': 8.79}
{'loss': 0.3714, 'learning_rate': 1.2925678768334547e-05, 'epoch': 8.8}
{'loss': 0.3334, 'learning_rate': 1.2882378029751382e-05, 'epoch': 8.8}
{'loss': 0.3558, 'learning_rate': 1.2839077291168205e-05, 'epoch': 8.8}
{'loss': 0.3278, 'learning_rate': 1.2795776552585043e-05, 'epoch': 8.81}
{'loss': 0.3225, 'learning_rate': 1.2752475814001876e-05, 'epoch': 8.81}
{'loss': 0.3566, 'learning_rate': 1.27091750754187e-05, 'epoch': 8.82}
{'loss': 0.3578, 'learning_rate': 1.2665874336835537e-05, 'epoch': 8.82}
{'loss': 0.3428, 'learning_rate': 1.2622573598252372e-05, 'epoch': 8.82}
{'loss': 0.3222, 'learning_rate': 1.2579272859669197e-05, 'epoch': 8.83}
{'loss': 0.3459, 'learning_rate': 1.2535972121086031e-05, 'epoch': 8.83}
{'loss': 0.3538, 'learning_rate': 1.2492671382502868e-05, 'epoch': 8.84}
{'loss': 0.3202, 'learning_rate': 1.244937064391969e-05, 'epoch': 8.84}
{'loss': 0.3232, 'learning_rate': 1.2406069905336527e-05, 'epoch': 8.85}
{'loss': 0.3318, 'learning_rate': 1.2362769166753352e-05, 'epoch': 8.85}
{'loss': 0.3354, 'learning_rate': 1.2320334442941849e-05, 'epoch': 8.85}
{'loss': 0.326, 'learning_rate': 1.2277033704358685e-05, 'epoch': 8.86}
{'loss': 0.3569, 'learning_rate': 1.223373296577551e-05, 'epoch': 8.86}
{'loss': 0.3495, 'learning_rate': 1.2190432227192345e-05, 'epoch': 8.87}
{'loss': 0.3415, 'learning_rate': 1.214713148860918e-05, 'epoch': 8.87}
{'loss': 0.3731, 'learning_rate': 1.2103830750026004e-05, 'epoch': 8.87}
{'loss': 0.3428, 'learning_rate': 1.206053001144284e-05, 'epoch': 8.88}
{'loss': 0.3908, 'learning_rate': 1.2017229272859675e-05, 'epoch': 8.88}
{'loss': 0.3377, 'learning_rate': 1.19739285342765e-05, 'epoch': 8.89}
{'loss': 0.3295, 'learning_rate': 1.1930627795693334e-05, 'epoch': 8.89}
{'loss': 0.3422, 'learning_rate': 1.1887327057110159e-05, 'epoch': 8.89}
{'loss': 0.3069, 'learning_rate': 1.1844026318526994e-05, 'epoch': 8.9}
{'loss': 0.3278, 'learning_rate': 1.180072557994383e-05, 'epoch': 8.9}
{'loss': 0.3692, 'learning_rate': 1.1757424841360653e-05, 'epoch': 8.91}
{'loss': 0.3499, 'learning_rate': 1.171412410277749e-05, 'epoch': 8.91}
{'loss': 0.3304, 'learning_rate': 1.1670823364194324e-05, 'epoch': 8.91}
{'loss': 0.3326, 'learning_rate': 1.1627522625611149e-05, 'epoch': 8.92}
{'loss': 0.3323, 'learning_rate': 1.1584221887027984e-05, 'epoch': 8.92}
{'loss': 0.3578, 'learning_rate': 1.154092114844482e-05, 'epoch': 8.93}
{'loss': 0.3064, 'learning_rate': 1.1497620409861645e-05, 'epoch': 8.93}
{'loss': 0.337, 'learning_rate': 1.145431967127848e-05, 'epoch': 8.93}
{'loss': 0.3417, 'learning_rate': 1.1411018932695314e-05, 'epoch': 8.94}
{'loss': 0.3264, 'learning_rate': 1.1368584208883803e-05, 'epoch': 8.94}
{'loss': 0.2895, 'learning_rate': 1.1325283470300638e-05, 'epoch': 8.95}
{'loss': 0.3335, 'learning_rate': 1.1281982731717462e-05, 'epoch': 8.95}
{'loss': 0.3218, 'learning_rate': 1.1238681993134297e-05, 'epoch': 8.96}
{'loss': 0.3278, 'learning_rate': 1.1195381254551132e-05, 'epoch': 8.96}
{'loss': 0.3176, 'learning_rate': 1.1152080515967956e-05, 'epoch': 8.96}
{'loss': 0.3455, 'learning_rate': 1.1108779777384793e-05, 'epoch': 8.97}
{'loss': 0.3203, 'learning_rate': 1.1065479038801627e-05, 'epoch': 8.97}
{'loss': 0.3254, 'learning_rate': 1.1022178300218452e-05, 'epoch': 8.98}
{'loss': 0.3417, 'learning_rate': 1.0978877561635287e-05, 'epoch': 8.98}
{'loss': 0.3279, 'learning_rate': 1.0935576823052123e-05, 'epoch': 8.98}
{'loss': 0.3413, 'learning_rate': 1.0892276084468946e-05, 'epoch': 8.99}
{'loss': 0.3225, 'learning_rate': 1.0849841360657445e-05, 'epoch': 8.99}
{'loss': 0.3328, 'learning_rate': 1.0806540622074281e-05, 'epoch': 9.0}
[INFO|trainer.py:520] 2026-10-04 15:52:59,769 >> The following columns in the evaluation set  don't have a corresponding argument in `PETLEncModel.forward` and have been ignored: idx, premise, hypothesis.
[INFO|trainer.py:2179] 2026-10-04 15:52:59,771 >> ***** Running Evaluation *****
[INFO|trainer.py:2181] 2026-10-04 15:52:59,771 >>   Num examples = 9815
[INFO|trainer.py:2184] 2026-10-04 15:52:59,771 >>   Batch size = 32
{'eval_loss': 0.35711658000946045, 'eval_accuracy': 0.8722363728986245, 'eval_runtime': 13.3252, 'eval_samples_per_second': 736.572, 'eval_steps_per_second': 23.039, 'epoch': 9.0}
[INFO|trainer.py:1933] 2026-10-04 15:53:13,100 >> Saving model checkpoint to checkpoints/glue/mnli/20261004/glue.mnli.adapter.am_adapter.ao_sequential.fm_adapter.fo_sequential.abn.fbn.ac_add.fl_none.finit_bert.fs_1.unfrz_ef_.ne10.warm0.06.wd0.1.seed42./checkpoint-110448
[INFO|configuration_utils.py:364] 2026-10-04 15:53:13,102 >> Configuration saved in checkpoints/glue/mnli/20261004/glue.mnli.adapter.am_adapter.ao_sequential.fm_adapter.fo_sequential.abn.fbn.ac_add.fl_none.finit_bert.fs_1.unfrz_ef_.ne10.warm0.06.wd0.1.seed42./checkpoint-110448/config.json
[INFO|modeling_utils.py:898] 2026-10-04 15:53:13,365 >> Model weights saved in checkpoints/glue/mnli/20261004/glue.mnli.adapter.am_adapter.ao_sequential.fm_adapter.fo_sequential.abn.fbn.ac_add.fl_none.finit_bert.fs_1.unfrz_ef_.ne10.warm0.06.wd0.1.seed42./checkpoint-110448/pytorch_model.bin
[INFO|tokenization_utils_base.py:1948] 2026-10-04 15:53:13,366 >> tokenizer config file saved in checkpoints/glue/mnli/20261004/glue.mnli.adapter.am_adapter.ao_sequential.fm_adapter.fo_sequential.abn.fbn.ac_add.fl_none.finit_bert.fs_1.unfrz_ef_.ne10.warm0.06.wd0.1.seed42./checkpoint-110448/tokenizer_config.json
[INFO|tokenization_utils_base.py:1954] 2026-10-04 15:53:13,366 >> Special tokens file saved in checkpoints/glue/mnli/20261004/glue.mnli.adapter.am_adapter.ao_sequential.fm_adapter.fo_sequential.abn.fbn.ac_add.fl_none.finit_bert.fs_1.unfrz_ef_.ne10.warm0.06.wd0.1.seed42./checkpoint-110448/special_tokens_map.json
[INFO|trainer.py:2009] 2026-10-04 15:53:13,440 >> Deleting older checkpoint [checkpoints/glue/mnli/20261004/glue.mnli.adapter.am_adapter.ao_sequential.fm_adapter.fo_sequential.abn.fbn.ac_add.fl_none.finit_bert.fs_1.unfrz_ef_.ne10.warm0.06.wd0.1.seed42./checkpoint-85904] due to args.save_total_limit
/work/unify-parameter-efficient-tuning/src/transformers/trainer.py:1784: FutureWarning: `torch.cuda.amp.autocast(args...)` is deprecated. Please use `torch.amp.autocast('cuda', args...)` instead.
  with autocast():
{'loss': 0.3001, 'learning_rate': 1.0763239883491104e-05, 'epoch': 9.0}
{'loss': 0.325, 'learning_rate': 1.071993914490794e-05, 'epoch': 9.0}
{'loss': 0.3689, 'learning_rate': 1.0676638406324765e-05, 'epoch': 9.01}
{'loss': 0.3408, 'learning_rate': 1.06333376677416e-05, 'epoch': 9.01}
{'loss': 0.3105, 'learning_rate': 1.0590036929158435e-05, 'epoch': 9.02}
{'loss': 0.3173, 'learning_rate': 1.054673619057526e-05, 'epoch': 9.02}
{'loss': 0.3139, 'learning_rate': 1.0503435451992096e-05, 'epoch': 9.02}
{'loss': 0.3406, 'learning_rate': 1.046013471340893e-05, 'epoch': 9.03}
{'loss': 0.3277, 'learning_rate': 1.0416833974825755e-05, 'epoch': 9.03}
{'loss': 0.3813, 'learning_rate': 1.037353323624259e-05, 'epoch': 9.04}
{'loss': 0.3113, 'learning_rate': 1.0330232497659425e-05, 'epoch': 9.04}
{'loss': 0.3389, 'learning_rate': 1.028693175907625e-05, 'epoch': 9.04}
{'loss': 0.3224, 'learning_rate': 1.0243631020493086e-05, 'epoch': 9.05}
{'loss': 0.3327, 'learning_rate': 1.0200330281909909e-05, 'epoch': 9.05}
{'loss': 0.321, 'learning_rate': 1.0157029543326745e-05, 'epoch': 9.06}
{'loss': 0.3297, 'learning_rate': 1.011372880474358e-05, 'epoch': 9.06}
{'loss': 0.3622, 'learning_rate': 1.0070428066160404e-05, 'epoch': 9.07}
{'loss': 0.3118, 'learning_rate': 1.002712732757724e-05, 'epoch': 9.07}
{'loss': 0.3383, 'learning_rate': 9.983826588994076e-06, 'epoch': 9.07}
{'loss': 0.3287, 'learning_rate': 9.9405258504109e-06, 'epoch': 9.08}
{'loss': 0.3048, 'learning_rate': 9.897225111827735e-06, 'epoch': 9.08}
{'loss': 0.3112, 'learning_rate': 9.85392437324457e-06, 'epoch': 9.09}
{'loss': 0.3466, 'learning_rate': 9.810623634661394e-06, 'epoch': 9.09}
{'loss': 0.3197, 'learning_rate': 9.767322896078229e-06, 'epoch': 9.09}
{'loss': 0.3453, 'learning_rate': 9.724022157495054e-06, 'epoch': 9.1}
{'loss': 0.323, 'learning_rate': 9.68072141891189e-06, 'epoch': 9.1}
{'loss': 0.3187, 'learning_rate': 9.637420680328725e-06, 'epoch': 9.11}
{'loss': 0.3597, 'learning_rate': 9.59411994174555e-06, 'epoch': 9.11}
{'loss': 0.3484, 'learning_rate': 9.550819203162384e-06, 'epoch': 9.11}
{'loss': 0.3689, 'learning_rate': 9.50751846457922e-06, 'epoch': 9.12}
{'loss': 0.3371, 'learning_rate': 9.464217725996044e-06, 'epoch': 9.12}
{'loss': 0.3013, 'learning_rate': 9.42091698741288e-06, 'epoch': 9.13}
{'loss': 0.364, 'learning_rate': 9.377616248829715e-06, 'epoch': 9.13}
{'loss': 0.3579, 'learning_rate': 9.33431551024654e-06, 'epoch': 9.13}
{'loss': 0.3503, 'learning_rate': 9.291014771663374e-06, 'epoch': 9.14}
{'loss': 0.316, 'learning_rate': 9.24771403308021e-06, 'epoch': 9.14}
{'loss': 0.3872, 'learning_rate': 9.204413294497035e-06, 'epoch': 9.15}
{'loss': 0.321, 'learning_rate': 9.16111255591387e-06, 'epoch': 9.15}
{'loss': 0.3094, 'learning_rate': 9.117811817330695e-06, 'epoch': 9.15}
{'loss': 0.3554, 'learning_rate': 9.07451107874753e-06, 'epoch': 9.16}
{'loss': 0.31, 'learning_rate': 9.031210340164364e-06, 'epoch': 9.16}
{'loss': 0.3477, 'learning_rate': 8.987909601581189e-06, 'epoch': 9.17}
{'loss': 0.3308, 'learning_rate': 8.944608862998025e-06, 'epoch': 9.17}
{'loss': 0.3399, 'learning_rate': 8.90130812441486e-06, 'epoch': 9.18}
{'loss': 0.3593, 'learning_rate': 8.858007385831684e-06, 'epoch': 9.18}
{'loss': 0.3084, 'learning_rate': 8.81470664724852e-06, 'epoch': 9.18}
{'loss': 0.3472, 'learning_rate': 8.771405908665356e-06, 'epoch': 9.19}
{'loss': 0.3156, 'learning_rate': 8.728105170082179e-06, 'epoch': 9.19}
{'loss': 0.3344, 'learning_rate': 8.684804431499015e-06, 'epoch': 9.2}
{'loss': 0.3708, 'learning_rate': 8.64150369291584e-06, 'epoch': 9.2}
{'loss': 0.3372, 'learning_rate': 8.598202954332674e-06, 'epoch': 9.2}
{'loss': 0.3136, 'learning_rate': 8.554902215749509e-06, 'epoch': 9.21}
{'loss': 0.309, 'learning_rate': 8.511601477166334e-06, 'epoch': 9.21}
{'loss': 0.332, 'learning_rate': 8.468300738583168e-06, 'epoch': 9.22}
{'loss': 0.3528, 'learning_rate': 8.425000000000005e-06, 'epoch': 9.22}
{'loss': 0.3536, 'learning_rate': 8.38169926141683e-06, 'epoch': 9.22}
{'loss': 0.3658, 'learning_rate': 8.338398522833664e-06, 'epoch': 9.23}
{'loss': 0.343, 'learning_rate': 8.295097784250499e-06, 'epoch': 9.23}
{'loss': 0.3441, 'learning_rate': 8.251797045667324e-06, 'epoch': 9.24}
{'loss': 0.3863, 'learning_rate': 8.20849630708416e-06, 'epoch': 9.24}
{'loss': 0.3164, 'learning_rate': 8.165195568500995e-06, 'epoch': 9.24}
{'loss': 0.3307, 'learning_rate': 8.12189482991782e-06, 'epoch': 9.25}
{'loss': 0.3438, 'learning_rate': 8.078594091334654e-06, 'epoch': 9.25}
{'loss': 0.3414, 'learning_rate': 8.035293352751479e-06, 'epoch': 9.26}
{'loss': 0.341, 'learning_rate': 7.991992614168313e-06, 'epoch': 9.26}
{'loss': 0.3472, 'learning_rate': 7.94869187558515e-06, 'epoch': 9.26}
{'loss': 0.3509, 'learning_rate': 7.905391137001975e-06, 'epoch': 9.27}
{'loss': 0.3459, 'learning_rate': 7.86209039841881e-06, 'epoch': 9.27}
{'loss': 0.3086, 'learning_rate': 7.818789659835644e-06, 'epoch': 9.28}
{'loss': 0.3283, 'learning_rate': 7.775488921252469e-06, 'epoch': 9.28}
{'loss': 0.3094, 'learning_rate': 7.732188182669303e-06, 'epoch': 9.29}
{'loss': 0.3403, 'learning_rate': 7.68888744408614e-06, 'epoch': 9.29}
{'loss': 0.3179, 'learning_rate': 7.645586705502963e-06, 'epoch': 9.29}
{'loss': 0.3552, 'learning_rate': 7.6022859669197975e-06, 'epoch': 9.3}
{'loss': 0.3558, 'learning_rate': 7.558985228336624e-06, 'epoch': 9.3}
{'loss': 0.3511, 'learning_rate': 7.515684489753458e-06, 'epoch': 9.31}
{'loss': 0.3063, 'learning_rate': 7.472383751170293e-06, 'epoch': 9.31}
{'loss': 0.3552, 'learning_rate': 7.429083012587118e-06, 'epoch': 9.31}
{'loss': 0.3379, 'learning_rate': 7.385782274003953e-06, 'epoch': 9.32}
{'loss': 0.3163, 'learning_rate': 7.342481535420788e-06, 'epoch': 9.32}
{'loss': 0.3234, 'learning_rate': 7.299180796837613e-06, 'epoch': 9.33}
{'loss': 0.326, 'learning_rate': 7.255880058254448e-06, 'epoch': 9.33}
{'loss': 0.3369, 'learning_rate': 7.212579319671284e-06, 'epoch': 9.33}
{'loss': 0.3407, 'learning_rate': 7.169278581088109e-06, 'epoch': 9.34}
{'loss': 0.3519, 'learning_rate': 7.125977842504944e-06, 'epoch': 9.34}
{'loss': 0.3274, 'learning_rate': 7.082677103921767e-06, 'epoch': 9.35}
{'loss': 0.3259, 'learning_rate': 7.039376365338603e-06, 'epoch': 9.35}
{'loss': 0.3071, 'learning_rate': 6.996075626755438e-06, 'epoch': 9.35}
{'loss': 0.3152, 'learning_rate': 6.952774888172261e-06, 'epoch': 9.36}
{'loss': 0.352, 'learning_rate': 6.909474149589097e-06, 'epoch': 9.36}
{'loss': 0.3178, 'learning_rate': 6.866173411005932e-06, 'epoch': 9.37}
{'loss': 0.3584, 'learning_rate': 6.822872672422757e-06, 'epoch': 9.37}
{'loss': 0.3304, 'learning_rate': 6.779571933839593e-06, 'epoch': 9.38}
{'loss': 0.3682, 'learning_rate': 6.736271195256428e-06, 'epoch': 9.38}
{'loss': 0.3483, 'learning_rate': 6.692970456673253e-06, 'epoch': 9.38}
{'loss': 0.3145, 'learning_rate': 6.6496697180900876e-06, 'epoch': 9.39}
{'loss': 0.2851, 'learning_rate': 6.606368979506923e-06, 'epoch': 9.39}
{'loss': 0.3331, 'learning_rate': 6.563068240923748e-06, 'epoch': 9.4}
{'loss': 0.3527, 'learning_rate': 6.519767502340582e-06, 'epoch': 9.4}
{'loss': 0.3356, 'learning_rate': 6.476466763757406e-06, 'epoch': 9.4}
{'loss': 0.3487, 'learning_rate': 6.433166025174242e-06, 'epoch': 9.41}
{'loss': 0.3367, 'learning_rate': 6.3898652865910775e-06, 'epoch': 9.41}
{'loss': 0.3401, 'learning_rate': 6.346564548007902e-06, 'epoch': 9.42}
{'loss': 0.3165, 'learning_rate': 6.303263809424738e-06, 'epoch': 9.42}
{'loss': 0.3501, 'learning_rate': 6.259963070841573e-06, 'epoch': 9.42}
{'loss': 0.3359, 'learning_rate': 6.216662332258397e-06, 'epoch': 9.43}
{'loss': 0.3702, 'learning_rate': 6.173361593675233e-06, 'epoch': 9.43}
{'loss': 0.3372, 'learning_rate': 6.130060855092068e-06, 'epoch': 9.44}
{'loss': 0.3229, 'learning_rate': 6.086760116508892e-06, 'epoch': 9.44}
{'loss': 0.3275, 'learning_rate': 6.0434593779257276e-06, 'epoch': 9.44}
{'loss': 0.3345, 'learning_rate': 6.000158639342552e-06, 'epoch': 9.45}
{'loss': 0.3218, 'learning_rate': 5.956857900759388e-06, 'epoch': 9.45}
{'loss': 0.3296, 'learning_rate': 5.9135571621762225e-06, 'epoch': 9.46}
{'loss': 0.2987, 'learning_rate': 5.870256423593047e-06, 'epoch': 9.46}
{'loss': 0.3456, 'learning_rate': 5.826955685009883e-06, 'epoch': 9.46}
{'loss': 0.3418, 'learning_rate': 5.7836549464267175e-06, 'epoch': 9.47}
{'loss': 0.3305, 'learning_rate': 5.740354207843542e-06, 'epoch': 9.47}
{'loss': 0.3509, 'learning_rate': 5.697053469260378e-06, 'epoch': 9.48}
{'loss': 0.3685, 'learning_rate': 5.653752730677212e-06, 'epoch': 9.48}
{'loss': 0.3501, 'learning_rate': 5.610451992094037e-06, 'epoch': 9.49}
{'loss': 0.3282, 'learning_rate': 5.567151253510873e-06, 'epoch': 9.49}
{'loss': 0.3136, 'learning_rate': 5.523850514927697e-06, 'epoch': 9.49}
{'loss': 0.327, 'learning_rate': 5.480549776344532e-06, 'epoch': 9.5}
{'loss': 0.3493, 'learning_rate': 5.4372490377613675e-06, 'epoch': 9.5}
{'loss': 0.3061, 'learning_rate': 5.393948299178192e-06, 'epoch': 9.51}
{'loss': 0.3421, 'learning_rate': 5.35151357536669e-06, 'epoch': 9.51}
{'loss': 0.3572, 'learning_rate': 5.308212836783526e-06, 'epoch': 9.51}
{'loss': 0.3229, 'learning_rate': 5.26491209820035e-06, 'epoch': 9.52}
{'loss': 0.3452, 'learning_rate': 5.222477374388848e-06, 'epoch': 9.52}
{'loss': 0.3423, 'learning_rate': 5.179176635805684e-06, 'epoch': 9.53}
{'loss': 0.3369, 'learning_rate': 5.135875897222508e-06, 'epoch': 9.53}
{'loss': 0.3169, 'learning_rate': 5.092575158639343e-06, 'epoch': 9.53}
{'loss': 0.3369, 'learning_rate': 5.049274420056179e-06, 'epoch': 9.54}
{'loss': 0.3193, 'learning_rate': 5.005973681473003e-06, 'epoch': 9.54}
{'loss': 0.3383, 'learning_rate': 4.962672942889839e-06, 'epoch': 9.55}
{'loss': 0.3696, 'learning_rate': 4.919372204306663e-06, 'epoch': 9.55}
{'loss': 0.3612, 'learning_rate': 4.876071465723498e-06, 'epoch': 9.55}
{'loss': 0.3222, 'learning_rate': 4.832770727140334e-06, 'epoch': 9.56}
{'loss': 0.3227, 'learning_rate': 4.7894699885571575e-06, 'epoch': 9.56}
{'loss': 0.3351, 'learning_rate': 4.746169249973993e-06, 'epoch': 9.57}
{'loss': 0.3332, 'learning_rate': 4.702868511390829e-06, 'epoch': 9.57}
{'loss': 0.3354, 'learning_rate': 4.6595677728076525e-06, 'epoch': 9.57}
{'loss': 0.3476, 'learning_rate': 4.616267034224488e-06, 'epoch': 9.58}
{'loss': 0.3161, 'learning_rate': 4.572966295641324e-06, 'epoch': 9.58}
{'loss': 0.3842, 'learning_rate': 4.5296655570581474e-06, 'epoch': 9.59}
{'loss': 0.3243, 'learning_rate': 4.486364818474983e-06, 'epoch': 9.59}
{'loss': 0.3361, 'learning_rate': 4.443064079891819e-06, 'epoch': 9.6}
{'loss': 0.3375, 'learning_rate': 4.399763341308643e-06, 'epoch': 9.6}
{'loss': 0.365, 'learning_rate': 4.356462602725478e-06, 'epoch': 9.6}
{'loss': 0.325, 'learning_rate': 4.313161864142303e-06, 'epoch': 9.61}
{'loss': 0.3417, 'learning_rate': 4.269861125559138e-06, 'epoch': 9.61}
{'loss': 0.3382, 'learning_rate': 4.226560386975973e-06, 'epoch': 9.62}
{'loss': 0.3655, 'learning_rate': 4.1832596483927975e-06, 'epoch': 9.62}
{'loss': 0.3628, 'learning_rate': 4.139958909809633e-06, 'epoch': 9.62}
{'loss': 0.3305, 'learning_rate': 4.096658171226469e-06, 'epoch': 9.63}
{'loss': 0.3278, 'learning_rate': 4.0533574326432925e-06, 'epoch': 9.63}
{'loss': 0.3513, 'learning_rate': 4.010056694060128e-06, 'epoch': 9.64}
{'loss': 0.319, 'learning_rate': 3.966755955476964e-06, 'epoch': 9.64}
{'loss': 0.3511, 'learning_rate': 3.9234552168937874e-06, 'epoch': 9.64}
{'loss': 0.3046, 'learning_rate': 3.880154478310623e-06, 'epoch': 9.65}
{'loss': 0.3348, 'learning_rate': 3.836853739727448e-06, 'epoch': 9.65}
{'loss': 0.334, 'learning_rate': 3.793553001144283e-06, 'epoch': 9.66}
{'loss': 0.359, 'learning_rate': 3.750252262561118e-06, 'epoch': 9.66}
{'loss': 0.3467, 'learning_rate': 3.7069515239779426e-06, 'epoch': 9.66}
{'loss': 0.3167, 'learning_rate': 3.663650785394778e-06, 'epoch': 9.67}
{'loss': 0.3597, 'learning_rate': 3.620350046811613e-06, 'epoch': 9.67}
{'loss': 0.3496, 'learning_rate': 3.5770493082284375e-06, 'epoch': 9.68}
{'loss': 0.3586, 'learning_rate': 3.5337485696452727e-06, 'epoch': 9.68}
{'loss': 0.3032, 'learning_rate': 3.4904478310621083e-06, 'epoch': 9.68}
{'loss': 0.349, 'learning_rate': 3.447147092478933e-06, 'epoch': 9.69}
{'loss': 0.3405, 'learning_rate': 3.4038463538957677e-06, 'epoch': 9.69}
{'loss': 0.3304, 'learning_rate': 3.3605456153125922e-06, 'epoch': 9.7}
{'loss': 0.3348, 'learning_rate': 3.317244876729427e-06, 'epoch': 9.7}
{'loss': 0.3528, 'learning_rate': 3.2739441381462626e-06, 'epoch': 9.71}
{'loss': 0.3643, 'learning_rate': 3.230643399563087e-06, 'epoch': 9.71}
{'loss': 0.3398, 'learning_rate': 3.1873426609799224e-06, 'epoch': 9.71}
{'loss': 0.2986, 'learning_rate': 3.144041922396758e-06, 'epoch': 9.72}
{'loss': 0.3472, 'learning_rate': 3.1016071985852453e-06, 'epoch': 9.72}
{'loss': 0.3187, 'learning_rate': 3.0583064600020805e-06, 'epoch': 9.73}
{'loss': 0.3212, 'learning_rate': 3.015005721418916e-06, 'epoch': 9.73}
{'loss': 0.3273, 'learning_rate': 2.9717049828357402e-06, 'epoch': 9.73}
{'loss': 0.3441, 'learning_rate': 2.928404244252576e-06, 'epoch': 9.74}
{'loss': 0.3465, 'learning_rate': 2.885103505669411e-06, 'epoch': 9.74}
{'loss': 0.3707, 'learning_rate': 2.841802767086235e-06, 'epoch': 9.75}
{'loss': 0.3536, 'learning_rate': 2.7985020285030708e-06, 'epoch': 9.75}
{'loss': 0.3299, 'learning_rate': 2.755201289919895e-06, 'epoch': 9.75}
{'loss': 0.3396, 'learning_rate': 2.7119005513367306e-06, 'epoch': 9.76}
{'loss': 0.3444, 'learning_rate': 2.6685998127535657e-06, 'epoch': 9.76}
{'loss': 0.35, 'learning_rate': 2.62529907417039e-06, 'epoch': 9.77}
{'loss': 0.3235, 'learning_rate': 2.5819983355872255e-06, 'epoch': 9.77}
{'loss': 0.325, 'learning_rate': 2.5386975970040607e-06, 'epoch': 9.77}
{'loss': 0.364, 'learning_rate': 2.4953968584208853e-06, 'epoch': 9.78}
{'loss': 0.3206, 'learning_rate': 2.4520961198377205e-06, 'epoch': 9.78}
{'loss': 0.3637, 'learning_rate': 2.408795381254556e-06, 'epoch': 9.79}
{'loss': 0.3433, 'learning_rate': 2.3654946426713802e-06, 'epoch': 9.79}
{'loss': 0.3547, 'learning_rate': 2.3221939040882154e-06, 'epoch': 9.79}
{'loss': 0.3506, 'learning_rate': 2.27889316550504e-06, 'epoch': 9.8}
{'loss': 0.3258, 'learning_rate': 2.235592426921875e-06, 'epoch': 9.8}
{'loss': 0.3512, 'learning_rate': 2.1922916883387104e-06, 'epoch': 9.81}
{'loss': 0.3383, 'learning_rate': 2.148990949755535e-06, 'epoch': 9.81}
{'loss': 0.3194, 'learning_rate': 2.10569021117237e-06, 'epoch': 9.82}
{'loss': 0.3172, 'learning_rate': 2.0623894725892057e-06, 'epoch': 9.82}
{'loss': 0.3232, 'learning_rate': 2.01908873400603e-06, 'epoch': 9.82}
{'loss': 0.348, 'learning_rate': 1.9757879954228655e-06, 'epoch': 9.83}
{'loss': 0.3374, 'learning_rate': 1.9324872568397007e-06, 'epoch': 9.83}
{'loss': 0.3174, 'learning_rate': 1.8891865182565248e-06, 'epoch': 9.84}
{'loss': 0.362, 'learning_rate': 1.8458857796733607e-06, 'epoch': 9.84}
{'loss': 0.343, 'learning_rate': 1.8025850410901956e-06, 'epoch': 9.84}
{'loss': 0.3262, 'learning_rate': 1.75928430250702e-06, 'epoch': 9.85}
{'loss': 0.3177, 'learning_rate': 1.7159835639238554e-06, 'epoch': 9.85}
{'loss': 0.3489, 'learning_rate': 1.6726828253406796e-06, 'epoch': 9.86}
{'loss': 0.3458, 'learning_rate': 1.6293820867575152e-06, 'epoch': 9.86}
{'loss': 0.3232, 'learning_rate': 1.5860813481743506e-06, 'epoch': 9.86}
{'loss': 0.3282, 'learning_rate': 1.542780609591175e-06, 'epoch': 9.87}
{'loss': 0.3303, 'learning_rate': 1.4994798710080101e-06, 'epoch': 9.87}
{'loss': 0.3169, 'learning_rate': 1.4561791324248457e-06, 'epoch': 9.88}
{'loss': 0.355, 'learning_rate': 1.4128783938416699e-06, 'epoch': 9.88}
{'loss': 0.3248, 'learning_rate': 1.369577655258505e-06, 'epoch': 9.88}
{'loss': 0.3651, 'learning_rate': 1.3262769166753407e-06, 'epoch': 9.89}
{'loss': 0.371, 'learning_rate': 1.2829761780921648e-06, 'epoch': 9.89}
{'loss': 0.3199, 'learning_rate': 1.2396754395090004e-06, 'epoch': 9.9}
{'loss': 0.3398, 'learning_rate': 1.1963747009258246e-06, 'epoch': 9.9}
{'loss': 0.3157, 'learning_rate': 1.1530739623426598e-06, 'epoch': 9.9}
{'loss': 0.3164, 'learning_rate': 1.1097732237594954e-06, 'epoch': 9.91}
{'loss': 0.3189, 'learning_rate': 1.0664724851763196e-06, 'epoch': 9.91}
{'loss': 0.3031, 'learning_rate': 1.023171746593155e-06, 'epoch': 9.92}
{'loss': 0.3362, 'learning_rate': 9.798710080099903e-07, 'epoch': 9.92}
{'loss': 0.3565, 'learning_rate': 9.365702694268145e-07, 'epoch': 9.93}
{'loss': 0.3399, 'learning_rate': 8.9326953084365e-07, 'epoch': 9.93}
{'loss': 0.2999, 'learning_rate': 8.499687922604855e-07, 'epoch': 9.93}
{'loss': 0.3522, 'learning_rate': 8.066680536773097e-07, 'epoch': 9.94}
{'loss': 0.3254, 'learning_rate': 7.63367315094145e-07, 'epoch': 9.94}
{'loss': 0.32, 'learning_rate': 7.209325912826435e-07, 'epoch': 9.95}
{'loss': 0.3426, 'learning_rate': 6.776318526994677e-07, 'epoch': 9.95}
{'loss': 0.3131, 'learning_rate': 6.343311141163031e-07, 'epoch': 9.95}
{'loss': 0.3465, 'learning_rate': 5.918963903047904e-07, 'epoch': 9.96}
{'loss': 0.3586, 'learning_rate': 5.485956517216258e-07, 'epoch': 9.96}
{'loss': 0.3373, 'learning_rate': 5.052949131384612e-07, 'epoch': 9.97}
{'loss': 0.3546, 'learning_rate': 4.6199417455528555e-07, 'epoch': 9.97}
{'loss': 0.3538, 'learning_rate': 4.1869343597212083e-07, 'epoch': 9.97}
{'loss': 0.3159, 'learning_rate': 3.753926973889563e-07, 'epoch': 9.98}
{'loss': 0.3219, 'learning_rate': 3.3209195880578055e-07, 'epoch': 9.98}
{'loss': 0.3235, 'learning_rate': 2.8879122022261594e-07, 'epoch': 9.99}
{'loss': 0.3516, 'learning_rate': 2.4549048163945133e-07, 'epoch': 9.99}
{'loss': 0.3554, 'learning_rate': 2.021897430562756e-07, 'epoch': 9.99}
{'loss': 0.3225, 'learning_rate': 1.58889004473111e-07, 'epoch': 10.0}
[INFO|trainer.py:520] 2026-10-04 16:00:33,898 >> The following columns in the evaluation set  don't have a corresponding argument in `PETLEncModel.forward` and have been ignored: idx, premise, hypothesis.
[INFO|trainer.py:2179] 2026-10-04 16:00:33,900 >> ***** Running Evaluation *****
[INFO|trainer.py:2181] 2026-10-04 16:00:33,900 >>   Num examples = 9815
[INFO|trainer.py:2184] 2026-10-04 16:00:33,900 >>   Batch size = 32
{'eval_loss': 0.3552980124950409, 'eval_accuracy': 0.8717269485481406, 'eval_runtime': 13.451, 'eval_samples_per_second': 729.684, 'eval_steps_per_second': 22.824, 'epoch': 10.0}
[INFO|trainer.py:1933] 2026-10-04 16:00:47,352 >> Saving model checkpoint to checkpoints/glue/mnli/20261004/glue.mnli.adapter.am_adapter.ao_sequential.fm_adapter.fo_sequential.abn.fbn.ac_add.fl_none.finit_bert.fs_1.unfrz_ef_.ne10.warm0.06.wd0.1.seed42./checkpoint-122720
[INFO|configuration_utils.py:364] 2026-10-04 16:00:47,353 >> Configuration saved in checkpoints/glue/mnli/20261004/glue.mnli.adapter.am_adapter.ao_sequential.fm_adapter.fo_sequential.abn.fbn.ac_add.fl_none.finit_bert.fs_1.unfrz_ef_.ne10.warm0.06.wd0.1.seed42./checkpoint-122720/config.json
[INFO|modeling_utils.py:898] 2026-10-04 16:00:47,613 >> Model weights saved in checkpoints/glue/mnli/20261004/glue.mnli.adapter.am_adapter.ao_sequential.fm_adapter.fo_sequential.abn.fbn.ac_add.fl_none.finit_bert.fs_1.unfrz_ef_.ne10.warm0.06.wd0.1.seed42./checkpoint-122720/pytorch_model.bin
[INFO|tokenization_utils_base.py:1948] 2026-10-04 16:00:47,614 >> tokenizer config file saved in checkpoints/glue/mnli/20261004/glue.mnli.adapter.am_adapter.ao_sequential.fm_adapter.fo_sequential.abn.fbn.ac_add.fl_none.finit_bert.fs_1.unfrz_ef_.ne10.warm0.06.wd0.1.seed42./checkpoint-122720/tokenizer_config.json
[INFO|tokenization_utils_base.py:1954] 2026-10-04 16:00:47,615 >> Special tokens file saved in checkpoints/glue/mnli/20261004/glue.mnli.adapter.am_adapter.ao_sequential.fm_adapter.fo_sequential.abn.fbn.ac_add.fl_none.finit_bert.fs_1.unfrz_ef_.ne10.warm0.06.wd0.1.seed42./checkpoint-122720/special_tokens_map.json
[INFO|trainer.py:2009] 2026-10-04 16:00:47,688 >> Deleting older checkpoint [checkpoints/glue/mnli/20261004/glue.mnli.adapter.am_adapter.ao_sequential.fm_adapter.fo_sequential.abn.fbn.ac_add.fl_none.finit_bert.fs_1.unfrz_ef_.ne10.warm0.06.wd0.1.seed42./checkpoint-98176] due to args.save_total_limit
[INFO|trainer.py:1382] 2026-10-04 16:00:47,698 >> 

Training completed. Do not forget to share your model on huggingface.co/models =)


[INFO|trainer.py:1390] 2026-10-04 16:00:47,698 >> Loading best model from checkpoints/glue/mnli/20261004/glue.mnli.adapter.am_adapter.ao_sequential.fm_adapter.fo_sequential.abn.fbn.ac_add.fl_none.finit_bert.fs_1.unfrz_ef_.ne10.warm0.06.wd0.1.seed42./checkpoint-110448 (score: 0.8722363728986245).
{'train_runtime': 4409.4778, 'train_samples_per_second': 890.586, 'train_steps_per_second': 27.831, 'train_loss': 0.4008284745735482, 'epoch': 10.0}
[INFO|trainer.py:1933] 2026-10-04 16:00:48,269 >> Saving model checkpoint to checkpoints/glue/mnli/20261004/glue.mnli.adapter.am_adapter.ao_sequential.fm_adapter.fo_sequential.abn.fbn.ac_add.fl_none.finit_bert.fs_1.unfrz_ef_.ne10.warm0.06.wd0.1.seed42.
[INFO|configuration_utils.py:364] 2026-10-04 16:00:48,270 >> Configuration saved in checkpoints/glue/mnli/20261004/glue.mnli.adapter.am_adapter.ao_sequential.fm_adapter.fo_sequential.abn.fbn.ac_add.fl_none.finit_bert.fs_1.unfrz_ef_.ne10.warm0.06.wd0.1.seed42./config.json
[INFO|modeling_utils.py:898] 2026-10-04 16:00:48,532 >> Model weights saved in checkpoints/glue/mnli/20261004/glue.mnli.adapter.am_adapter.ao_sequential.fm_adapter.fo_sequential.abn.fbn.ac_add.fl_none.finit_bert.fs_1.unfrz_ef_.ne10.warm0.06.wd0.1.seed42./pytorch_model.bin
[INFO|tokenization_utils_base.py:1948] 2026-10-04 16:00:48,536 >> tokenizer config file saved in checkpoints/glue/mnli/20261004/glue.mnli.adapter.am_adapter.ao_sequential.fm_adapter.fo_sequential.abn.fbn.ac_add.fl_none.finit_bert.fs_1.unfrz_ef_.ne10.warm0.06.wd0.1.seed42./tokenizer_config.json
[INFO|tokenization_utils_base.py:1954] 2026-10-04 16:00:48,538 >> Special tokens file saved in checkpoints/glue/mnli/20261004/glue.mnli.adapter.am_adapter.ao_sequential.fm_adapter.fo_sequential.abn.fbn.ac_add.fl_none.finit_bert.fs_1.unfrz_ef_.ne10.warm0.06.wd0.1.seed42./special_tokens_map.json
***** train metrics *****
  epoch                    =       10.0
  train_loss               =     0.4008
  train_runtime            = 1:13:29.47
  train_samples            =     392702
  train_samples_per_second =    890.586
  train_steps_per_second   =     27.831
10/04/2026 16:00:48 - INFO - __main__ -   *** Evaluate ***
[INFO|trainer.py:520] 2026-10-04 16:00:48,600 >> The following columns in the evaluation set  don't have a corresponding argument in `PETLEncModel.forward` and have been ignored: idx, premise, hypothesis.
[INFO|trainer.py:2179] 2026-10-04 16:00:48,601 >> ***** Running Evaluation *****
[INFO|trainer.py:2181] 2026-10-04 16:00:48,602 >>   Num examples = 9815
[INFO|trainer.py:2184] 2026-10-04 16:00:48,602 >>   Batch size = 32
{'eval_loss': 0.35711658000946045, 'eval_accuracy': 0.8722363728986245, 'eval_runtime': 13.3759, 'eval_samples_per_second': 733.785, 'eval_steps_per_second': 22.952, 'epoch': 10.0}
***** eval metrics *****
  epoch                   =       10.0
  eval_accuracy           =     0.8722
  eval_loss               =     0.3571
  eval_runtime            = 0:00:13.37
  eval_samples            =       9815
  eval_samples_per_second =    733.785
  eval_steps_per_second   =     22.952
[INFO|trainer.py:520] 2026-10-04 16:01:01,979 >> The following columns in the evaluation set  don't have a corresponding argument in `PETLEncModel.forward` and have been ignored: idx, premise, hypothesis.
[INFO|trainer.py:2179] 2026-10-04 16:01:01,980 >> ***** Running Evaluation *****
[INFO|trainer.py:2181] 2026-10-04 16:01:01,980 >>   Num examples = 9832
[INFO|trainer.py:2184] 2026-10-04 16:01:01,980 >>   Batch size = 32
{'eval_loss': 0.3611374795436859, 'eval_accuracy': 0.8711350691619203, 'eval_runtime': 13.6304, 'eval_samples_per_second': 721.328, 'eval_steps_per_second': 22.597, 'epoch': 10.0}
***** eval metrics *****
  epoch                   =       10.0
  eval_accuracy           =     0.8711
  eval_loss               =     0.3611
  eval_runtime            = 0:00:13.63
  eval_samples            =       9815
  eval_samples_per_second =    721.328
  eval_steps_per_second   =     22.597
