checkpoints/glue/mnli/20261004/glue.mnli.adapter.am_adapter.ao_sequential.fm_adapter.fo_sequential.abn.fbn.ac_add.fl_none.finit_bert.fs_1.unfrz_ef_.ne10.warm0.06.wd0.1.seed2.
10/04/2026 14:52:04 - WARNING - __main__ -   Process rank: -1, device: cuda:0, n_gpu: 1distributed training: False, 16-bits training: True
10/04/2026 14:52:04 - INFO - __main__ -   Training/evaluation parameters TrainingArguments(
_n_gpu=1,
adafactor=False,
adam_beta1=0.9,
adam_beta2=0.98,
adam_epsilon=1e-06,
dataloader_drop_last=False,
dataloader_num_workers=0,
dataloader_pin_memory=True,
ddp_find_unused_parameters=False,
debug=[],
deepspeed=None,
disable_tqdm=True,
do_eval=True,
do_predict=False,
do_train=True,
eval_accumulation_steps=None,
eval_steps=5000,
evaluation_strategy=IntervalStrategy.EPOCH,
fp16=True,
fp16_backend=auto,
fp16_full_eval=False,
fp16_opt_level=O1,
gradient_accumulation_steps=1,
greater_is_better=True,
group_by_length=False,
ignore_data_skip=False,
label_names=None,
label_smoothing_factor=0.0,
learning_rate=0.0001,
length_column_name=length,
load_best_model_at_end=True,
local_rank=-1,
log_level=-1,
log_level_replica=-1,
log_on_each_node=True,
logging_dir=checkpoints/glue/mnli/20261004/glue.mnli.adapter.am_adapter.ao_sequential.fm_adapter.fo_sequential.abn.fbn.ac_add.fl_none.finit_bert.fs_1.unfrz_ef_.ne10.warm0.06.wd0.1.seed2./runs/Oct04_14-52-04_j-12410940-job-0,
logging_first_step=False,
logging_steps=50,
logging_strategy=IntervalStrategy.STEPS,
lr_scheduler_type=SchedulerType.POLYNOMIAL,
max_grad_norm=1.0,
max_steps=-1,
metric_for_best_model=accuracy,
mp_parameters=,
no_cuda=False,
num_train_epochs=10.0,
output_dir=checkpoints/glue/mnli/20261004/glue.mnli.adapter.am_adapter.ao_sequential.fm_adapter.fo_sequential.abn.fbn.ac_add.fl_none.finit_bert.fs_1.unfrz_ef_.ne10.warm0.06.wd0.1.seed2.,
overwrite_output_dir=True,
past_index=-1,
per_device_eval_batch_size=32,
per_device_train_batch_size=32,
prediction_loss_only=False,
push_to_hub=False,
push_to_hub_model_id=glue.mnli.adapter.am_adapter.ao_sequential.fm_adapter.fo_sequential.abn.fbn.ac_add.fl_none.finit_bert.fs_1.unfrz_ef_.ne10.warm0.06.wd0.1.seed2.,
push_to_hub_organization=None,
push_to_hub_token=None,
remove_unused_columns=True,
report_to=[],
resume_from_checkpoint=None,
run_name=mnli.20261004.glue.mnli.adapter.am_adapter.ao_sequential.fm_adapter.fo_sequential.abn.fbn.ac_add.fl_none.finit_bert.fs_1.unfrz_ef_.ne10.warm0.06.wd0.1.seed2.,
save_steps=5000,
save_strategy=IntervalStrategy.EPOCH,
save_total_limit=2,
seed=2,
sharded_ddp=[],
skip_memory_metrics=True,
tpu_metrics_debug=False,
tpu_num_cores=None,
use_legacy_prediction_loop=False,
warmup_ratio=0.06,
warmup_steps=0,
weight_decay=0.1,
)
10/04/2026 14:52:05 - WARNING - datasets.builder -   Reusing dataset glue (checkpoints/hf_model/glue/mnli/1.0.0/dacbe3125aa31d7f70367a07a8a9e72a5a0bfeb5fc42e75c9db75b96da6053ad)
[INFO|configuration_utils.py:528] 2026-10-04 14:52:05,047 >> loading configuration file /work/unify-parameter-efficient-tuning/_setup/models/roberta-base/config.json
[INFO|configuration_utils.py:566] 2026-10-04 14:52:05,047 >> Model config RobertaConfig {
  "architectures": [
    "RobertaForMaskedLM"
  ],
  "attention_probs_dropout_prob": 0.1,
  "bos_token_id": 0,
  "eos_token_id": 2,
  "finetuning_task": "mnli",
  "gradient_checkpointing": false,
  "hidden_act": "gelu",
  "hidden_dropout_prob": 0.1,
  "hidden_size": 768,
  "id2label": {
    "0": "LABEL_0",
    "1": "LABEL_1",
    "2": "LABEL_2"
  },
  "initializer_range": 0.02,
  "intermediate_size": 3072,
  "label2id": {
    "LABEL_0": 0,
    "LABEL_1": 1,
    "LABEL_2": 2
  },
  "layer_norm_eps": 1e-05,
  "max_position_embeddings": 514,
  "model_type": "roberta",
  "num_attention_heads": 12,
  "num_hidden_layers": 12,
  "pad_token_id": 1,
  "position_embedding_type": "absolute",
  "transformers_version": "4.9.0.dev0",
  "type_vocab_size": 1,
  "use_cache": true,
  "vocab_size": 50265
}

[INFO|tokenization_auto.py:427] 2026-10-04 14:52:05,047 >> Could not locate the tokenizer configuration file, will try to use the model config instead.
[INFO|configuration_utils.py:528] 2026-10-04 14:52:05,047 >> loading configuration file /work/unify-parameter-efficient-tuning/_setup/models/roberta-base/config.json
[INFO|configuration_utils.py:566] 2026-10-04 14:52:05,048 >> Model config RobertaConfig {
  "architectures": [
    "RobertaForMaskedLM"
  ],
  "attention_probs_dropout_prob": 0.1,
  "bos_token_id": 0,
  "eos_token_id": 2,
  "gradient_checkpointing": false,
  "hidden_act": "gelu",
  "hidden_dropout_prob": 0.1,
  "hidden_size": 768,
  "initializer_range": 0.02,
  "intermediate_size": 3072,
  "layer_norm_eps": 1e-05,
  "max_position_embeddings": 514,
  "model_type": "roberta",
  "num_attention_heads": 12,
  "num_hidden_layers": 12,
  "pad_token_id": 1,
  "position_embedding_type": "absolute",
  "transformers_version": "4.9.0.dev0",
  "type_vocab_size": 1,
  "use_cache": true,
  "vocab_size": 50265
}

[INFO|tokenization_utils_base.py:1651] 2026-10-04 14:52:05,048 >> Didn't find file /work/unify-parameter-efficient-tuning/_setup/models/roberta-base/added_tokens.json. We won't load it.
[INFO|tokenization_utils_base.py:1651] 2026-10-04 14:52:05,048 >> Didn't find file /work/unify-parameter-efficient-tuning/_setup/models/roberta-base/special_tokens_map.json. We won't load it.
[INFO|tokenization_utils_base.py:1651] 2026-10-04 14:52:05,048 >> Didn't find file /work/unify-parameter-efficient-tuning/_setup/models/roberta-base/tokenizer_config.json. We won't load it.
[INFO|tokenization_utils_base.py:1715] 2026-10-04 14:52:05,048 >> loading file /work/unify-parameter-efficient-tuning/_setup/models/roberta-base/vocab.json
[INFO|tokenization_utils_base.py:1715] 2026-10-04 14:52:05,048 >> loading file /work/unify-parameter-efficient-tuning/_setup/models/roberta-base/merges.txt
[INFO|tokenization_utils_base.py:1715] 2026-10-04 14:52:05,048 >> loading file /work/unify-parameter-efficient-tuning/_setup/models/roberta-base/tokenizer.json
[INFO|tokenization_utils_base.py:1715] 2026-10-04 14:52:05,048 >> loading file None
[INFO|tokenization_utils_base.py:1715] 2026-10-04 14:52:05,048 >> loading file None
[INFO|tokenization_utils_base.py:1715] 2026-10-04 14:52:05,048 >> loading file None
[INFO|modeling_utils.py:1159] 2026-10-04 14:52:05,080 >> loading weights file /work/unify-parameter-efficient-tuning/_setup/models/roberta-base/pytorch_model.bin
============================ init weights is called! ====================================
============================ init weights is called! ====================================
[WARNING|modeling_utils.py:1336] 2026-10-04 14:52:06,097 >> Some weights of the model checkpoint at /work/unify-parameter-efficient-tuning/_setup/models/roberta-base were not used when initializing RobertaForSequenceClassification: ['lm_head.layer_norm.weight', 'roberta.pooler.dense.weight', 'roberta.pooler.dense.bias', 'lm_head.bias', 'lm_head.layer_norm.bias', 'lm_head.decoder.weight', 'lm_head.dense.bias', 'lm_head.dense.weight']
- This IS expected if you are initializing RobertaForSequenceClassification from the checkpoint of a model trained on another task or with another architecture (e.g. initializing a BertForSequenceClassification model from a BertForPreTraining model).
- This IS NOT expected if you are initializing RobertaForSequenceClassification from the checkpoint of a model that you expect to be exactly identical (initializing a BertForSequenceClassification model from a BertForSequenceClassification model).
[WARNING|modeling_utils.py:1347] 2026-10-04 14:52:06,098 >> Some weights of RobertaForSequenceClassification were not initialized from the model checkpoint at /work/unify-parameter-efficient-tuning/_setup/models/roberta-base and are newly initialized: ['classifier.out_proj.bias', 'classifier.dense.weight', 'classifier.out_proj.weight', 'classifier.dense.bias']
You should probably TRAIN this model on a down-stream task to be able to use it for predictions and inference.
tune roberta.encoder.layer.0.attention.output.ef_attn_adapter.adapter_layer_norm_before.weight
tune roberta.encoder.layer.0.attention.output.ef_attn_adapter.adapter_layer_norm_before.bias
tune roberta.encoder.layer.0.attention.output.ef_attn_adapter.down_proj.weight
tune roberta.encoder.layer.0.attention.output.ef_attn_adapter.down_proj.bias
tune roberta.encoder.layer.0.attention.output.ef_attn_adapter.up_proj.weight
tune roberta.encoder.layer.0.attention.output.ef_attn_adapter.up_proj.bias
tune roberta.encoder.layer.0.output.ef_ffn_adapter.down_proj.weight
tune roberta.encoder.layer.0.output.ef_ffn_adapter.down_proj.bias
tune roberta.encoder.layer.0.output.ef_ffn_adapter.up_proj.weight
tune roberta.encoder.layer.0.output.ef_ffn_adapter.up_proj.bias
tune roberta.encoder.layer.1.attention.output.ef_attn_adapter.adapter_layer_norm_before.weight
tune roberta.encoder.layer.1.attention.output.ef_attn_adapter.adapter_layer_norm_before.bias
tune roberta.encoder.layer.1.attention.output.ef_attn_adapter.down_proj.weight
tune roberta.encoder.layer.1.attention.output.ef_attn_adapter.down_proj.bias
tune roberta.encoder.layer.1.attention.output.ef_attn_adapter.up_proj.weight
tune roberta.encoder.layer.1.attention.output.ef_attn_adapter.up_proj.bias
tune roberta.encoder.layer.1.output.ef_ffn_adapter.down_proj.weight
tune roberta.encoder.layer.1.output.ef_ffn_adapter.down_proj.bias
tune roberta.encoder.layer.1.output.ef_ffn_adapter.up_proj.weight
tune roberta.encoder.layer.1.output.ef_ffn_adapter.up_proj.bias
tune roberta.encoder.layer.2.attention.output.ef_attn_adapter.adapter_layer_norm_before.weight
tune roberta.encoder.layer.2.attention.output.ef_attn_adapter.adapter_layer_norm_before.bias
tune roberta.encoder.layer.2.attention.output.ef_attn_adapter.down_proj.weight
tune roberta.encoder.layer.2.attention.output.ef_attn_adapter.down_proj.bias
tune roberta.encoder.layer.2.attention.output.ef_attn_adapter.up_proj.weight
tune roberta.encoder.layer.2.attention.output.ef_attn_adapter.up_proj.bias
tune roberta.encoder.layer.2.output.ef_ffn_adapter.down_proj.weight
tune roberta.encoder.layer.2.output.ef_ffn_adapter.down_proj.bias
tune roberta.encoder.layer.2.output.ef_ffn_adapter.up_proj.weight
tune roberta.encoder.layer.2.output.ef_ffn_adapter.up_proj.bias
tune roberta.encoder.layer.3.attention.output.ef_attn_adapter.adapter_layer_norm_before.weight
tune roberta.encoder.layer.3.attention.output.ef_attn_adapter.adapter_layer_norm_before.bias
tune roberta.encoder.layer.3.attention.output.ef_attn_adapter.down_proj.weight
tune roberta.encoder.layer.3.attention.output.ef_attn_adapter.down_proj.bias
tune roberta.encoder.layer.3.attention.output.ef_attn_adapter.up_proj.weight
tune roberta.encoder.layer.3.attention.output.ef_attn_adapter.up_proj.bias
tune roberta.encoder.layer.3.output.ef_ffn_adapter.down_proj.weight
tune roberta.encoder.layer.3.output.ef_ffn_adapter.down_proj.bias
tune roberta.encoder.layer.3.output.ef_ffn_adapter.up_proj.weight
tune roberta.encoder.layer.3.output.ef_ffn_adapter.up_proj.bias
tune roberta.encoder.layer.4.attention.output.ef_attn_adapter.adapter_layer_norm_before.weight
tune roberta.encoder.layer.4.attention.output.ef_attn_adapter.adapter_layer_norm_before.bias
tune roberta.encoder.layer.4.attention.output.ef_attn_adapter.down_proj.weight
tune roberta.encoder.layer.4.attention.output.ef_attn_adapter.down_proj.bias
tune roberta.encoder.layer.4.attention.output.ef_attn_adapter.up_proj.weight
tune roberta.encoder.layer.4.attention.output.ef_attn_adapter.up_proj.bias
tune roberta.encoder.layer.4.output.ef_ffn_adapter.down_proj.weight
tune roberta.encoder.layer.4.output.ef_ffn_adapter.down_proj.bias
tune roberta.encoder.layer.4.output.ef_ffn_adapter.up_proj.weight
tune roberta.encoder.layer.4.output.ef_ffn_adapter.up_proj.bias
tune roberta.encoder.layer.5.attention.output.ef_attn_adapter.adapter_layer_norm_before.weight
tune roberta.encoder.layer.5.attention.output.ef_attn_adapter.adapter_layer_norm_before.bias
tune roberta.encoder.layer.5.attention.output.ef_attn_adapter.down_proj.weight
tune roberta.encoder.layer.5.attention.output.ef_attn_adapter.down_proj.bias
tune roberta.encoder.layer.5.attention.output.ef_attn_adapter.up_proj.weight
tune roberta.encoder.layer.5.attention.output.ef_attn_adapter.up_proj.bias
tune roberta.encoder.layer.5.output.ef_ffn_adapter.down_proj.weight
tune roberta.encoder.layer.5.output.ef_ffn_adapter.down_proj.bias
tune roberta.encoder.layer.5.output.ef_ffn_adapter.up_proj.weight
tune roberta.encoder.layer.5.output.ef_ffn_adapter.up_proj.bias
tune roberta.encoder.layer.6.attention.output.ef_attn_adapter.adapter_layer_norm_before.weight
tune roberta.encoder.layer.6.attention.output.ef_attn_adapter.adapter_layer_norm_before.bias
tune roberta.encoder.layer.6.attention.output.ef_attn_adapter.down_proj.weight
tune roberta.encoder.layer.6.attention.output.ef_attn_adapter.down_proj.bias
tune roberta.encoder.layer.6.attention.output.ef_attn_adapter.up_proj.weight
tune roberta.encoder.layer.6.attention.output.ef_attn_adapter.up_proj.bias
tune roberta.encoder.layer.6.output.ef_ffn_adapter.down_proj.weight
tune roberta.encoder.layer.6.output.ef_ffn_adapter.down_proj.bias
tune roberta.encoder.layer.6.output.ef_ffn_adapter.up_proj.weight
tune roberta.encoder.layer.6.output.ef_ffn_adapter.up_proj.bias
tune roberta.encoder.layer.7.attention.output.ef_attn_adapter.adapter_layer_norm_before.weight
tune roberta.encoder.layer.7.attention.output.ef_attn_adapter.adapter_layer_norm_before.bias
tune roberta.encoder.layer.7.attention.output.ef_attn_adapter.down_proj.weight
tune roberta.encoder.layer.7.attention.output.ef_attn_adapter.down_proj.bias
tune roberta.encoder.layer.7.attention.output.ef_attn_adapter.up_proj.weight
tune roberta.encoder.layer.7.attention.output.ef_attn_adapter.up_proj.bias
tune roberta.encoder.layer.7.output.ef_ffn_adapter.down_proj.weight
tune roberta.encoder.layer.7.output.ef_ffn_adapter.down_proj.bias
tune roberta.encoder.layer.7.output.ef_ffn_adapter.up_proj.weight
tune roberta.encoder.layer.7.output.ef_ffn_adapter.up_proj.bias
tune roberta.encoder.layer.8.attention.output.ef_attn_adapter.adapter_layer_norm_before.weight
tune roberta.encoder.layer.8.attention.output.ef_attn_adapter.adapter_layer_norm_before.bias
tune roberta.encoder.layer.8.attention.output.ef_attn_adapter.down_proj.weight
tune roberta.encoder.layer.8.attention.output.ef_attn_adapter.down_proj.bias
tune roberta.encoder.layer.8.attention.output.ef_attn_adapter.up_proj.weight
tune roberta.encoder.layer.8.attention.output.ef_attn_adapter.up_proj.bias
tune roberta.encoder.layer.8.output.ef_ffn_adapter.down_proj.weight
tune roberta.encoder.layer.8.output.ef_ffn_adapter.down_proj.bias
tune roberta.encoder.layer.8.output.ef_ffn_adapter.up_proj.weight
tune roberta.encoder.layer.8.output.ef_ffn_adapter.up_proj.bias
tune roberta.encoder.layer.9.attention.output.ef_attn_adapter.adapter_layer_norm_before.weight
tune roberta.encoder.layer.9.attention.output.ef_attn_adapter.adapter_layer_norm_before.bias
tune roberta.encoder.layer.9.attention.output.ef_attn_adapter.down_proj.weight
tune roberta.encoder.layer.9.attention.output.ef_attn_adapter.down_proj.bias
tune roberta.encoder.layer.9.attention.output.ef_attn_adapter.up_proj.weight
tune roberta.encoder.layer.9.attention.output.ef_attn_adapter.up_proj.bias
tune roberta.encoder.layer.9.output.ef_ffn_adapter.down_proj.weight
tune roberta.encoder.layer.9.output.ef_ffn_adapter.down_proj.bias
tune roberta.encoder.layer.9.output.ef_ffn_adapter.up_proj.weight
tune roberta.encoder.layer.9.output.ef_ffn_adapter.up_proj.bias
tune roberta.encoder.layer.10.attention.output.ef_attn_adapter.adapter_layer_norm_before.weight
tune roberta.encoder.layer.10.attention.output.ef_attn_adapter.adapter_layer_norm_before.bias
tune roberta.encoder.layer.10.attention.output.ef_attn_adapter.down_proj.weight
tune roberta.encoder.layer.10.attention.output.ef_attn_adapter.down_proj.bias
tune roberta.encoder.layer.10.attention.output.ef_attn_adapter.up_proj.weight
tune roberta.encoder.layer.10.attention.output.ef_attn_adapter.up_proj.bias
tune roberta.encoder.layer.10.output.ef_ffn_adapter.down_proj.weight
tune roberta.encoder.layer.10.output.ef_ffn_adapter.down_proj.bias
tune roberta.encoder.layer.10.output.ef_ffn_adapter.up_proj.weight
tune roberta.encoder.layer.10.output.ef_ffn_adapter.up_proj.bias
tune roberta.encoder.layer.11.attention.output.ef_attn_adapter.adapter_layer_norm_before.weight
tune roberta.encoder.layer.11.attention.output.ef_attn_adapter.adapter_layer_norm_before.bias
tune roberta.encoder.layer.11.attention.output.ef_attn_adapter.down_proj.weight
tune roberta.encoder.layer.11.attention.output.ef_attn_adapter.down_proj.bias
tune roberta.encoder.layer.11.attention.output.ef_attn_adapter.up_proj.weight
tune roberta.encoder.layer.11.attention.output.ef_attn_adapter.up_proj.bias
tune roberta.encoder.layer.11.output.ef_ffn_adapter.down_proj.weight
tune roberta.encoder.layer.11.output.ef_ffn_adapter.down_proj.bias
tune roberta.encoder.layer.11.output.ef_ffn_adapter.up_proj.weight
tune roberta.encoder.layer.11.output.ef_ffn_adapter.up_proj.bias
10/04/2026 14:52:06 - WARNING - datasets.fingerprint -   Parameter 'function'=<function main.<locals>.preprocess_function at 0x7f11fb7200d0> of the transform datasets.arrow_dataset.Dataset._map_single couldn't be hashed properly, a random hash was used instead. Make sure your transforms and parameters are serializable with pickle or dill for the dataset fingerprinting and caching to work. If you reuse this transform, the caching mechanism will consider it to be different from the previous calls and recompute everything. This warning is only showed once. Subsequent hashing failures won't be showed.
10/04/2026 14:52:06 - WARNING - datasets.arrow_dataset -   Loading cached processed dataset at checkpoints/hf_model/glue/mnli/1.0.0/dacbe3125aa31d7f70367a07a8a9e72a5a0bfeb5fc42e75c9db75b96da6053ad/cache-dcf4bb99f4bea973.arrow
10/04/2026 14:52:06 - WARNING - datasets.arrow_dataset -   Loading cached processed dataset at checkpoints/hf_model/glue/mnli/1.0.0/dacbe3125aa31d7f70367a07a8a9e72a5a0bfeb5fc42e75c9db75b96da6053ad/cache-d95bafc8f2a4d27b.arrow
10/04/2026 14:52:06 - WARNING - datasets.arrow_dataset -   Loading cached processed dataset at checkpoints/hf_model/glue/mnli/1.0.0/dacbe3125aa31d7f70367a07a8a9e72a5a0bfeb5fc42e75c9db75b96da6053ad/cache-177219d30e7a269f.arrow
10/04/2026 14:52:06 - WARNING - datasets.arrow_dataset -   Loading cached processed dataset at checkpoints/hf_model/glue/mnli/1.0.0/dacbe3125aa31d7f70367a07a8a9e72a5a0bfeb5fc42e75c9db75b96da6053ad/cache-5c6e433715ba2bdd.arrow
10/04/2026 14:52:06 - WARNING - datasets.arrow_dataset -   Loading cached processed dataset at checkpoints/hf_model/glue/mnli/1.0.0/dacbe3125aa31d7f70367a07a8a9e72a5a0bfeb5fc42e75c9db75b96da6053ad/cache-2b491044d5e34124.arrow
10/04/2026 14:52:06 - INFO - __main__ -   Sample 385860 of the training set: {'attention_mask': [1, 1, 1, 1, 1, 1, 1, 1, 1, 1, 1, 1, 1, 1, 1, 1, 1, 1, 1, 1, 1, 1, 1, 1, 1, 1, 1, 1, 1, 1, 1, 1, 1], 'hypothesis': 'James VI was loved by all. ', 'idx': 385860, 'input_ids': [0, 24877, 21, 1654, 560, 4091, 417, 14263, 11, 379, 4111, 6, 8, 5, 12099, 13705, 21, 19061, 25, 957, 11663, 4, 2, 2, 18031, 11663, 21, 2638, 30, 70, 4, 1437, 2], 'label': 1, 'premise': 'Mary was forcedto abdicate in 1567, and the infant prince was crowned as James VI.'}.
10/04/2026 14:52:06 - INFO - __main__ -   Sample 351131 of the training set: {'attention_mask': [1, 1, 1, 1, 1, 1, 1, 1, 1, 1, 1, 1, 1, 1, 1, 1, 1, 1, 1, 1, 1, 1, 1, 1, 1, 1, 1, 1, 1, 1, 1, 1, 1, 1, 1, 1, 1, 1, 1, 1, 1, 1, 1, 1, 1], 'hypothesis': 'The majority of legal immigrants do not require access to government housing.', 'idx': 351131, 'input_ids': [0, 250, 8008, 752, 6642, 488, 8254, 659, 31, 34180, 2963, 6, 12000, 1030, 4175, 899, 7, 168, 2004, 8, 6642, 150, 202, 7980, 106, 7, 582, 2556, 4, 2, 2, 133, 1647, 9, 1030, 4175, 109, 45, 2703, 899, 7, 168, 2004, 4, 2], 'label': 1, 'premise': 'A 1996 federal welfare law separated rights from entitlements, denying legal immigrants access to government housing and welfare while still requiring them to pay taxes.'}.
10/04/2026 14:52:06 - INFO - __main__ -   Sample 161552 of the training set: {'attention_mask': [1, 1, 1, 1, 1, 1, 1, 1, 1, 1, 1, 1, 1, 1, 1, 1, 1, 1, 1, 1, 1, 1, 1, 1, 1, 1, 1, 1, 1, 1, 1, 1, 1, 1, 1, 1, 1, 1, 1, 1, 1, 1, 1, 1, 1, 1, 1, 1, 1, 1, 1, 1, 1, 1, 1, 1, 1, 1, 1, 1, 1, 1, 1, 1, 1, 1, 1, 1, 1, 1, 1, 1, 1, 1, 1, 1, 1, 1, 1, 1, 1, 1, 1, 1, 1, 1, 1, 1, 1, 1, 1, 1, 1, 1], 'hypothesis': 'Raphael\'s "Veiled Woman" was made to look like she\'s imitating the same pose as the Mona Lisa.', 'idx': 161552, 'input_ids': [0, 500, 47738, 16, 157, 4625, 30, 10, 194, 352, 10978, 6691, 9117, 36, 31908, 290, 6, 21217, 238, 10, 4187, 23064, 9, 5, 8381, 8, 12188, 337, 4242, 1599, 118, 36, 31908, 361, 6, 25012, 238, 12507, 4356, 22257, 5, 7277, 9, 20683, 2955, 11737, 2520, 18, 3385, 102, 5769, 6, 8, 221, 4950, 26665, 2691, 36, 31908, 158, 6, 38, 3572, 625, 322, 2, 2, 500, 47738, 18, 22, 30660, 6691, 9117, 113, 21, 156, 7, 356, 101, 79, 18, 4356, 22257, 5, 276, 7277, 25, 5, 3385, 102, 5769, 4, 2], 'label': 0, 'premise': "Raphael is well represented by a stately Veiled Woman (Hall 8, Jupiter), a classic Madonna of the Chair and Maddalena Doni (Hall 9, Saturn), deliberately imitating the pose of Leonardo da Vinci's Mona Lisa, and Pregnant Women (Hall 10, Iliad)."}.
[INFO|trainer.py:420] 2026-10-04 14:52:07,532 >> Using amp fp16 backend
/work/unify-parameter-efficient-tuning/src/transformers/trainer.py:430: FutureWarning: `torch.cuda.amp.GradScaler(args...)` is deprecated. Please use `torch.amp.GradScaler('cuda', args...)` instead.
  self.scaler = torch.cuda.amp.GradScaler()
[INFO|trainer.py:520] 2026-10-04 14:52:07,532 >> The following columns in the training set  don't have a corresponding argument in `PETLEncModel.forward` and have been ignored: hypothesis, idx, premise.
[INFO|trainer.py:1183] 2026-10-04 14:52:08,505 >> ***** Running training *****
[INFO|trainer.py:1184] 2026-10-04 14:52:08,506 >>   Num examples = 392702
[INFO|trainer.py:1185] 2026-10-04 14:52:08,506 >>   Num Epochs = 10
[INFO|trainer.py:1186] 2026-10-04 14:52:08,506 >>   Instantaneous batch size per device = 32
[INFO|trainer.py:1187] 2026-10-04 14:52:08,506 >>   Total train batch size (w. parallel, distributed & accumulation) = 32
[INFO|trainer.py:1188] 2026-10-04 14:52:08,506 >>   Gradient Accumulation steps = 1
[INFO|trainer.py:1189] 2026-10-04 14:52:08,506 >>   Total optimization steps = 122720
/work/unify-parameter-efficient-tuning/src/transformers/trainer.py:1784: FutureWarning: `torch.cuda.amp.autocast(args...)` is deprecated. Please use `torch.amp.autocast('cuda', args...)` instead.
  with autocast():
{'loss': 1.0971, 'learning_rate': 6.789788158609453e-07, 'epoch': 0.0}
{'loss': 1.098, 'learning_rate': 1.3579576317218905e-06, 'epoch': 0.01}
{'loss': 1.1032, 'learning_rate': 2.0369364475828354e-06, 'epoch': 0.01}
{'loss': 1.1004, 'learning_rate': 2.715915263443781e-06, 'epoch': 0.02}
{'loss': 1.1004, 'learning_rate': 3.3948940793047257e-06, 'epoch': 0.02}
{'loss': 1.1007, 'learning_rate': 4.073872895165671e-06, 'epoch': 0.02}
{'loss': 1.1006, 'learning_rate': 4.752851711026616e-06, 'epoch': 0.03}
{'loss': 1.0992, 'learning_rate': 5.431830526887562e-06, 'epoch': 0.03}
{'loss': 1.0999, 'learning_rate': 6.110809342748506e-06, 'epoch': 0.04}
{'loss': 1.098, 'learning_rate': 6.7897881586094514e-06, 'epoch': 0.04}
{'loss': 1.1002, 'learning_rate': 7.468766974470397e-06, 'epoch': 0.04}
{'loss': 1.101, 'learning_rate': 8.147745790331342e-06, 'epoch': 0.05}
{'loss': 1.1017, 'learning_rate': 8.826724606192287e-06, 'epoch': 0.05}
{'loss': 1.1001, 'learning_rate': 9.505703422053232e-06, 'epoch': 0.06}
{'loss': 1.1009, 'learning_rate': 1.0184682237914179e-05, 'epoch': 0.06}
{'loss': 1.1006, 'learning_rate': 1.0863661053775124e-05, 'epoch': 0.07}
{'loss': 1.0994, 'learning_rate': 1.1542639869636067e-05, 'epoch': 0.07}
{'loss': 1.0986, 'learning_rate': 1.2221618685497013e-05, 'epoch': 0.07}
{'loss': 1.0998, 'learning_rate': 1.2900597501357958e-05, 'epoch': 0.08}
{'loss': 1.0982, 'learning_rate': 1.3579576317218903e-05, 'epoch': 0.08}
{'loss': 1.0997, 'learning_rate': 1.4258555133079848e-05, 'epoch': 0.09}
{'loss': 1.0994, 'learning_rate': 1.4937533948940793e-05, 'epoch': 0.09}
{'loss': 1.0984, 'learning_rate': 1.561651276480174e-05, 'epoch': 0.09}
{'loss': 1.0996, 'learning_rate': 1.6295491580662683e-05, 'epoch': 0.1}
{'loss': 1.102, 'learning_rate': 1.6974470396523627e-05, 'epoch': 0.1}
{'loss': 1.0996, 'learning_rate': 1.7653449212384574e-05, 'epoch': 0.11}
{'loss': 1.0967, 'learning_rate': 1.8332428028245517e-05, 'epoch': 0.11}
{'loss': 1.098, 'learning_rate': 1.9011406844106464e-05, 'epoch': 0.11}
{'loss': 1.099, 'learning_rate': 1.9690385659967407e-05, 'epoch': 0.12}
{'loss': 1.0957, 'learning_rate': 2.0369364475828358e-05, 'epoch': 0.12}
{'loss': 1.0963, 'learning_rate': 2.10483432916893e-05, 'epoch': 0.13}
{'loss': 1.0967, 'learning_rate': 2.1727322107550248e-05, 'epoch': 0.13}
{'loss': 1.0949, 'learning_rate': 2.240630092341119e-05, 'epoch': 0.13}
{'loss': 1.0926, 'learning_rate': 2.3085279739272135e-05, 'epoch': 0.14}
{'loss': 1.0869, 'learning_rate': 2.3764258555133082e-05, 'epoch': 0.14}
{'loss': 1.0739, 'learning_rate': 2.4443237370994025e-05, 'epoch': 0.15}
{'loss': 1.0498, 'learning_rate': 2.512221618685497e-05, 'epoch': 0.15}
{'loss': 1.0306, 'learning_rate': 2.5801195002715915e-05, 'epoch': 0.15}
{'loss': 1.027, 'learning_rate': 2.6480173818576866e-05, 'epoch': 0.16}
{'loss': 1.0078, 'learning_rate': 2.7159152634437806e-05, 'epoch': 0.16}
{'loss': 0.9931, 'learning_rate': 2.7824551873981535e-05, 'epoch': 0.17}
{'loss': 0.9874, 'learning_rate': 2.8503530689842478e-05, 'epoch': 0.17}
{'loss': 0.9542, 'learning_rate': 2.9182509505703425e-05, 'epoch': 0.18}
{'loss': 0.9646, 'learning_rate': 2.986148832156437e-05, 'epoch': 0.18}
{'loss': 0.9498, 'learning_rate': 3.05268875611081e-05, 'epoch': 0.18}
{'loss': 0.9141, 'learning_rate': 3.119228680065182e-05, 'epoch': 0.19}
{'loss': 0.9414, 'learning_rate': 3.1871265616512767e-05, 'epoch': 0.19}
{'loss': 0.8946, 'learning_rate': 3.255024443237371e-05, 'epoch': 0.2}
{'loss': 0.912, 'learning_rate': 3.322922324823466e-05, 'epoch': 0.2}
{'loss': 0.9113, 'learning_rate': 3.39082020640956e-05, 'epoch': 0.2}
{'loss': 0.8843, 'learning_rate': 3.458718087995655e-05, 'epoch': 0.21}
{'loss': 0.8669, 'learning_rate': 3.5266159695817494e-05, 'epoch': 0.21}
{'loss': 0.8287, 'learning_rate': 3.594513851167844e-05, 'epoch': 0.22}
{'loss': 0.8109, 'learning_rate': 3.662411732753938e-05, 'epoch': 0.22}
{'loss': 0.8202, 'learning_rate': 3.730309614340033e-05, 'epoch': 0.22}
{'loss': 0.8218, 'learning_rate': 3.7982074959261275e-05, 'epoch': 0.23}
{'loss': 0.7896, 'learning_rate': 3.866105377512222e-05, 'epoch': 0.23}
{'loss': 0.7571, 'learning_rate': 3.934003259098316e-05, 'epoch': 0.24}
{'loss': 0.7529, 'learning_rate': 4.001901140684411e-05, 'epoch': 0.24}
{'loss': 0.7492, 'learning_rate': 4.069799022270505e-05, 'epoch': 0.24}
{'loss': 0.7053, 'learning_rate': 4.136338946224878e-05, 'epoch': 0.25}
{'loss': 0.7245, 'learning_rate': 4.2042368278109724e-05, 'epoch': 0.25}
{'loss': 0.7153, 'learning_rate': 4.272134709397067e-05, 'epoch': 0.26}
{'loss': 0.6869, 'learning_rate': 4.340032590983161e-05, 'epoch': 0.26}
{'loss': 0.6772, 'learning_rate': 4.407930472569256e-05, 'epoch': 0.26}
{'loss': 0.6939, 'learning_rate': 4.475828354155351e-05, 'epoch': 0.27}
{'loss': 0.7271, 'learning_rate': 4.543726235741445e-05, 'epoch': 0.27}
{'loss': 0.6773, 'learning_rate': 4.61162411732754e-05, 'epoch': 0.28}
{'loss': 0.6922, 'learning_rate': 4.679521998913634e-05, 'epoch': 0.28}
{'loss': 0.6598, 'learning_rate': 4.7474198804997285e-05, 'epoch': 0.29}
{'loss': 0.6321, 'learning_rate': 4.815317762085823e-05, 'epoch': 0.29}
{'loss': 0.6817, 'learning_rate': 4.883215643671918e-05, 'epoch': 0.29}
{'loss': 0.6539, 'learning_rate': 4.951113525258012e-05, 'epoch': 0.3}
{'loss': 0.6622, 'learning_rate': 5.0190114068441066e-05, 'epoch': 0.3}
{'loss': 0.641, 'learning_rate': 5.086909288430202e-05, 'epoch': 0.31}
{'loss': 0.6774, 'learning_rate': 5.154807170016296e-05, 'epoch': 0.31}
{'loss': 0.6602, 'learning_rate': 5.22270505160239e-05, 'epoch': 0.31}
{'loss': 0.6369, 'learning_rate': 5.2906029331884846e-05, 'epoch': 0.32}
{'loss': 0.6175, 'learning_rate': 5.358500814774579e-05, 'epoch': 0.32}
{'loss': 0.5962, 'learning_rate': 5.426398696360674e-05, 'epoch': 0.33}
{'loss': 0.6301, 'learning_rate': 5.494296577946768e-05, 'epoch': 0.33}
{'loss': 0.6135, 'learning_rate': 5.562194459532862e-05, 'epoch': 0.33}
{'loss': 0.6339, 'learning_rate': 5.6300923411189574e-05, 'epoch': 0.34}
{'loss': 0.6451, 'learning_rate': 5.697990222705052e-05, 'epoch': 0.34}
{'loss': 0.5948, 'learning_rate': 5.765888104291146e-05, 'epoch': 0.35}
{'loss': 0.6467, 'learning_rate': 5.8337859858772414e-05, 'epoch': 0.35}
{'loss': 0.6039, 'learning_rate': 5.9016838674633354e-05, 'epoch': 0.35}
{'loss': 0.6305, 'learning_rate': 5.96958174904943e-05, 'epoch': 0.36}
{'loss': 0.6065, 'learning_rate': 6.037479630635524e-05, 'epoch': 0.36}
{'loss': 0.6054, 'learning_rate': 6.10537751222162e-05, 'epoch': 0.37}
{'loss': 0.5832, 'learning_rate': 6.173275393807714e-05, 'epoch': 0.37}
{'loss': 0.6271, 'learning_rate': 6.241173275393808e-05, 'epoch': 0.37}
{'loss': 0.5816, 'learning_rate': 6.309071156979902e-05, 'epoch': 0.38}
{'loss': 0.5766, 'learning_rate': 6.376969038565997e-05, 'epoch': 0.38}
{'loss': 0.5919, 'learning_rate': 6.444866920152092e-05, 'epoch': 0.39}
{'loss': 0.5809, 'learning_rate': 6.512764801738186e-05, 'epoch': 0.39}
{'loss': 0.5713, 'learning_rate': 6.58066268332428e-05, 'epoch': 0.4}
{'loss': 0.5774, 'learning_rate': 6.648560564910376e-05, 'epoch': 0.4}
{'loss': 0.5755, 'learning_rate': 6.71645844649647e-05, 'epoch': 0.4}
{'loss': 0.5824, 'learning_rate': 6.784356328082564e-05, 'epoch': 0.41}
{'loss': 0.5862, 'learning_rate': 6.852254209668658e-05, 'epoch': 0.41}
{'loss': 0.5525, 'learning_rate': 6.920152091254753e-05, 'epoch': 0.42}
{'loss': 0.5777, 'learning_rate': 6.988049972840848e-05, 'epoch': 0.42}
{'loss': 0.5484, 'learning_rate': 7.055947854426942e-05, 'epoch': 0.42}
{'loss': 0.5966, 'learning_rate': 7.123845736013037e-05, 'epoch': 0.43}
{'loss': 0.5893, 'learning_rate': 7.191743617599132e-05, 'epoch': 0.43}
{'loss': 0.5704, 'learning_rate': 7.259641499185226e-05, 'epoch': 0.44}
{'loss': 0.5716, 'learning_rate': 7.32753938077132e-05, 'epoch': 0.44}
{'loss': 0.556, 'learning_rate': 7.395437262357416e-05, 'epoch': 0.44}
{'loss': 0.5915, 'learning_rate': 7.463335143943509e-05, 'epoch': 0.45}
{'loss': 0.5786, 'learning_rate': 7.531233025529604e-05, 'epoch': 0.45}
{'loss': 0.5591, 'learning_rate': 7.599130907115698e-05, 'epoch': 0.46}
{'loss': 0.5368, 'learning_rate': 7.667028788701793e-05, 'epoch': 0.46}
{'loss': 0.5463, 'learning_rate': 7.734926670287888e-05, 'epoch': 0.46}
{'loss': 0.5433, 'learning_rate': 7.802824551873981e-05, 'epoch': 0.47}
{'loss': 0.5338, 'learning_rate': 7.870722433460076e-05, 'epoch': 0.47}
{'loss': 0.5765, 'learning_rate': 7.938620315046172e-05, 'epoch': 0.48}
{'loss': 0.528, 'learning_rate': 8.006518196632265e-05, 'epoch': 0.48}
{'loss': 0.5543, 'learning_rate': 8.07441607821836e-05, 'epoch': 0.48}
{'loss': 0.5572, 'learning_rate': 8.142313959804455e-05, 'epoch': 0.49}
{'loss': 0.5562, 'learning_rate': 8.210211841390549e-05, 'epoch': 0.49}
{'loss': 0.5462, 'learning_rate': 8.278109722976644e-05, 'epoch': 0.5}
{'loss': 0.5804, 'learning_rate': 8.346007604562737e-05, 'epoch': 0.5}
{'loss': 0.5524, 'learning_rate': 8.413905486148832e-05, 'epoch': 0.51}
{'loss': 0.534, 'learning_rate': 8.481803367734928e-05, 'epoch': 0.51}
{'loss': 0.5648, 'learning_rate': 8.549701249321021e-05, 'epoch': 0.51}
{'loss': 0.5309, 'learning_rate': 8.617599130907116e-05, 'epoch': 0.52}
{'loss': 0.5652, 'learning_rate': 8.685497012493211e-05, 'epoch': 0.52}
{'loss': 0.5257, 'learning_rate': 8.753394894079305e-05, 'epoch': 0.53}
{'loss': 0.5212, 'learning_rate': 8.8212927756654e-05, 'epoch': 0.53}
{'loss': 0.5697, 'learning_rate': 8.889190657251493e-05, 'epoch': 0.53}
{'loss': 0.556, 'learning_rate': 8.95708853883759e-05, 'epoch': 0.54}
{'loss': 0.5465, 'learning_rate': 9.024986420423683e-05, 'epoch': 0.54}
{'loss': 0.5474, 'learning_rate': 9.092884302009777e-05, 'epoch': 0.55}
{'loss': 0.5278, 'learning_rate': 9.160782183595872e-05, 'epoch': 0.55}
{'loss': 0.5297, 'learning_rate': 9.228680065181967e-05, 'epoch': 0.55}
{'loss': 0.521, 'learning_rate': 9.296577946768062e-05, 'epoch': 0.56}
{'loss': 0.4987, 'learning_rate': 9.364475828354156e-05, 'epoch': 0.56}
{'loss': 0.4979, 'learning_rate': 9.43237370994025e-05, 'epoch': 0.57}
{'loss': 0.5054, 'learning_rate': 9.500271591526346e-05, 'epoch': 0.57}
{'loss': 0.5334, 'learning_rate': 9.566811515480716e-05, 'epoch': 0.57}
{'loss': 0.4895, 'learning_rate': 9.634709397066812e-05, 'epoch': 0.58}
{'loss': 0.5478, 'learning_rate': 9.702607278652907e-05, 'epoch': 0.58}
{'loss': 0.5055, 'learning_rate': 9.770505160239e-05, 'epoch': 0.59}
{'loss': 0.5653, 'learning_rate': 9.838403041825095e-05, 'epoch': 0.59}
{'loss': 0.5233, 'learning_rate': 9.90630092341119e-05, 'epoch': 0.59}
{'loss': 0.4958, 'learning_rate': 9.974198804997285e-05, 'epoch': 0.6}
{'loss': 0.5361, 'learning_rate': 9.997315354207844e-05, 'epoch': 0.6}
{'loss': 0.55, 'learning_rate': 9.992985280349527e-05, 'epoch': 0.61}
{'loss': 0.5623, 'learning_rate': 9.98865520649121e-05, 'epoch': 0.61}
{'loss': 0.5021, 'learning_rate': 9.984325132632893e-05, 'epoch': 0.62}
{'loss': 0.5445, 'learning_rate': 9.979995058774576e-05, 'epoch': 0.62}
{'loss': 0.5237, 'learning_rate': 9.97566498491626e-05, 'epoch': 0.62}
{'loss': 0.5168, 'learning_rate': 9.971334911057943e-05, 'epoch': 0.63}
{'loss': 0.5056, 'learning_rate': 9.967004837199627e-05, 'epoch': 0.63}
{'loss': 0.4822, 'learning_rate': 9.962674763341309e-05, 'epoch': 0.64}
{'loss': 0.5055, 'learning_rate': 9.958344689482992e-05, 'epoch': 0.64}
{'loss': 0.5278, 'learning_rate': 9.954014615624676e-05, 'epoch': 0.64}
{'loss': 0.5294, 'learning_rate': 9.949684541766358e-05, 'epoch': 0.65}
{'loss': 0.5012, 'learning_rate': 9.945354467908041e-05, 'epoch': 0.65}
{'loss': 0.53, 'learning_rate': 9.941024394049725e-05, 'epoch': 0.66}
{'loss': 0.5175, 'learning_rate': 9.936694320191408e-05, 'epoch': 0.66}
{'loss': 0.5045, 'learning_rate': 9.932364246333092e-05, 'epoch': 0.66}
{'loss': 0.499, 'learning_rate': 9.928034172474774e-05, 'epoch': 0.67}
{'loss': 0.4915, 'learning_rate': 9.923704098616457e-05, 'epoch': 0.67}
{'loss': 0.5269, 'learning_rate': 9.919374024758141e-05, 'epoch': 0.68}
{'loss': 0.4998, 'learning_rate': 9.915043950899823e-05, 'epoch': 0.68}
{'loss': 0.5212, 'learning_rate': 9.910713877041507e-05, 'epoch': 0.68}
{'loss': 0.5236, 'learning_rate': 9.90638380318319e-05, 'epoch': 0.69}
{'loss': 0.5063, 'learning_rate': 9.902053729324872e-05, 'epoch': 0.69}
{'loss': 0.5001, 'learning_rate': 9.897723655466557e-05, 'epoch': 0.7}
{'loss': 0.4737, 'learning_rate': 9.893393581608239e-05, 'epoch': 0.7}
{'loss': 0.4797, 'learning_rate': 9.889063507749923e-05, 'epoch': 0.7}
{'loss': 0.5104, 'learning_rate': 9.884733433891606e-05, 'epoch': 0.71}
{'loss': 0.4834, 'learning_rate': 9.880403360033288e-05, 'epoch': 0.71}
{'loss': 0.5174, 'learning_rate': 9.876073286174972e-05, 'epoch': 0.72}
{'loss': 0.4887, 'learning_rate': 9.871743212316655e-05, 'epoch': 0.72}
{'loss': 0.4971, 'learning_rate': 9.867413138458337e-05, 'epoch': 0.73}
{'loss': 0.4916, 'learning_rate': 9.863083064600021e-05, 'epoch': 0.73}
{'loss': 0.5141, 'learning_rate': 9.858752990741704e-05, 'epoch': 0.73}
{'loss': 0.4768, 'learning_rate': 9.854422916883388e-05, 'epoch': 0.74}
{'loss': 0.5134, 'learning_rate': 9.850092843025071e-05, 'epoch': 0.74}
{'loss': 0.456, 'learning_rate': 9.845762769166755e-05, 'epoch': 0.75}
{'loss': 0.517, 'learning_rate': 9.841519296785603e-05, 'epoch': 0.75}
{'loss': 0.4805, 'learning_rate': 9.837189222927287e-05, 'epoch': 0.75}
{'loss': 0.4962, 'learning_rate': 9.832859149068969e-05, 'epoch': 0.76}
{'loss': 0.518, 'learning_rate': 9.828529075210653e-05, 'epoch': 0.76}
{'loss': 0.5159, 'learning_rate': 9.824199001352336e-05, 'epoch': 0.77}
{'loss': 0.4827, 'learning_rate': 9.819868927494018e-05, 'epoch': 0.77}
{'loss': 0.4906, 'learning_rate': 9.815538853635702e-05, 'epoch': 0.77}
{'loss': 0.4579, 'learning_rate': 9.811208779777385e-05, 'epoch': 0.78}
{'loss': 0.4663, 'learning_rate': 9.806878705919069e-05, 'epoch': 0.78}
{'loss': 0.4538, 'learning_rate': 9.802548632060752e-05, 'epoch': 0.79}
{'loss': 0.4551, 'learning_rate': 9.798218558202436e-05, 'epoch': 0.79}
{'loss': 0.4716, 'learning_rate': 9.793888484344118e-05, 'epoch': 0.79}
{'loss': 0.5029, 'learning_rate': 9.789558410485801e-05, 'epoch': 0.8}
{'loss': 0.497, 'learning_rate': 9.785228336627483e-05, 'epoch': 0.8}
{'loss': 0.4654, 'learning_rate': 9.780898262769167e-05, 'epoch': 0.81}
{'loss': 0.473, 'learning_rate': 9.77656818891085e-05, 'epoch': 0.81}
{'loss': 0.4717, 'learning_rate': 9.772238115052534e-05, 'epoch': 0.81}
{'loss': 0.4777, 'learning_rate': 9.767908041194217e-05, 'epoch': 0.82}
{'loss': 0.5072, 'learning_rate': 9.7635779673359e-05, 'epoch': 0.82}
{'loss': 0.4722, 'learning_rate': 9.759247893477583e-05, 'epoch': 0.83}
{'loss': 0.4935, 'learning_rate': 9.754917819619266e-05, 'epoch': 0.83}
{'loss': 0.4751, 'learning_rate': 9.75058774576095e-05, 'epoch': 0.84}
{'loss': 0.5029, 'learning_rate': 9.746257671902632e-05, 'epoch': 0.84}
{'loss': 0.462, 'learning_rate': 9.741927598044315e-05, 'epoch': 0.84}
{'loss': 0.4666, 'learning_rate': 9.737597524185999e-05, 'epoch': 0.85}
{'loss': 0.5066, 'learning_rate': 9.733267450327681e-05, 'epoch': 0.85}
{'loss': 0.4919, 'learning_rate': 9.728937376469366e-05, 'epoch': 0.86}
{'loss': 0.4624, 'learning_rate': 9.724607302611048e-05, 'epoch': 0.86}
{'loss': 0.4902, 'learning_rate': 9.720277228752731e-05, 'epoch': 0.86}
{'loss': 0.4729, 'learning_rate': 9.715947154894415e-05, 'epoch': 0.87}
{'loss': 0.4614, 'learning_rate': 9.711617081036097e-05, 'epoch': 0.87}
{'loss': 0.4773, 'learning_rate': 9.70728700717778e-05, 'epoch': 0.88}
{'loss': 0.4654, 'learning_rate': 9.70304353479663e-05, 'epoch': 0.88}
{'loss': 0.4714, 'learning_rate': 9.698713460938313e-05, 'epoch': 0.88}
{'loss': 0.4802, 'learning_rate': 9.694383387079996e-05, 'epoch': 0.89}
{'loss': 0.4669, 'learning_rate': 9.69005331322168e-05, 'epoch': 0.89}
{'loss': 0.4822, 'learning_rate': 9.685723239363362e-05, 'epoch': 0.9}
{'loss': 0.4554, 'learning_rate': 9.681393165505045e-05, 'epoch': 0.9}
{'loss': 0.4633, 'learning_rate': 9.677063091646729e-05, 'epoch': 0.9}
{'loss': 0.4985, 'learning_rate': 9.672733017788412e-05, 'epoch': 0.91}
{'loss': 0.4904, 'learning_rate': 9.668402943930096e-05, 'epoch': 0.91}
{'loss': 0.4903, 'learning_rate': 9.664072870071778e-05, 'epoch': 0.92}
{'loss': 0.4635, 'learning_rate': 9.659742796213461e-05, 'epoch': 0.92}
{'loss': 0.4877, 'learning_rate': 9.655412722355145e-05, 'epoch': 0.92}
{'loss': 0.4421, 'learning_rate': 9.651082648496827e-05, 'epoch': 0.93}
{'loss': 0.4566, 'learning_rate': 9.64675257463851e-05, 'epoch': 0.93}
{'loss': 0.5022, 'learning_rate': 9.642422500780194e-05, 'epoch': 0.94}
{'loss': 0.4703, 'learning_rate': 9.638092426921877e-05, 'epoch': 0.94}
{'loss': 0.4671, 'learning_rate': 9.633762353063561e-05, 'epoch': 0.95}
{'loss': 0.4763, 'learning_rate': 9.629432279205243e-05, 'epoch': 0.95}
{'loss': 0.462, 'learning_rate': 9.625102205346926e-05, 'epoch': 0.95}
{'loss': 0.4836, 'learning_rate': 9.62077213148861e-05, 'epoch': 0.96}
{'loss': 0.4338, 'learning_rate': 9.616442057630292e-05, 'epoch': 0.96}
{'loss': 0.4664, 'learning_rate': 9.612111983771975e-05, 'epoch': 0.97}
{'loss': 0.4901, 'learning_rate': 9.607781909913659e-05, 'epoch': 0.97}
{'loss': 0.5101, 'learning_rate': 9.603451836055342e-05, 'epoch': 0.97}
{'loss': 0.4838, 'learning_rate': 9.599121762197026e-05, 'epoch': 0.98}
{'loss': 0.4407, 'learning_rate': 9.59479168833871e-05, 'epoch': 0.98}
{'loss': 0.4482, 'learning_rate': 9.590461614480391e-05, 'epoch': 0.99}
{'loss': 0.4669, 'learning_rate': 9.586131540622075e-05, 'epoch': 0.99}
{'loss': 0.4408, 'learning_rate': 9.581801466763758e-05, 'epoch': 0.99}
{'loss': 0.48, 'learning_rate': 9.57747139290544e-05, 'epoch': 1.0}
[INFO|trainer.py:520] 2026-10-04 14:59:18,995 >> The following columns in the evaluation set  don't have a corresponding argument in `PETLEncModel.forward` and have been ignored: hypothesis, idx, premise.
[INFO|trainer.py:2179] 2026-10-04 14:59:18,998 >> ***** Running Evaluation *****
[INFO|trainer.py:2181] 2026-10-04 14:59:18,998 >>   Num examples = 9815
[INFO|trainer.py:2184] 2026-10-04 14:59:18,998 >>   Batch size = 32
{'eval_loss': 0.4137290120124817, 'eval_accuracy': 0.8422822210901681, 'eval_runtime': 13.3294, 'eval_samples_per_second': 736.344, 'eval_steps_per_second': 23.032, 'epoch': 1.0}
[INFO|trainer.py:1933] 2026-10-04 14:59:32,328 >> Saving model checkpoint to checkpoints/glue/mnli/20261004/glue.mnli.adapter.am_adapter.ao_sequential.fm_adapter.fo_sequential.abn.fbn.ac_add.fl_none.finit_bert.fs_1.unfrz_ef_.ne10.warm0.06.wd0.1.seed2./checkpoint-12272
[INFO|configuration_utils.py:364] 2026-10-04 14:59:32,329 >> Configuration saved in checkpoints/glue/mnli/20261004/glue.mnli.adapter.am_adapter.ao_sequential.fm_adapter.fo_sequential.abn.fbn.ac_add.fl_none.finit_bert.fs_1.unfrz_ef_.ne10.warm0.06.wd0.1.seed2./checkpoint-12272/config.json
[INFO|modeling_utils.py:898] 2026-10-04 14:59:32,630 >> Model weights saved in checkpoints/glue/mnli/20261004/glue.mnli.adapter.am_adapter.ao_sequential.fm_adapter.fo_sequential.abn.fbn.ac_add.fl_none.finit_bert.fs_1.unfrz_ef_.ne10.warm0.06.wd0.1.seed2./checkpoint-12272/pytorch_model.bin
[INFO|tokenization_utils_base.py:1948] 2026-10-04 14:59:32,632 >> tokenizer config file saved in checkpoints/glue/mnli/20261004/glue.mnli.adapter.am_adapter.ao_sequential.fm_adapter.fo_sequential.abn.fbn.ac_add.fl_none.finit_bert.fs_1.unfrz_ef_.ne10.warm0.06.wd0.1.seed2./checkpoint-12272/tokenizer_config.json
[INFO|tokenization_utils_base.py:1954] 2026-10-04 14:59:32,632 >> Special tokens file saved in checkpoints/glue/mnli/20261004/glue.mnli.adapter.am_adapter.ao_sequential.fm_adapter.fo_sequential.abn.fbn.ac_add.fl_none.finit_bert.fs_1.unfrz_ef_.ne10.warm0.06.wd0.1.seed2./checkpoint-12272/special_tokens_map.json
/work/unify-parameter-efficient-tuning/src/transformers/trainer.py:1784: FutureWarning: `torch.cuda.amp.autocast(args...)` is deprecated. Please use `torch.amp.autocast('cuda', args...)` instead.
  with autocast():
{'loss': 0.4851, 'learning_rate': 9.573141319047124e-05, 'epoch': 1.0}
{'loss': 0.4689, 'learning_rate': 9.568811245188808e-05, 'epoch': 1.01}
{'loss': 0.4578, 'learning_rate': 9.564481171330491e-05, 'epoch': 1.01}
{'loss': 0.4396, 'learning_rate': 9.560151097472174e-05, 'epoch': 1.01}
{'loss': 0.4788, 'learning_rate': 9.555821023613857e-05, 'epoch': 1.02}
{'loss': 0.4903, 'learning_rate': 9.55149094975554e-05, 'epoch': 1.02}
{'loss': 0.4439, 'learning_rate': 9.547160875897224e-05, 'epoch': 1.03}
{'loss': 0.4758, 'learning_rate': 9.542830802038906e-05, 'epoch': 1.03}
{'loss': 0.4786, 'learning_rate': 9.538500728180589e-05, 'epoch': 1.03}
{'loss': 0.4688, 'learning_rate': 9.534170654322273e-05, 'epoch': 1.04}
{'loss': 0.482, 'learning_rate': 9.529840580463955e-05, 'epoch': 1.04}
{'loss': 0.4394, 'learning_rate': 9.525510506605638e-05, 'epoch': 1.05}
{'loss': 0.4474, 'learning_rate': 9.521180432747322e-05, 'epoch': 1.05}
{'loss': 0.4628, 'learning_rate': 9.516850358889005e-05, 'epoch': 1.06}
{'loss': 0.4402, 'learning_rate': 9.512520285030689e-05, 'epoch': 1.06}
{'loss': 0.4572, 'learning_rate': 9.508190211172371e-05, 'epoch': 1.06}
{'loss': 0.4433, 'learning_rate': 9.503860137314054e-05, 'epoch': 1.07}
{'loss': 0.4328, 'learning_rate': 9.499530063455738e-05, 'epoch': 1.07}
{'loss': 0.4447, 'learning_rate': 9.49519998959742e-05, 'epoch': 1.08}
{'loss': 0.4795, 'learning_rate': 9.490869915739103e-05, 'epoch': 1.08}
{'loss': 0.4552, 'learning_rate': 9.486539841880787e-05, 'epoch': 1.08}
{'loss': 0.4628, 'learning_rate': 9.48220976802247e-05, 'epoch': 1.09}
{'loss': 0.4599, 'learning_rate': 9.477879694164154e-05, 'epoch': 1.09}
{'loss': 0.4773, 'learning_rate': 9.473549620305837e-05, 'epoch': 1.1}
{'loss': 0.4542, 'learning_rate': 9.469219546447519e-05, 'epoch': 1.1}
{'loss': 0.4618, 'learning_rate': 9.464889472589203e-05, 'epoch': 1.1}
{'loss': 0.4265, 'learning_rate': 9.460559398730885e-05, 'epoch': 1.11}
{'loss': 0.4507, 'learning_rate': 9.456229324872568e-05, 'epoch': 1.11}
{'loss': 0.458, 'learning_rate': 9.451985852491419e-05, 'epoch': 1.12}
{'loss': 0.4425, 'learning_rate': 9.447655778633101e-05, 'epoch': 1.12}
{'loss': 0.4528, 'learning_rate': 9.443325704774784e-05, 'epoch': 1.12}
{'loss': 0.4675, 'learning_rate': 9.438995630916468e-05, 'epoch': 1.13}
{'loss': 0.4835, 'learning_rate': 9.434665557058151e-05, 'epoch': 1.13}
{'loss': 0.4133, 'learning_rate': 9.430335483199835e-05, 'epoch': 1.14}
{'loss': 0.476, 'learning_rate': 9.426005409341518e-05, 'epoch': 1.14}
{'loss': 0.4684, 'learning_rate': 9.4216753354832e-05, 'epoch': 1.14}
{'loss': 0.447, 'learning_rate': 9.417345261624884e-05, 'epoch': 1.15}
{'loss': 0.4549, 'learning_rate': 9.413015187766567e-05, 'epoch': 1.15}
{'loss': 0.4273, 'learning_rate': 9.408685113908249e-05, 'epoch': 1.16}
{'loss': 0.4294, 'learning_rate': 9.404355040049933e-05, 'epoch': 1.16}
{'loss': 0.4589, 'learning_rate': 9.400024966191615e-05, 'epoch': 1.17}
{'loss': 0.4438, 'learning_rate': 9.3956948923333e-05, 'epoch': 1.17}
{'loss': 0.4135, 'learning_rate': 9.391364818474983e-05, 'epoch': 1.17}
{'loss': 0.4494, 'learning_rate': 9.387034744616665e-05, 'epoch': 1.18}
{'loss': 0.4586, 'learning_rate': 9.382704670758349e-05, 'epoch': 1.18}
{'loss': 0.4254, 'learning_rate': 9.378374596900032e-05, 'epoch': 1.19}
{'loss': 0.4711, 'learning_rate': 9.374044523041714e-05, 'epoch': 1.19}
{'loss': 0.4516, 'learning_rate': 9.369714449183398e-05, 'epoch': 1.19}
{'loss': 0.4582, 'learning_rate': 9.36538437532508e-05, 'epoch': 1.2}
{'loss': 0.4545, 'learning_rate': 9.361054301466763e-05, 'epoch': 1.2}
{'loss': 0.4516, 'learning_rate': 9.356724227608447e-05, 'epoch': 1.21}
{'loss': 0.4542, 'learning_rate': 9.35239415375013e-05, 'epoch': 1.21}
{'loss': 0.4639, 'learning_rate': 9.348064079891814e-05, 'epoch': 1.21}
{'loss': 0.4359, 'learning_rate': 9.343734006033497e-05, 'epoch': 1.22}
{'loss': 0.4436, 'learning_rate': 9.33940393217518e-05, 'epoch': 1.22}
{'loss': 0.4265, 'learning_rate': 9.335073858316863e-05, 'epoch': 1.23}
{'loss': 0.4407, 'learning_rate': 9.330743784458546e-05, 'epoch': 1.23}
{'loss': 0.4587, 'learning_rate': 9.326413710600229e-05, 'epoch': 1.23}
{'loss': 0.433, 'learning_rate': 9.322083636741912e-05, 'epoch': 1.24}
{'loss': 0.4597, 'learning_rate': 9.317753562883595e-05, 'epoch': 1.24}
{'loss': 0.419, 'learning_rate': 9.313423489025279e-05, 'epoch': 1.25}
{'loss': 0.4182, 'learning_rate': 9.309093415166962e-05, 'epoch': 1.25}
{'loss': 0.4125, 'learning_rate': 9.304763341308646e-05, 'epoch': 1.25}
{'loss': 0.4517, 'learning_rate': 9.300433267450328e-05, 'epoch': 1.26}
{'loss': 0.4421, 'learning_rate': 9.296103193592012e-05, 'epoch': 1.26}
{'loss': 0.4249, 'learning_rate': 9.291773119733694e-05, 'epoch': 1.27}
{'loss': 0.4411, 'learning_rate': 9.287443045875377e-05, 'epoch': 1.27}
{'loss': 0.4424, 'learning_rate': 9.28311297201706e-05, 'epoch': 1.28}
{'loss': 0.4448, 'learning_rate': 9.278782898158744e-05, 'epoch': 1.28}
{'loss': 0.4604, 'learning_rate': 9.274539425777593e-05, 'epoch': 1.28}
{'loss': 0.4229, 'learning_rate': 9.270209351919276e-05, 'epoch': 1.29}
{'loss': 0.4371, 'learning_rate': 9.26587927806096e-05, 'epoch': 1.29}
{'loss': 0.4387, 'learning_rate': 9.261549204202643e-05, 'epoch': 1.3}
{'loss': 0.4201, 'learning_rate': 9.257219130344327e-05, 'epoch': 1.3}
{'loss': 0.4382, 'learning_rate': 9.252889056486009e-05, 'epoch': 1.3}
{'loss': 0.4407, 'learning_rate': 9.248558982627692e-05, 'epoch': 1.31}
{'loss': 0.4588, 'learning_rate': 9.244228908769376e-05, 'epoch': 1.31}
{'loss': 0.4931, 'learning_rate': 9.239898834911058e-05, 'epoch': 1.32}
{'loss': 0.4447, 'learning_rate': 9.235568761052741e-05, 'epoch': 1.32}
{'loss': 0.4928, 'learning_rate': 9.231238687194424e-05, 'epoch': 1.32}
{'loss': 0.4337, 'learning_rate': 9.226908613336108e-05, 'epoch': 1.33}
{'loss': 0.4312, 'learning_rate': 9.222578539477792e-05, 'epoch': 1.33}
{'loss': 0.4275, 'learning_rate': 9.218248465619474e-05, 'epoch': 1.34}
{'loss': 0.425, 'learning_rate': 9.213918391761158e-05, 'epoch': 1.34}
{'loss': 0.4429, 'learning_rate': 9.20958831790284e-05, 'epoch': 1.34}
{'loss': 0.4461, 'learning_rate': 9.205258244044523e-05, 'epoch': 1.35}
{'loss': 0.4477, 'learning_rate': 9.200928170186207e-05, 'epoch': 1.35}
{'loss': 0.4301, 'learning_rate': 9.196598096327889e-05, 'epoch': 1.36}
{'loss': 0.4699, 'learning_rate': 9.192268022469572e-05, 'epoch': 1.36}
{'loss': 0.4226, 'learning_rate': 9.187937948611256e-05, 'epoch': 1.36}
{'loss': 0.4361, 'learning_rate': 9.183607874752939e-05, 'epoch': 1.37}
{'loss': 0.4414, 'learning_rate': 9.179277800894623e-05, 'epoch': 1.37}
{'loss': 0.4565, 'learning_rate': 9.174947727036306e-05, 'epoch': 1.38}
{'loss': 0.4269, 'learning_rate': 9.170617653177988e-05, 'epoch': 1.38}
{'loss': 0.4399, 'learning_rate': 9.166287579319672e-05, 'epoch': 1.39}
{'loss': 0.4628, 'learning_rate': 9.161957505461355e-05, 'epoch': 1.39}
{'loss': 0.433, 'learning_rate': 9.157627431603037e-05, 'epoch': 1.39}
{'loss': 0.4351, 'learning_rate': 9.153297357744721e-05, 'epoch': 1.4}
{'loss': 0.4566, 'learning_rate': 9.148967283886404e-05, 'epoch': 1.4}
{'loss': 0.4422, 'learning_rate': 9.144637210028088e-05, 'epoch': 1.41}
{'loss': 0.4406, 'learning_rate': 9.140307136169771e-05, 'epoch': 1.41}
{'loss': 0.453, 'learning_rate': 9.135977062311453e-05, 'epoch': 1.41}
{'loss': 0.4464, 'learning_rate': 9.131646988453137e-05, 'epoch': 1.42}
{'loss': 0.4205, 'learning_rate': 9.12731691459482e-05, 'epoch': 1.42}
{'loss': 0.4556, 'learning_rate': 9.122986840736502e-05, 'epoch': 1.43}
{'loss': 0.4181, 'learning_rate': 9.118656766878186e-05, 'epoch': 1.43}
{'loss': 0.4148, 'learning_rate': 9.114326693019869e-05, 'epoch': 1.43}
{'loss': 0.4384, 'learning_rate': 9.109996619161553e-05, 'epoch': 1.44}
{'loss': 0.4775, 'learning_rate': 9.105666545303236e-05, 'epoch': 1.44}
{'loss': 0.4072, 'learning_rate': 9.101336471444918e-05, 'epoch': 1.45}
{'loss': 0.4604, 'learning_rate': 9.097092999063769e-05, 'epoch': 1.45}
{'loss': 0.4205, 'learning_rate': 9.092762925205452e-05, 'epoch': 1.45}
{'loss': 0.4385, 'learning_rate': 9.088432851347136e-05, 'epoch': 1.46}
{'loss': 0.4508, 'learning_rate': 9.084102777488818e-05, 'epoch': 1.46}
{'loss': 0.4592, 'learning_rate': 9.079772703630501e-05, 'epoch': 1.47}
{'loss': 0.383, 'learning_rate': 9.075442629772183e-05, 'epoch': 1.47}
{'loss': 0.4583, 'learning_rate': 9.071112555913867e-05, 'epoch': 1.47}
{'loss': 0.4358, 'learning_rate': 9.06678248205555e-05, 'epoch': 1.48}
{'loss': 0.4532, 'learning_rate': 9.062452408197234e-05, 'epoch': 1.48}
{'loss': 0.4335, 'learning_rate': 9.058122334338917e-05, 'epoch': 1.49}
{'loss': 0.4494, 'learning_rate': 9.0537922604806e-05, 'epoch': 1.49}
{'loss': 0.482, 'learning_rate': 9.049462186622283e-05, 'epoch': 1.5}
{'loss': 0.4221, 'learning_rate': 9.045132112763966e-05, 'epoch': 1.5}
{'loss': 0.4445, 'learning_rate': 9.040802038905648e-05, 'epoch': 1.5}
{'loss': 0.4356, 'learning_rate': 9.036471965047332e-05, 'epoch': 1.51}
{'loss': 0.4656, 'learning_rate': 9.032141891189015e-05, 'epoch': 1.51}
{'loss': 0.4433, 'learning_rate': 9.027811817330697e-05, 'epoch': 1.52}
{'loss': 0.4601, 'learning_rate': 9.023481743472381e-05, 'epoch': 1.52}
{'loss': 0.4401, 'learning_rate': 9.019151669614066e-05, 'epoch': 1.52}
{'loss': 0.4482, 'learning_rate': 9.014821595755748e-05, 'epoch': 1.53}
{'loss': 0.4387, 'learning_rate': 9.010491521897431e-05, 'epoch': 1.53}
{'loss': 0.4343, 'learning_rate': 9.006161448039115e-05, 'epoch': 1.54}
{'loss': 0.4737, 'learning_rate': 9.001831374180797e-05, 'epoch': 1.54}
{'loss': 0.4311, 'learning_rate': 8.99750130032248e-05, 'epoch': 1.54}
{'loss': 0.4308, 'learning_rate': 8.993171226464164e-05, 'epoch': 1.55}
{'loss': 0.4319, 'learning_rate': 8.988841152605846e-05, 'epoch': 1.55}
{'loss': 0.4308, 'learning_rate': 8.98451107874753e-05, 'epoch': 1.56}
{'loss': 0.4357, 'learning_rate': 8.980181004889213e-05, 'epoch': 1.56}
{'loss': 0.4159, 'learning_rate': 8.975850931030896e-05, 'epoch': 1.56}
{'loss': 0.435, 'learning_rate': 8.97152085717258e-05, 'epoch': 1.57}
{'loss': 0.4462, 'learning_rate': 8.967190783314262e-05, 'epoch': 1.57}
{'loss': 0.4566, 'learning_rate': 8.962947310933112e-05, 'epoch': 1.58}
{'loss': 0.3876, 'learning_rate': 8.958617237074796e-05, 'epoch': 1.58}
{'loss': 0.447, 'learning_rate': 8.954287163216478e-05, 'epoch': 1.58}
{'loss': 0.4681, 'learning_rate': 8.949957089358161e-05, 'epoch': 1.59}
{'loss': 0.4221, 'learning_rate': 8.945627015499845e-05, 'epoch': 1.59}
{'loss': 0.4025, 'learning_rate': 8.941296941641527e-05, 'epoch': 1.6}
{'loss': 0.4482, 'learning_rate': 8.93696686778321e-05, 'epoch': 1.6}
{'loss': 0.422, 'learning_rate': 8.932636793924894e-05, 'epoch': 1.61}
{'loss': 0.4351, 'learning_rate': 8.928306720066577e-05, 'epoch': 1.61}
{'loss': 0.3979, 'learning_rate': 8.923976646208261e-05, 'epoch': 1.61}
{'loss': 0.4292, 'learning_rate': 8.919646572349943e-05, 'epoch': 1.62}
{'loss': 0.42, 'learning_rate': 8.915316498491626e-05, 'epoch': 1.62}
{'loss': 0.4538, 'learning_rate': 8.91098642463331e-05, 'epoch': 1.63}
{'loss': 0.4383, 'learning_rate': 8.906656350774992e-05, 'epoch': 1.63}
{'loss': 0.442, 'learning_rate': 8.902326276916675e-05, 'epoch': 1.63}
{'loss': 0.425, 'learning_rate': 8.897996203058359e-05, 'epoch': 1.64}
{'loss': 0.4274, 'learning_rate': 8.893666129200042e-05, 'epoch': 1.64}
{'loss': 0.4502, 'learning_rate': 8.889336055341726e-05, 'epoch': 1.65}
{'loss': 0.4569, 'learning_rate': 8.885005981483408e-05, 'epoch': 1.65}
{'loss': 0.4245, 'learning_rate': 8.880675907625091e-05, 'epoch': 1.65}
{'loss': 0.4506, 'learning_rate': 8.876345833766775e-05, 'epoch': 1.66}
{'loss': 0.4491, 'learning_rate': 8.872015759908457e-05, 'epoch': 1.66}
{'loss': 0.4385, 'learning_rate': 8.86768568605014e-05, 'epoch': 1.67}
{'loss': 0.4047, 'learning_rate': 8.863355612191824e-05, 'epoch': 1.67}
{'loss': 0.4202, 'learning_rate': 8.859025538333506e-05, 'epoch': 1.67}
{'loss': 0.4025, 'learning_rate': 8.85469546447519e-05, 'epoch': 1.68}
{'loss': 0.4325, 'learning_rate': 8.850365390616874e-05, 'epoch': 1.68}
{'loss': 0.4166, 'learning_rate': 8.846035316758557e-05, 'epoch': 1.69}
{'loss': 0.4327, 'learning_rate': 8.84170524290024e-05, 'epoch': 1.69}
{'loss': 0.4404, 'learning_rate': 8.837375169041924e-05, 'epoch': 1.69}
{'loss': 0.3665, 'learning_rate': 8.833045095183606e-05, 'epoch': 1.7}
{'loss': 0.4119, 'learning_rate': 8.828715021325289e-05, 'epoch': 1.7}
{'loss': 0.433, 'learning_rate': 8.824384947466973e-05, 'epoch': 1.71}
{'loss': 0.4277, 'learning_rate': 8.820054873608655e-05, 'epoch': 1.71}
{'loss': 0.4293, 'learning_rate': 8.815724799750338e-05, 'epoch': 1.72}
{'loss': 0.4442, 'learning_rate': 8.811394725892022e-05, 'epoch': 1.72}
{'loss': 0.4109, 'learning_rate': 8.807064652033705e-05, 'epoch': 1.72}
{'loss': 0.4217, 'learning_rate': 8.802734578175389e-05, 'epoch': 1.73}
{'loss': 0.4311, 'learning_rate': 8.798404504317071e-05, 'epoch': 1.73}
{'loss': 0.4401, 'learning_rate': 8.794074430458754e-05, 'epoch': 1.74}
{'loss': 0.422, 'learning_rate': 8.789744356600438e-05, 'epoch': 1.74}
{'loss': 0.4648, 'learning_rate': 8.78541428274212e-05, 'epoch': 1.74}
{'loss': 0.4628, 'learning_rate': 8.781084208883803e-05, 'epoch': 1.75}
{'loss': 0.4185, 'learning_rate': 8.776754135025487e-05, 'epoch': 1.75}
{'loss': 0.4186, 'learning_rate': 8.77242406116717e-05, 'epoch': 1.76}
{'loss': 0.4189, 'learning_rate': 8.768093987308854e-05, 'epoch': 1.76}
{'loss': 0.4218, 'learning_rate': 8.763763913450536e-05, 'epoch': 1.76}
{'loss': 0.4356, 'learning_rate': 8.75943383959222e-05, 'epoch': 1.77}
{'loss': 0.4241, 'learning_rate': 8.755103765733903e-05, 'epoch': 1.77}
{'loss': 0.4392, 'learning_rate': 8.750773691875585e-05, 'epoch': 1.78}
{'loss': 0.404, 'learning_rate': 8.746443618017268e-05, 'epoch': 1.78}
{'loss': 0.4614, 'learning_rate': 8.742113544158952e-05, 'epoch': 1.78}
{'loss': 0.4284, 'learning_rate': 8.737783470300635e-05, 'epoch': 1.79}
{'loss': 0.4209, 'learning_rate': 8.733453396442319e-05, 'epoch': 1.79}
{'loss': 0.4343, 'learning_rate': 8.729123322584002e-05, 'epoch': 1.8}
{'loss': 0.4344, 'learning_rate': 8.724793248725684e-05, 'epoch': 1.8}
{'loss': 0.4383, 'learning_rate': 8.720463174867368e-05, 'epoch': 1.8}
{'loss': 0.437, 'learning_rate': 8.716133101009051e-05, 'epoch': 1.81}
{'loss': 0.4417, 'learning_rate': 8.711803027150733e-05, 'epoch': 1.81}
{'loss': 0.441, 'learning_rate': 8.707472953292417e-05, 'epoch': 1.82}
{'loss': 0.3945, 'learning_rate': 8.7031428794341e-05, 'epoch': 1.82}
{'loss': 0.4348, 'learning_rate': 8.698812805575783e-05, 'epoch': 1.83}
{'loss': 0.3933, 'learning_rate': 8.694482731717467e-05, 'epoch': 1.83}
{'loss': 0.4358, 'learning_rate': 8.69015265785915e-05, 'epoch': 1.83}
{'loss': 0.4451, 'learning_rate': 8.685822584000833e-05, 'epoch': 1.84}
{'loss': 0.4275, 'learning_rate': 8.681492510142515e-05, 'epoch': 1.84}
{'loss': 0.4251, 'learning_rate': 8.677162436284199e-05, 'epoch': 1.85}
{'loss': 0.4686, 'learning_rate': 8.672832362425882e-05, 'epoch': 1.85}
{'loss': 0.441, 'learning_rate': 8.668502288567564e-05, 'epoch': 1.85}
{'loss': 0.403, 'learning_rate': 8.664172214709248e-05, 'epoch': 1.86}
{'loss': 0.431, 'learning_rate': 8.659842140850931e-05, 'epoch': 1.86}
{'loss': 0.4115, 'learning_rate': 8.655512066992615e-05, 'epoch': 1.87}
{'loss': 0.4687, 'learning_rate': 8.651181993134298e-05, 'epoch': 1.87}
{'loss': 0.4281, 'learning_rate': 8.646851919275982e-05, 'epoch': 1.87}
{'loss': 0.4399, 'learning_rate': 8.642521845417664e-05, 'epoch': 1.88}
{'loss': 0.4468, 'learning_rate': 8.638191771559347e-05, 'epoch': 1.88}
{'loss': 0.4168, 'learning_rate': 8.63386169770103e-05, 'epoch': 1.89}
{'loss': 0.4303, 'learning_rate': 8.629531623842713e-05, 'epoch': 1.89}
{'loss': 0.4235, 'learning_rate': 8.625201549984396e-05, 'epoch': 1.89}
{'loss': 0.4128, 'learning_rate': 8.62087147612608e-05, 'epoch': 1.9}
{'loss': 0.4333, 'learning_rate': 8.616541402267763e-05, 'epoch': 1.9}
{'loss': 0.4326, 'learning_rate': 8.612211328409447e-05, 'epoch': 1.91}
{'loss': 0.4125, 'learning_rate': 8.60788125455113e-05, 'epoch': 1.91}
{'loss': 0.4309, 'learning_rate': 8.603551180692812e-05, 'epoch': 1.91}
{'loss': 0.4225, 'learning_rate': 8.599221106834496e-05, 'epoch': 1.92}
{'loss': 0.4418, 'learning_rate': 8.594891032976178e-05, 'epoch': 1.92}
{'loss': 0.4292, 'learning_rate': 8.590560959117861e-05, 'epoch': 1.93}
{'loss': 0.3964, 'learning_rate': 8.586317486736712e-05, 'epoch': 1.93}
{'loss': 0.4142, 'learning_rate': 8.581987412878394e-05, 'epoch': 1.94}
{'loss': 0.4154, 'learning_rate': 8.577657339020077e-05, 'epoch': 1.94}
{'loss': 0.4265, 'learning_rate': 8.57332726516176e-05, 'epoch': 1.94}
{'loss': 0.4231, 'learning_rate': 8.568997191303444e-05, 'epoch': 1.95}
{'loss': 0.4312, 'learning_rate': 8.564667117445128e-05, 'epoch': 1.95}
{'loss': 0.434, 'learning_rate': 8.560337043586811e-05, 'epoch': 1.96}
{'loss': 0.4029, 'learning_rate': 8.556006969728493e-05, 'epoch': 1.96}
{'loss': 0.426, 'learning_rate': 8.551676895870177e-05, 'epoch': 1.96}
{'loss': 0.4398, 'learning_rate': 8.54734682201186e-05, 'epoch': 1.97}
{'loss': 0.44, 'learning_rate': 8.543016748153542e-05, 'epoch': 1.97}
{'loss': 0.424, 'learning_rate': 8.538686674295226e-05, 'epoch': 1.98}
{'loss': 0.4303, 'learning_rate': 8.534356600436908e-05, 'epoch': 1.98}
{'loss': 0.4301, 'learning_rate': 8.530026526578593e-05, 'epoch': 1.98}
{'loss': 0.467, 'learning_rate': 8.525696452720275e-05, 'epoch': 1.99}
{'loss': 0.4462, 'learning_rate': 8.521366378861958e-05, 'epoch': 1.99}
{'loss': 0.3865, 'learning_rate': 8.517036305003642e-05, 'epoch': 2.0}
[INFO|trainer.py:520] 2026-10-04 15:07:00,209 >> The following columns in the evaluation set  don't have a corresponding argument in `PETLEncModel.forward` and have been ignored: hypothesis, idx, premise.
[INFO|trainer.py:2179] 2026-10-04 15:07:00,212 >> ***** Running Evaluation *****
[INFO|trainer.py:2181] 2026-10-04 15:07:00,212 >>   Num examples = 9815
[INFO|trainer.py:2184] 2026-10-04 15:07:00,212 >>   Batch size = 32
{'eval_loss': 0.3778623640537262, 'eval_accuracy': 0.8544065206316862, 'eval_runtime': 13.4623, 'eval_samples_per_second': 729.073, 'eval_steps_per_second': 22.804, 'epoch': 2.0}
[INFO|trainer.py:1933] 2026-10-04 15:07:13,675 >> Saving model checkpoint to checkpoints/glue/mnli/20261004/glue.mnli.adapter.am_adapter.ao_sequential.fm_adapter.fo_sequential.abn.fbn.ac_add.fl_none.finit_bert.fs_1.unfrz_ef_.ne10.warm0.06.wd0.1.seed2./checkpoint-24544
[INFO|configuration_utils.py:364] 2026-10-04 15:07:13,677 >> Configuration saved in checkpoints/glue/mnli/20261004/glue.mnli.adapter.am_adapter.ao_sequential.fm_adapter.fo_sequential.abn.fbn.ac_add.fl_none.finit_bert.fs_1.unfrz_ef_.ne10.warm0.06.wd0.1.seed2./checkpoint-24544/config.json
[INFO|modeling_utils.py:898] 2026-10-04 15:07:14,020 >> Model weights saved in checkpoints/glue/mnli/20261004/glue.mnli.adapter.am_adapter.ao_sequential.fm_adapter.fo_sequential.abn.fbn.ac_add.fl_none.finit_bert.fs_1.unfrz_ef_.ne10.warm0.06.wd0.1.seed2./checkpoint-24544/pytorch_model.bin
[INFO|tokenization_utils_base.py:1948] 2026-10-04 15:07:14,021 >> tokenizer config file saved in checkpoints/glue/mnli/20261004/glue.mnli.adapter.am_adapter.ao_sequential.fm_adapter.fo_sequential.abn.fbn.ac_add.fl_none.finit_bert.fs_1.unfrz_ef_.ne10.warm0.06.wd0.1.seed2./checkpoint-24544/tokenizer_config.json
[INFO|tokenization_utils_base.py:1954] 2026-10-04 15:07:14,022 >> Special tokens file saved in checkpoints/glue/mnli/20261004/glue.mnli.adapter.am_adapter.ao_sequential.fm_adapter.fo_sequential.abn.fbn.ac_add.fl_none.finit_bert.fs_1.unfrz_ef_.ne10.warm0.06.wd0.1.seed2./checkpoint-24544/special_tokens_map.json
/work/unify-parameter-efficient-tuning/src/transformers/trainer.py:1784: FutureWarning: `torch.cuda.amp.autocast(args...)` is deprecated. Please use `torch.amp.autocast('cuda', args...)` instead.
  with autocast():
{'loss': 0.4326, 'learning_rate': 8.512706231145324e-05, 'epoch': 2.0}
{'loss': 0.4371, 'learning_rate': 8.508376157287007e-05, 'epoch': 2.0}
{'loss': 0.3719, 'learning_rate': 8.504046083428691e-05, 'epoch': 2.01}
{'loss': 0.4238, 'learning_rate': 8.499716009570373e-05, 'epoch': 2.01}
{'loss': 0.4031, 'learning_rate': 8.495385935712056e-05, 'epoch': 2.02}
{'loss': 0.4091, 'learning_rate': 8.49105586185374e-05, 'epoch': 2.02}
{'loss': 0.3956, 'learning_rate': 8.486725787995423e-05, 'epoch': 2.02}
{'loss': 0.4202, 'learning_rate': 8.482482315614272e-05, 'epoch': 2.03}
{'loss': 0.4351, 'learning_rate': 8.478152241755956e-05, 'epoch': 2.03}
{'loss': 0.4284, 'learning_rate': 8.473822167897639e-05, 'epoch': 2.04}
{'loss': 0.3986, 'learning_rate': 8.469492094039323e-05, 'epoch': 2.04}
{'loss': 0.3879, 'learning_rate': 8.465162020181005e-05, 'epoch': 2.05}
{'loss': 0.4358, 'learning_rate': 8.460831946322688e-05, 'epoch': 2.05}
{'loss': 0.4203, 'learning_rate': 8.456501872464372e-05, 'epoch': 2.05}
{'loss': 0.3756, 'learning_rate': 8.452171798606054e-05, 'epoch': 2.06}
{'loss': 0.4278, 'learning_rate': 8.447841724747737e-05, 'epoch': 2.06}
{'loss': 0.4143, 'learning_rate': 8.443511650889421e-05, 'epoch': 2.07}
{'loss': 0.4113, 'learning_rate': 8.439181577031104e-05, 'epoch': 2.07}
{'loss': 0.4322, 'learning_rate': 8.434851503172788e-05, 'epoch': 2.07}
{'loss': 0.3947, 'learning_rate': 8.430521429314471e-05, 'epoch': 2.08}
{'loss': 0.3789, 'learning_rate': 8.426191355456153e-05, 'epoch': 2.08}
{'loss': 0.4262, 'learning_rate': 8.421861281597837e-05, 'epoch': 2.09}
{'loss': 0.4404, 'learning_rate': 8.41753120773952e-05, 'epoch': 2.09}
{'loss': 0.4519, 'learning_rate': 8.413201133881202e-05, 'epoch': 2.09}
{'loss': 0.4023, 'learning_rate': 8.408871060022886e-05, 'epoch': 2.1}
{'loss': 0.4149, 'learning_rate': 8.40454098616457e-05, 'epoch': 2.1}
{'loss': 0.4148, 'learning_rate': 8.400210912306253e-05, 'epoch': 2.11}
{'loss': 0.4053, 'learning_rate': 8.395880838447936e-05, 'epoch': 2.11}
{'loss': 0.4418, 'learning_rate': 8.39155076458962e-05, 'epoch': 2.11}
{'loss': 0.4295, 'learning_rate': 8.387220690731302e-05, 'epoch': 2.12}
{'loss': 0.4084, 'learning_rate': 8.382890616872985e-05, 'epoch': 2.12}
{'loss': 0.4525, 'learning_rate': 8.378560543014667e-05, 'epoch': 2.13}
{'loss': 0.4025, 'learning_rate': 8.374230469156351e-05, 'epoch': 2.13}
{'loss': 0.3765, 'learning_rate': 8.369900395298034e-05, 'epoch': 2.13}
{'loss': 0.417, 'learning_rate': 8.365570321439717e-05, 'epoch': 2.14}
{'loss': 0.4117, 'learning_rate': 8.361240247581401e-05, 'epoch': 2.14}
{'loss': 0.4063, 'learning_rate': 8.356910173723083e-05, 'epoch': 2.15}
{'loss': 0.4383, 'learning_rate': 8.352580099864767e-05, 'epoch': 2.15}
{'loss': 0.3926, 'learning_rate': 8.34825002600645e-05, 'epoch': 2.16}
{'loss': 0.4074, 'learning_rate': 8.343919952148133e-05, 'epoch': 2.16}
{'loss': 0.4043, 'learning_rate': 8.339589878289816e-05, 'epoch': 2.16}
{'loss': 0.4258, 'learning_rate': 8.3352598044315e-05, 'epoch': 2.17}
{'loss': 0.3813, 'learning_rate': 8.330929730573182e-05, 'epoch': 2.17}
{'loss': 0.3863, 'learning_rate': 8.326599656714865e-05, 'epoch': 2.18}
{'loss': 0.4288, 'learning_rate': 8.322269582856549e-05, 'epoch': 2.18}
{'loss': 0.3882, 'learning_rate': 8.317939508998232e-05, 'epoch': 2.18}
{'loss': 0.4062, 'learning_rate': 8.313609435139916e-05, 'epoch': 2.19}
{'loss': 0.4, 'learning_rate': 8.309279361281599e-05, 'epoch': 2.19}
{'loss': 0.3758, 'learning_rate': 8.304949287423281e-05, 'epoch': 2.2}
{'loss': 0.4229, 'learning_rate': 8.300619213564965e-05, 'epoch': 2.2}
{'loss': 0.4397, 'learning_rate': 8.296289139706648e-05, 'epoch': 2.2}
{'loss': 0.419, 'learning_rate': 8.29195906584833e-05, 'epoch': 2.21}
{'loss': 0.4196, 'learning_rate': 8.287628991990014e-05, 'epoch': 2.21}
{'loss': 0.4036, 'learning_rate': 8.283298918131697e-05, 'epoch': 2.22}
{'loss': 0.4032, 'learning_rate': 8.27896884427338e-05, 'epoch': 2.22}
{'loss': 0.4141, 'learning_rate': 8.274638770415064e-05, 'epoch': 2.22}
{'loss': 0.4199, 'learning_rate': 8.270308696556746e-05, 'epoch': 2.23}
{'loss': 0.4187, 'learning_rate': 8.26597862269843e-05, 'epoch': 2.23}
{'loss': 0.4105, 'learning_rate': 8.261648548840112e-05, 'epoch': 2.24}
{'loss': 0.3894, 'learning_rate': 8.257318474981795e-05, 'epoch': 2.24}
{'loss': 0.4094, 'learning_rate': 8.252988401123479e-05, 'epoch': 2.24}
{'loss': 0.4097, 'learning_rate': 8.248658327265162e-05, 'epoch': 2.25}
{'loss': 0.4237, 'learning_rate': 8.244328253406846e-05, 'epoch': 2.25}
{'loss': 0.4129, 'learning_rate': 8.239998179548529e-05, 'epoch': 2.26}
{'loss': 0.4201, 'learning_rate': 8.235668105690211e-05, 'epoch': 2.26}
{'loss': 0.3712, 'learning_rate': 8.231338031831895e-05, 'epoch': 2.27}
{'loss': 0.439, 'learning_rate': 8.227007957973578e-05, 'epoch': 2.27}
{'loss': 0.4445, 'learning_rate': 8.22267788411526e-05, 'epoch': 2.27}
{'loss': 0.4223, 'learning_rate': 8.218347810256944e-05, 'epoch': 2.28}
{'loss': 0.4042, 'learning_rate': 8.214017736398627e-05, 'epoch': 2.28}
{'loss': 0.4123, 'learning_rate': 8.20968766254031e-05, 'epoch': 2.29}
{'loss': 0.4246, 'learning_rate': 8.205357588681994e-05, 'epoch': 2.29}
{'loss': 0.4049, 'learning_rate': 8.201027514823678e-05, 'epoch': 2.29}
{'loss': 0.4152, 'learning_rate': 8.19669744096536e-05, 'epoch': 2.3}
{'loss': 0.3991, 'learning_rate': 8.192367367107043e-05, 'epoch': 2.3}
{'loss': 0.3922, 'learning_rate': 8.188037293248727e-05, 'epoch': 2.31}
{'loss': 0.4064, 'learning_rate': 8.183707219390409e-05, 'epoch': 2.31}
{'loss': 0.432, 'learning_rate': 8.179377145532092e-05, 'epoch': 2.31}
{'loss': 0.3912, 'learning_rate': 8.175047071673776e-05, 'epoch': 2.32}
{'loss': 0.3998, 'learning_rate': 8.170716997815458e-05, 'epoch': 2.32}
{'loss': 0.4292, 'learning_rate': 8.166386923957142e-05, 'epoch': 2.33}
{'loss': 0.4232, 'learning_rate': 8.162056850098825e-05, 'epoch': 2.33}
{'loss': 0.4306, 'learning_rate': 8.157726776240508e-05, 'epoch': 2.33}
{'loss': 0.3897, 'learning_rate': 8.15339670238219e-05, 'epoch': 2.34}
{'loss': 0.3744, 'learning_rate': 8.149066628523874e-05, 'epoch': 2.34}
{'loss': 0.4116, 'learning_rate': 8.144736554665558e-05, 'epoch': 2.35}
{'loss': 0.4371, 'learning_rate': 8.14040648080724e-05, 'epoch': 2.35}
{'loss': 0.4393, 'learning_rate': 8.136076406948923e-05, 'epoch': 2.35}
{'loss': 0.4115, 'learning_rate': 8.131746333090607e-05, 'epoch': 2.36}
{'loss': 0.3706, 'learning_rate': 8.12741625923229e-05, 'epoch': 2.36}
{'loss': 0.4138, 'learning_rate': 8.123086185373974e-05, 'epoch': 2.37}
{'loss': 0.3899, 'learning_rate': 8.118756111515657e-05, 'epoch': 2.37}
{'loss': 0.4278, 'learning_rate': 8.114426037657339e-05, 'epoch': 2.38}
{'loss': 0.3846, 'learning_rate': 8.110095963799023e-05, 'epoch': 2.38}
{'loss': 0.4211, 'learning_rate': 8.105765889940706e-05, 'epoch': 2.38}
{'loss': 0.431, 'learning_rate': 8.101435816082388e-05, 'epoch': 2.39}
{'loss': 0.3986, 'learning_rate': 8.097105742224072e-05, 'epoch': 2.39}
{'loss': 0.3948, 'learning_rate': 8.09286226984292e-05, 'epoch': 2.4}
{'loss': 0.4104, 'learning_rate': 8.088532195984604e-05, 'epoch': 2.4}
{'loss': 0.3731, 'learning_rate': 8.084202122126288e-05, 'epoch': 2.4}
{'loss': 0.4246, 'learning_rate': 8.079872048267971e-05, 'epoch': 2.41}
{'loss': 0.4294, 'learning_rate': 8.075541974409654e-05, 'epoch': 2.41}
{'loss': 0.4347, 'learning_rate': 8.071211900551338e-05, 'epoch': 2.42}
{'loss': 0.4091, 'learning_rate': 8.06688182669302e-05, 'epoch': 2.42}
{'loss': 0.4115, 'learning_rate': 8.062551752834704e-05, 'epoch': 2.42}
{'loss': 0.4039, 'learning_rate': 8.058221678976387e-05, 'epoch': 2.43}
{'loss': 0.4313, 'learning_rate': 8.053891605118069e-05, 'epoch': 2.43}
{'loss': 0.4194, 'learning_rate': 8.049561531259753e-05, 'epoch': 2.44}
{'loss': 0.4406, 'learning_rate': 8.045231457401436e-05, 'epoch': 2.44}
{'loss': 0.402, 'learning_rate': 8.040901383543118e-05, 'epoch': 2.44}
{'loss': 0.4224, 'learning_rate': 8.036571309684803e-05, 'epoch': 2.45}
{'loss': 0.4188, 'learning_rate': 8.032241235826487e-05, 'epoch': 2.45}
{'loss': 0.4199, 'learning_rate': 8.027911161968169e-05, 'epoch': 2.46}
{'loss': 0.4266, 'learning_rate': 8.023581088109852e-05, 'epoch': 2.46}
{'loss': 0.4235, 'learning_rate': 8.019251014251536e-05, 'epoch': 2.46}
{'loss': 0.3936, 'learning_rate': 8.014920940393218e-05, 'epoch': 2.47}
{'loss': 0.4134, 'learning_rate': 8.010590866534901e-05, 'epoch': 2.47}
{'loss': 0.4688, 'learning_rate': 8.006260792676583e-05, 'epoch': 2.48}
{'loss': 0.4186, 'learning_rate': 8.001930718818267e-05, 'epoch': 2.48}
{'loss': 0.4141, 'learning_rate': 7.99760064495995e-05, 'epoch': 2.49}
{'loss': 0.4068, 'learning_rate': 7.993270571101634e-05, 'epoch': 2.49}
{'loss': 0.398, 'learning_rate': 7.988940497243317e-05, 'epoch': 2.49}
{'loss': 0.4091, 'learning_rate': 7.984610423384999e-05, 'epoch': 2.5}
{'loss': 0.4107, 'learning_rate': 7.980280349526683e-05, 'epoch': 2.5}
{'loss': 0.4006, 'learning_rate': 7.975950275668366e-05, 'epoch': 2.51}
{'loss': 0.4135, 'learning_rate': 7.971620201810048e-05, 'epoch': 2.51}
{'loss': 0.4391, 'learning_rate': 7.967290127951732e-05, 'epoch': 2.51}
{'loss': 0.3983, 'learning_rate': 7.962960054093415e-05, 'epoch': 2.52}
{'loss': 0.3943, 'learning_rate': 7.958629980235099e-05, 'epoch': 2.52}
{'loss': 0.3878, 'learning_rate': 7.954299906376782e-05, 'epoch': 2.53}
{'loss': 0.4205, 'learning_rate': 7.949969832518466e-05, 'epoch': 2.53}
{'loss': 0.4025, 'learning_rate': 7.945639758660148e-05, 'epoch': 2.53}
{'loss': 0.3995, 'learning_rate': 7.941309684801831e-05, 'epoch': 2.54}
{'loss': 0.4122, 'learning_rate': 7.936979610943515e-05, 'epoch': 2.54}
{'loss': 0.4135, 'learning_rate': 7.932649537085197e-05, 'epoch': 2.55}
{'loss': 0.3958, 'learning_rate': 7.92831946322688e-05, 'epoch': 2.55}
{'loss': 0.4137, 'learning_rate': 7.923989389368564e-05, 'epoch': 2.55}
{'loss': 0.3926, 'learning_rate': 7.919659315510247e-05, 'epoch': 2.56}
{'loss': 0.3695, 'learning_rate': 7.915329241651931e-05, 'epoch': 2.56}
{'loss': 0.4066, 'learning_rate': 7.910999167793614e-05, 'epoch': 2.57}
{'loss': 0.4004, 'learning_rate': 7.906669093935296e-05, 'epoch': 2.57}
{'loss': 0.4122, 'learning_rate': 7.90233902007698e-05, 'epoch': 2.57}
{'loss': 0.4008, 'learning_rate': 7.898008946218662e-05, 'epoch': 2.58}
{'loss': 0.4279, 'learning_rate': 7.893678872360346e-05, 'epoch': 2.58}
{'loss': 0.4272, 'learning_rate': 7.889348798502028e-05, 'epoch': 2.59}
{'loss': 0.3917, 'learning_rate': 7.885018724643712e-05, 'epoch': 2.59}
{'loss': 0.4354, 'learning_rate': 7.880688650785396e-05, 'epoch': 2.6}
{'loss': 0.3982, 'learning_rate': 7.876358576927078e-05, 'epoch': 2.6}
{'loss': 0.4172, 'learning_rate': 7.872028503068762e-05, 'epoch': 2.6}
{'loss': 0.3806, 'learning_rate': 7.867698429210445e-05, 'epoch': 2.61}
{'loss': 0.415, 'learning_rate': 7.863368355352127e-05, 'epoch': 2.61}
{'loss': 0.384, 'learning_rate': 7.85903828149381e-05, 'epoch': 2.62}
{'loss': 0.4119, 'learning_rate': 7.854708207635494e-05, 'epoch': 2.62}
{'loss': 0.383, 'learning_rate': 7.850378133777176e-05, 'epoch': 2.62}
{'loss': 0.4005, 'learning_rate': 7.84604805991886e-05, 'epoch': 2.63}
{'loss': 0.4184, 'learning_rate': 7.841717986060545e-05, 'epoch': 2.63}
{'loss': 0.394, 'learning_rate': 7.837387912202227e-05, 'epoch': 2.64}
{'loss': 0.4258, 'learning_rate': 7.83305783834391e-05, 'epoch': 2.64}
{'loss': 0.4399, 'learning_rate': 7.828727764485594e-05, 'epoch': 2.64}
{'loss': 0.3815, 'learning_rate': 7.824397690627276e-05, 'epoch': 2.65}
{'loss': 0.3936, 'learning_rate': 7.820067616768959e-05, 'epoch': 2.65}
{'loss': 0.4101, 'learning_rate': 7.815737542910643e-05, 'epoch': 2.66}
{'loss': 0.4316, 'learning_rate': 7.811407469052325e-05, 'epoch': 2.66}
{'loss': 0.3815, 'learning_rate': 7.807077395194008e-05, 'epoch': 2.66}
{'loss': 0.4144, 'learning_rate': 7.802747321335692e-05, 'epoch': 2.67}
{'loss': 0.3873, 'learning_rate': 7.798417247477375e-05, 'epoch': 2.67}
{'loss': 0.4194, 'learning_rate': 7.794087173619059e-05, 'epoch': 2.68}
{'loss': 0.3802, 'learning_rate': 7.789757099760741e-05, 'epoch': 2.68}
{'loss': 0.4354, 'learning_rate': 7.785427025902424e-05, 'epoch': 2.68}
{'loss': 0.4057, 'learning_rate': 7.781096952044106e-05, 'epoch': 2.69}
{'loss': 0.3959, 'learning_rate': 7.77676687818579e-05, 'epoch': 2.69}
{'loss': 0.4169, 'learning_rate': 7.772436804327473e-05, 'epoch': 2.7}
{'loss': 0.4088, 'learning_rate': 7.768106730469157e-05, 'epoch': 2.7}
{'loss': 0.3983, 'learning_rate': 7.76377665661084e-05, 'epoch': 2.71}
{'loss': 0.4223, 'learning_rate': 7.759446582752524e-05, 'epoch': 2.71}
{'loss': 0.4092, 'learning_rate': 7.755116508894206e-05, 'epoch': 2.71}
{'loss': 0.4171, 'learning_rate': 7.750873036513056e-05, 'epoch': 2.72}
{'loss': 0.4303, 'learning_rate': 7.74654296265474e-05, 'epoch': 2.72}
{'loss': 0.4068, 'learning_rate': 7.742212888796422e-05, 'epoch': 2.73}
{'loss': 0.4275, 'learning_rate': 7.737882814938105e-05, 'epoch': 2.73}
{'loss': 0.4022, 'learning_rate': 7.733552741079787e-05, 'epoch': 2.73}
{'loss': 0.4239, 'learning_rate': 7.729222667221471e-05, 'epoch': 2.74}
{'loss': 0.3779, 'learning_rate': 7.724892593363154e-05, 'epoch': 2.74}
{'loss': 0.4023, 'learning_rate': 7.720562519504836e-05, 'epoch': 2.75}
{'loss': 0.4141, 'learning_rate': 7.716232445646521e-05, 'epoch': 2.75}
{'loss': 0.4201, 'learning_rate': 7.711902371788205e-05, 'epoch': 2.75}
{'loss': 0.381, 'learning_rate': 7.707572297929887e-05, 'epoch': 2.76}
{'loss': 0.3968, 'learning_rate': 7.70324222407157e-05, 'epoch': 2.76}
{'loss': 0.4018, 'learning_rate': 7.698912150213254e-05, 'epoch': 2.77}
{'loss': 0.4063, 'learning_rate': 7.694582076354936e-05, 'epoch': 2.77}
{'loss': 0.4481, 'learning_rate': 7.69025200249662e-05, 'epoch': 2.77}
{'loss': 0.4143, 'learning_rate': 7.685921928638303e-05, 'epoch': 2.78}
{'loss': 0.3724, 'learning_rate': 7.681591854779985e-05, 'epoch': 2.78}
{'loss': 0.435, 'learning_rate': 7.677261780921668e-05, 'epoch': 2.79}
{'loss': 0.3676, 'learning_rate': 7.672931707063353e-05, 'epoch': 2.79}
{'loss': 0.4497, 'learning_rate': 7.668601633205035e-05, 'epoch': 2.79}
{'loss': 0.395, 'learning_rate': 7.664271559346719e-05, 'epoch': 2.8}
{'loss': 0.3945, 'learning_rate': 7.659941485488402e-05, 'epoch': 2.8}
{'loss': 0.4035, 'learning_rate': 7.655611411630084e-05, 'epoch': 2.81}
{'loss': 0.4057, 'learning_rate': 7.651281337771768e-05, 'epoch': 2.81}
{'loss': 0.3931, 'learning_rate': 7.646951263913451e-05, 'epoch': 2.82}
{'loss': 0.3949, 'learning_rate': 7.642621190055134e-05, 'epoch': 2.82}
{'loss': 0.3943, 'learning_rate': 7.638291116196817e-05, 'epoch': 2.82}
{'loss': 0.3998, 'learning_rate': 7.6339610423385e-05, 'epoch': 2.83}
{'loss': 0.4031, 'learning_rate': 7.629630968480184e-05, 'epoch': 2.83}
{'loss': 0.3858, 'learning_rate': 7.625300894621866e-05, 'epoch': 2.84}
{'loss': 0.3942, 'learning_rate': 7.62097082076355e-05, 'epoch': 2.84}
{'loss': 0.4355, 'learning_rate': 7.616640746905233e-05, 'epoch': 2.84}
{'loss': 0.3912, 'learning_rate': 7.612310673046915e-05, 'epoch': 2.85}
{'loss': 0.4083, 'learning_rate': 7.607980599188599e-05, 'epoch': 2.85}
{'loss': 0.3953, 'learning_rate': 7.603650525330282e-05, 'epoch': 2.86}
{'loss': 0.3808, 'learning_rate': 7.599320451471966e-05, 'epoch': 2.86}
{'loss': 0.4311, 'learning_rate': 7.594990377613649e-05, 'epoch': 2.86}
{'loss': 0.4238, 'learning_rate': 7.590660303755333e-05, 'epoch': 2.87}
{'loss': 0.4028, 'learning_rate': 7.586330229897015e-05, 'epoch': 2.87}
{'loss': 0.4107, 'learning_rate': 7.582000156038698e-05, 'epoch': 2.88}
{'loss': 0.3979, 'learning_rate': 7.577670082180382e-05, 'epoch': 2.88}
{'loss': 0.4347, 'learning_rate': 7.573340008322064e-05, 'epoch': 2.88}
{'loss': 0.4153, 'learning_rate': 7.569009934463747e-05, 'epoch': 2.89}
{'loss': 0.3415, 'learning_rate': 7.56467986060543e-05, 'epoch': 2.89}
{'loss': 0.3778, 'learning_rate': 7.560349786747114e-05, 'epoch': 2.9}
{'loss': 0.3831, 'learning_rate': 7.556019712888798e-05, 'epoch': 2.9}
{'loss': 0.3779, 'learning_rate': 7.551689639030481e-05, 'epoch': 2.9}
{'loss': 0.4343, 'learning_rate': 7.547359565172163e-05, 'epoch': 2.91}
{'loss': 0.3953, 'learning_rate': 7.543029491313847e-05, 'epoch': 2.91}
{'loss': 0.3955, 'learning_rate': 7.53869941745553e-05, 'epoch': 2.92}
{'loss': 0.3932, 'learning_rate': 7.534369343597212e-05, 'epoch': 2.92}
{'loss': 0.421, 'learning_rate': 7.530039269738896e-05, 'epoch': 2.93}
{'loss': 0.4139, 'learning_rate': 7.525709195880578e-05, 'epoch': 2.93}
{'loss': 0.4131, 'learning_rate': 7.521379122022261e-05, 'epoch': 2.93}
{'loss': 0.3901, 'learning_rate': 7.517049048163945e-05, 'epoch': 2.94}
{'loss': 0.4067, 'learning_rate': 7.512805575782794e-05, 'epoch': 2.94}
{'loss': 0.4096, 'learning_rate': 7.508475501924477e-05, 'epoch': 2.95}
{'loss': 0.4036, 'learning_rate': 7.504145428066162e-05, 'epoch': 2.95}
{'loss': 0.4045, 'learning_rate': 7.499815354207844e-05, 'epoch': 2.95}
{'loss': 0.4384, 'learning_rate': 7.495485280349528e-05, 'epoch': 2.96}
{'loss': 0.4152, 'learning_rate': 7.491155206491211e-05, 'epoch': 2.96}
{'loss': 0.379, 'learning_rate': 7.486825132632893e-05, 'epoch': 2.97}
{'loss': 0.3873, 'learning_rate': 7.482495058774575e-05, 'epoch': 2.97}
{'loss': 0.3896, 'learning_rate': 7.47816498491626e-05, 'epoch': 2.97}
{'loss': 0.4074, 'learning_rate': 7.473834911057942e-05, 'epoch': 2.98}
{'loss': 0.3862, 'learning_rate': 7.469504837199626e-05, 'epoch': 2.98}
{'loss': 0.4085, 'learning_rate': 7.465174763341309e-05, 'epoch': 2.99}
{'loss': 0.3822, 'learning_rate': 7.460844689482993e-05, 'epoch': 2.99}
{'loss': 0.3897, 'learning_rate': 7.456514615624675e-05, 'epoch': 2.99}
{'loss': 0.3906, 'learning_rate': 7.452184541766358e-05, 'epoch': 3.0}
[INFO|trainer.py:520] 2026-10-04 15:14:44,488 >> The following columns in the evaluation set  don't have a corresponding argument in `PETLEncModel.forward` and have been ignored: hypothesis, idx, premise.
[INFO|trainer.py:2179] 2026-10-04 15:14:44,490 >> ***** Running Evaluation *****
[INFO|trainer.py:2181] 2026-10-04 15:14:44,490 >>   Num examples = 9815
[INFO|trainer.py:2184] 2026-10-04 15:14:44,490 >>   Batch size = 32
{'eval_loss': 0.3658272922039032, 'eval_accuracy': 0.8607233825776872, 'eval_runtime': 13.3736, 'eval_samples_per_second': 733.907, 'eval_steps_per_second': 22.956, 'epoch': 3.0}
[INFO|trainer.py:1933] 2026-10-04 15:14:57,864 >> Saving model checkpoint to checkpoints/glue/mnli/20261004/glue.mnli.adapter.am_adapter.ao_sequential.fm_adapter.fo_sequential.abn.fbn.ac_add.fl_none.finit_bert.fs_1.unfrz_ef_.ne10.warm0.06.wd0.1.seed2./checkpoint-36816
[INFO|configuration_utils.py:364] 2026-10-04 15:14:57,866 >> Configuration saved in checkpoints/glue/mnli/20261004/glue.mnli.adapter.am_adapter.ao_sequential.fm_adapter.fo_sequential.abn.fbn.ac_add.fl_none.finit_bert.fs_1.unfrz_ef_.ne10.warm0.06.wd0.1.seed2./checkpoint-36816/config.json
[INFO|modeling_utils.py:898] 2026-10-04 15:14:58,114 >> Model weights saved in checkpoints/glue/mnli/20261004/glue.mnli.adapter.am_adapter.ao_sequential.fm_adapter.fo_sequential.abn.fbn.ac_add.fl_none.finit_bert.fs_1.unfrz_ef_.ne10.warm0.06.wd0.1.seed2./checkpoint-36816/pytorch_model.bin
[INFO|tokenization_utils_base.py:1948] 2026-10-04 15:14:58,115 >> tokenizer config file saved in checkpoints/glue/mnli/20261004/glue.mnli.adapter.am_adapter.ao_sequential.fm_adapter.fo_sequential.abn.fbn.ac_add.fl_none.finit_bert.fs_1.unfrz_ef_.ne10.warm0.06.wd0.1.seed2./checkpoint-36816/tokenizer_config.json
[INFO|tokenization_utils_base.py:1954] 2026-10-04 15:14:58,116 >> Special tokens file saved in checkpoints/glue/mnli/20261004/glue.mnli.adapter.am_adapter.ao_sequential.fm_adapter.fo_sequential.abn.fbn.ac_add.fl_none.finit_bert.fs_1.unfrz_ef_.ne10.warm0.06.wd0.1.seed2./checkpoint-36816/special_tokens_map.json
[INFO|trainer.py:2009] 2026-10-04 15:14:58,185 >> Deleting older checkpoint [checkpoints/glue/mnli/20261004/glue.mnli.adapter.am_adapter.ao_sequential.fm_adapter.fo_sequential.abn.fbn.ac_add.fl_none.finit_bert.fs_1.unfrz_ef_.ne10.warm0.06.wd0.1.seed2./checkpoint-12272] due to args.save_total_limit
/work/unify-parameter-efficient-tuning/src/transformers/trainer.py:1784: FutureWarning: `torch.cuda.amp.autocast(args...)` is deprecated. Please use `torch.amp.autocast('cuda', args...)` instead.
  with autocast():
{'loss': 0.4015, 'learning_rate': 7.447854467908042e-05, 'epoch': 3.0}
{'loss': 0.3925, 'learning_rate': 7.443524394049724e-05, 'epoch': 3.01}
{'loss': 0.4023, 'learning_rate': 7.439194320191407e-05, 'epoch': 3.01}
{'loss': 0.393, 'learning_rate': 7.434864246333091e-05, 'epoch': 3.01}
{'loss': 0.3879, 'learning_rate': 7.430534172474774e-05, 'epoch': 3.02}
{'loss': 0.3901, 'learning_rate': 7.426204098616458e-05, 'epoch': 3.02}
{'loss': 0.376, 'learning_rate': 7.421874024758141e-05, 'epoch': 3.03}
{'loss': 0.4059, 'learning_rate': 7.417543950899823e-05, 'epoch': 3.03}
{'loss': 0.3667, 'learning_rate': 7.413213877041507e-05, 'epoch': 3.04}
{'loss': 0.3814, 'learning_rate': 7.40888380318319e-05, 'epoch': 3.04}
{'loss': 0.3985, 'learning_rate': 7.404553729324872e-05, 'epoch': 3.04}
{'loss': 0.3934, 'learning_rate': 7.400223655466556e-05, 'epoch': 3.05}
{'loss': 0.4232, 'learning_rate': 7.39589358160824e-05, 'epoch': 3.05}
{'loss': 0.3739, 'learning_rate': 7.391563507749923e-05, 'epoch': 3.06}
{'loss': 0.3537, 'learning_rate': 7.387233433891606e-05, 'epoch': 3.06}
{'loss': 0.4311, 'learning_rate': 7.38290336003329e-05, 'epoch': 3.06}
{'loss': 0.3684, 'learning_rate': 7.378573286174972e-05, 'epoch': 3.07}
{'loss': 0.3894, 'learning_rate': 7.374243212316654e-05, 'epoch': 3.07}
{'loss': 0.407, 'learning_rate': 7.369913138458339e-05, 'epoch': 3.08}
{'loss': 0.3699, 'learning_rate': 7.365583064600021e-05, 'epoch': 3.08}
{'loss': 0.363, 'learning_rate': 7.361252990741703e-05, 'epoch': 3.08}
{'loss': 0.3786, 'learning_rate': 7.356922916883387e-05, 'epoch': 3.09}
{'loss': 0.4042, 'learning_rate': 7.352592843025071e-05, 'epoch': 3.09}
{'loss': 0.4108, 'learning_rate': 7.348262769166754e-05, 'epoch': 3.1}
{'loss': 0.3848, 'learning_rate': 7.343932695308437e-05, 'epoch': 3.1}
{'loss': 0.3837, 'learning_rate': 7.33960262145012e-05, 'epoch': 3.1}
{'loss': 0.3413, 'learning_rate': 7.335272547591803e-05, 'epoch': 3.11}
{'loss': 0.4009, 'learning_rate': 7.330942473733486e-05, 'epoch': 3.11}
{'loss': 0.3831, 'learning_rate': 7.32661239987517e-05, 'epoch': 3.12}
{'loss': 0.4239, 'learning_rate': 7.322282326016852e-05, 'epoch': 3.12}
{'loss': 0.387, 'learning_rate': 7.317952252158535e-05, 'epoch': 3.12}
{'loss': 0.4059, 'learning_rate': 7.313622178300219e-05, 'epoch': 3.13}
{'loss': 0.3792, 'learning_rate': 7.309292104441902e-05, 'epoch': 3.13}
{'loss': 0.3775, 'learning_rate': 7.304962030583586e-05, 'epoch': 3.14}
{'loss': 0.4035, 'learning_rate': 7.300631956725269e-05, 'epoch': 3.14}
{'loss': 0.3832, 'learning_rate': 7.296301882866951e-05, 'epoch': 3.15}
{'loss': 0.3826, 'learning_rate': 7.291971809008635e-05, 'epoch': 3.15}
{'loss': 0.372, 'learning_rate': 7.287641735150318e-05, 'epoch': 3.15}
{'loss': 0.372, 'learning_rate': 7.283311661292e-05, 'epoch': 3.16}
{'loss': 0.3771, 'learning_rate': 7.278981587433684e-05, 'epoch': 3.16}
{'loss': 0.3913, 'learning_rate': 7.274651513575367e-05, 'epoch': 3.17}
{'loss': 0.4297, 'learning_rate': 7.270321439717051e-05, 'epoch': 3.17}
{'loss': 0.3886, 'learning_rate': 7.265991365858733e-05, 'epoch': 3.17}
{'loss': 0.3985, 'learning_rate': 7.261661292000418e-05, 'epoch': 3.18}
{'loss': 0.3718, 'learning_rate': 7.2573312181421e-05, 'epoch': 3.18}
{'loss': 0.4292, 'learning_rate': 7.253001144283782e-05, 'epoch': 3.19}
{'loss': 0.4047, 'learning_rate': 7.248671070425465e-05, 'epoch': 3.19}
{'loss': 0.42, 'learning_rate': 7.244340996567149e-05, 'epoch': 3.19}
{'loss': 0.3818, 'learning_rate': 7.240010922708832e-05, 'epoch': 3.2}
{'loss': 0.3647, 'learning_rate': 7.235680848850516e-05, 'epoch': 3.2}
{'loss': 0.404, 'learning_rate': 7.231350774992199e-05, 'epoch': 3.21}
{'loss': 0.3863, 'learning_rate': 7.227020701133881e-05, 'epoch': 3.21}
{'loss': 0.3918, 'learning_rate': 7.222690627275565e-05, 'epoch': 3.21}
{'loss': 0.4417, 'learning_rate': 7.218360553417248e-05, 'epoch': 3.22}
{'loss': 0.4042, 'learning_rate': 7.21403047955893e-05, 'epoch': 3.22}
{'loss': 0.421, 'learning_rate': 7.209700405700614e-05, 'epoch': 3.23}
{'loss': 0.3691, 'learning_rate': 7.205370331842297e-05, 'epoch': 3.23}
{'loss': 0.3908, 'learning_rate': 7.20104025798398e-05, 'epoch': 3.24}
{'loss': 0.3965, 'learning_rate': 7.196710184125664e-05, 'epoch': 3.24}
{'loss': 0.3936, 'learning_rate': 7.192380110267348e-05, 'epoch': 3.24}
{'loss': 0.401, 'learning_rate': 7.18805003640903e-05, 'epoch': 3.25}
{'loss': 0.4171, 'learning_rate': 7.183719962550713e-05, 'epoch': 3.25}
{'loss': 0.4062, 'learning_rate': 7.179389888692397e-05, 'epoch': 3.26}
{'loss': 0.4114, 'learning_rate': 7.175059814834079e-05, 'epoch': 3.26}
{'loss': 0.3764, 'learning_rate': 7.170729740975761e-05, 'epoch': 3.26}
{'loss': 0.3861, 'learning_rate': 7.166399667117446e-05, 'epoch': 3.27}
{'loss': 0.384, 'learning_rate': 7.162069593259128e-05, 'epoch': 3.27}
{'loss': 0.3878, 'learning_rate': 7.157739519400812e-05, 'epoch': 3.28}
{'loss': 0.3641, 'learning_rate': 7.153409445542496e-05, 'epoch': 3.28}
{'loss': 0.3893, 'learning_rate': 7.149079371684179e-05, 'epoch': 3.28}
{'loss': 0.3887, 'learning_rate': 7.14474929782586e-05, 'epoch': 3.29}
{'loss': 0.386, 'learning_rate': 7.140419223967544e-05, 'epoch': 3.29}
{'loss': 0.3924, 'learning_rate': 7.136089150109228e-05, 'epoch': 3.3}
{'loss': 0.4161, 'learning_rate': 7.13175907625091e-05, 'epoch': 3.3}
{'loss': 0.3704, 'learning_rate': 7.127429002392593e-05, 'epoch': 3.3}
{'loss': 0.3929, 'learning_rate': 7.123185530011443e-05, 'epoch': 3.31}
{'loss': 0.4073, 'learning_rate': 7.118855456153127e-05, 'epoch': 3.31}
{'loss': 0.3751, 'learning_rate': 7.114525382294809e-05, 'epoch': 3.32}
{'loss': 0.3878, 'learning_rate': 7.110195308436492e-05, 'epoch': 3.32}
{'loss': 0.3818, 'learning_rate': 7.105865234578176e-05, 'epoch': 3.32}
{'loss': 0.4234, 'learning_rate': 7.10153516071986e-05, 'epoch': 3.33}
{'loss': 0.3867, 'learning_rate': 7.097205086861542e-05, 'epoch': 3.33}
{'loss': 0.3732, 'learning_rate': 7.092875013003225e-05, 'epoch': 3.34}
{'loss': 0.4249, 'learning_rate': 7.088544939144908e-05, 'epoch': 3.34}
{'loss': 0.3882, 'learning_rate': 7.08421486528659e-05, 'epoch': 3.35}
{'loss': 0.3998, 'learning_rate': 7.079884791428274e-05, 'epoch': 3.35}
{'loss': 0.3976, 'learning_rate': 7.075554717569958e-05, 'epoch': 3.35}
{'loss': 0.4033, 'learning_rate': 7.071224643711641e-05, 'epoch': 3.36}
{'loss': 0.3825, 'learning_rate': 7.066894569853325e-05, 'epoch': 3.36}
{'loss': 0.4234, 'learning_rate': 7.062564495995008e-05, 'epoch': 3.37}
{'loss': 0.4037, 'learning_rate': 7.05823442213669e-05, 'epoch': 3.37}
{'loss': 0.3875, 'learning_rate': 7.053904348278374e-05, 'epoch': 3.37}
{'loss': 0.3712, 'learning_rate': 7.049574274420057e-05, 'epoch': 3.38}
{'loss': 0.3838, 'learning_rate': 7.045244200561739e-05, 'epoch': 3.38}
{'loss': 0.3796, 'learning_rate': 7.040914126703423e-05, 'epoch': 3.39}
{'loss': 0.3937, 'learning_rate': 7.036584052845106e-05, 'epoch': 3.39}
{'loss': 0.3706, 'learning_rate': 7.032253978986788e-05, 'epoch': 3.39}
{'loss': 0.3862, 'learning_rate': 7.027923905128473e-05, 'epoch': 3.4}
{'loss': 0.3929, 'learning_rate': 7.023593831270157e-05, 'epoch': 3.4}
{'loss': 0.4072, 'learning_rate': 7.019263757411839e-05, 'epoch': 3.41}
{'loss': 0.3776, 'learning_rate': 7.014933683553522e-05, 'epoch': 3.41}
{'loss': 0.3674, 'learning_rate': 7.010603609695206e-05, 'epoch': 3.41}
{'loss': 0.3909, 'learning_rate': 7.006273535836888e-05, 'epoch': 3.42}
{'loss': 0.3943, 'learning_rate': 7.00194346197857e-05, 'epoch': 3.42}
{'loss': 0.3647, 'learning_rate': 6.997613388120255e-05, 'epoch': 3.43}
{'loss': 0.3931, 'learning_rate': 6.993283314261937e-05, 'epoch': 3.43}
{'loss': 0.3811, 'learning_rate': 6.98895324040362e-05, 'epoch': 3.43}
{'loss': 0.377, 'learning_rate': 6.984623166545304e-05, 'epoch': 3.44}
{'loss': 0.4148, 'learning_rate': 6.980293092686987e-05, 'epoch': 3.44}
{'loss': 0.3917, 'learning_rate': 6.97596301882867e-05, 'epoch': 3.45}
{'loss': 0.3991, 'learning_rate': 6.971632944970353e-05, 'epoch': 3.45}
{'loss': 0.4141, 'learning_rate': 6.967302871112036e-05, 'epoch': 3.46}
{'loss': 0.3684, 'learning_rate': 6.962972797253718e-05, 'epoch': 3.46}
{'loss': 0.402, 'learning_rate': 6.958642723395402e-05, 'epoch': 3.46}
{'loss': 0.3683, 'learning_rate': 6.954312649537085e-05, 'epoch': 3.47}
{'loss': 0.3872, 'learning_rate': 6.949982575678769e-05, 'epoch': 3.47}
{'loss': 0.4004, 'learning_rate': 6.945739103297618e-05, 'epoch': 3.48}
{'loss': 0.4186, 'learning_rate': 6.941409029439301e-05, 'epoch': 3.48}
{'loss': 0.3958, 'learning_rate': 6.937078955580985e-05, 'epoch': 3.48}
{'loss': 0.3756, 'learning_rate': 6.932748881722668e-05, 'epoch': 3.49}
{'loss': 0.3829, 'learning_rate': 6.92841880786435e-05, 'epoch': 3.49}
{'loss': 0.4182, 'learning_rate': 6.924088734006034e-05, 'epoch': 3.5}
{'loss': 0.4125, 'learning_rate': 6.919758660147717e-05, 'epoch': 3.5}
{'loss': 0.3827, 'learning_rate': 6.9154285862894e-05, 'epoch': 3.5}
{'loss': 0.3932, 'learning_rate': 6.911098512431083e-05, 'epoch': 3.51}
{'loss': 0.4211, 'learning_rate': 6.906768438572766e-05, 'epoch': 3.51}
{'loss': 0.3842, 'learning_rate': 6.90243836471445e-05, 'epoch': 3.52}
{'loss': 0.4013, 'learning_rate': 6.898108290856133e-05, 'epoch': 3.52}
{'loss': 0.3737, 'learning_rate': 6.893778216997817e-05, 'epoch': 3.52}
{'loss': 0.4198, 'learning_rate': 6.889448143139499e-05, 'epoch': 3.53}
{'loss': 0.3515, 'learning_rate': 6.885118069281182e-05, 'epoch': 3.53}
{'loss': 0.4052, 'learning_rate': 6.880787995422866e-05, 'epoch': 3.54}
{'loss': 0.407, 'learning_rate': 6.876457921564548e-05, 'epoch': 3.54}
{'loss': 0.3896, 'learning_rate': 6.872127847706231e-05, 'epoch': 3.54}
{'loss': 0.3741, 'learning_rate': 6.867797773847915e-05, 'epoch': 3.55}
{'loss': 0.375, 'learning_rate': 6.863467699989598e-05, 'epoch': 3.55}
{'loss': 0.3752, 'learning_rate': 6.859137626131282e-05, 'epoch': 3.56}
{'loss': 0.3943, 'learning_rate': 6.854807552272965e-05, 'epoch': 3.56}
{'loss': 0.4027, 'learning_rate': 6.850477478414647e-05, 'epoch': 3.57}
{'loss': 0.4117, 'learning_rate': 6.84614740455633e-05, 'epoch': 3.57}
{'loss': 0.4095, 'learning_rate': 6.841817330698014e-05, 'epoch': 3.57}
{'loss': 0.3968, 'learning_rate': 6.837487256839696e-05, 'epoch': 3.58}
{'loss': 0.4091, 'learning_rate': 6.833157182981379e-05, 'epoch': 3.58}
{'loss': 0.3919, 'learning_rate': 6.828827109123063e-05, 'epoch': 3.59}
{'loss': 0.3939, 'learning_rate': 6.824497035264746e-05, 'epoch': 3.59}
{'loss': 0.3933, 'learning_rate': 6.820166961406429e-05, 'epoch': 3.59}
{'loss': 0.3939, 'learning_rate': 6.815836887548113e-05, 'epoch': 3.6}
{'loss': 0.3967, 'learning_rate': 6.811506813689796e-05, 'epoch': 3.6}
{'loss': 0.358, 'learning_rate': 6.807176739831478e-05, 'epoch': 3.61}
{'loss': 0.381, 'learning_rate': 6.802846665973162e-05, 'epoch': 3.61}
{'loss': 0.4076, 'learning_rate': 6.798516592114845e-05, 'epoch': 3.61}
{'loss': 0.4253, 'learning_rate': 6.794186518256527e-05, 'epoch': 3.62}
{'loss': 0.3675, 'learning_rate': 6.78985644439821e-05, 'epoch': 3.62}
{'loss': 0.3715, 'learning_rate': 6.785526370539894e-05, 'epoch': 3.63}
{'loss': 0.4014, 'learning_rate': 6.781196296681578e-05, 'epoch': 3.63}
{'loss': 0.391, 'learning_rate': 6.776866222823261e-05, 'epoch': 3.63}
{'loss': 0.4091, 'learning_rate': 6.772536148964945e-05, 'epoch': 3.64}
{'loss': 0.3711, 'learning_rate': 6.768206075106627e-05, 'epoch': 3.64}
{'loss': 0.3752, 'learning_rate': 6.76387600124831e-05, 'epoch': 3.65}
{'loss': 0.3836, 'learning_rate': 6.759545927389994e-05, 'epoch': 3.65}
{'loss': 0.4063, 'learning_rate': 6.755215853531676e-05, 'epoch': 3.65}
{'loss': 0.3786, 'learning_rate': 6.750972381150526e-05, 'epoch': 3.66}
{'loss': 0.3543, 'learning_rate': 6.746642307292208e-05, 'epoch': 3.66}
{'loss': 0.4002, 'learning_rate': 6.742312233433892e-05, 'epoch': 3.67}
{'loss': 0.3802, 'learning_rate': 6.737982159575575e-05, 'epoch': 3.67}
{'loss': 0.3699, 'learning_rate': 6.733652085717259e-05, 'epoch': 3.68}
{'loss': 0.386, 'learning_rate': 6.729322011858942e-05, 'epoch': 3.68}
{'loss': 0.4398, 'learning_rate': 6.724991938000625e-05, 'epoch': 3.68}
{'loss': 0.3964, 'learning_rate': 6.720661864142308e-05, 'epoch': 3.69}
{'loss': 0.3851, 'learning_rate': 6.716331790283991e-05, 'epoch': 3.69}
{'loss': 0.3843, 'learning_rate': 6.712001716425675e-05, 'epoch': 3.7}
{'loss': 0.3907, 'learning_rate': 6.707671642567357e-05, 'epoch': 3.7}
{'loss': 0.4056, 'learning_rate': 6.703428170186207e-05, 'epoch': 3.7}
{'loss': 0.3885, 'learning_rate': 6.699184697805057e-05, 'epoch': 3.71}
{'loss': 0.3935, 'learning_rate': 6.694854623946739e-05, 'epoch': 3.71}
{'loss': 0.3898, 'learning_rate': 6.690524550088423e-05, 'epoch': 3.72}
{'loss': 0.3822, 'learning_rate': 6.686194476230106e-05, 'epoch': 3.72}
{'loss': 0.3972, 'learning_rate': 6.681864402371788e-05, 'epoch': 3.72}
{'loss': 0.3673, 'learning_rate': 6.67753432851347e-05, 'epoch': 3.73}
{'loss': 0.3865, 'learning_rate': 6.673204254655155e-05, 'epoch': 3.73}
{'loss': 0.4046, 'learning_rate': 6.668874180796839e-05, 'epoch': 3.74}
{'loss': 0.3728, 'learning_rate': 6.664544106938521e-05, 'epoch': 3.74}
{'loss': 0.3724, 'learning_rate': 6.660214033080206e-05, 'epoch': 3.74}
{'loss': 0.3956, 'learning_rate': 6.655883959221888e-05, 'epoch': 3.75}
{'loss': 0.3861, 'learning_rate': 6.65155388536357e-05, 'epoch': 3.75}
{'loss': 0.3854, 'learning_rate': 6.647223811505253e-05, 'epoch': 3.76}
{'loss': 0.4133, 'learning_rate': 6.642893737646937e-05, 'epoch': 3.76}
{'loss': 0.3868, 'learning_rate': 6.638563663788619e-05, 'epoch': 3.76}
{'loss': 0.3556, 'learning_rate': 6.634233589930302e-05, 'epoch': 3.77}
{'loss': 0.4084, 'learning_rate': 6.629903516071986e-05, 'epoch': 3.77}
{'loss': 0.4084, 'learning_rate': 6.62557344221367e-05, 'epoch': 3.78}
{'loss': 0.3833, 'learning_rate': 6.621243368355353e-05, 'epoch': 3.78}
{'loss': 0.3604, 'learning_rate': 6.616913294497036e-05, 'epoch': 3.79}
{'loss': 0.4106, 'learning_rate': 6.612583220638718e-05, 'epoch': 3.79}
{'loss': 0.366, 'learning_rate': 6.608253146780402e-05, 'epoch': 3.79}
{'loss': 0.4006, 'learning_rate': 6.603923072922085e-05, 'epoch': 3.8}
{'loss': 0.3687, 'learning_rate': 6.599592999063768e-05, 'epoch': 3.8}
{'loss': 0.3888, 'learning_rate': 6.595262925205451e-05, 'epoch': 3.81}
{'loss': 0.3882, 'learning_rate': 6.590932851347134e-05, 'epoch': 3.81}
{'loss': 0.3907, 'learning_rate': 6.586602777488818e-05, 'epoch': 3.81}
{'loss': 0.3464, 'learning_rate': 6.582272703630501e-05, 'epoch': 3.82}
{'loss': 0.38, 'learning_rate': 6.577942629772185e-05, 'epoch': 3.82}
{'loss': 0.3841, 'learning_rate': 6.573612555913867e-05, 'epoch': 3.83}
{'loss': 0.4161, 'learning_rate': 6.569282482055549e-05, 'epoch': 3.83}
{'loss': 0.3851, 'learning_rate': 6.564952408197234e-05, 'epoch': 3.83}
{'loss': 0.4312, 'learning_rate': 6.560622334338916e-05, 'epoch': 3.84}
{'loss': 0.3845, 'learning_rate': 6.5562922604806e-05, 'epoch': 3.84}
{'loss': 0.3949, 'learning_rate': 6.551962186622283e-05, 'epoch': 3.85}
{'loss': 0.4093, 'learning_rate': 6.547632112763967e-05, 'epoch': 3.85}
{'loss': 0.4059, 'learning_rate': 6.543302038905649e-05, 'epoch': 3.85}
{'loss': 0.4006, 'learning_rate': 6.538971965047332e-05, 'epoch': 3.86}
{'loss': 0.3823, 'learning_rate': 6.534641891189016e-05, 'epoch': 3.86}
{'loss': 0.3859, 'learning_rate': 6.530311817330698e-05, 'epoch': 3.87}
{'loss': 0.3857, 'learning_rate': 6.525981743472381e-05, 'epoch': 3.87}
{'loss': 0.3585, 'learning_rate': 6.521651669614065e-05, 'epoch': 3.87}
{'loss': 0.3797, 'learning_rate': 6.517321595755747e-05, 'epoch': 3.88}
{'loss': 0.3548, 'learning_rate': 6.512991521897432e-05, 'epoch': 3.88}
{'loss': 0.3921, 'learning_rate': 6.508661448039115e-05, 'epoch': 3.89}
{'loss': 0.3743, 'learning_rate': 6.504331374180797e-05, 'epoch': 3.89}
{'loss': 0.3671, 'learning_rate': 6.500001300322481e-05, 'epoch': 3.9}
{'loss': 0.3864, 'learning_rate': 6.495671226464164e-05, 'epoch': 3.9}
{'loss': 0.3643, 'learning_rate': 6.491341152605846e-05, 'epoch': 3.9}
{'loss': 0.4069, 'learning_rate': 6.48701107874753e-05, 'epoch': 3.91}
{'loss': 0.3588, 'learning_rate': 6.482681004889213e-05, 'epoch': 3.91}
{'loss': 0.34, 'learning_rate': 6.478350931030895e-05, 'epoch': 3.92}
{'loss': 0.3743, 'learning_rate': 6.474020857172579e-05, 'epoch': 3.92}
{'loss': 0.3807, 'learning_rate': 6.469690783314264e-05, 'epoch': 3.92}
{'loss': 0.3839, 'learning_rate': 6.465360709455946e-05, 'epoch': 3.93}
{'loss': 0.3672, 'learning_rate': 6.461030635597628e-05, 'epoch': 3.93}
{'loss': 0.3771, 'learning_rate': 6.456700561739313e-05, 'epoch': 3.94}
{'loss': 0.3899, 'learning_rate': 6.452370487880995e-05, 'epoch': 3.94}
{'loss': 0.3954, 'learning_rate': 6.448040414022677e-05, 'epoch': 3.94}
{'loss': 0.4003, 'learning_rate': 6.44371034016436e-05, 'epoch': 3.95}
{'loss': 0.3715, 'learning_rate': 6.439380266306044e-05, 'epoch': 3.95}
{'loss': 0.388, 'learning_rate': 6.435050192447727e-05, 'epoch': 3.96}
{'loss': 0.3701, 'learning_rate': 6.430720118589411e-05, 'epoch': 3.96}
{'loss': 0.4009, 'learning_rate': 6.426390044731094e-05, 'epoch': 3.96}
{'loss': 0.3763, 'learning_rate': 6.422059970872776e-05, 'epoch': 3.97}
{'loss': 0.3744, 'learning_rate': 6.41772989701446e-05, 'epoch': 3.97}
{'loss': 0.3518, 'learning_rate': 6.413399823156143e-05, 'epoch': 3.98}
{'loss': 0.3806, 'learning_rate': 6.409069749297826e-05, 'epoch': 3.98}
{'loss': 0.394, 'learning_rate': 6.404739675439509e-05, 'epoch': 3.98}
{'loss': 0.4097, 'learning_rate': 6.400409601581192e-05, 'epoch': 3.99}
{'loss': 0.3692, 'learning_rate': 6.396079527722876e-05, 'epoch': 3.99}
{'loss': 0.3868, 'learning_rate': 6.39174945386456e-05, 'epoch': 4.0}
[INFO|trainer.py:520] 2026-10-04 15:22:21,920 >> The following columns in the evaluation set  don't have a corresponding argument in `PETLEncModel.forward` and have been ignored: hypothesis, idx, premise.
[INFO|trainer.py:2179] 2026-10-04 15:22:21,922 >> ***** Running Evaluation *****
[INFO|trainer.py:2181] 2026-10-04 15:22:21,922 >>   Num examples = 9815
[INFO|trainer.py:2184] 2026-10-04 15:22:21,922 >>   Batch size = 32
{'eval_loss': 0.36118724942207336, 'eval_accuracy': 0.8649006622516556, 'eval_runtime': 13.4794, 'eval_samples_per_second': 728.146, 'eval_steps_per_second': 22.775, 'epoch': 4.0}
[INFO|trainer.py:1933] 2026-10-04 15:22:35,406 >> Saving model checkpoint to checkpoints/glue/mnli/20261004/glue.mnli.adapter.am_adapter.ao_sequential.fm_adapter.fo_sequential.abn.fbn.ac_add.fl_none.finit_bert.fs_1.unfrz_ef_.ne10.warm0.06.wd0.1.seed2./checkpoint-49088
[INFO|configuration_utils.py:364] 2026-10-04 15:22:35,409 >> Configuration saved in checkpoints/glue/mnli/20261004/glue.mnli.adapter.am_adapter.ao_sequential.fm_adapter.fo_sequential.abn.fbn.ac_add.fl_none.finit_bert.fs_1.unfrz_ef_.ne10.warm0.06.wd0.1.seed2./checkpoint-49088/config.json
[INFO|modeling_utils.py:898] 2026-10-04 15:22:35,711 >> Model weights saved in checkpoints/glue/mnli/20261004/glue.mnli.adapter.am_adapter.ao_sequential.fm_adapter.fo_sequential.abn.fbn.ac_add.fl_none.finit_bert.fs_1.unfrz_ef_.ne10.warm0.06.wd0.1.seed2./checkpoint-49088/pytorch_model.bin
[INFO|tokenization_utils_base.py:1948] 2026-10-04 15:22:35,712 >> tokenizer config file saved in checkpoints/glue/mnli/20261004/glue.mnli.adapter.am_adapter.ao_sequential.fm_adapter.fo_sequential.abn.fbn.ac_add.fl_none.finit_bert.fs_1.unfrz_ef_.ne10.warm0.06.wd0.1.seed2./checkpoint-49088/tokenizer_config.json
[INFO|tokenization_utils_base.py:1954] 2026-10-04 15:22:35,713 >> Special tokens file saved in checkpoints/glue/mnli/20261004/glue.mnli.adapter.am_adapter.ao_sequential.fm_adapter.fo_sequential.abn.fbn.ac_add.fl_none.finit_bert.fs_1.unfrz_ef_.ne10.warm0.06.wd0.1.seed2./checkpoint-49088/special_tokens_map.json
[INFO|trainer.py:2009] 2026-10-04 15:22:35,787 >> Deleting older checkpoint [checkpoints/glue/mnli/20261004/glue.mnli.adapter.am_adapter.ao_sequential.fm_adapter.fo_sequential.abn.fbn.ac_add.fl_none.finit_bert.fs_1.unfrz_ef_.ne10.warm0.06.wd0.1.seed2./checkpoint-24544] due to args.save_total_limit
/work/unify-parameter-efficient-tuning/src/transformers/trainer.py:1784: FutureWarning: `torch.cuda.amp.autocast(args...)` is deprecated. Please use `torch.amp.autocast('cuda', args...)` instead.
  with autocast():
{'loss': 0.3937, 'learning_rate': 6.387419380006243e-05, 'epoch': 4.0}
{'loss': 0.3788, 'learning_rate': 6.383089306147925e-05, 'epoch': 4.01}
{'loss': 0.3794, 'learning_rate': 6.378759232289609e-05, 'epoch': 4.01}
{'loss': 0.3736, 'learning_rate': 6.374429158431292e-05, 'epoch': 4.01}
{'loss': 0.39, 'learning_rate': 6.370099084572974e-05, 'epoch': 4.02}
{'loss': 0.401, 'learning_rate': 6.365769010714656e-05, 'epoch': 4.02}
{'loss': 0.3822, 'learning_rate': 6.361438936856341e-05, 'epoch': 4.03}
{'loss': 0.3643, 'learning_rate': 6.357108862998025e-05, 'epoch': 4.03}
{'loss': 0.365, 'learning_rate': 6.352778789139707e-05, 'epoch': 4.03}
{'loss': 0.364, 'learning_rate': 6.348448715281391e-05, 'epoch': 4.04}
{'loss': 0.3807, 'learning_rate': 6.344118641423074e-05, 'epoch': 4.04}
{'loss': 0.3734, 'learning_rate': 6.339788567564756e-05, 'epoch': 4.05}
{'loss': 0.3935, 'learning_rate': 6.335458493706439e-05, 'epoch': 4.05}
{'loss': 0.3825, 'learning_rate': 6.331128419848123e-05, 'epoch': 4.05}
{'loss': 0.3512, 'learning_rate': 6.326798345989805e-05, 'epoch': 4.06}
{'loss': 0.3771, 'learning_rate': 6.322468272131488e-05, 'epoch': 4.06}
{'loss': 0.3781, 'learning_rate': 6.318138198273173e-05, 'epoch': 4.07}
{'loss': 0.3699, 'learning_rate': 6.313808124414855e-05, 'epoch': 4.07}
{'loss': 0.3494, 'learning_rate': 6.309478050556539e-05, 'epoch': 4.07}
{'loss': 0.3899, 'learning_rate': 6.305147976698222e-05, 'epoch': 4.08}
{'loss': 0.4033, 'learning_rate': 6.300817902839904e-05, 'epoch': 4.08}
{'loss': 0.4015, 'learning_rate': 6.296487828981588e-05, 'epoch': 4.09}
{'loss': 0.381, 'learning_rate': 6.292157755123271e-05, 'epoch': 4.09}
{'loss': 0.3939, 'learning_rate': 6.287827681264953e-05, 'epoch': 4.09}
{'loss': 0.3549, 'learning_rate': 6.283584208883804e-05, 'epoch': 4.1}
{'loss': 0.3664, 'learning_rate': 6.279254135025486e-05, 'epoch': 4.1}
{'loss': 0.3633, 'learning_rate': 6.274924061167169e-05, 'epoch': 4.11}
{'loss': 0.3386, 'learning_rate': 6.270593987308853e-05, 'epoch': 4.11}
{'loss': 0.369, 'learning_rate': 6.266263913450536e-05, 'epoch': 4.12}
{'loss': 0.3753, 'learning_rate': 6.26193383959222e-05, 'epoch': 4.12}
{'loss': 0.3979, 'learning_rate': 6.257603765733903e-05, 'epoch': 4.12}
{'loss': 0.3217, 'learning_rate': 6.253273691875585e-05, 'epoch': 4.13}
{'loss': 0.4309, 'learning_rate': 6.248943618017269e-05, 'epoch': 4.13}
{'loss': 0.4131, 'learning_rate': 6.244613544158952e-05, 'epoch': 4.14}
{'loss': 0.3635, 'learning_rate': 6.240283470300634e-05, 'epoch': 4.14}
{'loss': 0.3615, 'learning_rate': 6.235953396442318e-05, 'epoch': 4.14}
{'loss': 0.3589, 'learning_rate': 6.231623322584001e-05, 'epoch': 4.15}
{'loss': 0.3462, 'learning_rate': 6.227293248725685e-05, 'epoch': 4.15}
{'loss': 0.4085, 'learning_rate': 6.222963174867368e-05, 'epoch': 4.16}
{'loss': 0.4032, 'learning_rate': 6.218633101009052e-05, 'epoch': 4.16}
{'loss': 0.3839, 'learning_rate': 6.214303027150734e-05, 'epoch': 4.16}
{'loss': 0.3958, 'learning_rate': 6.209972953292416e-05, 'epoch': 4.17}
{'loss': 0.3857, 'learning_rate': 6.205642879434101e-05, 'epoch': 4.17}
{'loss': 0.3907, 'learning_rate': 6.201312805575783e-05, 'epoch': 4.18}
{'loss': 0.3649, 'learning_rate': 6.196982731717465e-05, 'epoch': 4.18}
{'loss': 0.3803, 'learning_rate': 6.19265265785915e-05, 'epoch': 4.18}
{'loss': 0.3945, 'learning_rate': 6.188322584000833e-05, 'epoch': 4.19}
{'loss': 0.3445, 'learning_rate': 6.183992510142515e-05, 'epoch': 4.19}
{'loss': 0.3552, 'learning_rate': 6.179662436284199e-05, 'epoch': 4.2}
{'loss': 0.3766, 'learning_rate': 6.175332362425882e-05, 'epoch': 4.2}
{'loss': 0.4128, 'learning_rate': 6.171002288567564e-05, 'epoch': 4.2}
{'loss': 0.3588, 'learning_rate': 6.166672214709248e-05, 'epoch': 4.21}
{'loss': 0.4003, 'learning_rate': 6.162342140850931e-05, 'epoch': 4.21}
{'loss': 0.3345, 'learning_rate': 6.158012066992614e-05, 'epoch': 4.22}
{'loss': 0.3558, 'learning_rate': 6.153681993134297e-05, 'epoch': 4.22}
{'loss': 0.3676, 'learning_rate': 6.149351919275982e-05, 'epoch': 4.23}
{'loss': 0.3811, 'learning_rate': 6.145021845417664e-05, 'epoch': 4.23}
{'loss': 0.3699, 'learning_rate': 6.140691771559347e-05, 'epoch': 4.23}
{'loss': 0.3836, 'learning_rate': 6.136361697701031e-05, 'epoch': 4.24}
{'loss': 0.3765, 'learning_rate': 6.132031623842713e-05, 'epoch': 4.24}
{'loss': 0.4071, 'learning_rate': 6.127701549984397e-05, 'epoch': 4.25}
{'loss': 0.3649, 'learning_rate': 6.12337147612608e-05, 'epoch': 4.25}
{'loss': 0.3547, 'learning_rate': 6.119041402267762e-05, 'epoch': 4.25}
{'loss': 0.3702, 'learning_rate': 6.114711328409446e-05, 'epoch': 4.26}
{'loss': 0.3516, 'learning_rate': 6.110381254551129e-05, 'epoch': 4.26}
{'loss': 0.35, 'learning_rate': 6.106051180692811e-05, 'epoch': 4.27}
{'loss': 0.3617, 'learning_rate': 6.1017211068344946e-05, 'epoch': 4.27}
{'loss': 0.3788, 'learning_rate': 6.0973910329761795e-05, 'epoch': 4.27}
{'loss': 0.339, 'learning_rate': 6.093060959117861e-05, 'epoch': 4.28}
{'loss': 0.3668, 'learning_rate': 6.088730885259544e-05, 'epoch': 4.28}
{'loss': 0.3805, 'learning_rate': 6.0844008114012285e-05, 'epoch': 4.29}
{'loss': 0.3526, 'learning_rate': 6.0800707375429113e-05, 'epoch': 4.29}
{'loss': 0.3693, 'learning_rate': 6.0757406636845935e-05, 'epoch': 4.29}
{'loss': 0.3762, 'learning_rate': 6.0714105898262776e-05, 'epoch': 4.3}
{'loss': 0.3956, 'learning_rate': 6.06708051596796e-05, 'epoch': 4.3}
{'loss': 0.3606, 'learning_rate': 6.062750442109644e-05, 'epoch': 4.31}
{'loss': 0.3833, 'learning_rate': 6.058420368251326e-05, 'epoch': 4.31}
{'loss': 0.3614, 'learning_rate': 6.05409029439301e-05, 'epoch': 4.31}
{'loss': 0.3768, 'learning_rate': 6.049760220534692e-05, 'epoch': 4.32}
{'loss': 0.3558, 'learning_rate': 6.0454301466763764e-05, 'epoch': 4.32}
{'loss': 0.3456, 'learning_rate': 6.04110007281806e-05, 'epoch': 4.33}
{'loss': 0.3816, 'learning_rate': 6.0367699989597414e-05, 'epoch': 4.33}
{'loss': 0.374, 'learning_rate': 6.0324399251014255e-05, 'epoch': 4.34}
{'loss': 0.3841, 'learning_rate': 6.028109851243109e-05, 'epoch': 4.34}
{'loss': 0.3815, 'learning_rate': 6.023779777384792e-05, 'epoch': 4.34}
{'loss': 0.4047, 'learning_rate': 6.019449703526475e-05, 'epoch': 4.35}
{'loss': 0.3652, 'learning_rate': 6.015119629668159e-05, 'epoch': 4.35}
{'loss': 0.3754, 'learning_rate': 6.01078955580984e-05, 'epoch': 4.36}
{'loss': 0.3716, 'learning_rate': 6.006459481951524e-05, 'epoch': 4.36}
{'loss': 0.3801, 'learning_rate': 6.002129408093209e-05, 'epoch': 4.36}
{'loss': 0.3533, 'learning_rate': 5.9977993342348906e-05, 'epoch': 4.37}
{'loss': 0.373, 'learning_rate': 5.993469260376573e-05, 'epoch': 4.37}
{'loss': 0.3852, 'learning_rate': 5.9891391865182576e-05, 'epoch': 4.38}
{'loss': 0.39, 'learning_rate': 5.9848091126599404e-05, 'epoch': 4.38}
{'loss': 0.3804, 'learning_rate': 5.980479038801623e-05, 'epoch': 4.38}
{'loss': 0.338, 'learning_rate': 5.976148964943305e-05, 'epoch': 4.39}
{'loss': 0.3809, 'learning_rate': 5.9718188910849894e-05, 'epoch': 4.39}
{'loss': 0.391, 'learning_rate': 5.9674888172266715e-05, 'epoch': 4.4}
{'loss': 0.3897, 'learning_rate': 5.963158743368356e-05, 'epoch': 4.4}
{'loss': 0.3758, 'learning_rate': 5.958828669510039e-05, 'epoch': 4.4}
{'loss': 0.3724, 'learning_rate': 5.9544985956517206e-05, 'epoch': 4.41}
{'loss': 0.3662, 'learning_rate': 5.950168521793405e-05, 'epoch': 4.41}
{'loss': 0.3551, 'learning_rate': 5.945925049412253e-05, 'epoch': 4.42}
{'loss': 0.3684, 'learning_rate': 5.941594975553938e-05, 'epoch': 4.42}
{'loss': 0.3824, 'learning_rate': 5.9372649016956206e-05, 'epoch': 4.42}
{'loss': 0.3579, 'learning_rate': 5.9329348278373034e-05, 'epoch': 4.43}
{'loss': 0.3828, 'learning_rate': 5.928604753978988e-05, 'epoch': 4.43}
{'loss': 0.3718, 'learning_rate': 5.92427468012067e-05, 'epoch': 4.44}
{'loss': 0.3895, 'learning_rate': 5.919944606262353e-05, 'epoch': 4.44}
{'loss': 0.3746, 'learning_rate': 5.9156145324040366e-05, 'epoch': 4.45}
{'loss': 0.387, 'learning_rate': 5.911284458545721e-05, 'epoch': 4.45}
{'loss': 0.3961, 'learning_rate': 5.906954384687402e-05, 'epoch': 4.45}
{'loss': 0.3764, 'learning_rate': 5.902624310829086e-05, 'epoch': 4.46}
{'loss': 0.3998, 'learning_rate': 5.898294236970769e-05, 'epoch': 4.46}
{'loss': 0.3878, 'learning_rate': 5.893964163112452e-05, 'epoch': 4.47}
{'loss': 0.3776, 'learning_rate': 5.8896340892541354e-05, 'epoch': 4.47}
{'loss': 0.3568, 'learning_rate': 5.8853040153958196e-05, 'epoch': 4.47}
{'loss': 0.4015, 'learning_rate': 5.880973941537501e-05, 'epoch': 4.48}
{'loss': 0.3356, 'learning_rate': 5.8766438676791845e-05, 'epoch': 4.48}
{'loss': 0.4054, 'learning_rate': 5.8723137938208686e-05, 'epoch': 4.49}
{'loss': 0.4028, 'learning_rate': 5.867983719962551e-05, 'epoch': 4.49}
{'loss': 0.393, 'learning_rate': 5.863653646104235e-05, 'epoch': 4.49}
{'loss': 0.3596, 'learning_rate': 5.859323572245917e-05, 'epoch': 4.5}
{'loss': 0.3945, 'learning_rate': 5.854993498387601e-05, 'epoch': 4.5}
{'loss': 0.3864, 'learning_rate': 5.850663424529283e-05, 'epoch': 4.51}
{'loss': 0.3612, 'learning_rate': 5.8463333506709675e-05, 'epoch': 4.51}
{'loss': 0.3763, 'learning_rate': 5.8420032768126496e-05, 'epoch': 4.51}
{'loss': 0.3522, 'learning_rate': 5.8376732029543324e-05, 'epoch': 4.52}
{'loss': 0.3832, 'learning_rate': 5.833343129096017e-05, 'epoch': 4.52}
{'loss': 0.3982, 'learning_rate': 5.8290130552377e-05, 'epoch': 4.53}
{'loss': 0.3766, 'learning_rate': 5.8246829813793815e-05, 'epoch': 4.53}
{'loss': 0.3781, 'learning_rate': 5.820352907521066e-05, 'epoch': 4.53}
{'loss': 0.3683, 'learning_rate': 5.8160228336627484e-05, 'epoch': 4.54}
{'loss': 0.3801, 'learning_rate': 5.811692759804431e-05, 'epoch': 4.54}
{'loss': 0.3981, 'learning_rate': 5.807362685946115e-05, 'epoch': 4.55}
{'loss': 0.3493, 'learning_rate': 5.803032612087799e-05, 'epoch': 4.55}
{'loss': 0.3648, 'learning_rate': 5.798702538229481e-05, 'epoch': 4.56}
{'loss': 0.3783, 'learning_rate': 5.794372464371164e-05, 'epoch': 4.56}
{'loss': 0.3648, 'learning_rate': 5.790042390512848e-05, 'epoch': 4.56}
{'loss': 0.3613, 'learning_rate': 5.78571231665453e-05, 'epoch': 4.57}
{'loss': 0.3416, 'learning_rate': 5.78146884427338e-05, 'epoch': 4.57}
{'loss': 0.3896, 'learning_rate': 5.7771387704150624e-05, 'epoch': 4.58}
{'loss': 0.3685, 'learning_rate': 5.772808696556747e-05, 'epoch': 4.58}
{'loss': 0.375, 'learning_rate': 5.7684786226984286e-05, 'epoch': 4.58}
{'loss': 0.3671, 'learning_rate': 5.764148548840113e-05, 'epoch': 4.59}
{'loss': 0.3855, 'learning_rate': 5.7598184749817976e-05, 'epoch': 4.59}
{'loss': 0.3806, 'learning_rate': 5.755488401123479e-05, 'epoch': 4.6}
{'loss': 0.3567, 'learning_rate': 5.751158327265161e-05, 'epoch': 4.6}
{'loss': 0.4315, 'learning_rate': 5.746828253406845e-05, 'epoch': 4.6}
{'loss': 0.3447, 'learning_rate': 5.742498179548529e-05, 'epoch': 4.61}
{'loss': 0.3693, 'learning_rate': 5.7381681056902116e-05, 'epoch': 4.61}
{'loss': 0.3968, 'learning_rate': 5.733838031831894e-05, 'epoch': 4.62}
{'loss': 0.3571, 'learning_rate': 5.729507957973578e-05, 'epoch': 4.62}
{'loss': 0.362, 'learning_rate': 5.725177884115261e-05, 'epoch': 4.62}
{'loss': 0.3264, 'learning_rate': 5.720847810256944e-05, 'epoch': 4.63}
{'loss': 0.3704, 'learning_rate': 5.7165177363986276e-05, 'epoch': 4.63}
{'loss': 0.3759, 'learning_rate': 5.712187662540309e-05, 'epoch': 4.64}
{'loss': 0.3698, 'learning_rate': 5.707857588681994e-05, 'epoch': 4.64}
{'loss': 0.3486, 'learning_rate': 5.703527514823678e-05, 'epoch': 4.64}
{'loss': 0.3786, 'learning_rate': 5.6991974409653595e-05, 'epoch': 4.65}
{'loss': 0.4054, 'learning_rate': 5.694867367107043e-05, 'epoch': 4.65}
{'loss': 0.3856, 'learning_rate': 5.6905372932487265e-05, 'epoch': 4.66}
{'loss': 0.3869, 'learning_rate': 5.686207219390409e-05, 'epoch': 4.66}
{'loss': 0.3891, 'learning_rate': 5.681877145532093e-05, 'epoch': 4.67}
{'loss': 0.385, 'learning_rate': 5.677547071673777e-05, 'epoch': 4.67}
{'loss': 0.3737, 'learning_rate': 5.673216997815458e-05, 'epoch': 4.67}
{'loss': 0.3755, 'learning_rate': 5.6688869239571404e-05, 'epoch': 4.68}
{'loss': 0.3761, 'learning_rate': 5.664556850098825e-05, 'epoch': 4.68}
{'loss': 0.3664, 'learning_rate': 5.660226776240508e-05, 'epoch': 4.69}
{'loss': 0.3406, 'learning_rate': 5.655896702382191e-05, 'epoch': 4.69}
{'loss': 0.4087, 'learning_rate': 5.6515666285238743e-05, 'epoch': 4.69}
{'loss': 0.3756, 'learning_rate': 5.647236554665558e-05, 'epoch': 4.7}
{'loss': 0.3961, 'learning_rate': 5.64290648080724e-05, 'epoch': 4.7}
{'loss': 0.4107, 'learning_rate': 5.6385764069489234e-05, 'epoch': 4.71}
{'loss': 0.3761, 'learning_rate': 5.634246333090607e-05, 'epoch': 4.71}
{'loss': 0.3855, 'learning_rate': 5.62991625923229e-05, 'epoch': 4.71}
{'loss': 0.3761, 'learning_rate': 5.625586185373973e-05, 'epoch': 4.72}
{'loss': 0.3904, 'learning_rate': 5.621256111515657e-05, 'epoch': 4.72}
{'loss': 0.3947, 'learning_rate': 5.616926037657339e-05, 'epoch': 4.73}
{'loss': 0.3877, 'learning_rate': 5.612595963799022e-05, 'epoch': 4.73}
{'loss': 0.3904, 'learning_rate': 5.608265889940706e-05, 'epoch': 4.73}
{'loss': 0.4009, 'learning_rate': 5.6039358160823885e-05, 'epoch': 4.74}
{'loss': 0.3703, 'learning_rate': 5.599605742224072e-05, 'epoch': 4.74}
{'loss': 0.3994, 'learning_rate': 5.595275668365756e-05, 'epoch': 4.75}
{'loss': 0.3968, 'learning_rate': 5.590945594507438e-05, 'epoch': 4.75}
{'loss': 0.3531, 'learning_rate': 5.5866155206491224e-05, 'epoch': 4.75}
{'loss': 0.3681, 'learning_rate': 5.5822854467908045e-05, 'epoch': 4.76}
{'loss': 0.3574, 'learning_rate': 5.577955372932487e-05, 'epoch': 4.76}
{'loss': 0.3888, 'learning_rate': 5.57362529907417e-05, 'epoch': 4.77}
{'loss': 0.39, 'learning_rate': 5.569295225215855e-05, 'epoch': 4.77}
{'loss': 0.3573, 'learning_rate': 5.564965151357537e-05, 'epoch': 4.78}
{'loss': 0.3797, 'learning_rate': 5.560635077499219e-05, 'epoch': 4.78}
{'loss': 0.381, 'learning_rate': 5.5563050036409034e-05, 'epoch': 4.78}
{'loss': 0.3683, 'learning_rate': 5.5519749297825875e-05, 'epoch': 4.79}
{'loss': 0.3549, 'learning_rate': 5.547644855924269e-05, 'epoch': 4.79}
{'loss': 0.3736, 'learning_rate': 5.5433147820659524e-05, 'epoch': 4.8}
{'loss': 0.3813, 'learning_rate': 5.5389847082076366e-05, 'epoch': 4.8}
{'loss': 0.3612, 'learning_rate': 5.534654634349319e-05, 'epoch': 4.8}
{'loss': 0.3812, 'learning_rate': 5.530324560491003e-05, 'epoch': 4.81}
{'loss': 0.369, 'learning_rate': 5.525994486632685e-05, 'epoch': 4.81}
{'loss': 0.3504, 'learning_rate': 5.521664412774368e-05, 'epoch': 4.82}
{'loss': 0.3525, 'learning_rate': 5.517334338916051e-05, 'epoch': 4.82}
{'loss': 0.375, 'learning_rate': 5.5130042650577354e-05, 'epoch': 4.82}
{'loss': 0.3494, 'learning_rate': 5.5086741911994175e-05, 'epoch': 4.83}
{'loss': 0.3805, 'learning_rate': 5.504344117341102e-05, 'epoch': 4.83}
{'loss': 0.367, 'learning_rate': 5.500014043482784e-05, 'epoch': 4.84}
{'loss': 0.3863, 'learning_rate': 5.495683969624468e-05, 'epoch': 4.84}
{'loss': 0.3822, 'learning_rate': 5.49135389576615e-05, 'epoch': 4.84}
{'loss': 0.3683, 'learning_rate': 5.487023821907834e-05, 'epoch': 4.85}
{'loss': 0.3883, 'learning_rate': 5.482693748049516e-05, 'epoch': 4.85}
{'loss': 0.3838, 'learning_rate': 5.4783636741912005e-05, 'epoch': 4.86}
{'loss': 0.3763, 'learning_rate': 5.4740336003328826e-05, 'epoch': 4.86}
{'loss': 0.36, 'learning_rate': 5.469703526474567e-05, 'epoch': 4.86}
{'loss': 0.3653, 'learning_rate': 5.465373452616248e-05, 'epoch': 4.87}
{'loss': 0.3469, 'learning_rate': 5.461043378757933e-05, 'epoch': 4.87}
{'loss': 0.3863, 'learning_rate': 5.456713304899616e-05, 'epoch': 4.88}
{'loss': 0.3731, 'learning_rate': 5.452383231041298e-05, 'epoch': 4.88}
{'loss': 0.3872, 'learning_rate': 5.448053157182983e-05, 'epoch': 4.89}
{'loss': 0.3898, 'learning_rate': 5.443723083324664e-05, 'epoch': 4.89}
{'loss': 0.3574, 'learning_rate': 5.4393930094663484e-05, 'epoch': 4.89}
{'loss': 0.4252, 'learning_rate': 5.4351495370851966e-05, 'epoch': 4.9}
{'loss': 0.3726, 'learning_rate': 5.430819463226881e-05, 'epoch': 4.9}
{'loss': 0.3747, 'learning_rate': 5.426489389368564e-05, 'epoch': 4.91}
{'loss': 0.4133, 'learning_rate': 5.422159315510247e-05, 'epoch': 4.91}
{'loss': 0.3795, 'learning_rate': 5.4178292416519305e-05, 'epoch': 4.91}
{'loss': 0.3978, 'learning_rate': 5.413499167793614e-05, 'epoch': 4.92}
{'loss': 0.3718, 'learning_rate': 5.4091690939352954e-05, 'epoch': 4.92}
{'loss': 0.3411, 'learning_rate': 5.4048390200769795e-05, 'epoch': 4.93}
{'loss': 0.3754, 'learning_rate': 5.4005089462186644e-05, 'epoch': 4.93}
{'loss': 0.3579, 'learning_rate': 5.396178872360346e-05, 'epoch': 4.93}
{'loss': 0.3889, 'learning_rate': 5.3918487985020286e-05, 'epoch': 4.94}
{'loss': 0.3962, 'learning_rate': 5.387518724643712e-05, 'epoch': 4.94}
{'loss': 0.3635, 'learning_rate': 5.3831886507853956e-05, 'epoch': 4.95}
{'loss': 0.3852, 'learning_rate': 5.378858576927077e-05, 'epoch': 4.95}
{'loss': 0.3601, 'learning_rate': 5.374528503068761e-05, 'epoch': 4.95}
{'loss': 0.3957, 'learning_rate': 5.3701984292104446e-05, 'epoch': 4.96}
{'loss': 0.3532, 'learning_rate': 5.3658683553521274e-05, 'epoch': 4.96}
{'loss': 0.3471, 'learning_rate': 5.361538281493811e-05, 'epoch': 4.97}
{'loss': 0.3663, 'learning_rate': 5.3572082076354944e-05, 'epoch': 4.97}
{'loss': 0.3652, 'learning_rate': 5.352878133777176e-05, 'epoch': 4.97}
{'loss': 0.3998, 'learning_rate': 5.34854805991886e-05, 'epoch': 4.98}
{'loss': 0.3802, 'learning_rate': 5.344217986060545e-05, 'epoch': 4.98}
{'loss': 0.4115, 'learning_rate': 5.339887912202226e-05, 'epoch': 4.99}
{'loss': 0.3561, 'learning_rate': 5.33555783834391e-05, 'epoch': 4.99}
{'loss': 0.3784, 'learning_rate': 5.331227764485593e-05, 'epoch': 5.0}
{'loss': 0.3664, 'learning_rate': 5.326897690627276e-05, 'epoch': 5.0}
[INFO|trainer.py:520] 2026-10-04 15:29:56,625 >> The following columns in the evaluation set  don't have a corresponding argument in `PETLEncModel.forward` and have been ignored: hypothesis, idx, premise.
[INFO|trainer.py:2179] 2026-10-04 15:29:56,627 >> ***** Running Evaluation *****
[INFO|trainer.py:2181] 2026-10-04 15:29:56,627 >>   Num examples = 9815
[INFO|trainer.py:2184] 2026-10-04 15:29:56,627 >>   Batch size = 32
{'eval_loss': 0.3606320917606354, 'eval_accuracy': 0.8629648497198166, 'eval_runtime': 13.3986, 'eval_samples_per_second': 732.539, 'eval_steps_per_second': 22.913, 'epoch': 5.0}
[INFO|trainer.py:1933] 2026-10-04 15:30:10,027 >> Saving model checkpoint to checkpoints/glue/mnli/20261004/glue.mnli.adapter.am_adapter.ao_sequential.fm_adapter.fo_sequential.abn.fbn.ac_add.fl_none.finit_bert.fs_1.unfrz_ef_.ne10.warm0.06.wd0.1.seed2./checkpoint-61360
[INFO|configuration_utils.py:364] 2026-10-04 15:30:10,028 >> Configuration saved in checkpoints/glue/mnli/20261004/glue.mnli.adapter.am_adapter.ao_sequential.fm_adapter.fo_sequential.abn.fbn.ac_add.fl_none.finit_bert.fs_1.unfrz_ef_.ne10.warm0.06.wd0.1.seed2./checkpoint-61360/config.json
[INFO|modeling_utils.py:898] 2026-10-04 15:30:10,332 >> Model weights saved in checkpoints/glue/mnli/20261004/glue.mnli.adapter.am_adapter.ao_sequential.fm_adapter.fo_sequential.abn.fbn.ac_add.fl_none.finit_bert.fs_1.unfrz_ef_.ne10.warm0.06.wd0.1.seed2./checkpoint-61360/pytorch_model.bin
[INFO|tokenization_utils_base.py:1948] 2026-10-04 15:30:10,333 >> tokenizer config file saved in checkpoints/glue/mnli/20261004/glue.mnli.adapter.am_adapter.ao_sequential.fm_adapter.fo_sequential.abn.fbn.ac_add.fl_none.finit_bert.fs_1.unfrz_ef_.ne10.warm0.06.wd0.1.seed2./checkpoint-61360/tokenizer_config.json
[INFO|tokenization_utils_base.py:1954] 2026-10-04 15:30:10,333 >> Special tokens file saved in checkpoints/glue/mnli/20261004/glue.mnli.adapter.am_adapter.ao_sequential.fm_adapter.fo_sequential.abn.fbn.ac_add.fl_none.finit_bert.fs_1.unfrz_ef_.ne10.warm0.06.wd0.1.seed2./checkpoint-61360/special_tokens_map.json
[INFO|trainer.py:2009] 2026-10-04 15:30:10,417 >> Deleting older checkpoint [checkpoints/glue/mnli/20261004/glue.mnli.adapter.am_adapter.ao_sequential.fm_adapter.fo_sequential.abn.fbn.ac_add.fl_none.finit_bert.fs_1.unfrz_ef_.ne10.warm0.06.wd0.1.seed2./checkpoint-36816] due to args.save_total_limit
/work/unify-parameter-efficient-tuning/src/transformers/trainer.py:1784: FutureWarning: `torch.cuda.amp.autocast(args...)` is deprecated. Please use `torch.amp.autocast('cuda', args...)` instead.
  with autocast():
{'loss': 0.3437, 'learning_rate': 5.3225676167689595e-05, 'epoch': 5.0}
{'loss': 0.3565, 'learning_rate': 5.3182375429106436e-05, 'epoch': 5.01}
{'loss': 0.3881, 'learning_rate': 5.3139940705294925e-05, 'epoch': 5.01}
{'loss': 0.3956, 'learning_rate': 5.3096639966711746e-05, 'epoch': 5.02}
{'loss': 0.3419, 'learning_rate': 5.3053339228128574e-05, 'epoch': 5.02}
{'loss': 0.372, 'learning_rate': 5.301003848954541e-05, 'epoch': 5.02}
{'loss': 0.3719, 'learning_rate': 5.296673775096225e-05, 'epoch': 5.03}
{'loss': 0.4013, 'learning_rate': 5.292343701237907e-05, 'epoch': 5.03}
{'loss': 0.3825, 'learning_rate': 5.288013627379591e-05, 'epoch': 5.04}
{'loss': 0.3507, 'learning_rate': 5.2836835535212734e-05, 'epoch': 5.04}
{'loss': 0.3678, 'learning_rate': 5.279353479662956e-05, 'epoch': 5.04}
{'loss': 0.3766, 'learning_rate': 5.27502340580464e-05, 'epoch': 5.05}
{'loss': 0.3694, 'learning_rate': 5.270693331946324e-05, 'epoch': 5.05}
{'loss': 0.336, 'learning_rate': 5.266363258088006e-05, 'epoch': 5.06}
{'loss': 0.3462, 'learning_rate': 5.26203318422969e-05, 'epoch': 5.06}
{'loss': 0.4044, 'learning_rate': 5.257703110371372e-05, 'epoch': 5.06}
{'loss': 0.3613, 'learning_rate': 5.2533730365130564e-05, 'epoch': 5.07}
{'loss': 0.3462, 'learning_rate': 5.249042962654738e-05, 'epoch': 5.07}
{'loss': 0.3693, 'learning_rate': 5.244712888796423e-05, 'epoch': 5.08}
{'loss': 0.3791, 'learning_rate': 5.240382814938105e-05, 'epoch': 5.08}
{'loss': 0.3783, 'learning_rate': 5.2360527410797876e-05, 'epoch': 5.08}
{'loss': 0.3614, 'learning_rate': 5.2317226672214724e-05, 'epoch': 5.09}
{'loss': 0.364, 'learning_rate': 5.227392593363154e-05, 'epoch': 5.09}
{'loss': 0.3737, 'learning_rate': 5.2230625195048367e-05, 'epoch': 5.1}
{'loss': 0.3763, 'learning_rate': 5.21873244564652e-05, 'epoch': 5.1}
{'loss': 0.3394, 'learning_rate': 5.214402371788204e-05, 'epoch': 5.11}
{'loss': 0.3652, 'learning_rate': 5.2100722979298864e-05, 'epoch': 5.11}
{'loss': 0.3494, 'learning_rate': 5.2057422240715706e-05, 'epoch': 5.11}
{'loss': 0.368, 'learning_rate': 5.201412150213253e-05, 'epoch': 5.12}
{'loss': 0.3512, 'learning_rate': 5.197082076354937e-05, 'epoch': 5.12}
{'loss': 0.3895, 'learning_rate': 5.192752002496619e-05, 'epoch': 5.13}
{'loss': 0.3655, 'learning_rate': 5.188421928638303e-05, 'epoch': 5.13}
{'loss': 0.3399, 'learning_rate': 5.184091854779985e-05, 'epoch': 5.13}
{'loss': 0.3648, 'learning_rate': 5.1797617809216694e-05, 'epoch': 5.14}
{'loss': 0.3584, 'learning_rate': 5.175431707063353e-05, 'epoch': 5.14}
{'loss': 0.3776, 'learning_rate': 5.1711016332050357e-05, 'epoch': 5.15}
{'loss': 0.3684, 'learning_rate': 5.166771559346718e-05, 'epoch': 5.15}
{'loss': 0.4119, 'learning_rate': 5.162441485488402e-05, 'epoch': 5.15}
{'loss': 0.3806, 'learning_rate': 5.158111411630084e-05, 'epoch': 5.16}
{'loss': 0.3181, 'learning_rate': 5.153781337771768e-05, 'epoch': 5.16}
{'loss': 0.3595, 'learning_rate': 5.149451263913452e-05, 'epoch': 5.17}
{'loss': 0.3709, 'learning_rate': 5.145121190055133e-05, 'epoch': 5.17}
{'loss': 0.3768, 'learning_rate': 5.140791116196817e-05, 'epoch': 5.17}
{'loss': 0.3498, 'learning_rate': 5.136461042338501e-05, 'epoch': 5.18}
{'loss': 0.354, 'learning_rate': 5.1321309684801835e-05, 'epoch': 5.18}
{'loss': 0.3807, 'learning_rate': 5.127800894621866e-05, 'epoch': 5.19}
{'loss': 0.3216, 'learning_rate': 5.12347082076355e-05, 'epoch': 5.19}
{'loss': 0.3707, 'learning_rate': 5.119140746905233e-05, 'epoch': 5.19}
{'loss': 0.3705, 'learning_rate': 5.114810673046916e-05, 'epoch': 5.2}
{'loss': 0.3372, 'learning_rate': 5.110480599188598e-05, 'epoch': 5.2}
{'loss': 0.3303, 'learning_rate': 5.1061505253302824e-05, 'epoch': 5.21}
{'loss': 0.4, 'learning_rate': 5.1018204514719645e-05, 'epoch': 5.21}
{'loss': 0.3744, 'learning_rate': 5.0974903776136486e-05, 'epoch': 5.22}
{'loss': 0.3637, 'learning_rate': 5.093160303755332e-05, 'epoch': 5.22}
{'loss': 0.3331, 'learning_rate': 5.088830229897015e-05, 'epoch': 5.22}
{'loss': 0.3883, 'learning_rate': 5.084500156038697e-05, 'epoch': 5.23}
{'loss': 0.367, 'learning_rate': 5.080170082180381e-05, 'epoch': 5.23}
{'loss': 0.3803, 'learning_rate': 5.075840008322063e-05, 'epoch': 5.24}
{'loss': 0.3549, 'learning_rate': 5.0715099344637475e-05, 'epoch': 5.24}
{'loss': 0.354, 'learning_rate': 5.067179860605431e-05, 'epoch': 5.24}
{'loss': 0.3637, 'learning_rate': 5.062849786747114e-05, 'epoch': 5.25}
{'loss': 0.3673, 'learning_rate': 5.058519712888797e-05, 'epoch': 5.25}
{'loss': 0.3751, 'learning_rate': 5.0541896390304814e-05, 'epoch': 5.26}
{'loss': 0.3693, 'learning_rate': 5.049859565172163e-05, 'epoch': 5.26}
{'loss': 0.3646, 'learning_rate': 5.045529491313845e-05, 'epoch': 5.26}
{'loss': 0.3533, 'learning_rate': 5.04119941745553e-05, 'epoch': 5.27}
{'loss': 0.3974, 'learning_rate': 5.0368693435972126e-05, 'epoch': 5.27}
{'loss': 0.372, 'learning_rate': 5.0325392697388954e-05, 'epoch': 5.28}
{'loss': 0.3502, 'learning_rate': 5.02820919588058e-05, 'epoch': 5.28}
{'loss': 0.3898, 'learning_rate': 5.0238791220222616e-05, 'epoch': 5.28}
{'loss': 0.3595, 'learning_rate': 5.019549048163944e-05, 'epoch': 5.29}
{'loss': 0.3831, 'learning_rate': 5.015218974305628e-05, 'epoch': 5.29}
{'loss': 0.368, 'learning_rate': 5.0108889004473114e-05, 'epoch': 5.3}
{'loss': 0.3679, 'learning_rate': 5.006558826588994e-05, 'epoch': 5.3}
{'loss': 0.3456, 'learning_rate': 5.0022287527306776e-05, 'epoch': 5.3}
{'loss': 0.3545, 'learning_rate': 4.997898678872361e-05, 'epoch': 5.31}
{'loss': 0.3724, 'learning_rate': 4.993568605014043e-05, 'epoch': 5.31}
{'loss': 0.3784, 'learning_rate': 4.989238531155727e-05, 'epoch': 5.32}
{'loss': 0.3384, 'learning_rate': 4.98490845729741e-05, 'epoch': 5.32}
{'loss': 0.383, 'learning_rate': 4.980578383439093e-05, 'epoch': 5.33}
{'loss': 0.3806, 'learning_rate': 4.9762483095807765e-05, 'epoch': 5.33}
{'loss': 0.353, 'learning_rate': 4.97191823572246e-05, 'epoch': 5.33}
{'loss': 0.3626, 'learning_rate': 4.967588161864142e-05, 'epoch': 5.34}
{'loss': 0.3613, 'learning_rate': 4.963258088005826e-05, 'epoch': 5.34}
{'loss': 0.3596, 'learning_rate': 4.95892801414751e-05, 'epoch': 5.35}
{'loss': 0.3476, 'learning_rate': 4.954597940289192e-05, 'epoch': 5.35}
{'loss': 0.3688, 'learning_rate': 4.950267866430875e-05, 'epoch': 5.35}
{'loss': 0.3805, 'learning_rate': 4.945937792572558e-05, 'epoch': 5.36}
{'loss': 0.3754, 'learning_rate': 4.9416077187142416e-05, 'epoch': 5.36}
{'loss': 0.3505, 'learning_rate': 4.937277644855925e-05, 'epoch': 5.37}
{'loss': 0.3334, 'learning_rate': 4.932947570997607e-05, 'epoch': 5.37}
{'loss': 0.3443, 'learning_rate': 4.9286174971392906e-05, 'epoch': 5.37}
{'loss': 0.4081, 'learning_rate': 4.924287423280974e-05, 'epoch': 5.38}
{'loss': 0.3895, 'learning_rate': 4.919957349422657e-05, 'epoch': 5.38}
{'loss': 0.3742, 'learning_rate': 4.9156272755643404e-05, 'epoch': 5.39}
{'loss': 0.3689, 'learning_rate': 4.911297201706024e-05, 'epoch': 5.39}
{'loss': 0.3849, 'learning_rate': 4.9069671278477067e-05, 'epoch': 5.39}
{'loss': 0.3772, 'learning_rate': 4.90263705398939e-05, 'epoch': 5.4}
{'loss': 0.3584, 'learning_rate': 4.898306980131072e-05, 'epoch': 5.4}
{'loss': 0.3842, 'learning_rate': 4.893976906272756e-05, 'epoch': 5.41}
{'loss': 0.3652, 'learning_rate': 4.889646832414439e-05, 'epoch': 5.41}
{'loss': 0.3713, 'learning_rate': 4.885316758556122e-05, 'epoch': 5.41}
{'loss': 0.3667, 'learning_rate': 4.8809866846978055e-05, 'epoch': 5.42}
{'loss': 0.3617, 'learning_rate': 4.876656610839489e-05, 'epoch': 5.42}
{'loss': 0.357, 'learning_rate': 4.872326536981171e-05, 'epoch': 5.43}
{'loss': 0.3643, 'learning_rate': 4.867996463122855e-05, 'epoch': 5.43}
{'loss': 0.3626, 'learning_rate': 4.863666389264539e-05, 'epoch': 5.44}
{'loss': 0.3837, 'learning_rate': 4.859336315406221e-05, 'epoch': 5.44}
{'loss': 0.3806, 'learning_rate': 4.855006241547904e-05, 'epoch': 5.44}
{'loss': 0.3652, 'learning_rate': 4.850676167689587e-05, 'epoch': 5.45}
{'loss': 0.3449, 'learning_rate': 4.8463460938312706e-05, 'epoch': 5.45}
{'loss': 0.3706, 'learning_rate': 4.842016019972954e-05, 'epoch': 5.46}
{'loss': 0.3836, 'learning_rate': 4.837685946114636e-05, 'epoch': 5.46}
{'loss': 0.3684, 'learning_rate': 4.8333558722563196e-05, 'epoch': 5.46}
{'loss': 0.3945, 'learning_rate': 4.829025798398003e-05, 'epoch': 5.47}
{'loss': 0.3497, 'learning_rate': 4.824695724539686e-05, 'epoch': 5.47}
{'loss': 0.3837, 'learning_rate': 4.8203656506813694e-05, 'epoch': 5.48}
{'loss': 0.3765, 'learning_rate': 4.816035576823053e-05, 'epoch': 5.48}
{'loss': 0.3882, 'learning_rate': 4.811705502964736e-05, 'epoch': 5.48}
{'loss': 0.3333, 'learning_rate': 4.807375429106419e-05, 'epoch': 5.49}
{'loss': 0.3939, 'learning_rate': 4.8030453552481026e-05, 'epoch': 5.49}
{'loss': 0.3749, 'learning_rate': 4.798715281389785e-05, 'epoch': 5.5}
{'loss': 0.3518, 'learning_rate': 4.794385207531468e-05, 'epoch': 5.5}
{'loss': 0.3626, 'learning_rate': 4.790055133673151e-05, 'epoch': 5.5}
{'loss': 0.3658, 'learning_rate': 4.7857250598148345e-05, 'epoch': 5.51}
{'loss': 0.3568, 'learning_rate': 4.781394985956518e-05, 'epoch': 5.51}
{'loss': 0.3599, 'learning_rate': 4.7770649120982e-05, 'epoch': 5.52}
{'loss': 0.3824, 'learning_rate': 4.7727348382398836e-05, 'epoch': 5.52}
{'loss': 0.362, 'learning_rate': 4.768404764381568e-05, 'epoch': 5.52}
{'loss': 0.3613, 'learning_rate': 4.76407469052325e-05, 'epoch': 5.53}
{'loss': 0.4046, 'learning_rate': 4.759744616664933e-05, 'epoch': 5.53}
{'loss': 0.3379, 'learning_rate': 4.755414542806617e-05, 'epoch': 5.54}
{'loss': 0.3917, 'learning_rate': 4.7510844689482996e-05, 'epoch': 5.54}
{'loss': 0.3659, 'learning_rate': 4.746754395089983e-05, 'epoch': 5.55}
{'loss': 0.3654, 'learning_rate': 4.742424321231665e-05, 'epoch': 5.55}
{'loss': 0.3708, 'learning_rate': 4.7380942473733487e-05, 'epoch': 5.55}
{'loss': 0.3637, 'learning_rate': 4.733764173515032e-05, 'epoch': 5.56}
{'loss': 0.3652, 'learning_rate': 4.729434099656715e-05, 'epoch': 5.56}
{'loss': 0.3703, 'learning_rate': 4.7251040257983984e-05, 'epoch': 5.57}
{'loss': 0.3396, 'learning_rate': 4.720773951940082e-05, 'epoch': 5.57}
{'loss': 0.3612, 'learning_rate': 4.716443878081764e-05, 'epoch': 5.57}
{'loss': 0.3737, 'learning_rate': 4.712113804223448e-05, 'epoch': 5.58}
{'loss': 0.3625, 'learning_rate': 4.7077837303651316e-05, 'epoch': 5.58}
{'loss': 0.3821, 'learning_rate': 4.703453656506814e-05, 'epoch': 5.59}
{'loss': 0.3787, 'learning_rate': 4.699123582648497e-05, 'epoch': 5.59}
{'loss': 0.3721, 'learning_rate': 4.69479350879018e-05, 'epoch': 5.59}
{'loss': 0.3266, 'learning_rate': 4.6904634349318635e-05, 'epoch': 5.6}
{'loss': 0.4062, 'learning_rate': 4.686133361073547e-05, 'epoch': 5.6}
{'loss': 0.3742, 'learning_rate': 4.681803287215229e-05, 'epoch': 5.61}
{'loss': 0.385, 'learning_rate': 4.6774732133569126e-05, 'epoch': 5.61}
{'loss': 0.336, 'learning_rate': 4.673143139498596e-05, 'epoch': 5.61}
{'loss': 0.3523, 'learning_rate': 4.668813065640279e-05, 'epoch': 5.62}
{'loss': 0.3691, 'learning_rate': 4.664482991781962e-05, 'epoch': 5.62}
{'loss': 0.3589, 'learning_rate': 4.660152917923646e-05, 'epoch': 5.63}
{'loss': 0.3963, 'learning_rate': 4.6558228440653286e-05, 'epoch': 5.63}
{'loss': 0.3934, 'learning_rate': 4.651492770207012e-05, 'epoch': 5.63}
{'loss': 0.4095, 'learning_rate': 4.6471626963486955e-05, 'epoch': 5.64}
{'loss': 0.3444, 'learning_rate': 4.6428326224903777e-05, 'epoch': 5.64}
{'loss': 0.3589, 'learning_rate': 4.638502548632061e-05, 'epoch': 5.65}
{'loss': 0.3703, 'learning_rate': 4.634172474773744e-05, 'epoch': 5.65}
{'loss': 0.3673, 'learning_rate': 4.6299290023925935e-05, 'epoch': 5.66}
{'loss': 0.3367, 'learning_rate': 4.625598928534277e-05, 'epoch': 5.66}
{'loss': 0.3935, 'learning_rate': 4.62126885467596e-05, 'epoch': 5.66}
{'loss': 0.3783, 'learning_rate': 4.616938780817643e-05, 'epoch': 5.67}
{'loss': 0.3473, 'learning_rate': 4.612608706959327e-05, 'epoch': 5.67}
{'loss': 0.3717, 'learning_rate': 4.608278633101009e-05, 'epoch': 5.68}
{'loss': 0.4037, 'learning_rate': 4.603948559242692e-05, 'epoch': 5.68}
{'loss': 0.3877, 'learning_rate': 4.5996184853843764e-05, 'epoch': 5.68}
{'loss': 0.3936, 'learning_rate': 4.5952884115260586e-05, 'epoch': 5.69}
{'loss': 0.3185, 'learning_rate': 4.590958337667742e-05, 'epoch': 5.69}
{'loss': 0.3598, 'learning_rate': 4.586628263809425e-05, 'epoch': 5.7}
{'loss': 0.3664, 'learning_rate': 4.582298189951108e-05, 'epoch': 5.7}
{'loss': 0.3729, 'learning_rate': 4.577968116092792e-05, 'epoch': 5.7}
{'loss': 0.3719, 'learning_rate': 4.573638042234474e-05, 'epoch': 5.71}
{'loss': 0.3769, 'learning_rate': 4.5693079683761574e-05, 'epoch': 5.71}
{'loss': 0.3696, 'learning_rate': 4.564977894517841e-05, 'epoch': 5.72}
{'loss': 0.3447, 'learning_rate': 4.5606478206595237e-05, 'epoch': 5.72}
{'loss': 0.3604, 'learning_rate': 4.556317746801207e-05, 'epoch': 5.72}
{'loss': 0.3775, 'learning_rate': 4.5519876729428906e-05, 'epoch': 5.73}
{'loss': 0.344, 'learning_rate': 4.547657599084573e-05, 'epoch': 5.73}
{'loss': 0.3523, 'learning_rate': 4.543327525226257e-05, 'epoch': 5.74}
{'loss': 0.3763, 'learning_rate': 4.5389974513679404e-05, 'epoch': 5.74}
{'loss': 0.3637, 'learning_rate': 4.5346673775096225e-05, 'epoch': 5.74}
{'loss': 0.3772, 'learning_rate': 4.530337303651306e-05, 'epoch': 5.75}
{'loss': 0.3548, 'learning_rate': 4.526093831270155e-05, 'epoch': 5.75}
{'loss': 0.3656, 'learning_rate': 4.521763757411838e-05, 'epoch': 5.76}
{'loss': 0.3435, 'learning_rate': 4.517433683553522e-05, 'epoch': 5.76}
{'loss': 0.3438, 'learning_rate': 4.5131036096952046e-05, 'epoch': 5.77}
{'loss': 0.3391, 'learning_rate': 4.508773535836888e-05, 'epoch': 5.77}
{'loss': 0.352, 'learning_rate': 4.5044434619785715e-05, 'epoch': 5.77}
{'loss': 0.3638, 'learning_rate': 4.5001133881202536e-05, 'epoch': 5.78}
{'loss': 0.3424, 'learning_rate': 4.495783314261937e-05, 'epoch': 5.78}
{'loss': 0.3893, 'learning_rate': 4.4914532404036206e-05, 'epoch': 5.79}
{'loss': 0.3275, 'learning_rate': 4.4871231665453034e-05, 'epoch': 5.79}
{'loss': 0.3435, 'learning_rate': 4.482793092686987e-05, 'epoch': 5.79}
{'loss': 0.3631, 'learning_rate': 4.47846301882867e-05, 'epoch': 5.8}
{'loss': 0.3724, 'learning_rate': 4.474132944970353e-05, 'epoch': 5.8}
{'loss': 0.3455, 'learning_rate': 4.4698028711120366e-05, 'epoch': 5.81}
{'loss': 0.3822, 'learning_rate': 4.465472797253719e-05, 'epoch': 5.81}
{'loss': 0.3617, 'learning_rate': 4.461142723395402e-05, 'epoch': 5.81}
{'loss': 0.3449, 'learning_rate': 4.456812649537086e-05, 'epoch': 5.82}
{'loss': 0.3739, 'learning_rate': 4.4524825756787685e-05, 'epoch': 5.82}
{'loss': 0.3728, 'learning_rate': 4.448152501820452e-05, 'epoch': 5.83}
{'loss': 0.3674, 'learning_rate': 4.4438224279621354e-05, 'epoch': 5.83}
{'loss': 0.3647, 'learning_rate': 4.4394923541038175e-05, 'epoch': 5.83}
{'loss': 0.3556, 'learning_rate': 4.435162280245501e-05, 'epoch': 5.84}
{'loss': 0.3624, 'learning_rate': 4.430832206387185e-05, 'epoch': 5.84}
{'loss': 0.3589, 'learning_rate': 4.426502132528867e-05, 'epoch': 5.85}
{'loss': 0.3354, 'learning_rate': 4.422172058670551e-05, 'epoch': 5.85}
{'loss': 0.3712, 'learning_rate': 4.4178419848122336e-05, 'epoch': 5.85}
{'loss': 0.379, 'learning_rate': 4.413511910953917e-05, 'epoch': 5.86}
{'loss': 0.345, 'learning_rate': 4.4091818370956005e-05, 'epoch': 5.86}
{'loss': 0.3568, 'learning_rate': 4.4048517632372826e-05, 'epoch': 5.87}
{'loss': 0.3534, 'learning_rate': 4.400521689378966e-05, 'epoch': 5.87}
{'loss': 0.3978, 'learning_rate': 4.3961916155206496e-05, 'epoch': 5.88}
{'loss': 0.3843, 'learning_rate': 4.3918615416623324e-05, 'epoch': 5.88}
{'loss': 0.3349, 'learning_rate': 4.387531467804016e-05, 'epoch': 5.88}
{'loss': 0.3536, 'learning_rate': 4.3832013939456993e-05, 'epoch': 5.89}
{'loss': 0.3917, 'learning_rate': 4.3788713200873815e-05, 'epoch': 5.89}
{'loss': 0.3296, 'learning_rate': 4.3745412462290656e-05, 'epoch': 5.9}
{'loss': 0.3772, 'learning_rate': 4.370211172370748e-05, 'epoch': 5.9}
{'loss': 0.3671, 'learning_rate': 4.365881098512431e-05, 'epoch': 5.9}
{'loss': 0.3661, 'learning_rate': 4.361551024654115e-05, 'epoch': 5.91}
{'loss': 0.3678, 'learning_rate': 4.3572209507957975e-05, 'epoch': 5.91}
{'loss': 0.3994, 'learning_rate': 4.352890876937481e-05, 'epoch': 5.92}
{'loss': 0.3728, 'learning_rate': 4.3485608030791644e-05, 'epoch': 5.92}
{'loss': 0.3659, 'learning_rate': 4.3442307292208466e-05, 'epoch': 5.92}
{'loss': 0.3617, 'learning_rate': 4.33990065536253e-05, 'epoch': 5.93}
{'loss': 0.3698, 'learning_rate': 4.335570581504214e-05, 'epoch': 5.93}
{'loss': 0.3431, 'learning_rate': 4.331240507645896e-05, 'epoch': 5.94}
{'loss': 0.3472, 'learning_rate': 4.32691043378758e-05, 'epoch': 5.94}
{'loss': 0.3498, 'learning_rate': 4.322580359929263e-05, 'epoch': 5.94}
{'loss': 0.3869, 'learning_rate': 4.318250286070946e-05, 'epoch': 5.95}
{'loss': 0.3504, 'learning_rate': 4.3139202122126295e-05, 'epoch': 5.95}
{'loss': 0.3576, 'learning_rate': 4.3095901383543116e-05, 'epoch': 5.96}
{'loss': 0.3538, 'learning_rate': 4.305260064495995e-05, 'epoch': 5.96}
{'loss': 0.3225, 'learning_rate': 4.3009299906376786e-05, 'epoch': 5.96}
{'loss': 0.3726, 'learning_rate': 4.2965999167793614e-05, 'epoch': 5.97}
{'loss': 0.3543, 'learning_rate': 4.292269842921045e-05, 'epoch': 5.97}
{'loss': 0.3735, 'learning_rate': 4.2879397690627283e-05, 'epoch': 5.98}
{'loss': 0.3244, 'learning_rate': 4.2836096952044105e-05, 'epoch': 5.98}
{'loss': 0.3529, 'learning_rate': 4.2792796213460946e-05, 'epoch': 5.99}
{'loss': 0.387, 'learning_rate': 4.274949547487778e-05, 'epoch': 5.99}
{'loss': 0.357, 'learning_rate': 4.27061947362946e-05, 'epoch': 5.99}
{'loss': 0.3945, 'learning_rate': 4.266289399771144e-05, 'epoch': 6.0}
[INFO|trainer.py:520] 2026-10-04 15:37:25,382 >> The following columns in the evaluation set  don't have a corresponding argument in `PETLEncModel.forward` and have been ignored: hypothesis, idx, premise.
[INFO|trainer.py:2179] 2026-10-04 15:37:25,385 >> ***** Running Evaluation *****
[INFO|trainer.py:2181] 2026-10-04 15:37:25,385 >>   Num examples = 9815
[INFO|trainer.py:2184] 2026-10-04 15:37:25,385 >>   Batch size = 32
{'eval_loss': 0.3669254183769226, 'eval_accuracy': 0.8667345899133979, 'eval_runtime': 13.4192, 'eval_samples_per_second': 731.413, 'eval_steps_per_second': 22.878, 'epoch': 6.0}
[INFO|trainer.py:1933] 2026-10-04 15:37:38,806 >> Saving model checkpoint to checkpoints/glue/mnli/20261004/glue.mnli.adapter.am_adapter.ao_sequential.fm_adapter.fo_sequential.abn.fbn.ac_add.fl_none.finit_bert.fs_1.unfrz_ef_.ne10.warm0.06.wd0.1.seed2./checkpoint-73632
[INFO|configuration_utils.py:364] 2026-10-04 15:37:38,808 >> Configuration saved in checkpoints/glue/mnli/20261004/glue.mnli.adapter.am_adapter.ao_sequential.fm_adapter.fo_sequential.abn.fbn.ac_add.fl_none.finit_bert.fs_1.unfrz_ef_.ne10.warm0.06.wd0.1.seed2./checkpoint-73632/config.json
[INFO|modeling_utils.py:898] 2026-10-04 15:37:39,082 >> Model weights saved in checkpoints/glue/mnli/20261004/glue.mnli.adapter.am_adapter.ao_sequential.fm_adapter.fo_sequential.abn.fbn.ac_add.fl_none.finit_bert.fs_1.unfrz_ef_.ne10.warm0.06.wd0.1.seed2./checkpoint-73632/pytorch_model.bin
[INFO|tokenization_utils_base.py:1948] 2026-10-04 15:37:39,083 >> tokenizer config file saved in checkpoints/glue/mnli/20261004/glue.mnli.adapter.am_adapter.ao_sequential.fm_adapter.fo_sequential.abn.fbn.ac_add.fl_none.finit_bert.fs_1.unfrz_ef_.ne10.warm0.06.wd0.1.seed2./checkpoint-73632/tokenizer_config.json
[INFO|tokenization_utils_base.py:1954] 2026-10-04 15:37:39,084 >> Special tokens file saved in checkpoints/glue/mnli/20261004/glue.mnli.adapter.am_adapter.ao_sequential.fm_adapter.fo_sequential.abn.fbn.ac_add.fl_none.finit_bert.fs_1.unfrz_ef_.ne10.warm0.06.wd0.1.seed2./checkpoint-73632/special_tokens_map.json
[INFO|trainer.py:2009] 2026-10-04 15:37:39,163 >> Deleting older checkpoint [checkpoints/glue/mnli/20261004/glue.mnli.adapter.am_adapter.ao_sequential.fm_adapter.fo_sequential.abn.fbn.ac_add.fl_none.finit_bert.fs_1.unfrz_ef_.ne10.warm0.06.wd0.1.seed2./checkpoint-49088] due to args.save_total_limit
/work/unify-parameter-efficient-tuning/src/transformers/trainer.py:1784: FutureWarning: `torch.cuda.amp.autocast(args...)` is deprecated. Please use `torch.amp.autocast('cuda', args...)` instead.
  with autocast():
{'loss': 0.3302, 'learning_rate': 4.2619593259128265e-05, 'epoch': 6.0}
{'loss': 0.3952, 'learning_rate': 4.25762925205451e-05, 'epoch': 6.01}
{'loss': 0.385, 'learning_rate': 4.2532991781961934e-05, 'epoch': 6.01}
{'loss': 0.3591, 'learning_rate': 4.2489691043378756e-05, 'epoch': 6.01}
{'loss': 0.3392, 'learning_rate': 4.244639030479559e-05, 'epoch': 6.02}
{'loss': 0.3553, 'learning_rate': 4.2403089566212425e-05, 'epoch': 6.02}
{'loss': 0.3619, 'learning_rate': 4.235978882762925e-05, 'epoch': 6.03}
{'loss': 0.3693, 'learning_rate': 4.231648808904609e-05, 'epoch': 6.03}
{'loss': 0.3515, 'learning_rate': 4.227318735046292e-05, 'epoch': 6.03}
{'loss': 0.3168, 'learning_rate': 4.222988661187975e-05, 'epoch': 6.04}
{'loss': 0.3186, 'learning_rate': 4.2186585873296585e-05, 'epoch': 6.04}
{'loss': 0.3394, 'learning_rate': 4.2143285134713407e-05, 'epoch': 6.05}
{'loss': 0.3481, 'learning_rate': 4.209998439613024e-05, 'epoch': 6.05}
{'loss': 0.3536, 'learning_rate': 4.2056683657547076e-05, 'epoch': 6.05}
{'loss': 0.3411, 'learning_rate': 4.2013382918963904e-05, 'epoch': 6.06}
{'loss': 0.3415, 'learning_rate': 4.197008218038074e-05, 'epoch': 6.06}
{'loss': 0.3355, 'learning_rate': 4.1926781441797574e-05, 'epoch': 6.07}
{'loss': 0.3535, 'learning_rate': 4.1883480703214395e-05, 'epoch': 6.07}
{'loss': 0.3776, 'learning_rate': 4.184017996463123e-05, 'epoch': 6.07}
{'loss': 0.3331, 'learning_rate': 4.179687922604807e-05, 'epoch': 6.08}
{'loss': 0.3379, 'learning_rate': 4.175357848746489e-05, 'epoch': 6.08}
{'loss': 0.3632, 'learning_rate': 4.171027774888173e-05, 'epoch': 6.09}
{'loss': 0.3963, 'learning_rate': 4.166697701029856e-05, 'epoch': 6.09}
{'loss': 0.386, 'learning_rate': 4.162367627171539e-05, 'epoch': 6.1}
{'loss': 0.3454, 'learning_rate': 4.1580375533132224e-05, 'epoch': 6.1}
{'loss': 0.3072, 'learning_rate': 4.1537074794549046e-05, 'epoch': 6.1}
{'loss': 0.3669, 'learning_rate': 4.149377405596588e-05, 'epoch': 6.11}
{'loss': 0.3593, 'learning_rate': 4.1450473317382715e-05, 'epoch': 6.11}
{'loss': 0.3521, 'learning_rate': 4.140717257879954e-05, 'epoch': 6.12}
{'loss': 0.3564, 'learning_rate': 4.136387184021638e-05, 'epoch': 6.12}
{'loss': 0.3536, 'learning_rate': 4.132057110163321e-05, 'epoch': 6.12}
{'loss': 0.3522, 'learning_rate': 4.1277270363050034e-05, 'epoch': 6.13}
{'loss': 0.3742, 'learning_rate': 4.1233969624466875e-05, 'epoch': 6.13}
{'loss': 0.3596, 'learning_rate': 4.119066888588371e-05, 'epoch': 6.14}
{'loss': 0.3234, 'learning_rate': 4.114736814730053e-05, 'epoch': 6.14}
{'loss': 0.3709, 'learning_rate': 4.1104933423489034e-05, 'epoch': 6.14}
{'loss': 0.3297, 'learning_rate': 4.1061632684905855e-05, 'epoch': 6.15}
{'loss': 0.3615, 'learning_rate': 4.101833194632269e-05, 'epoch': 6.15}
{'loss': 0.3842, 'learning_rate': 4.0975031207739524e-05, 'epoch': 6.16}
{'loss': 0.3325, 'learning_rate': 4.093173046915635e-05, 'epoch': 6.16}
{'loss': 0.3279, 'learning_rate': 4.088842973057319e-05, 'epoch': 6.16}
{'loss': 0.3608, 'learning_rate': 4.084512899199002e-05, 'epoch': 6.17}
{'loss': 0.3831, 'learning_rate': 4.080182825340684e-05, 'epoch': 6.17}
{'loss': 0.3785, 'learning_rate': 4.075852751482368e-05, 'epoch': 6.18}
{'loss': 0.3649, 'learning_rate': 4.071522677624051e-05, 'epoch': 6.18}
{'loss': 0.3591, 'learning_rate': 4.067192603765734e-05, 'epoch': 6.18}
{'loss': 0.3251, 'learning_rate': 4.0628625299074175e-05, 'epoch': 6.19}
{'loss': 0.3123, 'learning_rate': 4.058532456049101e-05, 'epoch': 6.19}
{'loss': 0.3454, 'learning_rate': 4.054202382190784e-05, 'epoch': 6.2}
{'loss': 0.3609, 'learning_rate': 4.049872308332467e-05, 'epoch': 6.2}
{'loss': 0.3628, 'learning_rate': 4.0455422344741494e-05, 'epoch': 6.21}
{'loss': 0.3657, 'learning_rate': 4.041212160615833e-05, 'epoch': 6.21}
{'loss': 0.3606, 'learning_rate': 4.036882086757516e-05, 'epoch': 6.21}
{'loss': 0.3685, 'learning_rate': 4.032552012899199e-05, 'epoch': 6.22}
{'loss': 0.3497, 'learning_rate': 4.0282219390408826e-05, 'epoch': 6.22}
{'loss': 0.3447, 'learning_rate': 4.023891865182566e-05, 'epoch': 6.23}
{'loss': 0.3584, 'learning_rate': 4.019561791324248e-05, 'epoch': 6.23}
{'loss': 0.361, 'learning_rate': 4.015231717465932e-05, 'epoch': 6.23}
{'loss': 0.3528, 'learning_rate': 4.010901643607616e-05, 'epoch': 6.24}
{'loss': 0.3743, 'learning_rate': 4.006571569749298e-05, 'epoch': 6.24}
{'loss': 0.3489, 'learning_rate': 4.0022414958909814e-05, 'epoch': 6.25}
{'loss': 0.3692, 'learning_rate': 3.997911422032664e-05, 'epoch': 6.25}
{'loss': 0.319, 'learning_rate': 3.993581348174348e-05, 'epoch': 6.25}
{'loss': 0.3807, 'learning_rate': 3.989251274316031e-05, 'epoch': 6.26}
{'loss': 0.3636, 'learning_rate': 3.984921200457713e-05, 'epoch': 6.26}
{'loss': 0.3803, 'learning_rate': 3.980591126599397e-05, 'epoch': 6.27}
{'loss': 0.3534, 'learning_rate': 3.97626105274108e-05, 'epoch': 6.27}
{'loss': 0.366, 'learning_rate': 3.971930978882763e-05, 'epoch': 6.27}
{'loss': 0.3594, 'learning_rate': 3.9676009050244465e-05, 'epoch': 6.28}
{'loss': 0.3256, 'learning_rate': 3.96327083116613e-05, 'epoch': 6.28}
{'loss': 0.3495, 'learning_rate': 3.958940757307812e-05, 'epoch': 6.29}
{'loss': 0.3666, 'learning_rate': 3.954610683449496e-05, 'epoch': 6.29}
{'loss': 0.3677, 'learning_rate': 3.9502806095911784e-05, 'epoch': 6.29}
{'loss': 0.3653, 'learning_rate': 3.945950535732862e-05, 'epoch': 6.3}
{'loss': 0.3484, 'learning_rate': 3.9416204618745453e-05, 'epoch': 6.3}
{'loss': 0.3808, 'learning_rate': 3.937290388016228e-05, 'epoch': 6.31}
{'loss': 0.3864, 'learning_rate': 3.9329603141579116e-05, 'epoch': 6.31}
{'loss': 0.3468, 'learning_rate': 3.928630240299595e-05, 'epoch': 6.32}
{'loss': 0.3629, 'learning_rate': 3.924300166441277e-05, 'epoch': 6.32}
{'loss': 0.3301, 'learning_rate': 3.919970092582961e-05, 'epoch': 6.32}
{'loss': 0.366, 'learning_rate': 3.915640018724644e-05, 'epoch': 6.33}
{'loss': 0.3302, 'learning_rate': 3.911309944866327e-05, 'epoch': 6.33}
{'loss': 0.3428, 'learning_rate': 3.9069798710080104e-05, 'epoch': 6.34}
{'loss': 0.3281, 'learning_rate': 3.902649797149694e-05, 'epoch': 6.34}
{'loss': 0.3556, 'learning_rate': 3.898319723291377e-05, 'epoch': 6.34}
{'loss': 0.3402, 'learning_rate': 3.89398964943306e-05, 'epoch': 6.35}
{'loss': 0.3475, 'learning_rate': 3.889659575574742e-05, 'epoch': 6.35}
{'loss': 0.3443, 'learning_rate': 3.885329501716426e-05, 'epoch': 6.36}
{'loss': 0.3588, 'learning_rate': 3.880999427858109e-05, 'epoch': 6.36}
{'loss': 0.3461, 'learning_rate': 3.876755955476958e-05, 'epoch': 6.36}
{'loss': 0.3896, 'learning_rate': 3.8724258816186416e-05, 'epoch': 6.37}
{'loss': 0.3791, 'learning_rate': 3.868095807760325e-05, 'epoch': 6.37}
{'loss': 0.3577, 'learning_rate': 3.863765733902008e-05, 'epoch': 6.38}
{'loss': 0.3661, 'learning_rate': 3.8594356600436913e-05, 'epoch': 6.38}
{'loss': 0.3808, 'learning_rate': 3.855105586185375e-05, 'epoch': 6.38}
{'loss': 0.3451, 'learning_rate': 3.850775512327057e-05, 'epoch': 6.39}
{'loss': 0.3756, 'learning_rate': 3.8464454384687404e-05, 'epoch': 6.39}
{'loss': 0.3631, 'learning_rate': 3.842115364610423e-05, 'epoch': 6.4}
{'loss': 0.3445, 'learning_rate': 3.837785290752107e-05, 'epoch': 6.4}
{'loss': 0.3525, 'learning_rate': 3.83345521689379e-05, 'epoch': 6.4}
{'loss': 0.3614, 'learning_rate': 3.829125143035473e-05, 'epoch': 6.41}
{'loss': 0.3644, 'learning_rate': 3.8247950691771564e-05, 'epoch': 6.41}
{'loss': 0.3934, 'learning_rate': 3.82046499531884e-05, 'epoch': 6.42}
{'loss': 0.3386, 'learning_rate': 3.816134921460522e-05, 'epoch': 6.42}
{'loss': 0.3544, 'learning_rate': 3.8118048476022055e-05, 'epoch': 6.43}
{'loss': 0.3636, 'learning_rate': 3.807474773743889e-05, 'epoch': 6.43}
{'loss': 0.3708, 'learning_rate': 3.803144699885572e-05, 'epoch': 6.43}
{'loss': 0.3635, 'learning_rate': 3.798814626027255e-05, 'epoch': 6.44}
{'loss': 0.3496, 'learning_rate': 3.794484552168939e-05, 'epoch': 6.44}
{'loss': 0.3737, 'learning_rate': 3.7901544783106215e-05, 'epoch': 6.45}
{'loss': 0.364, 'learning_rate': 3.785824404452305e-05, 'epoch': 6.45}
{'loss': 0.3559, 'learning_rate': 3.781494330593987e-05, 'epoch': 6.45}
{'loss': 0.3372, 'learning_rate': 3.7771642567356706e-05, 'epoch': 6.46}
{'loss': 0.325, 'learning_rate': 3.772834182877354e-05, 'epoch': 6.46}
{'loss': 0.3566, 'learning_rate': 3.768590710496203e-05, 'epoch': 6.47}
{'loss': 0.3416, 'learning_rate': 3.7642606366378864e-05, 'epoch': 6.47}
{'loss': 0.3716, 'learning_rate': 3.75993056277957e-05, 'epoch': 6.47}
{'loss': 0.3585, 'learning_rate': 3.755600488921253e-05, 'epoch': 6.48}
{'loss': 0.3857, 'learning_rate': 3.751270415062936e-05, 'epoch': 6.48}
{'loss': 0.3519, 'learning_rate': 3.7469403412046196e-05, 'epoch': 6.49}
{'loss': 0.3649, 'learning_rate': 3.742610267346302e-05, 'epoch': 6.49}
{'loss': 0.3694, 'learning_rate': 3.738280193487985e-05, 'epoch': 6.49}
{'loss': 0.3604, 'learning_rate': 3.733950119629668e-05, 'epoch': 6.5}
{'loss': 0.3479, 'learning_rate': 3.7296200457713515e-05, 'epoch': 6.5}
{'loss': 0.3783, 'learning_rate': 3.725289971913035e-05, 'epoch': 6.51}
{'loss': 0.3607, 'learning_rate': 3.720959898054718e-05, 'epoch': 6.51}
{'loss': 0.3171, 'learning_rate': 3.716629824196401e-05, 'epoch': 6.51}
{'loss': 0.3256, 'learning_rate': 3.712299750338085e-05, 'epoch': 6.52}
{'loss': 0.3529, 'learning_rate': 3.707969676479767e-05, 'epoch': 6.52}
{'loss': 0.3551, 'learning_rate': 3.70363960262145e-05, 'epoch': 6.53}
{'loss': 0.332, 'learning_rate': 3.699309528763134e-05, 'epoch': 6.53}
{'loss': 0.3737, 'learning_rate': 3.6949794549048166e-05, 'epoch': 6.54}
{'loss': 0.3362, 'learning_rate': 3.6906493810465e-05, 'epoch': 6.54}
{'loss': 0.3564, 'learning_rate': 3.6863193071881835e-05, 'epoch': 6.54}
{'loss': 0.3546, 'learning_rate': 3.681989233329866e-05, 'epoch': 6.55}
{'loss': 0.3604, 'learning_rate': 3.67765915947155e-05, 'epoch': 6.55}
{'loss': 0.3635, 'learning_rate': 3.673329085613232e-05, 'epoch': 6.56}
{'loss': 0.3844, 'learning_rate': 3.6689990117549154e-05, 'epoch': 6.56}
{'loss': 0.3734, 'learning_rate': 3.664668937896599e-05, 'epoch': 6.56}
{'loss': 0.328, 'learning_rate': 3.660338864038282e-05, 'epoch': 6.57}
{'loss': 0.354, 'learning_rate': 3.656008790179965e-05, 'epoch': 6.57}
{'loss': 0.3423, 'learning_rate': 3.6516787163216486e-05, 'epoch': 6.58}
{'loss': 0.3495, 'learning_rate': 3.647348642463331e-05, 'epoch': 6.58}
{'loss': 0.3667, 'learning_rate': 3.643018568605014e-05, 'epoch': 6.58}
{'loss': 0.3647, 'learning_rate': 3.638688494746698e-05, 'epoch': 6.59}
{'loss': 0.3617, 'learning_rate': 3.6343584208883805e-05, 'epoch': 6.59}
{'loss': 0.3863, 'learning_rate': 3.630028347030064e-05, 'epoch': 6.6}
{'loss': 0.3376, 'learning_rate': 3.625698273171746e-05, 'epoch': 6.6}
{'loss': 0.3412, 'learning_rate': 3.62136819931343e-05, 'epoch': 6.6}
{'loss': 0.3582, 'learning_rate': 3.617038125455114e-05, 'epoch': 6.61}
{'loss': 0.3479, 'learning_rate': 3.612708051596796e-05, 'epoch': 6.61}
{'loss': 0.3756, 'learning_rate': 3.608377977738479e-05, 'epoch': 6.62}
{'loss': 0.3594, 'learning_rate': 3.604047903880163e-05, 'epoch': 6.62}
{'loss': 0.3642, 'learning_rate': 3.5997178300218456e-05, 'epoch': 6.62}
{'loss': 0.3419, 'learning_rate': 3.595387756163529e-05, 'epoch': 6.63}
{'loss': 0.3537, 'learning_rate': 3.5910576823052126e-05, 'epoch': 6.63}
{'loss': 0.3738, 'learning_rate': 3.586727608446895e-05, 'epoch': 6.64}
{'loss': 0.3832, 'learning_rate': 3.582397534588578e-05, 'epoch': 6.64}
{'loss': 0.3631, 'learning_rate': 3.578067460730261e-05, 'epoch': 6.65}
{'loss': 0.3676, 'learning_rate': 3.5737373868719444e-05, 'epoch': 6.65}
{'loss': 0.3675, 'learning_rate': 3.569407313013628e-05, 'epoch': 6.65}
{'loss': 0.3363, 'learning_rate': 3.565077239155311e-05, 'epoch': 6.66}
{'loss': 0.3588, 'learning_rate': 3.560747165296994e-05, 'epoch': 6.66}
{'loss': 0.3353, 'learning_rate': 3.5564170914386777e-05, 'epoch': 6.67}
{'loss': 0.3683, 'learning_rate': 3.55208701758036e-05, 'epoch': 6.67}
{'loss': 0.3877, 'learning_rate': 3.547756943722043e-05, 'epoch': 6.67}
{'loss': 0.3823, 'learning_rate': 3.543426869863727e-05, 'epoch': 6.68}
{'loss': 0.3505, 'learning_rate': 3.5390967960054095e-05, 'epoch': 6.68}
{'loss': 0.3403, 'learning_rate': 3.534766722147093e-05, 'epoch': 6.69}
{'loss': 0.3273, 'learning_rate': 3.5304366482887765e-05, 'epoch': 6.69}
{'loss': 0.3783, 'learning_rate': 3.5261065744304586e-05, 'epoch': 6.69}
{'loss': 0.3374, 'learning_rate': 3.521776500572143e-05, 'epoch': 6.7}
{'loss': 0.3361, 'learning_rate': 3.517446426713825e-05, 'epoch': 6.7}
{'loss': 0.3172, 'learning_rate': 3.5131163528555083e-05, 'epoch': 6.71}
{'loss': 0.3382, 'learning_rate': 3.508786278997192e-05, 'epoch': 6.71}
{'loss': 0.3421, 'learning_rate': 3.5044562051388746e-05, 'epoch': 6.71}
{'loss': 0.3405, 'learning_rate': 3.500126131280558e-05, 'epoch': 6.72}
{'loss': 0.3441, 'learning_rate': 3.4957960574222416e-05, 'epoch': 6.72}
{'loss': 0.3598, 'learning_rate': 3.491465983563924e-05, 'epoch': 6.73}
{'loss': 0.3718, 'learning_rate': 3.487135909705607e-05, 'epoch': 6.73}
{'loss': 0.3581, 'learning_rate': 3.4828058358472906e-05, 'epoch': 6.73}
{'loss': 0.379, 'learning_rate': 3.4784757619889734e-05, 'epoch': 6.74}
{'loss': 0.356, 'learning_rate': 3.474145688130657e-05, 'epoch': 6.74}
{'loss': 0.3402, 'learning_rate': 3.469815614272339e-05, 'epoch': 6.75}
{'loss': 0.342, 'learning_rate': 3.465485540414023e-05, 'epoch': 6.75}
{'loss': 0.3292, 'learning_rate': 3.4611554665557067e-05, 'epoch': 6.76}
{'loss': 0.3875, 'learning_rate': 3.456825392697389e-05, 'epoch': 6.76}
{'loss': 0.3551, 'learning_rate': 3.452495318839072e-05, 'epoch': 6.76}
{'loss': 0.3573, 'learning_rate': 3.448165244980756e-05, 'epoch': 6.77}
{'loss': 0.3613, 'learning_rate': 3.4438351711224385e-05, 'epoch': 6.77}
{'loss': 0.3907, 'learning_rate': 3.439505097264122e-05, 'epoch': 6.78}
{'loss': 0.3511, 'learning_rate': 3.4351750234058055e-05, 'epoch': 6.78}
{'loss': 0.3526, 'learning_rate': 3.4308449495474876e-05, 'epoch': 6.78}
{'loss': 0.3704, 'learning_rate': 3.426514875689171e-05, 'epoch': 6.79}
{'loss': 0.356, 'learning_rate': 3.422184801830854e-05, 'epoch': 6.79}
{'loss': 0.3795, 'learning_rate': 3.4179413294497034e-05, 'epoch': 6.8}
{'loss': 0.3372, 'learning_rate': 3.413611255591387e-05, 'epoch': 6.8}
{'loss': 0.3639, 'learning_rate': 3.40928118173307e-05, 'epoch': 6.8}
{'loss': 0.3684, 'learning_rate': 3.404951107874753e-05, 'epoch': 6.81}
{'loss': 0.3369, 'learning_rate': 3.4006210340164366e-05, 'epoch': 6.81}
{'loss': 0.3732, 'learning_rate': 3.3962909601581194e-05, 'epoch': 6.82}
{'loss': 0.3628, 'learning_rate': 3.391960886299803e-05, 'epoch': 6.82}
{'loss': 0.3369, 'learning_rate': 3.3876308124414864e-05, 'epoch': 6.82}
{'loss': 0.3662, 'learning_rate': 3.3833007385831685e-05, 'epoch': 6.83}
{'loss': 0.3821, 'learning_rate': 3.378970664724852e-05, 'epoch': 6.83}
{'loss': 0.3366, 'learning_rate': 3.3746405908665355e-05, 'epoch': 6.84}
{'loss': 0.3574, 'learning_rate': 3.370310517008218e-05, 'epoch': 6.84}
{'loss': 0.3818, 'learning_rate': 3.365980443149902e-05, 'epoch': 6.84}
{'loss': 0.3671, 'learning_rate': 3.361650369291584e-05, 'epoch': 6.85}
{'loss': 0.3482, 'learning_rate': 3.357320295433267e-05, 'epoch': 6.85}
{'loss': 0.3284, 'learning_rate': 3.3529902215749515e-05, 'epoch': 6.86}
{'loss': 0.3634, 'learning_rate': 3.3486601477166336e-05, 'epoch': 6.86}
{'loss': 0.3641, 'learning_rate': 3.344330073858317e-05, 'epoch': 6.87}
{'loss': 0.3817, 'learning_rate': 3.3400000000000005e-05, 'epoch': 6.87}
{'loss': 0.3272, 'learning_rate': 3.3356699261416833e-05, 'epoch': 6.87}
{'loss': 0.3521, 'learning_rate': 3.331339852283367e-05, 'epoch': 6.88}
{'loss': 0.3573, 'learning_rate': 3.32700977842505e-05, 'epoch': 6.88}
{'loss': 0.3687, 'learning_rate': 3.3226797045667324e-05, 'epoch': 6.89}
{'loss': 0.3641, 'learning_rate': 3.318349630708416e-05, 'epoch': 6.89}
{'loss': 0.3487, 'learning_rate': 3.3140195568500994e-05, 'epoch': 6.89}
{'loss': 0.3306, 'learning_rate': 3.309689482991782e-05, 'epoch': 6.9}
{'loss': 0.3691, 'learning_rate': 3.3053594091334656e-05, 'epoch': 6.9}
{'loss': 0.3524, 'learning_rate': 3.301029335275148e-05, 'epoch': 6.91}
{'loss': 0.3482, 'learning_rate': 3.296699261416832e-05, 'epoch': 6.91}
{'loss': 0.3897, 'learning_rate': 3.2923691875585154e-05, 'epoch': 6.91}
{'loss': 0.3426, 'learning_rate': 3.2880391137001975e-05, 'epoch': 6.92}
{'loss': 0.3798, 'learning_rate': 3.283709039841881e-05, 'epoch': 6.92}
{'loss': 0.354, 'learning_rate': 3.2793789659835645e-05, 'epoch': 6.93}
{'loss': 0.3667, 'learning_rate': 3.275048892125247e-05, 'epoch': 6.93}
{'loss': 0.3485, 'learning_rate': 3.270718818266931e-05, 'epoch': 6.93}
{'loss': 0.3626, 'learning_rate': 3.266388744408614e-05, 'epoch': 6.94}
{'loss': 0.3632, 'learning_rate': 3.262058670550296e-05, 'epoch': 6.94}
{'loss': 0.3603, 'learning_rate': 3.25772859669198e-05, 'epoch': 6.95}
{'loss': 0.3803, 'learning_rate': 3.2533985228336626e-05, 'epoch': 6.95}
{'loss': 0.3776, 'learning_rate': 3.249068448975346e-05, 'epoch': 6.95}
{'loss': 0.3332, 'learning_rate': 3.2447383751170296e-05, 'epoch': 6.96}
{'loss': 0.3584, 'learning_rate': 3.2404083012587124e-05, 'epoch': 6.96}
{'loss': 0.3708, 'learning_rate': 3.236078227400396e-05, 'epoch': 6.97}
{'loss': 0.3569, 'learning_rate': 3.231748153542079e-05, 'epoch': 6.97}
{'loss': 0.348, 'learning_rate': 3.2274180796837614e-05, 'epoch': 6.98}
{'loss': 0.3511, 'learning_rate': 3.223088005825445e-05, 'epoch': 6.98}
{'loss': 0.3455, 'learning_rate': 3.2187579319671284e-05, 'epoch': 6.98}
{'loss': 0.3693, 'learning_rate': 3.214427858108811e-05, 'epoch': 6.99}
{'loss': 0.362, 'learning_rate': 3.2100977842504946e-05, 'epoch': 6.99}
{'loss': 0.3571, 'learning_rate': 3.205767710392177e-05, 'epoch': 7.0}
{'loss': 0.3604, 'learning_rate': 3.201437636533861e-05, 'epoch': 7.0}
[INFO|trainer.py:520] 2026-10-04 15:44:47,904 >> The following columns in the evaluation set  don't have a corresponding argument in `PETLEncModel.forward` and have been ignored: hypothesis, idx, premise.
[INFO|trainer.py:2179] 2026-10-04 15:44:47,906 >> ***** Running Evaluation *****
[INFO|trainer.py:2181] 2026-10-04 15:44:47,906 >>   Num examples = 9815
[INFO|trainer.py:2184] 2026-10-04 15:44:47,906 >>   Batch size = 32
{'eval_loss': 0.35504892468452454, 'eval_accuracy': 0.8694854814060112, 'eval_runtime': 13.1817, 'eval_samples_per_second': 744.594, 'eval_steps_per_second': 23.29, 'epoch': 7.0}
[INFO|trainer.py:1933] 2026-10-04 15:45:01,089 >> Saving model checkpoint to checkpoints/glue/mnli/20261004/glue.mnli.adapter.am_adapter.ao_sequential.fm_adapter.fo_sequential.abn.fbn.ac_add.fl_none.finit_bert.fs_1.unfrz_ef_.ne10.warm0.06.wd0.1.seed2./checkpoint-85904
[INFO|configuration_utils.py:364] 2026-10-04 15:45:01,090 >> Configuration saved in checkpoints/glue/mnli/20261004/glue.mnli.adapter.am_adapter.ao_sequential.fm_adapter.fo_sequential.abn.fbn.ac_add.fl_none.finit_bert.fs_1.unfrz_ef_.ne10.warm0.06.wd0.1.seed2./checkpoint-85904/config.json
[INFO|modeling_utils.py:898] 2026-10-04 15:45:01,373 >> Model weights saved in checkpoints/glue/mnli/20261004/glue.mnli.adapter.am_adapter.ao_sequential.fm_adapter.fo_sequential.abn.fbn.ac_add.fl_none.finit_bert.fs_1.unfrz_ef_.ne10.warm0.06.wd0.1.seed2./checkpoint-85904/pytorch_model.bin
[INFO|tokenization_utils_base.py:1948] 2026-10-04 15:45:01,374 >> tokenizer config file saved in checkpoints/glue/mnli/20261004/glue.mnli.adapter.am_adapter.ao_sequential.fm_adapter.fo_sequential.abn.fbn.ac_add.fl_none.finit_bert.fs_1.unfrz_ef_.ne10.warm0.06.wd0.1.seed2./checkpoint-85904/tokenizer_config.json
[INFO|tokenization_utils_base.py:1954] 2026-10-04 15:45:01,375 >> Special tokens file saved in checkpoints/glue/mnli/20261004/glue.mnli.adapter.am_adapter.ao_sequential.fm_adapter.fo_sequential.abn.fbn.ac_add.fl_none.finit_bert.fs_1.unfrz_ef_.ne10.warm0.06.wd0.1.seed2./checkpoint-85904/special_tokens_map.json
[INFO|trainer.py:2009] 2026-10-04 15:45:01,455 >> Deleting older checkpoint [checkpoints/glue/mnli/20261004/glue.mnli.adapter.am_adapter.ao_sequential.fm_adapter.fo_sequential.abn.fbn.ac_add.fl_none.finit_bert.fs_1.unfrz_ef_.ne10.warm0.06.wd0.1.seed2./checkpoint-61360] due to args.save_total_limit
/work/unify-parameter-efficient-tuning/src/transformers/trainer.py:1784: FutureWarning: `torch.cuda.amp.autocast(args...)` is deprecated. Please use `torch.amp.autocast('cuda', args...)` instead.
  with autocast():
{'loss': 0.3615, 'learning_rate': 3.1971075626755444e-05, 'epoch': 7.0}
{'loss': 0.332, 'learning_rate': 3.1927774888172265e-05, 'epoch': 7.01}
{'loss': 0.3535, 'learning_rate': 3.18844741495891e-05, 'epoch': 7.01}
{'loss': 0.3378, 'learning_rate': 3.1841173411005935e-05, 'epoch': 7.02}
{'loss': 0.3544, 'learning_rate': 3.179873868719442e-05, 'epoch': 7.02}
{'loss': 0.3317, 'learning_rate': 3.175543794861126e-05, 'epoch': 7.02}
{'loss': 0.3598, 'learning_rate': 3.171213721002809e-05, 'epoch': 7.03}
{'loss': 0.3682, 'learning_rate': 3.166883647144492e-05, 'epoch': 7.03}
{'loss': 0.3372, 'learning_rate': 3.1625535732861756e-05, 'epoch': 7.04}
{'loss': 0.3386, 'learning_rate': 3.158223499427859e-05, 'epoch': 7.04}
{'loss': 0.3505, 'learning_rate': 3.153893425569541e-05, 'epoch': 7.04}
{'loss': 0.324, 'learning_rate': 3.1495633517112246e-05, 'epoch': 7.05}
{'loss': 0.3194, 'learning_rate': 3.1452332778529074e-05, 'epoch': 7.05}
{'loss': 0.4013, 'learning_rate': 3.140903203994591e-05, 'epoch': 7.06}
{'loss': 0.3558, 'learning_rate': 3.1365731301362744e-05, 'epoch': 7.06}
{'loss': 0.3364, 'learning_rate': 3.132243056277957e-05, 'epoch': 7.06}
{'loss': 0.3854, 'learning_rate': 3.1279129824196406e-05, 'epoch': 7.07}
{'loss': 0.3659, 'learning_rate': 3.123582908561324e-05, 'epoch': 7.07}
{'loss': 0.3379, 'learning_rate': 3.119252834703006e-05, 'epoch': 7.08}
{'loss': 0.3459, 'learning_rate': 3.11492276084469e-05, 'epoch': 7.08}
{'loss': 0.334, 'learning_rate': 3.110592686986373e-05, 'epoch': 7.09}
{'loss': 0.3306, 'learning_rate': 3.106262613128056e-05, 'epoch': 7.09}
{'loss': 0.3217, 'learning_rate': 3.1019325392697395e-05, 'epoch': 7.09}
{'loss': 0.3564, 'learning_rate': 3.0976024654114216e-05, 'epoch': 7.1}
{'loss': 0.3357, 'learning_rate': 3.093272391553105e-05, 'epoch': 7.1}
{'loss': 0.329, 'learning_rate': 3.088942317694789e-05, 'epoch': 7.11}
{'loss': 0.343, 'learning_rate': 3.084612243836471e-05, 'epoch': 7.11}
{'loss': 0.3551, 'learning_rate': 3.080282169978155e-05, 'epoch': 7.11}
{'loss': 0.3172, 'learning_rate': 3.075952096119838e-05, 'epoch': 7.12}
{'loss': 0.3526, 'learning_rate': 3.071622022261521e-05, 'epoch': 7.12}
{'loss': 0.3524, 'learning_rate': 3.0672919484032046e-05, 'epoch': 7.13}
{'loss': 0.3613, 'learning_rate': 3.062961874544888e-05, 'epoch': 7.13}
{'loss': 0.3864, 'learning_rate': 3.05863180068657e-05, 'epoch': 7.13}
{'loss': 0.3373, 'learning_rate': 3.0543017268282536e-05, 'epoch': 7.14}
{'loss': 0.3554, 'learning_rate': 3.0499716529699374e-05, 'epoch': 7.14}
{'loss': 0.3728, 'learning_rate': 3.0456415791116196e-05, 'epoch': 7.15}
{'loss': 0.336, 'learning_rate': 3.041311505253303e-05, 'epoch': 7.15}
{'loss': 0.3605, 'learning_rate': 3.036981431394986e-05, 'epoch': 7.15}
{'loss': 0.3385, 'learning_rate': 3.032651357536669e-05, 'epoch': 7.16}
{'loss': 0.3354, 'learning_rate': 3.0283212836783525e-05, 'epoch': 7.16}
{'loss': 0.3572, 'learning_rate': 3.0239912098200353e-05, 'epoch': 7.17}
{'loss': 0.3361, 'learning_rate': 3.0196611359617184e-05, 'epoch': 7.17}
{'loss': 0.3329, 'learning_rate': 3.015331062103402e-05, 'epoch': 7.17}
{'loss': 0.3308, 'learning_rate': 3.0110009882450847e-05, 'epoch': 7.18}
{'loss': 0.3661, 'learning_rate': 3.006670914386768e-05, 'epoch': 7.18}
{'loss': 0.3637, 'learning_rate': 3.0023408405284513e-05, 'epoch': 7.19}
{'loss': 0.334, 'learning_rate': 2.998010766670134e-05, 'epoch': 7.19}
{'loss': 0.3409, 'learning_rate': 2.993680692811818e-05, 'epoch': 7.2}
{'loss': 0.3292, 'learning_rate': 2.9893506189534997e-05, 'epoch': 7.2}
{'loss': 0.3292, 'learning_rate': 2.9850205450951835e-05, 'epoch': 7.2}
{'loss': 0.3241, 'learning_rate': 2.9806904712368673e-05, 'epoch': 7.21}
{'loss': 0.3544, 'learning_rate': 2.976360397378549e-05, 'epoch': 7.21}
{'loss': 0.361, 'learning_rate': 2.972030323520233e-05, 'epoch': 7.22}
{'loss': 0.3462, 'learning_rate': 2.9677002496619167e-05, 'epoch': 7.22}
{'loss': 0.3103, 'learning_rate': 2.9633701758035988e-05, 'epoch': 7.22}
{'loss': 0.3615, 'learning_rate': 2.959040101945283e-05, 'epoch': 7.23}
{'loss': 0.3424, 'learning_rate': 2.954710028086966e-05, 'epoch': 7.23}
{'loss': 0.3394, 'learning_rate': 2.9503799542286486e-05, 'epoch': 7.24}
{'loss': 0.3266, 'learning_rate': 2.9460498803703317e-05, 'epoch': 7.24}
{'loss': 0.3518, 'learning_rate': 2.9417198065120145e-05, 'epoch': 7.24}
{'loss': 0.3542, 'learning_rate': 2.937389732653698e-05, 'epoch': 7.25}
{'loss': 0.3296, 'learning_rate': 2.933059658795381e-05, 'epoch': 7.25}
{'loss': 0.3528, 'learning_rate': 2.928729584937064e-05, 'epoch': 7.26}
{'loss': 0.3489, 'learning_rate': 2.9243995110787474e-05, 'epoch': 7.26}
{'loss': 0.3581, 'learning_rate': 2.9200694372204305e-05, 'epoch': 7.26}
{'loss': 0.3453, 'learning_rate': 2.9157393633621133e-05, 'epoch': 7.27}
{'loss': 0.3091, 'learning_rate': 2.911409289503797e-05, 'epoch': 7.27}
{'loss': 0.335, 'learning_rate': 2.9070792156454806e-05, 'epoch': 7.28}
{'loss': 0.3578, 'learning_rate': 2.9027491417871634e-05, 'epoch': 7.28}
{'loss': 0.3478, 'learning_rate': 2.8984190679288466e-05, 'epoch': 7.28}
{'loss': 0.3249, 'learning_rate': 2.89408899407053e-05, 'epoch': 7.29}
{'loss': 0.3383, 'learning_rate': 2.889845521689379e-05, 'epoch': 7.29}
{'loss': 0.3648, 'learning_rate': 2.8855154478310627e-05, 'epoch': 7.3}
{'loss': 0.3604, 'learning_rate': 2.8811853739727445e-05, 'epoch': 7.3}
{'loss': 0.3501, 'learning_rate': 2.8768553001144283e-05, 'epoch': 7.31}
{'loss': 0.3386, 'learning_rate': 2.872525226256112e-05, 'epoch': 7.31}
{'loss': 0.3348, 'learning_rate': 2.868195152397794e-05, 'epoch': 7.31}
{'loss': 0.3491, 'learning_rate': 2.8639516800166444e-05, 'epoch': 7.32}
{'loss': 0.3528, 'learning_rate': 2.8596216061583276e-05, 'epoch': 7.32}
{'loss': 0.3321, 'learning_rate': 2.85529153230001e-05, 'epoch': 7.33}
{'loss': 0.3624, 'learning_rate': 2.8509614584416932e-05, 'epoch': 7.33}
{'loss': 0.3471, 'learning_rate': 2.846631384583377e-05, 'epoch': 7.33}
{'loss': 0.3434, 'learning_rate': 2.8423013107250595e-05, 'epoch': 7.34}
{'loss': 0.3298, 'learning_rate': 2.8379712368667426e-05, 'epoch': 7.34}
{'loss': 0.3564, 'learning_rate': 2.833641163008427e-05, 'epoch': 7.35}
{'loss': 0.3113, 'learning_rate': 2.829311089150109e-05, 'epoch': 7.35}
{'loss': 0.3569, 'learning_rate': 2.8249810152917927e-05, 'epoch': 7.35}
{'loss': 0.3585, 'learning_rate': 2.820650941433475e-05, 'epoch': 7.36}
{'loss': 0.3538, 'learning_rate': 2.8163208675751586e-05, 'epoch': 7.36}
{'loss': 0.3596, 'learning_rate': 2.811990793716842e-05, 'epoch': 7.37}
{'loss': 0.3635, 'learning_rate': 2.807660719858525e-05, 'epoch': 7.37}
{'loss': 0.3643, 'learning_rate': 2.803330646000208e-05, 'epoch': 7.37}
{'loss': 0.3508, 'learning_rate': 2.7990005721418915e-05, 'epoch': 7.38}
{'loss': 0.3706, 'learning_rate': 2.7946704982835743e-05, 'epoch': 7.38}
{'loss': 0.3318, 'learning_rate': 2.7903404244252574e-05, 'epoch': 7.39}
{'loss': 0.3689, 'learning_rate': 2.786010350566941e-05, 'epoch': 7.39}
{'loss': 0.3755, 'learning_rate': 2.7816802767086237e-05, 'epoch': 7.39}
{'loss': 0.3591, 'learning_rate': 2.7773502028503072e-05, 'epoch': 7.4}
{'loss': 0.3251, 'learning_rate': 2.7730201289919893e-05, 'epoch': 7.4}
{'loss': 0.3446, 'learning_rate': 2.768690055133673e-05, 'epoch': 7.41}
{'loss': 0.3436, 'learning_rate': 2.764359981275357e-05, 'epoch': 7.41}
{'loss': 0.3565, 'learning_rate': 2.7600299074170387e-05, 'epoch': 7.42}
{'loss': 0.3938, 'learning_rate': 2.7556998335587225e-05, 'epoch': 7.42}
{'loss': 0.3691, 'learning_rate': 2.7513697597004063e-05, 'epoch': 7.42}
{'loss': 0.3778, 'learning_rate': 2.747126287319255e-05, 'epoch': 7.43}
{'loss': 0.3678, 'learning_rate': 2.742796213460938e-05, 'epoch': 7.43}
{'loss': 0.3332, 'learning_rate': 2.7384661396026218e-05, 'epoch': 7.44}
{'loss': 0.3616, 'learning_rate': 2.7341360657443043e-05, 'epoch': 7.44}
{'loss': 0.3625, 'learning_rate': 2.7298059918859874e-05, 'epoch': 7.44}
{'loss': 0.3418, 'learning_rate': 2.7254759180276712e-05, 'epoch': 7.45}
{'loss': 0.3355, 'learning_rate': 2.7211458441693537e-05, 'epoch': 7.45}
{'loss': 0.3703, 'learning_rate': 2.7168157703110375e-05, 'epoch': 7.46}
{'loss': 0.3249, 'learning_rate': 2.7124856964527196e-05, 'epoch': 7.46}
{'loss': 0.3605, 'learning_rate': 2.708155622594403e-05, 'epoch': 7.46}
{'loss': 0.3474, 'learning_rate': 2.703825548736087e-05, 'epoch': 7.47}
{'loss': 0.3568, 'learning_rate': 2.6994954748777697e-05, 'epoch': 7.47}
{'loss': 0.3215, 'learning_rate': 2.695165401019453e-05, 'epoch': 7.48}
{'loss': 0.376, 'learning_rate': 2.6908353271611363e-05, 'epoch': 7.48}
{'loss': 0.3707, 'learning_rate': 2.686505253302819e-05, 'epoch': 7.48}
{'loss': 0.3467, 'learning_rate': 2.6821751794445022e-05, 'epoch': 7.49}
{'loss': 0.3526, 'learning_rate': 2.6778451055861857e-05, 'epoch': 7.49}
{'loss': 0.3624, 'learning_rate': 2.6735150317278685e-05, 'epoch': 7.5}
{'loss': 0.3539, 'learning_rate': 2.6691849578695517e-05, 'epoch': 7.5}
{'loss': 0.3473, 'learning_rate': 2.664854884011234e-05, 'epoch': 7.5}
{'loss': 0.3745, 'learning_rate': 2.660524810152918e-05, 'epoch': 7.51}
{'loss': 0.3349, 'learning_rate': 2.6561947362946017e-05, 'epoch': 7.51}
{'loss': 0.3619, 'learning_rate': 2.6518646624362835e-05, 'epoch': 7.52}
{'loss': 0.3651, 'learning_rate': 2.6475345885779673e-05, 'epoch': 7.52}
{'loss': 0.3397, 'learning_rate': 2.643204514719651e-05, 'epoch': 7.53}
{'loss': 0.3346, 'learning_rate': 2.638874440861333e-05, 'epoch': 7.53}
{'loss': 0.3457, 'learning_rate': 2.6345443670030168e-05, 'epoch': 7.53}
{'loss': 0.3236, 'learning_rate': 2.6302142931447006e-05, 'epoch': 7.54}
{'loss': 0.363, 'learning_rate': 2.6258842192863823e-05, 'epoch': 7.54}
{'loss': 0.3416, 'learning_rate': 2.621554145428066e-05, 'epoch': 7.55}
{'loss': 0.371, 'learning_rate': 2.617224071569749e-05, 'epoch': 7.55}
{'loss': 0.3266, 'learning_rate': 2.612893997711432e-05, 'epoch': 7.55}
{'loss': 0.3706, 'learning_rate': 2.6085639238531156e-05, 'epoch': 7.56}
{'loss': 0.3792, 'learning_rate': 2.6042338499947984e-05, 'epoch': 7.56}
{'loss': 0.3604, 'learning_rate': 2.599903776136482e-05, 'epoch': 7.57}
{'loss': 0.375, 'learning_rate': 2.595573702278165e-05, 'epoch': 7.57}
{'loss': 0.3393, 'learning_rate': 2.5912436284198478e-05, 'epoch': 7.57}
{'loss': 0.3276, 'learning_rate': 2.5869135545615313e-05, 'epoch': 7.58}
{'loss': 0.339, 'learning_rate': 2.5825834807032144e-05, 'epoch': 7.58}
{'loss': 0.3645, 'learning_rate': 2.5782534068448972e-05, 'epoch': 7.59}
{'loss': 0.3544, 'learning_rate': 2.573923332986581e-05, 'epoch': 7.59}
{'loss': 0.3477, 'learning_rate': 2.569593259128264e-05, 'epoch': 7.59}
{'loss': 0.3512, 'learning_rate': 2.5652631852699466e-05, 'epoch': 7.6}
{'loss': 0.3121, 'learning_rate': 2.5609331114116304e-05, 'epoch': 7.6}
{'loss': 0.3526, 'learning_rate': 2.556603037553313e-05, 'epoch': 7.61}
{'loss': 0.3519, 'learning_rate': 2.5522729636949967e-05, 'epoch': 7.61}
{'loss': 0.3605, 'learning_rate': 2.5479428898366798e-05, 'epoch': 7.61}
{'loss': 0.3816, 'learning_rate': 2.5436128159783623e-05, 'epoch': 7.62}
{'loss': 0.3524, 'learning_rate': 2.539282742120046e-05, 'epoch': 7.62}
{'loss': 0.3368, 'learning_rate': 2.5349526682617292e-05, 'epoch': 7.63}
{'loss': 0.3385, 'learning_rate': 2.5306225944034117e-05, 'epoch': 7.63}
{'loss': 0.3447, 'learning_rate': 2.526292520545095e-05, 'epoch': 7.64}
{'loss': 0.3435, 'learning_rate': 2.5219624466867786e-05, 'epoch': 7.64}
{'loss': 0.3737, 'learning_rate': 2.517632372828461e-05, 'epoch': 7.64}
{'loss': 0.3407, 'learning_rate': 2.513302298970145e-05, 'epoch': 7.65}
{'loss': 0.3569, 'learning_rate': 2.508972225111827e-05, 'epoch': 7.65}
{'loss': 0.3455, 'learning_rate': 2.5046421512535105e-05, 'epoch': 7.66}
{'loss': 0.3353, 'learning_rate': 2.5003120773951943e-05, 'epoch': 7.66}
{'loss': 0.3336, 'learning_rate': 2.4959820035368768e-05, 'epoch': 7.66}
{'loss': 0.3754, 'learning_rate': 2.4916519296785603e-05, 'epoch': 7.67}
{'loss': 0.3122, 'learning_rate': 2.4873218558202437e-05, 'epoch': 7.67}
{'loss': 0.373, 'learning_rate': 2.4829917819619262e-05, 'epoch': 7.68}
{'loss': 0.3697, 'learning_rate': 2.4786617081036097e-05, 'epoch': 7.68}
{'loss': 0.336, 'learning_rate': 2.474331634245293e-05, 'epoch': 7.68}
{'loss': 0.3476, 'learning_rate': 2.4700015603869756e-05, 'epoch': 7.69}
{'loss': 0.3198, 'learning_rate': 2.465671486528659e-05, 'epoch': 7.69}
{'loss': 0.3269, 'learning_rate': 2.4613414126703415e-05, 'epoch': 7.7}
{'loss': 0.3489, 'learning_rate': 2.4570113388120254e-05, 'epoch': 7.7}
{'loss': 0.3502, 'learning_rate': 2.452681264953709e-05, 'epoch': 7.7}
{'loss': 0.3326, 'learning_rate': 2.4483511910953913e-05, 'epoch': 7.71}
{'loss': 0.3633, 'learning_rate': 2.4440211172370748e-05, 'epoch': 7.71}
{'loss': 0.3747, 'learning_rate': 2.4396910433787582e-05, 'epoch': 7.72}
{'loss': 0.3641, 'learning_rate': 2.4353609695204407e-05, 'epoch': 7.72}
{'loss': 0.3562, 'learning_rate': 2.4310308956621242e-05, 'epoch': 7.72}
{'loss': 0.3494, 'learning_rate': 2.4267008218038077e-05, 'epoch': 7.73}
{'loss': 0.3361, 'learning_rate': 2.42237074794549e-05, 'epoch': 7.73}
{'loss': 0.3159, 'learning_rate': 2.4180406740871736e-05, 'epoch': 7.74}
{'loss': 0.4121, 'learning_rate': 2.4137106002288574e-05, 'epoch': 7.74}
{'loss': 0.3345, 'learning_rate': 2.4093805263705395e-05, 'epoch': 7.75}
{'loss': 0.3592, 'learning_rate': 2.4050504525122233e-05, 'epoch': 7.75}
{'loss': 0.3711, 'learning_rate': 2.4007203786539058e-05, 'epoch': 7.75}
{'loss': 0.3564, 'learning_rate': 2.3963903047955893e-05, 'epoch': 7.76}
{'loss': 0.3568, 'learning_rate': 2.3920602309372727e-05, 'epoch': 7.76}
{'loss': 0.329, 'learning_rate': 2.3878167585561216e-05, 'epoch': 7.77}
{'loss': 0.3748, 'learning_rate': 2.383486684697805e-05, 'epoch': 7.77}
{'loss': 0.3459, 'learning_rate': 2.3791566108394886e-05, 'epoch': 7.77}
{'loss': 0.3523, 'learning_rate': 2.374826536981171e-05, 'epoch': 7.78}
{'loss': 0.3372, 'learning_rate': 2.3704964631228545e-05, 'epoch': 7.78}
{'loss': 0.3544, 'learning_rate': 2.366166389264538e-05, 'epoch': 7.79}
{'loss': 0.3774, 'learning_rate': 2.3618363154062204e-05, 'epoch': 7.79}
{'loss': 0.3476, 'learning_rate': 2.357506241547904e-05, 'epoch': 7.79}
{'loss': 0.3481, 'learning_rate': 2.3531761676895864e-05, 'epoch': 7.8}
{'loss': 0.3351, 'learning_rate': 2.34884609383127e-05, 'epoch': 7.8}
{'loss': 0.3503, 'learning_rate': 2.3445160199729537e-05, 'epoch': 7.81}
{'loss': 0.3757, 'learning_rate': 2.3401859461146358e-05, 'epoch': 7.81}
{'loss': 0.3413, 'learning_rate': 2.3358558722563196e-05, 'epoch': 7.81}
{'loss': 0.3296, 'learning_rate': 2.331525798398003e-05, 'epoch': 7.82}
{'loss': 0.3683, 'learning_rate': 2.3271957245396855e-05, 'epoch': 7.82}
{'loss': 0.3416, 'learning_rate': 2.322865650681369e-05, 'epoch': 7.83}
{'loss': 0.3384, 'learning_rate': 2.3185355768230525e-05, 'epoch': 7.83}
{'loss': 0.3616, 'learning_rate': 2.314205502964735e-05, 'epoch': 7.83}
{'loss': 0.3171, 'learning_rate': 2.3098754291064184e-05, 'epoch': 7.84}
{'loss': 0.3253, 'learning_rate': 2.305545355248102e-05, 'epoch': 7.84}
{'loss': 0.3435, 'learning_rate': 2.3012152813897843e-05, 'epoch': 7.85}
{'loss': 0.3626, 'learning_rate': 2.2968852075314678e-05, 'epoch': 7.85}
{'loss': 0.3728, 'learning_rate': 2.2925551336731503e-05, 'epoch': 7.86}
{'loss': 0.3462, 'learning_rate': 2.288225059814834e-05, 'epoch': 7.86}
{'loss': 0.3558, 'learning_rate': 2.2838949859565176e-05, 'epoch': 7.86}
{'loss': 0.3678, 'learning_rate': 2.279651513575366e-05, 'epoch': 7.87}
{'loss': 0.3303, 'learning_rate': 2.27532143971705e-05, 'epoch': 7.87}
{'loss': 0.3505, 'learning_rate': 2.2709913658587334e-05, 'epoch': 7.88}
{'loss': 0.3417, 'learning_rate': 2.266661292000416e-05, 'epoch': 7.88}
{'loss': 0.3835, 'learning_rate': 2.2623312181420993e-05, 'epoch': 7.88}
{'loss': 0.3553, 'learning_rate': 2.2580011442837828e-05, 'epoch': 7.89}
{'loss': 0.3469, 'learning_rate': 2.2536710704254652e-05, 'epoch': 7.89}
{'loss': 0.3518, 'learning_rate': 2.2493409965671487e-05, 'epoch': 7.9}
{'loss': 0.3567, 'learning_rate': 2.2450109227088312e-05, 'epoch': 7.9}
{'loss': 0.3476, 'learning_rate': 2.2406808488505147e-05, 'epoch': 7.9}
{'loss': 0.3718, 'learning_rate': 2.236350774992198e-05, 'epoch': 7.91}
{'loss': 0.3441, 'learning_rate': 2.2320207011338806e-05, 'epoch': 7.91}
{'loss': 0.373, 'learning_rate': 2.2276906272755644e-05, 'epoch': 7.92}
{'loss': 0.3299, 'learning_rate': 2.223360553417248e-05, 'epoch': 7.92}
{'loss': 0.3434, 'learning_rate': 2.2190304795589303e-05, 'epoch': 7.92}
{'loss': 0.3715, 'learning_rate': 2.2147004057006138e-05, 'epoch': 7.93}
{'loss': 0.3202, 'learning_rate': 2.2103703318422973e-05, 'epoch': 7.93}
{'loss': 0.3457, 'learning_rate': 2.2060402579839797e-05, 'epoch': 7.94}
{'loss': 0.3223, 'learning_rate': 2.2017101841256632e-05, 'epoch': 7.94}
{'loss': 0.3882, 'learning_rate': 2.1973801102673467e-05, 'epoch': 7.94}
{'loss': 0.3555, 'learning_rate': 2.193050036409029e-05, 'epoch': 7.95}
{'loss': 0.3522, 'learning_rate': 2.1887199625507126e-05, 'epoch': 7.95}
{'loss': 0.352, 'learning_rate': 2.184389888692395e-05, 'epoch': 7.96}
{'loss': 0.3554, 'learning_rate': 2.1800598148340786e-05, 'epoch': 7.96}
{'loss': 0.332, 'learning_rate': 2.1757297409757624e-05, 'epoch': 7.97}
{'loss': 0.3788, 'learning_rate': 2.171399667117445e-05, 'epoch': 7.97}
{'loss': 0.348, 'learning_rate': 2.1670695932591283e-05, 'epoch': 7.97}
{'loss': 0.3632, 'learning_rate': 2.1627395194008118e-05, 'epoch': 7.98}
{'loss': 0.3405, 'learning_rate': 2.1584094455424943e-05, 'epoch': 7.98}
{'loss': 0.3386, 'learning_rate': 2.1540793716841777e-05, 'epoch': 7.99}
{'loss': 0.3581, 'learning_rate': 2.1497492978258612e-05, 'epoch': 7.99}
{'loss': 0.332, 'learning_rate': 2.1454192239675437e-05, 'epoch': 7.99}
{'loss': 0.3465, 'learning_rate': 2.141089150109227e-05, 'epoch': 8.0}
[INFO|trainer.py:520] 2026-10-04 15:52:12,374 >> The following columns in the evaluation set  don't have a corresponding argument in `PETLEncModel.forward` and have been ignored: hypothesis, idx, premise.
[INFO|trainer.py:2179] 2026-10-04 15:52:12,376 >> ***** Running Evaluation *****
[INFO|trainer.py:2181] 2026-10-04 15:52:12,376 >>   Num examples = 9815
[INFO|trainer.py:2184] 2026-10-04 15:52:12,376 >>   Batch size = 32
{'eval_loss': 0.35048991441726685, 'eval_accuracy': 0.8692817116658176, 'eval_runtime': 13.3956, 'eval_samples_per_second': 732.703, 'eval_steps_per_second': 22.918, 'epoch': 8.0}
[INFO|trainer.py:1933] 2026-10-04 15:52:25,773 >> Saving model checkpoint to checkpoints/glue/mnli/20261004/glue.mnli.adapter.am_adapter.ao_sequential.fm_adapter.fo_sequential.abn.fbn.ac_add.fl_none.finit_bert.fs_1.unfrz_ef_.ne10.warm0.06.wd0.1.seed2./checkpoint-98176
[INFO|configuration_utils.py:364] 2026-10-04 15:52:25,775 >> Configuration saved in checkpoints/glue/mnli/20261004/glue.mnli.adapter.am_adapter.ao_sequential.fm_adapter.fo_sequential.abn.fbn.ac_add.fl_none.finit_bert.fs_1.unfrz_ef_.ne10.warm0.06.wd0.1.seed2./checkpoint-98176/config.json
[INFO|modeling_utils.py:898] 2026-10-04 15:52:26,100 >> Model weights saved in checkpoints/glue/mnli/20261004/glue.mnli.adapter.am_adapter.ao_sequential.fm_adapter.fo_sequential.abn.fbn.ac_add.fl_none.finit_bert.fs_1.unfrz_ef_.ne10.warm0.06.wd0.1.seed2./checkpoint-98176/pytorch_model.bin
[INFO|tokenization_utils_base.py:1948] 2026-10-04 15:52:26,101 >> tokenizer config file saved in checkpoints/glue/mnli/20261004/glue.mnli.adapter.am_adapter.ao_sequential.fm_adapter.fo_sequential.abn.fbn.ac_add.fl_none.finit_bert.fs_1.unfrz_ef_.ne10.warm0.06.wd0.1.seed2./checkpoint-98176/tokenizer_config.json
[INFO|tokenization_utils_base.py:1954] 2026-10-04 15:52:26,102 >> Special tokens file saved in checkpoints/glue/mnli/20261004/glue.mnli.adapter.am_adapter.ao_sequential.fm_adapter.fo_sequential.abn.fbn.ac_add.fl_none.finit_bert.fs_1.unfrz_ef_.ne10.warm0.06.wd0.1.seed2./checkpoint-98176/special_tokens_map.json
[INFO|trainer.py:2009] 2026-10-04 15:52:26,188 >> Deleting older checkpoint [checkpoints/glue/mnli/20261004/glue.mnli.adapter.am_adapter.ao_sequential.fm_adapter.fo_sequential.abn.fbn.ac_add.fl_none.finit_bert.fs_1.unfrz_ef_.ne10.warm0.06.wd0.1.seed2./checkpoint-73632] due to args.save_total_limit
/work/unify-parameter-efficient-tuning/src/transformers/trainer.py:1784: FutureWarning: `torch.cuda.amp.autocast(args...)` is deprecated. Please use `torch.amp.autocast('cuda', args...)` instead.
  with autocast():
{'loss': 0.334, 'learning_rate': 2.1367590762509096e-05, 'epoch': 8.0}
{'loss': 0.3566, 'learning_rate': 2.132429002392593e-05, 'epoch': 8.01}
{'loss': 0.3618, 'learning_rate': 2.128098928534277e-05, 'epoch': 8.01}
{'loss': 0.3226, 'learning_rate': 2.123768854675959e-05, 'epoch': 8.01}
{'loss': 0.3529, 'learning_rate': 2.1194387808176428e-05, 'epoch': 8.02}
{'loss': 0.3434, 'learning_rate': 2.1151087069593263e-05, 'epoch': 8.02}
{'loss': 0.3471, 'learning_rate': 2.1107786331010088e-05, 'epoch': 8.03}
{'loss': 0.3291, 'learning_rate': 2.1064485592426922e-05, 'epoch': 8.03}
{'loss': 0.3332, 'learning_rate': 2.1021184853843757e-05, 'epoch': 8.03}
{'loss': 0.3294, 'learning_rate': 2.097788411526058e-05, 'epoch': 8.04}
{'loss': 0.352, 'learning_rate': 2.0934583376677416e-05, 'epoch': 8.04}
{'loss': 0.3352, 'learning_rate': 2.089128263809424e-05, 'epoch': 8.05}
{'loss': 0.3349, 'learning_rate': 2.0847981899511076e-05, 'epoch': 8.05}
{'loss': 0.3557, 'learning_rate': 2.080468116092791e-05, 'epoch': 8.05}
{'loss': 0.3577, 'learning_rate': 2.0761380422344735e-05, 'epoch': 8.06}
{'loss': 0.3513, 'learning_rate': 2.0718079683761573e-05, 'epoch': 8.06}
{'loss': 0.316, 'learning_rate': 2.0674778945178408e-05, 'epoch': 8.07}
{'loss': 0.3431, 'learning_rate': 2.0631478206595233e-05, 'epoch': 8.07}
{'loss': 0.3695, 'learning_rate': 2.0588177468012067e-05, 'epoch': 8.08}
{'loss': 0.3357, 'learning_rate': 2.0544876729428902e-05, 'epoch': 8.08}
{'loss': 0.353, 'learning_rate': 2.0501575990845727e-05, 'epoch': 8.08}
{'loss': 0.3529, 'learning_rate': 2.045827525226256e-05, 'epoch': 8.09}
{'loss': 0.3378, 'learning_rate': 2.0414974513679396e-05, 'epoch': 8.09}
{'loss': 0.3448, 'learning_rate': 2.037167377509622e-05, 'epoch': 8.1}
{'loss': 0.3703, 'learning_rate': 2.0328373036513056e-05, 'epoch': 8.1}
{'loss': 0.3875, 'learning_rate': 2.028507229792988e-05, 'epoch': 8.1}
{'loss': 0.3272, 'learning_rate': 2.0241771559346715e-05, 'epoch': 8.11}
{'loss': 0.3153, 'learning_rate': 2.0198470820763553e-05, 'epoch': 8.11}
{'loss': 0.3294, 'learning_rate': 2.0155170082180378e-05, 'epoch': 8.12}
{'loss': 0.3478, 'learning_rate': 2.0111869343597212e-05, 'epoch': 8.12}
{'loss': 0.3691, 'learning_rate': 2.0068568605014047e-05, 'epoch': 8.12}
{'loss': 0.3545, 'learning_rate': 2.0025267866430872e-05, 'epoch': 8.13}
{'loss': 0.3588, 'learning_rate': 1.9981967127847706e-05, 'epoch': 8.13}
{'loss': 0.3338, 'learning_rate': 1.993866638926454e-05, 'epoch': 8.14}
{'loss': 0.3473, 'learning_rate': 1.9895365650681366e-05, 'epoch': 8.14}
{'loss': 0.3453, 'learning_rate': 1.98520649120982e-05, 'epoch': 8.14}
{'loss': 0.3492, 'learning_rate': 1.9808764173515025e-05, 'epoch': 8.15}
{'loss': 0.3583, 'learning_rate': 1.976546343493186e-05, 'epoch': 8.15}
{'loss': 0.3162, 'learning_rate': 1.9722162696348698e-05, 'epoch': 8.16}
{'loss': 0.3507, 'learning_rate': 1.9678861957765523e-05, 'epoch': 8.16}
{'loss': 0.3088, 'learning_rate': 1.9635561219182357e-05, 'epoch': 8.16}
{'loss': 0.3148, 'learning_rate': 1.9592260480599192e-05, 'epoch': 8.17}
{'loss': 0.3296, 'learning_rate': 1.9548959742016017e-05, 'epoch': 8.17}
{'loss': 0.3579, 'learning_rate': 1.950565900343285e-05, 'epoch': 8.18}
{'loss': 0.3525, 'learning_rate': 1.9462358264849686e-05, 'epoch': 8.18}
{'loss': 0.3384, 'learning_rate': 1.941905752626651e-05, 'epoch': 8.19}
{'loss': 0.3627, 'learning_rate': 1.9375756787683346e-05, 'epoch': 8.19}
{'loss': 0.3385, 'learning_rate': 1.933245604910018e-05, 'epoch': 8.19}
{'loss': 0.3457, 'learning_rate': 1.9289155310517005e-05, 'epoch': 8.2}
{'loss': 0.341, 'learning_rate': 1.9245854571933843e-05, 'epoch': 8.2}
{'loss': 0.3573, 'learning_rate': 1.9202553833350664e-05, 'epoch': 8.21}
{'loss': 0.3488, 'learning_rate': 1.9159253094767502e-05, 'epoch': 8.21}
{'loss': 0.3404, 'learning_rate': 1.9115952356184337e-05, 'epoch': 8.21}
{'loss': 0.3481, 'learning_rate': 1.9072651617601162e-05, 'epoch': 8.22}
{'loss': 0.3167, 'learning_rate': 1.9029350879017997e-05, 'epoch': 8.22}
{'loss': 0.3347, 'learning_rate': 1.898605014043483e-05, 'epoch': 8.23}
{'loss': 0.3205, 'learning_rate': 1.8942749401851656e-05, 'epoch': 8.23}
{'loss': 0.3152, 'learning_rate': 1.889944866326849e-05, 'epoch': 8.23}
{'loss': 0.3512, 'learning_rate': 1.8856147924685325e-05, 'epoch': 8.24}
{'loss': 0.35, 'learning_rate': 1.881284718610215e-05, 'epoch': 8.24}
{'loss': 0.3476, 'learning_rate': 1.8769546447518985e-05, 'epoch': 8.25}
{'loss': 0.3489, 'learning_rate': 1.872624570893581e-05, 'epoch': 8.25}
{'loss': 0.342, 'learning_rate': 1.8682944970352648e-05, 'epoch': 8.25}
{'loss': 0.3822, 'learning_rate': 1.8639644231769482e-05, 'epoch': 8.26}
{'loss': 0.3711, 'learning_rate': 1.8596343493186307e-05, 'epoch': 8.26}
{'loss': 0.3378, 'learning_rate': 1.855304275460314e-05, 'epoch': 8.27}
{'loss': 0.3491, 'learning_rate': 1.8509742016019976e-05, 'epoch': 8.27}
{'loss': 0.3752, 'learning_rate': 1.84664412774368e-05, 'epoch': 8.27}
{'loss': 0.3509, 'learning_rate': 1.8423140538853636e-05, 'epoch': 8.28}
{'loss': 0.3309, 'learning_rate': 1.837983980027047e-05, 'epoch': 8.28}
{'loss': 0.3483, 'learning_rate': 1.833740507645896e-05, 'epoch': 8.29}
{'loss': 0.3523, 'learning_rate': 1.8294104337875794e-05, 'epoch': 8.29}
{'loss': 0.31, 'learning_rate': 1.825080359929263e-05, 'epoch': 8.3}
{'loss': 0.3476, 'learning_rate': 1.8207502860709453e-05, 'epoch': 8.3}
{'loss': 0.3474, 'learning_rate': 1.8164202122126288e-05, 'epoch': 8.3}
{'loss': 0.3361, 'learning_rate': 1.8120901383543112e-05, 'epoch': 8.31}
{'loss': 0.3209, 'learning_rate': 1.8077600644959947e-05, 'epoch': 8.31}
{'loss': 0.3511, 'learning_rate': 1.8034299906376785e-05, 'epoch': 8.32}
{'loss': 0.3194, 'learning_rate': 1.799099916779361e-05, 'epoch': 8.32}
{'loss': 0.3564, 'learning_rate': 1.7947698429210445e-05, 'epoch': 8.32}
{'loss': 0.3537, 'learning_rate': 1.790439769062728e-05, 'epoch': 8.33}
{'loss': 0.3677, 'learning_rate': 1.7861096952044104e-05, 'epoch': 8.33}
{'loss': 0.3363, 'learning_rate': 1.781779621346094e-05, 'epoch': 8.34}
{'loss': 0.3221, 'learning_rate': 1.7774495474877774e-05, 'epoch': 8.34}
{'loss': 0.3233, 'learning_rate': 1.7731194736294598e-05, 'epoch': 8.34}
{'loss': 0.3546, 'learning_rate': 1.7687893997711433e-05, 'epoch': 8.35}
{'loss': 0.3187, 'learning_rate': 1.7644593259128258e-05, 'epoch': 8.35}
{'loss': 0.332, 'learning_rate': 1.7601292520545092e-05, 'epoch': 8.36}
{'loss': 0.3382, 'learning_rate': 1.755799178196193e-05, 'epoch': 8.36}
{'loss': 0.339, 'learning_rate': 1.751469104337875e-05, 'epoch': 8.36}
{'loss': 0.3637, 'learning_rate': 1.747139030479559e-05, 'epoch': 8.37}
{'loss': 0.316, 'learning_rate': 1.7428089566212425e-05, 'epoch': 8.37}
{'loss': 0.3313, 'learning_rate': 1.738478882762925e-05, 'epoch': 8.38}
{'loss': 0.3367, 'learning_rate': 1.7341488089046084e-05, 'epoch': 8.38}
{'loss': 0.3348, 'learning_rate': 1.729818735046292e-05, 'epoch': 8.38}
{'loss': 0.353, 'learning_rate': 1.7254886611879743e-05, 'epoch': 8.39}
{'loss': 0.3706, 'learning_rate': 1.7211585873296578e-05, 'epoch': 8.39}
{'loss': 0.3407, 'learning_rate': 1.7168285134713403e-05, 'epoch': 8.4}
{'loss': 0.3569, 'learning_rate': 1.7124984396130237e-05, 'epoch': 8.4}
{'loss': 0.3094, 'learning_rate': 1.7081683657547075e-05, 'epoch': 8.41}
{'loss': 0.3514, 'learning_rate': 1.7038382918963897e-05, 'epoch': 8.41}
{'loss': 0.3373, 'learning_rate': 1.6995082180380735e-05, 'epoch': 8.41}
{'loss': 0.3318, 'learning_rate': 1.695178144179757e-05, 'epoch': 8.42}
{'loss': 0.3414, 'learning_rate': 1.6909346717986055e-05, 'epoch': 8.42}
{'loss': 0.3235, 'learning_rate': 1.6866045979402893e-05, 'epoch': 8.43}
{'loss': 0.3442, 'learning_rate': 1.6822745240819728e-05, 'epoch': 8.43}
{'loss': 0.3385, 'learning_rate': 1.6779444502236552e-05, 'epoch': 8.43}
{'loss': 0.3575, 'learning_rate': 1.6736143763653387e-05, 'epoch': 8.44}
{'loss': 0.3336, 'learning_rate': 1.6692843025070222e-05, 'epoch': 8.44}
{'loss': 0.3459, 'learning_rate': 1.6649542286487046e-05, 'epoch': 8.45}
{'loss': 0.279, 'learning_rate': 1.660624154790388e-05, 'epoch': 8.45}
{'loss': 0.3301, 'learning_rate': 1.6562940809320706e-05, 'epoch': 8.45}
{'loss': 0.3923, 'learning_rate': 1.651964007073754e-05, 'epoch': 8.46}
{'loss': 0.3394, 'learning_rate': 1.6476339332154375e-05, 'epoch': 8.46}
{'loss': 0.3303, 'learning_rate': 1.64330385935712e-05, 'epoch': 8.47}
{'loss': 0.368, 'learning_rate': 1.6389737854988038e-05, 'epoch': 8.47}
{'loss': 0.3745, 'learning_rate': 1.6346437116404873e-05, 'epoch': 8.47}
{'loss': 0.3281, 'learning_rate': 1.6303136377821697e-05, 'epoch': 8.48}
{'loss': 0.3387, 'learning_rate': 1.6259835639238532e-05, 'epoch': 8.48}
{'loss': 0.3452, 'learning_rate': 1.6216534900655367e-05, 'epoch': 8.49}
{'loss': 0.3525, 'learning_rate': 1.617323416207219e-05, 'epoch': 8.49}
{'loss': 0.3738, 'learning_rate': 1.6129933423489026e-05, 'epoch': 8.49}
{'loss': 0.3452, 'learning_rate': 1.608663268490585e-05, 'epoch': 8.5}
{'loss': 0.3544, 'learning_rate': 1.6043331946322685e-05, 'epoch': 8.5}
{'loss': 0.3404, 'learning_rate': 1.600003120773952e-05, 'epoch': 8.51}
{'loss': 0.3451, 'learning_rate': 1.5956730469156345e-05, 'epoch': 8.51}
{'loss': 0.3359, 'learning_rate': 1.591342973057318e-05, 'epoch': 8.52}
{'loss': 0.3234, 'learning_rate': 1.5870128991990018e-05, 'epoch': 8.52}
{'loss': 0.3156, 'learning_rate': 1.5826828253406842e-05, 'epoch': 8.52}
{'loss': 0.3327, 'learning_rate': 1.5783527514823677e-05, 'epoch': 8.53}
{'loss': 0.3327, 'learning_rate': 1.5740226776240512e-05, 'epoch': 8.53}
{'loss': 0.3305, 'learning_rate': 1.5696926037657336e-05, 'epoch': 8.54}
{'loss': 0.3472, 'learning_rate': 1.565362529907417e-05, 'epoch': 8.54}
{'loss': 0.3169, 'learning_rate': 1.5610324560491006e-05, 'epoch': 8.54}
{'loss': 0.3488, 'learning_rate': 1.556702382190783e-05, 'epoch': 8.55}
{'loss': 0.3424, 'learning_rate': 1.5523723083324665e-05, 'epoch': 8.55}
{'loss': 0.3262, 'learning_rate': 1.548042234474149e-05, 'epoch': 8.56}
{'loss': 0.3427, 'learning_rate': 1.5437121606158325e-05, 'epoch': 8.56}
{'loss': 0.3358, 'learning_rate': 1.5393820867575163e-05, 'epoch': 8.56}
{'loss': 0.3582, 'learning_rate': 1.5350520128991987e-05, 'epoch': 8.57}
{'loss': 0.3229, 'learning_rate': 1.5307219390408822e-05, 'epoch': 8.57}
{'loss': 0.3367, 'learning_rate': 1.5263918651825657e-05, 'epoch': 8.58}
{'loss': 0.3184, 'learning_rate': 1.5220617913242483e-05, 'epoch': 8.58}
{'loss': 0.3472, 'learning_rate': 1.5177317174659316e-05, 'epoch': 8.58}
{'loss': 0.3503, 'learning_rate': 1.5134016436076154e-05, 'epoch': 8.59}
{'loss': 0.3506, 'learning_rate': 1.5090715697492977e-05, 'epoch': 8.59}
{'loss': 0.3331, 'learning_rate': 1.5047414958909812e-05, 'epoch': 8.6}
{'loss': 0.348, 'learning_rate': 1.5004114220326637e-05, 'epoch': 8.6}
{'loss': 0.3744, 'learning_rate': 1.4960813481743475e-05, 'epoch': 8.6}
{'loss': 0.3471, 'learning_rate': 1.4917512743160308e-05, 'epoch': 8.61}
{'loss': 0.3257, 'learning_rate': 1.4874212004577132e-05, 'epoch': 8.61}
{'loss': 0.3281, 'learning_rate': 1.4830911265993965e-05, 'epoch': 8.62}
{'loss': 0.3137, 'learning_rate': 1.4787610527410804e-05, 'epoch': 8.62}
{'loss': 0.3369, 'learning_rate': 1.4744309788827627e-05, 'epoch': 8.63}
{'loss': 0.3398, 'learning_rate': 1.4701009050244463e-05, 'epoch': 8.63}
{'loss': 0.3604, 'learning_rate': 1.4657708311661298e-05, 'epoch': 8.63}
{'loss': 0.3428, 'learning_rate': 1.4614407573078124e-05, 'epoch': 8.64}
{'loss': 0.3017, 'learning_rate': 1.4571106834494957e-05, 'epoch': 8.64}
{'loss': 0.3255, 'learning_rate': 1.452780609591178e-05, 'epoch': 8.65}
{'loss': 0.3185, 'learning_rate': 1.4484505357328618e-05, 'epoch': 8.65}
{'loss': 0.3281, 'learning_rate': 1.4441204618745451e-05, 'epoch': 8.65}
{'loss': 0.365, 'learning_rate': 1.4397903880162277e-05, 'epoch': 8.66}
{'loss': 0.3151, 'learning_rate': 1.4354603141579112e-05, 'epoch': 8.66}
{'loss': 0.3652, 'learning_rate': 1.4311302402995947e-05, 'epoch': 8.67}
{'loss': 0.3533, 'learning_rate': 1.4268867679184436e-05, 'epoch': 8.67}
{'loss': 0.3625, 'learning_rate': 1.422556694060127e-05, 'epoch': 8.67}
{'loss': 0.3437, 'learning_rate': 1.4182266202018105e-05, 'epoch': 8.68}
{'loss': 0.3339, 'learning_rate': 1.4138965463434931e-05, 'epoch': 8.68}
{'loss': 0.3459, 'learning_rate': 1.4095664724851764e-05, 'epoch': 8.69}
{'loss': 0.3476, 'learning_rate': 1.4052363986268603e-05, 'epoch': 8.69}
{'loss': 0.3252, 'learning_rate': 1.4009063247685425e-05, 'epoch': 8.69}
{'loss': 0.3386, 'learning_rate': 1.3965762509102259e-05, 'epoch': 8.7}
{'loss': 0.327, 'learning_rate': 1.3922461770519085e-05, 'epoch': 8.7}
{'loss': 0.3247, 'learning_rate': 1.387916103193592e-05, 'epoch': 8.71}
{'loss': 0.306, 'learning_rate': 1.3835860293352756e-05, 'epoch': 8.71}
{'loss': 0.3731, 'learning_rate': 1.3792559554769579e-05, 'epoch': 8.71}
{'loss': 0.3529, 'learning_rate': 1.3749258816186417e-05, 'epoch': 8.72}
{'loss': 0.35, 'learning_rate': 1.370595807760325e-05, 'epoch': 8.72}
{'loss': 0.3393, 'learning_rate': 1.3662657339020075e-05, 'epoch': 8.73}
{'loss': 0.3624, 'learning_rate': 1.3619356600436908e-05, 'epoch': 8.73}
{'loss': 0.3464, 'learning_rate': 1.3576055861853746e-05, 'epoch': 8.74}
{'loss': 0.3658, 'learning_rate': 1.353275512327057e-05, 'epoch': 8.74}
{'loss': 0.3117, 'learning_rate': 1.3489454384687405e-05, 'epoch': 8.74}
{'loss': 0.3702, 'learning_rate': 1.3446153646104228e-05, 'epoch': 8.75}
{'loss': 0.3351, 'learning_rate': 1.3402852907521066e-05, 'epoch': 8.75}
{'loss': 0.3561, 'learning_rate': 1.33595521689379e-05, 'epoch': 8.76}
{'loss': 0.3302, 'learning_rate': 1.3316251430354724e-05, 'epoch': 8.76}
{'loss': 0.3185, 'learning_rate': 1.327295069177156e-05, 'epoch': 8.76}
{'loss': 0.321, 'learning_rate': 1.3229649953188395e-05, 'epoch': 8.77}
{'loss': 0.3254, 'learning_rate': 1.318634921460522e-05, 'epoch': 8.77}
{'loss': 0.366, 'learning_rate': 1.3143048476022054e-05, 'epoch': 8.78}
{'loss': 0.3234, 'learning_rate': 1.3099747737438891e-05, 'epoch': 8.78}
{'loss': 0.3384, 'learning_rate': 1.3056446998855716e-05, 'epoch': 8.78}
{'loss': 0.3445, 'learning_rate': 1.3013146260272549e-05, 'epoch': 8.79}
{'loss': 0.3512, 'learning_rate': 1.2969845521689387e-05, 'epoch': 8.79}
{'loss': 0.3393, 'learning_rate': 1.292654478310621e-05, 'epoch': 8.8}
{'loss': 0.3366, 'learning_rate': 1.2883244044523043e-05, 'epoch': 8.8}
{'loss': 0.3712, 'learning_rate': 1.2839943305939869e-05, 'epoch': 8.8}
{'loss': 0.3314, 'learning_rate': 1.2796642567356707e-05, 'epoch': 8.81}
{'loss': 0.3475, 'learning_rate': 1.275334182877354e-05, 'epoch': 8.81}
{'loss': 0.3558, 'learning_rate': 1.2710041090190363e-05, 'epoch': 8.82}
{'loss': 0.3306, 'learning_rate': 1.2666740351607201e-05, 'epoch': 8.82}
{'loss': 0.3146, 'learning_rate': 1.2623439613024034e-05, 'epoch': 8.82}
{'loss': 0.3503, 'learning_rate': 1.2580138874440859e-05, 'epoch': 8.83}
{'loss': 0.3531, 'learning_rate': 1.2536838135857695e-05, 'epoch': 8.83}
{'loss': 0.3236, 'learning_rate': 1.249353739727453e-05, 'epoch': 8.84}
{'loss': 0.3402, 'learning_rate': 1.2450236658691355e-05, 'epoch': 8.84}
{'loss': 0.3139, 'learning_rate': 1.240693592010819e-05, 'epoch': 8.85}
{'loss': 0.3365, 'learning_rate': 1.2363635181525014e-05, 'epoch': 8.85}
{'loss': 0.3229, 'learning_rate': 1.2320334442941849e-05, 'epoch': 8.85}
{'loss': 0.3309, 'learning_rate': 1.2277033704358685e-05, 'epoch': 8.86}
{'loss': 0.3633, 'learning_rate': 1.223373296577551e-05, 'epoch': 8.86}
{'loss': 0.3195, 'learning_rate': 1.2190432227192345e-05, 'epoch': 8.87}
{'loss': 0.334, 'learning_rate': 1.214713148860918e-05, 'epoch': 8.87}
{'loss': 0.3401, 'learning_rate': 1.2103830750026004e-05, 'epoch': 8.87}
{'loss': 0.3545, 'learning_rate': 1.206053001144284e-05, 'epoch': 8.88}
{'loss': 0.3308, 'learning_rate': 1.2017229272859675e-05, 'epoch': 8.88}
{'loss': 0.3446, 'learning_rate': 1.19739285342765e-05, 'epoch': 8.89}
{'loss': 0.3516, 'learning_rate': 1.1930627795693334e-05, 'epoch': 8.89}
{'loss': 0.3573, 'learning_rate': 1.1887327057110159e-05, 'epoch': 8.89}
{'loss': 0.3429, 'learning_rate': 1.1844026318526994e-05, 'epoch': 8.9}
{'loss': 0.3156, 'learning_rate': 1.180072557994383e-05, 'epoch': 8.9}
{'loss': 0.3519, 'learning_rate': 1.1757424841360653e-05, 'epoch': 8.91}
{'loss': 0.3301, 'learning_rate': 1.171412410277749e-05, 'epoch': 8.91}
{'loss': 0.381, 'learning_rate': 1.1670823364194324e-05, 'epoch': 8.91}
{'loss': 0.383, 'learning_rate': 1.1627522625611149e-05, 'epoch': 8.92}
{'loss': 0.3809, 'learning_rate': 1.1584221887027984e-05, 'epoch': 8.92}
{'loss': 0.3579, 'learning_rate': 1.154092114844482e-05, 'epoch': 8.93}
{'loss': 0.3449, 'learning_rate': 1.1497620409861645e-05, 'epoch': 8.93}
{'loss': 0.3494, 'learning_rate': 1.145431967127848e-05, 'epoch': 8.93}
{'loss': 0.343, 'learning_rate': 1.1411018932695314e-05, 'epoch': 8.94}
{'loss': 0.3332, 'learning_rate': 1.1367718194112139e-05, 'epoch': 8.94}
{'loss': 0.3333, 'learning_rate': 1.1324417455528974e-05, 'epoch': 8.95}
{'loss': 0.3494, 'learning_rate': 1.1281116716945798e-05, 'epoch': 8.95}
{'loss': 0.3414, 'learning_rate': 1.1237815978362635e-05, 'epoch': 8.96}
{'loss': 0.3573, 'learning_rate': 1.119451523977947e-05, 'epoch': 8.96}
{'loss': 0.3377, 'learning_rate': 1.1151214501196294e-05, 'epoch': 8.96}
{'loss': 0.3652, 'learning_rate': 1.1107913762613129e-05, 'epoch': 8.97}
{'loss': 0.3526, 'learning_rate': 1.1064613024029965e-05, 'epoch': 8.97}
{'loss': 0.3363, 'learning_rate': 1.1021312285446788e-05, 'epoch': 8.98}
{'loss': 0.3637, 'learning_rate': 1.0978011546863625e-05, 'epoch': 8.98}
{'loss': 0.3488, 'learning_rate': 1.093471080828046e-05, 'epoch': 8.98}
{'loss': 0.3292, 'learning_rate': 1.0891410069697284e-05, 'epoch': 8.99}
{'loss': 0.3538, 'learning_rate': 1.0848109331114119e-05, 'epoch': 8.99}
{'loss': 0.3645, 'learning_rate': 1.0804808592530943e-05, 'epoch': 9.0}
[INFO|trainer.py:520] 2026-10-04 15:59:36,797 >> The following columns in the evaluation set  don't have a corresponding argument in `PETLEncModel.forward` and have been ignored: hypothesis, idx, premise.
[INFO|trainer.py:2179] 2026-10-04 15:59:36,799 >> ***** Running Evaluation *****
[INFO|trainer.py:2181] 2026-10-04 15:59:36,799 >>   Num examples = 9815
[INFO|trainer.py:2184] 2026-10-04 15:59:36,799 >>   Batch size = 32
{'eval_loss': 0.35325321555137634, 'eval_accuracy': 0.8701986754966887, 'eval_runtime': 13.3961, 'eval_samples_per_second': 732.674, 'eval_steps_per_second': 22.917, 'epoch': 9.0}
[INFO|trainer.py:1933] 2026-10-04 15:59:50,196 >> Saving model checkpoint to checkpoints/glue/mnli/20261004/glue.mnli.adapter.am_adapter.ao_sequential.fm_adapter.fo_sequential.abn.fbn.ac_add.fl_none.finit_bert.fs_1.unfrz_ef_.ne10.warm0.06.wd0.1.seed2./checkpoint-110448
[INFO|configuration_utils.py:364] 2026-10-04 15:59:50,197 >> Configuration saved in checkpoints/glue/mnli/20261004/glue.mnli.adapter.am_adapter.ao_sequential.fm_adapter.fo_sequential.abn.fbn.ac_add.fl_none.finit_bert.fs_1.unfrz_ef_.ne10.warm0.06.wd0.1.seed2./checkpoint-110448/config.json
[INFO|modeling_utils.py:898] 2026-10-04 15:59:50,472 >> Model weights saved in checkpoints/glue/mnli/20261004/glue.mnli.adapter.am_adapter.ao_sequential.fm_adapter.fo_sequential.abn.fbn.ac_add.fl_none.finit_bert.fs_1.unfrz_ef_.ne10.warm0.06.wd0.1.seed2./checkpoint-110448/pytorch_model.bin
[INFO|tokenization_utils_base.py:1948] 2026-10-04 15:59:50,473 >> tokenizer config file saved in checkpoints/glue/mnli/20261004/glue.mnli.adapter.am_adapter.ao_sequential.fm_adapter.fo_sequential.abn.fbn.ac_add.fl_none.finit_bert.fs_1.unfrz_ef_.ne10.warm0.06.wd0.1.seed2./checkpoint-110448/tokenizer_config.json
[INFO|tokenization_utils_base.py:1954] 2026-10-04 15:59:50,473 >> Special tokens file saved in checkpoints/glue/mnli/20261004/glue.mnli.adapter.am_adapter.ao_sequential.fm_adapter.fo_sequential.abn.fbn.ac_add.fl_none.finit_bert.fs_1.unfrz_ef_.ne10.warm0.06.wd0.1.seed2./checkpoint-110448/special_tokens_map.json
[INFO|trainer.py:2009] 2026-10-04 15:59:50,553 >> Deleting older checkpoint [checkpoints/glue/mnli/20261004/glue.mnli.adapter.am_adapter.ao_sequential.fm_adapter.fo_sequential.abn.fbn.ac_add.fl_none.finit_bert.fs_1.unfrz_ef_.ne10.warm0.06.wd0.1.seed2./checkpoint-85904] due to args.save_total_limit
/work/unify-parameter-efficient-tuning/src/transformers/trainer.py:1784: FutureWarning: `torch.cuda.amp.autocast(args...)` is deprecated. Please use `torch.amp.autocast('cuda', args...)` instead.
  with autocast():
{'loss': 0.3578, 'learning_rate': 1.076150785394778e-05, 'epoch': 9.0}
{'loss': 0.3575, 'learning_rate': 1.0718207115364614e-05, 'epoch': 9.0}
{'loss': 0.3674, 'learning_rate': 1.0674906376781439e-05, 'epoch': 9.01}
{'loss': 0.3317, 'learning_rate': 1.0631605638198274e-05, 'epoch': 9.01}
{'loss': 0.3311, 'learning_rate': 1.0588304899615109e-05, 'epoch': 9.02}
{'loss': 0.3527, 'learning_rate': 1.0545004161031933e-05, 'epoch': 9.02}
{'loss': 0.3503, 'learning_rate': 1.050170342244877e-05, 'epoch': 9.02}
{'loss': 0.3458, 'learning_rate': 1.0458402683865604e-05, 'epoch': 9.03}
{'loss': 0.3302, 'learning_rate': 1.0415101945282429e-05, 'epoch': 9.03}
{'loss': 0.3368, 'learning_rate': 1.0371801206699264e-05, 'epoch': 9.04}
{'loss': 0.3085, 'learning_rate': 1.0328500468116088e-05, 'epoch': 9.04}
{'loss': 0.3844, 'learning_rate': 1.0285199729532923e-05, 'epoch': 9.04}
{'loss': 0.3602, 'learning_rate': 1.024189899094976e-05, 'epoch': 9.05}
{'loss': 0.3505, 'learning_rate': 1.0198598252366584e-05, 'epoch': 9.05}
{'loss': 0.3772, 'learning_rate': 1.0155297513783419e-05, 'epoch': 9.06}
{'loss': 0.3058, 'learning_rate': 1.0111996775200254e-05, 'epoch': 9.06}
{'loss': 0.3734, 'learning_rate': 1.0068696036617078e-05, 'epoch': 9.07}
{'loss': 0.3807, 'learning_rate': 1.0025395298033913e-05, 'epoch': 9.07}
{'loss': 0.3597, 'learning_rate': 9.98209455945075e-06, 'epoch': 9.07}
{'loss': 0.3284, 'learning_rate': 9.938793820867574e-06, 'epoch': 9.08}
{'loss': 0.3265, 'learning_rate': 9.895493082284409e-06, 'epoch': 9.08}
{'loss': 0.3419, 'learning_rate': 9.852192343701243e-06, 'epoch': 9.09}
{'loss': 0.331, 'learning_rate': 9.808891605118068e-06, 'epoch': 9.09}
{'loss': 0.3589, 'learning_rate': 9.765590866534905e-06, 'epoch': 9.09}
{'loss': 0.3522, 'learning_rate': 9.723156142723391e-06, 'epoch': 9.1}
{'loss': 0.3624, 'learning_rate': 9.679855404140226e-06, 'epoch': 9.1}
{'loss': 0.338, 'learning_rate': 9.636554665557063e-06, 'epoch': 9.11}
{'loss': 0.3627, 'learning_rate': 9.593253926973886e-06, 'epoch': 9.11}
{'loss': 0.3341, 'learning_rate': 9.549953188390722e-06, 'epoch': 9.11}
{'loss': 0.3608, 'learning_rate': 9.506652449807557e-06, 'epoch': 9.12}
{'loss': 0.3479, 'learning_rate': 9.463351711224381e-06, 'epoch': 9.12}
{'loss': 0.3592, 'learning_rate': 9.420050972641216e-06, 'epoch': 9.13}
{'loss': 0.3096, 'learning_rate': 9.376750234058053e-06, 'epoch': 9.13}
{'loss': 0.3292, 'learning_rate': 9.333449495474877e-06, 'epoch': 9.13}
{'loss': 0.3403, 'learning_rate': 9.290148756891712e-06, 'epoch': 9.14}
{'loss': 0.3332, 'learning_rate': 9.246848018308536e-06, 'epoch': 9.14}
{'loss': 0.3447, 'learning_rate': 9.203547279725371e-06, 'epoch': 9.15}
{'loss': 0.3219, 'learning_rate': 9.160246541142206e-06, 'epoch': 9.15}
{'loss': 0.3294, 'learning_rate': 9.11694580255903e-06, 'epoch': 9.15}
{'loss': 0.3573, 'learning_rate': 9.073645063975867e-06, 'epoch': 9.16}
{'loss': 0.3437, 'learning_rate': 9.030344325392702e-06, 'epoch': 9.16}
{'loss': 0.3546, 'learning_rate': 8.987043586809526e-06, 'epoch': 9.17}
{'loss': 0.3483, 'learning_rate': 8.943742848226361e-06, 'epoch': 9.17}
{'loss': 0.3463, 'learning_rate': 8.900442109643198e-06, 'epoch': 9.18}
{'loss': 0.3556, 'learning_rate': 8.85714137106002e-06, 'epoch': 9.18}
{'loss': 0.3509, 'learning_rate': 8.813840632476857e-06, 'epoch': 9.18}
{'loss': 0.323, 'learning_rate': 8.770539893893692e-06, 'epoch': 9.19}
{'loss': 0.324, 'learning_rate': 8.727239155310516e-06, 'epoch': 9.19}
{'loss': 0.3092, 'learning_rate': 8.683938416727351e-06, 'epoch': 9.2}
{'loss': 0.3219, 'learning_rate': 8.640637678144176e-06, 'epoch': 9.2}
{'loss': 0.3533, 'learning_rate': 8.59733693956101e-06, 'epoch': 9.2}
{'loss': 0.3532, 'learning_rate': 8.554036200977847e-06, 'epoch': 9.21}
{'loss': 0.3087, 'learning_rate': 8.510735462394671e-06, 'epoch': 9.21}
{'loss': 0.3517, 'learning_rate': 8.467434723811506e-06, 'epoch': 9.22}
{'loss': 0.3296, 'learning_rate': 8.424133985228341e-06, 'epoch': 9.22}
{'loss': 0.3278, 'learning_rate': 8.380833246645165e-06, 'epoch': 9.22}
{'loss': 0.3434, 'learning_rate': 8.337532508062002e-06, 'epoch': 9.23}
{'loss': 0.3497, 'learning_rate': 8.294231769478837e-06, 'epoch': 9.23}
{'loss': 0.3269, 'learning_rate': 8.250931030895661e-06, 'epoch': 9.24}
{'loss': 0.3305, 'learning_rate': 8.207630292312496e-06, 'epoch': 9.24}
{'loss': 0.3154, 'learning_rate': 8.16432955372932e-06, 'epoch': 9.24}
{'loss': 0.3523, 'learning_rate': 8.121028815146155e-06, 'epoch': 9.25}
{'loss': 0.3396, 'learning_rate': 8.077728076562992e-06, 'epoch': 9.25}
{'loss': 0.3232, 'learning_rate': 8.034427337979816e-06, 'epoch': 9.26}
{'loss': 0.3445, 'learning_rate': 7.991126599396651e-06, 'epoch': 9.26}
{'loss': 0.3188, 'learning_rate': 7.947825860813486e-06, 'epoch': 9.26}
{'loss': 0.3488, 'learning_rate': 7.90452512223031e-06, 'epoch': 9.27}
{'loss': 0.3151, 'learning_rate': 7.861224383647145e-06, 'epoch': 9.27}
{'loss': 0.3135, 'learning_rate': 7.817923645063982e-06, 'epoch': 9.28}
{'loss': 0.2975, 'learning_rate': 7.774622906480806e-06, 'epoch': 9.28}
{'loss': 0.3121, 'learning_rate': 7.731322167897641e-06, 'epoch': 9.29}
{'loss': 0.3378, 'learning_rate': 7.688021429314476e-06, 'epoch': 9.29}
{'loss': 0.3341, 'learning_rate': 7.6447206907313e-06, 'epoch': 9.29}
{'loss': 0.3435, 'learning_rate': 7.601419952148135e-06, 'epoch': 9.3}
{'loss': 0.3142, 'learning_rate': 7.55811921356496e-06, 'epoch': 9.3}
{'loss': 0.3358, 'learning_rate': 7.515684489753458e-06, 'epoch': 9.31}
{'loss': 0.3701, 'learning_rate': 7.472383751170293e-06, 'epoch': 9.31}
{'loss': 0.3272, 'learning_rate': 7.429083012587118e-06, 'epoch': 9.31}
{'loss': 0.3526, 'learning_rate': 7.385782274003953e-06, 'epoch': 9.32}
{'loss': 0.3509, 'learning_rate': 7.342481535420788e-06, 'epoch': 9.32}
{'loss': 0.3479, 'learning_rate': 7.299180796837613e-06, 'epoch': 9.33}
{'loss': 0.3353, 'learning_rate': 7.255880058254448e-06, 'epoch': 9.33}
{'loss': 0.3437, 'learning_rate': 7.212579319671284e-06, 'epoch': 9.33}
{'loss': 0.338, 'learning_rate': 7.169278581088109e-06, 'epoch': 9.34}
{'loss': 0.3438, 'learning_rate': 7.125977842504944e-06, 'epoch': 9.34}
{'loss': 0.3422, 'learning_rate': 7.082677103921767e-06, 'epoch': 9.35}
{'loss': 0.3598, 'learning_rate': 7.039376365338603e-06, 'epoch': 9.35}
{'loss': 0.3292, 'learning_rate': 6.996075626755438e-06, 'epoch': 9.35}
{'loss': 0.3394, 'learning_rate': 6.952774888172261e-06, 'epoch': 9.36}
{'loss': 0.3313, 'learning_rate': 6.909474149589097e-06, 'epoch': 9.36}
{'loss': 0.3213, 'learning_rate': 6.866173411005932e-06, 'epoch': 9.37}
{'loss': 0.3726, 'learning_rate': 6.822872672422757e-06, 'epoch': 9.37}
{'loss': 0.3339, 'learning_rate': 6.779571933839593e-06, 'epoch': 9.38}
{'loss': 0.3254, 'learning_rate': 6.736271195256428e-06, 'epoch': 9.38}
{'loss': 0.3293, 'learning_rate': 6.692970456673253e-06, 'epoch': 9.38}
{'loss': 0.3175, 'learning_rate': 6.6496697180900876e-06, 'epoch': 9.39}
{'loss': 0.3233, 'learning_rate': 6.606368979506923e-06, 'epoch': 9.39}
{'loss': 0.3075, 'learning_rate': 6.563068240923748e-06, 'epoch': 9.4}
{'loss': 0.3167, 'learning_rate': 6.519767502340582e-06, 'epoch': 9.4}
{'loss': 0.3346, 'learning_rate': 6.476466763757406e-06, 'epoch': 9.4}
{'loss': 0.3505, 'learning_rate': 6.433166025174242e-06, 'epoch': 9.41}
{'loss': 0.3314, 'learning_rate': 6.3898652865910775e-06, 'epoch': 9.41}
{'loss': 0.3073, 'learning_rate': 6.346564548007902e-06, 'epoch': 9.42}
{'loss': 0.3226, 'learning_rate': 6.303263809424738e-06, 'epoch': 9.42}
{'loss': 0.3322, 'learning_rate': 6.259963070841573e-06, 'epoch': 9.42}
{'loss': 0.3192, 'learning_rate': 6.216662332258397e-06, 'epoch': 9.43}
{'loss': 0.3165, 'learning_rate': 6.173361593675233e-06, 'epoch': 9.43}
{'loss': 0.3294, 'learning_rate': 6.130060855092068e-06, 'epoch': 9.44}
{'loss': 0.3514, 'learning_rate': 6.086760116508892e-06, 'epoch': 9.44}
{'loss': 0.3261, 'learning_rate': 6.0434593779257276e-06, 'epoch': 9.44}
{'loss': 0.337, 'learning_rate': 6.000158639342552e-06, 'epoch': 9.45}
{'loss': 0.3473, 'learning_rate': 5.956857900759388e-06, 'epoch': 9.45}
{'loss': 0.3285, 'learning_rate': 5.9135571621762225e-06, 'epoch': 9.46}
{'loss': 0.3182, 'learning_rate': 5.870256423593047e-06, 'epoch': 9.46}
{'loss': 0.3542, 'learning_rate': 5.826955685009883e-06, 'epoch': 9.46}
{'loss': 0.3338, 'learning_rate': 5.7836549464267175e-06, 'epoch': 9.47}
{'loss': 0.3449, 'learning_rate': 5.740354207843542e-06, 'epoch': 9.47}
{'loss': 0.3433, 'learning_rate': 5.697053469260378e-06, 'epoch': 9.48}
{'loss': 0.3198, 'learning_rate': 5.653752730677212e-06, 'epoch': 9.48}
{'loss': 0.3192, 'learning_rate': 5.610451992094037e-06, 'epoch': 9.49}
{'loss': 0.3425, 'learning_rate': 5.567151253510873e-06, 'epoch': 9.49}
{'loss': 0.3082, 'learning_rate': 5.523850514927697e-06, 'epoch': 9.49}
{'loss': 0.3241, 'learning_rate': 5.480549776344532e-06, 'epoch': 9.5}
{'loss': 0.3616, 'learning_rate': 5.4372490377613675e-06, 'epoch': 9.5}
{'loss': 0.3152, 'learning_rate': 5.393948299178192e-06, 'epoch': 9.51}
{'loss': 0.3798, 'learning_rate': 5.350647560595027e-06, 'epoch': 9.51}
{'loss': 0.3347, 'learning_rate': 5.3073468220118625e-06, 'epoch': 9.51}
{'loss': 0.3521, 'learning_rate': 5.264046083428687e-06, 'epoch': 9.52}
{'loss': 0.3394, 'learning_rate': 5.220745344845522e-06, 'epoch': 9.52}
{'loss': 0.3469, 'learning_rate': 5.1774446062623574e-06, 'epoch': 9.53}
{'loss': 0.3582, 'learning_rate': 5.134143867679182e-06, 'epoch': 9.53}
{'loss': 0.3266, 'learning_rate': 5.090843129096018e-06, 'epoch': 9.53}
{'loss': 0.3344, 'learning_rate': 5.047542390512852e-06, 'epoch': 9.54}
{'loss': 0.3192, 'learning_rate': 5.004241651929677e-06, 'epoch': 9.54}
{'loss': 0.3304, 'learning_rate': 4.960940913346513e-06, 'epoch': 9.55}
{'loss': 0.3371, 'learning_rate': 4.917640174763336e-06, 'epoch': 9.55}
{'loss': 0.312, 'learning_rate': 4.874339436180172e-06, 'epoch': 9.55}
{'loss': 0.3525, 'learning_rate': 4.8310386975970075e-06, 'epoch': 9.56}
{'loss': 0.3393, 'learning_rate': 4.787737959013831e-06, 'epoch': 9.56}
{'loss': 0.3595, 'learning_rate': 4.744437220430667e-06, 'epoch': 9.57}
{'loss': 0.3291, 'learning_rate': 4.7011364818475025e-06, 'epoch': 9.57}
{'loss': 0.3646, 'learning_rate': 4.657835743264327e-06, 'epoch': 9.57}
{'loss': 0.3406, 'learning_rate': 4.614535004681162e-06, 'epoch': 9.58}
{'loss': 0.345, 'learning_rate': 4.5712342660979974e-06, 'epoch': 9.58}
{'loss': 0.3435, 'learning_rate': 4.527933527514822e-06, 'epoch': 9.59}
{'loss': 0.339, 'learning_rate': 4.48549880370332e-06, 'epoch': 9.59}
{'loss': 0.3773, 'learning_rate': 4.4421980651201445e-06, 'epoch': 9.6}
{'loss': 0.3506, 'learning_rate': 4.39889732653698e-06, 'epoch': 9.6}
{'loss': 0.3418, 'learning_rate': 4.355596587953815e-06, 'epoch': 9.6}
{'loss': 0.3534, 'learning_rate': 4.3122958493706395e-06, 'epoch': 9.61}
{'loss': 0.3489, 'learning_rate': 4.268995110787475e-06, 'epoch': 9.61}
{'loss': 0.3213, 'learning_rate': 4.225694372204311e-06, 'epoch': 9.62}
{'loss': 0.3498, 'learning_rate': 4.182393633621134e-06, 'epoch': 9.62}
{'loss': 0.3671, 'learning_rate': 4.13909289503797e-06, 'epoch': 9.62}
{'loss': 0.342, 'learning_rate': 4.095792156454806e-06, 'epoch': 9.63}
{'loss': 0.3123, 'learning_rate': 4.052491417871629e-06, 'epoch': 9.63}
{'loss': 0.3186, 'learning_rate': 4.009190679288465e-06, 'epoch': 9.64}
{'loss': 0.3432, 'learning_rate': 3.9658899407053006e-06, 'epoch': 9.64}
{'loss': 0.3355, 'learning_rate': 3.922589202122124e-06, 'epoch': 9.64}
{'loss': 0.3023, 'learning_rate': 3.87928846353896e-06, 'epoch': 9.65}
{'loss': 0.3162, 'learning_rate': 3.8359877249557845e-06, 'epoch': 9.65}
{'loss': 0.3452, 'learning_rate': 3.7926869863726197e-06, 'epoch': 9.66}
{'loss': 0.3286, 'learning_rate': 3.749386247789455e-06, 'epoch': 9.66}
{'loss': 0.3497, 'learning_rate': 3.7060855092062794e-06, 'epoch': 9.66}
{'loss': 0.3268, 'learning_rate': 3.662784770623114e-06, 'epoch': 9.67}
{'loss': 0.3616, 'learning_rate': 3.61948403203995e-06, 'epoch': 9.67}
{'loss': 0.3225, 'learning_rate': 3.5761832934567744e-06, 'epoch': 9.68}
{'loss': 0.3268, 'learning_rate': 3.5328825548736096e-06, 'epoch': 9.68}
{'loss': 0.371, 'learning_rate': 3.489581816290445e-06, 'epoch': 9.68}
{'loss': 0.333, 'learning_rate': 3.4462810777072698e-06, 'epoch': 9.69}
{'loss': 0.3012, 'learning_rate': 3.4029803391241054e-06, 'epoch': 9.69}
{'loss': 0.3178, 'learning_rate': 3.359679600540929e-06, 'epoch': 9.7}
{'loss': 0.3082, 'learning_rate': 3.316378861957764e-06, 'epoch': 9.7}
{'loss': 0.3139, 'learning_rate': 3.2730781233745995e-06, 'epoch': 9.71}
{'loss': 0.3376, 'learning_rate': 3.229777384791424e-06, 'epoch': 9.71}
{'loss': 0.3181, 'learning_rate': 3.1864766462082597e-06, 'epoch': 9.71}
{'loss': 0.3508, 'learning_rate': 3.143175907625095e-06, 'epoch': 9.72}
{'loss': 0.3439, 'learning_rate': 3.099875169041919e-06, 'epoch': 9.72}
{'loss': 0.3403, 'learning_rate': 3.0565744304587546e-06, 'epoch': 9.73}
{'loss': 0.3399, 'learning_rate': 3.01327369187559e-06, 'epoch': 9.73}
{'loss': 0.3305, 'learning_rate': 2.9699729532924144e-06, 'epoch': 9.73}
{'loss': 0.3101, 'learning_rate': 2.9266722147092496e-06, 'epoch': 9.74}
{'loss': 0.331, 'learning_rate': 2.8833714761260737e-06, 'epoch': 9.74}
{'loss': 0.3297, 'learning_rate': 2.8400707375429093e-06, 'epoch': 9.75}
{'loss': 0.3211, 'learning_rate': 2.7967699989597445e-06, 'epoch': 9.75}
{'loss': 0.3589, 'learning_rate': 2.7534692603765687e-06, 'epoch': 9.75}
{'loss': 0.3293, 'learning_rate': 2.7101685217934043e-06, 'epoch': 9.76}
{'loss': 0.356, 'learning_rate': 2.6668677832102395e-06, 'epoch': 9.76}
{'loss': 0.3154, 'learning_rate': 2.623567044627064e-06, 'epoch': 9.77}
{'loss': 0.3054, 'learning_rate': 2.5802663060438992e-06, 'epoch': 9.77}
{'loss': 0.343, 'learning_rate': 2.536965567460735e-06, 'epoch': 9.77}
{'loss': 0.3423, 'learning_rate': 2.494530843649222e-06, 'epoch': 9.78}
{'loss': 0.323, 'learning_rate': 2.4512301050660573e-06, 'epoch': 9.78}
{'loss': 0.3321, 'learning_rate': 2.407929366482893e-06, 'epoch': 9.79}
{'loss': 0.3475, 'learning_rate': 2.364628627899717e-06, 'epoch': 9.79}
{'loss': 0.3111, 'learning_rate': 2.3213278893165523e-06, 'epoch': 9.79}
{'loss': 0.3446, 'learning_rate': 2.278027150733377e-06, 'epoch': 9.8}
{'loss': 0.3022, 'learning_rate': 2.234726412150212e-06, 'epoch': 9.8}
{'loss': 0.3472, 'learning_rate': 2.1914256735670476e-06, 'epoch': 9.81}
{'loss': 0.368, 'learning_rate': 2.148124934983872e-06, 'epoch': 9.81}
{'loss': 0.348, 'learning_rate': 2.104824196400707e-06, 'epoch': 9.82}
{'loss': 0.3505, 'learning_rate': 2.0615234578175426e-06, 'epoch': 9.82}
{'loss': 0.3337, 'learning_rate': 2.0182227192343668e-06, 'epoch': 9.82}
{'loss': 0.331, 'learning_rate': 1.9749219806512024e-06, 'epoch': 9.83}
{'loss': 0.3474, 'learning_rate': 1.9316212420680375e-06, 'epoch': 9.83}
{'loss': 0.3854, 'learning_rate': 1.8883205034848621e-06, 'epoch': 9.84}
{'loss': 0.3342, 'learning_rate': 1.8450197649016975e-06, 'epoch': 9.84}
{'loss': 0.35, 'learning_rate': 1.8017190263185217e-06, 'epoch': 9.84}
{'loss': 0.3514, 'learning_rate': 1.7584182877353569e-06, 'epoch': 9.85}
{'loss': 0.3358, 'learning_rate': 1.7151175491521923e-06, 'epoch': 9.85}
{'loss': 0.3085, 'learning_rate': 1.6718168105690168e-06, 'epoch': 9.86}
{'loss': 0.3454, 'learning_rate': 1.628516071985852e-06, 'epoch': 9.86}
{'loss': 0.3274, 'learning_rate': 1.5852153334026874e-06, 'epoch': 9.86}
{'loss': 0.3298, 'learning_rate': 1.5419145948195118e-06, 'epoch': 9.87}
{'loss': 0.3266, 'learning_rate': 1.498613856236347e-06, 'epoch': 9.87}
{'loss': 0.346, 'learning_rate': 1.4553131176531826e-06, 'epoch': 9.88}
{'loss': 0.352, 'learning_rate': 1.4120123790700067e-06, 'epoch': 9.88}
{'loss': 0.3263, 'learning_rate': 1.368711640486842e-06, 'epoch': 9.88}
{'loss': 0.3285, 'learning_rate': 1.3254109019036775e-06, 'epoch': 9.89}
{'loss': 0.3196, 'learning_rate': 1.2821101633205017e-06, 'epoch': 9.89}
{'loss': 0.3319, 'learning_rate': 1.2388094247373373e-06, 'epoch': 9.9}
{'loss': 0.3095, 'learning_rate': 1.1955086861541615e-06, 'epoch': 9.9}
{'loss': 0.3602, 'learning_rate': 1.1522079475709966e-06, 'epoch': 9.9}
{'loss': 0.3621, 'learning_rate': 1.1089072089878322e-06, 'epoch': 9.91}
{'loss': 0.324, 'learning_rate': 1.0656064704046564e-06, 'epoch': 9.91}
{'loss': 0.3174, 'learning_rate': 1.022305731821492e-06, 'epoch': 9.92}
{'loss': 0.3489, 'learning_rate': 9.790049932383272e-07, 'epoch': 9.92}
{'loss': 0.3434, 'learning_rate': 9.357042546551516e-07, 'epoch': 9.93}
{'loss': 0.3377, 'learning_rate': 8.924035160719869e-07, 'epoch': 9.93}
{'loss': 0.3146, 'learning_rate': 8.491027774888224e-07, 'epoch': 9.93}
{'loss': 0.3499, 'learning_rate': 8.058020389056465e-07, 'epoch': 9.94}
{'loss': 0.3169, 'learning_rate': 7.625013003224819e-07, 'epoch': 9.94}
{'loss': 0.3419, 'learning_rate': 7.192005617393062e-07, 'epoch': 9.95}
{'loss': 0.3453, 'learning_rate': 6.758998231561416e-07, 'epoch': 9.95}
{'loss': 0.3263, 'learning_rate': 6.32599084572977e-07, 'epoch': 9.95}
{'loss': 0.3183, 'learning_rate': 5.901643607614644e-07, 'epoch': 9.96}
{'loss': 0.3583, 'learning_rate': 5.468636221782998e-07, 'epoch': 9.96}
{'loss': 0.3399, 'learning_rate': 5.035628835951352e-07, 'epoch': 9.97}
{'loss': 0.3213, 'learning_rate': 4.602621450119594e-07, 'epoch': 9.97}
{'loss': 0.3235, 'learning_rate': 4.169614064287948e-07, 'epoch': 9.97}
{'loss': 0.3179, 'learning_rate': 3.736606678456301e-07, 'epoch': 9.98}
{'loss': 0.3638, 'learning_rate': 3.303599292624544e-07, 'epoch': 9.98}
{'loss': 0.3204, 'learning_rate': 2.870591906792898e-07, 'epoch': 9.99}
{'loss': 0.3526, 'learning_rate': 2.4375845209612517e-07, 'epoch': 9.99}
{'loss': 0.3401, 'learning_rate': 2.0045771351294944e-07, 'epoch': 9.99}
{'loss': 0.332, 'learning_rate': 1.5715697492978483e-07, 'epoch': 10.0}
[INFO|trainer.py:520] 2026-10-04 16:07:00,050 >> The following columns in the evaluation set  don't have a corresponding argument in `PETLEncModel.forward` and have been ignored: hypothesis, idx, premise.
[INFO|trainer.py:2179] 2026-10-04 16:07:00,052 >> ***** Running Evaluation *****
[INFO|trainer.py:2181] 2026-10-04 16:07:00,052 >>   Num examples = 9815
[INFO|trainer.py:2184] 2026-10-04 16:07:00,052 >>   Batch size = 32
{'eval_loss': 0.3529126048088074, 'eval_accuracy': 0.8709118695873663, 'eval_runtime': 13.4311, 'eval_samples_per_second': 730.767, 'eval_steps_per_second': 22.857, 'epoch': 10.0}
[INFO|trainer.py:1933] 2026-10-04 16:07:13,484 >> Saving model checkpoint to checkpoints/glue/mnli/20261004/glue.mnli.adapter.am_adapter.ao_sequential.fm_adapter.fo_sequential.abn.fbn.ac_add.fl_none.finit_bert.fs_1.unfrz_ef_.ne10.warm0.06.wd0.1.seed2./checkpoint-122720
[INFO|configuration_utils.py:364] 2026-10-04 16:07:13,485 >> Configuration saved in checkpoints/glue/mnli/20261004/glue.mnli.adapter.am_adapter.ao_sequential.fm_adapter.fo_sequential.abn.fbn.ac_add.fl_none.finit_bert.fs_1.unfrz_ef_.ne10.warm0.06.wd0.1.seed2./checkpoint-122720/config.json
[INFO|modeling_utils.py:898] 2026-10-04 16:07:13,784 >> Model weights saved in checkpoints/glue/mnli/20261004/glue.mnli.adapter.am_adapter.ao_sequential.fm_adapter.fo_sequential.abn.fbn.ac_add.fl_none.finit_bert.fs_1.unfrz_ef_.ne10.warm0.06.wd0.1.seed2./checkpoint-122720/pytorch_model.bin
[INFO|tokenization_utils_base.py:1948] 2026-10-04 16:07:13,786 >> tokenizer config file saved in checkpoints/glue/mnli/20261004/glue.mnli.adapter.am_adapter.ao_sequential.fm_adapter.fo_sequential.abn.fbn.ac_add.fl_none.finit_bert.fs_1.unfrz_ef_.ne10.warm0.06.wd0.1.seed2./checkpoint-122720/tokenizer_config.json
[INFO|tokenization_utils_base.py:1954] 2026-10-04 16:07:13,786 >> Special tokens file saved in checkpoints/glue/mnli/20261004/glue.mnli.adapter.am_adapter.ao_sequential.fm_adapter.fo_sequential.abn.fbn.ac_add.fl_none.finit_bert.fs_1.unfrz_ef_.ne10.warm0.06.wd0.1.seed2./checkpoint-122720/special_tokens_map.json
[INFO|trainer.py:2009] 2026-10-04 16:07:13,894 >> Deleting older checkpoint [checkpoints/glue/mnli/20261004/glue.mnli.adapter.am_adapter.ao_sequential.fm_adapter.fo_sequential.abn.fbn.ac_add.fl_none.finit_bert.fs_1.unfrz_ef_.ne10.warm0.06.wd0.1.seed2./checkpoint-98176] due to args.save_total_limit
[INFO|trainer.py:1382] 2026-10-04 16:07:13,917 >> 

Training completed. Do not forget to share your model on huggingface.co/models =)


[INFO|trainer.py:1390] 2026-10-04 16:07:13,917 >> Loading best model from checkpoints/glue/mnli/20261004/glue.mnli.adapter.am_adapter.ao_sequential.fm_adapter.fo_sequential.abn.fbn.ac_add.fl_none.finit_bert.fs_1.unfrz_ef_.ne10.warm0.06.wd0.1.seed2./checkpoint-122720 (score: 0.8709118695873663).
{'train_runtime': 4505.9541, 'train_samples_per_second': 871.518, 'train_steps_per_second': 27.235, 'train_loss': 0.4017069223185095, 'epoch': 10.0}
[INFO|trainer.py:1933] 2026-10-04 16:07:14,472 >> Saving model checkpoint to checkpoints/glue/mnli/20261004/glue.mnli.adapter.am_adapter.ao_sequential.fm_adapter.fo_sequential.abn.fbn.ac_add.fl_none.finit_bert.fs_1.unfrz_ef_.ne10.warm0.06.wd0.1.seed2.
[INFO|configuration_utils.py:364] 2026-10-04 16:07:14,473 >> Configuration saved in checkpoints/glue/mnli/20261004/glue.mnli.adapter.am_adapter.ao_sequential.fm_adapter.fo_sequential.abn.fbn.ac_add.fl_none.finit_bert.fs_1.unfrz_ef_.ne10.warm0.06.wd0.1.seed2./config.json
[INFO|modeling_utils.py:898] 2026-10-04 16:07:14,772 >> Model weights saved in checkpoints/glue/mnli/20261004/glue.mnli.adapter.am_adapter.ao_sequential.fm_adapter.fo_sequential.abn.fbn.ac_add.fl_none.finit_bert.fs_1.unfrz_ef_.ne10.warm0.06.wd0.1.seed2./pytorch_model.bin
[INFO|tokenization_utils_base.py:1948] 2026-10-04 16:07:14,773 >> tokenizer config file saved in checkpoints/glue/mnli/20261004/glue.mnli.adapter.am_adapter.ao_sequential.fm_adapter.fo_sequential.abn.fbn.ac_add.fl_none.finit_bert.fs_1.unfrz_ef_.ne10.warm0.06.wd0.1.seed2./tokenizer_config.json
[INFO|tokenization_utils_base.py:1954] 2026-10-04 16:07:14,774 >> Special tokens file saved in checkpoints/glue/mnli/20261004/glue.mnli.adapter.am_adapter.ao_sequential.fm_adapter.fo_sequential.abn.fbn.ac_add.fl_none.finit_bert.fs_1.unfrz_ef_.ne10.warm0.06.wd0.1.seed2./special_tokens_map.json
***** train metrics *****
  epoch                    =       10.0
  train_loss               =     0.4017
  train_runtime            = 1:15:05.95
  train_samples            =     392702
  train_samples_per_second =    871.518
  train_steps_per_second   =     27.235
10/04/2026 16:07:14 - INFO - __main__ -   *** Evaluate ***
[INFO|trainer.py:520] 2026-10-04 16:07:14,842 >> The following columns in the evaluation set  don't have a corresponding argument in `PETLEncModel.forward` and have been ignored: hypothesis, idx, premise.
[INFO|trainer.py:2179] 2026-10-04 16:07:14,843 >> ***** Running Evaluation *****
[INFO|trainer.py:2181] 2026-10-04 16:07:14,843 >>   Num examples = 9815
[INFO|trainer.py:2184] 2026-10-04 16:07:14,843 >>   Batch size = 32
{'eval_loss': 0.3529126048088074, 'eval_accuracy': 0.8709118695873663, 'eval_runtime': 13.4381, 'eval_samples_per_second': 730.388, 'eval_steps_per_second': 22.846, 'epoch': 10.0}
***** eval metrics *****
  epoch                   =       10.0
  eval_accuracy           =     0.8709
  eval_loss               =     0.3529
  eval_runtime            = 0:00:13.43
  eval_samples            =       9815
  eval_samples_per_second =    730.388
  eval_steps_per_second   =     22.846
[INFO|trainer.py:520] 2026-10-04 16:07:28,283 >> The following columns in the evaluation set  don't have a corresponding argument in `PETLEncModel.forward` and have been ignored: hypothesis, idx, premise.
[INFO|trainer.py:2179] 2026-10-04 16:07:28,284 >> ***** Running Evaluation *****
[INFO|trainer.py:2181] 2026-10-04 16:07:28,284 >>   Num examples = 9832
[INFO|trainer.py:2184] 2026-10-04 16:07:28,284 >>   Batch size = 32
{'eval_loss': 0.35518282651901245, 'eval_accuracy': 0.8721521562245729, 'eval_runtime': 13.786, 'eval_samples_per_second': 713.185, 'eval_steps_per_second': 22.341, 'epoch': 10.0}
***** eval metrics *****
  epoch                   =       10.0
  eval_accuracy           =     0.8722
  eval_loss               =     0.3552
  eval_runtime            = 0:00:13.78
  eval_samples            =       9815
  eval_samples_per_second =    713.185
  eval_steps_per_second   =     22.341
