checkpoints/glue/mnli/20261004/glue.mnli.adapter.am_adapter.ao_sequential.fm_adapter.fo_sequential.abn.fbn.ac_add.fl_none.finit_bert.fs_1.unfrz_ef_.ne10.warm0.06.wd0.1.seed6.
10/04/2026 16:01:19 - WARNING - __main__ -   Process rank: -1, device: cuda:0, n_gpu: 1distributed training: False, 16-bits training: True
10/04/2026 16:01:19 - INFO - __main__ -   Training/evaluation parameters TrainingArguments(
_n_gpu=1,
adafactor=False,
adam_beta1=0.9,
adam_beta2=0.98,
adam_epsilon=1e-06,
dataloader_drop_last=False,
dataloader_num_workers=0,
dataloader_pin_memory=True,
ddp_find_unused_parameters=False,
debug=[],
deepspeed=None,
disable_tqdm=True,
do_eval=True,
do_predict=False,
do_train=True,
eval_accumulation_steps=None,
eval_steps=5000,
evaluation_strategy=IntervalStrategy.EPOCH,
fp16=True,
fp16_backend=auto,
fp16_full_eval=False,
fp16_opt_level=O1,
gradient_accumulation_steps=1,
greater_is_better=True,
group_by_length=False,
ignore_data_skip=False,
label_names=None,
label_smoothing_factor=0.0,
learning_rate=0.0001,
length_column_name=length,
load_best_model_at_end=True,
local_rank=-1,
log_level=-1,
log_level_replica=-1,
log_on_each_node=True,
logging_dir=checkpoints/glue/mnli/20261004/glue.mnli.adapter.am_adapter.ao_sequential.fm_adapter.fo_sequential.abn.fbn.ac_add.fl_none.finit_bert.fs_1.unfrz_ef_.ne10.warm0.06.wd0.1.seed6./runs/Oct04_16-01-19_j-12410940-job-0,
logging_first_step=False,
logging_steps=50,
logging_strategy=IntervalStrategy.STEPS,
lr_scheduler_type=SchedulerType.POLYNOMIAL,
max_grad_norm=1.0,
max_steps=-1,
metric_for_best_model=accuracy,
mp_parameters=,
no_cuda=False,
num_train_epochs=10.0,
output_dir=checkpoints/glue/mnli/20261004/glue.mnli.adapter.am_adapter.ao_sequential.fm_adapter.fo_sequential.abn.fbn.ac_add.fl_none.finit_bert.fs_1.unfrz_ef_.ne10.warm0.06.wd0.1.seed6.,
overwrite_output_dir=True,
past_index=-1,
per_device_eval_batch_size=32,
per_device_train_batch_size=32,
prediction_loss_only=False,
push_to_hub=False,
push_to_hub_model_id=glue.mnli.adapter.am_adapter.ao_sequential.fm_adapter.fo_sequential.abn.fbn.ac_add.fl_none.finit_bert.fs_1.unfrz_ef_.ne10.warm0.06.wd0.1.seed6.,
push_to_hub_organization=None,
push_to_hub_token=None,
remove_unused_columns=True,
report_to=[],
resume_from_checkpoint=None,
run_name=mnli.20261004.glue.mnli.adapter.am_adapter.ao_sequential.fm_adapter.fo_sequential.abn.fbn.ac_add.fl_none.finit_bert.fs_1.unfrz_ef_.ne10.warm0.06.wd0.1.seed6.,
save_steps=5000,
save_strategy=IntervalStrategy.EPOCH,
save_total_limit=2,
seed=6,
sharded_ddp=[],
skip_memory_metrics=True,
tpu_metrics_debug=False,
tpu_num_cores=None,
use_legacy_prediction_loop=False,
warmup_ratio=0.06,
warmup_steps=0,
weight_decay=0.1,
)
10/04/2026 16:01:20 - WARNING - datasets.builder -   Reusing dataset glue (checkpoints/hf_model/glue/mnli/1.0.0/dacbe3125aa31d7f70367a07a8a9e72a5a0bfeb5fc42e75c9db75b96da6053ad)
[INFO|configuration_utils.py:528] 2026-10-04 16:01:20,023 >> loading configuration file /work/unify-parameter-efficient-tuning/_setup/models/roberta-base/config.json
[INFO|configuration_utils.py:566] 2026-10-04 16:01:20,023 >> Model config RobertaConfig {
  "architectures": [
    "RobertaForMaskedLM"
  ],
  "attention_probs_dropout_prob": 0.1,
  "bos_token_id": 0,
  "eos_token_id": 2,
  "finetuning_task": "mnli",
  "gradient_checkpointing": false,
  "hidden_act": "gelu",
  "hidden_dropout_prob": 0.1,
  "hidden_size": 768,
  "id2label": {
    "0": "LABEL_0",
    "1": "LABEL_1",
    "2": "LABEL_2"
  },
  "initializer_range": 0.02,
  "intermediate_size": 3072,
  "label2id": {
    "LABEL_0": 0,
    "LABEL_1": 1,
    "LABEL_2": 2
  },
  "layer_norm_eps": 1e-05,
  "max_position_embeddings": 514,
  "model_type": "roberta",
  "num_attention_heads": 12,
  "num_hidden_layers": 12,
  "pad_token_id": 1,
  "position_embedding_type": "absolute",
  "transformers_version": "4.9.0.dev0",
  "type_vocab_size": 1,
  "use_cache": true,
  "vocab_size": 50265
}

[INFO|tokenization_auto.py:427] 2026-10-04 16:01:20,023 >> Could not locate the tokenizer configuration file, will try to use the model config instead.
[INFO|configuration_utils.py:528] 2026-10-04 16:01:20,024 >> loading configuration file /work/unify-parameter-efficient-tuning/_setup/models/roberta-base/config.json
[INFO|configuration_utils.py:566] 2026-10-04 16:01:20,024 >> Model config RobertaConfig {
  "architectures": [
    "RobertaForMaskedLM"
  ],
  "attention_probs_dropout_prob": 0.1,
  "bos_token_id": 0,
  "eos_token_id": 2,
  "gradient_checkpointing": false,
  "hidden_act": "gelu",
  "hidden_dropout_prob": 0.1,
  "hidden_size": 768,
  "initializer_range": 0.02,
  "intermediate_size": 3072,
  "layer_norm_eps": 1e-05,
  "max_position_embeddings": 514,
  "model_type": "roberta",
  "num_attention_heads": 12,
  "num_hidden_layers": 12,
  "pad_token_id": 1,
  "position_embedding_type": "absolute",
  "transformers_version": "4.9.0.dev0",
  "type_vocab_size": 1,
  "use_cache": true,
  "vocab_size": 50265
}

[INFO|tokenization_utils_base.py:1651] 2026-10-04 16:01:20,024 >> Didn't find file /work/unify-parameter-efficient-tuning/_setup/models/roberta-base/added_tokens.json. We won't load it.
[INFO|tokenization_utils_base.py:1651] 2026-10-04 16:01:20,024 >> Didn't find file /work/unify-parameter-efficient-tuning/_setup/models/roberta-base/special_tokens_map.json. We won't load it.
[INFO|tokenization_utils_base.py:1651] 2026-10-04 16:01:20,024 >> Didn't find file /work/unify-parameter-efficient-tuning/_setup/models/roberta-base/tokenizer_config.json. We won't load it.
[INFO|tokenization_utils_base.py:1715] 2026-10-04 16:01:20,024 >> loading file /work/unify-parameter-efficient-tuning/_setup/models/roberta-base/vocab.json
[INFO|tokenization_utils_base.py:1715] 2026-10-04 16:01:20,024 >> loading file /work/unify-parameter-efficient-tuning/_setup/models/roberta-base/merges.txt
[INFO|tokenization_utils_base.py:1715] 2026-10-04 16:01:20,024 >> loading file /work/unify-parameter-efficient-tuning/_setup/models/roberta-base/tokenizer.json
[INFO|tokenization_utils_base.py:1715] 2026-10-04 16:01:20,024 >> loading file None
[INFO|tokenization_utils_base.py:1715] 2026-10-04 16:01:20,024 >> loading file None
[INFO|tokenization_utils_base.py:1715] 2026-10-04 16:01:20,024 >> loading file None
[INFO|modeling_utils.py:1159] 2026-10-04 16:01:20,058 >> loading weights file /work/unify-parameter-efficient-tuning/_setup/models/roberta-base/pytorch_model.bin
============================ init weights is called! ====================================
============================ init weights is called! ====================================
[WARNING|modeling_utils.py:1336] 2026-10-04 16:01:21,304 >> Some weights of the model checkpoint at /work/unify-parameter-efficient-tuning/_setup/models/roberta-base were not used when initializing RobertaForSequenceClassification: ['lm_head.layer_norm.weight', 'lm_head.bias', 'lm_head.layer_norm.bias', 'lm_head.dense.weight', 'lm_head.decoder.weight', 'lm_head.dense.bias', 'roberta.pooler.dense.bias', 'roberta.pooler.dense.weight']
- This IS expected if you are initializing RobertaForSequenceClassification from the checkpoint of a model trained on another task or with another architecture (e.g. initializing a BertForSequenceClassification model from a BertForPreTraining model).
- This IS NOT expected if you are initializing RobertaForSequenceClassification from the checkpoint of a model that you expect to be exactly identical (initializing a BertForSequenceClassification model from a BertForSequenceClassification model).
[WARNING|modeling_utils.py:1347] 2026-10-04 16:01:21,305 >> Some weights of RobertaForSequenceClassification were not initialized from the model checkpoint at /work/unify-parameter-efficient-tuning/_setup/models/roberta-base and are newly initialized: ['classifier.out_proj.bias', 'classifier.dense.bias', 'classifier.dense.weight', 'classifier.out_proj.weight']
You should probably TRAIN this model on a down-stream task to be able to use it for predictions and inference.
tune roberta.encoder.layer.0.attention.output.ef_attn_adapter.adapter_layer_norm_before.weight
tune roberta.encoder.layer.0.attention.output.ef_attn_adapter.adapter_layer_norm_before.bias
tune roberta.encoder.layer.0.attention.output.ef_attn_adapter.down_proj.weight
tune roberta.encoder.layer.0.attention.output.ef_attn_adapter.down_proj.bias
tune roberta.encoder.layer.0.attention.output.ef_attn_adapter.up_proj.weight
tune roberta.encoder.layer.0.attention.output.ef_attn_adapter.up_proj.bias
tune roberta.encoder.layer.0.output.ef_ffn_adapter.down_proj.weight
tune roberta.encoder.layer.0.output.ef_ffn_adapter.down_proj.bias
tune roberta.encoder.layer.0.output.ef_ffn_adapter.up_proj.weight
tune roberta.encoder.layer.0.output.ef_ffn_adapter.up_proj.bias
tune roberta.encoder.layer.1.attention.output.ef_attn_adapter.adapter_layer_norm_before.weight
tune roberta.encoder.layer.1.attention.output.ef_attn_adapter.adapter_layer_norm_before.bias
tune roberta.encoder.layer.1.attention.output.ef_attn_adapter.down_proj.weight
tune roberta.encoder.layer.1.attention.output.ef_attn_adapter.down_proj.bias
tune roberta.encoder.layer.1.attention.output.ef_attn_adapter.up_proj.weight
tune roberta.encoder.layer.1.attention.output.ef_attn_adapter.up_proj.bias
tune roberta.encoder.layer.1.output.ef_ffn_adapter.down_proj.weight
tune roberta.encoder.layer.1.output.ef_ffn_adapter.down_proj.bias
tune roberta.encoder.layer.1.output.ef_ffn_adapter.up_proj.weight
tune roberta.encoder.layer.1.output.ef_ffn_adapter.up_proj.bias
tune roberta.encoder.layer.2.attention.output.ef_attn_adapter.adapter_layer_norm_before.weight
tune roberta.encoder.layer.2.attention.output.ef_attn_adapter.adapter_layer_norm_before.bias
tune roberta.encoder.layer.2.attention.output.ef_attn_adapter.down_proj.weight
tune roberta.encoder.layer.2.attention.output.ef_attn_adapter.down_proj.bias
tune roberta.encoder.layer.2.attention.output.ef_attn_adapter.up_proj.weight
tune roberta.encoder.layer.2.attention.output.ef_attn_adapter.up_proj.bias
tune roberta.encoder.layer.2.output.ef_ffn_adapter.down_proj.weight
tune roberta.encoder.layer.2.output.ef_ffn_adapter.down_proj.bias
tune roberta.encoder.layer.2.output.ef_ffn_adapter.up_proj.weight
tune roberta.encoder.layer.2.output.ef_ffn_adapter.up_proj.bias
tune roberta.encoder.layer.3.attention.output.ef_attn_adapter.adapter_layer_norm_before.weight
tune roberta.encoder.layer.3.attention.output.ef_attn_adapter.adapter_layer_norm_before.bias
tune roberta.encoder.layer.3.attention.output.ef_attn_adapter.down_proj.weight
tune roberta.encoder.layer.3.attention.output.ef_attn_adapter.down_proj.bias
tune roberta.encoder.layer.3.attention.output.ef_attn_adapter.up_proj.weight
tune roberta.encoder.layer.3.attention.output.ef_attn_adapter.up_proj.bias
tune roberta.encoder.layer.3.output.ef_ffn_adapter.down_proj.weight
tune roberta.encoder.layer.3.output.ef_ffn_adapter.down_proj.bias
tune roberta.encoder.layer.3.output.ef_ffn_adapter.up_proj.weight
tune roberta.encoder.layer.3.output.ef_ffn_adapter.up_proj.bias
tune roberta.encoder.layer.4.attention.output.ef_attn_adapter.adapter_layer_norm_before.weight
tune roberta.encoder.layer.4.attention.output.ef_attn_adapter.adapter_layer_norm_before.bias
tune roberta.encoder.layer.4.attention.output.ef_attn_adapter.down_proj.weight
tune roberta.encoder.layer.4.attention.output.ef_attn_adapter.down_proj.bias
tune roberta.encoder.layer.4.attention.output.ef_attn_adapter.up_proj.weight
tune roberta.encoder.layer.4.attention.output.ef_attn_adapter.up_proj.bias
tune roberta.encoder.layer.4.output.ef_ffn_adapter.down_proj.weight
tune roberta.encoder.layer.4.output.ef_ffn_adapter.down_proj.bias
tune roberta.encoder.layer.4.output.ef_ffn_adapter.up_proj.weight
tune roberta.encoder.layer.4.output.ef_ffn_adapter.up_proj.bias
tune roberta.encoder.layer.5.attention.output.ef_attn_adapter.adapter_layer_norm_before.weight
tune roberta.encoder.layer.5.attention.output.ef_attn_adapter.adapter_layer_norm_before.bias
tune roberta.encoder.layer.5.attention.output.ef_attn_adapter.down_proj.weight
tune roberta.encoder.layer.5.attention.output.ef_attn_adapter.down_proj.bias
tune roberta.encoder.layer.5.attention.output.ef_attn_adapter.up_proj.weight
tune roberta.encoder.layer.5.attention.output.ef_attn_adapter.up_proj.bias
tune roberta.encoder.layer.5.output.ef_ffn_adapter.down_proj.weight
tune roberta.encoder.layer.5.output.ef_ffn_adapter.down_proj.bias
tune roberta.encoder.layer.5.output.ef_ffn_adapter.up_proj.weight
tune roberta.encoder.layer.5.output.ef_ffn_adapter.up_proj.bias
tune roberta.encoder.layer.6.attention.output.ef_attn_adapter.adapter_layer_norm_before.weight
tune roberta.encoder.layer.6.attention.output.ef_attn_adapter.adapter_layer_norm_before.bias
tune roberta.encoder.layer.6.attention.output.ef_attn_adapter.down_proj.weight
tune roberta.encoder.layer.6.attention.output.ef_attn_adapter.down_proj.bias
tune roberta.encoder.layer.6.attention.output.ef_attn_adapter.up_proj.weight
tune roberta.encoder.layer.6.attention.output.ef_attn_adapter.up_proj.bias
tune roberta.encoder.layer.6.output.ef_ffn_adapter.down_proj.weight
tune roberta.encoder.layer.6.output.ef_ffn_adapter.down_proj.bias
tune roberta.encoder.layer.6.output.ef_ffn_adapter.up_proj.weight
tune roberta.encoder.layer.6.output.ef_ffn_adapter.up_proj.bias
tune roberta.encoder.layer.7.attention.output.ef_attn_adapter.adapter_layer_norm_before.weight
tune roberta.encoder.layer.7.attention.output.ef_attn_adapter.adapter_layer_norm_before.bias
tune roberta.encoder.layer.7.attention.output.ef_attn_adapter.down_proj.weight
tune roberta.encoder.layer.7.attention.output.ef_attn_adapter.down_proj.bias
tune roberta.encoder.layer.7.attention.output.ef_attn_adapter.up_proj.weight
tune roberta.encoder.layer.7.attention.output.ef_attn_adapter.up_proj.bias
tune roberta.encoder.layer.7.output.ef_ffn_adapter.down_proj.weight
tune roberta.encoder.layer.7.output.ef_ffn_adapter.down_proj.bias
tune roberta.encoder.layer.7.output.ef_ffn_adapter.up_proj.weight
tune roberta.encoder.layer.7.output.ef_ffn_adapter.up_proj.bias
tune roberta.encoder.layer.8.attention.output.ef_attn_adapter.adapter_layer_norm_before.weight
tune roberta.encoder.layer.8.attention.output.ef_attn_adapter.adapter_layer_norm_before.bias
tune roberta.encoder.layer.8.attention.output.ef_attn_adapter.down_proj.weight
tune roberta.encoder.layer.8.attention.output.ef_attn_adapter.down_proj.bias
tune roberta.encoder.layer.8.attention.output.ef_attn_adapter.up_proj.weight
tune roberta.encoder.layer.8.attention.output.ef_attn_adapter.up_proj.bias
tune roberta.encoder.layer.8.output.ef_ffn_adapter.down_proj.weight
tune roberta.encoder.layer.8.output.ef_ffn_adapter.down_proj.bias
tune roberta.encoder.layer.8.output.ef_ffn_adapter.up_proj.weight
tune roberta.encoder.layer.8.output.ef_ffn_adapter.up_proj.bias
tune roberta.encoder.layer.9.attention.output.ef_attn_adapter.adapter_layer_norm_before.weight
tune roberta.encoder.layer.9.attention.output.ef_attn_adapter.adapter_layer_norm_before.bias
tune roberta.encoder.layer.9.attention.output.ef_attn_adapter.down_proj.weight
tune roberta.encoder.layer.9.attention.output.ef_attn_adapter.down_proj.bias
tune roberta.encoder.layer.9.attention.output.ef_attn_adapter.up_proj.weight
tune roberta.encoder.layer.9.attention.output.ef_attn_adapter.up_proj.bias
tune roberta.encoder.layer.9.output.ef_ffn_adapter.down_proj.weight
tune roberta.encoder.layer.9.output.ef_ffn_adapter.down_proj.bias
tune roberta.encoder.layer.9.output.ef_ffn_adapter.up_proj.weight
tune roberta.encoder.layer.9.output.ef_ffn_adapter.up_proj.bias
tune roberta.encoder.layer.10.attention.output.ef_attn_adapter.adapter_layer_norm_before.weight
tune roberta.encoder.layer.10.attention.output.ef_attn_adapter.adapter_layer_norm_before.bias
tune roberta.encoder.layer.10.attention.output.ef_attn_adapter.down_proj.weight
tune roberta.encoder.layer.10.attention.output.ef_attn_adapter.down_proj.bias
tune roberta.encoder.layer.10.attention.output.ef_attn_adapter.up_proj.weight
tune roberta.encoder.layer.10.attention.output.ef_attn_adapter.up_proj.bias
tune roberta.encoder.layer.10.output.ef_ffn_adapter.down_proj.weight
tune roberta.encoder.layer.10.output.ef_ffn_adapter.down_proj.bias
tune roberta.encoder.layer.10.output.ef_ffn_adapter.up_proj.weight
tune roberta.encoder.layer.10.output.ef_ffn_adapter.up_proj.bias
tune roberta.encoder.layer.11.attention.output.ef_attn_adapter.adapter_layer_norm_before.weight
tune roberta.encoder.layer.11.attention.output.ef_attn_adapter.adapter_layer_norm_before.bias
tune roberta.encoder.layer.11.attention.output.ef_attn_adapter.down_proj.weight
tune roberta.encoder.layer.11.attention.output.ef_attn_adapter.down_proj.bias
tune roberta.encoder.layer.11.attention.output.ef_attn_adapter.up_proj.weight
tune roberta.encoder.layer.11.attention.output.ef_attn_adapter.up_proj.bias
tune roberta.encoder.layer.11.output.ef_ffn_adapter.down_proj.weight
tune roberta.encoder.layer.11.output.ef_ffn_adapter.down_proj.bias
tune roberta.encoder.layer.11.output.ef_ffn_adapter.up_proj.weight
tune roberta.encoder.layer.11.output.ef_ffn_adapter.up_proj.bias
10/04/2026 16:01:21 - WARNING - datasets.fingerprint -   Parameter 'function'=<function main.<locals>.preprocess_function at 0x7fb895d210d0> of the transform datasets.arrow_dataset.Dataset._map_single couldn't be hashed properly, a random hash was used instead. Make sure your transforms and parameters are serializable with pickle or dill for the dataset fingerprinting and caching to work. If you reuse this transform, the caching mechanism will consider it to be different from the previous calls and recompute everything. This warning is only showed once. Subsequent hashing failures won't be showed.
10/04/2026 16:01:21 - WARNING - datasets.arrow_dataset -   Loading cached processed dataset at checkpoints/hf_model/glue/mnli/1.0.0/dacbe3125aa31d7f70367a07a8a9e72a5a0bfeb5fc42e75c9db75b96da6053ad/cache-92e5dfe8cb1855fe.arrow
10/04/2026 16:01:21 - WARNING - datasets.arrow_dataset -   Loading cached processed dataset at checkpoints/hf_model/glue/mnli/1.0.0/dacbe3125aa31d7f70367a07a8a9e72a5a0bfeb5fc42e75c9db75b96da6053ad/cache-14a03569d26b9496.arrow
10/04/2026 16:01:21 - WARNING - datasets.arrow_dataset -   Loading cached processed dataset at checkpoints/hf_model/glue/mnli/1.0.0/dacbe3125aa31d7f70367a07a8a9e72a5a0bfeb5fc42e75c9db75b96da6053ad/cache-c320a4737c2b3abe.arrow
10/04/2026 16:01:21 - WARNING - datasets.arrow_dataset -   Loading cached processed dataset at checkpoints/hf_model/glue/mnli/1.0.0/dacbe3125aa31d7f70367a07a8a9e72a5a0bfeb5fc42e75c9db75b96da6053ad/cache-096d373742f9a039.arrow
10/04/2026 16:01:21 - WARNING - datasets.arrow_dataset -   Loading cached processed dataset at checkpoints/hf_model/glue/mnli/1.0.0/dacbe3125aa31d7f70367a07a8a9e72a5a0bfeb5fc42e75c9db75b96da6053ad/cache-254499c7001d9a88.arrow
10/04/2026 16:01:21 - INFO - __main__ -   Sample 347507 of the training set: {'attention_mask': [1, 1, 1, 1, 1, 1, 1, 1, 1, 1, 1, 1, 1, 1, 1, 1, 1, 1, 1, 1, 1, 1, 1, 1, 1, 1, 1, 1, 1, 1, 1, 1, 1, 1, 1, 1, 1, 1, 1, 1, 1, 1], 'hypothesis': 'He was getting more immature every time she saw him.', 'idx': 347507, 'input_ids': [0, 463, 172, 1302, 101, 358, 86, 79, 1224, 198, 37, 21, 66, 11600, 2682, 8, 79, 1747, 2435, 14, 47, 95, 64, 45, 109, 42, 47, 216, 2, 2, 894, 21, 562, 55, 39001, 358, 86, 79, 794, 123, 4, 2], 'label': 2, 'premise': 'and then seems like every time she turned around he was outgrowing stuff and she finally learned that you just can not do this you know'}.
10/04/2026 16:01:21 - INFO - __main__ -   Sample 307486 of the training set: {'attention_mask': [1, 1, 1, 1, 1, 1, 1, 1, 1, 1, 1, 1, 1, 1, 1, 1, 1, 1, 1, 1, 1, 1, 1, 1, 1, 1, 1, 1, 1, 1, 1, 1, 1, 1, 1, 1, 1, 1, 1, 1], 'hypothesis': 'To better serve those who visit, eateries, shops and a kids center are included.', 'idx': 307486, 'input_ids': [0, 970, 16, 10, 408, 18, 929, 8, 10, 1040, 22799, 6, 8, 10, 205, 16381, 8, 2391, 4, 2, 2, 3972, 357, 1807, 167, 54, 825, 6, 19969, 918, 6, 6464, 8, 10, 1159, 1312, 32, 1165, 4, 2], 'label': 1, 'premise': "There is a children's room and a bookshop, and a good cafe and restaurant."}.
10/04/2026 16:01:21 - INFO - __main__ -   Sample 246548 of the training set: {'attention_mask': [1, 1, 1, 1, 1, 1, 1, 1, 1, 1, 1, 1, 1, 1], 'hypothesis': 'That is not all.', 'idx': 246548, 'input_ids': [0, 2409, 14, 18, 70, 955, 2, 2, 1711, 16, 45, 70, 4, 2], 'label': 2, 'premise': "And that's all.'"}.
[INFO|trainer.py:420] 2026-10-04 16:01:23,072 >> Using amp fp16 backend
/work/unify-parameter-efficient-tuning/src/transformers/trainer.py:430: FutureWarning: `torch.cuda.amp.GradScaler(args...)` is deprecated. Please use `torch.amp.GradScaler('cuda', args...)` instead.
  self.scaler = torch.cuda.amp.GradScaler()
[INFO|trainer.py:520] 2026-10-04 16:01:23,073 >> The following columns in the training set  don't have a corresponding argument in `PETLEncModel.forward` and have been ignored: hypothesis, idx, premise.
[INFO|trainer.py:1183] 2026-10-04 16:01:23,863 >> ***** Running training *****
[INFO|trainer.py:1184] 2026-10-04 16:01:23,863 >>   Num examples = 392702
[INFO|trainer.py:1185] 2026-10-04 16:01:23,863 >>   Num Epochs = 10
[INFO|trainer.py:1186] 2026-10-04 16:01:23,863 >>   Instantaneous batch size per device = 32
[INFO|trainer.py:1187] 2026-10-04 16:01:23,863 >>   Total train batch size (w. parallel, distributed & accumulation) = 32
[INFO|trainer.py:1188] 2026-10-04 16:01:23,863 >>   Gradient Accumulation steps = 1
[INFO|trainer.py:1189] 2026-10-04 16:01:23,863 >>   Total optimization steps = 122720
/work/unify-parameter-efficient-tuning/src/transformers/trainer.py:1784: FutureWarning: `torch.cuda.amp.autocast(args...)` is deprecated. Please use `torch.amp.autocast('cuda', args...)` instead.
  with autocast():
{'loss': 1.0957, 'learning_rate': 6.789788158609453e-07, 'epoch': 0.0}
{'loss': 1.1005, 'learning_rate': 1.3579576317218905e-06, 'epoch': 0.01}
{'loss': 1.1035, 'learning_rate': 2.0369364475828354e-06, 'epoch': 0.01}
{'loss': 1.0994, 'learning_rate': 2.715915263443781e-06, 'epoch': 0.02}
{'loss': 1.1015, 'learning_rate': 3.3948940793047257e-06, 'epoch': 0.02}
{'loss': 1.1042, 'learning_rate': 4.073872895165671e-06, 'epoch': 0.02}
{'loss': 1.1038, 'learning_rate': 4.752851711026616e-06, 'epoch': 0.03}
{'loss': 1.0988, 'learning_rate': 5.431830526887562e-06, 'epoch': 0.03}
{'loss': 1.0983, 'learning_rate': 6.110809342748506e-06, 'epoch': 0.04}
{'loss': 1.1011, 'learning_rate': 6.7897881586094514e-06, 'epoch': 0.04}
{'loss': 1.102, 'learning_rate': 7.468766974470397e-06, 'epoch': 0.04}
{'loss': 1.099, 'learning_rate': 8.147745790331342e-06, 'epoch': 0.05}
{'loss': 1.0998, 'learning_rate': 8.826724606192287e-06, 'epoch': 0.05}
{'loss': 1.0996, 'learning_rate': 9.505703422053232e-06, 'epoch': 0.06}
{'loss': 1.1004, 'learning_rate': 1.0184682237914179e-05, 'epoch': 0.06}
{'loss': 1.0998, 'learning_rate': 1.0863661053775124e-05, 'epoch': 0.07}
{'loss': 1.0995, 'learning_rate': 1.1542639869636067e-05, 'epoch': 0.07}
{'loss': 1.0981, 'learning_rate': 1.2221618685497013e-05, 'epoch': 0.07}
{'loss': 1.1016, 'learning_rate': 1.2900597501357958e-05, 'epoch': 0.08}
{'loss': 1.0995, 'learning_rate': 1.3579576317218903e-05, 'epoch': 0.08}
{'loss': 1.0978, 'learning_rate': 1.4258555133079848e-05, 'epoch': 0.09}
{'loss': 1.0991, 'learning_rate': 1.4937533948940793e-05, 'epoch': 0.09}
{'loss': 1.0986, 'learning_rate': 1.561651276480174e-05, 'epoch': 0.09}
{'loss': 1.0992, 'learning_rate': 1.6295491580662683e-05, 'epoch': 0.1}
{'loss': 1.0979, 'learning_rate': 1.6974470396523627e-05, 'epoch': 0.1}
{'loss': 1.0998, 'learning_rate': 1.7653449212384574e-05, 'epoch': 0.11}
{'loss': 1.0982, 'learning_rate': 1.8332428028245517e-05, 'epoch': 0.11}
{'loss': 1.0962, 'learning_rate': 1.9011406844106464e-05, 'epoch': 0.11}
{'loss': 1.0984, 'learning_rate': 1.9690385659967407e-05, 'epoch': 0.12}
{'loss': 1.1004, 'learning_rate': 2.0369364475828358e-05, 'epoch': 0.12}
{'loss': 1.0973, 'learning_rate': 2.10483432916893e-05, 'epoch': 0.13}
{'loss': 1.0987, 'learning_rate': 2.1727322107550248e-05, 'epoch': 0.13}
{'loss': 1.094, 'learning_rate': 2.240630092341119e-05, 'epoch': 0.13}
{'loss': 1.0931, 'learning_rate': 2.3071700162954917e-05, 'epoch': 0.14}
{'loss': 1.0894, 'learning_rate': 2.3750678978815864e-05, 'epoch': 0.14}
{'loss': 1.0766, 'learning_rate': 2.4429657794676807e-05, 'epoch': 0.15}
{'loss': 1.0682, 'learning_rate': 2.510863661053775e-05, 'epoch': 0.15}
{'loss': 1.0591, 'learning_rate': 2.5787615426398698e-05, 'epoch': 0.15}
{'loss': 1.0477, 'learning_rate': 2.646659424225964e-05, 'epoch': 0.16}
{'loss': 1.0231, 'learning_rate': 2.7145573058120588e-05, 'epoch': 0.16}
{'loss': 1.0254, 'learning_rate': 2.781097229766431e-05, 'epoch': 0.17}
{'loss': 0.984, 'learning_rate': 2.8476371537208043e-05, 'epoch': 0.17}
{'loss': 0.9753, 'learning_rate': 2.9155350353068983e-05, 'epoch': 0.18}
{'loss': 0.9712, 'learning_rate': 2.983432916892993e-05, 'epoch': 0.18}
{'loss': 0.9628, 'learning_rate': 3.051330798479088e-05, 'epoch': 0.18}
{'loss': 0.956, 'learning_rate': 3.119228680065182e-05, 'epoch': 0.19}
{'loss': 0.951, 'learning_rate': 3.1871265616512767e-05, 'epoch': 0.19}
{'loss': 0.9203, 'learning_rate': 3.255024443237371e-05, 'epoch': 0.2}
{'loss': 0.9384, 'learning_rate': 3.322922324823466e-05, 'epoch': 0.2}
{'loss': 0.9296, 'learning_rate': 3.389462248777838e-05, 'epoch': 0.2}
{'loss': 0.9235, 'learning_rate': 3.457360130363933e-05, 'epoch': 0.21}
{'loss': 0.9318, 'learning_rate': 3.525258011950027e-05, 'epoch': 0.21}
{'loss': 0.8831, 'learning_rate': 3.593155893536122e-05, 'epoch': 0.22}
{'loss': 0.8883, 'learning_rate': 3.661053775122216e-05, 'epoch': 0.22}
{'loss': 0.881, 'learning_rate': 3.728951656708311e-05, 'epoch': 0.22}
{'loss': 0.8785, 'learning_rate': 3.796849538294405e-05, 'epoch': 0.23}
{'loss': 0.8738, 'learning_rate': 3.8647474198805004e-05, 'epoch': 0.23}
{'loss': 0.8713, 'learning_rate': 3.9326453014665944e-05, 'epoch': 0.24}
{'loss': 0.8691, 'learning_rate': 4.000543183052689e-05, 'epoch': 0.24}
{'loss': 0.8696, 'learning_rate': 4.068441064638783e-05, 'epoch': 0.24}
{'loss': 0.8716, 'learning_rate': 4.136338946224878e-05, 'epoch': 0.25}
{'loss': 0.8686, 'learning_rate': 4.2042368278109724e-05, 'epoch': 0.25}
{'loss': 0.8471, 'learning_rate': 4.272134709397067e-05, 'epoch': 0.26}
{'loss': 0.8516, 'learning_rate': 4.340032590983161e-05, 'epoch': 0.26}
{'loss': 0.8338, 'learning_rate': 4.407930472569256e-05, 'epoch': 0.26}
{'loss': 0.8227, 'learning_rate': 4.475828354155351e-05, 'epoch': 0.27}
{'loss': 0.8066, 'learning_rate': 4.543726235741445e-05, 'epoch': 0.27}
{'loss': 0.7903, 'learning_rate': 4.61162411732754e-05, 'epoch': 0.28}
{'loss': 0.7793, 'learning_rate': 4.679521998913634e-05, 'epoch': 0.28}
{'loss': 0.7571, 'learning_rate': 4.7474198804997285e-05, 'epoch': 0.29}
{'loss': 0.7519, 'learning_rate': 4.815317762085823e-05, 'epoch': 0.29}
{'loss': 0.7372, 'learning_rate': 4.883215643671918e-05, 'epoch': 0.29}
{'loss': 0.7177, 'learning_rate': 4.951113525258012e-05, 'epoch': 0.3}
{'loss': 0.692, 'learning_rate': 5.0190114068441066e-05, 'epoch': 0.3}
{'loss': 0.6948, 'learning_rate': 5.086909288430202e-05, 'epoch': 0.31}
{'loss': 0.696, 'learning_rate': 5.154807170016296e-05, 'epoch': 0.31}
{'loss': 0.6726, 'learning_rate': 5.22270505160239e-05, 'epoch': 0.31}
{'loss': 0.6698, 'learning_rate': 5.2906029331884846e-05, 'epoch': 0.32}
{'loss': 0.637, 'learning_rate': 5.358500814774579e-05, 'epoch': 0.32}
{'loss': 0.6636, 'learning_rate': 5.426398696360674e-05, 'epoch': 0.33}
{'loss': 0.6427, 'learning_rate': 5.494296577946768e-05, 'epoch': 0.33}
{'loss': 0.6448, 'learning_rate': 5.562194459532862e-05, 'epoch': 0.33}
{'loss': 0.6329, 'learning_rate': 5.6300923411189574e-05, 'epoch': 0.34}
{'loss': 0.642, 'learning_rate': 5.697990222705052e-05, 'epoch': 0.34}
{'loss': 0.6283, 'learning_rate': 5.765888104291146e-05, 'epoch': 0.35}
{'loss': 0.6368, 'learning_rate': 5.8337859858772414e-05, 'epoch': 0.35}
{'loss': 0.6039, 'learning_rate': 5.9016838674633354e-05, 'epoch': 0.35}
{'loss': 0.6219, 'learning_rate': 5.96958174904943e-05, 'epoch': 0.36}
{'loss': 0.6211, 'learning_rate': 6.037479630635524e-05, 'epoch': 0.36}
{'loss': 0.6066, 'learning_rate': 6.10537751222162e-05, 'epoch': 0.37}
{'loss': 0.5974, 'learning_rate': 6.173275393807714e-05, 'epoch': 0.37}
{'loss': 0.6423, 'learning_rate': 6.241173275393808e-05, 'epoch': 0.37}
{'loss': 0.6154, 'learning_rate': 6.309071156979902e-05, 'epoch': 0.38}
{'loss': 0.6236, 'learning_rate': 6.376969038565997e-05, 'epoch': 0.38}
{'loss': 0.5998, 'learning_rate': 6.444866920152092e-05, 'epoch': 0.39}
{'loss': 0.6322, 'learning_rate': 6.512764801738186e-05, 'epoch': 0.39}
{'loss': 0.6303, 'learning_rate': 6.58066268332428e-05, 'epoch': 0.4}
{'loss': 0.6028, 'learning_rate': 6.648560564910376e-05, 'epoch': 0.4}
{'loss': 0.5816, 'learning_rate': 6.71645844649647e-05, 'epoch': 0.4}
{'loss': 0.6205, 'learning_rate': 6.784356328082564e-05, 'epoch': 0.41}
{'loss': 0.6119, 'learning_rate': 6.852254209668658e-05, 'epoch': 0.41}
{'loss': 0.5805, 'learning_rate': 6.920152091254753e-05, 'epoch': 0.42}
{'loss': 0.5837, 'learning_rate': 6.988049972840848e-05, 'epoch': 0.42}
{'loss': 0.5986, 'learning_rate': 7.055947854426942e-05, 'epoch': 0.42}
{'loss': 0.5774, 'learning_rate': 7.123845736013037e-05, 'epoch': 0.43}
{'loss': 0.5767, 'learning_rate': 7.191743617599132e-05, 'epoch': 0.43}
{'loss': 0.5876, 'learning_rate': 7.259641499185226e-05, 'epoch': 0.44}
{'loss': 0.5753, 'learning_rate': 7.32753938077132e-05, 'epoch': 0.44}
{'loss': 0.5743, 'learning_rate': 7.395437262357416e-05, 'epoch': 0.44}
{'loss': 0.5515, 'learning_rate': 7.463335143943509e-05, 'epoch': 0.45}
{'loss': 0.5484, 'learning_rate': 7.531233025529604e-05, 'epoch': 0.45}
{'loss': 0.5688, 'learning_rate': 7.599130907115698e-05, 'epoch': 0.46}
{'loss': 0.5406, 'learning_rate': 7.667028788701793e-05, 'epoch': 0.46}
{'loss': 0.6074, 'learning_rate': 7.734926670287888e-05, 'epoch': 0.46}
{'loss': 0.5636, 'learning_rate': 7.802824551873981e-05, 'epoch': 0.47}
{'loss': 0.5547, 'learning_rate': 7.870722433460076e-05, 'epoch': 0.47}
{'loss': 0.5663, 'learning_rate': 7.938620315046172e-05, 'epoch': 0.48}
{'loss': 0.5428, 'learning_rate': 8.006518196632265e-05, 'epoch': 0.48}
{'loss': 0.5359, 'learning_rate': 8.07441607821836e-05, 'epoch': 0.48}
{'loss': 0.56, 'learning_rate': 8.142313959804455e-05, 'epoch': 0.49}
{'loss': 0.5276, 'learning_rate': 8.210211841390549e-05, 'epoch': 0.49}
{'loss': 0.535, 'learning_rate': 8.278109722976644e-05, 'epoch': 0.5}
{'loss': 0.5383, 'learning_rate': 8.346007604562737e-05, 'epoch': 0.5}
{'loss': 0.5383, 'learning_rate': 8.413905486148832e-05, 'epoch': 0.51}
{'loss': 0.5149, 'learning_rate': 8.481803367734928e-05, 'epoch': 0.51}
{'loss': 0.5498, 'learning_rate': 8.549701249321021e-05, 'epoch': 0.51}
{'loss': 0.5708, 'learning_rate': 8.617599130907116e-05, 'epoch': 0.52}
{'loss': 0.5126, 'learning_rate': 8.685497012493211e-05, 'epoch': 0.52}
{'loss': 0.5615, 'learning_rate': 8.753394894079305e-05, 'epoch': 0.53}
{'loss': 0.5254, 'learning_rate': 8.8212927756654e-05, 'epoch': 0.53}
{'loss': 0.5661, 'learning_rate': 8.889190657251493e-05, 'epoch': 0.53}
{'loss': 0.5466, 'learning_rate': 8.955730581205867e-05, 'epoch': 0.54}
{'loss': 0.5374, 'learning_rate': 9.02362846279196e-05, 'epoch': 0.54}
{'loss': 0.5669, 'learning_rate': 9.091526344378056e-05, 'epoch': 0.55}
{'loss': 0.5622, 'learning_rate': 9.159424225964151e-05, 'epoch': 0.55}
{'loss': 0.5306, 'learning_rate': 9.227322107550244e-05, 'epoch': 0.55}
{'loss': 0.5443, 'learning_rate': 9.295219989136339e-05, 'epoch': 0.56}
{'loss': 0.5374, 'learning_rate': 9.363117870722434e-05, 'epoch': 0.56}
{'loss': 0.5085, 'learning_rate': 9.431015752308528e-05, 'epoch': 0.57}
{'loss': 0.5306, 'learning_rate': 9.498913633894623e-05, 'epoch': 0.57}
{'loss': 0.5267, 'learning_rate': 9.566811515480716e-05, 'epoch': 0.57}
{'loss': 0.5182, 'learning_rate': 9.634709397066812e-05, 'epoch': 0.58}
{'loss': 0.5268, 'learning_rate': 9.702607278652907e-05, 'epoch': 0.58}
{'loss': 0.5141, 'learning_rate': 9.770505160239e-05, 'epoch': 0.59}
{'loss': 0.5448, 'learning_rate': 9.838403041825095e-05, 'epoch': 0.59}
{'loss': 0.5339, 'learning_rate': 9.90630092341119e-05, 'epoch': 0.59}
{'loss': 0.5434, 'learning_rate': 9.974198804997285e-05, 'epoch': 0.6}
{'loss': 0.5399, 'learning_rate': 9.997315354207844e-05, 'epoch': 0.6}
{'loss': 0.5112, 'learning_rate': 9.992985280349527e-05, 'epoch': 0.61}
{'loss': 0.5451, 'learning_rate': 9.98865520649121e-05, 'epoch': 0.61}
{'loss': 0.4955, 'learning_rate': 9.984325132632893e-05, 'epoch': 0.62}
{'loss': 0.5077, 'learning_rate': 9.979995058774576e-05, 'epoch': 0.62}
{'loss': 0.4902, 'learning_rate': 9.97566498491626e-05, 'epoch': 0.62}
{'loss': 0.5208, 'learning_rate': 9.971334911057943e-05, 'epoch': 0.63}
{'loss': 0.5139, 'learning_rate': 9.967004837199627e-05, 'epoch': 0.63}
{'loss': 0.4839, 'learning_rate': 9.962674763341309e-05, 'epoch': 0.64}
{'loss': 0.5093, 'learning_rate': 9.958344689482992e-05, 'epoch': 0.64}
{'loss': 0.5219, 'learning_rate': 9.954014615624676e-05, 'epoch': 0.64}
{'loss': 0.5166, 'learning_rate': 9.949684541766358e-05, 'epoch': 0.65}
{'loss': 0.5286, 'learning_rate': 9.945354467908041e-05, 'epoch': 0.65}
{'loss': 0.5213, 'learning_rate': 9.941024394049725e-05, 'epoch': 0.66}
{'loss': 0.5195, 'learning_rate': 9.936694320191408e-05, 'epoch': 0.66}
{'loss': 0.5266, 'learning_rate': 9.932364246333092e-05, 'epoch': 0.66}
{'loss': 0.5038, 'learning_rate': 9.928034172474774e-05, 'epoch': 0.67}
{'loss': 0.5221, 'learning_rate': 9.923704098616457e-05, 'epoch': 0.67}
{'loss': 0.5069, 'learning_rate': 9.919374024758141e-05, 'epoch': 0.68}
{'loss': 0.5019, 'learning_rate': 9.915043950899823e-05, 'epoch': 0.68}
{'loss': 0.4794, 'learning_rate': 9.910713877041507e-05, 'epoch': 0.68}
{'loss': 0.4814, 'learning_rate': 9.90638380318319e-05, 'epoch': 0.69}
{'loss': 0.4937, 'learning_rate': 9.902053729324872e-05, 'epoch': 0.69}
{'loss': 0.4755, 'learning_rate': 9.897723655466557e-05, 'epoch': 0.7}
{'loss': 0.5215, 'learning_rate': 9.893393581608239e-05, 'epoch': 0.7}
{'loss': 0.4897, 'learning_rate': 9.889063507749923e-05, 'epoch': 0.7}
{'loss': 0.4808, 'learning_rate': 9.884820035368773e-05, 'epoch': 0.71}
{'loss': 0.4846, 'learning_rate': 9.880489961510455e-05, 'epoch': 0.71}
{'loss': 0.5148, 'learning_rate': 9.876159887652138e-05, 'epoch': 0.72}
{'loss': 0.4892, 'learning_rate': 9.871829813793822e-05, 'epoch': 0.72}
{'loss': 0.481, 'learning_rate': 9.867499739935504e-05, 'epoch': 0.73}
{'loss': 0.5042, 'learning_rate': 9.863169666077187e-05, 'epoch': 0.73}
{'loss': 0.4583, 'learning_rate': 9.858839592218871e-05, 'epoch': 0.73}
{'loss': 0.5106, 'learning_rate': 9.854509518360553e-05, 'epoch': 0.74}
{'loss': 0.5079, 'learning_rate': 9.850179444502237e-05, 'epoch': 0.74}
{'loss': 0.4843, 'learning_rate': 9.84584937064392e-05, 'epoch': 0.75}
{'loss': 0.4727, 'learning_rate': 9.841519296785603e-05, 'epoch': 0.75}
{'loss': 0.4931, 'learning_rate': 9.837189222927287e-05, 'epoch': 0.75}
{'loss': 0.4684, 'learning_rate': 9.832859149068969e-05, 'epoch': 0.76}
{'loss': 0.485, 'learning_rate': 9.828529075210653e-05, 'epoch': 0.76}
{'loss': 0.4856, 'learning_rate': 9.824199001352336e-05, 'epoch': 0.77}
{'loss': 0.477, 'learning_rate': 9.819868927494018e-05, 'epoch': 0.77}
{'loss': 0.4522, 'learning_rate': 9.815538853635702e-05, 'epoch': 0.77}
{'loss': 0.4761, 'learning_rate': 9.811208779777385e-05, 'epoch': 0.78}
{'loss': 0.4705, 'learning_rate': 9.806878705919069e-05, 'epoch': 0.78}
{'loss': 0.4745, 'learning_rate': 9.802548632060752e-05, 'epoch': 0.79}
{'loss': 0.4943, 'learning_rate': 9.798218558202436e-05, 'epoch': 0.79}
{'loss': 0.4788, 'learning_rate': 9.793888484344118e-05, 'epoch': 0.79}
{'loss': 0.469, 'learning_rate': 9.789558410485801e-05, 'epoch': 0.8}
{'loss': 0.4535, 'learning_rate': 9.785228336627483e-05, 'epoch': 0.8}
{'loss': 0.4673, 'learning_rate': 9.780898262769167e-05, 'epoch': 0.81}
{'loss': 0.4824, 'learning_rate': 9.77656818891085e-05, 'epoch': 0.81}
{'loss': 0.4968, 'learning_rate': 9.772238115052534e-05, 'epoch': 0.81}
{'loss': 0.4797, 'learning_rate': 9.767908041194217e-05, 'epoch': 0.82}
{'loss': 0.4717, 'learning_rate': 9.7635779673359e-05, 'epoch': 0.82}
{'loss': 0.4667, 'learning_rate': 9.759247893477583e-05, 'epoch': 0.83}
{'loss': 0.5075, 'learning_rate': 9.754917819619266e-05, 'epoch': 0.83}
{'loss': 0.4921, 'learning_rate': 9.75058774576095e-05, 'epoch': 0.84}
{'loss': 0.4393, 'learning_rate': 9.746257671902632e-05, 'epoch': 0.84}
{'loss': 0.4898, 'learning_rate': 9.741927598044315e-05, 'epoch': 0.84}
{'loss': 0.4746, 'learning_rate': 9.737597524185999e-05, 'epoch': 0.85}
{'loss': 0.4774, 'learning_rate': 9.733267450327681e-05, 'epoch': 0.85}
{'loss': 0.4784, 'learning_rate': 9.728937376469366e-05, 'epoch': 0.86}
{'loss': 0.4494, 'learning_rate': 9.724607302611048e-05, 'epoch': 0.86}
{'loss': 0.4835, 'learning_rate': 9.720277228752731e-05, 'epoch': 0.86}
{'loss': 0.5128, 'learning_rate': 9.715947154894415e-05, 'epoch': 0.87}
{'loss': 0.5, 'learning_rate': 9.711617081036097e-05, 'epoch': 0.87}
{'loss': 0.4686, 'learning_rate': 9.70728700717778e-05, 'epoch': 0.88}
{'loss': 0.4785, 'learning_rate': 9.702956933319464e-05, 'epoch': 0.88}
{'loss': 0.4819, 'learning_rate': 9.698626859461146e-05, 'epoch': 0.88}
{'loss': 0.5, 'learning_rate': 9.69429678560283e-05, 'epoch': 0.89}
{'loss': 0.4655, 'learning_rate': 9.689966711744513e-05, 'epoch': 0.89}
{'loss': 0.4565, 'learning_rate': 9.685636637886196e-05, 'epoch': 0.9}
{'loss': 0.4904, 'learning_rate': 9.68130656402788e-05, 'epoch': 0.9}
{'loss': 0.4698, 'learning_rate': 9.676976490169562e-05, 'epoch': 0.9}
{'loss': 0.4588, 'learning_rate': 9.672646416311245e-05, 'epoch': 0.91}
{'loss': 0.4604, 'learning_rate': 9.668316342452929e-05, 'epoch': 0.91}
{'loss': 0.4773, 'learning_rate': 9.663986268594611e-05, 'epoch': 0.92}
{'loss': 0.4684, 'learning_rate': 9.659656194736295e-05, 'epoch': 0.92}
{'loss': 0.4545, 'learning_rate': 9.655326120877978e-05, 'epoch': 0.92}
{'loss': 0.4856, 'learning_rate': 9.650996047019662e-05, 'epoch': 0.93}
{'loss': 0.4676, 'learning_rate': 9.646665973161345e-05, 'epoch': 0.93}
{'loss': 0.4789, 'learning_rate': 9.642335899303028e-05, 'epoch': 0.94}
{'loss': 0.4827, 'learning_rate': 9.63800582544471e-05, 'epoch': 0.94}
{'loss': 0.4979, 'learning_rate': 9.633762353063561e-05, 'epoch': 0.95}
{'loss': 0.4983, 'learning_rate': 9.629432279205243e-05, 'epoch': 0.95}
{'loss': 0.4628, 'learning_rate': 9.625102205346926e-05, 'epoch': 0.95}
{'loss': 0.4821, 'learning_rate': 9.62077213148861e-05, 'epoch': 0.96}
{'loss': 0.47, 'learning_rate': 9.616442057630292e-05, 'epoch': 0.96}
{'loss': 0.502, 'learning_rate': 9.612111983771975e-05, 'epoch': 0.97}
{'loss': 0.4904, 'learning_rate': 9.607781909913659e-05, 'epoch': 0.97}
{'loss': 0.4662, 'learning_rate': 9.603451836055342e-05, 'epoch': 0.97}
{'loss': 0.4742, 'learning_rate': 9.599121762197026e-05, 'epoch': 0.98}
{'loss': 0.4635, 'learning_rate': 9.59479168833871e-05, 'epoch': 0.98}
{'loss': 0.4555, 'learning_rate': 9.590461614480391e-05, 'epoch': 0.99}
{'loss': 0.4249, 'learning_rate': 9.586131540622075e-05, 'epoch': 0.99}
{'loss': 0.4871, 'learning_rate': 9.581801466763758e-05, 'epoch': 0.99}
{'loss': 0.4707, 'learning_rate': 9.57747139290544e-05, 'epoch': 1.0}
[INFO|trainer.py:520] 2026-10-04 16:08:33,573 >> The following columns in the evaluation set  don't have a corresponding argument in `PETLEncModel.forward` and have been ignored: hypothesis, idx, premise.
[INFO|trainer.py:2179] 2026-10-04 16:08:33,574 >> ***** Running Evaluation *****
[INFO|trainer.py:2181] 2026-10-04 16:08:33,574 >>   Num examples = 9815
[INFO|trainer.py:2184] 2026-10-04 16:08:33,574 >>   Batch size = 32
{'eval_loss': 0.41952264308929443, 'eval_accuracy': 0.8410596026490066, 'eval_runtime': 13.3501, 'eval_samples_per_second': 735.202, 'eval_steps_per_second': 22.996, 'epoch': 1.0}
[INFO|trainer.py:1933] 2026-10-04 16:08:46,934 >> Saving model checkpoint to checkpoints/glue/mnli/20261004/glue.mnli.adapter.am_adapter.ao_sequential.fm_adapter.fo_sequential.abn.fbn.ac_add.fl_none.finit_bert.fs_1.unfrz_ef_.ne10.warm0.06.wd0.1.seed6./checkpoint-12272
[INFO|configuration_utils.py:364] 2026-10-04 16:08:46,935 >> Configuration saved in checkpoints/glue/mnli/20261004/glue.mnli.adapter.am_adapter.ao_sequential.fm_adapter.fo_sequential.abn.fbn.ac_add.fl_none.finit_bert.fs_1.unfrz_ef_.ne10.warm0.06.wd0.1.seed6./checkpoint-12272/config.json
[INFO|modeling_utils.py:898] 2026-10-04 16:08:47,279 >> Model weights saved in checkpoints/glue/mnli/20261004/glue.mnli.adapter.am_adapter.ao_sequential.fm_adapter.fo_sequential.abn.fbn.ac_add.fl_none.finit_bert.fs_1.unfrz_ef_.ne10.warm0.06.wd0.1.seed6./checkpoint-12272/pytorch_model.bin
[INFO|tokenization_utils_base.py:1948] 2026-10-04 16:08:47,280 >> tokenizer config file saved in checkpoints/glue/mnli/20261004/glue.mnli.adapter.am_adapter.ao_sequential.fm_adapter.fo_sequential.abn.fbn.ac_add.fl_none.finit_bert.fs_1.unfrz_ef_.ne10.warm0.06.wd0.1.seed6./checkpoint-12272/tokenizer_config.json
[INFO|tokenization_utils_base.py:1954] 2026-10-04 16:08:47,281 >> Special tokens file saved in checkpoints/glue/mnli/20261004/glue.mnli.adapter.am_adapter.ao_sequential.fm_adapter.fo_sequential.abn.fbn.ac_add.fl_none.finit_bert.fs_1.unfrz_ef_.ne10.warm0.06.wd0.1.seed6./checkpoint-12272/special_tokens_map.json
/work/unify-parameter-efficient-tuning/src/transformers/trainer.py:1784: FutureWarning: `torch.cuda.amp.autocast(args...)` is deprecated. Please use `torch.amp.autocast('cuda', args...)` instead.
  with autocast():
{'loss': 0.4731, 'learning_rate': 9.573141319047124e-05, 'epoch': 1.0}
{'loss': 0.4687, 'learning_rate': 9.568811245188808e-05, 'epoch': 1.01}
{'loss': 0.4183, 'learning_rate': 9.564481171330491e-05, 'epoch': 1.01}
{'loss': 0.4453, 'learning_rate': 9.560151097472174e-05, 'epoch': 1.01}
{'loss': 0.4854, 'learning_rate': 9.555821023613857e-05, 'epoch': 1.02}
{'loss': 0.4672, 'learning_rate': 9.55149094975554e-05, 'epoch': 1.02}
{'loss': 0.435, 'learning_rate': 9.547160875897224e-05, 'epoch': 1.03}
{'loss': 0.4354, 'learning_rate': 9.542830802038906e-05, 'epoch': 1.03}
{'loss': 0.4427, 'learning_rate': 9.538500728180589e-05, 'epoch': 1.03}
{'loss': 0.4958, 'learning_rate': 9.534170654322273e-05, 'epoch': 1.04}
{'loss': 0.4498, 'learning_rate': 9.529840580463955e-05, 'epoch': 1.04}
{'loss': 0.4956, 'learning_rate': 9.525510506605638e-05, 'epoch': 1.05}
{'loss': 0.4382, 'learning_rate': 9.521180432747322e-05, 'epoch': 1.05}
{'loss': 0.4484, 'learning_rate': 9.516850358889005e-05, 'epoch': 1.06}
{'loss': 0.4208, 'learning_rate': 9.512520285030689e-05, 'epoch': 1.06}
{'loss': 0.4477, 'learning_rate': 9.508190211172371e-05, 'epoch': 1.06}
{'loss': 0.4461, 'learning_rate': 9.503860137314054e-05, 'epoch': 1.07}
{'loss': 0.4397, 'learning_rate': 9.499530063455738e-05, 'epoch': 1.07}
{'loss': 0.4521, 'learning_rate': 9.49519998959742e-05, 'epoch': 1.08}
{'loss': 0.4126, 'learning_rate': 9.490869915739103e-05, 'epoch': 1.08}
{'loss': 0.4362, 'learning_rate': 9.486539841880787e-05, 'epoch': 1.08}
{'loss': 0.4457, 'learning_rate': 9.48220976802247e-05, 'epoch': 1.09}
{'loss': 0.4806, 'learning_rate': 9.477879694164154e-05, 'epoch': 1.09}
{'loss': 0.4414, 'learning_rate': 9.473549620305837e-05, 'epoch': 1.1}
{'loss': 0.4406, 'learning_rate': 9.469219546447519e-05, 'epoch': 1.1}
{'loss': 0.4702, 'learning_rate': 9.464889472589203e-05, 'epoch': 1.1}
{'loss': 0.4592, 'learning_rate': 9.460559398730885e-05, 'epoch': 1.11}
{'loss': 0.4384, 'learning_rate': 9.456229324872568e-05, 'epoch': 1.11}
{'loss': 0.4547, 'learning_rate': 9.451899251014252e-05, 'epoch': 1.12}
{'loss': 0.4063, 'learning_rate': 9.447569177155935e-05, 'epoch': 1.12}
{'loss': 0.4687, 'learning_rate': 9.443239103297619e-05, 'epoch': 1.12}
{'loss': 0.455, 'learning_rate': 9.438909029439302e-05, 'epoch': 1.13}
{'loss': 0.4853, 'learning_rate': 9.434578955580984e-05, 'epoch': 1.13}
{'loss': 0.4456, 'learning_rate': 9.430248881722668e-05, 'epoch': 1.14}
{'loss': 0.4374, 'learning_rate': 9.425918807864351e-05, 'epoch': 1.14}
{'loss': 0.4441, 'learning_rate': 9.421588734006033e-05, 'epoch': 1.14}
{'loss': 0.4462, 'learning_rate': 9.417258660147717e-05, 'epoch': 1.15}
{'loss': 0.4604, 'learning_rate': 9.412928586289399e-05, 'epoch': 1.15}
{'loss': 0.4258, 'learning_rate': 9.408598512431084e-05, 'epoch': 1.16}
{'loss': 0.4099, 'learning_rate': 9.404268438572767e-05, 'epoch': 1.16}
{'loss': 0.465, 'learning_rate': 9.39993836471445e-05, 'epoch': 1.17}
{'loss': 0.4362, 'learning_rate': 9.395608290856133e-05, 'epoch': 1.17}
{'loss': 0.4677, 'learning_rate': 9.391278216997816e-05, 'epoch': 1.17}
{'loss': 0.4668, 'learning_rate': 9.386948143139499e-05, 'epoch': 1.18}
{'loss': 0.4189, 'learning_rate': 9.382618069281182e-05, 'epoch': 1.18}
{'loss': 0.4867, 'learning_rate': 9.378287995422866e-05, 'epoch': 1.19}
{'loss': 0.4174, 'learning_rate': 9.373957921564548e-05, 'epoch': 1.19}
{'loss': 0.424, 'learning_rate': 9.369627847706231e-05, 'epoch': 1.19}
{'loss': 0.4692, 'learning_rate': 9.365297773847916e-05, 'epoch': 1.2}
{'loss': 0.4625, 'learning_rate': 9.360967699989598e-05, 'epoch': 1.2}
{'loss': 0.4165, 'learning_rate': 9.356637626131282e-05, 'epoch': 1.21}
{'loss': 0.4671, 'learning_rate': 9.352307552272964e-05, 'epoch': 1.21}
{'loss': 0.4088, 'learning_rate': 9.347977478414647e-05, 'epoch': 1.21}
{'loss': 0.4219, 'learning_rate': 9.34364740455633e-05, 'epoch': 1.22}
{'loss': 0.4711, 'learning_rate': 9.339317330698013e-05, 'epoch': 1.22}
{'loss': 0.4714, 'learning_rate': 9.334987256839696e-05, 'epoch': 1.23}
{'loss': 0.4642, 'learning_rate': 9.33065718298138e-05, 'epoch': 1.23}
{'loss': 0.4384, 'learning_rate': 9.326327109123063e-05, 'epoch': 1.23}
{'loss': 0.4523, 'learning_rate': 9.321997035264747e-05, 'epoch': 1.24}
{'loss': 0.457, 'learning_rate': 9.317666961406429e-05, 'epoch': 1.24}
{'loss': 0.4525, 'learning_rate': 9.313336887548112e-05, 'epoch': 1.25}
{'loss': 0.4896, 'learning_rate': 9.309006813689796e-05, 'epoch': 1.25}
{'loss': 0.4581, 'learning_rate': 9.304676739831478e-05, 'epoch': 1.25}
{'loss': 0.4489, 'learning_rate': 9.300346665973161e-05, 'epoch': 1.26}
{'loss': 0.4558, 'learning_rate': 9.296016592114845e-05, 'epoch': 1.26}
{'loss': 0.4524, 'learning_rate': 9.291686518256528e-05, 'epoch': 1.27}
{'loss': 0.4509, 'learning_rate': 9.287356444398212e-05, 'epoch': 1.27}
{'loss': 0.4327, 'learning_rate': 9.283026370539895e-05, 'epoch': 1.28}
{'loss': 0.4265, 'learning_rate': 9.278782898158744e-05, 'epoch': 1.28}
{'loss': 0.4127, 'learning_rate': 9.274452824300428e-05, 'epoch': 1.28}
{'loss': 0.4443, 'learning_rate': 9.270122750442111e-05, 'epoch': 1.29}
{'loss': 0.4349, 'learning_rate': 9.265792676583793e-05, 'epoch': 1.29}
{'loss': 0.4725, 'learning_rate': 9.261462602725477e-05, 'epoch': 1.3}
{'loss': 0.4268, 'learning_rate': 9.257132528867159e-05, 'epoch': 1.3}
{'loss': 0.4364, 'learning_rate': 9.252802455008842e-05, 'epoch': 1.3}
{'loss': 0.4666, 'learning_rate': 9.248472381150526e-05, 'epoch': 1.31}
{'loss': 0.4532, 'learning_rate': 9.244142307292208e-05, 'epoch': 1.31}
{'loss': 0.4398, 'learning_rate': 9.239812233433893e-05, 'epoch': 1.32}
{'loss': 0.4379, 'learning_rate': 9.235482159575576e-05, 'epoch': 1.32}
{'loss': 0.4468, 'learning_rate': 9.231152085717258e-05, 'epoch': 1.32}
{'loss': 0.4382, 'learning_rate': 9.226822011858942e-05, 'epoch': 1.33}
{'loss': 0.4351, 'learning_rate': 9.222491938000625e-05, 'epoch': 1.33}
{'loss': 0.4132, 'learning_rate': 9.218248465619474e-05, 'epoch': 1.34}
{'loss': 0.4522, 'learning_rate': 9.213918391761158e-05, 'epoch': 1.34}
{'loss': 0.4583, 'learning_rate': 9.20958831790284e-05, 'epoch': 1.34}
{'loss': 0.4683, 'learning_rate': 9.205258244044523e-05, 'epoch': 1.35}
{'loss': 0.3946, 'learning_rate': 9.200928170186207e-05, 'epoch': 1.35}
{'loss': 0.4462, 'learning_rate': 9.196598096327889e-05, 'epoch': 1.36}
{'loss': 0.4375, 'learning_rate': 9.192268022469572e-05, 'epoch': 1.36}
{'loss': 0.4508, 'learning_rate': 9.187937948611256e-05, 'epoch': 1.36}
{'loss': 0.4411, 'learning_rate': 9.183607874752939e-05, 'epoch': 1.37}
{'loss': 0.4554, 'learning_rate': 9.179277800894623e-05, 'epoch': 1.37}
{'loss': 0.4516, 'learning_rate': 9.174947727036306e-05, 'epoch': 1.38}
{'loss': 0.4224, 'learning_rate': 9.170617653177988e-05, 'epoch': 1.38}
{'loss': 0.4775, 'learning_rate': 9.166287579319672e-05, 'epoch': 1.39}
{'loss': 0.4631, 'learning_rate': 9.161957505461355e-05, 'epoch': 1.39}
{'loss': 0.4398, 'learning_rate': 9.157627431603037e-05, 'epoch': 1.39}
{'loss': 0.4541, 'learning_rate': 9.153297357744721e-05, 'epoch': 1.4}
{'loss': 0.4256, 'learning_rate': 9.148967283886404e-05, 'epoch': 1.4}
{'loss': 0.4666, 'learning_rate': 9.144637210028088e-05, 'epoch': 1.41}
{'loss': 0.4366, 'learning_rate': 9.140307136169771e-05, 'epoch': 1.41}
{'loss': 0.4325, 'learning_rate': 9.135977062311453e-05, 'epoch': 1.41}
{'loss': 0.4329, 'learning_rate': 9.131646988453137e-05, 'epoch': 1.42}
{'loss': 0.4673, 'learning_rate': 9.12731691459482e-05, 'epoch': 1.42}
{'loss': 0.4522, 'learning_rate': 9.122986840736502e-05, 'epoch': 1.43}
{'loss': 0.4346, 'learning_rate': 9.118656766878186e-05, 'epoch': 1.43}
{'loss': 0.4399, 'learning_rate': 9.114326693019869e-05, 'epoch': 1.43}
{'loss': 0.4471, 'learning_rate': 9.109996619161553e-05, 'epoch': 1.44}
{'loss': 0.4501, 'learning_rate': 9.105666545303236e-05, 'epoch': 1.44}
{'loss': 0.4463, 'learning_rate': 9.101336471444918e-05, 'epoch': 1.45}
{'loss': 0.4272, 'learning_rate': 9.097006397586602e-05, 'epoch': 1.45}
{'loss': 0.4497, 'learning_rate': 9.092676323728285e-05, 'epoch': 1.45}
{'loss': 0.4432, 'learning_rate': 9.088346249869967e-05, 'epoch': 1.46}
{'loss': 0.4451, 'learning_rate': 9.084016176011651e-05, 'epoch': 1.46}
{'loss': 0.4807, 'learning_rate': 9.079686102153334e-05, 'epoch': 1.47}
{'loss': 0.4482, 'learning_rate': 9.075356028295018e-05, 'epoch': 1.47}
{'loss': 0.4323, 'learning_rate': 9.071025954436701e-05, 'epoch': 1.47}
{'loss': 0.4472, 'learning_rate': 9.066695880578385e-05, 'epoch': 1.48}
{'loss': 0.4017, 'learning_rate': 9.062365806720067e-05, 'epoch': 1.48}
{'loss': 0.4385, 'learning_rate': 9.05803573286175e-05, 'epoch': 1.49}
{'loss': 0.4385, 'learning_rate': 9.053705659003434e-05, 'epoch': 1.49}
{'loss': 0.4311, 'learning_rate': 9.049375585145116e-05, 'epoch': 1.5}
{'loss': 0.4457, 'learning_rate': 9.0450455112868e-05, 'epoch': 1.5}
{'loss': 0.4202, 'learning_rate': 9.040715437428483e-05, 'epoch': 1.5}
{'loss': 0.4279, 'learning_rate': 9.036385363570165e-05, 'epoch': 1.51}
{'loss': 0.4619, 'learning_rate': 9.03205528971185e-05, 'epoch': 1.51}
{'loss': 0.4146, 'learning_rate': 9.027725215853532e-05, 'epoch': 1.52}
{'loss': 0.4386, 'learning_rate': 9.023395141995216e-05, 'epoch': 1.52}
{'loss': 0.4741, 'learning_rate': 9.019065068136899e-05, 'epoch': 1.52}
{'loss': 0.4213, 'learning_rate': 9.014734994278581e-05, 'epoch': 1.53}
{'loss': 0.4376, 'learning_rate': 9.010404920420265e-05, 'epoch': 1.53}
{'loss': 0.423, 'learning_rate': 9.006074846561948e-05, 'epoch': 1.54}
{'loss': 0.4346, 'learning_rate': 9.00174477270363e-05, 'epoch': 1.54}
{'loss': 0.4342, 'learning_rate': 8.997414698845314e-05, 'epoch': 1.54}
{'loss': 0.4332, 'learning_rate': 8.993084624986997e-05, 'epoch': 1.55}
{'loss': 0.4203, 'learning_rate': 8.98875455112868e-05, 'epoch': 1.55}
{'loss': 0.4358, 'learning_rate': 8.984424477270364e-05, 'epoch': 1.56}
{'loss': 0.4239, 'learning_rate': 8.980094403412046e-05, 'epoch': 1.56}
{'loss': 0.4585, 'learning_rate': 8.97576432955373e-05, 'epoch': 1.56}
{'loss': 0.4537, 'learning_rate': 8.971434255695413e-05, 'epoch': 1.57}
{'loss': 0.4463, 'learning_rate': 8.967104181837095e-05, 'epoch': 1.57}
{'loss': 0.4263, 'learning_rate': 8.962774107978779e-05, 'epoch': 1.58}
{'loss': 0.4361, 'learning_rate': 8.958444034120462e-05, 'epoch': 1.58}
{'loss': 0.4231, 'learning_rate': 8.954113960262146e-05, 'epoch': 1.58}
{'loss': 0.4087, 'learning_rate': 8.949783886403829e-05, 'epoch': 1.59}
{'loss': 0.4214, 'learning_rate': 8.945453812545513e-05, 'epoch': 1.59}
{'loss': 0.4385, 'learning_rate': 8.941123738687195e-05, 'epoch': 1.6}
{'loss': 0.49, 'learning_rate': 8.936793664828878e-05, 'epoch': 1.6}
{'loss': 0.4261, 'learning_rate': 8.932463590970562e-05, 'epoch': 1.61}
{'loss': 0.4437, 'learning_rate': 8.92822011858941e-05, 'epoch': 1.61}
{'loss': 0.4222, 'learning_rate': 8.923890044731094e-05, 'epoch': 1.61}
{'loss': 0.4439, 'learning_rate': 8.919559970872776e-05, 'epoch': 1.62}
{'loss': 0.4215, 'learning_rate': 8.91522989701446e-05, 'epoch': 1.62}
{'loss': 0.4321, 'learning_rate': 8.910899823156143e-05, 'epoch': 1.63}
{'loss': 0.4308, 'learning_rate': 8.906569749297827e-05, 'epoch': 1.63}
{'loss': 0.414, 'learning_rate': 8.90223967543951e-05, 'epoch': 1.63}
{'loss': 0.4437, 'learning_rate': 8.897909601581194e-05, 'epoch': 1.64}
{'loss': 0.4213, 'learning_rate': 8.893579527722876e-05, 'epoch': 1.64}
{'loss': 0.4522, 'learning_rate': 8.889249453864559e-05, 'epoch': 1.65}
{'loss': 0.4297, 'learning_rate': 8.884919380006243e-05, 'epoch': 1.65}
{'loss': 0.4562, 'learning_rate': 8.880589306147925e-05, 'epoch': 1.65}
{'loss': 0.4153, 'learning_rate': 8.876259232289608e-05, 'epoch': 1.66}
{'loss': 0.4285, 'learning_rate': 8.87192915843129e-05, 'epoch': 1.66}
{'loss': 0.4286, 'learning_rate': 8.867599084572974e-05, 'epoch': 1.67}
{'loss': 0.4242, 'learning_rate': 8.863269010714659e-05, 'epoch': 1.67}
{'loss': 0.455, 'learning_rate': 8.858938936856341e-05, 'epoch': 1.67}
{'loss': 0.441, 'learning_rate': 8.854608862998024e-05, 'epoch': 1.68}
{'loss': 0.4295, 'learning_rate': 8.850278789139708e-05, 'epoch': 1.68}
{'loss': 0.4299, 'learning_rate': 8.84594871528139e-05, 'epoch': 1.69}
{'loss': 0.4469, 'learning_rate': 8.841618641423073e-05, 'epoch': 1.69}
{'loss': 0.4045, 'learning_rate': 8.837288567564755e-05, 'epoch': 1.69}
{'loss': 0.4387, 'learning_rate': 8.832958493706439e-05, 'epoch': 1.7}
{'loss': 0.4247, 'learning_rate': 8.828628419848122e-05, 'epoch': 1.7}
{'loss': 0.3981, 'learning_rate': 8.824298345989806e-05, 'epoch': 1.71}
{'loss': 0.4183, 'learning_rate': 8.81996827213149e-05, 'epoch': 1.71}
{'loss': 0.4041, 'learning_rate': 8.815638198273173e-05, 'epoch': 1.72}
{'loss': 0.4183, 'learning_rate': 8.811308124414855e-05, 'epoch': 1.72}
{'loss': 0.4329, 'learning_rate': 8.806978050556538e-05, 'epoch': 1.72}
{'loss': 0.4536, 'learning_rate': 8.802647976698222e-05, 'epoch': 1.73}
{'loss': 0.4294, 'learning_rate': 8.798317902839904e-05, 'epoch': 1.73}
{'loss': 0.4284, 'learning_rate': 8.793987828981587e-05, 'epoch': 1.74}
{'loss': 0.4492, 'learning_rate': 8.789657755123271e-05, 'epoch': 1.74}
{'loss': 0.4414, 'learning_rate': 8.785327681264954e-05, 'epoch': 1.74}
{'loss': 0.4303, 'learning_rate': 8.780997607406638e-05, 'epoch': 1.75}
{'loss': 0.4247, 'learning_rate': 8.776667533548321e-05, 'epoch': 1.75}
{'loss': 0.4187, 'learning_rate': 8.772337459690004e-05, 'epoch': 1.76}
{'loss': 0.468, 'learning_rate': 8.768007385831687e-05, 'epoch': 1.76}
{'loss': 0.3976, 'learning_rate': 8.763677311973369e-05, 'epoch': 1.76}
{'loss': 0.4505, 'learning_rate': 8.759347238115053e-05, 'epoch': 1.77}
{'loss': 0.4472, 'learning_rate': 8.755017164256736e-05, 'epoch': 1.77}
{'loss': 0.4318, 'learning_rate': 8.75068709039842e-05, 'epoch': 1.78}
{'loss': 0.4124, 'learning_rate': 8.746357016540103e-05, 'epoch': 1.78}
{'loss': 0.4266, 'learning_rate': 8.742026942681785e-05, 'epoch': 1.78}
{'loss': 0.4323, 'learning_rate': 8.737696868823469e-05, 'epoch': 1.79}
{'loss': 0.41, 'learning_rate': 8.733366794965152e-05, 'epoch': 1.79}
{'loss': 0.4316, 'learning_rate': 8.729123322584002e-05, 'epoch': 1.8}
{'loss': 0.4279, 'learning_rate': 8.724793248725684e-05, 'epoch': 1.8}
{'loss': 0.4256, 'learning_rate': 8.720463174867368e-05, 'epoch': 1.8}
{'loss': 0.4019, 'learning_rate': 8.716133101009051e-05, 'epoch': 1.81}
{'loss': 0.4346, 'learning_rate': 8.711803027150733e-05, 'epoch': 1.81}
{'loss': 0.4484, 'learning_rate': 8.707472953292417e-05, 'epoch': 1.82}
{'loss': 0.4187, 'learning_rate': 8.7031428794341e-05, 'epoch': 1.82}
{'loss': 0.446, 'learning_rate': 8.698812805575783e-05, 'epoch': 1.83}
{'loss': 0.4056, 'learning_rate': 8.694482731717467e-05, 'epoch': 1.83}
{'loss': 0.4251, 'learning_rate': 8.69015265785915e-05, 'epoch': 1.83}
{'loss': 0.454, 'learning_rate': 8.685822584000833e-05, 'epoch': 1.84}
{'loss': 0.4108, 'learning_rate': 8.681492510142515e-05, 'epoch': 1.84}
{'loss': 0.4505, 'learning_rate': 8.677162436284199e-05, 'epoch': 1.85}
{'loss': 0.4265, 'learning_rate': 8.672832362425882e-05, 'epoch': 1.85}
{'loss': 0.4261, 'learning_rate': 8.668502288567564e-05, 'epoch': 1.85}
{'loss': 0.4279, 'learning_rate': 8.664172214709248e-05, 'epoch': 1.86}
{'loss': 0.4183, 'learning_rate': 8.659842140850931e-05, 'epoch': 1.86}
{'loss': 0.4556, 'learning_rate': 8.655512066992615e-05, 'epoch': 1.87}
{'loss': 0.4256, 'learning_rate': 8.651181993134298e-05, 'epoch': 1.87}
{'loss': 0.4333, 'learning_rate': 8.646851919275982e-05, 'epoch': 1.87}
{'loss': 0.4199, 'learning_rate': 8.64260844689483e-05, 'epoch': 1.88}
{'loss': 0.4493, 'learning_rate': 8.638278373036514e-05, 'epoch': 1.88}
{'loss': 0.4352, 'learning_rate': 8.633948299178197e-05, 'epoch': 1.89}
{'loss': 0.4149, 'learning_rate': 8.62961822531988e-05, 'epoch': 1.89}
{'loss': 0.3946, 'learning_rate': 8.625288151461563e-05, 'epoch': 1.89}
{'loss': 0.419, 'learning_rate': 8.620958077603245e-05, 'epoch': 1.9}
{'loss': 0.4059, 'learning_rate': 8.616628003744929e-05, 'epoch': 1.9}
{'loss': 0.4283, 'learning_rate': 8.612297929886612e-05, 'epoch': 1.91}
{'loss': 0.4273, 'learning_rate': 8.607967856028296e-05, 'epoch': 1.91}
{'loss': 0.4025, 'learning_rate': 8.603637782169979e-05, 'epoch': 1.91}
{'loss': 0.4504, 'learning_rate': 8.599307708311662e-05, 'epoch': 1.92}
{'loss': 0.4078, 'learning_rate': 8.594977634453345e-05, 'epoch': 1.92}
{'loss': 0.422, 'learning_rate': 8.590647560595028e-05, 'epoch': 1.93}
{'loss': 0.4587, 'learning_rate': 8.586317486736712e-05, 'epoch': 1.93}
{'loss': 0.4494, 'learning_rate': 8.581987412878394e-05, 'epoch': 1.94}
{'loss': 0.4184, 'learning_rate': 8.577657339020077e-05, 'epoch': 1.94}
{'loss': 0.4511, 'learning_rate': 8.57332726516176e-05, 'epoch': 1.94}
{'loss': 0.4353, 'learning_rate': 8.568997191303444e-05, 'epoch': 1.95}
{'loss': 0.4092, 'learning_rate': 8.564667117445128e-05, 'epoch': 1.95}
{'loss': 0.4459, 'learning_rate': 8.560337043586811e-05, 'epoch': 1.96}
{'loss': 0.4455, 'learning_rate': 8.556006969728493e-05, 'epoch': 1.96}
{'loss': 0.4421, 'learning_rate': 8.551676895870177e-05, 'epoch': 1.96}
{'loss': 0.454, 'learning_rate': 8.54734682201186e-05, 'epoch': 1.97}
{'loss': 0.4228, 'learning_rate': 8.543016748153542e-05, 'epoch': 1.97}
{'loss': 0.4152, 'learning_rate': 8.538686674295226e-05, 'epoch': 1.98}
{'loss': 0.4191, 'learning_rate': 8.534356600436908e-05, 'epoch': 1.98}
{'loss': 0.4305, 'learning_rate': 8.530026526578593e-05, 'epoch': 1.98}
{'loss': 0.4062, 'learning_rate': 8.525696452720275e-05, 'epoch': 1.99}
{'loss': 0.4081, 'learning_rate': 8.521366378861958e-05, 'epoch': 1.99}
{'loss': 0.464, 'learning_rate': 8.517036305003642e-05, 'epoch': 2.0}
[INFO|trainer.py:520] 2026-10-04 16:14:20,755 >> The following columns in the evaluation set  don't have a corresponding argument in `PETLEncModel.forward` and have been ignored: hypothesis, idx, premise.
[INFO|trainer.py:2179] 2026-10-04 16:14:20,757 >> ***** Running Evaluation *****
[INFO|trainer.py:2181] 2026-10-04 16:14:20,757 >>   Num examples = 9815
[INFO|trainer.py:2184] 2026-10-04 16:14:20,757 >>   Batch size = 32
{'eval_loss': 0.3787038326263428, 'eval_accuracy': 0.8574630667345899, 'eval_runtime': 8.521, 'eval_samples_per_second': 1151.856, 'eval_steps_per_second': 36.029, 'epoch': 2.0}
[INFO|trainer.py:1933] 2026-10-04 16:14:29,279 >> Saving model checkpoint to checkpoints/glue/mnli/20261004/glue.mnli.adapter.am_adapter.ao_sequential.fm_adapter.fo_sequential.abn.fbn.ac_add.fl_none.finit_bert.fs_1.unfrz_ef_.ne10.warm0.06.wd0.1.seed6./checkpoint-24544
[INFO|configuration_utils.py:364] 2026-10-04 16:14:29,280 >> Configuration saved in checkpoints/glue/mnli/20261004/glue.mnli.adapter.am_adapter.ao_sequential.fm_adapter.fo_sequential.abn.fbn.ac_add.fl_none.finit_bert.fs_1.unfrz_ef_.ne10.warm0.06.wd0.1.seed6./checkpoint-24544/config.json
[INFO|modeling_utils.py:898] 2026-10-04 16:14:29,577 >> Model weights saved in checkpoints/glue/mnli/20261004/glue.mnli.adapter.am_adapter.ao_sequential.fm_adapter.fo_sequential.abn.fbn.ac_add.fl_none.finit_bert.fs_1.unfrz_ef_.ne10.warm0.06.wd0.1.seed6./checkpoint-24544/pytorch_model.bin
[INFO|tokenization_utils_base.py:1948] 2026-10-04 16:14:29,588 >> tokenizer config file saved in checkpoints/glue/mnli/20261004/glue.mnli.adapter.am_adapter.ao_sequential.fm_adapter.fo_sequential.abn.fbn.ac_add.fl_none.finit_bert.fs_1.unfrz_ef_.ne10.warm0.06.wd0.1.seed6./checkpoint-24544/tokenizer_config.json
[INFO|tokenization_utils_base.py:1954] 2026-10-04 16:14:29,589 >> Special tokens file saved in checkpoints/glue/mnli/20261004/glue.mnli.adapter.am_adapter.ao_sequential.fm_adapter.fo_sequential.abn.fbn.ac_add.fl_none.finit_bert.fs_1.unfrz_ef_.ne10.warm0.06.wd0.1.seed6./checkpoint-24544/special_tokens_map.json
/work/unify-parameter-efficient-tuning/src/transformers/trainer.py:1784: FutureWarning: `torch.cuda.amp.autocast(args...)` is deprecated. Please use `torch.amp.autocast('cuda', args...)` instead.
  with autocast():
{'loss': 0.444, 'learning_rate': 8.512706231145324e-05, 'epoch': 2.0}
{'loss': 0.4309, 'learning_rate': 8.508376157287007e-05, 'epoch': 2.0}
{'loss': 0.4069, 'learning_rate': 8.504046083428691e-05, 'epoch': 2.01}
{'loss': 0.4074, 'learning_rate': 8.499716009570373e-05, 'epoch': 2.01}
{'loss': 0.4416, 'learning_rate': 8.495385935712056e-05, 'epoch': 2.02}
{'loss': 0.382, 'learning_rate': 8.49105586185374e-05, 'epoch': 2.02}
{'loss': 0.4328, 'learning_rate': 8.486725787995423e-05, 'epoch': 2.02}
{'loss': 0.4276, 'learning_rate': 8.482395714137107e-05, 'epoch': 2.03}
{'loss': 0.4354, 'learning_rate': 8.47806564027879e-05, 'epoch': 2.03}
{'loss': 0.4015, 'learning_rate': 8.473735566420472e-05, 'epoch': 2.04}
{'loss': 0.4532, 'learning_rate': 8.469405492562156e-05, 'epoch': 2.04}
{'loss': 0.4202, 'learning_rate': 8.46507541870384e-05, 'epoch': 2.05}
{'loss': 0.4277, 'learning_rate': 8.460745344845521e-05, 'epoch': 2.05}
{'loss': 0.4112, 'learning_rate': 8.456415270987205e-05, 'epoch': 2.05}
{'loss': 0.4027, 'learning_rate': 8.452085197128888e-05, 'epoch': 2.06}
{'loss': 0.4379, 'learning_rate': 8.447755123270572e-05, 'epoch': 2.06}
{'loss': 0.4205, 'learning_rate': 8.443425049412255e-05, 'epoch': 2.07}
{'loss': 0.4097, 'learning_rate': 8.439094975553939e-05, 'epoch': 2.07}
{'loss': 0.4144, 'learning_rate': 8.434764901695621e-05, 'epoch': 2.07}
{'loss': 0.4206, 'learning_rate': 8.430434827837304e-05, 'epoch': 2.08}
{'loss': 0.402, 'learning_rate': 8.426104753978987e-05, 'epoch': 2.08}
{'loss': 0.419, 'learning_rate': 8.42177468012067e-05, 'epoch': 2.09}
{'loss': 0.3971, 'learning_rate': 8.417444606262354e-05, 'epoch': 2.09}
{'loss': 0.4145, 'learning_rate': 8.413114532404037e-05, 'epoch': 2.09}
{'loss': 0.4007, 'learning_rate': 8.40878445854572e-05, 'epoch': 2.1}
{'loss': 0.4054, 'learning_rate': 8.404454384687403e-05, 'epoch': 2.1}
{'loss': 0.3899, 'learning_rate': 8.400124310829086e-05, 'epoch': 2.11}
{'loss': 0.4075, 'learning_rate': 8.39579423697077e-05, 'epoch': 2.11}
{'loss': 0.3997, 'learning_rate': 8.391464163112452e-05, 'epoch': 2.11}
{'loss': 0.4278, 'learning_rate': 8.387134089254135e-05, 'epoch': 2.12}
{'loss': 0.3837, 'learning_rate': 8.382804015395819e-05, 'epoch': 2.12}
{'loss': 0.3906, 'learning_rate': 8.378473941537501e-05, 'epoch': 2.13}
{'loss': 0.4388, 'learning_rate': 8.374143867679186e-05, 'epoch': 2.13}
{'loss': 0.4246, 'learning_rate': 8.369813793820869e-05, 'epoch': 2.13}
{'loss': 0.4069, 'learning_rate': 8.365483719962551e-05, 'epoch': 2.14}
{'loss': 0.4042, 'learning_rate': 8.361153646104235e-05, 'epoch': 2.14}
{'loss': 0.4149, 'learning_rate': 8.356823572245918e-05, 'epoch': 2.15}
{'loss': 0.4185, 'learning_rate': 8.3524934983876e-05, 'epoch': 2.15}
{'loss': 0.4271, 'learning_rate': 8.348163424529284e-05, 'epoch': 2.16}
{'loss': 0.4266, 'learning_rate': 8.343833350670967e-05, 'epoch': 2.16}
{'loss': 0.4194, 'learning_rate': 8.339503276812649e-05, 'epoch': 2.16}
{'loss': 0.4252, 'learning_rate': 8.335173202954333e-05, 'epoch': 2.17}
{'loss': 0.4443, 'learning_rate': 8.330843129096016e-05, 'epoch': 2.17}
{'loss': 0.4086, 'learning_rate': 8.3265130552377e-05, 'epoch': 2.18}
{'loss': 0.4027, 'learning_rate': 8.322182981379383e-05, 'epoch': 2.18}
{'loss': 0.4369, 'learning_rate': 8.317852907521065e-05, 'epoch': 2.18}
{'loss': 0.4282, 'learning_rate': 8.313522833662749e-05, 'epoch': 2.19}
{'loss': 0.4302, 'learning_rate': 8.309192759804431e-05, 'epoch': 2.19}
{'loss': 0.3966, 'learning_rate': 8.304862685946114e-05, 'epoch': 2.2}
{'loss': 0.4145, 'learning_rate': 8.300532612087798e-05, 'epoch': 2.2}
{'loss': 0.3972, 'learning_rate': 8.296202538229481e-05, 'epoch': 2.2}
{'loss': 0.4004, 'learning_rate': 8.291872464371165e-05, 'epoch': 2.21}
{'loss': 0.4303, 'learning_rate': 8.287542390512848e-05, 'epoch': 2.21}
{'loss': 0.3891, 'learning_rate': 8.28321231665453e-05, 'epoch': 2.22}
{'loss': 0.4448, 'learning_rate': 8.278882242796214e-05, 'epoch': 2.22}
{'loss': 0.401, 'learning_rate': 8.274638770415064e-05, 'epoch': 2.22}
{'loss': 0.4272, 'learning_rate': 8.270308696556746e-05, 'epoch': 2.23}
{'loss': 0.4353, 'learning_rate': 8.26597862269843e-05, 'epoch': 2.23}
{'loss': 0.3855, 'learning_rate': 8.261648548840112e-05, 'epoch': 2.24}
{'loss': 0.3843, 'learning_rate': 8.257318474981795e-05, 'epoch': 2.24}
{'loss': 0.3918, 'learning_rate': 8.252988401123479e-05, 'epoch': 2.24}
{'loss': 0.4043, 'learning_rate': 8.248658327265162e-05, 'epoch': 2.25}
{'loss': 0.4177, 'learning_rate': 8.244414854884011e-05, 'epoch': 2.25}
{'loss': 0.4107, 'learning_rate': 8.240084781025695e-05, 'epoch': 2.26}
{'loss': 0.4084, 'learning_rate': 8.235754707167378e-05, 'epoch': 2.26}
{'loss': 0.4023, 'learning_rate': 8.231424633309062e-05, 'epoch': 2.27}
{'loss': 0.4253, 'learning_rate': 8.227094559450745e-05, 'epoch': 2.27}
{'loss': 0.4316, 'learning_rate': 8.222764485592428e-05, 'epoch': 2.27}
{'loss': 0.3987, 'learning_rate': 8.21843441173411e-05, 'epoch': 2.28}
{'loss': 0.4038, 'learning_rate': 8.214104337875794e-05, 'epoch': 2.28}
{'loss': 0.4083, 'learning_rate': 8.209774264017476e-05, 'epoch': 2.29}
{'loss': 0.4178, 'learning_rate': 8.20544419015916e-05, 'epoch': 2.29}
{'loss': 0.3864, 'learning_rate': 8.201114116300842e-05, 'epoch': 2.29}
{'loss': 0.4336, 'learning_rate': 8.196784042442525e-05, 'epoch': 2.3}
{'loss': 0.4213, 'learning_rate': 8.19245396858421e-05, 'epoch': 2.3}
{'loss': 0.438, 'learning_rate': 8.188123894725892e-05, 'epoch': 2.31}
{'loss': 0.4025, 'learning_rate': 8.183793820867576e-05, 'epoch': 2.31}
{'loss': 0.3761, 'learning_rate': 8.179463747009259e-05, 'epoch': 2.31}
{'loss': 0.3809, 'learning_rate': 8.175133673150941e-05, 'epoch': 2.32}
{'loss': 0.4112, 'learning_rate': 8.170803599292625e-05, 'epoch': 2.32}
{'loss': 0.387, 'learning_rate': 8.166473525434308e-05, 'epoch': 2.33}
{'loss': 0.3953, 'learning_rate': 8.16214345157599e-05, 'epoch': 2.33}
{'loss': 0.4117, 'learning_rate': 8.157813377717674e-05, 'epoch': 2.33}
{'loss': 0.3724, 'learning_rate': 8.153483303859357e-05, 'epoch': 2.34}
{'loss': 0.4062, 'learning_rate': 8.149153230001041e-05, 'epoch': 2.34}
{'loss': 0.408, 'learning_rate': 8.144823156142724e-05, 'epoch': 2.35}
{'loss': 0.3821, 'learning_rate': 8.140493082284408e-05, 'epoch': 2.35}
{'loss': 0.3823, 'learning_rate': 8.13616300842609e-05, 'epoch': 2.35}
{'loss': 0.3982, 'learning_rate': 8.131832934567773e-05, 'epoch': 2.36}
{'loss': 0.3914, 'learning_rate': 8.127502860709457e-05, 'epoch': 2.36}
{'loss': 0.3982, 'learning_rate': 8.123172786851139e-05, 'epoch': 2.37}
{'loss': 0.3977, 'learning_rate': 8.118842712992822e-05, 'epoch': 2.37}
{'loss': 0.4261, 'learning_rate': 8.114512639134506e-05, 'epoch': 2.38}
{'loss': 0.4071, 'learning_rate': 8.11018256527619e-05, 'epoch': 2.38}
{'loss': 0.3969, 'learning_rate': 8.105852491417873e-05, 'epoch': 2.38}
{'loss': 0.4068, 'learning_rate': 8.101522417559555e-05, 'epoch': 2.39}
{'loss': 0.4207, 'learning_rate': 8.097192343701238e-05, 'epoch': 2.39}
{'loss': 0.4346, 'learning_rate': 8.09286226984292e-05, 'epoch': 2.4}
{'loss': 0.3813, 'learning_rate': 8.088532195984604e-05, 'epoch': 2.4}
{'loss': 0.4089, 'learning_rate': 8.084202122126288e-05, 'epoch': 2.4}
{'loss': 0.4231, 'learning_rate': 8.079872048267971e-05, 'epoch': 2.41}
{'loss': 0.4215, 'learning_rate': 8.075541974409654e-05, 'epoch': 2.41}
{'loss': 0.406, 'learning_rate': 8.071211900551338e-05, 'epoch': 2.42}
{'loss': 0.432, 'learning_rate': 8.06688182669302e-05, 'epoch': 2.42}
{'loss': 0.4019, 'learning_rate': 8.062551752834704e-05, 'epoch': 2.42}
{'loss': 0.3982, 'learning_rate': 8.058221678976387e-05, 'epoch': 2.43}
{'loss': 0.4191, 'learning_rate': 8.053891605118069e-05, 'epoch': 2.43}
{'loss': 0.3848, 'learning_rate': 8.049561531259753e-05, 'epoch': 2.44}
{'loss': 0.43, 'learning_rate': 8.045231457401436e-05, 'epoch': 2.44}
{'loss': 0.4, 'learning_rate': 8.040901383543118e-05, 'epoch': 2.44}
{'loss': 0.382, 'learning_rate': 8.036571309684803e-05, 'epoch': 2.45}
{'loss': 0.4124, 'learning_rate': 8.032241235826487e-05, 'epoch': 2.45}
{'loss': 0.4072, 'learning_rate': 8.027911161968169e-05, 'epoch': 2.46}
{'loss': 0.4256, 'learning_rate': 8.023581088109852e-05, 'epoch': 2.46}
{'loss': 0.3995, 'learning_rate': 8.019251014251536e-05, 'epoch': 2.46}
{'loss': 0.4041, 'learning_rate': 8.014920940393218e-05, 'epoch': 2.47}
{'loss': 0.3966, 'learning_rate': 8.010590866534901e-05, 'epoch': 2.47}
{'loss': 0.4348, 'learning_rate': 8.006260792676583e-05, 'epoch': 2.48}
{'loss': 0.4108, 'learning_rate': 8.001930718818267e-05, 'epoch': 2.48}
{'loss': 0.4047, 'learning_rate': 7.99760064495995e-05, 'epoch': 2.49}
{'loss': 0.4167, 'learning_rate': 7.993270571101634e-05, 'epoch': 2.49}
{'loss': 0.4001, 'learning_rate': 7.988940497243317e-05, 'epoch': 2.49}
{'loss': 0.3852, 'learning_rate': 7.984610423384999e-05, 'epoch': 2.5}
{'loss': 0.4147, 'learning_rate': 7.980280349526683e-05, 'epoch': 2.5}
{'loss': 0.3943, 'learning_rate': 7.975950275668366e-05, 'epoch': 2.51}
{'loss': 0.4011, 'learning_rate': 7.971620201810048e-05, 'epoch': 2.51}
{'loss': 0.4219, 'learning_rate': 7.967290127951732e-05, 'epoch': 2.51}
{'loss': 0.3791, 'learning_rate': 7.962960054093415e-05, 'epoch': 2.52}
{'loss': 0.3893, 'learning_rate': 7.958629980235099e-05, 'epoch': 2.52}
{'loss': 0.4233, 'learning_rate': 7.954299906376782e-05, 'epoch': 2.53}
{'loss': 0.4146, 'learning_rate': 7.949969832518466e-05, 'epoch': 2.53}
{'loss': 0.4085, 'learning_rate': 7.945639758660148e-05, 'epoch': 2.53}
{'loss': 0.4272, 'learning_rate': 7.941309684801831e-05, 'epoch': 2.54}
{'loss': 0.4444, 'learning_rate': 7.936979610943515e-05, 'epoch': 2.54}
{'loss': 0.4021, 'learning_rate': 7.932649537085197e-05, 'epoch': 2.55}
{'loss': 0.3777, 'learning_rate': 7.92831946322688e-05, 'epoch': 2.55}
{'loss': 0.4162, 'learning_rate': 7.923989389368564e-05, 'epoch': 2.55}
{'loss': 0.4019, 'learning_rate': 7.919659315510247e-05, 'epoch': 2.56}
{'loss': 0.3841, 'learning_rate': 7.915329241651931e-05, 'epoch': 2.56}
{'loss': 0.3974, 'learning_rate': 7.910999167793614e-05, 'epoch': 2.57}
{'loss': 0.4229, 'learning_rate': 7.906669093935296e-05, 'epoch': 2.57}
{'loss': 0.4048, 'learning_rate': 7.90233902007698e-05, 'epoch': 2.57}
{'loss': 0.401, 'learning_rate': 7.898008946218662e-05, 'epoch': 2.58}
{'loss': 0.3876, 'learning_rate': 7.893678872360346e-05, 'epoch': 2.58}
{'loss': 0.4089, 'learning_rate': 7.889435399979196e-05, 'epoch': 2.59}
{'loss': 0.3688, 'learning_rate': 7.885105326120878e-05, 'epoch': 2.59}
{'loss': 0.4326, 'learning_rate': 7.880775252262561e-05, 'epoch': 2.6}
{'loss': 0.3899, 'learning_rate': 7.876445178404245e-05, 'epoch': 2.6}
{'loss': 0.3903, 'learning_rate': 7.872115104545928e-05, 'epoch': 2.6}
{'loss': 0.3954, 'learning_rate': 7.867785030687612e-05, 'epoch': 2.61}
{'loss': 0.4191, 'learning_rate': 7.863454956829295e-05, 'epoch': 2.61}
{'loss': 0.39, 'learning_rate': 7.859124882970977e-05, 'epoch': 2.62}
{'loss': 0.4021, 'learning_rate': 7.854794809112661e-05, 'epoch': 2.62}
{'loss': 0.4078, 'learning_rate': 7.850464735254343e-05, 'epoch': 2.62}
{'loss': 0.4028, 'learning_rate': 7.846134661396026e-05, 'epoch': 2.63}
{'loss': 0.4106, 'learning_rate': 7.84180458753771e-05, 'epoch': 2.63}
{'loss': 0.3989, 'learning_rate': 7.837474513679392e-05, 'epoch': 2.64}
{'loss': 0.4441, 'learning_rate': 7.833144439821076e-05, 'epoch': 2.64}
{'loss': 0.4067, 'learning_rate': 7.828814365962759e-05, 'epoch': 2.64}
{'loss': 0.4124, 'learning_rate': 7.824484292104442e-05, 'epoch': 2.65}
{'loss': 0.4109, 'learning_rate': 7.820154218246126e-05, 'epoch': 2.65}
{'loss': 0.4083, 'learning_rate': 7.815824144387808e-05, 'epoch': 2.66}
{'loss': 0.444, 'learning_rate': 7.811494070529492e-05, 'epoch': 2.66}
{'loss': 0.4291, 'learning_rate': 7.807163996671175e-05, 'epoch': 2.66}
{'loss': 0.3783, 'learning_rate': 7.802833922812857e-05, 'epoch': 2.67}
{'loss': 0.3908, 'learning_rate': 7.79850384895454e-05, 'epoch': 2.67}
{'loss': 0.4098, 'learning_rate': 7.794173775096224e-05, 'epoch': 2.68}
{'loss': 0.3982, 'learning_rate': 7.789843701237908e-05, 'epoch': 2.68}
{'loss': 0.4004, 'learning_rate': 7.785513627379591e-05, 'epoch': 2.68}
{'loss': 0.407, 'learning_rate': 7.781183553521274e-05, 'epoch': 2.69}
{'loss': 0.3735, 'learning_rate': 7.776853479662957e-05, 'epoch': 2.69}
{'loss': 0.4315, 'learning_rate': 7.77252340580464e-05, 'epoch': 2.7}
{'loss': 0.4172, 'learning_rate': 7.768193331946324e-05, 'epoch': 2.7}
{'loss': 0.3853, 'learning_rate': 7.763863258088006e-05, 'epoch': 2.71}
{'loss': 0.3855, 'learning_rate': 7.759533184229689e-05, 'epoch': 2.71}
{'loss': 0.4205, 'learning_rate': 7.755203110371373e-05, 'epoch': 2.71}
{'loss': 0.4092, 'learning_rate': 7.750873036513056e-05, 'epoch': 2.72}
{'loss': 0.4032, 'learning_rate': 7.74654296265474e-05, 'epoch': 2.72}
{'loss': 0.4112, 'learning_rate': 7.742212888796422e-05, 'epoch': 2.73}
{'loss': 0.4243, 'learning_rate': 7.737882814938105e-05, 'epoch': 2.73}
{'loss': 0.4318, 'learning_rate': 7.733552741079787e-05, 'epoch': 2.73}
{'loss': 0.3935, 'learning_rate': 7.729222667221471e-05, 'epoch': 2.74}
{'loss': 0.4007, 'learning_rate': 7.724892593363154e-05, 'epoch': 2.74}
{'loss': 0.4072, 'learning_rate': 7.720562519504836e-05, 'epoch': 2.75}
{'loss': 0.4272, 'learning_rate': 7.716232445646521e-05, 'epoch': 2.75}
{'loss': 0.3809, 'learning_rate': 7.71198897326537e-05, 'epoch': 2.75}
{'loss': 0.4195, 'learning_rate': 7.707658899407054e-05, 'epoch': 2.76}
{'loss': 0.3708, 'learning_rate': 7.703328825548737e-05, 'epoch': 2.76}
{'loss': 0.363, 'learning_rate': 7.69899875169042e-05, 'epoch': 2.77}
{'loss': 0.4224, 'learning_rate': 7.694668677832104e-05, 'epoch': 2.77}
{'loss': 0.4106, 'learning_rate': 7.690338603973786e-05, 'epoch': 2.77}
{'loss': 0.406, 'learning_rate': 7.68600853011547e-05, 'epoch': 2.78}
{'loss': 0.4139, 'learning_rate': 7.681678456257152e-05, 'epoch': 2.78}
{'loss': 0.432, 'learning_rate': 7.677348382398835e-05, 'epoch': 2.79}
{'loss': 0.4169, 'learning_rate': 7.673018308540517e-05, 'epoch': 2.79}
{'loss': 0.3979, 'learning_rate': 7.668688234682201e-05, 'epoch': 2.79}
{'loss': 0.4016, 'learning_rate': 7.664358160823884e-05, 'epoch': 2.8}
{'loss': 0.3662, 'learning_rate': 7.660028086965568e-05, 'epoch': 2.8}
{'loss': 0.4597, 'learning_rate': 7.655698013107251e-05, 'epoch': 2.81}
{'loss': 0.4168, 'learning_rate': 7.651367939248935e-05, 'epoch': 2.81}
{'loss': 0.3834, 'learning_rate': 7.647037865390617e-05, 'epoch': 2.82}
{'loss': 0.3932, 'learning_rate': 7.6427077915323e-05, 'epoch': 2.82}
{'loss': 0.406, 'learning_rate': 7.638377717673984e-05, 'epoch': 2.82}
{'loss': 0.4041, 'learning_rate': 7.634047643815666e-05, 'epoch': 2.83}
{'loss': 0.3987, 'learning_rate': 7.62971756995735e-05, 'epoch': 2.83}
{'loss': 0.4254, 'learning_rate': 7.625387496099033e-05, 'epoch': 2.84}
{'loss': 0.4232, 'learning_rate': 7.621057422240716e-05, 'epoch': 2.84}
{'loss': 0.4156, 'learning_rate': 7.6167273483824e-05, 'epoch': 2.84}
{'loss': 0.4075, 'learning_rate': 7.612397274524083e-05, 'epoch': 2.85}
{'loss': 0.3964, 'learning_rate': 7.608067200665765e-05, 'epoch': 2.85}
{'loss': 0.3503, 'learning_rate': 7.603737126807449e-05, 'epoch': 2.86}
{'loss': 0.3975, 'learning_rate': 7.599407052949132e-05, 'epoch': 2.86}
{'loss': 0.4062, 'learning_rate': 7.595076979090814e-05, 'epoch': 2.86}
{'loss': 0.4058, 'learning_rate': 7.590746905232498e-05, 'epoch': 2.87}
{'loss': 0.3992, 'learning_rate': 7.586416831374181e-05, 'epoch': 2.87}
{'loss': 0.3896, 'learning_rate': 7.582086757515865e-05, 'epoch': 2.88}
{'loss': 0.3903, 'learning_rate': 7.577756683657548e-05, 'epoch': 2.88}
{'loss': 0.3669, 'learning_rate': 7.57342660979923e-05, 'epoch': 2.88}
{'loss': 0.394, 'learning_rate': 7.569096535940914e-05, 'epoch': 2.89}
{'loss': 0.3962, 'learning_rate': 7.564766462082596e-05, 'epoch': 2.89}
{'loss': 0.4351, 'learning_rate': 7.56043638822428e-05, 'epoch': 2.9}
{'loss': 0.4022, 'learning_rate': 7.556106314365963e-05, 'epoch': 2.9}
{'loss': 0.4022, 'learning_rate': 7.551776240507645e-05, 'epoch': 2.9}
{'loss': 0.3754, 'learning_rate': 7.54744616664933e-05, 'epoch': 2.91}
{'loss': 0.3815, 'learning_rate': 7.543116092791013e-05, 'epoch': 2.91}
{'loss': 0.4206, 'learning_rate': 7.538786018932696e-05, 'epoch': 2.92}
{'loss': 0.3984, 'learning_rate': 7.534455945074379e-05, 'epoch': 2.92}
{'loss': 0.4004, 'learning_rate': 7.530125871216062e-05, 'epoch': 2.93}
{'loss': 0.3982, 'learning_rate': 7.525795797357745e-05, 'epoch': 2.93}
{'loss': 0.4116, 'learning_rate': 7.521465723499428e-05, 'epoch': 2.93}
{'loss': 0.4257, 'learning_rate': 7.517135649641112e-05, 'epoch': 2.94}
{'loss': 0.3911, 'learning_rate': 7.512805575782794e-05, 'epoch': 2.94}
{'loss': 0.3922, 'learning_rate': 7.508562103401644e-05, 'epoch': 2.95}
{'loss': 0.4437, 'learning_rate': 7.504232029543326e-05, 'epoch': 2.95}
{'loss': 0.3904, 'learning_rate': 7.49990195568501e-05, 'epoch': 2.95}
{'loss': 0.4104, 'learning_rate': 7.495571881826693e-05, 'epoch': 2.96}
{'loss': 0.3794, 'learning_rate': 7.491241807968376e-05, 'epoch': 2.96}
{'loss': 0.4118, 'learning_rate': 7.48691173411006e-05, 'epoch': 2.97}
{'loss': 0.4213, 'learning_rate': 7.482581660251743e-05, 'epoch': 2.97}
{'loss': 0.4006, 'learning_rate': 7.478251586393426e-05, 'epoch': 2.97}
{'loss': 0.4203, 'learning_rate': 7.473921512535109e-05, 'epoch': 2.98}
{'loss': 0.3919, 'learning_rate': 7.469591438676792e-05, 'epoch': 2.98}
{'loss': 0.3995, 'learning_rate': 7.465261364818475e-05, 'epoch': 2.99}
{'loss': 0.386, 'learning_rate': 7.460931290960158e-05, 'epoch': 2.99}
{'loss': 0.4189, 'learning_rate': 7.456601217101842e-05, 'epoch': 2.99}
{'loss': 0.4392, 'learning_rate': 7.452271143243525e-05, 'epoch': 3.0}
[INFO|trainer.py:520] 2026-10-04 16:19:26,641 >> The following columns in the evaluation set  don't have a corresponding argument in `PETLEncModel.forward` and have been ignored: hypothesis, idx, premise.
[INFO|trainer.py:2179] 2026-10-04 16:19:26,643 >> ***** Running Evaluation *****
[INFO|trainer.py:2181] 2026-10-04 16:19:26,643 >>   Num examples = 9815
[INFO|trainer.py:2184] 2026-10-04 16:19:26,643 >>   Batch size = 32
{'eval_loss': 0.36381351947784424, 'eval_accuracy': 0.8628629648497198, 'eval_runtime': 8.7021, 'eval_samples_per_second': 1127.892, 'eval_steps_per_second': 35.279, 'epoch': 3.0}
[INFO|trainer.py:1933] 2026-10-04 16:19:35,346 >> Saving model checkpoint to checkpoints/glue/mnli/20261004/glue.mnli.adapter.am_adapter.ao_sequential.fm_adapter.fo_sequential.abn.fbn.ac_add.fl_none.finit_bert.fs_1.unfrz_ef_.ne10.warm0.06.wd0.1.seed6./checkpoint-36816
[INFO|configuration_utils.py:364] 2026-10-04 16:19:35,347 >> Configuration saved in checkpoints/glue/mnli/20261004/glue.mnli.adapter.am_adapter.ao_sequential.fm_adapter.fo_sequential.abn.fbn.ac_add.fl_none.finit_bert.fs_1.unfrz_ef_.ne10.warm0.06.wd0.1.seed6./checkpoint-36816/config.json
[INFO|modeling_utils.py:898] 2026-10-04 16:19:35,638 >> Model weights saved in checkpoints/glue/mnli/20261004/glue.mnli.adapter.am_adapter.ao_sequential.fm_adapter.fo_sequential.abn.fbn.ac_add.fl_none.finit_bert.fs_1.unfrz_ef_.ne10.warm0.06.wd0.1.seed6./checkpoint-36816/pytorch_model.bin
[INFO|tokenization_utils_base.py:1948] 2026-10-04 16:19:35,639 >> tokenizer config file saved in checkpoints/glue/mnli/20261004/glue.mnli.adapter.am_adapter.ao_sequential.fm_adapter.fo_sequential.abn.fbn.ac_add.fl_none.finit_bert.fs_1.unfrz_ef_.ne10.warm0.06.wd0.1.seed6./checkpoint-36816/tokenizer_config.json
[INFO|tokenization_utils_base.py:1954] 2026-10-04 16:19:35,639 >> Special tokens file saved in checkpoints/glue/mnli/20261004/glue.mnli.adapter.am_adapter.ao_sequential.fm_adapter.fo_sequential.abn.fbn.ac_add.fl_none.finit_bert.fs_1.unfrz_ef_.ne10.warm0.06.wd0.1.seed6./checkpoint-36816/special_tokens_map.json
[INFO|trainer.py:2009] 2026-10-04 16:19:35,705 >> Deleting older checkpoint [checkpoints/glue/mnli/20261004/glue.mnli.adapter.am_adapter.ao_sequential.fm_adapter.fo_sequential.abn.fbn.ac_add.fl_none.finit_bert.fs_1.unfrz_ef_.ne10.warm0.06.wd0.1.seed6./checkpoint-12272] due to args.save_total_limit
/work/unify-parameter-efficient-tuning/src/transformers/trainer.py:1784: FutureWarning: `torch.cuda.amp.autocast(args...)` is deprecated. Please use `torch.amp.autocast('cuda', args...)` instead.
  with autocast():
{'loss': 0.3882, 'learning_rate': 7.447941069385208e-05, 'epoch': 3.0}
{'loss': 0.3605, 'learning_rate': 7.443610995526892e-05, 'epoch': 3.01}
{'loss': 0.4077, 'learning_rate': 7.439280921668574e-05, 'epoch': 3.01}
{'loss': 0.3918, 'learning_rate': 7.434950847810258e-05, 'epoch': 3.01}
{'loss': 0.398, 'learning_rate': 7.430620773951941e-05, 'epoch': 3.02}
{'loss': 0.3823, 'learning_rate': 7.426290700093623e-05, 'epoch': 3.02}
{'loss': 0.4095, 'learning_rate': 7.421960626235307e-05, 'epoch': 3.03}
{'loss': 0.3869, 'learning_rate': 7.41763055237699e-05, 'epoch': 3.03}
{'loss': 0.3742, 'learning_rate': 7.413300478518674e-05, 'epoch': 3.04}
{'loss': 0.3954, 'learning_rate': 7.408970404660356e-05, 'epoch': 3.04}
{'loss': 0.3981, 'learning_rate': 7.404640330802039e-05, 'epoch': 3.04}
{'loss': 0.3915, 'learning_rate': 7.400310256943723e-05, 'epoch': 3.05}
{'loss': 0.3879, 'learning_rate': 7.395980183085405e-05, 'epoch': 3.05}
{'loss': 0.3859, 'learning_rate': 7.391650109227088e-05, 'epoch': 3.06}
{'loss': 0.3892, 'learning_rate': 7.387320035368772e-05, 'epoch': 3.06}
{'loss': 0.3825, 'learning_rate': 7.382989961510455e-05, 'epoch': 3.06}
{'loss': 0.4068, 'learning_rate': 7.378659887652139e-05, 'epoch': 3.07}
{'loss': 0.3932, 'learning_rate': 7.374329813793822e-05, 'epoch': 3.07}
{'loss': 0.406, 'learning_rate': 7.369999739935504e-05, 'epoch': 3.08}
{'loss': 0.3955, 'learning_rate': 7.365669666077188e-05, 'epoch': 3.08}
{'loss': 0.3879, 'learning_rate': 7.361339592218871e-05, 'epoch': 3.08}
{'loss': 0.3883, 'learning_rate': 7.357009518360553e-05, 'epoch': 3.09}
{'loss': 0.3899, 'learning_rate': 7.352679444502237e-05, 'epoch': 3.09}
{'loss': 0.3852, 'learning_rate': 7.34834937064392e-05, 'epoch': 3.1}
{'loss': 0.3594, 'learning_rate': 7.344019296785602e-05, 'epoch': 3.1}
{'loss': 0.3951, 'learning_rate': 7.339689222927287e-05, 'epoch': 3.1}
{'loss': 0.406, 'learning_rate': 7.335359149068971e-05, 'epoch': 3.11}
{'loss': 0.3864, 'learning_rate': 7.331029075210653e-05, 'epoch': 3.11}
{'loss': 0.3578, 'learning_rate': 7.326699001352335e-05, 'epoch': 3.12}
{'loss': 0.4177, 'learning_rate': 7.32236892749402e-05, 'epoch': 3.12}
{'loss': 0.3808, 'learning_rate': 7.318038853635702e-05, 'epoch': 3.12}
{'loss': 0.3543, 'learning_rate': 7.313708779777384e-05, 'epoch': 3.13}
{'loss': 0.4044, 'learning_rate': 7.309378705919069e-05, 'epoch': 3.13}
{'loss': 0.3866, 'learning_rate': 7.305048632060751e-05, 'epoch': 3.14}
{'loss': 0.3626, 'learning_rate': 7.300718558202434e-05, 'epoch': 3.14}
{'loss': 0.3941, 'learning_rate': 7.296388484344118e-05, 'epoch': 3.15}
{'loss': 0.376, 'learning_rate': 7.292058410485801e-05, 'epoch': 3.15}
{'loss': 0.4023, 'learning_rate': 7.287728336627484e-05, 'epoch': 3.15}
{'loss': 0.3493, 'learning_rate': 7.283398262769167e-05, 'epoch': 3.16}
{'loss': 0.3946, 'learning_rate': 7.27906818891085e-05, 'epoch': 3.16}
{'loss': 0.3862, 'learning_rate': 7.274824716529701e-05, 'epoch': 3.17}
{'loss': 0.3799, 'learning_rate': 7.270494642671383e-05, 'epoch': 3.17}
{'loss': 0.3935, 'learning_rate': 7.266164568813065e-05, 'epoch': 3.17}
{'loss': 0.3812, 'learning_rate': 7.26183449495475e-05, 'epoch': 3.18}
{'loss': 0.4057, 'learning_rate': 7.257504421096432e-05, 'epoch': 3.18}
{'loss': 0.4001, 'learning_rate': 7.253174347238115e-05, 'epoch': 3.19}
{'loss': 0.4005, 'learning_rate': 7.248844273379799e-05, 'epoch': 3.19}
{'loss': 0.4035, 'learning_rate': 7.244514199521482e-05, 'epoch': 3.19}
{'loss': 0.3591, 'learning_rate': 7.240184125663164e-05, 'epoch': 3.2}
{'loss': 0.3896, 'learning_rate': 7.235854051804848e-05, 'epoch': 3.2}
{'loss': 0.4269, 'learning_rate': 7.231523977946531e-05, 'epoch': 3.21}
{'loss': 0.3753, 'learning_rate': 7.227193904088214e-05, 'epoch': 3.21}
{'loss': 0.3771, 'learning_rate': 7.222863830229897e-05, 'epoch': 3.21}
{'loss': 0.3559, 'learning_rate': 7.21853375637158e-05, 'epoch': 3.22}
{'loss': 0.3987, 'learning_rate': 7.214203682513264e-05, 'epoch': 3.22}
{'loss': 0.363, 'learning_rate': 7.209873608654947e-05, 'epoch': 3.23}
{'loss': 0.4084, 'learning_rate': 7.205543534796631e-05, 'epoch': 3.23}
{'loss': 0.3956, 'learning_rate': 7.201213460938313e-05, 'epoch': 3.24}
{'loss': 0.3738, 'learning_rate': 7.196883387079996e-05, 'epoch': 3.24}
{'loss': 0.4006, 'learning_rate': 7.19255331322168e-05, 'epoch': 3.24}
{'loss': 0.3778, 'learning_rate': 7.188223239363362e-05, 'epoch': 3.25}
{'loss': 0.3678, 'learning_rate': 7.183893165505046e-05, 'epoch': 3.25}
{'loss': 0.3902, 'learning_rate': 7.179563091646729e-05, 'epoch': 3.26}
{'loss': 0.402, 'learning_rate': 7.175233017788411e-05, 'epoch': 3.26}
{'loss': 0.3921, 'learning_rate': 7.170902943930096e-05, 'epoch': 3.26}
{'loss': 0.4039, 'learning_rate': 7.16657287007178e-05, 'epoch': 3.27}
{'loss': 0.3934, 'learning_rate': 7.162242796213462e-05, 'epoch': 3.27}
{'loss': 0.3728, 'learning_rate': 7.157912722355144e-05, 'epoch': 3.28}
{'loss': 0.3957, 'learning_rate': 7.153582648496829e-05, 'epoch': 3.28}
{'loss': 0.3699, 'learning_rate': 7.14925257463851e-05, 'epoch': 3.28}
{'loss': 0.379, 'learning_rate': 7.144922500780193e-05, 'epoch': 3.29}
{'loss': 0.3939, 'learning_rate': 7.140592426921876e-05, 'epoch': 3.29}
{'loss': 0.3863, 'learning_rate': 7.13626235306356e-05, 'epoch': 3.3}
{'loss': 0.4007, 'learning_rate': 7.131932279205243e-05, 'epoch': 3.3}
{'loss': 0.4018, 'learning_rate': 7.127602205346927e-05, 'epoch': 3.3}
{'loss': 0.3915, 'learning_rate': 7.12327213148861e-05, 'epoch': 3.31}
{'loss': 0.4356, 'learning_rate': 7.118942057630292e-05, 'epoch': 3.31}
{'loss': 0.412, 'learning_rate': 7.114611983771976e-05, 'epoch': 3.32}
{'loss': 0.3848, 'learning_rate': 7.110281909913659e-05, 'epoch': 3.32}
{'loss': 0.3817, 'learning_rate': 7.105951836055341e-05, 'epoch': 3.32}
{'loss': 0.4024, 'learning_rate': 7.101621762197025e-05, 'epoch': 3.33}
{'loss': 0.4092, 'learning_rate': 7.097291688338708e-05, 'epoch': 3.33}
{'loss': 0.3521, 'learning_rate': 7.092961614480392e-05, 'epoch': 3.34}
{'loss': 0.391, 'learning_rate': 7.088631540622075e-05, 'epoch': 3.34}
{'loss': 0.3851, 'learning_rate': 7.084301466763759e-05, 'epoch': 3.35}
{'loss': 0.4132, 'learning_rate': 7.079971392905441e-05, 'epoch': 3.35}
{'loss': 0.3699, 'learning_rate': 7.075641319047124e-05, 'epoch': 3.35}
{'loss': 0.4129, 'learning_rate': 7.071311245188808e-05, 'epoch': 3.36}
{'loss': 0.4143, 'learning_rate': 7.067067772807657e-05, 'epoch': 3.36}
{'loss': 0.3405, 'learning_rate': 7.06273769894934e-05, 'epoch': 3.37}
{'loss': 0.389, 'learning_rate': 7.058407625091022e-05, 'epoch': 3.37}
{'loss': 0.4026, 'learning_rate': 7.054077551232706e-05, 'epoch': 3.37}
{'loss': 0.3612, 'learning_rate': 7.049747477374389e-05, 'epoch': 3.38}
{'loss': 0.388, 'learning_rate': 7.045417403516073e-05, 'epoch': 3.38}
{'loss': 0.3962, 'learning_rate': 7.041087329657756e-05, 'epoch': 3.39}
{'loss': 0.3826, 'learning_rate': 7.03675725579944e-05, 'epoch': 3.39}
{'loss': 0.3815, 'learning_rate': 7.032427181941122e-05, 'epoch': 3.39}
{'loss': 0.4014, 'learning_rate': 7.028097108082805e-05, 'epoch': 3.4}
{'loss': 0.398, 'learning_rate': 7.023767034224489e-05, 'epoch': 3.4}
{'loss': 0.3968, 'learning_rate': 7.019436960366171e-05, 'epoch': 3.41}
{'loss': 0.3964, 'learning_rate': 7.015106886507854e-05, 'epoch': 3.41}
{'loss': 0.4021, 'learning_rate': 7.010776812649538e-05, 'epoch': 3.41}
{'loss': 0.3941, 'learning_rate': 7.00644673879122e-05, 'epoch': 3.42}
{'loss': 0.4173, 'learning_rate': 7.002116664932903e-05, 'epoch': 3.42}
{'loss': 0.3925, 'learning_rate': 6.997786591074588e-05, 'epoch': 3.43}
{'loss': 0.4064, 'learning_rate': 6.99345651721627e-05, 'epoch': 3.43}
{'loss': 0.3869, 'learning_rate': 6.989126443357952e-05, 'epoch': 3.43}
{'loss': 0.3711, 'learning_rate': 6.984796369499637e-05, 'epoch': 3.44}
{'loss': 0.397, 'learning_rate': 6.98046629564132e-05, 'epoch': 3.44}
{'loss': 0.3898, 'learning_rate': 6.976136221783001e-05, 'epoch': 3.45}
{'loss': 0.4359, 'learning_rate': 6.971806147924685e-05, 'epoch': 3.45}
{'loss': 0.4003, 'learning_rate': 6.967476074066368e-05, 'epoch': 3.46}
{'loss': 0.4019, 'learning_rate': 6.963146000208052e-05, 'epoch': 3.46}
{'loss': 0.4013, 'learning_rate': 6.958815926349735e-05, 'epoch': 3.46}
{'loss': 0.4337, 'learning_rate': 6.954485852491419e-05, 'epoch': 3.47}
{'loss': 0.3765, 'learning_rate': 6.950155778633101e-05, 'epoch': 3.47}
{'loss': 0.4065, 'learning_rate': 6.945825704774784e-05, 'epoch': 3.48}
{'loss': 0.3989, 'learning_rate': 6.941495630916468e-05, 'epoch': 3.48}
{'loss': 0.3726, 'learning_rate': 6.93716555705815e-05, 'epoch': 3.48}
{'loss': 0.397, 'learning_rate': 6.932835483199834e-05, 'epoch': 3.49}
{'loss': 0.3503, 'learning_rate': 6.928505409341517e-05, 'epoch': 3.49}
{'loss': 0.4277, 'learning_rate': 6.9241753354832e-05, 'epoch': 3.5}
{'loss': 0.3689, 'learning_rate': 6.919845261624884e-05, 'epoch': 3.5}
{'loss': 0.3901, 'learning_rate': 6.915515187766567e-05, 'epoch': 3.5}
{'loss': 0.4179, 'learning_rate': 6.91118511390825e-05, 'epoch': 3.51}
{'loss': 0.4103, 'learning_rate': 6.906855040049933e-05, 'epoch': 3.51}
{'loss': 0.3862, 'learning_rate': 6.902524966191617e-05, 'epoch': 3.52}
{'loss': 0.3822, 'learning_rate': 6.898194892333299e-05, 'epoch': 3.52}
{'loss': 0.4024, 'learning_rate': 6.893864818474981e-05, 'epoch': 3.52}
{'loss': 0.3972, 'learning_rate': 6.889534744616666e-05, 'epoch': 3.53}
{'loss': 0.3874, 'learning_rate': 6.885204670758349e-05, 'epoch': 3.53}
{'loss': 0.4258, 'learning_rate': 6.880874596900031e-05, 'epoch': 3.54}
{'loss': 0.3997, 'learning_rate': 6.876544523041716e-05, 'epoch': 3.54}
{'loss': 0.394, 'learning_rate': 6.872214449183398e-05, 'epoch': 3.54}
{'loss': 0.3841, 'learning_rate': 6.86788437532508e-05, 'epoch': 3.55}
{'loss': 0.3885, 'learning_rate': 6.863554301466764e-05, 'epoch': 3.55}
{'loss': 0.411, 'learning_rate': 6.859224227608447e-05, 'epoch': 3.56}
{'loss': 0.358, 'learning_rate': 6.854894153750129e-05, 'epoch': 3.56}
{'loss': 0.4018, 'learning_rate': 6.850564079891814e-05, 'epoch': 3.57}
{'loss': 0.3985, 'learning_rate': 6.846234006033498e-05, 'epoch': 3.57}
{'loss': 0.3893, 'learning_rate': 6.84190393217518e-05, 'epoch': 3.57}
{'loss': 0.3794, 'learning_rate': 6.837573858316863e-05, 'epoch': 3.58}
{'loss': 0.3827, 'learning_rate': 6.833243784458547e-05, 'epoch': 3.58}
{'loss': 0.3568, 'learning_rate': 6.828913710600229e-05, 'epoch': 3.59}
{'loss': 0.4105, 'learning_rate': 6.824583636741912e-05, 'epoch': 3.59}
{'loss': 0.4285, 'learning_rate': 6.820253562883596e-05, 'epoch': 3.59}
{'loss': 0.3815, 'learning_rate': 6.815923489025278e-05, 'epoch': 3.6}
{'loss': 0.3724, 'learning_rate': 6.811593415166961e-05, 'epoch': 3.6}
{'loss': 0.4136, 'learning_rate': 6.807263341308646e-05, 'epoch': 3.61}
{'loss': 0.4035, 'learning_rate': 6.802933267450328e-05, 'epoch': 3.61}
{'loss': 0.394, 'learning_rate': 6.798603193592012e-05, 'epoch': 3.61}
{'loss': 0.3837, 'learning_rate': 6.794273119733695e-05, 'epoch': 3.62}
{'loss': 0.3757, 'learning_rate': 6.789943045875377e-05, 'epoch': 3.62}
{'loss': 0.3876, 'learning_rate': 6.78561297201706e-05, 'epoch': 3.63}
{'loss': 0.3772, 'learning_rate': 6.781282898158744e-05, 'epoch': 3.63}
{'loss': 0.3948, 'learning_rate': 6.776952824300426e-05, 'epoch': 3.63}
{'loss': 0.3911, 'learning_rate': 6.77262275044211e-05, 'epoch': 3.64}
{'loss': 0.392, 'learning_rate': 6.768292676583793e-05, 'epoch': 3.64}
{'loss': 0.3947, 'learning_rate': 6.763962602725477e-05, 'epoch': 3.65}
{'loss': 0.4031, 'learning_rate': 6.759632528867159e-05, 'epoch': 3.65}
{'loss': 0.3729, 'learning_rate': 6.755302455008842e-05, 'epoch': 3.65}
{'loss': 0.3482, 'learning_rate': 6.750972381150526e-05, 'epoch': 3.66}
{'loss': 0.4043, 'learning_rate': 6.746642307292208e-05, 'epoch': 3.66}
{'loss': 0.4103, 'learning_rate': 6.742312233433892e-05, 'epoch': 3.67}
{'loss': 0.3867, 'learning_rate': 6.737982159575575e-05, 'epoch': 3.67}
{'loss': 0.4151, 'learning_rate': 6.733652085717259e-05, 'epoch': 3.68}
{'loss': 0.3674, 'learning_rate': 6.729322011858942e-05, 'epoch': 3.68}
{'loss': 0.3923, 'learning_rate': 6.724991938000625e-05, 'epoch': 3.68}
{'loss': 0.3882, 'learning_rate': 6.720661864142308e-05, 'epoch': 3.69}
{'loss': 0.3822, 'learning_rate': 6.716331790283991e-05, 'epoch': 3.69}
{'loss': 0.3995, 'learning_rate': 6.712001716425675e-05, 'epoch': 3.7}
{'loss': 0.3771, 'learning_rate': 6.707671642567357e-05, 'epoch': 3.7}
{'loss': 0.4188, 'learning_rate': 6.70334156870904e-05, 'epoch': 3.7}
{'loss': 0.3743, 'learning_rate': 6.699011494850724e-05, 'epoch': 3.71}
{'loss': 0.3969, 'learning_rate': 6.694681420992407e-05, 'epoch': 3.71}
{'loss': 0.3896, 'learning_rate': 6.690351347134089e-05, 'epoch': 3.72}
{'loss': 0.4108, 'learning_rate': 6.686021273275774e-05, 'epoch': 3.72}
{'loss': 0.3631, 'learning_rate': 6.681777800894623e-05, 'epoch': 3.72}
{'loss': 0.4044, 'learning_rate': 6.677447727036306e-05, 'epoch': 3.73}
{'loss': 0.3843, 'learning_rate': 6.673117653177988e-05, 'epoch': 3.73}
{'loss': 0.3404, 'learning_rate': 6.668787579319672e-05, 'epoch': 3.74}
{'loss': 0.3629, 'learning_rate': 6.664457505461355e-05, 'epoch': 3.74}
{'loss': 0.385, 'learning_rate': 6.660127431603038e-05, 'epoch': 3.74}
{'loss': 0.384, 'learning_rate': 6.655797357744721e-05, 'epoch': 3.75}
{'loss': 0.4322, 'learning_rate': 6.651467283886405e-05, 'epoch': 3.75}
{'loss': 0.387, 'learning_rate': 6.647137210028087e-05, 'epoch': 3.76}
{'loss': 0.3897, 'learning_rate': 6.64280713616977e-05, 'epoch': 3.76}
{'loss': 0.3909, 'learning_rate': 6.638477062311455e-05, 'epoch': 3.76}
{'loss': 0.3833, 'learning_rate': 6.634146988453137e-05, 'epoch': 3.77}
{'loss': 0.3961, 'learning_rate': 6.629816914594819e-05, 'epoch': 3.77}
{'loss': 0.3634, 'learning_rate': 6.625486840736504e-05, 'epoch': 3.78}
{'loss': 0.3893, 'learning_rate': 6.621156766878186e-05, 'epoch': 3.78}
{'loss': 0.3948, 'learning_rate': 6.616826693019868e-05, 'epoch': 3.79}
{'loss': 0.3943, 'learning_rate': 6.612496619161553e-05, 'epoch': 3.79}
{'loss': 0.3989, 'learning_rate': 6.608166545303235e-05, 'epoch': 3.79}
{'loss': 0.3498, 'learning_rate': 6.603923072922085e-05, 'epoch': 3.8}
{'loss': 0.3947, 'learning_rate': 6.599592999063768e-05, 'epoch': 3.8}
{'loss': 0.363, 'learning_rate': 6.595262925205451e-05, 'epoch': 3.81}
{'loss': 0.3815, 'learning_rate': 6.590932851347134e-05, 'epoch': 3.81}
{'loss': 0.4042, 'learning_rate': 6.586602777488818e-05, 'epoch': 3.81}
{'loss': 0.3739, 'learning_rate': 6.582272703630501e-05, 'epoch': 3.82}
{'loss': 0.3841, 'learning_rate': 6.577942629772185e-05, 'epoch': 3.82}
{'loss': 0.4213, 'learning_rate': 6.573612555913867e-05, 'epoch': 3.83}
{'loss': 0.3919, 'learning_rate': 6.569282482055549e-05, 'epoch': 3.83}
{'loss': 0.4129, 'learning_rate': 6.564952408197234e-05, 'epoch': 3.83}
{'loss': 0.387, 'learning_rate': 6.560622334338916e-05, 'epoch': 3.84}
{'loss': 0.4455, 'learning_rate': 6.5562922604806e-05, 'epoch': 3.84}
{'loss': 0.3549, 'learning_rate': 6.551962186622283e-05, 'epoch': 3.85}
{'loss': 0.4016, 'learning_rate': 6.547632112763967e-05, 'epoch': 3.85}
{'loss': 0.3408, 'learning_rate': 6.543302038905649e-05, 'epoch': 3.85}
{'loss': 0.4203, 'learning_rate': 6.538971965047332e-05, 'epoch': 3.86}
{'loss': 0.3925, 'learning_rate': 6.534641891189016e-05, 'epoch': 3.86}
{'loss': 0.3956, 'learning_rate': 6.530311817330698e-05, 'epoch': 3.87}
{'loss': 0.4008, 'learning_rate': 6.525981743472381e-05, 'epoch': 3.87}
{'loss': 0.4031, 'learning_rate': 6.521651669614065e-05, 'epoch': 3.87}
{'loss': 0.4083, 'learning_rate': 6.517321595755747e-05, 'epoch': 3.88}
{'loss': 0.4143, 'learning_rate': 6.512991521897432e-05, 'epoch': 3.88}
{'loss': 0.3656, 'learning_rate': 6.508661448039115e-05, 'epoch': 3.89}
{'loss': 0.4119, 'learning_rate': 6.504331374180797e-05, 'epoch': 3.89}
{'loss': 0.356, 'learning_rate': 6.500001300322481e-05, 'epoch': 3.9}
{'loss': 0.3951, 'learning_rate': 6.495671226464164e-05, 'epoch': 3.9}
{'loss': 0.3742, 'learning_rate': 6.491341152605846e-05, 'epoch': 3.9}
{'loss': 0.3775, 'learning_rate': 6.48701107874753e-05, 'epoch': 3.91}
{'loss': 0.3724, 'learning_rate': 6.482681004889213e-05, 'epoch': 3.91}
{'loss': 0.3966, 'learning_rate': 6.478350931030895e-05, 'epoch': 3.92}
{'loss': 0.4085, 'learning_rate': 6.474020857172579e-05, 'epoch': 3.92}
{'loss': 0.372, 'learning_rate': 6.469690783314264e-05, 'epoch': 3.92}
{'loss': 0.4101, 'learning_rate': 6.465360709455946e-05, 'epoch': 3.93}
{'loss': 0.3681, 'learning_rate': 6.461030635597628e-05, 'epoch': 3.93}
{'loss': 0.3853, 'learning_rate': 6.456700561739313e-05, 'epoch': 3.94}
{'loss': 0.3683, 'learning_rate': 6.452370487880995e-05, 'epoch': 3.94}
{'loss': 0.3861, 'learning_rate': 6.448040414022677e-05, 'epoch': 3.94}
{'loss': 0.3878, 'learning_rate': 6.44371034016436e-05, 'epoch': 3.95}
{'loss': 0.4009, 'learning_rate': 6.439380266306044e-05, 'epoch': 3.95}
{'loss': 0.3875, 'learning_rate': 6.435136793924894e-05, 'epoch': 3.96}
{'loss': 0.3929, 'learning_rate': 6.430806720066576e-05, 'epoch': 3.96}
{'loss': 0.3669, 'learning_rate': 6.42647664620826e-05, 'epoch': 3.96}
{'loss': 0.4076, 'learning_rate': 6.422146572349943e-05, 'epoch': 3.97}
{'loss': 0.3709, 'learning_rate': 6.417816498491627e-05, 'epoch': 3.97}
{'loss': 0.3905, 'learning_rate': 6.413486424633309e-05, 'epoch': 3.98}
{'loss': 0.4065, 'learning_rate': 6.409156350774994e-05, 'epoch': 3.98}
{'loss': 0.3815, 'learning_rate': 6.404826276916676e-05, 'epoch': 3.98}
{'loss': 0.3852, 'learning_rate': 6.400496203058358e-05, 'epoch': 3.99}
{'loss': 0.3885, 'learning_rate': 6.396166129200043e-05, 'epoch': 3.99}
{'loss': 0.4153, 'learning_rate': 6.391836055341725e-05, 'epoch': 4.0}
[INFO|trainer.py:520] 2026-10-04 16:24:31,837 >> The following columns in the evaluation set  don't have a corresponding argument in `PETLEncModel.forward` and have been ignored: hypothesis, idx, premise.
[INFO|trainer.py:2179] 2026-10-04 16:24:31,839 >> ***** Running Evaluation *****
[INFO|trainer.py:2181] 2026-10-04 16:24:31,839 >>   Num examples = 9815
[INFO|trainer.py:2184] 2026-10-04 16:24:31,839 >>   Batch size = 32
{'eval_loss': 0.36720290780067444, 'eval_accuracy': 0.863270504330107, 'eval_runtime': 8.8915, 'eval_samples_per_second': 1103.858, 'eval_steps_per_second': 34.527, 'epoch': 4.0}
[INFO|trainer.py:1933] 2026-10-04 16:24:40,731 >> Saving model checkpoint to checkpoints/glue/mnli/20261004/glue.mnli.adapter.am_adapter.ao_sequential.fm_adapter.fo_sequential.abn.fbn.ac_add.fl_none.finit_bert.fs_1.unfrz_ef_.ne10.warm0.06.wd0.1.seed6./checkpoint-49088
[INFO|configuration_utils.py:364] 2026-10-04 16:24:40,732 >> Configuration saved in checkpoints/glue/mnli/20261004/glue.mnli.adapter.am_adapter.ao_sequential.fm_adapter.fo_sequential.abn.fbn.ac_add.fl_none.finit_bert.fs_1.unfrz_ef_.ne10.warm0.06.wd0.1.seed6./checkpoint-49088/config.json
[INFO|modeling_utils.py:898] 2026-10-04 16:24:41,040 >> Model weights saved in checkpoints/glue/mnli/20261004/glue.mnli.adapter.am_adapter.ao_sequential.fm_adapter.fo_sequential.abn.fbn.ac_add.fl_none.finit_bert.fs_1.unfrz_ef_.ne10.warm0.06.wd0.1.seed6./checkpoint-49088/pytorch_model.bin
[INFO|tokenization_utils_base.py:1948] 2026-10-04 16:24:41,043 >> tokenizer config file saved in checkpoints/glue/mnli/20261004/glue.mnli.adapter.am_adapter.ao_sequential.fm_adapter.fo_sequential.abn.fbn.ac_add.fl_none.finit_bert.fs_1.unfrz_ef_.ne10.warm0.06.wd0.1.seed6./checkpoint-49088/tokenizer_config.json
[INFO|tokenization_utils_base.py:1954] 2026-10-04 16:24:41,044 >> Special tokens file saved in checkpoints/glue/mnli/20261004/glue.mnli.adapter.am_adapter.ao_sequential.fm_adapter.fo_sequential.abn.fbn.ac_add.fl_none.finit_bert.fs_1.unfrz_ef_.ne10.warm0.06.wd0.1.seed6./checkpoint-49088/special_tokens_map.json
[INFO|trainer.py:2009] 2026-10-04 16:24:41,111 >> Deleting older checkpoint [checkpoints/glue/mnli/20261004/glue.mnli.adapter.am_adapter.ao_sequential.fm_adapter.fo_sequential.abn.fbn.ac_add.fl_none.finit_bert.fs_1.unfrz_ef_.ne10.warm0.06.wd0.1.seed6./checkpoint-24544] due to args.save_total_limit
/work/unify-parameter-efficient-tuning/src/transformers/trainer.py:1784: FutureWarning: `torch.cuda.amp.autocast(args...)` is deprecated. Please use `torch.amp.autocast('cuda', args...)` instead.
  with autocast():
{'loss': 0.3629, 'learning_rate': 6.387505981483408e-05, 'epoch': 4.0}
{'loss': 0.39, 'learning_rate': 6.383175907625092e-05, 'epoch': 4.01}
{'loss': 0.3851, 'learning_rate': 6.378845833766775e-05, 'epoch': 4.01}
{'loss': 0.3689, 'learning_rate': 6.374515759908457e-05, 'epoch': 4.01}
{'loss': 0.3859, 'learning_rate': 6.370185686050141e-05, 'epoch': 4.02}
{'loss': 0.3732, 'learning_rate': 6.365855612191824e-05, 'epoch': 4.02}
{'loss': 0.3815, 'learning_rate': 6.361525538333506e-05, 'epoch': 4.03}
{'loss': 0.373, 'learning_rate': 6.35719546447519e-05, 'epoch': 4.03}
{'loss': 0.3546, 'learning_rate': 6.352865390616873e-05, 'epoch': 4.03}
{'loss': 0.3886, 'learning_rate': 6.348535316758556e-05, 'epoch': 4.04}
{'loss': 0.4153, 'learning_rate': 6.34420524290024e-05, 'epoch': 4.04}
{'loss': 0.3859, 'learning_rate': 6.339875169041924e-05, 'epoch': 4.05}
{'loss': 0.3784, 'learning_rate': 6.335545095183606e-05, 'epoch': 4.05}
{'loss': 0.4093, 'learning_rate': 6.33121502132529e-05, 'epoch': 4.05}
{'loss': 0.3761, 'learning_rate': 6.326884947466973e-05, 'epoch': 4.06}
{'loss': 0.3439, 'learning_rate': 6.322554873608655e-05, 'epoch': 4.06}
{'loss': 0.3967, 'learning_rate': 6.318224799750338e-05, 'epoch': 4.07}
{'loss': 0.3796, 'learning_rate': 6.313894725892022e-05, 'epoch': 4.07}
{'loss': 0.3887, 'learning_rate': 6.309564652033704e-05, 'epoch': 4.07}
{'loss': 0.3831, 'learning_rate': 6.305234578175388e-05, 'epoch': 4.08}
{'loss': 0.3397, 'learning_rate': 6.300904504317072e-05, 'epoch': 4.08}
{'loss': 0.3807, 'learning_rate': 6.296574430458755e-05, 'epoch': 4.09}
{'loss': 0.3683, 'learning_rate': 6.292244356600437e-05, 'epoch': 4.09}
{'loss': 0.3872, 'learning_rate': 6.28791428274212e-05, 'epoch': 4.09}
{'loss': 0.4105, 'learning_rate': 6.283584208883804e-05, 'epoch': 4.1}
{'loss': 0.372, 'learning_rate': 6.279254135025486e-05, 'epoch': 4.1}
{'loss': 0.3746, 'learning_rate': 6.274924061167169e-05, 'epoch': 4.11}
{'loss': 0.3774, 'learning_rate': 6.270593987308853e-05, 'epoch': 4.11}
{'loss': 0.3764, 'learning_rate': 6.266263913450536e-05, 'epoch': 4.12}
{'loss': 0.372, 'learning_rate': 6.26193383959222e-05, 'epoch': 4.12}
{'loss': 0.371, 'learning_rate': 6.257603765733903e-05, 'epoch': 4.12}
{'loss': 0.3466, 'learning_rate': 6.253273691875585e-05, 'epoch': 4.13}
{'loss': 0.3803, 'learning_rate': 6.248943618017269e-05, 'epoch': 4.13}
{'loss': 0.3898, 'learning_rate': 6.244613544158952e-05, 'epoch': 4.14}
{'loss': 0.3433, 'learning_rate': 6.240283470300634e-05, 'epoch': 4.14}
{'loss': 0.4044, 'learning_rate': 6.235953396442318e-05, 'epoch': 4.14}
{'loss': 0.372, 'learning_rate': 6.231623322584001e-05, 'epoch': 4.15}
{'loss': 0.3701, 'learning_rate': 6.227293248725685e-05, 'epoch': 4.15}
{'loss': 0.3723, 'learning_rate': 6.222963174867368e-05, 'epoch': 4.16}
{'loss': 0.3797, 'learning_rate': 6.218633101009052e-05, 'epoch': 4.16}
{'loss': 0.3756, 'learning_rate': 6.214303027150734e-05, 'epoch': 4.16}
{'loss': 0.3614, 'learning_rate': 6.209972953292416e-05, 'epoch': 4.17}
{'loss': 0.3788, 'learning_rate': 6.205642879434101e-05, 'epoch': 4.17}
{'loss': 0.38, 'learning_rate': 6.201312805575783e-05, 'epoch': 4.18}
{'loss': 0.355, 'learning_rate': 6.196982731717465e-05, 'epoch': 4.18}
{'loss': 0.3958, 'learning_rate': 6.19265265785915e-05, 'epoch': 4.18}
{'loss': 0.3831, 'learning_rate': 6.188322584000833e-05, 'epoch': 4.19}
{'loss': 0.4012, 'learning_rate': 6.183992510142515e-05, 'epoch': 4.19}
{'loss': 0.3602, 'learning_rate': 6.179662436284199e-05, 'epoch': 4.2}
{'loss': 0.4092, 'learning_rate': 6.175332362425882e-05, 'epoch': 4.2}
{'loss': 0.3641, 'learning_rate': 6.171002288567564e-05, 'epoch': 4.2}
{'loss': 0.3346, 'learning_rate': 6.166672214709248e-05, 'epoch': 4.21}
{'loss': 0.3931, 'learning_rate': 6.162342140850931e-05, 'epoch': 4.21}
{'loss': 0.3678, 'learning_rate': 6.158012066992614e-05, 'epoch': 4.22}
{'loss': 0.3988, 'learning_rate': 6.153681993134297e-05, 'epoch': 4.22}
{'loss': 0.4086, 'learning_rate': 6.149351919275982e-05, 'epoch': 4.23}
{'loss': 0.3813, 'learning_rate': 6.145021845417664e-05, 'epoch': 4.23}
{'loss': 0.3556, 'learning_rate': 6.140691771559347e-05, 'epoch': 4.23}
{'loss': 0.3629, 'learning_rate': 6.136361697701031e-05, 'epoch': 4.24}
{'loss': 0.3839, 'learning_rate': 6.132031623842713e-05, 'epoch': 4.24}
{'loss': 0.3911, 'learning_rate': 6.127701549984397e-05, 'epoch': 4.25}
{'loss': 0.3798, 'learning_rate': 6.12337147612608e-05, 'epoch': 4.25}
{'loss': 0.3748, 'learning_rate': 6.119041402267762e-05, 'epoch': 4.25}
{'loss': 0.37, 'learning_rate': 6.114711328409446e-05, 'epoch': 4.26}
{'loss': 0.3743, 'learning_rate': 6.110381254551129e-05, 'epoch': 4.26}
{'loss': 0.353, 'learning_rate': 6.106051180692811e-05, 'epoch': 4.27}
{'loss': 0.3863, 'learning_rate': 6.1017211068344946e-05, 'epoch': 4.27}
{'loss': 0.3813, 'learning_rate': 6.0973910329761795e-05, 'epoch': 4.27}
{'loss': 0.4048, 'learning_rate': 6.093060959117861e-05, 'epoch': 4.28}
{'loss': 0.3731, 'learning_rate': 6.088730885259544e-05, 'epoch': 4.28}
{'loss': 0.4039, 'learning_rate': 6.0844008114012285e-05, 'epoch': 4.29}
{'loss': 0.3542, 'learning_rate': 6.0800707375429113e-05, 'epoch': 4.29}
{'loss': 0.3768, 'learning_rate': 6.0757406636845935e-05, 'epoch': 4.29}
{'loss': 0.3822, 'learning_rate': 6.0714105898262776e-05, 'epoch': 4.3}
{'loss': 0.4035, 'learning_rate': 6.06708051596796e-05, 'epoch': 4.3}
{'loss': 0.3716, 'learning_rate': 6.062750442109644e-05, 'epoch': 4.31}
{'loss': 0.3656, 'learning_rate': 6.058420368251326e-05, 'epoch': 4.31}
{'loss': 0.334, 'learning_rate': 6.05409029439301e-05, 'epoch': 4.31}
{'loss': 0.3823, 'learning_rate': 6.049760220534692e-05, 'epoch': 4.32}
{'loss': 0.3811, 'learning_rate': 6.0454301466763764e-05, 'epoch': 4.32}
{'loss': 0.3838, 'learning_rate': 6.04110007281806e-05, 'epoch': 4.33}
{'loss': 0.375, 'learning_rate': 6.0367699989597414e-05, 'epoch': 4.33}
{'loss': 0.3731, 'learning_rate': 6.0324399251014255e-05, 'epoch': 4.34}
{'loss': 0.3731, 'learning_rate': 6.028109851243109e-05, 'epoch': 4.34}
{'loss': 0.3755, 'learning_rate': 6.023779777384792e-05, 'epoch': 4.34}
{'loss': 0.3613, 'learning_rate': 6.019449703526475e-05, 'epoch': 4.35}
{'loss': 0.3662, 'learning_rate': 6.015119629668159e-05, 'epoch': 4.35}
{'loss': 0.3714, 'learning_rate': 6.01078955580984e-05, 'epoch': 4.36}
{'loss': 0.4241, 'learning_rate': 6.006459481951524e-05, 'epoch': 4.36}
{'loss': 0.3784, 'learning_rate': 6.002129408093209e-05, 'epoch': 4.36}
{'loss': 0.3811, 'learning_rate': 5.9977993342348906e-05, 'epoch': 4.37}
{'loss': 0.3955, 'learning_rate': 5.993469260376573e-05, 'epoch': 4.37}
{'loss': 0.3418, 'learning_rate': 5.9891391865182576e-05, 'epoch': 4.38}
{'loss': 0.3903, 'learning_rate': 5.9848091126599404e-05, 'epoch': 4.38}
{'loss': 0.415, 'learning_rate': 5.980479038801623e-05, 'epoch': 4.38}
{'loss': 0.3765, 'learning_rate': 5.976148964943305e-05, 'epoch': 4.39}
{'loss': 0.3589, 'learning_rate': 5.9718188910849894e-05, 'epoch': 4.39}
{'loss': 0.3408, 'learning_rate': 5.9674888172266715e-05, 'epoch': 4.4}
{'loss': 0.4133, 'learning_rate': 5.963158743368356e-05, 'epoch': 4.4}
{'loss': 0.3881, 'learning_rate': 5.958828669510039e-05, 'epoch': 4.4}
{'loss': 0.3838, 'learning_rate': 5.9544985956517206e-05, 'epoch': 4.41}
{'loss': 0.3969, 'learning_rate': 5.950168521793405e-05, 'epoch': 4.41}
{'loss': 0.3673, 'learning_rate': 5.945838447935089e-05, 'epoch': 4.42}
{'loss': 0.3946, 'learning_rate': 5.941508374076771e-05, 'epoch': 4.42}
{'loss': 0.3743, 'learning_rate': 5.9371783002184545e-05, 'epoch': 4.42}
{'loss': 0.3874, 'learning_rate': 5.932848226360138e-05, 'epoch': 4.43}
{'loss': 0.3444, 'learning_rate': 5.928518152501821e-05, 'epoch': 4.43}
{'loss': 0.3742, 'learning_rate': 5.924188078643504e-05, 'epoch': 4.44}
{'loss': 0.3865, 'learning_rate': 5.9198580047851884e-05, 'epoch': 4.44}
{'loss': 0.3794, 'learning_rate': 5.91552793092687e-05, 'epoch': 4.45}
{'loss': 0.3834, 'learning_rate': 5.9111978570685533e-05, 'epoch': 4.45}
{'loss': 0.3794, 'learning_rate': 5.906867783210237e-05, 'epoch': 4.45}
{'loss': 0.3906, 'learning_rate': 5.9025377093519196e-05, 'epoch': 4.46}
{'loss': 0.4035, 'learning_rate': 5.8982076354936024e-05, 'epoch': 4.46}
{'loss': 0.3858, 'learning_rate': 5.893877561635287e-05, 'epoch': 4.47}
{'loss': 0.3382, 'learning_rate': 5.8895474877769694e-05, 'epoch': 4.47}
{'loss': 0.3653, 'learning_rate': 5.885217413918651e-05, 'epoch': 4.47}
{'loss': 0.3548, 'learning_rate': 5.8808873400603356e-05, 'epoch': 4.48}
{'loss': 0.3851, 'learning_rate': 5.8765572662020184e-05, 'epoch': 4.48}
{'loss': 0.3744, 'learning_rate': 5.872227192343701e-05, 'epoch': 4.49}
{'loss': 0.3904, 'learning_rate': 5.867897118485385e-05, 'epoch': 4.49}
{'loss': 0.3702, 'learning_rate': 5.863567044627068e-05, 'epoch': 4.49}
{'loss': 0.3717, 'learning_rate': 5.85923697076875e-05, 'epoch': 4.5}
{'loss': 0.3598, 'learning_rate': 5.854906896910434e-05, 'epoch': 4.5}
{'loss': 0.3623, 'learning_rate': 5.850576823052117e-05, 'epoch': 4.51}
{'loss': 0.3988, 'learning_rate': 5.8462467491938e-05, 'epoch': 4.51}
{'loss': 0.3939, 'learning_rate': 5.8419166753354835e-05, 'epoch': 4.51}
{'loss': 0.388, 'learning_rate': 5.837586601477168e-05, 'epoch': 4.52}
{'loss': 0.3777, 'learning_rate': 5.83325652761885e-05, 'epoch': 4.52}
{'loss': 0.3478, 'learning_rate': 5.828926453760534e-05, 'epoch': 4.53}
{'loss': 0.3663, 'learning_rate': 5.824596379902216e-05, 'epoch': 4.53}
{'loss': 0.3688, 'learning_rate': 5.820266306043899e-05, 'epoch': 4.53}
{'loss': 0.3821, 'learning_rate': 5.8159362321855823e-05, 'epoch': 4.54}
{'loss': 0.3805, 'learning_rate': 5.811692759804431e-05, 'epoch': 4.54}
{'loss': 0.3807, 'learning_rate': 5.807362685946115e-05, 'epoch': 4.55}
{'loss': 0.4134, 'learning_rate': 5.803032612087799e-05, 'epoch': 4.55}
{'loss': 0.3921, 'learning_rate': 5.798702538229481e-05, 'epoch': 4.56}
{'loss': 0.3938, 'learning_rate': 5.794372464371164e-05, 'epoch': 4.56}
{'loss': 0.3638, 'learning_rate': 5.790042390512848e-05, 'epoch': 4.56}
{'loss': 0.3652, 'learning_rate': 5.78571231665453e-05, 'epoch': 4.57}
{'loss': 0.3843, 'learning_rate': 5.781382242796214e-05, 'epoch': 4.57}
{'loss': 0.3565, 'learning_rate': 5.7770521689378977e-05, 'epoch': 4.58}
{'loss': 0.3933, 'learning_rate': 5.772808696556747e-05, 'epoch': 4.58}
{'loss': 0.3995, 'learning_rate': 5.7684786226984286e-05, 'epoch': 4.58}
{'loss': 0.3535, 'learning_rate': 5.764148548840113e-05, 'epoch': 4.59}
{'loss': 0.358, 'learning_rate': 5.7598184749817976e-05, 'epoch': 4.59}
{'loss': 0.3654, 'learning_rate': 5.755488401123479e-05, 'epoch': 4.6}
{'loss': 0.3809, 'learning_rate': 5.751158327265161e-05, 'epoch': 4.6}
{'loss': 0.3925, 'learning_rate': 5.746828253406845e-05, 'epoch': 4.6}
{'loss': 0.3587, 'learning_rate': 5.742584781025695e-05, 'epoch': 4.61}
{'loss': 0.3697, 'learning_rate': 5.7382547071673783e-05, 'epoch': 4.61}
{'loss': 0.3685, 'learning_rate': 5.733924633309061e-05, 'epoch': 4.62}
{'loss': 0.3533, 'learning_rate': 5.729594559450745e-05, 'epoch': 4.62}
{'loss': 0.38, 'learning_rate': 5.7252644855924274e-05, 'epoch': 4.62}
{'loss': 0.3514, 'learning_rate': 5.72093441173411e-05, 'epoch': 4.63}
{'loss': 0.4215, 'learning_rate': 5.716604337875793e-05, 'epoch': 4.63}
{'loss': 0.3808, 'learning_rate': 5.712274264017478e-05, 'epoch': 4.64}
{'loss': 0.3878, 'learning_rate': 5.70794419015916e-05, 'epoch': 4.64}
{'loss': 0.3841, 'learning_rate': 5.7036141163008414e-05, 'epoch': 4.64}
{'loss': 0.3607, 'learning_rate': 5.6992840424425256e-05, 'epoch': 4.65}
{'loss': 0.3891, 'learning_rate': 5.6949539685842104e-05, 'epoch': 4.65}
{'loss': 0.4003, 'learning_rate': 5.690623894725892e-05, 'epoch': 4.66}
{'loss': 0.3722, 'learning_rate': 5.686293820867575e-05, 'epoch': 4.66}
{'loss': 0.3899, 'learning_rate': 5.681963747009259e-05, 'epoch': 4.67}
{'loss': 0.3764, 'learning_rate': 5.6776336731509416e-05, 'epoch': 4.67}
{'loss': 0.3714, 'learning_rate': 5.673390200769791e-05, 'epoch': 4.67}
{'loss': 0.3954, 'learning_rate': 5.669060126911474e-05, 'epoch': 4.68}
{'loss': 0.3821, 'learning_rate': 5.664730053053158e-05, 'epoch': 4.68}
{'loss': 0.3829, 'learning_rate': 5.66039997919484e-05, 'epoch': 4.69}
{'loss': 0.3536, 'learning_rate': 5.656069905336523e-05, 'epoch': 4.69}
{'loss': 0.3495, 'learning_rate': 5.651739831478208e-05, 'epoch': 4.69}
{'loss': 0.3847, 'learning_rate': 5.6474097576198906e-05, 'epoch': 4.7}
{'loss': 0.3845, 'learning_rate': 5.643079683761573e-05, 'epoch': 4.7}
{'loss': 0.3476, 'learning_rate': 5.638749609903257e-05, 'epoch': 4.71}
{'loss': 0.3626, 'learning_rate': 5.634419536044939e-05, 'epoch': 4.71}
{'loss': 0.3794, 'learning_rate': 5.630089462186622e-05, 'epoch': 4.71}
{'loss': 0.3971, 'learning_rate': 5.625759388328305e-05, 'epoch': 4.72}
{'loss': 0.3911, 'learning_rate': 5.6214293144699894e-05, 'epoch': 4.72}
{'loss': 0.3571, 'learning_rate': 5.6170992406116716e-05, 'epoch': 4.73}
{'loss': 0.3647, 'learning_rate': 5.612769166753356e-05, 'epoch': 4.73}
{'loss': 0.3646, 'learning_rate': 5.608439092895038e-05, 'epoch': 4.73}
{'loss': 0.3399, 'learning_rate': 5.604109019036722e-05, 'epoch': 4.74}
{'loss': 0.3791, 'learning_rate': 5.599778945178404e-05, 'epoch': 4.74}
{'loss': 0.357, 'learning_rate': 5.595448871320088e-05, 'epoch': 4.75}
{'loss': 0.4066, 'learning_rate': 5.5911187974617704e-05, 'epoch': 4.75}
{'loss': 0.369, 'learning_rate': 5.5867887236034545e-05, 'epoch': 4.75}
{'loss': 0.371, 'learning_rate': 5.582458649745138e-05, 'epoch': 4.76}
{'loss': 0.3654, 'learning_rate': 5.5781285758868194e-05, 'epoch': 4.76}
{'loss': 0.3988, 'learning_rate': 5.5737985020285036e-05, 'epoch': 4.77}
{'loss': 0.3725, 'learning_rate': 5.569468428170187e-05, 'epoch': 4.77}
{'loss': 0.3965, 'learning_rate': 5.56513835431187e-05, 'epoch': 4.78}
{'loss': 0.4077, 'learning_rate': 5.560808280453552e-05, 'epoch': 4.78}
{'loss': 0.3749, 'learning_rate': 5.556478206595237e-05, 'epoch': 4.78}
{'loss': 0.4019, 'learning_rate': 5.552148132736918e-05, 'epoch': 4.79}
{'loss': 0.4056, 'learning_rate': 5.5478180588786024e-05, 'epoch': 4.79}
{'loss': 0.3761, 'learning_rate': 5.543487985020286e-05, 'epoch': 4.8}
{'loss': 0.356, 'learning_rate': 5.539157911161969e-05, 'epoch': 4.8}
{'loss': 0.354, 'learning_rate': 5.534827837303651e-05, 'epoch': 4.8}
{'loss': 0.3988, 'learning_rate': 5.530497763445335e-05, 'epoch': 4.81}
{'loss': 0.3764, 'learning_rate': 5.5261676895870184e-05, 'epoch': 4.81}
{'loss': 0.3747, 'learning_rate': 5.521837615728701e-05, 'epoch': 4.82}
{'loss': 0.3647, 'learning_rate': 5.5175075418703834e-05, 'epoch': 4.82}
{'loss': 0.3699, 'learning_rate': 5.5131774680120675e-05, 'epoch': 4.82}
{'loss': 0.372, 'learning_rate': 5.5088473941537496e-05, 'epoch': 4.83}
{'loss': 0.3771, 'learning_rate': 5.504517320295434e-05, 'epoch': 4.83}
{'loss': 0.3679, 'learning_rate': 5.500187246437117e-05, 'epoch': 4.84}
{'loss': 0.3675, 'learning_rate': 5.495857172578799e-05, 'epoch': 4.84}
{'loss': 0.3925, 'learning_rate': 5.491527098720483e-05, 'epoch': 4.84}
{'loss': 0.3605, 'learning_rate': 5.487197024862168e-05, 'epoch': 4.85}
{'loss': 0.3785, 'learning_rate': 5.482866951003849e-05, 'epoch': 4.85}
{'loss': 0.3787, 'learning_rate': 5.4785368771455326e-05, 'epoch': 4.86}
{'loss': 0.3582, 'learning_rate': 5.474206803287216e-05, 'epoch': 4.86}
{'loss': 0.3777, 'learning_rate': 5.469876729428899e-05, 'epoch': 4.86}
{'loss': 0.3798, 'learning_rate': 5.4655466555705824e-05, 'epoch': 4.87}
{'loss': 0.3785, 'learning_rate': 5.4612165817122665e-05, 'epoch': 4.87}
{'loss': 0.3898, 'learning_rate': 5.456886507853948e-05, 'epoch': 4.88}
{'loss': 0.3711, 'learning_rate': 5.45255643399563e-05, 'epoch': 4.88}
{'loss': 0.3552, 'learning_rate': 5.448226360137315e-05, 'epoch': 4.89}
{'loss': 0.3654, 'learning_rate': 5.443896286278998e-05, 'epoch': 4.89}
{'loss': 0.3329, 'learning_rate': 5.4395662124206805e-05, 'epoch': 4.89}
{'loss': 0.3737, 'learning_rate': 5.4352361385623626e-05, 'epoch': 4.9}
{'loss': 0.3855, 'learning_rate': 5.4309060647040475e-05, 'epoch': 4.9}
{'loss': 0.3921, 'learning_rate': 5.426575990845729e-05, 'epoch': 4.91}
{'loss': 0.3597, 'learning_rate': 5.422245916987413e-05, 'epoch': 4.91}
{'loss': 0.3727, 'learning_rate': 5.4179158431290965e-05, 'epoch': 4.91}
{'loss': 0.348, 'learning_rate': 5.413585769270779e-05, 'epoch': 4.92}
{'loss': 0.3989, 'learning_rate': 5.409255695412463e-05, 'epoch': 4.92}
{'loss': 0.3614, 'learning_rate': 5.404925621554147e-05, 'epoch': 4.93}
{'loss': 0.3932, 'learning_rate': 5.4005955476958284e-05, 'epoch': 4.93}
{'loss': 0.3744, 'learning_rate': 5.396265473837512e-05, 'epoch': 4.93}
{'loss': 0.4179, 'learning_rate': 5.3919353999791953e-05, 'epoch': 4.94}
{'loss': 0.3757, 'learning_rate': 5.387605326120878e-05, 'epoch': 4.94}
{'loss': 0.3711, 'learning_rate': 5.3832752522625616e-05, 'epoch': 4.95}
{'loss': 0.3996, 'learning_rate': 5.378945178404246e-05, 'epoch': 4.95}
{'loss': 0.3507, 'learning_rate': 5.374615104545928e-05, 'epoch': 4.95}
{'loss': 0.4083, 'learning_rate': 5.370285030687612e-05, 'epoch': 4.96}
{'loss': 0.3703, 'learning_rate': 5.365954956829294e-05, 'epoch': 4.96}
{'loss': 0.3649, 'learning_rate': 5.361624882970977e-05, 'epoch': 4.97}
{'loss': 0.3909, 'learning_rate': 5.35729480911266e-05, 'epoch': 4.97}
{'loss': 0.3888, 'learning_rate': 5.3529647352543446e-05, 'epoch': 4.97}
{'loss': 0.3834, 'learning_rate': 5.348634661396027e-05, 'epoch': 4.98}
{'loss': 0.3526, 'learning_rate': 5.344304587537708e-05, 'epoch': 4.98}
{'loss': 0.3451, 'learning_rate': 5.339974513679393e-05, 'epoch': 4.99}
{'loss': 0.3483, 'learning_rate': 5.335644439821076e-05, 'epoch': 4.99}
{'loss': 0.3664, 'learning_rate': 5.3313143659627586e-05, 'epoch': 5.0}
{'loss': 0.3765, 'learning_rate': 5.326984292104442e-05, 'epoch': 5.0}
[INFO|trainer.py:520] 2026-10-04 16:29:37,143 >> The following columns in the evaluation set  don't have a corresponding argument in `PETLEncModel.forward` and have been ignored: hypothesis, idx, premise.
[INFO|trainer.py:2179] 2026-10-04 16:29:37,144 >> ***** Running Evaluation *****
[INFO|trainer.py:2181] 2026-10-04 16:29:37,144 >>   Num examples = 9815
[INFO|trainer.py:2184] 2026-10-04 16:29:37,144 >>   Batch size = 32
{'eval_loss': 0.3668777346611023, 'eval_accuracy': 0.8649006622516556, 'eval_runtime': 9.3181, 'eval_samples_per_second': 1053.322, 'eval_steps_per_second': 32.946, 'epoch': 5.0}
[INFO|trainer.py:1933] 2026-10-04 16:29:46,484 >> Saving model checkpoint to checkpoints/glue/mnli/20261004/glue.mnli.adapter.am_adapter.ao_sequential.fm_adapter.fo_sequential.abn.fbn.ac_add.fl_none.finit_bert.fs_1.unfrz_ef_.ne10.warm0.06.wd0.1.seed6./checkpoint-61360
[INFO|configuration_utils.py:364] 2026-10-04 16:29:46,487 >> Configuration saved in checkpoints/glue/mnli/20261004/glue.mnli.adapter.am_adapter.ao_sequential.fm_adapter.fo_sequential.abn.fbn.ac_add.fl_none.finit_bert.fs_1.unfrz_ef_.ne10.warm0.06.wd0.1.seed6./checkpoint-61360/config.json
[INFO|modeling_utils.py:898] 2026-10-04 16:29:46,780 >> Model weights saved in checkpoints/glue/mnli/20261004/glue.mnli.adapter.am_adapter.ao_sequential.fm_adapter.fo_sequential.abn.fbn.ac_add.fl_none.finit_bert.fs_1.unfrz_ef_.ne10.warm0.06.wd0.1.seed6./checkpoint-61360/pytorch_model.bin
[INFO|tokenization_utils_base.py:1948] 2026-10-04 16:29:46,781 >> tokenizer config file saved in checkpoints/glue/mnli/20261004/glue.mnli.adapter.am_adapter.ao_sequential.fm_adapter.fo_sequential.abn.fbn.ac_add.fl_none.finit_bert.fs_1.unfrz_ef_.ne10.warm0.06.wd0.1.seed6./checkpoint-61360/tokenizer_config.json
[INFO|tokenization_utils_base.py:1954] 2026-10-04 16:29:46,781 >> Special tokens file saved in checkpoints/glue/mnli/20261004/glue.mnli.adapter.am_adapter.ao_sequential.fm_adapter.fo_sequential.abn.fbn.ac_add.fl_none.finit_bert.fs_1.unfrz_ef_.ne10.warm0.06.wd0.1.seed6./checkpoint-61360/special_tokens_map.json
[INFO|trainer.py:2009] 2026-10-04 16:29:46,849 >> Deleting older checkpoint [checkpoints/glue/mnli/20261004/glue.mnli.adapter.am_adapter.ao_sequential.fm_adapter.fo_sequential.abn.fbn.ac_add.fl_none.finit_bert.fs_1.unfrz_ef_.ne10.warm0.06.wd0.1.seed6./checkpoint-36816] due to args.save_total_limit
/work/unify-parameter-efficient-tuning/src/transformers/trainer.py:1784: FutureWarning: `torch.cuda.amp.autocast(args...)` is deprecated. Please use `torch.amp.autocast('cuda', args...)` instead.
  with autocast():
{'loss': 0.3549, 'learning_rate': 5.3226542182461255e-05, 'epoch': 5.0}
{'loss': 0.3983, 'learning_rate': 5.318324144387808e-05, 'epoch': 5.01}
{'loss': 0.3751, 'learning_rate': 5.3139940705294925e-05, 'epoch': 5.01}
{'loss': 0.3831, 'learning_rate': 5.3096639966711746e-05, 'epoch': 5.02}
{'loss': 0.3667, 'learning_rate': 5.3053339228128574e-05, 'epoch': 5.02}
{'loss': 0.3849, 'learning_rate': 5.301003848954541e-05, 'epoch': 5.02}
{'loss': 0.3826, 'learning_rate': 5.296673775096225e-05, 'epoch': 5.03}
{'loss': 0.3512, 'learning_rate': 5.292343701237907e-05, 'epoch': 5.03}
{'loss': 0.3573, 'learning_rate': 5.288013627379591e-05, 'epoch': 5.04}
{'loss': 0.3722, 'learning_rate': 5.2836835535212734e-05, 'epoch': 5.04}
{'loss': 0.3817, 'learning_rate': 5.279353479662956e-05, 'epoch': 5.04}
{'loss': 0.3627, 'learning_rate': 5.27502340580464e-05, 'epoch': 5.05}
{'loss': 0.3519, 'learning_rate': 5.270693331946324e-05, 'epoch': 5.05}
{'loss': 0.3856, 'learning_rate': 5.266363258088006e-05, 'epoch': 5.06}
{'loss': 0.3883, 'learning_rate': 5.26203318422969e-05, 'epoch': 5.06}
{'loss': 0.3612, 'learning_rate': 5.257703110371372e-05, 'epoch': 5.06}
{'loss': 0.3558, 'learning_rate': 5.2533730365130564e-05, 'epoch': 5.07}
{'loss': 0.3514, 'learning_rate': 5.249042962654738e-05, 'epoch': 5.07}
{'loss': 0.3481, 'learning_rate': 5.244712888796423e-05, 'epoch': 5.08}
{'loss': 0.3759, 'learning_rate': 5.240382814938105e-05, 'epoch': 5.08}
{'loss': 0.3595, 'learning_rate': 5.2360527410797876e-05, 'epoch': 5.08}
{'loss': 0.3672, 'learning_rate': 5.2317226672214724e-05, 'epoch': 5.09}
{'loss': 0.3456, 'learning_rate': 5.227392593363154e-05, 'epoch': 5.09}
{'loss': 0.3943, 'learning_rate': 5.2230625195048367e-05, 'epoch': 5.1}
{'loss': 0.3808, 'learning_rate': 5.21873244564652e-05, 'epoch': 5.1}
{'loss': 0.3651, 'learning_rate': 5.214402371788204e-05, 'epoch': 5.11}
{'loss': 0.3691, 'learning_rate': 5.2100722979298864e-05, 'epoch': 5.11}
{'loss': 0.349, 'learning_rate': 5.2057422240715706e-05, 'epoch': 5.11}
{'loss': 0.3582, 'learning_rate': 5.201412150213253e-05, 'epoch': 5.12}
{'loss': 0.3786, 'learning_rate': 5.197082076354937e-05, 'epoch': 5.12}
{'loss': 0.3639, 'learning_rate': 5.192752002496619e-05, 'epoch': 5.13}
{'loss': 0.346, 'learning_rate': 5.188421928638303e-05, 'epoch': 5.13}
{'loss': 0.358, 'learning_rate': 5.184091854779985e-05, 'epoch': 5.13}
{'loss': 0.3455, 'learning_rate': 5.1797617809216694e-05, 'epoch': 5.14}
{'loss': 0.3454, 'learning_rate': 5.175431707063353e-05, 'epoch': 5.14}
{'loss': 0.3922, 'learning_rate': 5.1711016332050357e-05, 'epoch': 5.15}
{'loss': 0.36, 'learning_rate': 5.166771559346718e-05, 'epoch': 5.15}
{'loss': 0.3403, 'learning_rate': 5.162441485488402e-05, 'epoch': 5.15}
{'loss': 0.3558, 'learning_rate': 5.158111411630084e-05, 'epoch': 5.16}
{'loss': 0.3606, 'learning_rate': 5.153781337771768e-05, 'epoch': 5.16}
{'loss': 0.3418, 'learning_rate': 5.149451263913452e-05, 'epoch': 5.17}
{'loss': 0.3695, 'learning_rate': 5.145121190055133e-05, 'epoch': 5.17}
{'loss': 0.3881, 'learning_rate': 5.140791116196817e-05, 'epoch': 5.17}
{'loss': 0.3627, 'learning_rate': 5.136461042338501e-05, 'epoch': 5.18}
{'loss': 0.3773, 'learning_rate': 5.1321309684801835e-05, 'epoch': 5.18}
{'loss': 0.3613, 'learning_rate': 5.127800894621866e-05, 'epoch': 5.19}
{'loss': 0.3593, 'learning_rate': 5.12347082076355e-05, 'epoch': 5.19}
{'loss': 0.3567, 'learning_rate': 5.119140746905233e-05, 'epoch': 5.19}
{'loss': 0.3837, 'learning_rate': 5.114810673046916e-05, 'epoch': 5.2}
{'loss': 0.3836, 'learning_rate': 5.110480599188598e-05, 'epoch': 5.2}
{'loss': 0.3726, 'learning_rate': 5.1061505253302824e-05, 'epoch': 5.21}
{'loss': 0.3565, 'learning_rate': 5.1018204514719645e-05, 'epoch': 5.21}
{'loss': 0.3768, 'learning_rate': 5.0974903776136486e-05, 'epoch': 5.22}
{'loss': 0.3391, 'learning_rate': 5.093160303755332e-05, 'epoch': 5.22}
{'loss': 0.3587, 'learning_rate': 5.0889168313741817e-05, 'epoch': 5.22}
{'loss': 0.3619, 'learning_rate': 5.0845867575158645e-05, 'epoch': 5.23}
{'loss': 0.3187, 'learning_rate': 5.080256683657546e-05, 'epoch': 5.23}
{'loss': 0.3745, 'learning_rate': 5.075926609799231e-05, 'epoch': 5.24}
{'loss': 0.3897, 'learning_rate': 5.0715965359409135e-05, 'epoch': 5.24}
{'loss': 0.3588, 'learning_rate': 5.067266462082596e-05, 'epoch': 5.24}
{'loss': 0.3564, 'learning_rate': 5.06293638822428e-05, 'epoch': 5.25}
{'loss': 0.3536, 'learning_rate': 5.058606314365963e-05, 'epoch': 5.25}
{'loss': 0.3421, 'learning_rate': 5.054276240507645e-05, 'epoch': 5.26}
{'loss': 0.3679, 'learning_rate': 5.0499461666493295e-05, 'epoch': 5.26}
{'loss': 0.3952, 'learning_rate': 5.045616092791014e-05, 'epoch': 5.26}
{'loss': 0.3747, 'learning_rate': 5.041286018932695e-05, 'epoch': 5.27}
{'loss': 0.3707, 'learning_rate': 5.0369559450743786e-05, 'epoch': 5.27}
{'loss': 0.3444, 'learning_rate': 5.032625871216062e-05, 'epoch': 5.28}
{'loss': 0.3737, 'learning_rate': 5.028295797357745e-05, 'epoch': 5.28}
{'loss': 0.387, 'learning_rate': 5.0239657234994284e-05, 'epoch': 5.28}
{'loss': 0.3712, 'learning_rate': 5.0196356496411125e-05, 'epoch': 5.29}
{'loss': 0.3679, 'learning_rate': 5.015305575782794e-05, 'epoch': 5.29}
{'loss': 0.3943, 'learning_rate': 5.0109755019244774e-05, 'epoch': 5.3}
{'loss': 0.3629, 'learning_rate': 5.006645428066161e-05, 'epoch': 5.3}
{'loss': 0.359, 'learning_rate': 5.002315354207844e-05, 'epoch': 5.3}
{'loss': 0.3662, 'learning_rate': 4.997985280349527e-05, 'epoch': 5.31}
{'loss': 0.411, 'learning_rate': 4.99365520649121e-05, 'epoch': 5.31}
{'loss': 0.3743, 'learning_rate': 4.9893251326328935e-05, 'epoch': 5.32}
{'loss': 0.3766, 'learning_rate': 4.984995058774577e-05, 'epoch': 5.32}
{'loss': 0.3629, 'learning_rate': 4.980664984916259e-05, 'epoch': 5.33}
{'loss': 0.4073, 'learning_rate': 4.9763349110579425e-05, 'epoch': 5.33}
{'loss': 0.3568, 'learning_rate': 4.972004837199626e-05, 'epoch': 5.33}
{'loss': 0.3532, 'learning_rate': 4.967674763341309e-05, 'epoch': 5.34}
{'loss': 0.3489, 'learning_rate': 4.963344689482992e-05, 'epoch': 5.34}
{'loss': 0.362, 'learning_rate': 4.959014615624676e-05, 'epoch': 5.35}
{'loss': 0.3714, 'learning_rate': 4.954684541766358e-05, 'epoch': 5.35}
{'loss': 0.3566, 'learning_rate': 4.950354467908042e-05, 'epoch': 5.35}
{'loss': 0.3594, 'learning_rate': 4.946024394049724e-05, 'epoch': 5.36}
{'loss': 0.3799, 'learning_rate': 4.9416943201914076e-05, 'epoch': 5.36}
{'loss': 0.3757, 'learning_rate': 4.937364246333091e-05, 'epoch': 5.37}
{'loss': 0.3845, 'learning_rate': 4.933034172474774e-05, 'epoch': 5.37}
{'loss': 0.3782, 'learning_rate': 4.9287040986164574e-05, 'epoch': 5.37}
{'loss': 0.3359, 'learning_rate': 4.924374024758141e-05, 'epoch': 5.38}
{'loss': 0.3534, 'learning_rate': 4.920043950899823e-05, 'epoch': 5.38}
{'loss': 0.3474, 'learning_rate': 4.915800478518673e-05, 'epoch': 5.39}
{'loss': 0.3513, 'learning_rate': 4.9114704046603567e-05, 'epoch': 5.39}
{'loss': 0.3209, 'learning_rate': 4.907140330802039e-05, 'epoch': 5.39}
{'loss': 0.3742, 'learning_rate': 4.902810256943722e-05, 'epoch': 5.4}
{'loss': 0.3833, 'learning_rate': 4.8984801830854064e-05, 'epoch': 5.4}
{'loss': 0.3654, 'learning_rate': 4.8941501092270885e-05, 'epoch': 5.41}
{'loss': 0.3259, 'learning_rate': 4.889820035368772e-05, 'epoch': 5.41}
{'loss': 0.3936, 'learning_rate': 4.885489961510455e-05, 'epoch': 5.41}
{'loss': 0.3614, 'learning_rate': 4.881159887652138e-05, 'epoch': 5.42}
{'loss': 0.3634, 'learning_rate': 4.876829813793822e-05, 'epoch': 5.42}
{'loss': 0.348, 'learning_rate': 4.872499739935504e-05, 'epoch': 5.43}
{'loss': 0.3562, 'learning_rate': 4.8681696660771873e-05, 'epoch': 5.43}
{'loss': 0.3566, 'learning_rate': 4.863839592218871e-05, 'epoch': 5.44}
{'loss': 0.3639, 'learning_rate': 4.8595095183605536e-05, 'epoch': 5.44}
{'loss': 0.3537, 'learning_rate': 4.855179444502237e-05, 'epoch': 5.44}
{'loss': 0.3908, 'learning_rate': 4.8508493706439206e-05, 'epoch': 5.45}
{'loss': 0.3536, 'learning_rate': 4.846519296785603e-05, 'epoch': 5.45}
{'loss': 0.38, 'learning_rate': 4.842189222927287e-05, 'epoch': 5.46}
{'loss': 0.3469, 'learning_rate': 4.837859149068969e-05, 'epoch': 5.46}
{'loss': 0.3522, 'learning_rate': 4.8335290752106524e-05, 'epoch': 5.46}
{'loss': 0.3552, 'learning_rate': 4.829199001352336e-05, 'epoch': 5.47}
{'loss': 0.4077, 'learning_rate': 4.824868927494019e-05, 'epoch': 5.47}
{'loss': 0.356, 'learning_rate': 4.820538853635702e-05, 'epoch': 5.48}
{'loss': 0.3515, 'learning_rate': 4.816208779777386e-05, 'epoch': 5.48}
{'loss': 0.3519, 'learning_rate': 4.811878705919068e-05, 'epoch': 5.48}
{'loss': 0.3924, 'learning_rate': 4.807548632060751e-05, 'epoch': 5.49}
{'loss': 0.3871, 'learning_rate': 4.803218558202435e-05, 'epoch': 5.49}
{'loss': 0.3155, 'learning_rate': 4.7988884843441175e-05, 'epoch': 5.5}
{'loss': 0.3531, 'learning_rate': 4.794558410485801e-05, 'epoch': 5.5}
{'loss': 0.3251, 'learning_rate': 4.790228336627483e-05, 'epoch': 5.5}
{'loss': 0.344, 'learning_rate': 4.785898262769167e-05, 'epoch': 5.51}
{'loss': 0.3675, 'learning_rate': 4.781568188910851e-05, 'epoch': 5.51}
{'loss': 0.3677, 'learning_rate': 4.777238115052533e-05, 'epoch': 5.52}
{'loss': 0.3298, 'learning_rate': 4.7729080411942164e-05, 'epoch': 5.52}
{'loss': 0.3573, 'learning_rate': 4.7685779673359e-05, 'epoch': 5.52}
{'loss': 0.3678, 'learning_rate': 4.7642478934775826e-05, 'epoch': 5.53}
{'loss': 0.3483, 'learning_rate': 4.759917819619266e-05, 'epoch': 5.53}
{'loss': 0.3454, 'learning_rate': 4.7555877457609496e-05, 'epoch': 5.54}
{'loss': 0.3697, 'learning_rate': 4.751257671902632e-05, 'epoch': 5.54}
{'loss': 0.3966, 'learning_rate': 4.746927598044315e-05, 'epoch': 5.55}
{'loss': 0.3431, 'learning_rate': 4.742597524185999e-05, 'epoch': 5.55}
{'loss': 0.3354, 'learning_rate': 4.7382674503276814e-05, 'epoch': 5.55}
{'loss': 0.4021, 'learning_rate': 4.733937376469365e-05, 'epoch': 5.56}
{'loss': 0.3601, 'learning_rate': 4.729607302611048e-05, 'epoch': 5.56}
{'loss': 0.3912, 'learning_rate': 4.725277228752731e-05, 'epoch': 5.57}
{'loss': 0.3796, 'learning_rate': 4.720947154894415e-05, 'epoch': 5.57}
{'loss': 0.3821, 'learning_rate': 4.716617081036097e-05, 'epoch': 5.57}
{'loss': 0.3719, 'learning_rate': 4.71228700717778e-05, 'epoch': 5.58}
{'loss': 0.3773, 'learning_rate': 4.707956933319464e-05, 'epoch': 5.58}
{'loss': 0.3469, 'learning_rate': 4.7037134609383126e-05, 'epoch': 5.59}
{'loss': 0.3792, 'learning_rate': 4.699383387079996e-05, 'epoch': 5.59}
{'loss': 0.3748, 'learning_rate': 4.6950533132216796e-05, 'epoch': 5.59}
{'loss': 0.3497, 'learning_rate': 4.6907232393633624e-05, 'epoch': 5.6}
{'loss': 0.3871, 'learning_rate': 4.686393165505046e-05, 'epoch': 5.6}
{'loss': 0.3678, 'learning_rate': 4.682063091646728e-05, 'epoch': 5.61}
{'loss': 0.3614, 'learning_rate': 4.6777330177884114e-05, 'epoch': 5.61}
{'loss': 0.3792, 'learning_rate': 4.6734029439300956e-05, 'epoch': 5.61}
{'loss': 0.3347, 'learning_rate': 4.669072870071778e-05, 'epoch': 5.62}
{'loss': 0.3692, 'learning_rate': 4.664742796213461e-05, 'epoch': 5.62}
{'loss': 0.3635, 'learning_rate': 4.6604127223551446e-05, 'epoch': 5.63}
{'loss': 0.3529, 'learning_rate': 4.6560826484968274e-05, 'epoch': 5.63}
{'loss': 0.3894, 'learning_rate': 4.651752574638511e-05, 'epoch': 5.63}
{'loss': 0.3954, 'learning_rate': 4.6474225007801944e-05, 'epoch': 5.64}
{'loss': 0.3642, 'learning_rate': 4.6430924269218765e-05, 'epoch': 5.64}
{'loss': 0.3696, 'learning_rate': 4.63876235306356e-05, 'epoch': 5.65}
{'loss': 0.3305, 'learning_rate': 4.6344322792052435e-05, 'epoch': 5.65}
{'loss': 0.312, 'learning_rate': 4.630102205346926e-05, 'epoch': 5.66}
{'loss': 0.366, 'learning_rate': 4.62577213148861e-05, 'epoch': 5.66}
{'loss': 0.385, 'learning_rate': 4.621442057630292e-05, 'epoch': 5.66}
{'loss': 0.364, 'learning_rate': 4.617111983771976e-05, 'epoch': 5.67}
{'loss': 0.3561, 'learning_rate': 4.6127819099136595e-05, 'epoch': 5.67}
{'loss': 0.3918, 'learning_rate': 4.6084518360553416e-05, 'epoch': 5.68}
{'loss': 0.3661, 'learning_rate': 4.604121762197025e-05, 'epoch': 5.68}
{'loss': 0.3747, 'learning_rate': 4.5997916883387086e-05, 'epoch': 5.68}
{'loss': 0.345, 'learning_rate': 4.5954616144803914e-05, 'epoch': 5.69}
{'loss': 0.3385, 'learning_rate': 4.591131540622075e-05, 'epoch': 5.69}
{'loss': 0.3795, 'learning_rate': 4.586801466763758e-05, 'epoch': 5.7}
{'loss': 0.3853, 'learning_rate': 4.5824713929054404e-05, 'epoch': 5.7}
{'loss': 0.3572, 'learning_rate': 4.578141319047124e-05, 'epoch': 5.7}
{'loss': 0.3689, 'learning_rate': 4.573811245188807e-05, 'epoch': 5.71}
{'loss': 0.3821, 'learning_rate': 4.56948117133049e-05, 'epoch': 5.71}
{'loss': 0.3654, 'learning_rate': 4.5651510974721737e-05, 'epoch': 5.72}
{'loss': 0.3748, 'learning_rate': 4.5608210236138565e-05, 'epoch': 5.72}
{'loss': 0.3865, 'learning_rate': 4.55649094975554e-05, 'epoch': 5.72}
{'loss': 0.3833, 'learning_rate': 4.5521608758972234e-05, 'epoch': 5.73}
{'loss': 0.3569, 'learning_rate': 4.5478308020389055e-05, 'epoch': 5.73}
{'loss': 0.3979, 'learning_rate': 4.543500728180589e-05, 'epoch': 5.74}
{'loss': 0.357, 'learning_rate': 4.5391706543222725e-05, 'epoch': 5.74}
{'loss': 0.3597, 'learning_rate': 4.534840580463955e-05, 'epoch': 5.74}
{'loss': 0.3296, 'learning_rate': 4.530510506605639e-05, 'epoch': 5.75}
{'loss': 0.3663, 'learning_rate': 4.526180432747322e-05, 'epoch': 5.75}
{'loss': 0.375, 'learning_rate': 4.5218503588890043e-05, 'epoch': 5.76}
{'loss': 0.3512, 'learning_rate': 4.5175202850306885e-05, 'epoch': 5.76}
{'loss': 0.3397, 'learning_rate': 4.5131902111723706e-05, 'epoch': 5.77}
{'loss': 0.3551, 'learning_rate': 4.508860137314054e-05, 'epoch': 5.77}
{'loss': 0.3597, 'learning_rate': 4.5045300634557376e-05, 'epoch': 5.77}
{'loss': 0.3514, 'learning_rate': 4.5001999895974204e-05, 'epoch': 5.78}
{'loss': 0.3724, 'learning_rate': 4.495869915739104e-05, 'epoch': 5.78}
{'loss': 0.3381, 'learning_rate': 4.491539841880787e-05, 'epoch': 5.79}
{'loss': 0.3894, 'learning_rate': 4.4872097680224694e-05, 'epoch': 5.79}
{'loss': 0.3945, 'learning_rate': 4.4829662956413197e-05, 'epoch': 5.79}
{'loss': 0.4102, 'learning_rate': 4.478636221783003e-05, 'epoch': 5.8}
{'loss': 0.3673, 'learning_rate': 4.474306147924685e-05, 'epoch': 5.8}
{'loss': 0.3409, 'learning_rate': 4.469976074066369e-05, 'epoch': 5.81}
{'loss': 0.3592, 'learning_rate': 4.4656460002080515e-05, 'epoch': 5.81}
{'loss': 0.3839, 'learning_rate': 4.461315926349735e-05, 'epoch': 5.81}
{'loss': 0.3746, 'learning_rate': 4.4569858524914185e-05, 'epoch': 5.82}
{'loss': 0.3655, 'learning_rate': 4.4526557786331006e-05, 'epoch': 5.82}
{'loss': 0.3777, 'learning_rate': 4.448325704774785e-05, 'epoch': 5.83}
{'loss': 0.3752, 'learning_rate': 4.443995630916468e-05, 'epoch': 5.83}
{'loss': 0.3485, 'learning_rate': 4.4396655570581503e-05, 'epoch': 5.83}
{'loss': 0.3683, 'learning_rate': 4.435335483199834e-05, 'epoch': 5.84}
{'loss': 0.355, 'learning_rate': 4.431005409341517e-05, 'epoch': 5.84}
{'loss': 0.3685, 'learning_rate': 4.4266753354832e-05, 'epoch': 5.85}
{'loss': 0.3703, 'learning_rate': 4.4223452616248836e-05, 'epoch': 5.85}
{'loss': 0.3787, 'learning_rate': 4.418015187766567e-05, 'epoch': 5.85}
{'loss': 0.3578, 'learning_rate': 4.413685113908249e-05, 'epoch': 5.86}
{'loss': 0.3754, 'learning_rate': 4.4093550400499326e-05, 'epoch': 5.86}
{'loss': 0.3596, 'learning_rate': 4.4050249661916154e-05, 'epoch': 5.87}
{'loss': 0.3458, 'learning_rate': 4.400694892333299e-05, 'epoch': 5.87}
{'loss': 0.3612, 'learning_rate': 4.3963648184749824e-05, 'epoch': 5.88}
{'loss': 0.3792, 'learning_rate': 4.392034744616665e-05, 'epoch': 5.88}
{'loss': 0.3617, 'learning_rate': 4.3877046707583487e-05, 'epoch': 5.88}
{'loss': 0.3402, 'learning_rate': 4.383374596900032e-05, 'epoch': 5.89}
{'loss': 0.3665, 'learning_rate': 4.379044523041714e-05, 'epoch': 5.89}
{'loss': 0.3396, 'learning_rate': 4.374714449183398e-05, 'epoch': 5.9}
{'loss': 0.3719, 'learning_rate': 4.370384375325081e-05, 'epoch': 5.9}
{'loss': 0.3451, 'learning_rate': 4.366054301466764e-05, 'epoch': 5.9}
{'loss': 0.3309, 'learning_rate': 4.3617242276084475e-05, 'epoch': 5.91}
{'loss': 0.3724, 'learning_rate': 4.3573941537501296e-05, 'epoch': 5.91}
{'loss': 0.3634, 'learning_rate': 4.353064079891814e-05, 'epoch': 5.92}
{'loss': 0.3871, 'learning_rate': 4.348734006033497e-05, 'epoch': 5.92}
{'loss': 0.4048, 'learning_rate': 4.3444039321751793e-05, 'epoch': 5.92}
{'loss': 0.3675, 'learning_rate': 4.340073858316863e-05, 'epoch': 5.93}
{'loss': 0.3468, 'learning_rate': 4.335743784458546e-05, 'epoch': 5.93}
{'loss': 0.3648, 'learning_rate': 4.331413710600229e-05, 'epoch': 5.94}
{'loss': 0.3842, 'learning_rate': 4.3270836367419126e-05, 'epoch': 5.94}
{'loss': 0.3677, 'learning_rate': 4.322753562883596e-05, 'epoch': 5.94}
{'loss': 0.3791, 'learning_rate': 4.318423489025278e-05, 'epoch': 5.95}
{'loss': 0.3583, 'learning_rate': 4.3140934151669616e-05, 'epoch': 5.95}
{'loss': 0.3435, 'learning_rate': 4.3097633413086444e-05, 'epoch': 5.96}
{'loss': 0.359, 'learning_rate': 4.305433267450328e-05, 'epoch': 5.96}
{'loss': 0.351, 'learning_rate': 4.3011031935920114e-05, 'epoch': 5.96}
{'loss': 0.3556, 'learning_rate': 4.296773119733694e-05, 'epoch': 5.97}
{'loss': 0.3718, 'learning_rate': 4.292443045875378e-05, 'epoch': 5.97}
{'loss': 0.3698, 'learning_rate': 4.288112972017061e-05, 'epoch': 5.98}
{'loss': 0.3437, 'learning_rate': 4.283782898158743e-05, 'epoch': 5.98}
{'loss': 0.3621, 'learning_rate': 4.279452824300427e-05, 'epoch': 5.99}
{'loss': 0.3503, 'learning_rate': 4.27512275044211e-05, 'epoch': 5.99}
{'loss': 0.3498, 'learning_rate': 4.270792676583793e-05, 'epoch': 5.99}
{'loss': 0.3997, 'learning_rate': 4.2664626027254765e-05, 'epoch': 6.0}
[INFO|trainer.py:520] 2026-10-04 16:34:42,855 >> The following columns in the evaluation set  don't have a corresponding argument in `PETLEncModel.forward` and have been ignored: hypothesis, idx, premise.
[INFO|trainer.py:2179] 2026-10-04 16:34:42,856 >> ***** Running Evaluation *****
[INFO|trainer.py:2181] 2026-10-04 16:34:42,856 >>   Num examples = 9815
[INFO|trainer.py:2184] 2026-10-04 16:34:42,856 >>   Batch size = 32
{'eval_loss': 0.3547324538230896, 'eval_accuracy': 0.8673458991339786, 'eval_runtime': 8.7249, 'eval_samples_per_second': 1124.936, 'eval_steps_per_second': 35.186, 'epoch': 6.0}
[INFO|trainer.py:1933] 2026-10-04 16:34:51,582 >> Saving model checkpoint to checkpoints/glue/mnli/20261004/glue.mnli.adapter.am_adapter.ao_sequential.fm_adapter.fo_sequential.abn.fbn.ac_add.fl_none.finit_bert.fs_1.unfrz_ef_.ne10.warm0.06.wd0.1.seed6./checkpoint-73632
[INFO|configuration_utils.py:364] 2026-10-04 16:34:51,584 >> Configuration saved in checkpoints/glue/mnli/20261004/glue.mnli.adapter.am_adapter.ao_sequential.fm_adapter.fo_sequential.abn.fbn.ac_add.fl_none.finit_bert.fs_1.unfrz_ef_.ne10.warm0.06.wd0.1.seed6./checkpoint-73632/config.json
[INFO|modeling_utils.py:898] 2026-10-04 16:34:51,840 >> Model weights saved in checkpoints/glue/mnli/20261004/glue.mnli.adapter.am_adapter.ao_sequential.fm_adapter.fo_sequential.abn.fbn.ac_add.fl_none.finit_bert.fs_1.unfrz_ef_.ne10.warm0.06.wd0.1.seed6./checkpoint-73632/pytorch_model.bin
[INFO|tokenization_utils_base.py:1948] 2026-10-04 16:34:51,841 >> tokenizer config file saved in checkpoints/glue/mnli/20261004/glue.mnli.adapter.am_adapter.ao_sequential.fm_adapter.fo_sequential.abn.fbn.ac_add.fl_none.finit_bert.fs_1.unfrz_ef_.ne10.warm0.06.wd0.1.seed6./checkpoint-73632/tokenizer_config.json
[INFO|tokenization_utils_base.py:1954] 2026-10-04 16:34:51,842 >> Special tokens file saved in checkpoints/glue/mnli/20261004/glue.mnli.adapter.am_adapter.ao_sequential.fm_adapter.fo_sequential.abn.fbn.ac_add.fl_none.finit_bert.fs_1.unfrz_ef_.ne10.warm0.06.wd0.1.seed6./checkpoint-73632/special_tokens_map.json
[INFO|trainer.py:2009] 2026-10-04 16:34:51,913 >> Deleting older checkpoint [checkpoints/glue/mnli/20261004/glue.mnli.adapter.am_adapter.ao_sequential.fm_adapter.fo_sequential.abn.fbn.ac_add.fl_none.finit_bert.fs_1.unfrz_ef_.ne10.warm0.06.wd0.1.seed6./checkpoint-49088] due to args.save_total_limit
/work/unify-parameter-efficient-tuning/src/transformers/trainer.py:1784: FutureWarning: `torch.cuda.amp.autocast(args...)` is deprecated. Please use `torch.amp.autocast('cuda', args...)` instead.
  with autocast():
{'loss': 0.3687, 'learning_rate': 4.26213252886716e-05, 'epoch': 6.0}
{'loss': 0.3389, 'learning_rate': 4.257802455008842e-05, 'epoch': 6.01}
{'loss': 0.3821, 'learning_rate': 4.253472381150526e-05, 'epoch': 6.01}
{'loss': 0.3599, 'learning_rate': 4.2491423072922084e-05, 'epoch': 6.01}
{'loss': 0.3772, 'learning_rate': 4.244812233433892e-05, 'epoch': 6.02}
{'loss': 0.3974, 'learning_rate': 4.240482159575575e-05, 'epoch': 6.02}
{'loss': 0.3695, 'learning_rate': 4.236152085717258e-05, 'epoch': 6.03}
{'loss': 0.3496, 'learning_rate': 4.2318220118589416e-05, 'epoch': 6.03}
{'loss': 0.3543, 'learning_rate': 4.227491938000625e-05, 'epoch': 6.03}
{'loss': 0.3393, 'learning_rate': 4.223161864142307e-05, 'epoch': 6.04}
{'loss': 0.3865, 'learning_rate': 4.2188317902839907e-05, 'epoch': 6.04}
{'loss': 0.3305, 'learning_rate': 4.214501716425674e-05, 'epoch': 6.05}
{'loss': 0.3581, 'learning_rate': 4.210171642567357e-05, 'epoch': 6.05}
{'loss': 0.3442, 'learning_rate': 4.2058415687090404e-05, 'epoch': 6.05}
{'loss': 0.3488, 'learning_rate': 4.2015114948507225e-05, 'epoch': 6.06}
{'loss': 0.3486, 'learning_rate': 4.197181420992407e-05, 'epoch': 6.06}
{'loss': 0.368, 'learning_rate': 4.19285134713409e-05, 'epoch': 6.07}
{'loss': 0.3903, 'learning_rate': 4.188521273275772e-05, 'epoch': 6.07}
{'loss': 0.3492, 'learning_rate': 4.184191199417456e-05, 'epoch': 6.07}
{'loss': 0.383, 'learning_rate': 4.179861125559139e-05, 'epoch': 6.08}
{'loss': 0.362, 'learning_rate': 4.175531051700822e-05, 'epoch': 6.08}
{'loss': 0.3573, 'learning_rate': 4.1712009778425055e-05, 'epoch': 6.09}
{'loss': 0.3815, 'learning_rate': 4.166870903984189e-05, 'epoch': 6.09}
{'loss': 0.3277, 'learning_rate': 4.162540830125871e-05, 'epoch': 6.1}
{'loss': 0.3794, 'learning_rate': 4.1582107562675546e-05, 'epoch': 6.1}
{'loss': 0.3455, 'learning_rate': 4.1538806824092374e-05, 'epoch': 6.1}
{'loss': 0.3446, 'learning_rate': 4.149550608550921e-05, 'epoch': 6.11}
{'loss': 0.37, 'learning_rate': 4.145220534692604e-05, 'epoch': 6.11}
{'loss': 0.352, 'learning_rate': 4.140890460834287e-05, 'epoch': 6.12}
{'loss': 0.3725, 'learning_rate': 4.1365603869759706e-05, 'epoch': 6.12}
{'loss': 0.3418, 'learning_rate': 4.132230313117654e-05, 'epoch': 6.12}
{'loss': 0.3535, 'learning_rate': 4.127900239259336e-05, 'epoch': 6.13}
{'loss': 0.3681, 'learning_rate': 4.12357016540102e-05, 'epoch': 6.13}
{'loss': 0.3702, 'learning_rate': 4.119240091542703e-05, 'epoch': 6.14}
{'loss': 0.3778, 'learning_rate': 4.114910017684386e-05, 'epoch': 6.14}
{'loss': 0.3142, 'learning_rate': 4.1105799438260694e-05, 'epoch': 6.14}
{'loss': 0.3625, 'learning_rate': 4.106249869967753e-05, 'epoch': 6.15}
{'loss': 0.3819, 'learning_rate': 4.101919796109435e-05, 'epoch': 6.15}
{'loss': 0.3417, 'learning_rate': 4.097589722251119e-05, 'epoch': 6.16}
{'loss': 0.3477, 'learning_rate': 4.093259648392801e-05, 'epoch': 6.16}
{'loss': 0.368, 'learning_rate': 4.088929574534485e-05, 'epoch': 6.16}
{'loss': 0.3424, 'learning_rate': 4.084599500676168e-05, 'epoch': 6.17}
{'loss': 0.3433, 'learning_rate': 4.080356028295017e-05, 'epoch': 6.17}
{'loss': 0.384, 'learning_rate': 4.0760259544367006e-05, 'epoch': 6.18}
{'loss': 0.3646, 'learning_rate': 4.071695880578384e-05, 'epoch': 6.18}
{'loss': 0.3491, 'learning_rate': 4.067365806720067e-05, 'epoch': 6.18}
{'loss': 0.3541, 'learning_rate': 4.06303573286175e-05, 'epoch': 6.19}
{'loss': 0.3589, 'learning_rate': 4.058705659003434e-05, 'epoch': 6.19}
{'loss': 0.3648, 'learning_rate': 4.054375585145116e-05, 'epoch': 6.2}
{'loss': 0.3548, 'learning_rate': 4.0500455112867994e-05, 'epoch': 6.2}
{'loss': 0.3502, 'learning_rate': 4.045715437428482e-05, 'epoch': 6.21}
{'loss': 0.3499, 'learning_rate': 4.0413853635701657e-05, 'epoch': 6.21}
{'loss': 0.349, 'learning_rate': 4.037055289711849e-05, 'epoch': 6.21}
{'loss': 0.372, 'learning_rate': 4.032725215853531e-05, 'epoch': 6.22}
{'loss': 0.3505, 'learning_rate': 4.0283951419952154e-05, 'epoch': 6.22}
{'loss': 0.3458, 'learning_rate': 4.024065068136899e-05, 'epoch': 6.23}
{'loss': 0.3306, 'learning_rate': 4.019734994278581e-05, 'epoch': 6.23}
{'loss': 0.325, 'learning_rate': 4.0154049204202645e-05, 'epoch': 6.23}
{'loss': 0.3726, 'learning_rate': 4.011074846561948e-05, 'epoch': 6.24}
{'loss': 0.3315, 'learning_rate': 4.006744772703631e-05, 'epoch': 6.24}
{'loss': 0.3556, 'learning_rate': 4.002414698845314e-05, 'epoch': 6.25}
{'loss': 0.3534, 'learning_rate': 3.998084624986998e-05, 'epoch': 6.25}
{'loss': 0.3534, 'learning_rate': 3.99375455112868e-05, 'epoch': 6.25}
{'loss': 0.3386, 'learning_rate': 3.989424477270363e-05, 'epoch': 6.26}
{'loss': 0.3729, 'learning_rate': 3.985094403412046e-05, 'epoch': 6.26}
{'loss': 0.3685, 'learning_rate': 3.9807643295537296e-05, 'epoch': 6.27}
{'loss': 0.3815, 'learning_rate': 3.976434255695413e-05, 'epoch': 6.27}
{'loss': 0.3337, 'learning_rate': 3.972104181837096e-05, 'epoch': 6.27}
{'loss': 0.3468, 'learning_rate': 3.967774107978779e-05, 'epoch': 6.28}
{'loss': 0.3472, 'learning_rate': 3.963444034120463e-05, 'epoch': 6.28}
{'loss': 0.3214, 'learning_rate': 3.959113960262145e-05, 'epoch': 6.29}
{'loss': 0.3831, 'learning_rate': 3.9547838864038284e-05, 'epoch': 6.29}
{'loss': 0.3661, 'learning_rate': 3.950453812545512e-05, 'epoch': 6.29}
{'loss': 0.3707, 'learning_rate': 3.946210340164361e-05, 'epoch': 6.3}
{'loss': 0.3558, 'learning_rate': 3.941880266306044e-05, 'epoch': 6.3}
{'loss': 0.3519, 'learning_rate': 3.937550192447727e-05, 'epoch': 6.31}
{'loss': 0.3554, 'learning_rate': 3.9332201185894105e-05, 'epoch': 6.31}
{'loss': 0.3608, 'learning_rate': 3.928890044731094e-05, 'epoch': 6.32}
{'loss': 0.3588, 'learning_rate': 3.924559970872776e-05, 'epoch': 6.32}
{'loss': 0.3911, 'learning_rate': 3.9202298970144595e-05, 'epoch': 6.32}
{'loss': 0.3784, 'learning_rate': 3.915899823156144e-05, 'epoch': 6.33}
{'loss': 0.3769, 'learning_rate': 3.911569749297826e-05, 'epoch': 6.33}
{'loss': 0.376, 'learning_rate': 3.9073262769166754e-05, 'epoch': 6.34}
{'loss': 0.3383, 'learning_rate': 3.9029962030583595e-05, 'epoch': 6.34}
{'loss': 0.3405, 'learning_rate': 3.8986661292000416e-05, 'epoch': 6.34}
{'loss': 0.3443, 'learning_rate': 3.894336055341725e-05, 'epoch': 6.35}
{'loss': 0.3404, 'learning_rate': 3.8900059814834086e-05, 'epoch': 6.35}
{'loss': 0.3618, 'learning_rate': 3.8856759076250914e-05, 'epoch': 6.36}
{'loss': 0.3693, 'learning_rate': 3.881345833766775e-05, 'epoch': 6.36}
{'loss': 0.3524, 'learning_rate': 3.877015759908457e-05, 'epoch': 6.36}
{'loss': 0.3473, 'learning_rate': 3.8726856860501404e-05, 'epoch': 6.37}
{'loss': 0.3613, 'learning_rate': 3.868355612191824e-05, 'epoch': 6.37}
{'loss': 0.3589, 'learning_rate': 3.864025538333507e-05, 'epoch': 6.38}
{'loss': 0.3727, 'learning_rate': 3.85969546447519e-05, 'epoch': 6.38}
{'loss': 0.3528, 'learning_rate': 3.855365390616874e-05, 'epoch': 6.38}
{'loss': 0.3426, 'learning_rate': 3.851035316758556e-05, 'epoch': 6.39}
{'loss': 0.3447, 'learning_rate': 3.84670524290024e-05, 'epoch': 6.39}
{'loss': 0.3365, 'learning_rate': 3.8423751690419234e-05, 'epoch': 6.4}
{'loss': 0.3488, 'learning_rate': 3.8380450951836055e-05, 'epoch': 6.4}
{'loss': 0.3478, 'learning_rate': 3.833715021325289e-05, 'epoch': 6.4}
{'loss': 0.3542, 'learning_rate': 3.829384947466972e-05, 'epoch': 6.41}
{'loss': 0.3438, 'learning_rate': 3.825054873608655e-05, 'epoch': 6.41}
{'loss': 0.3365, 'learning_rate': 3.820724799750339e-05, 'epoch': 6.42}
{'loss': 0.3914, 'learning_rate': 3.816394725892021e-05, 'epoch': 6.42}
{'loss': 0.3235, 'learning_rate': 3.8120646520337044e-05, 'epoch': 6.43}
{'loss': 0.3723, 'learning_rate': 3.8077345781753885e-05, 'epoch': 6.43}
{'loss': 0.325, 'learning_rate': 3.8034045043170706e-05, 'epoch': 6.43}
{'loss': 0.3683, 'learning_rate': 3.799074430458754e-05, 'epoch': 6.44}
{'loss': 0.3695, 'learning_rate': 3.7947443566004376e-05, 'epoch': 6.44}
{'loss': 0.3561, 'learning_rate': 3.7904142827421204e-05, 'epoch': 6.45}
{'loss': 0.3463, 'learning_rate': 3.786084208883804e-05, 'epoch': 6.45}
{'loss': 0.3217, 'learning_rate': 3.781754135025487e-05, 'epoch': 6.45}
{'loss': 0.3794, 'learning_rate': 3.7774240611671695e-05, 'epoch': 6.46}
{'loss': 0.3934, 'learning_rate': 3.773093987308853e-05, 'epoch': 6.46}
{'loss': 0.3297, 'learning_rate': 3.768763913450536e-05, 'epoch': 6.47}
{'loss': 0.3741, 'learning_rate': 3.764433839592219e-05, 'epoch': 6.47}
{'loss': 0.3486, 'learning_rate': 3.760103765733903e-05, 'epoch': 6.47}
{'loss': 0.3448, 'learning_rate': 3.755773691875585e-05, 'epoch': 6.48}
{'loss': 0.345, 'learning_rate': 3.751443618017269e-05, 'epoch': 6.48}
{'loss': 0.3503, 'learning_rate': 3.7471135441589524e-05, 'epoch': 6.49}
{'loss': 0.3501, 'learning_rate': 3.7427834703006346e-05, 'epoch': 6.49}
{'loss': 0.3508, 'learning_rate': 3.738453396442318e-05, 'epoch': 6.49}
{'loss': 0.386, 'learning_rate': 3.7341233225840015e-05, 'epoch': 6.5}
{'loss': 0.3561, 'learning_rate': 3.729793248725684e-05, 'epoch': 6.5}
{'loss': 0.3413, 'learning_rate': 3.725463174867368e-05, 'epoch': 6.51}
{'loss': 0.3449, 'learning_rate': 3.72113310100905e-05, 'epoch': 6.51}
{'loss': 0.3647, 'learning_rate': 3.7168030271507334e-05, 'epoch': 6.51}
{'loss': 0.3648, 'learning_rate': 3.712472953292417e-05, 'epoch': 6.52}
{'loss': 0.3789, 'learning_rate': 3.7081428794340996e-05, 'epoch': 6.52}
{'loss': 0.3497, 'learning_rate': 3.703812805575783e-05, 'epoch': 6.53}
{'loss': 0.3539, 'learning_rate': 3.6994827317174666e-05, 'epoch': 6.53}
{'loss': 0.4125, 'learning_rate': 3.6951526578591494e-05, 'epoch': 6.54}
{'loss': 0.3665, 'learning_rate': 3.690822584000833e-05, 'epoch': 6.54}
{'loss': 0.3524, 'learning_rate': 3.6864925101425163e-05, 'epoch': 6.54}
{'loss': 0.3586, 'learning_rate': 3.6821624362841985e-05, 'epoch': 6.55}
{'loss': 0.3895, 'learning_rate': 3.677832362425882e-05, 'epoch': 6.55}
{'loss': 0.377, 'learning_rate': 3.673502288567565e-05, 'epoch': 6.56}
{'loss': 0.364, 'learning_rate': 3.669172214709248e-05, 'epoch': 6.56}
{'loss': 0.3791, 'learning_rate': 3.664842140850932e-05, 'epoch': 6.56}
{'loss': 0.3504, 'learning_rate': 3.660512066992614e-05, 'epoch': 6.57}
{'loss': 0.3393, 'learning_rate': 3.656181993134297e-05, 'epoch': 6.57}
{'loss': 0.3935, 'learning_rate': 3.6518519192759814e-05, 'epoch': 6.58}
{'loss': 0.3546, 'learning_rate': 3.6475218454176636e-05, 'epoch': 6.58}
{'loss': 0.3811, 'learning_rate': 3.643191771559347e-05, 'epoch': 6.58}
{'loss': 0.3753, 'learning_rate': 3.6388616977010305e-05, 'epoch': 6.59}
{'loss': 0.3929, 'learning_rate': 3.634531623842713e-05, 'epoch': 6.59}
{'loss': 0.3451, 'learning_rate': 3.630201549984397e-05, 'epoch': 6.6}
{'loss': 0.3585, 'learning_rate': 3.62587147612608e-05, 'epoch': 6.6}
{'loss': 0.3664, 'learning_rate': 3.6215414022677624e-05, 'epoch': 6.6}
{'loss': 0.3949, 'learning_rate': 3.617211328409446e-05, 'epoch': 6.61}
{'loss': 0.3437, 'learning_rate': 3.6128812545511287e-05, 'epoch': 6.61}
{'loss': 0.3324, 'learning_rate': 3.608551180692812e-05, 'epoch': 6.62}
{'loss': 0.3586, 'learning_rate': 3.6042211068344956e-05, 'epoch': 6.62}
{'loss': 0.3601, 'learning_rate': 3.599891032976178e-05, 'epoch': 6.62}
{'loss': 0.3593, 'learning_rate': 3.595560959117862e-05, 'epoch': 6.63}
{'loss': 0.3486, 'learning_rate': 3.5912308852595454e-05, 'epoch': 6.63}
{'loss': 0.3208, 'learning_rate': 3.5869008114012275e-05, 'epoch': 6.64}
{'loss': 0.3131, 'learning_rate': 3.582570737542911e-05, 'epoch': 6.64}
{'loss': 0.3442, 'learning_rate': 3.5782406636845944e-05, 'epoch': 6.65}
{'loss': 0.3989, 'learning_rate': 3.573910589826277e-05, 'epoch': 6.65}
{'loss': 0.3503, 'learning_rate': 3.569580515967961e-05, 'epoch': 6.65}
{'loss': 0.3107, 'learning_rate': 3.565250442109643e-05, 'epoch': 6.66}
{'loss': 0.3374, 'learning_rate': 3.560920368251326e-05, 'epoch': 6.66}
{'loss': 0.3589, 'learning_rate': 3.55659029439301e-05, 'epoch': 6.67}
{'loss': 0.348, 'learning_rate': 3.5522602205346926e-05, 'epoch': 6.67}
{'loss': 0.3179, 'learning_rate': 3.547930146676376e-05, 'epoch': 6.67}
{'loss': 0.3246, 'learning_rate': 3.5436000728180595e-05, 'epoch': 6.68}
{'loss': 0.3663, 'learning_rate': 3.539269998959742e-05, 'epoch': 6.68}
{'loss': 0.3765, 'learning_rate': 3.534939925101426e-05, 'epoch': 6.69}
{'loss': 0.3436, 'learning_rate': 3.530609851243109e-05, 'epoch': 6.69}
{'loss': 0.3555, 'learning_rate': 3.5262797773847914e-05, 'epoch': 6.69}
{'loss': 0.3518, 'learning_rate': 3.521949703526475e-05, 'epoch': 6.7}
{'loss': 0.3567, 'learning_rate': 3.517619629668158e-05, 'epoch': 6.7}
{'loss': 0.366, 'learning_rate': 3.513289555809841e-05, 'epoch': 6.71}
{'loss': 0.3304, 'learning_rate': 3.509046083428691e-05, 'epoch': 6.71}
{'loss': 0.3461, 'learning_rate': 3.5047160095703735e-05, 'epoch': 6.71}
{'loss': 0.3683, 'learning_rate': 3.500385935712057e-05, 'epoch': 6.72}
{'loss': 0.3796, 'learning_rate': 3.4960558618537404e-05, 'epoch': 6.72}
{'loss': 0.3497, 'learning_rate': 3.4917257879954225e-05, 'epoch': 6.73}
{'loss': 0.3452, 'learning_rate': 3.487395714137106e-05, 'epoch': 6.73}
{'loss': 0.3395, 'learning_rate': 3.48306564027879e-05, 'epoch': 6.73}
{'loss': 0.3717, 'learning_rate': 3.478735566420472e-05, 'epoch': 6.74}
{'loss': 0.3575, 'learning_rate': 3.474405492562156e-05, 'epoch': 6.74}
{'loss': 0.3859, 'learning_rate': 3.470075418703839e-05, 'epoch': 6.75}
{'loss': 0.3554, 'learning_rate': 3.465745344845522e-05, 'epoch': 6.75}
{'loss': 0.3648, 'learning_rate': 3.4614152709872055e-05, 'epoch': 6.76}
{'loss': 0.3645, 'learning_rate': 3.4570851971288876e-05, 'epoch': 6.76}
{'loss': 0.3424, 'learning_rate': 3.452755123270571e-05, 'epoch': 6.76}
{'loss': 0.3475, 'learning_rate': 3.4484250494122546e-05, 'epoch': 6.77}
{'loss': 0.3535, 'learning_rate': 3.4440949755539374e-05, 'epoch': 6.77}
{'loss': 0.3388, 'learning_rate': 3.439764901695621e-05, 'epoch': 6.78}
{'loss': 0.3753, 'learning_rate': 3.435434827837304e-05, 'epoch': 6.78}
{'loss': 0.3728, 'learning_rate': 3.4311047539789865e-05, 'epoch': 6.78}
{'loss': 0.3469, 'learning_rate': 3.4267746801206706e-05, 'epoch': 6.79}
{'loss': 0.3769, 'learning_rate': 3.422444606262354e-05, 'epoch': 6.79}
{'loss': 0.3815, 'learning_rate': 3.418114532404036e-05, 'epoch': 6.8}
{'loss': 0.3534, 'learning_rate': 3.41378445854572e-05, 'epoch': 6.8}
{'loss': 0.3761, 'learning_rate': 3.4094543846874025e-05, 'epoch': 6.8}
{'loss': 0.343, 'learning_rate': 3.405124310829086e-05, 'epoch': 6.81}
{'loss': 0.3603, 'learning_rate': 3.4007942369707694e-05, 'epoch': 6.81}
{'loss': 0.3472, 'learning_rate': 3.3964641631124516e-05, 'epoch': 6.82}
{'loss': 0.3501, 'learning_rate': 3.392134089254135e-05, 'epoch': 6.82}
{'loss': 0.3389, 'learning_rate': 3.3878040153958185e-05, 'epoch': 6.82}
{'loss': 0.3629, 'learning_rate': 3.383473941537501e-05, 'epoch': 6.83}
{'loss': 0.3251, 'learning_rate': 3.379143867679185e-05, 'epoch': 6.83}
{'loss': 0.3449, 'learning_rate': 3.374813793820868e-05, 'epoch': 6.84}
{'loss': 0.3926, 'learning_rate': 3.370483719962551e-05, 'epoch': 6.84}
{'loss': 0.3341, 'learning_rate': 3.3661536461042345e-05, 'epoch': 6.84}
{'loss': 0.342, 'learning_rate': 3.361823572245918e-05, 'epoch': 6.85}
{'loss': 0.3892, 'learning_rate': 3.3574934983876e-05, 'epoch': 6.85}
{'loss': 0.3577, 'learning_rate': 3.3531634245292836e-05, 'epoch': 6.86}
{'loss': 0.3483, 'learning_rate': 3.3488333506709664e-05, 'epoch': 6.86}
{'loss': 0.3584, 'learning_rate': 3.34450327681265e-05, 'epoch': 6.87}
{'loss': 0.3558, 'learning_rate': 3.3401732029543333e-05, 'epoch': 6.87}
{'loss': 0.384, 'learning_rate': 3.3358431290960155e-05, 'epoch': 6.87}
{'loss': 0.3482, 'learning_rate': 3.331513055237699e-05, 'epoch': 6.88}
{'loss': 0.3307, 'learning_rate': 3.327182981379383e-05, 'epoch': 6.88}
{'loss': 0.3317, 'learning_rate': 3.322852907521065e-05, 'epoch': 6.89}
{'loss': 0.3511, 'learning_rate': 3.318522833662749e-05, 'epoch': 6.89}
{'loss': 0.3466, 'learning_rate': 3.314192759804432e-05, 'epoch': 6.89}
{'loss': 0.3631, 'learning_rate': 3.309862685946115e-05, 'epoch': 6.9}
{'loss': 0.3643, 'learning_rate': 3.3055326120877984e-05, 'epoch': 6.9}
{'loss': 0.3262, 'learning_rate': 3.3012025382294806e-05, 'epoch': 6.91}
{'loss': 0.3593, 'learning_rate': 3.296872464371164e-05, 'epoch': 6.91}
{'loss': 0.3727, 'learning_rate': 3.2925423905128475e-05, 'epoch': 6.91}
{'loss': 0.3886, 'learning_rate': 3.28821231665453e-05, 'epoch': 6.92}
{'loss': 0.3609, 'learning_rate': 3.283882242796214e-05, 'epoch': 6.92}
{'loss': 0.3589, 'learning_rate': 3.279552168937897e-05, 'epoch': 6.93}
{'loss': 0.3312, 'learning_rate': 3.2752220950795794e-05, 'epoch': 6.93}
{'loss': 0.3504, 'learning_rate': 3.2708920212212635e-05, 'epoch': 6.93}
{'loss': 0.3489, 'learning_rate': 3.266561947362947e-05, 'epoch': 6.94}
{'loss': 0.3692, 'learning_rate': 3.262231873504629e-05, 'epoch': 6.94}
{'loss': 0.3237, 'learning_rate': 3.2579017996463126e-05, 'epoch': 6.95}
{'loss': 0.3369, 'learning_rate': 3.253571725787996e-05, 'epoch': 6.95}
{'loss': 0.3709, 'learning_rate': 3.249241651929679e-05, 'epoch': 6.95}
{'loss': 0.3559, 'learning_rate': 3.2449115780713624e-05, 'epoch': 6.96}
{'loss': 0.3301, 'learning_rate': 3.2405815042130445e-05, 'epoch': 6.96}
{'loss': 0.3309, 'learning_rate': 3.236251430354728e-05, 'epoch': 6.97}
{'loss': 0.3574, 'learning_rate': 3.231921356496412e-05, 'epoch': 6.97}
{'loss': 0.3854, 'learning_rate': 3.227591282638094e-05, 'epoch': 6.98}
{'loss': 0.3919, 'learning_rate': 3.223261208779778e-05, 'epoch': 6.98}
{'loss': 0.3346, 'learning_rate': 3.218931134921461e-05, 'epoch': 6.98}
{'loss': 0.3574, 'learning_rate': 3.214601061063144e-05, 'epoch': 6.99}
{'loss': 0.3215, 'learning_rate': 3.2102709872048274e-05, 'epoch': 6.99}
{'loss': 0.3376, 'learning_rate': 3.205940913346511e-05, 'epoch': 7.0}
{'loss': 0.3905, 'learning_rate': 3.201610839488193e-05, 'epoch': 7.0}
[INFO|trainer.py:520] 2026-10-04 16:39:57,510 >> The following columns in the evaluation set  don't have a corresponding argument in `PETLEncModel.forward` and have been ignored: hypothesis, idx, premise.
[INFO|trainer.py:2179] 2026-10-04 16:39:57,512 >> ***** Running Evaluation *****
[INFO|trainer.py:2181] 2026-10-04 16:39:57,512 >>   Num examples = 9815
[INFO|trainer.py:2184] 2026-10-04 16:39:57,512 >>   Batch size = 32
{'eval_loss': 0.3516749441623688, 'eval_accuracy': 0.8719307182883341, 'eval_runtime': 8.6511, 'eval_samples_per_second': 1134.541, 'eval_steps_per_second': 35.487, 'epoch': 7.0}
[INFO|trainer.py:1933] 2026-10-04 16:40:06,164 >> Saving model checkpoint to checkpoints/glue/mnli/20261004/glue.mnli.adapter.am_adapter.ao_sequential.fm_adapter.fo_sequential.abn.fbn.ac_add.fl_none.finit_bert.fs_1.unfrz_ef_.ne10.warm0.06.wd0.1.seed6./checkpoint-85904
[INFO|configuration_utils.py:364] 2026-10-04 16:40:06,165 >> Configuration saved in checkpoints/glue/mnli/20261004/glue.mnli.adapter.am_adapter.ao_sequential.fm_adapter.fo_sequential.abn.fbn.ac_add.fl_none.finit_bert.fs_1.unfrz_ef_.ne10.warm0.06.wd0.1.seed6./checkpoint-85904/config.json
[INFO|modeling_utils.py:898] 2026-10-04 16:40:06,435 >> Model weights saved in checkpoints/glue/mnli/20261004/glue.mnli.adapter.am_adapter.ao_sequential.fm_adapter.fo_sequential.abn.fbn.ac_add.fl_none.finit_bert.fs_1.unfrz_ef_.ne10.warm0.06.wd0.1.seed6./checkpoint-85904/pytorch_model.bin
[INFO|tokenization_utils_base.py:1948] 2026-10-04 16:40:06,436 >> tokenizer config file saved in checkpoints/glue/mnli/20261004/glue.mnli.adapter.am_adapter.ao_sequential.fm_adapter.fo_sequential.abn.fbn.ac_add.fl_none.finit_bert.fs_1.unfrz_ef_.ne10.warm0.06.wd0.1.seed6./checkpoint-85904/tokenizer_config.json
[INFO|tokenization_utils_base.py:1954] 2026-10-04 16:40:06,436 >> Special tokens file saved in checkpoints/glue/mnli/20261004/glue.mnli.adapter.am_adapter.ao_sequential.fm_adapter.fo_sequential.abn.fbn.ac_add.fl_none.finit_bert.fs_1.unfrz_ef_.ne10.warm0.06.wd0.1.seed6./checkpoint-85904/special_tokens_map.json
[INFO|trainer.py:2009] 2026-10-04 16:40:06,508 >> Deleting older checkpoint [checkpoints/glue/mnli/20261004/glue.mnli.adapter.am_adapter.ao_sequential.fm_adapter.fo_sequential.abn.fbn.ac_add.fl_none.finit_bert.fs_1.unfrz_ef_.ne10.warm0.06.wd0.1.seed6./checkpoint-61360] due to args.save_total_limit
/work/unify-parameter-efficient-tuning/src/transformers/trainer.py:1784: FutureWarning: `torch.cuda.amp.autocast(args...)` is deprecated. Please use `torch.amp.autocast('cuda', args...)` instead.
  with autocast():
{'loss': 0.3603, 'learning_rate': 3.1972807656298765e-05, 'epoch': 7.0}
{'loss': 0.356, 'learning_rate': 3.192950691771559e-05, 'epoch': 7.01}
{'loss': 0.3273, 'learning_rate': 3.188620617913243e-05, 'epoch': 7.01}
{'loss': 0.35, 'learning_rate': 3.184290544054926e-05, 'epoch': 7.02}
{'loss': 0.3213, 'learning_rate': 3.1799604701966084e-05, 'epoch': 7.02}
{'loss': 0.3597, 'learning_rate': 3.1756303963382925e-05, 'epoch': 7.02}
{'loss': 0.3187, 'learning_rate': 3.171300322479976e-05, 'epoch': 7.03}
{'loss': 0.3596, 'learning_rate': 3.166970248621658e-05, 'epoch': 7.03}
{'loss': 0.3723, 'learning_rate': 3.1626401747633416e-05, 'epoch': 7.04}
{'loss': 0.3563, 'learning_rate': 3.158310100905025e-05, 'epoch': 7.04}
{'loss': 0.3169, 'learning_rate': 3.153980027046708e-05, 'epoch': 7.04}
{'loss': 0.3376, 'learning_rate': 3.1496499531883914e-05, 'epoch': 7.05}
{'loss': 0.3469, 'learning_rate': 3.1453198793300735e-05, 'epoch': 7.05}
{'loss': 0.3792, 'learning_rate': 3.140989805471757e-05, 'epoch': 7.06}
{'loss': 0.371, 'learning_rate': 3.1366597316134404e-05, 'epoch': 7.06}
{'loss': 0.3293, 'learning_rate': 3.132329657755123e-05, 'epoch': 7.06}
{'loss': 0.3384, 'learning_rate': 3.127999583896807e-05, 'epoch': 7.07}
{'loss': 0.347, 'learning_rate': 3.12366951003849e-05, 'epoch': 7.07}
{'loss': 0.3693, 'learning_rate': 3.119339436180173e-05, 'epoch': 7.08}
{'loss': 0.3614, 'learning_rate': 3.1150093623218565e-05, 'epoch': 7.08}
{'loss': 0.3488, 'learning_rate': 3.11067928846354e-05, 'epoch': 7.09}
{'loss': 0.3129, 'learning_rate': 3.106349214605222e-05, 'epoch': 7.09}
{'loss': 0.3477, 'learning_rate': 3.1020191407469055e-05, 'epoch': 7.09}
{'loss': 0.3538, 'learning_rate': 3.097689066888589e-05, 'epoch': 7.1}
{'loss': 0.3341, 'learning_rate': 3.093358993030272e-05, 'epoch': 7.1}
{'loss': 0.3722, 'learning_rate': 3.089028919171955e-05, 'epoch': 7.11}
{'loss': 0.3791, 'learning_rate': 3.0846988453136374e-05, 'epoch': 7.11}
{'loss': 0.3636, 'learning_rate': 3.080368771455321e-05, 'epoch': 7.11}
{'loss': 0.3281, 'learning_rate': 3.076125299074171e-05, 'epoch': 7.12}
{'loss': 0.3236, 'learning_rate': 3.071795225215853e-05, 'epoch': 7.12}
{'loss': 0.3536, 'learning_rate': 3.067465151357537e-05, 'epoch': 7.13}
{'loss': 0.3547, 'learning_rate': 3.063135077499221e-05, 'epoch': 7.13}
{'loss': 0.3647, 'learning_rate': 3.058805003640903e-05, 'epoch': 7.13}
{'loss': 0.3511, 'learning_rate': 3.0544749297825864e-05, 'epoch': 7.14}
{'loss': 0.3453, 'learning_rate': 3.0501448559242696e-05, 'epoch': 7.14}
{'loss': 0.3498, 'learning_rate': 3.045814782065952e-05, 'epoch': 7.15}
{'loss': 0.3467, 'learning_rate': 3.041484708207635e-05, 'epoch': 7.15}
{'loss': 0.3593, 'learning_rate': 3.037154634349318e-05, 'epoch': 7.15}
{'loss': 0.3418, 'learning_rate': 3.0328245604910018e-05, 'epoch': 7.16}
{'loss': 0.3592, 'learning_rate': 3.0284944866326852e-05, 'epoch': 7.16}
{'loss': 0.3401, 'learning_rate': 3.024164412774368e-05, 'epoch': 7.17}
{'loss': 0.3558, 'learning_rate': 3.0198343389160512e-05, 'epoch': 7.17}
{'loss': 0.3224, 'learning_rate': 3.0155042650577347e-05, 'epoch': 7.17}
{'loss': 0.3507, 'learning_rate': 3.0111741911994175e-05, 'epoch': 7.18}
{'loss': 0.3275, 'learning_rate': 3.0068441173411006e-05, 'epoch': 7.18}
{'loss': 0.3423, 'learning_rate': 3.002514043482784e-05, 'epoch': 7.19}
{'loss': 0.3737, 'learning_rate': 2.998183969624467e-05, 'epoch': 7.19}
{'loss': 0.3464, 'learning_rate': 2.99385389576615e-05, 'epoch': 7.2}
{'loss': 0.3381, 'learning_rate': 2.9895238219078335e-05, 'epoch': 7.2}
{'loss': 0.324, 'learning_rate': 2.9852803495266823e-05, 'epoch': 7.2}
{'loss': 0.3102, 'learning_rate': 2.980950275668366e-05, 'epoch': 7.21}
{'loss': 0.3576, 'learning_rate': 2.976620201810048e-05, 'epoch': 7.21}
{'loss': 0.3503, 'learning_rate': 2.9722901279517317e-05, 'epoch': 7.22}
{'loss': 0.3377, 'learning_rate': 2.9679600540934156e-05, 'epoch': 7.22}
{'loss': 0.3529, 'learning_rate': 2.963629980235098e-05, 'epoch': 7.22}
{'loss': 0.3733, 'learning_rate': 2.959299906376781e-05, 'epoch': 7.23}
{'loss': 0.3699, 'learning_rate': 2.954969832518465e-05, 'epoch': 7.23}
{'loss': 0.3629, 'learning_rate': 2.9506397586601474e-05, 'epoch': 7.24}
{'loss': 0.362, 'learning_rate': 2.9463096848018306e-05, 'epoch': 7.24}
{'loss': 0.4007, 'learning_rate': 2.9419796109435144e-05, 'epoch': 7.24}
{'loss': 0.3131, 'learning_rate': 2.937649537085197e-05, 'epoch': 7.25}
{'loss': 0.3436, 'learning_rate': 2.93331946322688e-05, 'epoch': 7.25}
{'loss': 0.3449, 'learning_rate': 2.9289893893685628e-05, 'epoch': 7.26}
{'loss': 0.3458, 'learning_rate': 2.9246593155102463e-05, 'epoch': 7.26}
{'loss': 0.3312, 'learning_rate': 2.92032924165193e-05, 'epoch': 7.26}
{'loss': 0.3228, 'learning_rate': 2.9159991677936122e-05, 'epoch': 7.27}
{'loss': 0.3394, 'learning_rate': 2.911669093935296e-05, 'epoch': 7.27}
{'loss': 0.3374, 'learning_rate': 2.9073390200769795e-05, 'epoch': 7.28}
{'loss': 0.3618, 'learning_rate': 2.9030089462186623e-05, 'epoch': 7.28}
{'loss': 0.3683, 'learning_rate': 2.8986788723603454e-05, 'epoch': 7.28}
{'loss': 0.3726, 'learning_rate': 2.894348798502029e-05, 'epoch': 7.29}
{'loss': 0.3784, 'learning_rate': 2.8900187246437117e-05, 'epoch': 7.29}
{'loss': 0.3357, 'learning_rate': 2.8857752522625616e-05, 'epoch': 7.3}
{'loss': 0.3508, 'learning_rate': 2.8814451784042447e-05, 'epoch': 7.3}
{'loss': 0.3542, 'learning_rate': 2.877115104545927e-05, 'epoch': 7.31}
{'loss': 0.3291, 'learning_rate': 2.872785030687611e-05, 'epoch': 7.31}
{'loss': 0.3137, 'learning_rate': 2.8684549568292927e-05, 'epoch': 7.31}
{'loss': 0.3714, 'learning_rate': 2.8641248829709766e-05, 'epoch': 7.32}
{'loss': 0.3506, 'learning_rate': 2.8597948091126604e-05, 'epoch': 7.32}
{'loss': 0.3471, 'learning_rate': 2.855464735254342e-05, 'epoch': 7.33}
{'loss': 0.3566, 'learning_rate': 2.8511346613960267e-05, 'epoch': 7.33}
{'loss': 0.3794, 'learning_rate': 2.8468045875377098e-05, 'epoch': 7.33}
{'loss': 0.346, 'learning_rate': 2.8424745136793922e-05, 'epoch': 7.34}
{'loss': 0.3446, 'learning_rate': 2.8381444398210754e-05, 'epoch': 7.34}
{'loss': 0.3623, 'learning_rate': 2.8338143659627592e-05, 'epoch': 7.35}
{'loss': 0.3723, 'learning_rate': 2.8294842921044417e-05, 'epoch': 7.35}
{'loss': 0.3374, 'learning_rate': 2.8251542182461248e-05, 'epoch': 7.35}
{'loss': 0.3518, 'learning_rate': 2.8208241443878076e-05, 'epoch': 7.36}
{'loss': 0.3497, 'learning_rate': 2.816494070529491e-05, 'epoch': 7.36}
{'loss': 0.3574, 'learning_rate': 2.8121639966711742e-05, 'epoch': 7.37}
{'loss': 0.3376, 'learning_rate': 2.807833922812857e-05, 'epoch': 7.37}
{'loss': 0.3275, 'learning_rate': 2.8035038489545408e-05, 'epoch': 7.37}
{'loss': 0.3434, 'learning_rate': 2.7991737750962243e-05, 'epoch': 7.38}
{'loss': 0.3918, 'learning_rate': 2.794843701237907e-05, 'epoch': 7.38}
{'loss': 0.3595, 'learning_rate': 2.7905136273795902e-05, 'epoch': 7.39}
{'loss': 0.3525, 'learning_rate': 2.7861835535212737e-05, 'epoch': 7.39}
{'loss': 0.3449, 'learning_rate': 2.7818534796629565e-05, 'epoch': 7.39}
{'loss': 0.3618, 'learning_rate': 2.7775234058046396e-05, 'epoch': 7.4}
{'loss': 0.3479, 'learning_rate': 2.773193331946323e-05, 'epoch': 7.4}
{'loss': 0.359, 'learning_rate': 2.768863258088006e-05, 'epoch': 7.41}
{'loss': 0.3574, 'learning_rate': 2.764533184229689e-05, 'epoch': 7.41}
{'loss': 0.3218, 'learning_rate': 2.7602031103713715e-05, 'epoch': 7.42}
{'loss': 0.3593, 'learning_rate': 2.7558730365130546e-05, 'epoch': 7.42}
{'loss': 0.3083, 'learning_rate': 2.751542962654739e-05, 'epoch': 7.42}
{'loss': 0.3677, 'learning_rate': 2.747212888796421e-05, 'epoch': 7.43}
{'loss': 0.3344, 'learning_rate': 2.7428828149381047e-05, 'epoch': 7.43}
{'loss': 0.3403, 'learning_rate': 2.7385527410797885e-05, 'epoch': 7.44}
{'loss': 0.34, 'learning_rate': 2.7342226672214703e-05, 'epoch': 7.44}
{'loss': 0.3633, 'learning_rate': 2.729892593363154e-05, 'epoch': 7.44}
{'loss': 0.3529, 'learning_rate': 2.725562519504838e-05, 'epoch': 7.45}
{'loss': 0.3236, 'learning_rate': 2.72123244564652e-05, 'epoch': 7.45}
{'loss': 0.33, 'learning_rate': 2.7169023717882036e-05, 'epoch': 7.46}
{'loss': 0.347, 'learning_rate': 2.7125722979298863e-05, 'epoch': 7.46}
{'loss': 0.3308, 'learning_rate': 2.7082422240715695e-05, 'epoch': 7.46}
{'loss': 0.3358, 'learning_rate': 2.703912150213253e-05, 'epoch': 7.47}
{'loss': 0.3632, 'learning_rate': 2.6995820763549358e-05, 'epoch': 7.47}
{'loss': 0.3548, 'learning_rate': 2.6952520024966192e-05, 'epoch': 7.48}
{'loss': 0.3229, 'learning_rate': 2.6909219286383024e-05, 'epoch': 7.48}
{'loss': 0.325, 'learning_rate': 2.6865918547799852e-05, 'epoch': 7.48}
{'loss': 0.3841, 'learning_rate': 2.6822617809216686e-05, 'epoch': 7.49}
{'loss': 0.3386, 'learning_rate': 2.6779317070633518e-05, 'epoch': 7.49}
{'loss': 0.3386, 'learning_rate': 2.6736016332050346e-05, 'epoch': 7.5}
{'loss': 0.3176, 'learning_rate': 2.6692715593467184e-05, 'epoch': 7.5}
{'loss': 0.3161, 'learning_rate': 2.6649414854884002e-05, 'epoch': 7.5}
{'loss': 0.3671, 'learning_rate': 2.660611411630084e-05, 'epoch': 7.51}
{'loss': 0.3649, 'learning_rate': 2.6562813377717678e-05, 'epoch': 7.51}
{'loss': 0.3715, 'learning_rate': 2.6519512639134496e-05, 'epoch': 7.52}
{'loss': 0.3539, 'learning_rate': 2.647621190055134e-05, 'epoch': 7.52}
{'loss': 0.3568, 'learning_rate': 2.6432911161968172e-05, 'epoch': 7.53}
{'loss': 0.3761, 'learning_rate': 2.6389610423384997e-05, 'epoch': 7.53}
{'loss': 0.3535, 'learning_rate': 2.6346309684801835e-05, 'epoch': 7.53}
{'loss': 0.3069, 'learning_rate': 2.6303008946218666e-05, 'epoch': 7.54}
{'loss': 0.3508, 'learning_rate': 2.625970820763549e-05, 'epoch': 7.54}
{'loss': 0.3643, 'learning_rate': 2.6216407469052322e-05, 'epoch': 7.55}
{'loss': 0.3358, 'learning_rate': 2.617310673046916e-05, 'epoch': 7.55}
{'loss': 0.3214, 'learning_rate': 2.6129805991885985e-05, 'epoch': 7.55}
{'loss': 0.3637, 'learning_rate': 2.6086505253302816e-05, 'epoch': 7.56}
{'loss': 0.3597, 'learning_rate': 2.6043204514719644e-05, 'epoch': 7.56}
{'loss': 0.3505, 'learning_rate': 2.599990377613648e-05, 'epoch': 7.57}
{'loss': 0.368, 'learning_rate': 2.5956603037553317e-05, 'epoch': 7.57}
{'loss': 0.3544, 'learning_rate': 2.5913302298970145e-05, 'epoch': 7.57}
{'loss': 0.3367, 'learning_rate': 2.5870001560386977e-05, 'epoch': 7.58}
{'loss': 0.3561, 'learning_rate': 2.582670082180381e-05, 'epoch': 7.58}
{'loss': 0.3518, 'learning_rate': 2.578340008322064e-05, 'epoch': 7.59}
{'loss': 0.3623, 'learning_rate': 2.574009934463747e-05, 'epoch': 7.59}
{'loss': 0.3544, 'learning_rate': 2.5696798606054305e-05, 'epoch': 7.59}
{'loss': 0.3843, 'learning_rate': 2.5653497867471133e-05, 'epoch': 7.6}
{'loss': 0.3668, 'learning_rate': 2.5610197128887965e-05, 'epoch': 7.6}
{'loss': 0.3348, 'learning_rate': 2.556689639030479e-05, 'epoch': 7.61}
{'loss': 0.3531, 'learning_rate': 2.5523595651721627e-05, 'epoch': 7.61}
{'loss': 0.3666, 'learning_rate': 2.5480294913138462e-05, 'epoch': 7.61}
{'loss': 0.3473, 'learning_rate': 2.5436994174555283e-05, 'epoch': 7.62}
{'loss': 0.3459, 'learning_rate': 2.539369343597212e-05, 'epoch': 7.62}
{'loss': 0.3079, 'learning_rate': 2.535039269738896e-05, 'epoch': 7.63}
{'loss': 0.3632, 'learning_rate': 2.5307091958805778e-05, 'epoch': 7.63}
{'loss': 0.3269, 'learning_rate': 2.5263791220222616e-05, 'epoch': 7.64}
{'loss': 0.3322, 'learning_rate': 2.5220490481639454e-05, 'epoch': 7.64}
{'loss': 0.3549, 'learning_rate': 2.517718974305627e-05, 'epoch': 7.64}
{'loss': 0.3433, 'learning_rate': 2.513388900447311e-05, 'epoch': 7.65}
{'loss': 0.3793, 'learning_rate': 2.5090588265889934e-05, 'epoch': 7.65}
{'loss': 0.3402, 'learning_rate': 2.504728752730677e-05, 'epoch': 7.66}
{'loss': 0.3707, 'learning_rate': 2.5003986788723604e-05, 'epoch': 7.66}
{'loss': 0.3547, 'learning_rate': 2.496068605014043e-05, 'epoch': 7.66}
{'loss': 0.3486, 'learning_rate': 2.4917385311557267e-05, 'epoch': 7.67}
{'loss': 0.3447, 'learning_rate': 2.48740845729741e-05, 'epoch': 7.67}
{'loss': 0.3429, 'learning_rate': 2.4830783834390926e-05, 'epoch': 7.68}
{'loss': 0.3214, 'learning_rate': 2.478748309580776e-05, 'epoch': 7.68}
{'loss': 0.3005, 'learning_rate': 2.4744182357224595e-05, 'epoch': 7.68}
{'loss': 0.3651, 'learning_rate': 2.470088161864142e-05, 'epoch': 7.69}
{'loss': 0.3601, 'learning_rate': 2.4657580880058255e-05, 'epoch': 7.69}
{'loss': 0.3503, 'learning_rate': 2.461428014147509e-05, 'epoch': 7.7}
{'loss': 0.3304, 'learning_rate': 2.4570979402891914e-05, 'epoch': 7.7}
{'loss': 0.3637, 'learning_rate': 2.452767866430875e-05, 'epoch': 7.7}
{'loss': 0.3695, 'learning_rate': 2.4484377925725574e-05, 'epoch': 7.71}
{'loss': 0.3497, 'learning_rate': 2.444107718714241e-05, 'epoch': 7.71}
{'loss': 0.3265, 'learning_rate': 2.4397776448559246e-05, 'epoch': 7.72}
{'loss': 0.372, 'learning_rate': 2.435447570997607e-05, 'epoch': 7.72}
{'loss': 0.3457, 'learning_rate': 2.4311174971392906e-05, 'epoch': 7.72}
{'loss': 0.3541, 'learning_rate': 2.426787423280974e-05, 'epoch': 7.73}
{'loss': 0.3569, 'learning_rate': 2.4224573494226565e-05, 'epoch': 7.73}
{'loss': 0.3413, 'learning_rate': 2.41812727556434e-05, 'epoch': 7.74}
{'loss': 0.3423, 'learning_rate': 2.4137972017060235e-05, 'epoch': 7.74}
{'loss': 0.3388, 'learning_rate': 2.409467127847706e-05, 'epoch': 7.75}
{'loss': 0.3259, 'learning_rate': 2.4051370539893894e-05, 'epoch': 7.75}
{'loss': 0.3636, 'learning_rate': 2.400806980131072e-05, 'epoch': 7.75}
{'loss': 0.3569, 'learning_rate': 2.3964769062727553e-05, 'epoch': 7.76}
{'loss': 0.3498, 'learning_rate': 2.392146832414439e-05, 'epoch': 7.76}
{'loss': 0.3371, 'learning_rate': 2.3878167585561216e-05, 'epoch': 7.77}
{'loss': 0.3622, 'learning_rate': 2.383486684697805e-05, 'epoch': 7.77}
{'loss': 0.3217, 'learning_rate': 2.3791566108394886e-05, 'epoch': 7.77}
{'loss': 0.3267, 'learning_rate': 2.374826536981171e-05, 'epoch': 7.78}
{'loss': 0.3327, 'learning_rate': 2.3704964631228545e-05, 'epoch': 7.78}
{'loss': 0.3494, 'learning_rate': 2.366166389264538e-05, 'epoch': 7.79}
{'loss': 0.2897, 'learning_rate': 2.3618363154062204e-05, 'epoch': 7.79}
{'loss': 0.3306, 'learning_rate': 2.357506241547904e-05, 'epoch': 7.79}
{'loss': 0.3247, 'learning_rate': 2.3531761676895864e-05, 'epoch': 7.8}
{'loss': 0.3519, 'learning_rate': 2.34884609383127e-05, 'epoch': 7.8}
{'loss': 0.3549, 'learning_rate': 2.3445160199729537e-05, 'epoch': 7.81}
{'loss': 0.3189, 'learning_rate': 2.3401859461146358e-05, 'epoch': 7.81}
{'loss': 0.3195, 'learning_rate': 2.3358558722563196e-05, 'epoch': 7.81}
{'loss': 0.3666, 'learning_rate': 2.331525798398003e-05, 'epoch': 7.82}
{'loss': 0.3302, 'learning_rate': 2.3271957245396855e-05, 'epoch': 7.82}
{'loss': 0.3824, 'learning_rate': 2.322865650681369e-05, 'epoch': 7.83}
{'loss': 0.351, 'learning_rate': 2.3185355768230525e-05, 'epoch': 7.83}
{'loss': 0.3297, 'learning_rate': 2.314205502964735e-05, 'epoch': 7.83}
{'loss': 0.3443, 'learning_rate': 2.3098754291064184e-05, 'epoch': 7.84}
{'loss': 0.3453, 'learning_rate': 2.305545355248102e-05, 'epoch': 7.84}
{'loss': 0.3713, 'learning_rate': 2.3012152813897843e-05, 'epoch': 7.85}
{'loss': 0.3588, 'learning_rate': 2.2968852075314678e-05, 'epoch': 7.85}
{'loss': 0.3453, 'learning_rate': 2.2925551336731503e-05, 'epoch': 7.86}
{'loss': 0.3668, 'learning_rate': 2.288225059814834e-05, 'epoch': 7.86}
{'loss': 0.3401, 'learning_rate': 2.2838949859565176e-05, 'epoch': 7.86}
{'loss': 0.3442, 'learning_rate': 2.2795649120982e-05, 'epoch': 7.87}
{'loss': 0.3731, 'learning_rate': 2.2752348382398835e-05, 'epoch': 7.87}
{'loss': 0.3762, 'learning_rate': 2.270904764381567e-05, 'epoch': 7.88}
{'loss': 0.3571, 'learning_rate': 2.2665746905232494e-05, 'epoch': 7.88}
{'loss': 0.3339, 'learning_rate': 2.262244616664933e-05, 'epoch': 7.88}
{'loss': 0.3337, 'learning_rate': 2.2579145428066164e-05, 'epoch': 7.89}
{'loss': 0.3566, 'learning_rate': 2.253584468948299e-05, 'epoch': 7.89}
{'loss': 0.3661, 'learning_rate': 2.2493409965671487e-05, 'epoch': 7.9}
{'loss': 0.3574, 'learning_rate': 2.2450109227088312e-05, 'epoch': 7.9}
{'loss': 0.3652, 'learning_rate': 2.2406808488505147e-05, 'epoch': 7.9}
{'loss': 0.3562, 'learning_rate': 2.236350774992198e-05, 'epoch': 7.91}
{'loss': 0.3378, 'learning_rate': 2.2320207011338806e-05, 'epoch': 7.91}
{'loss': 0.3275, 'learning_rate': 2.2276906272755644e-05, 'epoch': 7.92}
{'loss': 0.3613, 'learning_rate': 2.223360553417248e-05, 'epoch': 7.92}
{'loss': 0.3665, 'learning_rate': 2.2190304795589303e-05, 'epoch': 7.92}
{'loss': 0.3545, 'learning_rate': 2.2147004057006138e-05, 'epoch': 7.93}
{'loss': 0.368, 'learning_rate': 2.2103703318422973e-05, 'epoch': 7.93}
{'loss': 0.3464, 'learning_rate': 2.2060402579839797e-05, 'epoch': 7.94}
{'loss': 0.3355, 'learning_rate': 2.2017101841256632e-05, 'epoch': 7.94}
{'loss': 0.3249, 'learning_rate': 2.1973801102673467e-05, 'epoch': 7.94}
{'loss': 0.3725, 'learning_rate': 2.193050036409029e-05, 'epoch': 7.95}
{'loss': 0.3643, 'learning_rate': 2.1887199625507126e-05, 'epoch': 7.95}
{'loss': 0.3665, 'learning_rate': 2.184389888692395e-05, 'epoch': 7.96}
{'loss': 0.3281, 'learning_rate': 2.1800598148340786e-05, 'epoch': 7.96}
{'loss': 0.3319, 'learning_rate': 2.1757297409757624e-05, 'epoch': 7.97}
{'loss': 0.3229, 'learning_rate': 2.171399667117445e-05, 'epoch': 7.97}
{'loss': 0.3368, 'learning_rate': 2.1670695932591283e-05, 'epoch': 7.97}
{'loss': 0.3678, 'learning_rate': 2.1627395194008118e-05, 'epoch': 7.98}
{'loss': 0.3904, 'learning_rate': 2.1584094455424943e-05, 'epoch': 7.98}
{'loss': 0.3541, 'learning_rate': 2.1540793716841777e-05, 'epoch': 7.99}
{'loss': 0.3359, 'learning_rate': 2.1497492978258612e-05, 'epoch': 7.99}
{'loss': 0.3875, 'learning_rate': 2.1454192239675437e-05, 'epoch': 7.99}
{'loss': 0.3546, 'learning_rate': 2.141089150109227e-05, 'epoch': 8.0}
[INFO|trainer.py:520] 2026-10-04 16:45:02,723 >> The following columns in the evaluation set  don't have a corresponding argument in `PETLEncModel.forward` and have been ignored: hypothesis, idx, premise.
[INFO|trainer.py:2179] 2026-10-04 16:45:02,725 >> ***** Running Evaluation *****
[INFO|trainer.py:2181] 2026-10-04 16:45:02,725 >>   Num examples = 9815
[INFO|trainer.py:2184] 2026-10-04 16:45:02,725 >>   Batch size = 32
{'eval_loss': 0.35097736120224, 'eval_accuracy': 0.8708099847172694, 'eval_runtime': 8.7676, 'eval_samples_per_second': 1119.459, 'eval_steps_per_second': 35.015, 'epoch': 8.0}
[INFO|trainer.py:1933] 2026-10-04 16:45:11,493 >> Saving model checkpoint to checkpoints/glue/mnli/20261004/glue.mnli.adapter.am_adapter.ao_sequential.fm_adapter.fo_sequential.abn.fbn.ac_add.fl_none.finit_bert.fs_1.unfrz_ef_.ne10.warm0.06.wd0.1.seed6./checkpoint-98176
[INFO|configuration_utils.py:364] 2026-10-04 16:45:11,495 >> Configuration saved in checkpoints/glue/mnli/20261004/glue.mnli.adapter.am_adapter.ao_sequential.fm_adapter.fo_sequential.abn.fbn.ac_add.fl_none.finit_bert.fs_1.unfrz_ef_.ne10.warm0.06.wd0.1.seed6./checkpoint-98176/config.json
[INFO|modeling_utils.py:898] 2026-10-04 16:45:11,780 >> Model weights saved in checkpoints/glue/mnli/20261004/glue.mnli.adapter.am_adapter.ao_sequential.fm_adapter.fo_sequential.abn.fbn.ac_add.fl_none.finit_bert.fs_1.unfrz_ef_.ne10.warm0.06.wd0.1.seed6./checkpoint-98176/pytorch_model.bin
[INFO|tokenization_utils_base.py:1948] 2026-10-04 16:45:11,781 >> tokenizer config file saved in checkpoints/glue/mnli/20261004/glue.mnli.adapter.am_adapter.ao_sequential.fm_adapter.fo_sequential.abn.fbn.ac_add.fl_none.finit_bert.fs_1.unfrz_ef_.ne10.warm0.06.wd0.1.seed6./checkpoint-98176/tokenizer_config.json
[INFO|tokenization_utils_base.py:1954] 2026-10-04 16:45:11,782 >> Special tokens file saved in checkpoints/glue/mnli/20261004/glue.mnli.adapter.am_adapter.ao_sequential.fm_adapter.fo_sequential.abn.fbn.ac_add.fl_none.finit_bert.fs_1.unfrz_ef_.ne10.warm0.06.wd0.1.seed6./checkpoint-98176/special_tokens_map.json
[INFO|trainer.py:2009] 2026-10-04 16:45:11,856 >> Deleting older checkpoint [checkpoints/glue/mnli/20261004/glue.mnli.adapter.am_adapter.ao_sequential.fm_adapter.fo_sequential.abn.fbn.ac_add.fl_none.finit_bert.fs_1.unfrz_ef_.ne10.warm0.06.wd0.1.seed6./checkpoint-73632] due to args.save_total_limit
/work/unify-parameter-efficient-tuning/src/transformers/trainer.py:1784: FutureWarning: `torch.cuda.amp.autocast(args...)` is deprecated. Please use `torch.amp.autocast('cuda', args...)` instead.
  with autocast():
{'loss': 0.3401, 'learning_rate': 2.1367590762509096e-05, 'epoch': 8.0}
{'loss': 0.3533, 'learning_rate': 2.132429002392593e-05, 'epoch': 8.01}
{'loss': 0.3161, 'learning_rate': 2.128098928534277e-05, 'epoch': 8.01}
{'loss': 0.3629, 'learning_rate': 2.123768854675959e-05, 'epoch': 8.01}
{'loss': 0.3504, 'learning_rate': 2.1194387808176428e-05, 'epoch': 8.02}
{'loss': 0.3287, 'learning_rate': 2.1151087069593263e-05, 'epoch': 8.02}
{'loss': 0.3332, 'learning_rate': 2.1107786331010088e-05, 'epoch': 8.03}
{'loss': 0.3441, 'learning_rate': 2.1064485592426922e-05, 'epoch': 8.03}
{'loss': 0.3373, 'learning_rate': 2.1021184853843757e-05, 'epoch': 8.03}
{'loss': 0.3659, 'learning_rate': 2.097788411526058e-05, 'epoch': 8.04}
{'loss': 0.3371, 'learning_rate': 2.0934583376677416e-05, 'epoch': 8.04}
{'loss': 0.3371, 'learning_rate': 2.089128263809424e-05, 'epoch': 8.05}
{'loss': 0.3144, 'learning_rate': 2.0847981899511076e-05, 'epoch': 8.05}
{'loss': 0.3175, 'learning_rate': 2.080468116092791e-05, 'epoch': 8.05}
{'loss': 0.3408, 'learning_rate': 2.0761380422344735e-05, 'epoch': 8.06}
{'loss': 0.3361, 'learning_rate': 2.0718079683761573e-05, 'epoch': 8.06}
{'loss': 0.331, 'learning_rate': 2.0674778945178408e-05, 'epoch': 8.07}
{'loss': 0.3367, 'learning_rate': 2.0631478206595233e-05, 'epoch': 8.07}
{'loss': 0.3914, 'learning_rate': 2.0588177468012067e-05, 'epoch': 8.08}
{'loss': 0.3052, 'learning_rate': 2.0544876729428902e-05, 'epoch': 8.08}
{'loss': 0.3259, 'learning_rate': 2.0501575990845727e-05, 'epoch': 8.08}
{'loss': 0.3307, 'learning_rate': 2.045827525226256e-05, 'epoch': 8.09}
{'loss': 0.352, 'learning_rate': 2.0414974513679396e-05, 'epoch': 8.09}
{'loss': 0.3052, 'learning_rate': 2.037167377509622e-05, 'epoch': 8.1}
{'loss': 0.3549, 'learning_rate': 2.0328373036513056e-05, 'epoch': 8.1}
{'loss': 0.3529, 'learning_rate': 2.028507229792988e-05, 'epoch': 8.1}
{'loss': 0.3438, 'learning_rate': 2.0241771559346715e-05, 'epoch': 8.11}
{'loss': 0.339, 'learning_rate': 2.0198470820763553e-05, 'epoch': 8.11}
{'loss': 0.3283, 'learning_rate': 2.0155170082180378e-05, 'epoch': 8.12}
{'loss': 0.359, 'learning_rate': 2.0111869343597212e-05, 'epoch': 8.12}
{'loss': 0.3433, 'learning_rate': 2.0068568605014047e-05, 'epoch': 8.12}
{'loss': 0.3406, 'learning_rate': 2.0025267866430872e-05, 'epoch': 8.13}
{'loss': 0.3538, 'learning_rate': 1.998283314261937e-05, 'epoch': 8.13}
{'loss': 0.3573, 'learning_rate': 1.9939532404036205e-05, 'epoch': 8.14}
{'loss': 0.3533, 'learning_rate': 1.989623166545303e-05, 'epoch': 8.14}
{'loss': 0.3416, 'learning_rate': 1.9852930926869865e-05, 'epoch': 8.14}
{'loss': 0.3618, 'learning_rate': 1.98096301882867e-05, 'epoch': 8.15}
{'loss': 0.3567, 'learning_rate': 1.9766329449703524e-05, 'epoch': 8.15}
{'loss': 0.3407, 'learning_rate': 1.972302871112036e-05, 'epoch': 8.16}
{'loss': 0.3585, 'learning_rate': 1.9679727972537183e-05, 'epoch': 8.16}
{'loss': 0.3214, 'learning_rate': 1.9636427233954018e-05, 'epoch': 8.16}
{'loss': 0.3491, 'learning_rate': 1.9593126495370856e-05, 'epoch': 8.17}
{'loss': 0.3508, 'learning_rate': 1.954982575678768e-05, 'epoch': 8.17}
{'loss': 0.3402, 'learning_rate': 1.9506525018204516e-05, 'epoch': 8.18}
{'loss': 0.3434, 'learning_rate': 1.946322427962135e-05, 'epoch': 8.18}
{'loss': 0.3484, 'learning_rate': 1.9419923541038175e-05, 'epoch': 8.19}
{'loss': 0.3235, 'learning_rate': 1.937662280245501e-05, 'epoch': 8.19}
{'loss': 0.3423, 'learning_rate': 1.9333322063871844e-05, 'epoch': 8.19}
{'loss': 0.3866, 'learning_rate': 1.929002132528867e-05, 'epoch': 8.2}
{'loss': 0.3641, 'learning_rate': 1.9246720586705504e-05, 'epoch': 8.2}
{'loss': 0.3121, 'learning_rate': 1.920341984812233e-05, 'epoch': 8.21}
{'loss': 0.3234, 'learning_rate': 1.9160119109539163e-05, 'epoch': 8.21}
{'loss': 0.3018, 'learning_rate': 1.9116818370956e-05, 'epoch': 8.21}
{'loss': 0.3219, 'learning_rate': 1.9073517632372822e-05, 'epoch': 8.22}
{'loss': 0.3429, 'learning_rate': 1.903021689378966e-05, 'epoch': 8.22}
{'loss': 0.3766, 'learning_rate': 1.8986916155206495e-05, 'epoch': 8.23}
{'loss': 0.3515, 'learning_rate': 1.894361541662332e-05, 'epoch': 8.23}
{'loss': 0.3313, 'learning_rate': 1.8900314678040155e-05, 'epoch': 8.23}
{'loss': 0.3549, 'learning_rate': 1.885701393945699e-05, 'epoch': 8.24}
{'loss': 0.3264, 'learning_rate': 1.8813713200873814e-05, 'epoch': 8.24}
{'loss': 0.3474, 'learning_rate': 1.877041246229065e-05, 'epoch': 8.25}
{'loss': 0.343, 'learning_rate': 1.8727111723707473e-05, 'epoch': 8.25}
{'loss': 0.3903, 'learning_rate': 1.8683810985124308e-05, 'epoch': 8.25}
{'loss': 0.3218, 'learning_rate': 1.8640510246541143e-05, 'epoch': 8.26}
{'loss': 0.3431, 'learning_rate': 1.8597209507957967e-05, 'epoch': 8.26}
{'loss': 0.3367, 'learning_rate': 1.8553908769374806e-05, 'epoch': 8.27}
{'loss': 0.3646, 'learning_rate': 1.851060803079164e-05, 'epoch': 8.27}
{'loss': 0.349, 'learning_rate': 1.8467307292208465e-05, 'epoch': 8.27}
{'loss': 0.3261, 'learning_rate': 1.84240065536253e-05, 'epoch': 8.28}
{'loss': 0.3213, 'learning_rate': 1.8380705815042134e-05, 'epoch': 8.28}
{'loss': 0.3372, 'learning_rate': 1.833740507645896e-05, 'epoch': 8.29}
{'loss': 0.3337, 'learning_rate': 1.8294104337875794e-05, 'epoch': 8.29}
{'loss': 0.3386, 'learning_rate': 1.825080359929263e-05, 'epoch': 8.3}
{'loss': 0.3025, 'learning_rate': 1.8207502860709453e-05, 'epoch': 8.3}
{'loss': 0.3158, 'learning_rate': 1.8164202122126288e-05, 'epoch': 8.3}
{'loss': 0.3592, 'learning_rate': 1.8121767398314776e-05, 'epoch': 8.31}
{'loss': 0.3317, 'learning_rate': 1.807846665973161e-05, 'epoch': 8.31}
{'loss': 0.3483, 'learning_rate': 1.8035165921148446e-05, 'epoch': 8.32}
{'loss': 0.3198, 'learning_rate': 1.799186518256527e-05, 'epoch': 8.32}
{'loss': 0.3352, 'learning_rate': 1.7948564443982105e-05, 'epoch': 8.32}
{'loss': 0.3555, 'learning_rate': 1.7905263705398943e-05, 'epoch': 8.33}
{'loss': 0.3645, 'learning_rate': 1.7861962966815768e-05, 'epoch': 8.33}
{'loss': 0.3382, 'learning_rate': 1.7818662228232603e-05, 'epoch': 8.34}
{'loss': 0.3052, 'learning_rate': 1.7775361489649438e-05, 'epoch': 8.34}
{'loss': 0.3338, 'learning_rate': 1.7732060751066262e-05, 'epoch': 8.34}
{'loss': 0.34, 'learning_rate': 1.7688760012483097e-05, 'epoch': 8.35}
{'loss': 0.345, 'learning_rate': 1.764545927389992e-05, 'epoch': 8.35}
{'loss': 0.3287, 'learning_rate': 1.7602158535316756e-05, 'epoch': 8.36}
{'loss': 0.3822, 'learning_rate': 1.755885779673359e-05, 'epoch': 8.36}
{'loss': 0.3527, 'learning_rate': 1.7515557058150416e-05, 'epoch': 8.36}
{'loss': 0.3324, 'learning_rate': 1.747225631956725e-05, 'epoch': 8.37}
{'loss': 0.3498, 'learning_rate': 1.742895558098409e-05, 'epoch': 8.37}
{'loss': 0.3352, 'learning_rate': 1.738565484240091e-05, 'epoch': 8.38}
{'loss': 0.3492, 'learning_rate': 1.7342354103817748e-05, 'epoch': 8.38}
{'loss': 0.3298, 'learning_rate': 1.7299053365234583e-05, 'epoch': 8.38}
{'loss': 0.3161, 'learning_rate': 1.7255752626651407e-05, 'epoch': 8.39}
{'loss': 0.345, 'learning_rate': 1.7212451888068242e-05, 'epoch': 8.39}
{'loss': 0.3708, 'learning_rate': 1.7169151149485077e-05, 'epoch': 8.4}
{'loss': 0.3449, 'learning_rate': 1.71258504109019e-05, 'epoch': 8.4}
{'loss': 0.3236, 'learning_rate': 1.7082549672318736e-05, 'epoch': 8.41}
{'loss': 0.3215, 'learning_rate': 1.703924893373556e-05, 'epoch': 8.41}
{'loss': 0.3531, 'learning_rate': 1.6995948195152395e-05, 'epoch': 8.41}
{'loss': 0.3595, 'learning_rate': 1.6952647456569234e-05, 'epoch': 8.42}
{'loss': 0.3549, 'learning_rate': 1.6909346717986055e-05, 'epoch': 8.42}
{'loss': 0.3448, 'learning_rate': 1.6866045979402893e-05, 'epoch': 8.43}
{'loss': 0.3911, 'learning_rate': 1.6822745240819728e-05, 'epoch': 8.43}
{'loss': 0.3637, 'learning_rate': 1.6779444502236552e-05, 'epoch': 8.43}
{'loss': 0.3298, 'learning_rate': 1.6736143763653387e-05, 'epoch': 8.44}
{'loss': 0.3528, 'learning_rate': 1.6692843025070222e-05, 'epoch': 8.44}
{'loss': 0.3385, 'learning_rate': 1.6649542286487046e-05, 'epoch': 8.45}
{'loss': 0.3378, 'learning_rate': 1.660624154790388e-05, 'epoch': 8.45}
{'loss': 0.3578, 'learning_rate': 1.6562940809320706e-05, 'epoch': 8.45}
{'loss': 0.3272, 'learning_rate': 1.651964007073754e-05, 'epoch': 8.46}
{'loss': 0.3494, 'learning_rate': 1.6476339332154375e-05, 'epoch': 8.46}
{'loss': 0.3326, 'learning_rate': 1.64330385935712e-05, 'epoch': 8.47}
{'loss': 0.3166, 'learning_rate': 1.6389737854988038e-05, 'epoch': 8.47}
{'loss': 0.3871, 'learning_rate': 1.6346437116404873e-05, 'epoch': 8.47}
{'loss': 0.3476, 'learning_rate': 1.6303136377821697e-05, 'epoch': 8.48}
{'loss': 0.3503, 'learning_rate': 1.6259835639238532e-05, 'epoch': 8.48}
{'loss': 0.353, 'learning_rate': 1.6216534900655367e-05, 'epoch': 8.49}
{'loss': 0.3368, 'learning_rate': 1.617323416207219e-05, 'epoch': 8.49}
{'loss': 0.3547, 'learning_rate': 1.6129933423489026e-05, 'epoch': 8.49}
{'loss': 0.3039, 'learning_rate': 1.608663268490585e-05, 'epoch': 8.5}
{'loss': 0.3594, 'learning_rate': 1.6043331946322685e-05, 'epoch': 8.5}
{'loss': 0.36, 'learning_rate': 1.600003120773952e-05, 'epoch': 8.51}
{'loss': 0.3528, 'learning_rate': 1.5956730469156345e-05, 'epoch': 8.51}
{'loss': 0.3476, 'learning_rate': 1.591342973057318e-05, 'epoch': 8.52}
{'loss': 0.335, 'learning_rate': 1.5870128991990018e-05, 'epoch': 8.52}
{'loss': 0.3667, 'learning_rate': 1.5826828253406842e-05, 'epoch': 8.52}
{'loss': 0.3193, 'learning_rate': 1.5783527514823677e-05, 'epoch': 8.53}
{'loss': 0.3662, 'learning_rate': 1.5740226776240512e-05, 'epoch': 8.53}
{'loss': 0.3463, 'learning_rate': 1.5696926037657336e-05, 'epoch': 8.54}
{'loss': 0.3425, 'learning_rate': 1.565362529907417e-05, 'epoch': 8.54}
{'loss': 0.3412, 'learning_rate': 1.5610324560491006e-05, 'epoch': 8.54}
{'loss': 0.3409, 'learning_rate': 1.556702382190783e-05, 'epoch': 8.55}
{'loss': 0.333, 'learning_rate': 1.5523723083324665e-05, 'epoch': 8.55}
{'loss': 0.351, 'learning_rate': 1.548042234474149e-05, 'epoch': 8.56}
{'loss': 0.3374, 'learning_rate': 1.5437121606158325e-05, 'epoch': 8.56}
{'loss': 0.3291, 'learning_rate': 1.5393820867575163e-05, 'epoch': 8.56}
{'loss': 0.3396, 'learning_rate': 1.5350520128991987e-05, 'epoch': 8.57}
{'loss': 0.3682, 'learning_rate': 1.5307219390408822e-05, 'epoch': 8.57}
{'loss': 0.3785, 'learning_rate': 1.5263918651825657e-05, 'epoch': 8.58}
{'loss': 0.3265, 'learning_rate': 1.5220617913242483e-05, 'epoch': 8.58}
{'loss': 0.338, 'learning_rate': 1.5177317174659316e-05, 'epoch': 8.58}
{'loss': 0.3303, 'learning_rate': 1.5134016436076154e-05, 'epoch': 8.59}
{'loss': 0.3592, 'learning_rate': 1.5090715697492977e-05, 'epoch': 8.59}
{'loss': 0.3298, 'learning_rate': 1.5047414958909812e-05, 'epoch': 8.6}
{'loss': 0.3248, 'learning_rate': 1.5004114220326637e-05, 'epoch': 8.6}
{'loss': 0.3314, 'learning_rate': 1.4960813481743475e-05, 'epoch': 8.6}
{'loss': 0.3128, 'learning_rate': 1.4917512743160308e-05, 'epoch': 8.61}
{'loss': 0.3211, 'learning_rate': 1.4874212004577132e-05, 'epoch': 8.61}
{'loss': 0.3638, 'learning_rate': 1.4830911265993965e-05, 'epoch': 8.62}
{'loss': 0.3322, 'learning_rate': 1.4787610527410804e-05, 'epoch': 8.62}
{'loss': 0.3389, 'learning_rate': 1.4744309788827627e-05, 'epoch': 8.63}
{'loss': 0.317, 'learning_rate': 1.4701009050244463e-05, 'epoch': 8.63}
{'loss': 0.3338, 'learning_rate': 1.4657708311661298e-05, 'epoch': 8.63}
{'loss': 0.3407, 'learning_rate': 1.4614407573078124e-05, 'epoch': 8.64}
{'loss': 0.3297, 'learning_rate': 1.4571106834494957e-05, 'epoch': 8.64}
{'loss': 0.3415, 'learning_rate': 1.4528672110683456e-05, 'epoch': 8.65}
{'loss': 0.3574, 'learning_rate': 1.4485371372100282e-05, 'epoch': 8.65}
{'loss': 0.3425, 'learning_rate': 1.4442070633517115e-05, 'epoch': 8.65}
{'loss': 0.3458, 'learning_rate': 1.439876989493394e-05, 'epoch': 8.66}
{'loss': 0.3474, 'learning_rate': 1.4355469156350773e-05, 'epoch': 8.66}
{'loss': 0.3519, 'learning_rate': 1.4312168417767611e-05, 'epoch': 8.67}
{'loss': 0.351, 'learning_rate': 1.4268867679184436e-05, 'epoch': 8.67}
{'loss': 0.3348, 'learning_rate': 1.422556694060127e-05, 'epoch': 8.67}
{'loss': 0.3463, 'learning_rate': 1.4182266202018105e-05, 'epoch': 8.68}
{'loss': 0.3101, 'learning_rate': 1.4138965463434931e-05, 'epoch': 8.68}
{'loss': 0.3541, 'learning_rate': 1.4096530739623428e-05, 'epoch': 8.69}
{'loss': 0.3504, 'learning_rate': 1.4053230001040263e-05, 'epoch': 8.69}
{'loss': 0.3442, 'learning_rate': 1.4010795277228753e-05, 'epoch': 8.69}
{'loss': 0.3133, 'learning_rate': 1.3967494538645586e-05, 'epoch': 8.7}
{'loss': 0.3286, 'learning_rate': 1.3924193800062421e-05, 'epoch': 8.7}
{'loss': 0.349, 'learning_rate': 1.3880893061479248e-05, 'epoch': 8.71}
{'loss': 0.3534, 'learning_rate': 1.383759232289608e-05, 'epoch': 8.71}
{'loss': 0.3387, 'learning_rate': 1.3794291584312905e-05, 'epoch': 8.71}
{'loss': 0.3284, 'learning_rate': 1.3750990845729742e-05, 'epoch': 8.72}
{'loss': 0.3443, 'learning_rate': 1.3707690107146576e-05, 'epoch': 8.72}
{'loss': 0.3392, 'learning_rate': 1.3664389368563401e-05, 'epoch': 8.73}
{'loss': 0.3599, 'learning_rate': 1.3621088629980236e-05, 'epoch': 8.73}
{'loss': 0.3456, 'learning_rate': 1.3577787891397072e-05, 'epoch': 8.74}
{'loss': 0.3744, 'learning_rate': 1.3534487152813897e-05, 'epoch': 8.74}
{'loss': 0.347, 'learning_rate': 1.349118641423073e-05, 'epoch': 8.74}
{'loss': 0.3717, 'learning_rate': 1.3447885675647568e-05, 'epoch': 8.75}
{'loss': 0.3516, 'learning_rate': 1.3404584937064391e-05, 'epoch': 8.75}
{'loss': 0.3561, 'learning_rate': 1.3362150213252888e-05, 'epoch': 8.76}
{'loss': 0.3755, 'learning_rate': 1.3318849474669714e-05, 'epoch': 8.76}
{'loss': 0.3207, 'learning_rate': 1.3275548736086549e-05, 'epoch': 8.76}
{'loss': 0.3375, 'learning_rate': 1.3232247997503384e-05, 'epoch': 8.77}
{'loss': 0.324, 'learning_rate': 1.3188947258920208e-05, 'epoch': 8.77}
{'loss': 0.3424, 'learning_rate': 1.3145646520337046e-05, 'epoch': 8.78}
{'loss': 0.3439, 'learning_rate': 1.310234578175388e-05, 'epoch': 8.78}
{'loss': 0.3074, 'learning_rate': 1.3059045043170704e-05, 'epoch': 8.78}
{'loss': 0.3516, 'learning_rate': 1.3015744304587537e-05, 'epoch': 8.79}
{'loss': 0.3455, 'learning_rate': 1.2972443566004375e-05, 'epoch': 8.79}
{'loss': 0.3245, 'learning_rate': 1.2929142827421198e-05, 'epoch': 8.8}
{'loss': 0.3347, 'learning_rate': 1.2885842088838035e-05, 'epoch': 8.8}
{'loss': 0.3588, 'learning_rate': 1.284254135025487e-05, 'epoch': 8.8}
{'loss': 0.3406, 'learning_rate': 1.2799240611671696e-05, 'epoch': 8.81}
{'loss': 0.3639, 'learning_rate': 1.2755939873088529e-05, 'epoch': 8.81}
{'loss': 0.3406, 'learning_rate': 1.2712639134505353e-05, 'epoch': 8.82}
{'loss': 0.3481, 'learning_rate': 1.266933839592219e-05, 'epoch': 8.82}
{'loss': 0.3749, 'learning_rate': 1.2626037657339025e-05, 'epoch': 8.82}
{'loss': 0.3297, 'learning_rate': 1.2582736918755849e-05, 'epoch': 8.83}
{'loss': 0.3576, 'learning_rate': 1.2539436180172684e-05, 'epoch': 8.83}
{'loss': 0.33, 'learning_rate': 1.2496135441589519e-05, 'epoch': 8.84}
{'loss': 0.3537, 'learning_rate': 1.2452834703006343e-05, 'epoch': 8.84}
{'loss': 0.3329, 'learning_rate': 1.240953396442318e-05, 'epoch': 8.85}
{'loss': 0.3697, 'learning_rate': 1.2366233225840014e-05, 'epoch': 8.85}
{'loss': 0.3713, 'learning_rate': 1.2322932487256839e-05, 'epoch': 8.85}
{'loss': 0.3647, 'learning_rate': 1.2279631748673674e-05, 'epoch': 8.86}
{'loss': 0.34, 'learning_rate': 1.2236331010090498e-05, 'epoch': 8.86}
{'loss': 0.341, 'learning_rate': 1.2193030271507333e-05, 'epoch': 8.87}
{'loss': 0.3577, 'learning_rate': 1.214972953292417e-05, 'epoch': 8.87}
{'loss': 0.3278, 'learning_rate': 1.2106428794340994e-05, 'epoch': 8.87}
{'loss': 0.3235, 'learning_rate': 1.2063128055757829e-05, 'epoch': 8.88}
{'loss': 0.3342, 'learning_rate': 1.2019827317174664e-05, 'epoch': 8.88}
{'loss': 0.3628, 'learning_rate': 1.1976526578591488e-05, 'epoch': 8.89}
{'loss': 0.3645, 'learning_rate': 1.1933225840008323e-05, 'epoch': 8.89}
{'loss': 0.3411, 'learning_rate': 1.188992510142516e-05, 'epoch': 8.89}
{'loss': 0.3511, 'learning_rate': 1.1846624362841984e-05, 'epoch': 8.9}
{'loss': 0.3268, 'learning_rate': 1.1803323624258819e-05, 'epoch': 8.9}
{'loss': 0.3478, 'learning_rate': 1.1760022885675643e-05, 'epoch': 8.91}
{'loss': 0.3398, 'learning_rate': 1.1716722147092478e-05, 'epoch': 8.91}
{'loss': 0.3556, 'learning_rate': 1.1673421408509315e-05, 'epoch': 8.91}
{'loss': 0.2957, 'learning_rate': 1.1630120669926138e-05, 'epoch': 8.92}
{'loss': 0.3365, 'learning_rate': 1.1586819931342974e-05, 'epoch': 8.92}
{'loss': 0.3499, 'learning_rate': 1.1543519192759809e-05, 'epoch': 8.93}
{'loss': 0.3502, 'learning_rate': 1.1500218454176633e-05, 'epoch': 8.93}
{'loss': 0.3339, 'learning_rate': 1.1456917715593468e-05, 'epoch': 8.93}
{'loss': 0.3213, 'learning_rate': 1.1413616977010305e-05, 'epoch': 8.94}
{'loss': 0.3536, 'learning_rate': 1.1370316238427127e-05, 'epoch': 8.94}
{'loss': 0.3406, 'learning_rate': 1.1327015499843964e-05, 'epoch': 8.95}
{'loss': 0.3294, 'learning_rate': 1.1283714761260799e-05, 'epoch': 8.95}
{'loss': 0.3294, 'learning_rate': 1.1240414022677623e-05, 'epoch': 8.96}
{'loss': 0.339, 'learning_rate': 1.1197113284094458e-05, 'epoch': 8.96}
{'loss': 0.3394, 'learning_rate': 1.1153812545511283e-05, 'epoch': 8.96}
{'loss': 0.3691, 'learning_rate': 1.1110511806928119e-05, 'epoch': 8.97}
{'loss': 0.3263, 'learning_rate': 1.1067211068344954e-05, 'epoch': 8.97}
{'loss': 0.3589, 'learning_rate': 1.1023910329761778e-05, 'epoch': 8.98}
{'loss': 0.336, 'learning_rate': 1.0980609591178613e-05, 'epoch': 8.98}
{'loss': 0.356, 'learning_rate': 1.093730885259545e-05, 'epoch': 8.98}
{'loss': 0.3227, 'learning_rate': 1.0894008114012272e-05, 'epoch': 8.99}
{'loss': 0.3383, 'learning_rate': 1.0850707375429109e-05, 'epoch': 8.99}
{'loss': 0.3362, 'learning_rate': 1.0807406636845944e-05, 'epoch': 9.0}
[INFO|trainer.py:520] 2026-10-04 16:50:06,915 >> The following columns in the evaluation set  don't have a corresponding argument in `PETLEncModel.forward` and have been ignored: hypothesis, idx, premise.
[INFO|trainer.py:2179] 2026-10-04 16:50:06,916 >> ***** Running Evaluation *****
[INFO|trainer.py:2181] 2026-10-04 16:50:06,916 >>   Num examples = 9815
[INFO|trainer.py:2184] 2026-10-04 16:50:06,916 >>   Batch size = 32
{'eval_loss': 0.36034125089645386, 'eval_accuracy': 0.8716250636780438, 'eval_runtime': 8.6531, 'eval_samples_per_second': 1134.28, 'eval_steps_per_second': 35.479, 'epoch': 9.0}
[INFO|trainer.py:1933] 2026-10-04 16:50:15,570 >> Saving model checkpoint to checkpoints/glue/mnli/20261004/glue.mnli.adapter.am_adapter.ao_sequential.fm_adapter.fo_sequential.abn.fbn.ac_add.fl_none.finit_bert.fs_1.unfrz_ef_.ne10.warm0.06.wd0.1.seed6./checkpoint-110448
[INFO|configuration_utils.py:364] 2026-10-04 16:50:15,572 >> Configuration saved in checkpoints/glue/mnli/20261004/glue.mnli.adapter.am_adapter.ao_sequential.fm_adapter.fo_sequential.abn.fbn.ac_add.fl_none.finit_bert.fs_1.unfrz_ef_.ne10.warm0.06.wd0.1.seed6./checkpoint-110448/config.json
[INFO|modeling_utils.py:898] 2026-10-04 16:50:15,909 >> Model weights saved in checkpoints/glue/mnli/20261004/glue.mnli.adapter.am_adapter.ao_sequential.fm_adapter.fo_sequential.abn.fbn.ac_add.fl_none.finit_bert.fs_1.unfrz_ef_.ne10.warm0.06.wd0.1.seed6./checkpoint-110448/pytorch_model.bin
[INFO|tokenization_utils_base.py:1948] 2026-10-04 16:50:15,910 >> tokenizer config file saved in checkpoints/glue/mnli/20261004/glue.mnli.adapter.am_adapter.ao_sequential.fm_adapter.fo_sequential.abn.fbn.ac_add.fl_none.finit_bert.fs_1.unfrz_ef_.ne10.warm0.06.wd0.1.seed6./checkpoint-110448/tokenizer_config.json
[INFO|tokenization_utils_base.py:1954] 2026-10-04 16:50:15,911 >> Special tokens file saved in checkpoints/glue/mnli/20261004/glue.mnli.adapter.am_adapter.ao_sequential.fm_adapter.fo_sequential.abn.fbn.ac_add.fl_none.finit_bert.fs_1.unfrz_ef_.ne10.warm0.06.wd0.1.seed6./checkpoint-110448/special_tokens_map.json
[INFO|trainer.py:2009] 2026-10-04 16:50:16,010 >> Deleting older checkpoint [checkpoints/glue/mnli/20261004/glue.mnli.adapter.am_adapter.ao_sequential.fm_adapter.fo_sequential.abn.fbn.ac_add.fl_none.finit_bert.fs_1.unfrz_ef_.ne10.warm0.06.wd0.1.seed6./checkpoint-98176] due to args.save_total_limit
/work/unify-parameter-efficient-tuning/src/transformers/trainer.py:1784: FutureWarning: `torch.cuda.amp.autocast(args...)` is deprecated. Please use `torch.amp.autocast('cuda', args...)` instead.
  with autocast():
{'loss': 0.343, 'learning_rate': 1.0764105898262768e-05, 'epoch': 9.0}
{'loss': 0.3191, 'learning_rate': 1.0720805159679603e-05, 'epoch': 9.0}
{'loss': 0.3118, 'learning_rate': 1.0677504421096428e-05, 'epoch': 9.01}
{'loss': 0.327, 'learning_rate': 1.0634203682513262e-05, 'epoch': 9.01}
{'loss': 0.336, 'learning_rate': 1.0590902943930099e-05, 'epoch': 9.02}
{'loss': 0.3237, 'learning_rate': 1.0547602205346923e-05, 'epoch': 9.02}
{'loss': 0.3193, 'learning_rate': 1.0504301466763758e-05, 'epoch': 9.02}
{'loss': 0.3178, 'learning_rate': 1.0461000728180593e-05, 'epoch': 9.03}
{'loss': 0.3182, 'learning_rate': 1.0417699989597417e-05, 'epoch': 9.03}
{'loss': 0.3538, 'learning_rate': 1.0374399251014254e-05, 'epoch': 9.04}
{'loss': 0.3625, 'learning_rate': 1.0331098512431089e-05, 'epoch': 9.04}
{'loss': 0.3414, 'learning_rate': 1.0287797773847913e-05, 'epoch': 9.04}
{'loss': 0.3454, 'learning_rate': 1.0244497035264748e-05, 'epoch': 9.05}
{'loss': 0.3282, 'learning_rate': 1.0201196296681573e-05, 'epoch': 9.05}
{'loss': 0.329, 'learning_rate': 1.0157895558098407e-05, 'epoch': 9.06}
{'loss': 0.3236, 'learning_rate': 1.0114594819515244e-05, 'epoch': 9.06}
{'loss': 0.3201, 'learning_rate': 1.0071294080932067e-05, 'epoch': 9.07}
{'loss': 0.3282, 'learning_rate': 1.0027993342348903e-05, 'epoch': 9.07}
{'loss': 0.3631, 'learning_rate': 9.984692603765738e-06, 'epoch': 9.07}
{'loss': 0.3341, 'learning_rate': 9.941391865182563e-06, 'epoch': 9.08}
{'loss': 0.3622, 'learning_rate': 9.898091126599397e-06, 'epoch': 9.08}
{'loss': 0.3254, 'learning_rate': 9.854790388016234e-06, 'epoch': 9.09}
{'loss': 0.3149, 'learning_rate': 9.811489649433058e-06, 'epoch': 9.09}
{'loss': 0.3047, 'learning_rate': 9.768188910849893e-06, 'epoch': 9.09}
{'loss': 0.3263, 'learning_rate': 9.724888172266728e-06, 'epoch': 9.1}
{'loss': 0.3388, 'learning_rate': 9.681587433683552e-06, 'epoch': 9.1}
{'loss': 0.3496, 'learning_rate': 9.638286695100389e-06, 'epoch': 9.11}
{'loss': 0.3379, 'learning_rate': 9.594985956517212e-06, 'epoch': 9.11}
{'loss': 0.3241, 'learning_rate': 9.551685217934048e-06, 'epoch': 9.11}
{'loss': 0.3476, 'learning_rate': 9.508384479350883e-06, 'epoch': 9.12}
{'loss': 0.3219, 'learning_rate': 9.465083740767708e-06, 'epoch': 9.12}
{'loss': 0.3169, 'learning_rate': 9.421783002184542e-06, 'epoch': 9.13}
{'loss': 0.3352, 'learning_rate': 9.378482263601379e-06, 'epoch': 9.13}
{'loss': 0.3295, 'learning_rate': 9.335181525018202e-06, 'epoch': 9.13}
{'loss': 0.3508, 'learning_rate': 9.291880786435038e-06, 'epoch': 9.14}
{'loss': 0.329, 'learning_rate': 9.248580047851873e-06, 'epoch': 9.14}
{'loss': 0.3458, 'learning_rate': 9.205279309268697e-06, 'epoch': 9.15}
{'loss': 0.3166, 'learning_rate': 9.161978570685532e-06, 'epoch': 9.15}
{'loss': 0.3551, 'learning_rate': 9.118677832102357e-06, 'epoch': 9.15}
{'loss': 0.3544, 'learning_rate': 9.075377093519193e-06, 'epoch': 9.16}
{'loss': 0.3365, 'learning_rate': 9.032076354936028e-06, 'epoch': 9.16}
{'loss': 0.3514, 'learning_rate': 8.988775616352853e-06, 'epoch': 9.17}
{'loss': 0.3809, 'learning_rate': 8.945474877769687e-06, 'epoch': 9.17}
{'loss': 0.3468, 'learning_rate': 8.902174139186522e-06, 'epoch': 9.18}
{'loss': 0.3518, 'learning_rate': 8.858873400603347e-06, 'epoch': 9.18}
{'loss': 0.3321, 'learning_rate': 8.815572662020183e-06, 'epoch': 9.18}
{'loss': 0.3017, 'learning_rate': 8.772271923437018e-06, 'epoch': 9.19}
{'loss': 0.3566, 'learning_rate': 8.728971184853843e-06, 'epoch': 9.19}
{'loss': 0.3558, 'learning_rate': 8.685670446270677e-06, 'epoch': 9.2}
{'loss': 0.348, 'learning_rate': 8.642369707687502e-06, 'epoch': 9.2}
{'loss': 0.3303, 'learning_rate': 8.599068969104337e-06, 'epoch': 9.2}
{'loss': 0.3445, 'learning_rate': 8.556634245292835e-06, 'epoch': 9.21}
{'loss': 0.3227, 'learning_rate': 8.51333350670966e-06, 'epoch': 9.21}
{'loss': 0.3521, 'learning_rate': 8.470032768126495e-06, 'epoch': 9.22}
{'loss': 0.3421, 'learning_rate': 8.426732029543331e-06, 'epoch': 9.22}
{'loss': 0.3615, 'learning_rate': 8.383431290960156e-06, 'epoch': 9.22}
{'loss': 0.3715, 'learning_rate': 8.34013055237699e-06, 'epoch': 9.23}
{'loss': 0.364, 'learning_rate': 8.296829813793825e-06, 'epoch': 9.23}
{'loss': 0.3402, 'learning_rate': 8.25352907521065e-06, 'epoch': 9.24}
{'loss': 0.3076, 'learning_rate': 8.210228336627486e-06, 'epoch': 9.24}
{'loss': 0.3383, 'learning_rate': 8.166927598044321e-06, 'epoch': 9.24}
{'loss': 0.3331, 'learning_rate': 8.123626859461146e-06, 'epoch': 9.25}
{'loss': 0.3344, 'learning_rate': 8.08032612087798e-06, 'epoch': 9.25}
{'loss': 0.309, 'learning_rate': 8.037025382294805e-06, 'epoch': 9.26}
{'loss': 0.3039, 'learning_rate': 7.99372464371164e-06, 'epoch': 9.26}
{'loss': 0.3468, 'learning_rate': 7.950423905128476e-06, 'epoch': 9.26}
{'loss': 0.3015, 'learning_rate': 7.907123166545299e-06, 'epoch': 9.27}
{'loss': 0.3157, 'learning_rate': 7.863822427962136e-06, 'epoch': 9.27}
{'loss': 0.3327, 'learning_rate': 7.82052168937897e-06, 'epoch': 9.28}
{'loss': 0.3209, 'learning_rate': 7.777220950795795e-06, 'epoch': 9.28}
{'loss': 0.3339, 'learning_rate': 7.73392021221263e-06, 'epoch': 9.29}
{'loss': 0.345, 'learning_rate': 7.690619473629464e-06, 'epoch': 9.29}
{'loss': 0.3432, 'learning_rate': 7.647318735046289e-06, 'epoch': 9.29}
{'loss': 0.3199, 'learning_rate': 7.604017996463124e-06, 'epoch': 9.3}
{'loss': 0.3261, 'learning_rate': 7.560717257879959e-06, 'epoch': 9.3}
{'loss': 0.3278, 'learning_rate': 7.517416519296784e-06, 'epoch': 9.31}
{'loss': 0.3338, 'learning_rate': 7.4741157807136195e-06, 'epoch': 9.31}
{'loss': 0.3256, 'learning_rate': 7.430815042130444e-06, 'epoch': 9.31}
{'loss': 0.3557, 'learning_rate': 7.387514303547279e-06, 'epoch': 9.32}
{'loss': 0.3712, 'learning_rate': 7.3442135649641145e-06, 'epoch': 9.32}
{'loss': 0.3136, 'learning_rate': 7.300912826380939e-06, 'epoch': 9.33}
{'loss': 0.3654, 'learning_rate': 7.257612087797775e-06, 'epoch': 9.33}
{'loss': 0.3192, 'learning_rate': 7.21431134921461e-06, 'epoch': 9.33}
{'loss': 0.32, 'learning_rate': 7.171010610631435e-06, 'epoch': 9.34}
{'loss': 0.3402, 'learning_rate': 7.1277098720482705e-06, 'epoch': 9.34}
{'loss': 0.3332, 'learning_rate': 7.084409133465104e-06, 'epoch': 9.35}
{'loss': 0.3366, 'learning_rate': 7.041108394881929e-06, 'epoch': 9.35}
{'loss': 0.3496, 'learning_rate': 6.997807656298765e-06, 'epoch': 9.35}
{'loss': 0.3336, 'learning_rate': 6.9545069177155875e-06, 'epoch': 9.36}
{'loss': 0.3467, 'learning_rate': 6.911206179132423e-06, 'epoch': 9.36}
{'loss': 0.3356, 'learning_rate': 6.867905440549259e-06, 'epoch': 9.37}
{'loss': 0.3155, 'learning_rate': 6.824604701966083e-06, 'epoch': 9.37}
{'loss': 0.3522, 'learning_rate': 6.781303963382919e-06, 'epoch': 9.38}
{'loss': 0.3444, 'learning_rate': 6.7380032247997545e-06, 'epoch': 9.38}
{'loss': 0.3401, 'learning_rate': 6.694702486216578e-06, 'epoch': 9.38}
{'loss': 0.3328, 'learning_rate': 6.651401747633414e-06, 'epoch': 9.39}
{'loss': 0.3435, 'learning_rate': 6.6081010090502494e-06, 'epoch': 9.39}
{'loss': 0.3502, 'learning_rate': 6.564800270467074e-06, 'epoch': 9.4}
{'loss': 0.3263, 'learning_rate': 6.521499531883908e-06, 'epoch': 9.4}
{'loss': 0.334, 'learning_rate': 6.478198793300734e-06, 'epoch': 9.4}
{'loss': 0.2998, 'learning_rate': 6.434898054717568e-06, 'epoch': 9.41}
{'loss': 0.3268, 'learning_rate': 6.391597316134404e-06, 'epoch': 9.41}
{'loss': 0.364, 'learning_rate': 6.348296577551228e-06, 'epoch': 9.42}
{'loss': 0.2994, 'learning_rate': 6.304995838968064e-06, 'epoch': 9.42}
{'loss': 0.3526, 'learning_rate': 6.2616951003848995e-06, 'epoch': 9.42}
{'loss': 0.3261, 'learning_rate': 6.218394361801723e-06, 'epoch': 9.43}
{'loss': 0.3483, 'learning_rate': 6.175093623218559e-06, 'epoch': 9.43}
{'loss': 0.3423, 'learning_rate': 6.1317928846353945e-06, 'epoch': 9.44}
{'loss': 0.3461, 'learning_rate': 6.088492146052218e-06, 'epoch': 9.44}
{'loss': 0.3356, 'learning_rate': 6.045191407469054e-06, 'epoch': 9.44}
{'loss': 0.3623, 'learning_rate': 6.0018906688858894e-06, 'epoch': 9.45}
{'loss': 0.352, 'learning_rate': 5.958589930302713e-06, 'epoch': 9.45}
{'loss': 0.3519, 'learning_rate': 5.915289191719549e-06, 'epoch': 9.46}
{'loss': 0.3657, 'learning_rate': 5.871988453136373e-06, 'epoch': 9.46}
{'loss': 0.3297, 'learning_rate': 5.828687714553209e-06, 'epoch': 9.46}
{'loss': 0.3283, 'learning_rate': 5.785386975970044e-06, 'epoch': 9.47}
{'loss': 0.3221, 'learning_rate': 5.742086237386868e-06, 'epoch': 9.47}
{'loss': 0.3282, 'learning_rate': 5.698785498803704e-06, 'epoch': 9.48}
{'loss': 0.3232, 'learning_rate': 5.655484760220539e-06, 'epoch': 9.48}
{'loss': 0.3535, 'learning_rate': 5.612184021637363e-06, 'epoch': 9.49}
{'loss': 0.3383, 'learning_rate': 5.568883283054199e-06, 'epoch': 9.49}
{'loss': 0.3071, 'learning_rate': 5.525582544471034e-06, 'epoch': 9.49}
{'loss': 0.3576, 'learning_rate': 5.482281805887858e-06, 'epoch': 9.5}
{'loss': 0.3261, 'learning_rate': 5.438981067304694e-06, 'epoch': 9.5}
{'loss': 0.3752, 'learning_rate': 5.3956803287215176e-06, 'epoch': 9.51}
{'loss': 0.347, 'learning_rate': 5.352379590138353e-06, 'epoch': 9.51}
{'loss': 0.3607, 'learning_rate': 5.309078851555189e-06, 'epoch': 9.51}
{'loss': 0.3362, 'learning_rate': 5.265778112972013e-06, 'epoch': 9.52}
{'loss': 0.3326, 'learning_rate': 5.222477374388848e-06, 'epoch': 9.52}
{'loss': 0.3703, 'learning_rate': 5.179176635805684e-06, 'epoch': 9.53}
{'loss': 0.304, 'learning_rate': 5.135875897222508e-06, 'epoch': 9.53}
{'loss': 0.325, 'learning_rate': 5.092575158639343e-06, 'epoch': 9.53}
{'loss': 0.3234, 'learning_rate': 5.049274420056179e-06, 'epoch': 9.54}
{'loss': 0.3415, 'learning_rate': 5.005973681473003e-06, 'epoch': 9.54}
{'loss': 0.318, 'learning_rate': 4.962672942889839e-06, 'epoch': 9.55}
{'loss': 0.3206, 'learning_rate': 4.919372204306663e-06, 'epoch': 9.55}
{'loss': 0.3697, 'learning_rate': 4.876071465723498e-06, 'epoch': 9.55}
{'loss': 0.3508, 'learning_rate': 4.832770727140334e-06, 'epoch': 9.56}
{'loss': 0.3317, 'learning_rate': 4.7894699885571575e-06, 'epoch': 9.56}
{'loss': 0.3638, 'learning_rate': 4.746169249973993e-06, 'epoch': 9.57}
{'loss': 0.3401, 'learning_rate': 4.702868511390829e-06, 'epoch': 9.57}
{'loss': 0.3637, 'learning_rate': 4.6595677728076525e-06, 'epoch': 9.57}
{'loss': 0.3396, 'learning_rate': 4.616267034224488e-06, 'epoch': 9.58}
{'loss': 0.3428, 'learning_rate': 4.572966295641324e-06, 'epoch': 9.58}
{'loss': 0.3811, 'learning_rate': 4.5296655570581474e-06, 'epoch': 9.59}
{'loss': 0.33, 'learning_rate': 4.486364818474983e-06, 'epoch': 9.59}
{'loss': 0.3609, 'learning_rate': 4.443064079891819e-06, 'epoch': 9.6}
{'loss': 0.3257, 'learning_rate': 4.399763341308643e-06, 'epoch': 9.6}
{'loss': 0.3565, 'learning_rate': 4.356462602725478e-06, 'epoch': 9.6}
{'loss': 0.3318, 'learning_rate': 4.313161864142303e-06, 'epoch': 9.61}
{'loss': 0.3491, 'learning_rate': 4.269861125559138e-06, 'epoch': 9.61}
{'loss': 0.3358, 'learning_rate': 4.226560386975973e-06, 'epoch': 9.62}
{'loss': 0.3553, 'learning_rate': 4.1832596483927975e-06, 'epoch': 9.62}
{'loss': 0.324, 'learning_rate': 4.140824924581296e-06, 'epoch': 9.62}
{'loss': 0.321, 'learning_rate': 4.097524185998131e-06, 'epoch': 9.63}
{'loss': 0.3068, 'learning_rate': 4.054223447414956e-06, 'epoch': 9.63}
{'loss': 0.3643, 'learning_rate': 4.010922708831791e-06, 'epoch': 9.64}
{'loss': 0.3306, 'learning_rate': 3.967621970248627e-06, 'epoch': 9.64}
{'loss': 0.359, 'learning_rate': 3.9243212316654506e-06, 'epoch': 9.64}
{'loss': 0.3361, 'learning_rate': 3.881020493082286e-06, 'epoch': 9.65}
{'loss': 0.3501, 'learning_rate': 3.838585769270785e-06, 'epoch': 9.65}
{'loss': 0.3282, 'learning_rate': 3.7952850306876087e-06, 'epoch': 9.66}
{'loss': 0.355, 'learning_rate': 3.7519842921044443e-06, 'epoch': 9.66}
{'loss': 0.3437, 'learning_rate': 3.708683553521269e-06, 'epoch': 9.66}
{'loss': 0.3177, 'learning_rate': 3.6653828149381045e-06, 'epoch': 9.67}
{'loss': 0.3835, 'learning_rate': 3.622082076354939e-06, 'epoch': 9.67}
{'loss': 0.3543, 'learning_rate': 3.578781337771763e-06, 'epoch': 9.68}
{'loss': 0.362, 'learning_rate': 3.535480599188599e-06, 'epoch': 9.68}
{'loss': 0.3369, 'learning_rate': 3.4921798606054346e-06, 'epoch': 9.68}
{'loss': 0.3218, 'learning_rate': 3.448879122022259e-06, 'epoch': 9.69}
{'loss': 0.3438, 'learning_rate': 3.405578383439094e-06, 'epoch': 9.69}
{'loss': 0.3188, 'learning_rate': 3.3622776448559295e-06, 'epoch': 9.7}
{'loss': 0.3458, 'learning_rate': 3.3189769062727533e-06, 'epoch': 9.7}
{'loss': 0.3236, 'learning_rate': 3.275676167689589e-06, 'epoch': 9.71}
{'loss': 0.3102, 'learning_rate': 3.2323754291064135e-06, 'epoch': 9.71}
{'loss': 0.3608, 'learning_rate': 3.1899407052949118e-06, 'epoch': 9.71}
{'loss': 0.3504, 'learning_rate': 3.1466399667117474e-06, 'epoch': 9.72}
{'loss': 0.3475, 'learning_rate': 3.1033392281285716e-06, 'epoch': 9.72}
{'loss': 0.3792, 'learning_rate': 3.0600384895454067e-06, 'epoch': 9.73}
{'loss': 0.3351, 'learning_rate': 3.0167377509622423e-06, 'epoch': 9.73}
{'loss': 0.322, 'learning_rate': 2.9734370123790665e-06, 'epoch': 9.73}
{'loss': 0.3453, 'learning_rate': 2.9301362737959017e-06, 'epoch': 9.74}
{'loss': 0.339, 'learning_rate': 2.8868355352127373e-06, 'epoch': 9.74}
{'loss': 0.3366, 'learning_rate': 2.8435347966295615e-06, 'epoch': 9.75}
{'loss': 0.3314, 'learning_rate': 2.800234058046397e-06, 'epoch': 9.75}
{'loss': 0.3257, 'learning_rate': 2.7569333194632322e-06, 'epoch': 9.75}
{'loss': 0.3283, 'learning_rate': 2.7136325808800564e-06, 'epoch': 9.76}
{'loss': 0.3401, 'learning_rate': 2.670331842296892e-06, 'epoch': 9.76}
{'loss': 0.3225, 'learning_rate': 2.627031103713716e-06, 'epoch': 9.77}
{'loss': 0.3326, 'learning_rate': 2.5837303651305518e-06, 'epoch': 9.77}
{'loss': 0.3464, 'learning_rate': 2.540429626547387e-06, 'epoch': 9.77}
{'loss': 0.3038, 'learning_rate': 2.497128887964211e-06, 'epoch': 9.78}
{'loss': 0.3262, 'learning_rate': 2.4538281493810467e-06, 'epoch': 9.78}
{'loss': 0.3292, 'learning_rate': 2.410527410797882e-06, 'epoch': 9.79}
{'loss': 0.3356, 'learning_rate': 2.3672266722147065e-06, 'epoch': 9.79}
{'loss': 0.3164, 'learning_rate': 2.3239259336315417e-06, 'epoch': 9.79}
{'loss': 0.335, 'learning_rate': 2.280625195048377e-06, 'epoch': 9.8}
{'loss': 0.3268, 'learning_rate': 2.2373244564652014e-06, 'epoch': 9.8}
{'loss': 0.3465, 'learning_rate': 2.1940237178820366e-06, 'epoch': 9.81}
{'loss': 0.2978, 'learning_rate': 2.150722979298861e-06, 'epoch': 9.81}
{'loss': 0.347, 'learning_rate': 2.1074222407156964e-06, 'epoch': 9.82}
{'loss': 0.3244, 'learning_rate': 2.0641215021325316e-06, 'epoch': 9.82}
{'loss': 0.3221, 'learning_rate': 2.020820763549356e-06, 'epoch': 9.82}
{'loss': 0.3074, 'learning_rate': 1.9775200249661913e-06, 'epoch': 9.83}
{'loss': 0.3453, 'learning_rate': 1.934219286383027e-06, 'epoch': 9.83}
{'loss': 0.3699, 'learning_rate': 1.8909185477998511e-06, 'epoch': 9.84}
{'loss': 0.3243, 'learning_rate': 1.8476178092166867e-06, 'epoch': 9.84}
{'loss': 0.3773, 'learning_rate': 1.8043170706335217e-06, 'epoch': 9.84}
{'loss': 0.3372, 'learning_rate': 1.7610163320503458e-06, 'epoch': 9.85}
{'loss': 0.2995, 'learning_rate': 1.7177155934671817e-06, 'epoch': 9.85}
{'loss': 0.3541, 'learning_rate': 1.6744148548840058e-06, 'epoch': 9.86}
{'loss': 0.3107, 'learning_rate': 1.6311141163008414e-06, 'epoch': 9.86}
{'loss': 0.3502, 'learning_rate': 1.5878133777176768e-06, 'epoch': 9.86}
{'loss': 0.3412, 'learning_rate': 1.5445126391345008e-06, 'epoch': 9.87}
{'loss': 0.3407, 'learning_rate': 1.5012119005513364e-06, 'epoch': 9.87}
{'loss': 0.34, 'learning_rate': 1.4579111619681716e-06, 'epoch': 9.88}
{'loss': 0.3249, 'learning_rate': 1.4146104233849962e-06, 'epoch': 9.88}
{'loss': 0.3436, 'learning_rate': 1.3713096848018313e-06, 'epoch': 9.88}
{'loss': 0.3202, 'learning_rate': 1.3280089462186665e-06, 'epoch': 9.89}
{'loss': 0.2897, 'learning_rate': 1.284708207635491e-06, 'epoch': 9.89}
{'loss': 0.3339, 'learning_rate': 1.2414074690523263e-06, 'epoch': 9.9}
{'loss': 0.3508, 'learning_rate': 1.1981067304691619e-06, 'epoch': 9.9}
{'loss': 0.3342, 'learning_rate': 1.154805991885986e-06, 'epoch': 9.9}
{'loss': 0.3587, 'learning_rate': 1.1115052533028212e-06, 'epoch': 9.91}
{'loss': 0.3237, 'learning_rate': 1.0682045147196458e-06, 'epoch': 9.91}
{'loss': 0.3214, 'learning_rate': 1.024903776136481e-06, 'epoch': 9.92}
{'loss': 0.3382, 'learning_rate': 9.816030375533166e-07, 'epoch': 9.92}
{'loss': 0.3544, 'learning_rate': 9.383022989701408e-07, 'epoch': 9.93}
{'loss': 0.3226, 'learning_rate': 8.950015603869763e-07, 'epoch': 9.93}
{'loss': 0.3343, 'learning_rate': 8.517008218038116e-07, 'epoch': 9.93}
{'loss': 0.3423, 'learning_rate': 8.084000832206359e-07, 'epoch': 9.94}
{'loss': 0.3178, 'learning_rate': 7.650993446374711e-07, 'epoch': 9.94}
{'loss': 0.3348, 'learning_rate': 7.217986060543065e-07, 'epoch': 9.95}
{'loss': 0.3513, 'learning_rate': 6.784978674711308e-07, 'epoch': 9.95}
{'loss': 0.3124, 'learning_rate': 6.351971288879662e-07, 'epoch': 9.95}
{'loss': 0.3313, 'learning_rate': 5.918963903047904e-07, 'epoch': 9.96}
{'loss': 0.3399, 'learning_rate': 5.485956517216258e-07, 'epoch': 9.96}
{'loss': 0.3512, 'learning_rate': 5.052949131384612e-07, 'epoch': 9.97}
{'loss': 0.3411, 'learning_rate': 4.6199417455528555e-07, 'epoch': 9.97}
{'loss': 0.324, 'learning_rate': 4.1869343597212083e-07, 'epoch': 9.97}
{'loss': 0.3182, 'learning_rate': 3.753926973889563e-07, 'epoch': 9.98}
{'loss': 0.3368, 'learning_rate': 3.3209195880578055e-07, 'epoch': 9.98}
{'loss': 0.3663, 'learning_rate': 2.8879122022261594e-07, 'epoch': 9.99}
{'loss': 0.339, 'learning_rate': 2.4549048163945133e-07, 'epoch': 9.99}
{'loss': 0.3237, 'learning_rate': 2.021897430562756e-07, 'epoch': 9.99}
{'loss': 0.36, 'learning_rate': 1.58889004473111e-07, 'epoch': 10.0}
[INFO|trainer.py:520] 2026-10-04 16:55:10,760 >> The following columns in the evaluation set  don't have a corresponding argument in `PETLEncModel.forward` and have been ignored: hypothesis, idx, premise.
[INFO|trainer.py:2179] 2026-10-04 16:55:10,762 >> ***** Running Evaluation *****
[INFO|trainer.py:2181] 2026-10-04 16:55:10,762 >>   Num examples = 9815
[INFO|trainer.py:2184] 2026-10-04 16:55:10,762 >>   Batch size = 32
{'eval_loss': 0.3561386168003082, 'eval_accuracy': 0.8723382577687213, 'eval_runtime': 8.6785, 'eval_samples_per_second': 1130.953, 'eval_steps_per_second': 35.375, 'epoch': 10.0}
[INFO|trainer.py:1933] 2026-10-04 16:55:19,442 >> Saving model checkpoint to checkpoints/glue/mnli/20261004/glue.mnli.adapter.am_adapter.ao_sequential.fm_adapter.fo_sequential.abn.fbn.ac_add.fl_none.finit_bert.fs_1.unfrz_ef_.ne10.warm0.06.wd0.1.seed6./checkpoint-122720
[INFO|configuration_utils.py:364] 2026-10-04 16:55:19,443 >> Configuration saved in checkpoints/glue/mnli/20261004/glue.mnli.adapter.am_adapter.ao_sequential.fm_adapter.fo_sequential.abn.fbn.ac_add.fl_none.finit_bert.fs_1.unfrz_ef_.ne10.warm0.06.wd0.1.seed6./checkpoint-122720/config.json
[INFO|modeling_utils.py:898] 2026-10-04 16:55:19,793 >> Model weights saved in checkpoints/glue/mnli/20261004/glue.mnli.adapter.am_adapter.ao_sequential.fm_adapter.fo_sequential.abn.fbn.ac_add.fl_none.finit_bert.fs_1.unfrz_ef_.ne10.warm0.06.wd0.1.seed6./checkpoint-122720/pytorch_model.bin
[INFO|tokenization_utils_base.py:1948] 2026-10-04 16:55:19,794 >> tokenizer config file saved in checkpoints/glue/mnli/20261004/glue.mnli.adapter.am_adapter.ao_sequential.fm_adapter.fo_sequential.abn.fbn.ac_add.fl_none.finit_bert.fs_1.unfrz_ef_.ne10.warm0.06.wd0.1.seed6./checkpoint-122720/tokenizer_config.json
[INFO|tokenization_utils_base.py:1954] 2026-10-04 16:55:19,795 >> Special tokens file saved in checkpoints/glue/mnli/20261004/glue.mnli.adapter.am_adapter.ao_sequential.fm_adapter.fo_sequential.abn.fbn.ac_add.fl_none.finit_bert.fs_1.unfrz_ef_.ne10.warm0.06.wd0.1.seed6./checkpoint-122720/special_tokens_map.json
[INFO|trainer.py:2009] 2026-10-04 16:55:19,871 >> Deleting older checkpoint [checkpoints/glue/mnli/20261004/glue.mnli.adapter.am_adapter.ao_sequential.fm_adapter.fo_sequential.abn.fbn.ac_add.fl_none.finit_bert.fs_1.unfrz_ef_.ne10.warm0.06.wd0.1.seed6./checkpoint-85904] due to args.save_total_limit
[INFO|trainer.py:1382] 2026-10-04 16:55:19,883 >> 

Training completed. Do not forget to share your model on huggingface.co/models =)


[INFO|trainer.py:1390] 2026-10-04 16:55:19,883 >> Loading best model from checkpoints/glue/mnli/20261004/glue.mnli.adapter.am_adapter.ao_sequential.fm_adapter.fo_sequential.abn.fbn.ac_add.fl_none.finit_bert.fs_1.unfrz_ef_.ne10.warm0.06.wd0.1.seed6./checkpoint-122720 (score: 0.8723382577687213).
{'train_runtime': 3236.2949, 'train_samples_per_second': 1213.431, 'train_steps_per_second': 37.92, 'train_loss': 0.4029343340356471, 'epoch': 10.0}
[INFO|trainer.py:1933] 2026-10-04 16:55:20,186 >> Saving model checkpoint to checkpoints/glue/mnli/20261004/glue.mnli.adapter.am_adapter.ao_sequential.fm_adapter.fo_sequential.abn.fbn.ac_add.fl_none.finit_bert.fs_1.unfrz_ef_.ne10.warm0.06.wd0.1.seed6.
[INFO|configuration_utils.py:364] 2026-10-04 16:55:20,187 >> Configuration saved in checkpoints/glue/mnli/20261004/glue.mnli.adapter.am_adapter.ao_sequential.fm_adapter.fo_sequential.abn.fbn.ac_add.fl_none.finit_bert.fs_1.unfrz_ef_.ne10.warm0.06.wd0.1.seed6./config.json
[INFO|modeling_utils.py:898] 2026-10-04 16:55:20,551 >> Model weights saved in checkpoints/glue/mnli/20261004/glue.mnli.adapter.am_adapter.ao_sequential.fm_adapter.fo_sequential.abn.fbn.ac_add.fl_none.finit_bert.fs_1.unfrz_ef_.ne10.warm0.06.wd0.1.seed6./pytorch_model.bin
[INFO|tokenization_utils_base.py:1948] 2026-10-04 16:55:20,552 >> tokenizer config file saved in checkpoints/glue/mnli/20261004/glue.mnli.adapter.am_adapter.ao_sequential.fm_adapter.fo_sequential.abn.fbn.ac_add.fl_none.finit_bert.fs_1.unfrz_ef_.ne10.warm0.06.wd0.1.seed6./tokenizer_config.json
[INFO|tokenization_utils_base.py:1954] 2026-10-04 16:55:20,553 >> Special tokens file saved in checkpoints/glue/mnli/20261004/glue.mnli.adapter.am_adapter.ao_sequential.fm_adapter.fo_sequential.abn.fbn.ac_add.fl_none.finit_bert.fs_1.unfrz_ef_.ne10.warm0.06.wd0.1.seed6./special_tokens_map.json
***** train metrics *****
  epoch                    =       10.0
  train_loss               =     0.4029
  train_runtime            = 0:53:56.29
  train_samples            =     392702
  train_samples_per_second =   1213.431
  train_steps_per_second   =      37.92
10/04/2026 16:55:20 - INFO - __main__ -   *** Evaluate ***
[INFO|trainer.py:520] 2026-10-04 16:55:20,618 >> The following columns in the evaluation set  don't have a corresponding argument in `PETLEncModel.forward` and have been ignored: hypothesis, idx, premise.
[INFO|trainer.py:2179] 2026-10-04 16:55:20,619 >> ***** Running Evaluation *****
[INFO|trainer.py:2181] 2026-10-04 16:55:20,619 >>   Num examples = 9815
[INFO|trainer.py:2184] 2026-10-04 16:55:20,619 >>   Batch size = 32
{'eval_loss': 0.3561386168003082, 'eval_accuracy': 0.8723382577687213, 'eval_runtime': 8.6178, 'eval_samples_per_second': 1138.918, 'eval_steps_per_second': 35.624, 'epoch': 10.0}
***** eval metrics *****
  epoch                   =       10.0
  eval_accuracy           =     0.8723
  eval_loss               =     0.3561
  eval_runtime            = 0:00:08.61
  eval_samples            =       9815
  eval_samples_per_second =   1138.918
  eval_steps_per_second   =     35.624
[INFO|trainer.py:520] 2026-10-04 16:55:29,239 >> The following columns in the evaluation set  don't have a corresponding argument in `PETLEncModel.forward` and have been ignored: hypothesis, idx, premise.
[INFO|trainer.py:2179] 2026-10-04 16:55:29,240 >> ***** Running Evaluation *****
[INFO|trainer.py:2181] 2026-10-04 16:55:29,240 >>   Num examples = 9832
[INFO|trainer.py:2184] 2026-10-04 16:55:29,240 >>   Batch size = 32
{'eval_loss': 0.35883334279060364, 'eval_accuracy': 0.8711350691619203, 'eval_runtime': 8.8309, 'eval_samples_per_second': 1113.359, 'eval_steps_per_second': 34.877, 'epoch': 10.0}
***** eval metrics *****
  epoch                   =       10.0
  eval_accuracy           =     0.8711
  eval_loss               =     0.3588
  eval_runtime            = 0:00:08.83
  eval_samples            =       9815
  eval_samples_per_second =   1113.359
  eval_steps_per_second   =     34.877
