checkpoints/glue/mnli/20261004/glue.mnli.adapter.am_adapter.ao_sequential.fm_adapter.fo_sequential.abn.fbn.ac_add.fl_none.finit_bert.fs_1.unfrz_ef_.ne10.warm0.06.wd0.1.seed8.
10/04/2026 16:07:45 - WARNING - __main__ -   Process rank: -1, device: cuda:0, n_gpu: 1distributed training: False, 16-bits training: True
10/04/2026 16:07:45 - INFO - __main__ -   Training/evaluation parameters TrainingArguments(
_n_gpu=1,
adafactor=False,
adam_beta1=0.9,
adam_beta2=0.98,
adam_epsilon=1e-06,
dataloader_drop_last=False,
dataloader_num_workers=0,
dataloader_pin_memory=True,
ddp_find_unused_parameters=False,
debug=[],
deepspeed=None,
disable_tqdm=True,
do_eval=True,
do_predict=False,
do_train=True,
eval_accumulation_steps=None,
eval_steps=5000,
evaluation_strategy=IntervalStrategy.EPOCH,
fp16=True,
fp16_backend=auto,
fp16_full_eval=False,
fp16_opt_level=O1,
gradient_accumulation_steps=1,
greater_is_better=True,
group_by_length=False,
ignore_data_skip=False,
label_names=None,
label_smoothing_factor=0.0,
learning_rate=0.0001,
length_column_name=length,
load_best_model_at_end=True,
local_rank=-1,
log_level=-1,
log_level_replica=-1,
log_on_each_node=True,
logging_dir=checkpoints/glue/mnli/20261004/glue.mnli.adapter.am_adapter.ao_sequential.fm_adapter.fo_sequential.abn.fbn.ac_add.fl_none.finit_bert.fs_1.unfrz_ef_.ne10.warm0.06.wd0.1.seed8./runs/Oct04_16-07-45_j-12410940-job-0,
logging_first_step=False,
logging_steps=50,
logging_strategy=IntervalStrategy.STEPS,
lr_scheduler_type=SchedulerType.POLYNOMIAL,
max_grad_norm=1.0,
max_steps=-1,
metric_for_best_model=accuracy,
mp_parameters=,
no_cuda=False,
num_train_epochs=10.0,
output_dir=checkpoints/glue/mnli/20261004/glue.mnli.adapter.am_adapter.ao_sequential.fm_adapter.fo_sequential.abn.fbn.ac_add.fl_none.finit_bert.fs_1.unfrz_ef_.ne10.warm0.06.wd0.1.seed8.,
overwrite_output_dir=True,
past_index=-1,
per_device_eval_batch_size=32,
per_device_train_batch_size=32,
prediction_loss_only=False,
push_to_hub=False,
push_to_hub_model_id=glue.mnli.adapter.am_adapter.ao_sequential.fm_adapter.fo_sequential.abn.fbn.ac_add.fl_none.finit_bert.fs_1.unfrz_ef_.ne10.warm0.06.wd0.1.seed8.,
push_to_hub_organization=None,
push_to_hub_token=None,
remove_unused_columns=True,
report_to=[],
resume_from_checkpoint=None,
run_name=mnli.20261004.glue.mnli.adapter.am_adapter.ao_sequential.fm_adapter.fo_sequential.abn.fbn.ac_add.fl_none.finit_bert.fs_1.unfrz_ef_.ne10.warm0.06.wd0.1.seed8.,
save_steps=5000,
save_strategy=IntervalStrategy.EPOCH,
save_total_limit=2,
seed=8,
sharded_ddp=[],
skip_memory_metrics=True,
tpu_metrics_debug=False,
tpu_num_cores=None,
use_legacy_prediction_loop=False,
warmup_ratio=0.06,
warmup_steps=0,
weight_decay=0.1,
)
10/04/2026 16:07:46 - WARNING - datasets.builder -   Reusing dataset glue (checkpoints/hf_model/glue/mnli/1.0.0/dacbe3125aa31d7f70367a07a8a9e72a5a0bfeb5fc42e75c9db75b96da6053ad)
[INFO|configuration_utils.py:528] 2026-10-04 16:07:46,778 >> loading configuration file /work/unify-parameter-efficient-tuning/_setup/models/roberta-base/config.json
[INFO|configuration_utils.py:566] 2026-10-04 16:07:46,779 >> Model config RobertaConfig {
  "architectures": [
    "RobertaForMaskedLM"
  ],
  "attention_probs_dropout_prob": 0.1,
  "bos_token_id": 0,
  "eos_token_id": 2,
  "finetuning_task": "mnli",
  "gradient_checkpointing": false,
  "hidden_act": "gelu",
  "hidden_dropout_prob": 0.1,
  "hidden_size": 768,
  "id2label": {
    "0": "LABEL_0",
    "1": "LABEL_1",
    "2": "LABEL_2"
  },
  "initializer_range": 0.02,
  "intermediate_size": 3072,
  "label2id": {
    "LABEL_0": 0,
    "LABEL_1": 1,
    "LABEL_2": 2
  },
  "layer_norm_eps": 1e-05,
  "max_position_embeddings": 514,
  "model_type": "roberta",
  "num_attention_heads": 12,
  "num_hidden_layers": 12,
  "pad_token_id": 1,
  "position_embedding_type": "absolute",
  "transformers_version": "4.9.0.dev0",
  "type_vocab_size": 1,
  "use_cache": true,
  "vocab_size": 50265
}

[INFO|tokenization_auto.py:427] 2026-10-04 16:07:46,779 >> Could not locate the tokenizer configuration file, will try to use the model config instead.
[INFO|configuration_utils.py:528] 2026-10-04 16:07:46,779 >> loading configuration file /work/unify-parameter-efficient-tuning/_setup/models/roberta-base/config.json
[INFO|configuration_utils.py:566] 2026-10-04 16:07:46,779 >> Model config RobertaConfig {
  "architectures": [
    "RobertaForMaskedLM"
  ],
  "attention_probs_dropout_prob": 0.1,
  "bos_token_id": 0,
  "eos_token_id": 2,
  "gradient_checkpointing": false,
  "hidden_act": "gelu",
  "hidden_dropout_prob": 0.1,
  "hidden_size": 768,
  "initializer_range": 0.02,
  "intermediate_size": 3072,
  "layer_norm_eps": 1e-05,
  "max_position_embeddings": 514,
  "model_type": "roberta",
  "num_attention_heads": 12,
  "num_hidden_layers": 12,
  "pad_token_id": 1,
  "position_embedding_type": "absolute",
  "transformers_version": "4.9.0.dev0",
  "type_vocab_size": 1,
  "use_cache": true,
  "vocab_size": 50265
}

[INFO|tokenization_utils_base.py:1651] 2026-10-04 16:07:46,779 >> Didn't find file /work/unify-parameter-efficient-tuning/_setup/models/roberta-base/added_tokens.json. We won't load it.
[INFO|tokenization_utils_base.py:1651] 2026-10-04 16:07:46,779 >> Didn't find file /work/unify-parameter-efficient-tuning/_setup/models/roberta-base/special_tokens_map.json. We won't load it.
[INFO|tokenization_utils_base.py:1651] 2026-10-04 16:07:46,779 >> Didn't find file /work/unify-parameter-efficient-tuning/_setup/models/roberta-base/tokenizer_config.json. We won't load it.
[INFO|tokenization_utils_base.py:1715] 2026-10-04 16:07:46,779 >> loading file /work/unify-parameter-efficient-tuning/_setup/models/roberta-base/vocab.json
[INFO|tokenization_utils_base.py:1715] 2026-10-04 16:07:46,779 >> loading file /work/unify-parameter-efficient-tuning/_setup/models/roberta-base/merges.txt
[INFO|tokenization_utils_base.py:1715] 2026-10-04 16:07:46,779 >> loading file /work/unify-parameter-efficient-tuning/_setup/models/roberta-base/tokenizer.json
[INFO|tokenization_utils_base.py:1715] 2026-10-04 16:07:46,779 >> loading file None
[INFO|tokenization_utils_base.py:1715] 2026-10-04 16:07:46,779 >> loading file None
[INFO|tokenization_utils_base.py:1715] 2026-10-04 16:07:46,779 >> loading file None
[INFO|modeling_utils.py:1159] 2026-10-04 16:07:46,812 >> loading weights file /work/unify-parameter-efficient-tuning/_setup/models/roberta-base/pytorch_model.bin
============================ init weights is called! ====================================
============================ init weights is called! ====================================
[WARNING|modeling_utils.py:1336] 2026-10-04 16:07:48,012 >> Some weights of the model checkpoint at /work/unify-parameter-efficient-tuning/_setup/models/roberta-base were not used when initializing RobertaForSequenceClassification: ['roberta.pooler.dense.bias', 'lm_head.bias', 'lm_head.layer_norm.weight', 'lm_head.layer_norm.bias', 'roberta.pooler.dense.weight', 'lm_head.decoder.weight', 'lm_head.dense.bias', 'lm_head.dense.weight']
- This IS expected if you are initializing RobertaForSequenceClassification from the checkpoint of a model trained on another task or with another architecture (e.g. initializing a BertForSequenceClassification model from a BertForPreTraining model).
- This IS NOT expected if you are initializing RobertaForSequenceClassification from the checkpoint of a model that you expect to be exactly identical (initializing a BertForSequenceClassification model from a BertForSequenceClassification model).
[WARNING|modeling_utils.py:1347] 2026-10-04 16:07:48,013 >> Some weights of RobertaForSequenceClassification were not initialized from the model checkpoint at /work/unify-parameter-efficient-tuning/_setup/models/roberta-base and are newly initialized: ['classifier.out_proj.weight', 'classifier.dense.bias', 'classifier.dense.weight', 'classifier.out_proj.bias']
You should probably TRAIN this model on a down-stream task to be able to use it for predictions and inference.
tune roberta.encoder.layer.0.attention.output.ef_attn_adapter.adapter_layer_norm_before.weight
tune roberta.encoder.layer.0.attention.output.ef_attn_adapter.adapter_layer_norm_before.bias
tune roberta.encoder.layer.0.attention.output.ef_attn_adapter.down_proj.weight
tune roberta.encoder.layer.0.attention.output.ef_attn_adapter.down_proj.bias
tune roberta.encoder.layer.0.attention.output.ef_attn_adapter.up_proj.weight
tune roberta.encoder.layer.0.attention.output.ef_attn_adapter.up_proj.bias
tune roberta.encoder.layer.0.output.ef_ffn_adapter.down_proj.weight
tune roberta.encoder.layer.0.output.ef_ffn_adapter.down_proj.bias
tune roberta.encoder.layer.0.output.ef_ffn_adapter.up_proj.weight
tune roberta.encoder.layer.0.output.ef_ffn_adapter.up_proj.bias
tune roberta.encoder.layer.1.attention.output.ef_attn_adapter.adapter_layer_norm_before.weight
tune roberta.encoder.layer.1.attention.output.ef_attn_adapter.adapter_layer_norm_before.bias
tune roberta.encoder.layer.1.attention.output.ef_attn_adapter.down_proj.weight
tune roberta.encoder.layer.1.attention.output.ef_attn_adapter.down_proj.bias
tune roberta.encoder.layer.1.attention.output.ef_attn_adapter.up_proj.weight
tune roberta.encoder.layer.1.attention.output.ef_attn_adapter.up_proj.bias
tune roberta.encoder.layer.1.output.ef_ffn_adapter.down_proj.weight
tune roberta.encoder.layer.1.output.ef_ffn_adapter.down_proj.bias
tune roberta.encoder.layer.1.output.ef_ffn_adapter.up_proj.weight
tune roberta.encoder.layer.1.output.ef_ffn_adapter.up_proj.bias
tune roberta.encoder.layer.2.attention.output.ef_attn_adapter.adapter_layer_norm_before.weight
tune roberta.encoder.layer.2.attention.output.ef_attn_adapter.adapter_layer_norm_before.bias
tune roberta.encoder.layer.2.attention.output.ef_attn_adapter.down_proj.weight
tune roberta.encoder.layer.2.attention.output.ef_attn_adapter.down_proj.bias
tune roberta.encoder.layer.2.attention.output.ef_attn_adapter.up_proj.weight
tune roberta.encoder.layer.2.attention.output.ef_attn_adapter.up_proj.bias
tune roberta.encoder.layer.2.output.ef_ffn_adapter.down_proj.weight
tune roberta.encoder.layer.2.output.ef_ffn_adapter.down_proj.bias
tune roberta.encoder.layer.2.output.ef_ffn_adapter.up_proj.weight
tune roberta.encoder.layer.2.output.ef_ffn_adapter.up_proj.bias
tune roberta.encoder.layer.3.attention.output.ef_attn_adapter.adapter_layer_norm_before.weight
tune roberta.encoder.layer.3.attention.output.ef_attn_adapter.adapter_layer_norm_before.bias
tune roberta.encoder.layer.3.attention.output.ef_attn_adapter.down_proj.weight
tune roberta.encoder.layer.3.attention.output.ef_attn_adapter.down_proj.bias
tune roberta.encoder.layer.3.attention.output.ef_attn_adapter.up_proj.weight
tune roberta.encoder.layer.3.attention.output.ef_attn_adapter.up_proj.bias
tune roberta.encoder.layer.3.output.ef_ffn_adapter.down_proj.weight
tune roberta.encoder.layer.3.output.ef_ffn_adapter.down_proj.bias
tune roberta.encoder.layer.3.output.ef_ffn_adapter.up_proj.weight
tune roberta.encoder.layer.3.output.ef_ffn_adapter.up_proj.bias
tune roberta.encoder.layer.4.attention.output.ef_attn_adapter.adapter_layer_norm_before.weight
tune roberta.encoder.layer.4.attention.output.ef_attn_adapter.adapter_layer_norm_before.bias
tune roberta.encoder.layer.4.attention.output.ef_attn_adapter.down_proj.weight
tune roberta.encoder.layer.4.attention.output.ef_attn_adapter.down_proj.bias
tune roberta.encoder.layer.4.attention.output.ef_attn_adapter.up_proj.weight
tune roberta.encoder.layer.4.attention.output.ef_attn_adapter.up_proj.bias
tune roberta.encoder.layer.4.output.ef_ffn_adapter.down_proj.weight
tune roberta.encoder.layer.4.output.ef_ffn_adapter.down_proj.bias
tune roberta.encoder.layer.4.output.ef_ffn_adapter.up_proj.weight
tune roberta.encoder.layer.4.output.ef_ffn_adapter.up_proj.bias
tune roberta.encoder.layer.5.attention.output.ef_attn_adapter.adapter_layer_norm_before.weight
tune roberta.encoder.layer.5.attention.output.ef_attn_adapter.adapter_layer_norm_before.bias
tune roberta.encoder.layer.5.attention.output.ef_attn_adapter.down_proj.weight
tune roberta.encoder.layer.5.attention.output.ef_attn_adapter.down_proj.bias
tune roberta.encoder.layer.5.attention.output.ef_attn_adapter.up_proj.weight
tune roberta.encoder.layer.5.attention.output.ef_attn_adapter.up_proj.bias
tune roberta.encoder.layer.5.output.ef_ffn_adapter.down_proj.weight
tune roberta.encoder.layer.5.output.ef_ffn_adapter.down_proj.bias
tune roberta.encoder.layer.5.output.ef_ffn_adapter.up_proj.weight
tune roberta.encoder.layer.5.output.ef_ffn_adapter.up_proj.bias
tune roberta.encoder.layer.6.attention.output.ef_attn_adapter.adapter_layer_norm_before.weight
tune roberta.encoder.layer.6.attention.output.ef_attn_adapter.adapter_layer_norm_before.bias
tune roberta.encoder.layer.6.attention.output.ef_attn_adapter.down_proj.weight
tune roberta.encoder.layer.6.attention.output.ef_attn_adapter.down_proj.bias
tune roberta.encoder.layer.6.attention.output.ef_attn_adapter.up_proj.weight
tune roberta.encoder.layer.6.attention.output.ef_attn_adapter.up_proj.bias
tune roberta.encoder.layer.6.output.ef_ffn_adapter.down_proj.weight
tune roberta.encoder.layer.6.output.ef_ffn_adapter.down_proj.bias
tune roberta.encoder.layer.6.output.ef_ffn_adapter.up_proj.weight
tune roberta.encoder.layer.6.output.ef_ffn_adapter.up_proj.bias
tune roberta.encoder.layer.7.attention.output.ef_attn_adapter.adapter_layer_norm_before.weight
tune roberta.encoder.layer.7.attention.output.ef_attn_adapter.adapter_layer_norm_before.bias
tune roberta.encoder.layer.7.attention.output.ef_attn_adapter.down_proj.weight
tune roberta.encoder.layer.7.attention.output.ef_attn_adapter.down_proj.bias
tune roberta.encoder.layer.7.attention.output.ef_attn_adapter.up_proj.weight
tune roberta.encoder.layer.7.attention.output.ef_attn_adapter.up_proj.bias
tune roberta.encoder.layer.7.output.ef_ffn_adapter.down_proj.weight
tune roberta.encoder.layer.7.output.ef_ffn_adapter.down_proj.bias
tune roberta.encoder.layer.7.output.ef_ffn_adapter.up_proj.weight
tune roberta.encoder.layer.7.output.ef_ffn_adapter.up_proj.bias
tune roberta.encoder.layer.8.attention.output.ef_attn_adapter.adapter_layer_norm_before.weight
tune roberta.encoder.layer.8.attention.output.ef_attn_adapter.adapter_layer_norm_before.bias
tune roberta.encoder.layer.8.attention.output.ef_attn_adapter.down_proj.weight
tune roberta.encoder.layer.8.attention.output.ef_attn_adapter.down_proj.bias
tune roberta.encoder.layer.8.attention.output.ef_attn_adapter.up_proj.weight
tune roberta.encoder.layer.8.attention.output.ef_attn_adapter.up_proj.bias
tune roberta.encoder.layer.8.output.ef_ffn_adapter.down_proj.weight
tune roberta.encoder.layer.8.output.ef_ffn_adapter.down_proj.bias
tune roberta.encoder.layer.8.output.ef_ffn_adapter.up_proj.weight
tune roberta.encoder.layer.8.output.ef_ffn_adapter.up_proj.bias
tune roberta.encoder.layer.9.attention.output.ef_attn_adapter.adapter_layer_norm_before.weight
tune roberta.encoder.layer.9.attention.output.ef_attn_adapter.adapter_layer_norm_before.bias
tune roberta.encoder.layer.9.attention.output.ef_attn_adapter.down_proj.weight
tune roberta.encoder.layer.9.attention.output.ef_attn_adapter.down_proj.bias
tune roberta.encoder.layer.9.attention.output.ef_attn_adapter.up_proj.weight
tune roberta.encoder.layer.9.attention.output.ef_attn_adapter.up_proj.bias
tune roberta.encoder.layer.9.output.ef_ffn_adapter.down_proj.weight
tune roberta.encoder.layer.9.output.ef_ffn_adapter.down_proj.bias
tune roberta.encoder.layer.9.output.ef_ffn_adapter.up_proj.weight
tune roberta.encoder.layer.9.output.ef_ffn_adapter.up_proj.bias
tune roberta.encoder.layer.10.attention.output.ef_attn_adapter.adapter_layer_norm_before.weight
tune roberta.encoder.layer.10.attention.output.ef_attn_adapter.adapter_layer_norm_before.bias
tune roberta.encoder.layer.10.attention.output.ef_attn_adapter.down_proj.weight
tune roberta.encoder.layer.10.attention.output.ef_attn_adapter.down_proj.bias
tune roberta.encoder.layer.10.attention.output.ef_attn_adapter.up_proj.weight
tune roberta.encoder.layer.10.attention.output.ef_attn_adapter.up_proj.bias
tune roberta.encoder.layer.10.output.ef_ffn_adapter.down_proj.weight
tune roberta.encoder.layer.10.output.ef_ffn_adapter.down_proj.bias
tune roberta.encoder.layer.10.output.ef_ffn_adapter.up_proj.weight
tune roberta.encoder.layer.10.output.ef_ffn_adapter.up_proj.bias
tune roberta.encoder.layer.11.attention.output.ef_attn_adapter.adapter_layer_norm_before.weight
tune roberta.encoder.layer.11.attention.output.ef_attn_adapter.adapter_layer_norm_before.bias
tune roberta.encoder.layer.11.attention.output.ef_attn_adapter.down_proj.weight
tune roberta.encoder.layer.11.attention.output.ef_attn_adapter.down_proj.bias
tune roberta.encoder.layer.11.attention.output.ef_attn_adapter.up_proj.weight
tune roberta.encoder.layer.11.attention.output.ef_attn_adapter.up_proj.bias
tune roberta.encoder.layer.11.output.ef_ffn_adapter.down_proj.weight
tune roberta.encoder.layer.11.output.ef_ffn_adapter.down_proj.bias
tune roberta.encoder.layer.11.output.ef_ffn_adapter.up_proj.weight
tune roberta.encoder.layer.11.output.ef_ffn_adapter.up_proj.bias
10/04/2026 16:07:48 - WARNING - datasets.fingerprint -   Parameter 'function'=<function main.<locals>.preprocess_function at 0x7fb8a58df0d0> of the transform datasets.arrow_dataset.Dataset._map_single couldn't be hashed properly, a random hash was used instead. Make sure your transforms and parameters are serializable with pickle or dill for the dataset fingerprinting and caching to work. If you reuse this transform, the caching mechanism will consider it to be different from the previous calls and recompute everything. This warning is only showed once. Subsequent hashing failures won't be showed.
10/04/2026 16:07:48 - WARNING - datasets.arrow_dataset -   Loading cached processed dataset at checkpoints/hf_model/glue/mnli/1.0.0/dacbe3125aa31d7f70367a07a8a9e72a5a0bfeb5fc42e75c9db75b96da6053ad/cache-5ed34fe53a096533.arrow
10/04/2026 16:07:48 - WARNING - datasets.arrow_dataset -   Loading cached processed dataset at checkpoints/hf_model/glue/mnli/1.0.0/dacbe3125aa31d7f70367a07a8a9e72a5a0bfeb5fc42e75c9db75b96da6053ad/cache-6018366cf658f7a7.arrow
10/04/2026 16:07:48 - WARNING - datasets.arrow_dataset -   Loading cached processed dataset at checkpoints/hf_model/glue/mnli/1.0.0/dacbe3125aa31d7f70367a07a8a9e72a5a0bfeb5fc42e75c9db75b96da6053ad/cache-317017a6205738d1.arrow
10/04/2026 16:07:48 - WARNING - datasets.arrow_dataset -   Loading cached processed dataset at checkpoints/hf_model/glue/mnli/1.0.0/dacbe3125aa31d7f70367a07a8a9e72a5a0bfeb5fc42e75c9db75b96da6053ad/cache-0b3510b0b46ee1da.arrow
10/04/2026 16:07:48 - WARNING - datasets.arrow_dataset -   Loading cached processed dataset at checkpoints/hf_model/glue/mnli/1.0.0/dacbe3125aa31d7f70367a07a8a9e72a5a0bfeb5fc42e75c9db75b96da6053ad/cache-230824d215ceb3a1.arrow
10/04/2026 16:07:48 - INFO - __main__ -   Sample 129730 of the training set: {'attention_mask': [1, 1, 1, 1, 1, 1, 1, 1, 1, 1, 1, 1, 1, 1, 1, 1, 1, 1, 1, 1, 1, 1, 1, 1, 1], 'hypothesis': 'That typically is the opposite of what I assume.', 'idx': 129730, 'input_ids': [0, 13437, 14, 3700, 16, 182, 3680, 939, 64, 75, 4744, 24, 2, 2, 1711, 3700, 16, 5, 5483, 9, 99, 38, 6876, 4, 2], 'label': 0, 'premise': "because that typically is very otherwise i can't imagine it"}.
10/04/2026 16:07:48 - INFO - __main__ -   Sample 265478 of the training set: {'attention_mask': [1, 1, 1, 1, 1, 1, 1, 1, 1, 1, 1, 1, 1, 1, 1, 1, 1, 1, 1, 1, 1, 1], 'hypothesis': 'There are no doubts about the Governments power.', 'idx': 265478, 'input_ids': [0, 133, 1621, 74, 28, 3187, 1747, 8, 2198, 72, 2, 2, 970, 32, 117, 10903, 59, 5, 26581, 476, 4, 2], 'label': 1, 'premise': 'The Government would be broken finally and completely."'}.
10/04/2026 16:07:48 - INFO - __main__ -   Sample 109784 of the training set: {'attention_mask': [1, 1, 1, 1, 1, 1, 1, 1, 1, 1, 1, 1, 1, 1, 1, 1, 1, 1, 1, 1, 1, 1, 1, 1, 1, 1, 1, 1, 1, 1, 1], 'hypothesis': 'Documentation would ensure interventions would not be repeated more than necessary. ', 'idx': 109784, 'input_ids': [0, 47088, 1258, 74, 67, 244, 1306, 15985, 74, 45, 28, 6636, 31875, 4, 2, 2, 47088, 1258, 74, 1306, 15985, 74, 45, 28, 6636, 55, 87, 2139, 4, 1437, 2], 'label': 0, 'premise': 'Documentation would also help ensure interventions would not be repeated unnecessarily.'}.
[INFO|trainer.py:420] 2026-10-04 16:07:49,618 >> Using amp fp16 backend
/work/unify-parameter-efficient-tuning/src/transformers/trainer.py:430: FutureWarning: `torch.cuda.amp.GradScaler(args...)` is deprecated. Please use `torch.amp.GradScaler('cuda', args...)` instead.
  self.scaler = torch.cuda.amp.GradScaler()
[INFO|trainer.py:520] 2026-10-04 16:07:49,618 >> The following columns in the training set  don't have a corresponding argument in `PETLEncModel.forward` and have been ignored: premise, hypothesis, idx.
[INFO|trainer.py:1183] 2026-10-04 16:07:50,536 >> ***** Running training *****
[INFO|trainer.py:1184] 2026-10-04 16:07:50,536 >>   Num examples = 392702
[INFO|trainer.py:1185] 2026-10-04 16:07:50,536 >>   Num Epochs = 10
[INFO|trainer.py:1186] 2026-10-04 16:07:50,536 >>   Instantaneous batch size per device = 32
[INFO|trainer.py:1187] 2026-10-04 16:07:50,536 >>   Total train batch size (w. parallel, distributed & accumulation) = 32
[INFO|trainer.py:1188] 2026-10-04 16:07:50,536 >>   Gradient Accumulation steps = 1
[INFO|trainer.py:1189] 2026-10-04 16:07:50,536 >>   Total optimization steps = 122720
/work/unify-parameter-efficient-tuning/src/transformers/trainer.py:1784: FutureWarning: `torch.cuda.amp.autocast(args...)` is deprecated. Please use `torch.amp.autocast('cuda', args...)` instead.
  with autocast():
{'loss': 1.0999, 'learning_rate': 6.789788158609453e-07, 'epoch': 0.0}
{'loss': 1.0998, 'learning_rate': 1.3579576317218905e-06, 'epoch': 0.01}
{'loss': 1.099, 'learning_rate': 2.0369364475828354e-06, 'epoch': 0.01}
{'loss': 1.0969, 'learning_rate': 2.715915263443781e-06, 'epoch': 0.02}
{'loss': 1.1017, 'learning_rate': 3.3948940793047257e-06, 'epoch': 0.02}
{'loss': 1.102, 'learning_rate': 4.073872895165671e-06, 'epoch': 0.02}
{'loss': 1.0992, 'learning_rate': 4.752851711026616e-06, 'epoch': 0.03}
{'loss': 1.1011, 'learning_rate': 5.431830526887562e-06, 'epoch': 0.03}
{'loss': 1.1005, 'learning_rate': 6.110809342748506e-06, 'epoch': 0.04}
{'loss': 1.0998, 'learning_rate': 6.7897881586094514e-06, 'epoch': 0.04}
{'loss': 1.1002, 'learning_rate': 7.468766974470397e-06, 'epoch': 0.04}
{'loss': 1.0981, 'learning_rate': 8.147745790331342e-06, 'epoch': 0.05}
{'loss': 1.101, 'learning_rate': 8.826724606192287e-06, 'epoch': 0.05}
{'loss': 1.0989, 'learning_rate': 9.505703422053232e-06, 'epoch': 0.06}
{'loss': 1.099, 'learning_rate': 1.0184682237914179e-05, 'epoch': 0.06}
{'loss': 1.1021, 'learning_rate': 1.0863661053775124e-05, 'epoch': 0.07}
{'loss': 1.099, 'learning_rate': 1.1542639869636067e-05, 'epoch': 0.07}
{'loss': 1.0987, 'learning_rate': 1.2221618685497013e-05, 'epoch': 0.07}
{'loss': 1.0991, 'learning_rate': 1.2900597501357958e-05, 'epoch': 0.08}
{'loss': 1.0987, 'learning_rate': 1.3579576317218903e-05, 'epoch': 0.08}
{'loss': 1.0994, 'learning_rate': 1.4258555133079848e-05, 'epoch': 0.09}
{'loss': 1.0998, 'learning_rate': 1.4937533948940793e-05, 'epoch': 0.09}
{'loss': 1.0991, 'learning_rate': 1.561651276480174e-05, 'epoch': 0.09}
{'loss': 1.101, 'learning_rate': 1.6295491580662683e-05, 'epoch': 0.1}
{'loss': 1.0975, 'learning_rate': 1.6974470396523627e-05, 'epoch': 0.1}
{'loss': 1.0966, 'learning_rate': 1.7653449212384574e-05, 'epoch': 0.11}
{'loss': 1.0974, 'learning_rate': 1.8332428028245517e-05, 'epoch': 0.11}
{'loss': 1.0991, 'learning_rate': 1.9011406844106464e-05, 'epoch': 0.11}
{'loss': 1.0985, 'learning_rate': 1.9690385659967407e-05, 'epoch': 0.12}
{'loss': 1.096, 'learning_rate': 2.0369364475828358e-05, 'epoch': 0.12}
{'loss': 1.0994, 'learning_rate': 2.10483432916893e-05, 'epoch': 0.13}
{'loss': 1.0972, 'learning_rate': 2.1727322107550248e-05, 'epoch': 0.13}
{'loss': 1.0965, 'learning_rate': 2.240630092341119e-05, 'epoch': 0.13}
{'loss': 1.0958, 'learning_rate': 2.3085279739272135e-05, 'epoch': 0.14}
{'loss': 1.0955, 'learning_rate': 2.3764258555133082e-05, 'epoch': 0.14}
{'loss': 1.091, 'learning_rate': 2.4443237370994025e-05, 'epoch': 0.15}
{'loss': 1.0912, 'learning_rate': 2.512221618685497e-05, 'epoch': 0.15}
{'loss': 1.0807, 'learning_rate': 2.5801195002715915e-05, 'epoch': 0.15}
{'loss': 1.07, 'learning_rate': 2.6480173818576866e-05, 'epoch': 0.16}
{'loss': 1.0551, 'learning_rate': 2.7159152634437806e-05, 'epoch': 0.16}
{'loss': 1.0244, 'learning_rate': 2.7838131450298756e-05, 'epoch': 0.17}
{'loss': 1.0222, 'learning_rate': 2.8503530689842478e-05, 'epoch': 0.17}
{'loss': 0.996, 'learning_rate': 2.9182509505703425e-05, 'epoch': 0.18}
{'loss': 0.9711, 'learning_rate': 2.984790874524715e-05, 'epoch': 0.18}
{'loss': 0.978, 'learning_rate': 3.05268875611081e-05, 'epoch': 0.18}
{'loss': 0.9679, 'learning_rate': 3.120586637696904e-05, 'epoch': 0.19}
{'loss': 0.953, 'learning_rate': 3.1884845192829984e-05, 'epoch': 0.19}
{'loss': 0.9371, 'learning_rate': 3.256382400869093e-05, 'epoch': 0.2}
{'loss': 0.9279, 'learning_rate': 3.324280282455188e-05, 'epoch': 0.2}
{'loss': 0.9419, 'learning_rate': 3.392178164041282e-05, 'epoch': 0.2}
{'loss': 0.8908, 'learning_rate': 3.4600760456273765e-05, 'epoch': 0.21}
{'loss': 0.8856, 'learning_rate': 3.527973927213471e-05, 'epoch': 0.21}
{'loss': 0.8715, 'learning_rate': 3.595871808799566e-05, 'epoch': 0.22}
{'loss': 0.8542, 'learning_rate': 3.66376969038566e-05, 'epoch': 0.22}
{'loss': 0.863, 'learning_rate': 3.7316675719717546e-05, 'epoch': 0.22}
{'loss': 0.8251, 'learning_rate': 3.7982074959261275e-05, 'epoch': 0.23}
{'loss': 0.8228, 'learning_rate': 3.866105377512222e-05, 'epoch': 0.23}
{'loss': 0.7695, 'learning_rate': 3.934003259098316e-05, 'epoch': 0.24}
{'loss': 0.7867, 'learning_rate': 4.001901140684411e-05, 'epoch': 0.24}
{'loss': 0.7539, 'learning_rate': 4.069799022270505e-05, 'epoch': 0.24}
{'loss': 0.7349, 'learning_rate': 4.1376969038566e-05, 'epoch': 0.25}
{'loss': 0.7303, 'learning_rate': 4.205594785442694e-05, 'epoch': 0.25}
{'loss': 0.7182, 'learning_rate': 4.273492667028789e-05, 'epoch': 0.26}
{'loss': 0.7288, 'learning_rate': 4.341390548614883e-05, 'epoch': 0.26}
{'loss': 0.7312, 'learning_rate': 4.409288430200978e-05, 'epoch': 0.26}
{'loss': 0.715, 'learning_rate': 4.477186311787073e-05, 'epoch': 0.27}
{'loss': 0.652, 'learning_rate': 4.545084193373167e-05, 'epoch': 0.27}
{'loss': 0.7007, 'learning_rate': 4.6129820749592616e-05, 'epoch': 0.28}
{'loss': 0.6943, 'learning_rate': 4.6808799565453556e-05, 'epoch': 0.28}
{'loss': 0.6476, 'learning_rate': 4.748777838131451e-05, 'epoch': 0.29}
{'loss': 0.6776, 'learning_rate': 4.816675719717545e-05, 'epoch': 0.29}
{'loss': 0.6751, 'learning_rate': 4.88457360130364e-05, 'epoch': 0.29}
{'loss': 0.6755, 'learning_rate': 4.952471482889734e-05, 'epoch': 0.3}
{'loss': 0.666, 'learning_rate': 5.020369364475829e-05, 'epoch': 0.3}
{'loss': 0.6119, 'learning_rate': 5.088267246061923e-05, 'epoch': 0.31}
{'loss': 0.6543, 'learning_rate': 5.156165127648017e-05, 'epoch': 0.31}
{'loss': 0.6361, 'learning_rate': 5.2240630092341124e-05, 'epoch': 0.31}
{'loss': 0.6636, 'learning_rate': 5.2906029331884846e-05, 'epoch': 0.32}
{'loss': 0.6374, 'learning_rate': 5.358500814774579e-05, 'epoch': 0.32}
{'loss': 0.6233, 'learning_rate': 5.426398696360674e-05, 'epoch': 0.33}
{'loss': 0.6072, 'learning_rate': 5.494296577946768e-05, 'epoch': 0.33}
{'loss': 0.6377, 'learning_rate': 5.562194459532862e-05, 'epoch': 0.33}
{'loss': 0.6087, 'learning_rate': 5.628734383487235e-05, 'epoch': 0.34}
{'loss': 0.6477, 'learning_rate': 5.6966322650733296e-05, 'epoch': 0.34}
{'loss': 0.6464, 'learning_rate': 5.764530146659425e-05, 'epoch': 0.35}
{'loss': 0.609, 'learning_rate': 5.832428028245519e-05, 'epoch': 0.35}
{'loss': 0.6271, 'learning_rate': 5.900325909831613e-05, 'epoch': 0.35}
{'loss': 0.612, 'learning_rate': 5.9682237914177083e-05, 'epoch': 0.36}
{'loss': 0.6091, 'learning_rate': 6.036121673003803e-05, 'epoch': 0.36}
{'loss': 0.6203, 'learning_rate': 6.104019554589897e-05, 'epoch': 0.37}
{'loss': 0.5682, 'learning_rate': 6.171917436175992e-05, 'epoch': 0.37}
{'loss': 0.5848, 'learning_rate': 6.239815317762086e-05, 'epoch': 0.37}
{'loss': 0.5933, 'learning_rate': 6.307713199348181e-05, 'epoch': 0.38}
{'loss': 0.5726, 'learning_rate': 6.375611080934274e-05, 'epoch': 0.38}
{'loss': 0.5796, 'learning_rate': 6.443508962520369e-05, 'epoch': 0.39}
{'loss': 0.5953, 'learning_rate': 6.511406844106465e-05, 'epoch': 0.39}
{'loss': 0.5912, 'learning_rate': 6.579304725692558e-05, 'epoch': 0.4}
{'loss': 0.5936, 'learning_rate': 6.647202607278653e-05, 'epoch': 0.4}
{'loss': 0.5662, 'learning_rate': 6.715100488864748e-05, 'epoch': 0.4}
{'loss': 0.5588, 'learning_rate': 6.782998370450843e-05, 'epoch': 0.41}
{'loss': 0.6014, 'learning_rate': 6.850896252036937e-05, 'epoch': 0.41}
{'loss': 0.5636, 'learning_rate': 6.91879413362303e-05, 'epoch': 0.42}
{'loss': 0.579, 'learning_rate': 6.986692015209125e-05, 'epoch': 0.42}
{'loss': 0.5774, 'learning_rate': 7.054589896795221e-05, 'epoch': 0.42}
{'loss': 0.5482, 'learning_rate': 7.122487778381315e-05, 'epoch': 0.43}
{'loss': 0.5682, 'learning_rate': 7.190385659967409e-05, 'epoch': 0.43}
{'loss': 0.5819, 'learning_rate': 7.258283541553504e-05, 'epoch': 0.44}
{'loss': 0.5236, 'learning_rate': 7.326181423139599e-05, 'epoch': 0.44}
{'loss': 0.5488, 'learning_rate': 7.394079304725693e-05, 'epoch': 0.44}
{'loss': 0.545, 'learning_rate': 7.461977186311787e-05, 'epoch': 0.45}
{'loss': 0.5718, 'learning_rate': 7.529875067897883e-05, 'epoch': 0.45}
{'loss': 0.5646, 'learning_rate': 7.597772949483976e-05, 'epoch': 0.46}
{'loss': 0.5966, 'learning_rate': 7.665670831070071e-05, 'epoch': 0.46}
{'loss': 0.5415, 'learning_rate': 7.733568712656165e-05, 'epoch': 0.46}
{'loss': 0.5451, 'learning_rate': 7.80146659424226e-05, 'epoch': 0.47}
{'loss': 0.5755, 'learning_rate': 7.869364475828355e-05, 'epoch': 0.47}
{'loss': 0.5208, 'learning_rate': 7.93726235741445e-05, 'epoch': 0.48}
{'loss': 0.5834, 'learning_rate': 8.005160239000543e-05, 'epoch': 0.48}
{'loss': 0.5068, 'learning_rate': 8.073058120586639e-05, 'epoch': 0.48}
{'loss': 0.5256, 'learning_rate': 8.140956002172732e-05, 'epoch': 0.49}
{'loss': 0.5442, 'learning_rate': 8.208853883758827e-05, 'epoch': 0.49}
{'loss': 0.5447, 'learning_rate': 8.276751765344921e-05, 'epoch': 0.5}
{'loss': 0.561, 'learning_rate': 8.344649646931016e-05, 'epoch': 0.5}
{'loss': 0.5188, 'learning_rate': 8.412547528517111e-05, 'epoch': 0.51}
{'loss': 0.5066, 'learning_rate': 8.480445410103206e-05, 'epoch': 0.51}
{'loss': 0.5271, 'learning_rate': 8.548343291689299e-05, 'epoch': 0.51}
{'loss': 0.5339, 'learning_rate': 8.616241173275395e-05, 'epoch': 0.52}
{'loss': 0.5373, 'learning_rate': 8.684139054861488e-05, 'epoch': 0.52}
{'loss': 0.5363, 'learning_rate': 8.752036936447583e-05, 'epoch': 0.53}
{'loss': 0.5287, 'learning_rate': 8.819934818033678e-05, 'epoch': 0.53}
{'loss': 0.5203, 'learning_rate': 8.887832699619772e-05, 'epoch': 0.53}
{'loss': 0.554, 'learning_rate': 8.955730581205867e-05, 'epoch': 0.54}
{'loss': 0.555, 'learning_rate': 9.02362846279196e-05, 'epoch': 0.54}
{'loss': 0.538, 'learning_rate': 9.091526344378056e-05, 'epoch': 0.55}
{'loss': 0.5083, 'learning_rate': 9.159424225964151e-05, 'epoch': 0.55}
{'loss': 0.5393, 'learning_rate': 9.227322107550244e-05, 'epoch': 0.55}
{'loss': 0.518, 'learning_rate': 9.295219989136339e-05, 'epoch': 0.56}
{'loss': 0.5404, 'learning_rate': 9.363117870722434e-05, 'epoch': 0.56}
{'loss': 0.487, 'learning_rate': 9.431015752308528e-05, 'epoch': 0.57}
{'loss': 0.519, 'learning_rate': 9.498913633894623e-05, 'epoch': 0.57}
{'loss': 0.5151, 'learning_rate': 9.566811515480716e-05, 'epoch': 0.57}
{'loss': 0.5168, 'learning_rate': 9.634709397066812e-05, 'epoch': 0.58}
{'loss': 0.5388, 'learning_rate': 9.702607278652907e-05, 'epoch': 0.58}
{'loss': 0.5092, 'learning_rate': 9.770505160239e-05, 'epoch': 0.59}
{'loss': 0.5046, 'learning_rate': 9.838403041825095e-05, 'epoch': 0.59}
{'loss': 0.5104, 'learning_rate': 9.90630092341119e-05, 'epoch': 0.59}
{'loss': 0.4666, 'learning_rate': 9.974198804997285e-05, 'epoch': 0.6}
{'loss': 0.5287, 'learning_rate': 9.997315354207844e-05, 'epoch': 0.6}
{'loss': 0.5118, 'learning_rate': 9.992985280349527e-05, 'epoch': 0.61}
{'loss': 0.5115, 'learning_rate': 9.98865520649121e-05, 'epoch': 0.61}
{'loss': 0.5585, 'learning_rate': 9.984325132632893e-05, 'epoch': 0.62}
{'loss': 0.5378, 'learning_rate': 9.979995058774576e-05, 'epoch': 0.62}
{'loss': 0.4844, 'learning_rate': 9.97566498491626e-05, 'epoch': 0.62}
{'loss': 0.4921, 'learning_rate': 9.971334911057943e-05, 'epoch': 0.63}
{'loss': 0.512, 'learning_rate': 9.967004837199627e-05, 'epoch': 0.63}
{'loss': 0.531, 'learning_rate': 9.962674763341309e-05, 'epoch': 0.64}
{'loss': 0.5109, 'learning_rate': 9.958344689482992e-05, 'epoch': 0.64}
{'loss': 0.4702, 'learning_rate': 9.954014615624676e-05, 'epoch': 0.64}
{'loss': 0.4982, 'learning_rate': 9.949684541766358e-05, 'epoch': 0.65}
{'loss': 0.5226, 'learning_rate': 9.945354467908041e-05, 'epoch': 0.65}
{'loss': 0.5134, 'learning_rate': 9.941024394049725e-05, 'epoch': 0.66}
{'loss': 0.5465, 'learning_rate': 9.936694320191408e-05, 'epoch': 0.66}
{'loss': 0.4671, 'learning_rate': 9.932364246333092e-05, 'epoch': 0.66}
{'loss': 0.4987, 'learning_rate': 9.928034172474774e-05, 'epoch': 0.67}
{'loss': 0.5174, 'learning_rate': 9.923704098616457e-05, 'epoch': 0.67}
{'loss': 0.512, 'learning_rate': 9.919374024758141e-05, 'epoch': 0.68}
{'loss': 0.4964, 'learning_rate': 9.915043950899823e-05, 'epoch': 0.68}
{'loss': 0.4887, 'learning_rate': 9.910713877041507e-05, 'epoch': 0.68}
{'loss': 0.4943, 'learning_rate': 9.90638380318319e-05, 'epoch': 0.69}
{'loss': 0.4813, 'learning_rate': 9.902053729324872e-05, 'epoch': 0.69}
{'loss': 0.4401, 'learning_rate': 9.897723655466557e-05, 'epoch': 0.7}
{'loss': 0.4936, 'learning_rate': 9.893393581608239e-05, 'epoch': 0.7}
{'loss': 0.5192, 'learning_rate': 9.889063507749923e-05, 'epoch': 0.7}
{'loss': 0.4896, 'learning_rate': 9.884733433891606e-05, 'epoch': 0.71}
{'loss': 0.4956, 'learning_rate': 9.880403360033288e-05, 'epoch': 0.71}
{'loss': 0.5077, 'learning_rate': 9.876073286174972e-05, 'epoch': 0.72}
{'loss': 0.4922, 'learning_rate': 9.871743212316655e-05, 'epoch': 0.72}
{'loss': 0.4806, 'learning_rate': 9.867413138458337e-05, 'epoch': 0.73}
{'loss': 0.5073, 'learning_rate': 9.863083064600021e-05, 'epoch': 0.73}
{'loss': 0.4909, 'learning_rate': 9.858752990741704e-05, 'epoch': 0.73}
{'loss': 0.4835, 'learning_rate': 9.854422916883388e-05, 'epoch': 0.74}
{'loss': 0.4602, 'learning_rate': 9.850092843025071e-05, 'epoch': 0.74}
{'loss': 0.4948, 'learning_rate': 9.845762769166755e-05, 'epoch': 0.75}
{'loss': 0.511, 'learning_rate': 9.841432695308437e-05, 'epoch': 0.75}
{'loss': 0.4942, 'learning_rate': 9.83710262145012e-05, 'epoch': 0.75}
{'loss': 0.484, 'learning_rate': 9.832772547591802e-05, 'epoch': 0.76}
{'loss': 0.5083, 'learning_rate': 9.828442473733486e-05, 'epoch': 0.76}
{'loss': 0.4813, 'learning_rate': 9.824112399875169e-05, 'epoch': 0.77}
{'loss': 0.4818, 'learning_rate': 9.819782326016853e-05, 'epoch': 0.77}
{'loss': 0.4462, 'learning_rate': 9.815538853635702e-05, 'epoch': 0.77}
{'loss': 0.4882, 'learning_rate': 9.811208779777385e-05, 'epoch': 0.78}
{'loss': 0.4718, 'learning_rate': 9.806878705919069e-05, 'epoch': 0.78}
{'loss': 0.462, 'learning_rate': 9.802548632060752e-05, 'epoch': 0.79}
{'loss': 0.4874, 'learning_rate': 9.798218558202436e-05, 'epoch': 0.79}
{'loss': 0.4838, 'learning_rate': 9.793888484344118e-05, 'epoch': 0.79}
{'loss': 0.4735, 'learning_rate': 9.789558410485801e-05, 'epoch': 0.8}
{'loss': 0.4598, 'learning_rate': 9.785228336627483e-05, 'epoch': 0.8}
{'loss': 0.4847, 'learning_rate': 9.780898262769167e-05, 'epoch': 0.81}
{'loss': 0.5069, 'learning_rate': 9.77656818891085e-05, 'epoch': 0.81}
{'loss': 0.4651, 'learning_rate': 9.772238115052534e-05, 'epoch': 0.81}
{'loss': 0.4728, 'learning_rate': 9.767994642671383e-05, 'epoch': 0.82}
{'loss': 0.4901, 'learning_rate': 9.763664568813066e-05, 'epoch': 0.82}
{'loss': 0.4636, 'learning_rate': 9.75933449495475e-05, 'epoch': 0.83}
{'loss': 0.4747, 'learning_rate': 9.755004421096433e-05, 'epoch': 0.83}
{'loss': 0.4908, 'learning_rate': 9.750674347238116e-05, 'epoch': 0.84}
{'loss': 0.5197, 'learning_rate': 9.746344273379799e-05, 'epoch': 0.84}
{'loss': 0.4678, 'learning_rate': 9.742014199521482e-05, 'epoch': 0.84}
{'loss': 0.4959, 'learning_rate': 9.737684125663166e-05, 'epoch': 0.85}
{'loss': 0.4768, 'learning_rate': 9.733354051804848e-05, 'epoch': 0.85}
{'loss': 0.5109, 'learning_rate': 9.729023977946531e-05, 'epoch': 0.86}
{'loss': 0.4896, 'learning_rate': 9.724693904088213e-05, 'epoch': 0.86}
{'loss': 0.5048, 'learning_rate': 9.720363830229897e-05, 'epoch': 0.86}
{'loss': 0.4668, 'learning_rate': 9.716033756371582e-05, 'epoch': 0.87}
{'loss': 0.462, 'learning_rate': 9.711703682513264e-05, 'epoch': 0.87}
{'loss': 0.5018, 'learning_rate': 9.707373608654947e-05, 'epoch': 0.88}
{'loss': 0.4998, 'learning_rate': 9.70304353479663e-05, 'epoch': 0.88}
{'loss': 0.4884, 'learning_rate': 9.698713460938313e-05, 'epoch': 0.88}
{'loss': 0.4801, 'learning_rate': 9.694383387079996e-05, 'epoch': 0.89}
{'loss': 0.4681, 'learning_rate': 9.69005331322168e-05, 'epoch': 0.89}
{'loss': 0.4318, 'learning_rate': 9.685723239363362e-05, 'epoch': 0.9}
{'loss': 0.4911, 'learning_rate': 9.681393165505045e-05, 'epoch': 0.9}
{'loss': 0.4728, 'learning_rate': 9.677063091646729e-05, 'epoch': 0.9}
{'loss': 0.4671, 'learning_rate': 9.672733017788412e-05, 'epoch': 0.91}
{'loss': 0.4509, 'learning_rate': 9.668402943930096e-05, 'epoch': 0.91}
{'loss': 0.4844, 'learning_rate': 9.664072870071778e-05, 'epoch': 0.92}
{'loss': 0.4959, 'learning_rate': 9.659742796213461e-05, 'epoch': 0.92}
{'loss': 0.4585, 'learning_rate': 9.655412722355145e-05, 'epoch': 0.92}
{'loss': 0.4313, 'learning_rate': 9.651082648496827e-05, 'epoch': 0.93}
{'loss': 0.4591, 'learning_rate': 9.64675257463851e-05, 'epoch': 0.93}
{'loss': 0.4744, 'learning_rate': 9.642422500780194e-05, 'epoch': 0.94}
{'loss': 0.4902, 'learning_rate': 9.638092426921877e-05, 'epoch': 0.94}
{'loss': 0.4658, 'learning_rate': 9.633762353063561e-05, 'epoch': 0.95}
{'loss': 0.4749, 'learning_rate': 9.629432279205243e-05, 'epoch': 0.95}
{'loss': 0.4359, 'learning_rate': 9.625102205346926e-05, 'epoch': 0.95}
{'loss': 0.4569, 'learning_rate': 9.62077213148861e-05, 'epoch': 0.96}
{'loss': 0.4532, 'learning_rate': 9.616442057630292e-05, 'epoch': 0.96}
{'loss': 0.4322, 'learning_rate': 9.612111983771975e-05, 'epoch': 0.97}
{'loss': 0.4729, 'learning_rate': 9.607781909913659e-05, 'epoch': 0.97}
{'loss': 0.485, 'learning_rate': 9.603451836055342e-05, 'epoch': 0.97}
{'loss': 0.4467, 'learning_rate': 9.599121762197026e-05, 'epoch': 0.98}
{'loss': 0.4555, 'learning_rate': 9.59479168833871e-05, 'epoch': 0.98}
{'loss': 0.4622, 'learning_rate': 9.590461614480391e-05, 'epoch': 0.99}
{'loss': 0.4507, 'learning_rate': 9.586131540622075e-05, 'epoch': 0.99}
{'loss': 0.4887, 'learning_rate': 9.581801466763758e-05, 'epoch': 0.99}
{'loss': 0.4385, 'learning_rate': 9.57747139290544e-05, 'epoch': 1.0}
[INFO|trainer.py:520] 2026-10-04 16:13:49,303 >> The following columns in the evaluation set  don't have a corresponding argument in `PETLEncModel.forward` and have been ignored: premise, hypothesis, idx.
[INFO|trainer.py:2179] 2026-10-04 16:13:49,305 >> ***** Running Evaluation *****
[INFO|trainer.py:2181] 2026-10-04 16:13:49,305 >>   Num examples = 9815
[INFO|trainer.py:2184] 2026-10-04 16:13:49,305 >>   Batch size = 32
{'eval_loss': 0.41247838735580444, 'eval_accuracy': 0.8475802343352012, 'eval_runtime': 8.7473, 'eval_samples_per_second': 1122.056, 'eval_steps_per_second': 35.096, 'epoch': 1.0}
[INFO|trainer.py:1933] 2026-10-04 16:13:58,054 >> Saving model checkpoint to checkpoints/glue/mnli/20261004/glue.mnli.adapter.am_adapter.ao_sequential.fm_adapter.fo_sequential.abn.fbn.ac_add.fl_none.finit_bert.fs_1.unfrz_ef_.ne10.warm0.06.wd0.1.seed8./checkpoint-12272
[INFO|configuration_utils.py:364] 2026-10-04 16:13:58,055 >> Configuration saved in checkpoints/glue/mnli/20261004/glue.mnli.adapter.am_adapter.ao_sequential.fm_adapter.fo_sequential.abn.fbn.ac_add.fl_none.finit_bert.fs_1.unfrz_ef_.ne10.warm0.06.wd0.1.seed8./checkpoint-12272/config.json
[INFO|modeling_utils.py:898] 2026-10-04 16:13:58,335 >> Model weights saved in checkpoints/glue/mnli/20261004/glue.mnli.adapter.am_adapter.ao_sequential.fm_adapter.fo_sequential.abn.fbn.ac_add.fl_none.finit_bert.fs_1.unfrz_ef_.ne10.warm0.06.wd0.1.seed8./checkpoint-12272/pytorch_model.bin
[INFO|tokenization_utils_base.py:1948] 2026-10-04 16:13:58,337 >> tokenizer config file saved in checkpoints/glue/mnli/20261004/glue.mnli.adapter.am_adapter.ao_sequential.fm_adapter.fo_sequential.abn.fbn.ac_add.fl_none.finit_bert.fs_1.unfrz_ef_.ne10.warm0.06.wd0.1.seed8./checkpoint-12272/tokenizer_config.json
[INFO|tokenization_utils_base.py:1954] 2026-10-04 16:13:58,337 >> Special tokens file saved in checkpoints/glue/mnli/20261004/glue.mnli.adapter.am_adapter.ao_sequential.fm_adapter.fo_sequential.abn.fbn.ac_add.fl_none.finit_bert.fs_1.unfrz_ef_.ne10.warm0.06.wd0.1.seed8./checkpoint-12272/special_tokens_map.json
/work/unify-parameter-efficient-tuning/src/transformers/trainer.py:1784: FutureWarning: `torch.cuda.amp.autocast(args...)` is deprecated. Please use `torch.amp.autocast('cuda', args...)` instead.
  with autocast():
{'loss': 0.4541, 'learning_rate': 9.573141319047124e-05, 'epoch': 1.0}
{'loss': 0.4366, 'learning_rate': 9.568811245188808e-05, 'epoch': 1.01}
{'loss': 0.4376, 'learning_rate': 9.564481171330491e-05, 'epoch': 1.01}
{'loss': 0.4325, 'learning_rate': 9.560151097472174e-05, 'epoch': 1.01}
{'loss': 0.4314, 'learning_rate': 9.555821023613857e-05, 'epoch': 1.02}
{'loss': 0.4349, 'learning_rate': 9.55149094975554e-05, 'epoch': 1.02}
{'loss': 0.4787, 'learning_rate': 9.547160875897224e-05, 'epoch': 1.03}
{'loss': 0.4057, 'learning_rate': 9.542830802038906e-05, 'epoch': 1.03}
{'loss': 0.4471, 'learning_rate': 9.538500728180589e-05, 'epoch': 1.03}
{'loss': 0.4243, 'learning_rate': 9.534170654322273e-05, 'epoch': 1.04}
{'loss': 0.473, 'learning_rate': 9.529840580463955e-05, 'epoch': 1.04}
{'loss': 0.4764, 'learning_rate': 9.525510506605638e-05, 'epoch': 1.05}
{'loss': 0.5067, 'learning_rate': 9.521180432747322e-05, 'epoch': 1.05}
{'loss': 0.4761, 'learning_rate': 9.516850358889005e-05, 'epoch': 1.06}
{'loss': 0.4496, 'learning_rate': 9.512520285030689e-05, 'epoch': 1.06}
{'loss': 0.4562, 'learning_rate': 9.508190211172371e-05, 'epoch': 1.06}
{'loss': 0.4565, 'learning_rate': 9.503860137314054e-05, 'epoch': 1.07}
{'loss': 0.4722, 'learning_rate': 9.499530063455738e-05, 'epoch': 1.07}
{'loss': 0.4113, 'learning_rate': 9.49519998959742e-05, 'epoch': 1.08}
{'loss': 0.4369, 'learning_rate': 9.490869915739103e-05, 'epoch': 1.08}
{'loss': 0.4831, 'learning_rate': 9.486539841880787e-05, 'epoch': 1.08}
{'loss': 0.4522, 'learning_rate': 9.48220976802247e-05, 'epoch': 1.09}
{'loss': 0.4605, 'learning_rate': 9.477879694164154e-05, 'epoch': 1.09}
{'loss': 0.4518, 'learning_rate': 9.473549620305837e-05, 'epoch': 1.1}
{'loss': 0.4383, 'learning_rate': 9.469219546447519e-05, 'epoch': 1.1}
{'loss': 0.4416, 'learning_rate': 9.464889472589203e-05, 'epoch': 1.1}
{'loss': 0.4609, 'learning_rate': 9.460559398730885e-05, 'epoch': 1.11}
{'loss': 0.4623, 'learning_rate': 9.456315926349735e-05, 'epoch': 1.11}
{'loss': 0.4652, 'learning_rate': 9.451985852491419e-05, 'epoch': 1.12}
{'loss': 0.4262, 'learning_rate': 9.447655778633101e-05, 'epoch': 1.12}
{'loss': 0.4353, 'learning_rate': 9.443325704774784e-05, 'epoch': 1.12}
{'loss': 0.4198, 'learning_rate': 9.438995630916468e-05, 'epoch': 1.13}
{'loss': 0.4636, 'learning_rate': 9.434665557058151e-05, 'epoch': 1.13}
{'loss': 0.4505, 'learning_rate': 9.430335483199835e-05, 'epoch': 1.14}
{'loss': 0.4667, 'learning_rate': 9.426005409341518e-05, 'epoch': 1.14}
{'loss': 0.4418, 'learning_rate': 9.4216753354832e-05, 'epoch': 1.14}
{'loss': 0.4694, 'learning_rate': 9.417345261624884e-05, 'epoch': 1.15}
{'loss': 0.4365, 'learning_rate': 9.413015187766567e-05, 'epoch': 1.15}
{'loss': 0.466, 'learning_rate': 9.408685113908249e-05, 'epoch': 1.16}
{'loss': 0.4768, 'learning_rate': 9.404355040049933e-05, 'epoch': 1.16}
{'loss': 0.4176, 'learning_rate': 9.400024966191615e-05, 'epoch': 1.17}
{'loss': 0.4583, 'learning_rate': 9.3956948923333e-05, 'epoch': 1.17}
{'loss': 0.4993, 'learning_rate': 9.391364818474983e-05, 'epoch': 1.17}
{'loss': 0.4442, 'learning_rate': 9.387034744616665e-05, 'epoch': 1.18}
{'loss': 0.4459, 'learning_rate': 9.382704670758349e-05, 'epoch': 1.18}
{'loss': 0.4527, 'learning_rate': 9.378374596900032e-05, 'epoch': 1.19}
{'loss': 0.4205, 'learning_rate': 9.374044523041714e-05, 'epoch': 1.19}
{'loss': 0.4627, 'learning_rate': 9.369714449183398e-05, 'epoch': 1.19}
{'loss': 0.4962, 'learning_rate': 9.36538437532508e-05, 'epoch': 1.2}
{'loss': 0.4645, 'learning_rate': 9.361054301466763e-05, 'epoch': 1.2}
{'loss': 0.4598, 'learning_rate': 9.356724227608447e-05, 'epoch': 1.21}
{'loss': 0.3938, 'learning_rate': 9.35239415375013e-05, 'epoch': 1.21}
{'loss': 0.4318, 'learning_rate': 9.348064079891814e-05, 'epoch': 1.21}
{'loss': 0.4622, 'learning_rate': 9.343734006033497e-05, 'epoch': 1.22}
{'loss': 0.4464, 'learning_rate': 9.33940393217518e-05, 'epoch': 1.22}
{'loss': 0.4217, 'learning_rate': 9.335073858316863e-05, 'epoch': 1.23}
{'loss': 0.4518, 'learning_rate': 9.330743784458546e-05, 'epoch': 1.23}
{'loss': 0.4592, 'learning_rate': 9.326413710600229e-05, 'epoch': 1.23}
{'loss': 0.4485, 'learning_rate': 9.322083636741912e-05, 'epoch': 1.24}
{'loss': 0.4371, 'learning_rate': 9.317753562883595e-05, 'epoch': 1.24}
{'loss': 0.4129, 'learning_rate': 9.313423489025279e-05, 'epoch': 1.25}
{'loss': 0.448, 'learning_rate': 9.309093415166962e-05, 'epoch': 1.25}
{'loss': 0.4633, 'learning_rate': 9.304763341308646e-05, 'epoch': 1.25}
{'loss': 0.4365, 'learning_rate': 9.300433267450328e-05, 'epoch': 1.26}
{'loss': 0.4107, 'learning_rate': 9.296103193592012e-05, 'epoch': 1.26}
{'loss': 0.4419, 'learning_rate': 9.291773119733694e-05, 'epoch': 1.27}
{'loss': 0.4563, 'learning_rate': 9.287443045875377e-05, 'epoch': 1.27}
{'loss': 0.4539, 'learning_rate': 9.28311297201706e-05, 'epoch': 1.28}
{'loss': 0.4617, 'learning_rate': 9.278782898158744e-05, 'epoch': 1.28}
{'loss': 0.4627, 'learning_rate': 9.274452824300428e-05, 'epoch': 1.28}
{'loss': 0.4434, 'learning_rate': 9.270122750442111e-05, 'epoch': 1.29}
{'loss': 0.4231, 'learning_rate': 9.265792676583793e-05, 'epoch': 1.29}
{'loss': 0.4295, 'learning_rate': 9.261462602725477e-05, 'epoch': 1.3}
{'loss': 0.4231, 'learning_rate': 9.257132528867159e-05, 'epoch': 1.3}
{'loss': 0.4533, 'learning_rate': 9.252802455008842e-05, 'epoch': 1.3}
{'loss': 0.4375, 'learning_rate': 9.248472381150526e-05, 'epoch': 1.31}
{'loss': 0.4747, 'learning_rate': 9.244142307292208e-05, 'epoch': 1.31}
{'loss': 0.4438, 'learning_rate': 9.239812233433893e-05, 'epoch': 1.32}
{'loss': 0.451, 'learning_rate': 9.235482159575576e-05, 'epoch': 1.32}
{'loss': 0.4255, 'learning_rate': 9.231152085717258e-05, 'epoch': 1.32}
{'loss': 0.4439, 'learning_rate': 9.226822011858942e-05, 'epoch': 1.33}
{'loss': 0.4549, 'learning_rate': 9.222491938000625e-05, 'epoch': 1.33}
{'loss': 0.4359, 'learning_rate': 9.218161864142307e-05, 'epoch': 1.34}
{'loss': 0.4352, 'learning_rate': 9.213831790283991e-05, 'epoch': 1.34}
{'loss': 0.4612, 'learning_rate': 9.209501716425674e-05, 'epoch': 1.34}
{'loss': 0.4448, 'learning_rate': 9.205171642567356e-05, 'epoch': 1.35}
{'loss': 0.4063, 'learning_rate': 9.20084156870904e-05, 'epoch': 1.35}
{'loss': 0.4355, 'learning_rate': 9.196511494850725e-05, 'epoch': 1.36}
{'loss': 0.4405, 'learning_rate': 9.192181420992407e-05, 'epoch': 1.36}
{'loss': 0.435, 'learning_rate': 9.18785134713409e-05, 'epoch': 1.36}
{'loss': 0.4402, 'learning_rate': 9.183521273275772e-05, 'epoch': 1.37}
{'loss': 0.4335, 'learning_rate': 9.179191199417456e-05, 'epoch': 1.37}
{'loss': 0.4389, 'learning_rate': 9.17486112555914e-05, 'epoch': 1.38}
{'loss': 0.423, 'learning_rate': 9.170531051700821e-05, 'epoch': 1.38}
{'loss': 0.4059, 'learning_rate': 9.166200977842505e-05, 'epoch': 1.39}
{'loss': 0.4306, 'learning_rate': 9.161870903984188e-05, 'epoch': 1.39}
{'loss': 0.4214, 'learning_rate': 9.157540830125872e-05, 'epoch': 1.39}
{'loss': 0.4359, 'learning_rate': 9.153210756267555e-05, 'epoch': 1.4}
{'loss': 0.4744, 'learning_rate': 9.148880682409237e-05, 'epoch': 1.4}
{'loss': 0.4409, 'learning_rate': 9.144550608550921e-05, 'epoch': 1.41}
{'loss': 0.4382, 'learning_rate': 9.140220534692604e-05, 'epoch': 1.41}
{'loss': 0.429, 'learning_rate': 9.135890460834287e-05, 'epoch': 1.41}
{'loss': 0.4619, 'learning_rate': 9.13156038697597e-05, 'epoch': 1.42}
{'loss': 0.4089, 'learning_rate': 9.127230313117654e-05, 'epoch': 1.42}
{'loss': 0.4277, 'learning_rate': 9.122900239259337e-05, 'epoch': 1.43}
{'loss': 0.4273, 'learning_rate': 9.11857016540102e-05, 'epoch': 1.43}
{'loss': 0.4154, 'learning_rate': 9.114240091542704e-05, 'epoch': 1.43}
{'loss': 0.4683, 'learning_rate': 9.109996619161553e-05, 'epoch': 1.44}
{'loss': 0.4475, 'learning_rate': 9.105666545303236e-05, 'epoch': 1.44}
{'loss': 0.4429, 'learning_rate': 9.101336471444918e-05, 'epoch': 1.45}
{'loss': 0.4229, 'learning_rate': 9.097006397586602e-05, 'epoch': 1.45}
{'loss': 0.4402, 'learning_rate': 9.092676323728285e-05, 'epoch': 1.45}
{'loss': 0.4021, 'learning_rate': 9.088346249869967e-05, 'epoch': 1.46}
{'loss': 0.4166, 'learning_rate': 9.084016176011651e-05, 'epoch': 1.46}
{'loss': 0.4161, 'learning_rate': 9.079686102153334e-05, 'epoch': 1.47}
{'loss': 0.4225, 'learning_rate': 9.075356028295018e-05, 'epoch': 1.47}
{'loss': 0.4308, 'learning_rate': 9.071025954436701e-05, 'epoch': 1.47}
{'loss': 0.4298, 'learning_rate': 9.066695880578385e-05, 'epoch': 1.48}
{'loss': 0.4443, 'learning_rate': 9.062365806720067e-05, 'epoch': 1.48}
{'loss': 0.4379, 'learning_rate': 9.05803573286175e-05, 'epoch': 1.49}
{'loss': 0.4324, 'learning_rate': 9.053705659003434e-05, 'epoch': 1.49}
{'loss': 0.4838, 'learning_rate': 9.049375585145116e-05, 'epoch': 1.5}
{'loss': 0.4325, 'learning_rate': 9.0450455112868e-05, 'epoch': 1.5}
{'loss': 0.4147, 'learning_rate': 9.040715437428483e-05, 'epoch': 1.5}
{'loss': 0.4476, 'learning_rate': 9.036385363570165e-05, 'epoch': 1.51}
{'loss': 0.4349, 'learning_rate': 9.03205528971185e-05, 'epoch': 1.51}
{'loss': 0.4274, 'learning_rate': 9.027725215853532e-05, 'epoch': 1.52}
{'loss': 0.446, 'learning_rate': 9.023395141995216e-05, 'epoch': 1.52}
{'loss': 0.4319, 'learning_rate': 9.019065068136899e-05, 'epoch': 1.52}
{'loss': 0.4055, 'learning_rate': 9.014734994278581e-05, 'epoch': 1.53}
{'loss': 0.4338, 'learning_rate': 9.010404920420265e-05, 'epoch': 1.53}
{'loss': 0.4271, 'learning_rate': 9.006074846561948e-05, 'epoch': 1.54}
{'loss': 0.4472, 'learning_rate': 9.00174477270363e-05, 'epoch': 1.54}
{'loss': 0.4389, 'learning_rate': 8.997414698845314e-05, 'epoch': 1.54}
{'loss': 0.4607, 'learning_rate': 8.993084624986997e-05, 'epoch': 1.55}
{'loss': 0.4274, 'learning_rate': 8.98875455112868e-05, 'epoch': 1.55}
{'loss': 0.4131, 'learning_rate': 8.984424477270364e-05, 'epoch': 1.56}
{'loss': 0.4154, 'learning_rate': 8.980094403412046e-05, 'epoch': 1.56}
{'loss': 0.389, 'learning_rate': 8.97576432955373e-05, 'epoch': 1.56}
{'loss': 0.4051, 'learning_rate': 8.971434255695413e-05, 'epoch': 1.57}
{'loss': 0.4598, 'learning_rate': 8.967104181837095e-05, 'epoch': 1.57}
{'loss': 0.4468, 'learning_rate': 8.962774107978779e-05, 'epoch': 1.58}
{'loss': 0.4181, 'learning_rate': 8.958444034120462e-05, 'epoch': 1.58}
{'loss': 0.4351, 'learning_rate': 8.954113960262146e-05, 'epoch': 1.58}
{'loss': 0.4365, 'learning_rate': 8.949783886403829e-05, 'epoch': 1.59}
{'loss': 0.404, 'learning_rate': 8.945453812545513e-05, 'epoch': 1.59}
{'loss': 0.4302, 'learning_rate': 8.941123738687195e-05, 'epoch': 1.6}
{'loss': 0.409, 'learning_rate': 8.936793664828878e-05, 'epoch': 1.6}
{'loss': 0.423, 'learning_rate': 8.932463590970562e-05, 'epoch': 1.61}
{'loss': 0.4258, 'learning_rate': 8.928133517112244e-05, 'epoch': 1.61}
{'loss': 0.4385, 'learning_rate': 8.923803443253927e-05, 'epoch': 1.61}
{'loss': 0.4202, 'learning_rate': 8.919473369395611e-05, 'epoch': 1.62}
{'loss': 0.4402, 'learning_rate': 8.915143295537294e-05, 'epoch': 1.62}
{'loss': 0.4023, 'learning_rate': 8.910813221678978e-05, 'epoch': 1.63}
{'loss': 0.4126, 'learning_rate': 8.906569749297827e-05, 'epoch': 1.63}
{'loss': 0.4431, 'learning_rate': 8.90223967543951e-05, 'epoch': 1.63}
{'loss': 0.3951, 'learning_rate': 8.897909601581194e-05, 'epoch': 1.64}
{'loss': 0.446, 'learning_rate': 8.893579527722876e-05, 'epoch': 1.64}
{'loss': 0.431, 'learning_rate': 8.889249453864559e-05, 'epoch': 1.65}
{'loss': 0.4413, 'learning_rate': 8.884919380006243e-05, 'epoch': 1.65}
{'loss': 0.4325, 'learning_rate': 8.880589306147925e-05, 'epoch': 1.65}
{'loss': 0.4664, 'learning_rate': 8.876259232289608e-05, 'epoch': 1.66}
{'loss': 0.4509, 'learning_rate': 8.87192915843129e-05, 'epoch': 1.66}
{'loss': 0.421, 'learning_rate': 8.867599084572974e-05, 'epoch': 1.67}
{'loss': 0.4083, 'learning_rate': 8.863269010714659e-05, 'epoch': 1.67}
{'loss': 0.4373, 'learning_rate': 8.859025538333506e-05, 'epoch': 1.67}
{'loss': 0.4163, 'learning_rate': 8.85469546447519e-05, 'epoch': 1.68}
{'loss': 0.4204, 'learning_rate': 8.850365390616874e-05, 'epoch': 1.68}
{'loss': 0.4386, 'learning_rate': 8.846035316758557e-05, 'epoch': 1.69}
{'loss': 0.4462, 'learning_rate': 8.84170524290024e-05, 'epoch': 1.69}
{'loss': 0.451, 'learning_rate': 8.837375169041924e-05, 'epoch': 1.69}
{'loss': 0.43, 'learning_rate': 8.833045095183606e-05, 'epoch': 1.7}
{'loss': 0.404, 'learning_rate': 8.828715021325289e-05, 'epoch': 1.7}
{'loss': 0.4667, 'learning_rate': 8.824384947466973e-05, 'epoch': 1.71}
{'loss': 0.4309, 'learning_rate': 8.820054873608655e-05, 'epoch': 1.71}
{'loss': 0.416, 'learning_rate': 8.815724799750338e-05, 'epoch': 1.72}
{'loss': 0.4193, 'learning_rate': 8.811394725892022e-05, 'epoch': 1.72}
{'loss': 0.4378, 'learning_rate': 8.807064652033705e-05, 'epoch': 1.72}
{'loss': 0.4521, 'learning_rate': 8.802734578175389e-05, 'epoch': 1.73}
{'loss': 0.4487, 'learning_rate': 8.798404504317071e-05, 'epoch': 1.73}
{'loss': 0.4226, 'learning_rate': 8.794074430458754e-05, 'epoch': 1.74}
{'loss': 0.4159, 'learning_rate': 8.789744356600438e-05, 'epoch': 1.74}
{'loss': 0.3997, 'learning_rate': 8.78541428274212e-05, 'epoch': 1.74}
{'loss': 0.4223, 'learning_rate': 8.781084208883803e-05, 'epoch': 1.75}
{'loss': 0.3876, 'learning_rate': 8.776754135025487e-05, 'epoch': 1.75}
{'loss': 0.4421, 'learning_rate': 8.77242406116717e-05, 'epoch': 1.76}
{'loss': 0.4052, 'learning_rate': 8.768093987308854e-05, 'epoch': 1.76}
{'loss': 0.3993, 'learning_rate': 8.763763913450536e-05, 'epoch': 1.76}
{'loss': 0.4282, 'learning_rate': 8.75943383959222e-05, 'epoch': 1.77}
{'loss': 0.4384, 'learning_rate': 8.755103765733903e-05, 'epoch': 1.77}
{'loss': 0.4356, 'learning_rate': 8.750773691875585e-05, 'epoch': 1.78}
{'loss': 0.4196, 'learning_rate': 8.746443618017268e-05, 'epoch': 1.78}
{'loss': 0.4523, 'learning_rate': 8.742113544158952e-05, 'epoch': 1.78}
{'loss': 0.4423, 'learning_rate': 8.737783470300635e-05, 'epoch': 1.79}
{'loss': 0.4212, 'learning_rate': 8.733453396442319e-05, 'epoch': 1.79}
{'loss': 0.4026, 'learning_rate': 8.729123322584002e-05, 'epoch': 1.8}
{'loss': 0.4117, 'learning_rate': 8.724793248725684e-05, 'epoch': 1.8}
{'loss': 0.4146, 'learning_rate': 8.720463174867368e-05, 'epoch': 1.8}
{'loss': 0.4323, 'learning_rate': 8.716133101009051e-05, 'epoch': 1.81}
{'loss': 0.4566, 'learning_rate': 8.711803027150733e-05, 'epoch': 1.81}
{'loss': 0.4297, 'learning_rate': 8.707472953292417e-05, 'epoch': 1.82}
{'loss': 0.4613, 'learning_rate': 8.7031428794341e-05, 'epoch': 1.82}
{'loss': 0.4077, 'learning_rate': 8.698812805575783e-05, 'epoch': 1.83}
{'loss': 0.4219, 'learning_rate': 8.694482731717467e-05, 'epoch': 1.83}
{'loss': 0.4274, 'learning_rate': 8.69015265785915e-05, 'epoch': 1.83}
{'loss': 0.452, 'learning_rate': 8.685822584000833e-05, 'epoch': 1.84}
{'loss': 0.4209, 'learning_rate': 8.681492510142515e-05, 'epoch': 1.84}
{'loss': 0.4654, 'learning_rate': 8.677162436284199e-05, 'epoch': 1.85}
{'loss': 0.4356, 'learning_rate': 8.672832362425882e-05, 'epoch': 1.85}
{'loss': 0.4224, 'learning_rate': 8.668502288567564e-05, 'epoch': 1.85}
{'loss': 0.4138, 'learning_rate': 8.664172214709248e-05, 'epoch': 1.86}
{'loss': 0.4221, 'learning_rate': 8.659842140850931e-05, 'epoch': 1.86}
{'loss': 0.4188, 'learning_rate': 8.655512066992615e-05, 'epoch': 1.87}
{'loss': 0.4237, 'learning_rate': 8.651181993134298e-05, 'epoch': 1.87}
{'loss': 0.4465, 'learning_rate': 8.646851919275982e-05, 'epoch': 1.87}
{'loss': 0.4652, 'learning_rate': 8.642521845417664e-05, 'epoch': 1.88}
{'loss': 0.4439, 'learning_rate': 8.638191771559347e-05, 'epoch': 1.88}
{'loss': 0.4185, 'learning_rate': 8.63386169770103e-05, 'epoch': 1.89}
{'loss': 0.4431, 'learning_rate': 8.629531623842713e-05, 'epoch': 1.89}
{'loss': 0.417, 'learning_rate': 8.625201549984396e-05, 'epoch': 1.89}
{'loss': 0.4286, 'learning_rate': 8.62087147612608e-05, 'epoch': 1.9}
{'loss': 0.4525, 'learning_rate': 8.616541402267763e-05, 'epoch': 1.9}
{'loss': 0.4124, 'learning_rate': 8.612211328409447e-05, 'epoch': 1.91}
{'loss': 0.4173, 'learning_rate': 8.60788125455113e-05, 'epoch': 1.91}
{'loss': 0.4489, 'learning_rate': 8.603551180692812e-05, 'epoch': 1.91}
{'loss': 0.4227, 'learning_rate': 8.599221106834496e-05, 'epoch': 1.92}
{'loss': 0.4148, 'learning_rate': 8.594891032976178e-05, 'epoch': 1.92}
{'loss': 0.4056, 'learning_rate': 8.590560959117861e-05, 'epoch': 1.93}
{'loss': 0.4146, 'learning_rate': 8.586230885259545e-05, 'epoch': 1.93}
{'loss': 0.4224, 'learning_rate': 8.581900811401228e-05, 'epoch': 1.94}
{'loss': 0.4223, 'learning_rate': 8.577570737542912e-05, 'epoch': 1.94}
{'loss': 0.4105, 'learning_rate': 8.573240663684594e-05, 'epoch': 1.94}
{'loss': 0.4317, 'learning_rate': 8.568910589826277e-05, 'epoch': 1.95}
{'loss': 0.4473, 'learning_rate': 8.564580515967961e-05, 'epoch': 1.95}
{'loss': 0.4109, 'learning_rate': 8.560250442109643e-05, 'epoch': 1.96}
{'loss': 0.4132, 'learning_rate': 8.555920368251326e-05, 'epoch': 1.96}
{'loss': 0.4078, 'learning_rate': 8.55159029439301e-05, 'epoch': 1.96}
{'loss': 0.4018, 'learning_rate': 8.547260220534692e-05, 'epoch': 1.97}
{'loss': 0.4386, 'learning_rate': 8.542930146676375e-05, 'epoch': 1.97}
{'loss': 0.4195, 'learning_rate': 8.53860007281806e-05, 'epoch': 1.98}
{'loss': 0.4067, 'learning_rate': 8.534269998959742e-05, 'epoch': 1.98}
{'loss': 0.4588, 'learning_rate': 8.529939925101426e-05, 'epoch': 1.98}
{'loss': 0.442, 'learning_rate': 8.52560985124311e-05, 'epoch': 1.99}
{'loss': 0.3964, 'learning_rate': 8.521279777384792e-05, 'epoch': 1.99}
{'loss': 0.4509, 'learning_rate': 8.516949703526475e-05, 'epoch': 2.0}
[INFO|trainer.py:520] 2026-10-04 16:19:07,577 >> The following columns in the evaluation set  don't have a corresponding argument in `PETLEncModel.forward` and have been ignored: premise, hypothesis, idx.
[INFO|trainer.py:2179] 2026-10-04 16:19:07,579 >> ***** Running Evaluation *****
[INFO|trainer.py:2181] 2026-10-04 16:19:07,579 >>   Num examples = 9815
[INFO|trainer.py:2184] 2026-10-04 16:19:07,579 >>   Batch size = 32
{'eval_loss': 0.39065882563591003, 'eval_accuracy': 0.8561385634233316, 'eval_runtime': 8.7158, 'eval_samples_per_second': 1126.114, 'eval_steps_per_second': 35.223, 'epoch': 2.0}
[INFO|trainer.py:1933] 2026-10-04 16:19:16,296 >> Saving model checkpoint to checkpoints/glue/mnli/20261004/glue.mnli.adapter.am_adapter.ao_sequential.fm_adapter.fo_sequential.abn.fbn.ac_add.fl_none.finit_bert.fs_1.unfrz_ef_.ne10.warm0.06.wd0.1.seed8./checkpoint-24544
[INFO|configuration_utils.py:364] 2026-10-04 16:19:16,297 >> Configuration saved in checkpoints/glue/mnli/20261004/glue.mnli.adapter.am_adapter.ao_sequential.fm_adapter.fo_sequential.abn.fbn.ac_add.fl_none.finit_bert.fs_1.unfrz_ef_.ne10.warm0.06.wd0.1.seed8./checkpoint-24544/config.json
[INFO|modeling_utils.py:898] 2026-10-04 16:19:16,588 >> Model weights saved in checkpoints/glue/mnli/20261004/glue.mnli.adapter.am_adapter.ao_sequential.fm_adapter.fo_sequential.abn.fbn.ac_add.fl_none.finit_bert.fs_1.unfrz_ef_.ne10.warm0.06.wd0.1.seed8./checkpoint-24544/pytorch_model.bin
[INFO|tokenization_utils_base.py:1948] 2026-10-04 16:19:16,590 >> tokenizer config file saved in checkpoints/glue/mnli/20261004/glue.mnli.adapter.am_adapter.ao_sequential.fm_adapter.fo_sequential.abn.fbn.ac_add.fl_none.finit_bert.fs_1.unfrz_ef_.ne10.warm0.06.wd0.1.seed8./checkpoint-24544/tokenizer_config.json
[INFO|tokenization_utils_base.py:1954] 2026-10-04 16:19:16,590 >> Special tokens file saved in checkpoints/glue/mnli/20261004/glue.mnli.adapter.am_adapter.ao_sequential.fm_adapter.fo_sequential.abn.fbn.ac_add.fl_none.finit_bert.fs_1.unfrz_ef_.ne10.warm0.06.wd0.1.seed8./checkpoint-24544/special_tokens_map.json
/work/unify-parameter-efficient-tuning/src/transformers/trainer.py:1784: FutureWarning: `torch.cuda.amp.autocast(args...)` is deprecated. Please use `torch.amp.autocast('cuda', args...)` instead.
  with autocast():
{'loss': 0.3898, 'learning_rate': 8.512619629668158e-05, 'epoch': 2.0}
{'loss': 0.4309, 'learning_rate': 8.50828955580984e-05, 'epoch': 2.0}
{'loss': 0.3915, 'learning_rate': 8.503959481951524e-05, 'epoch': 2.01}
{'loss': 0.402, 'learning_rate': 8.499629408093209e-05, 'epoch': 2.01}
{'loss': 0.4252, 'learning_rate': 8.495385935712056e-05, 'epoch': 2.02}
{'loss': 0.4161, 'learning_rate': 8.49105586185374e-05, 'epoch': 2.02}
{'loss': 0.3858, 'learning_rate': 8.486725787995423e-05, 'epoch': 2.02}
{'loss': 0.4044, 'learning_rate': 8.482395714137107e-05, 'epoch': 2.03}
{'loss': 0.3858, 'learning_rate': 8.47806564027879e-05, 'epoch': 2.03}
{'loss': 0.4211, 'learning_rate': 8.473735566420472e-05, 'epoch': 2.04}
{'loss': 0.4218, 'learning_rate': 8.469405492562156e-05, 'epoch': 2.04}
{'loss': 0.4092, 'learning_rate': 8.465162020181005e-05, 'epoch': 2.05}
{'loss': 0.3773, 'learning_rate': 8.460831946322688e-05, 'epoch': 2.05}
{'loss': 0.4094, 'learning_rate': 8.456501872464372e-05, 'epoch': 2.05}
{'loss': 0.4162, 'learning_rate': 8.452171798606054e-05, 'epoch': 2.06}
{'loss': 0.4169, 'learning_rate': 8.447841724747737e-05, 'epoch': 2.06}
{'loss': 0.3874, 'learning_rate': 8.443511650889421e-05, 'epoch': 2.07}
{'loss': 0.4157, 'learning_rate': 8.439181577031104e-05, 'epoch': 2.07}
{'loss': 0.4367, 'learning_rate': 8.434851503172788e-05, 'epoch': 2.07}
{'loss': 0.3919, 'learning_rate': 8.430521429314471e-05, 'epoch': 2.08}
{'loss': 0.4112, 'learning_rate': 8.426191355456153e-05, 'epoch': 2.08}
{'loss': 0.3878, 'learning_rate': 8.421861281597837e-05, 'epoch': 2.09}
{'loss': 0.4176, 'learning_rate': 8.41753120773952e-05, 'epoch': 2.09}
{'loss': 0.3913, 'learning_rate': 8.413201133881202e-05, 'epoch': 2.09}
{'loss': 0.4101, 'learning_rate': 8.408871060022886e-05, 'epoch': 2.1}
{'loss': 0.4019, 'learning_rate': 8.40454098616457e-05, 'epoch': 2.1}
{'loss': 0.3958, 'learning_rate': 8.400210912306253e-05, 'epoch': 2.11}
{'loss': 0.4064, 'learning_rate': 8.395880838447936e-05, 'epoch': 2.11}
{'loss': 0.3999, 'learning_rate': 8.39155076458962e-05, 'epoch': 2.11}
{'loss': 0.3961, 'learning_rate': 8.387220690731302e-05, 'epoch': 2.12}
{'loss': 0.4097, 'learning_rate': 8.382890616872985e-05, 'epoch': 2.12}
{'loss': 0.3792, 'learning_rate': 8.378560543014667e-05, 'epoch': 2.13}
{'loss': 0.4575, 'learning_rate': 8.374230469156351e-05, 'epoch': 2.13}
{'loss': 0.3879, 'learning_rate': 8.369900395298034e-05, 'epoch': 2.13}
{'loss': 0.4262, 'learning_rate': 8.365570321439717e-05, 'epoch': 2.14}
{'loss': 0.4105, 'learning_rate': 8.361240247581401e-05, 'epoch': 2.14}
{'loss': 0.3793, 'learning_rate': 8.356910173723083e-05, 'epoch': 2.15}
{'loss': 0.4163, 'learning_rate': 8.352580099864767e-05, 'epoch': 2.15}
{'loss': 0.3859, 'learning_rate': 8.34825002600645e-05, 'epoch': 2.16}
{'loss': 0.4088, 'learning_rate': 8.343919952148133e-05, 'epoch': 2.16}
{'loss': 0.4214, 'learning_rate': 8.339589878289816e-05, 'epoch': 2.16}
{'loss': 0.4089, 'learning_rate': 8.3352598044315e-05, 'epoch': 2.17}
{'loss': 0.4304, 'learning_rate': 8.330929730573182e-05, 'epoch': 2.17}
{'loss': 0.4311, 'learning_rate': 8.326599656714865e-05, 'epoch': 2.18}
{'loss': 0.4036, 'learning_rate': 8.322269582856549e-05, 'epoch': 2.18}
{'loss': 0.4235, 'learning_rate': 8.317939508998232e-05, 'epoch': 2.18}
{'loss': 0.4318, 'learning_rate': 8.313609435139916e-05, 'epoch': 2.19}
{'loss': 0.3905, 'learning_rate': 8.309279361281599e-05, 'epoch': 2.19}
{'loss': 0.4083, 'learning_rate': 8.304949287423281e-05, 'epoch': 2.2}
{'loss': 0.4342, 'learning_rate': 8.300619213564965e-05, 'epoch': 2.2}
{'loss': 0.3985, 'learning_rate': 8.296289139706648e-05, 'epoch': 2.2}
{'loss': 0.4345, 'learning_rate': 8.29195906584833e-05, 'epoch': 2.21}
{'loss': 0.3864, 'learning_rate': 8.287628991990014e-05, 'epoch': 2.21}
{'loss': 0.3921, 'learning_rate': 8.283298918131697e-05, 'epoch': 2.22}
{'loss': 0.3614, 'learning_rate': 8.27896884427338e-05, 'epoch': 2.22}
{'loss': 0.3965, 'learning_rate': 8.274638770415064e-05, 'epoch': 2.22}
{'loss': 0.4156, 'learning_rate': 8.270308696556746e-05, 'epoch': 2.23}
{'loss': 0.4242, 'learning_rate': 8.26597862269843e-05, 'epoch': 2.23}
{'loss': 0.399, 'learning_rate': 8.261648548840112e-05, 'epoch': 2.24}
{'loss': 0.3992, 'learning_rate': 8.257318474981795e-05, 'epoch': 2.24}
{'loss': 0.4066, 'learning_rate': 8.252988401123479e-05, 'epoch': 2.24}
{'loss': 0.4311, 'learning_rate': 8.248658327265162e-05, 'epoch': 2.25}
{'loss': 0.4181, 'learning_rate': 8.244328253406846e-05, 'epoch': 2.25}
{'loss': 0.4104, 'learning_rate': 8.239998179548529e-05, 'epoch': 2.26}
{'loss': 0.4306, 'learning_rate': 8.235668105690211e-05, 'epoch': 2.26}
{'loss': 0.383, 'learning_rate': 8.231338031831895e-05, 'epoch': 2.27}
{'loss': 0.4144, 'learning_rate': 8.227007957973578e-05, 'epoch': 2.27}
{'loss': 0.4227, 'learning_rate': 8.22267788411526e-05, 'epoch': 2.27}
{'loss': 0.4162, 'learning_rate': 8.218347810256944e-05, 'epoch': 2.28}
{'loss': 0.3859, 'learning_rate': 8.214017736398627e-05, 'epoch': 2.28}
{'loss': 0.3854, 'learning_rate': 8.20968766254031e-05, 'epoch': 2.29}
{'loss': 0.3785, 'learning_rate': 8.205357588681994e-05, 'epoch': 2.29}
{'loss': 0.4, 'learning_rate': 8.201027514823678e-05, 'epoch': 2.29}
{'loss': 0.4122, 'learning_rate': 8.19669744096536e-05, 'epoch': 2.3}
{'loss': 0.4171, 'learning_rate': 8.192367367107043e-05, 'epoch': 2.3}
{'loss': 0.3893, 'learning_rate': 8.188037293248727e-05, 'epoch': 2.31}
{'loss': 0.4233, 'learning_rate': 8.183707219390409e-05, 'epoch': 2.31}
{'loss': 0.3889, 'learning_rate': 8.179377145532092e-05, 'epoch': 2.31}
{'loss': 0.4202, 'learning_rate': 8.175047071673776e-05, 'epoch': 2.32}
{'loss': 0.4078, 'learning_rate': 8.170716997815458e-05, 'epoch': 2.32}
{'loss': 0.3778, 'learning_rate': 8.166386923957142e-05, 'epoch': 2.33}
{'loss': 0.398, 'learning_rate': 8.162056850098825e-05, 'epoch': 2.33}
{'loss': 0.4192, 'learning_rate': 8.157726776240508e-05, 'epoch': 2.33}
{'loss': 0.4336, 'learning_rate': 8.15339670238219e-05, 'epoch': 2.34}
{'loss': 0.4197, 'learning_rate': 8.149066628523874e-05, 'epoch': 2.34}
{'loss': 0.4194, 'learning_rate': 8.144736554665558e-05, 'epoch': 2.35}
{'loss': 0.3899, 'learning_rate': 8.14040648080724e-05, 'epoch': 2.35}
{'loss': 0.4237, 'learning_rate': 8.136076406948923e-05, 'epoch': 2.35}
{'loss': 0.4045, 'learning_rate': 8.131746333090607e-05, 'epoch': 2.36}
{'loss': 0.4142, 'learning_rate': 8.12741625923229e-05, 'epoch': 2.36}
{'loss': 0.4339, 'learning_rate': 8.123086185373974e-05, 'epoch': 2.37}
{'loss': 0.4449, 'learning_rate': 8.118756111515657e-05, 'epoch': 2.37}
{'loss': 0.4094, 'learning_rate': 8.114426037657339e-05, 'epoch': 2.38}
{'loss': 0.4048, 'learning_rate': 8.110095963799023e-05, 'epoch': 2.38}
{'loss': 0.4272, 'learning_rate': 8.105765889940706e-05, 'epoch': 2.38}
{'loss': 0.4014, 'learning_rate': 8.101435816082388e-05, 'epoch': 2.39}
{'loss': 0.415, 'learning_rate': 8.097105742224072e-05, 'epoch': 2.39}
{'loss': 0.3915, 'learning_rate': 8.092775668365755e-05, 'epoch': 2.4}
{'loss': 0.4424, 'learning_rate': 8.088445594507439e-05, 'epoch': 2.4}
{'loss': 0.4249, 'learning_rate': 8.084115520649122e-05, 'epoch': 2.4}
{'loss': 0.4262, 'learning_rate': 8.079785446790806e-05, 'epoch': 2.41}
{'loss': 0.4046, 'learning_rate': 8.075455372932488e-05, 'epoch': 2.41}
{'loss': 0.4176, 'learning_rate': 8.071125299074171e-05, 'epoch': 2.42}
{'loss': 0.4461, 'learning_rate': 8.066795225215853e-05, 'epoch': 2.42}
{'loss': 0.4225, 'learning_rate': 8.062465151357537e-05, 'epoch': 2.42}
{'loss': 0.3943, 'learning_rate': 8.05813507749922e-05, 'epoch': 2.43}
{'loss': 0.4414, 'learning_rate': 8.053805003640902e-05, 'epoch': 2.43}
{'loss': 0.4033, 'learning_rate': 8.049474929782587e-05, 'epoch': 2.44}
{'loss': 0.399, 'learning_rate': 8.04514485592427e-05, 'epoch': 2.44}
{'loss': 0.3796, 'learning_rate': 8.040814782065953e-05, 'epoch': 2.44}
{'loss': 0.4022, 'learning_rate': 8.036484708207636e-05, 'epoch': 2.45}
{'loss': 0.4031, 'learning_rate': 8.032154634349318e-05, 'epoch': 2.45}
{'loss': 0.3888, 'learning_rate': 8.027824560491002e-05, 'epoch': 2.46}
{'loss': 0.4335, 'learning_rate': 8.023494486632685e-05, 'epoch': 2.46}
{'loss': 0.4071, 'learning_rate': 8.019164412774367e-05, 'epoch': 2.46}
{'loss': 0.3849, 'learning_rate': 8.014920940393218e-05, 'epoch': 2.47}
{'loss': 0.3856, 'learning_rate': 8.010590866534901e-05, 'epoch': 2.47}
{'loss': 0.4046, 'learning_rate': 8.006260792676583e-05, 'epoch': 2.48}
{'loss': 0.4258, 'learning_rate': 8.001930718818267e-05, 'epoch': 2.48}
{'loss': 0.3969, 'learning_rate': 7.99760064495995e-05, 'epoch': 2.49}
{'loss': 0.4048, 'learning_rate': 7.993270571101634e-05, 'epoch': 2.49}
{'loss': 0.4491, 'learning_rate': 7.988940497243317e-05, 'epoch': 2.49}
{'loss': 0.4156, 'learning_rate': 7.984610423384999e-05, 'epoch': 2.5}
{'loss': 0.4239, 'learning_rate': 7.98036695100385e-05, 'epoch': 2.5}
{'loss': 0.4036, 'learning_rate': 7.976036877145533e-05, 'epoch': 2.51}
{'loss': 0.3966, 'learning_rate': 7.971706803287216e-05, 'epoch': 2.51}
{'loss': 0.4097, 'learning_rate': 7.967376729428899e-05, 'epoch': 2.51}
{'loss': 0.3856, 'learning_rate': 7.963046655570582e-05, 'epoch': 2.52}
{'loss': 0.4052, 'learning_rate': 7.958716581712266e-05, 'epoch': 2.52}
{'loss': 0.388, 'learning_rate': 7.954386507853948e-05, 'epoch': 2.53}
{'loss': 0.4013, 'learning_rate': 7.950056433995631e-05, 'epoch': 2.53}
{'loss': 0.4208, 'learning_rate': 7.945726360137315e-05, 'epoch': 2.53}
{'loss': 0.4146, 'learning_rate': 7.941396286278998e-05, 'epoch': 2.54}
{'loss': 0.3931, 'learning_rate': 7.93706621242068e-05, 'epoch': 2.54}
{'loss': 0.4165, 'learning_rate': 7.932736138562364e-05, 'epoch': 2.55}
{'loss': 0.4192, 'learning_rate': 7.928406064704047e-05, 'epoch': 2.55}
{'loss': 0.3906, 'learning_rate': 7.924075990845729e-05, 'epoch': 2.55}
{'loss': 0.4151, 'learning_rate': 7.919745916987413e-05, 'epoch': 2.56}
{'loss': 0.41, 'learning_rate': 7.915415843129096e-05, 'epoch': 2.56}
{'loss': 0.3964, 'learning_rate': 7.91108576927078e-05, 'epoch': 2.57}
{'loss': 0.3686, 'learning_rate': 7.906755695412463e-05, 'epoch': 2.57}
{'loss': 0.4069, 'learning_rate': 7.902425621554147e-05, 'epoch': 2.57}
{'loss': 0.4005, 'learning_rate': 7.898095547695829e-05, 'epoch': 2.58}
{'loss': 0.3857, 'learning_rate': 7.893765473837512e-05, 'epoch': 2.58}
{'loss': 0.405, 'learning_rate': 7.889435399979196e-05, 'epoch': 2.59}
{'loss': 0.3849, 'learning_rate': 7.885105326120878e-05, 'epoch': 2.59}
{'loss': 0.3974, 'learning_rate': 7.880775252262561e-05, 'epoch': 2.6}
{'loss': 0.3938, 'learning_rate': 7.876445178404245e-05, 'epoch': 2.6}
{'loss': 0.3908, 'learning_rate': 7.872115104545928e-05, 'epoch': 2.6}
{'loss': 0.4155, 'learning_rate': 7.867785030687612e-05, 'epoch': 2.61}
{'loss': 0.4371, 'learning_rate': 7.863454956829295e-05, 'epoch': 2.61}
{'loss': 0.41, 'learning_rate': 7.859124882970977e-05, 'epoch': 2.62}
{'loss': 0.38, 'learning_rate': 7.854794809112661e-05, 'epoch': 2.62}
{'loss': 0.3802, 'learning_rate': 7.850464735254343e-05, 'epoch': 2.62}
{'loss': 0.3835, 'learning_rate': 7.846134661396026e-05, 'epoch': 2.63}
{'loss': 0.4028, 'learning_rate': 7.84180458753771e-05, 'epoch': 2.63}
{'loss': 0.4307, 'learning_rate': 7.837474513679392e-05, 'epoch': 2.64}
{'loss': 0.3915, 'learning_rate': 7.833144439821076e-05, 'epoch': 2.64}
{'loss': 0.3772, 'learning_rate': 7.828814365962759e-05, 'epoch': 2.64}
{'loss': 0.4082, 'learning_rate': 7.824484292104442e-05, 'epoch': 2.65}
{'loss': 0.4018, 'learning_rate': 7.820154218246126e-05, 'epoch': 2.65}
{'loss': 0.4136, 'learning_rate': 7.815824144387808e-05, 'epoch': 2.66}
{'loss': 0.3851, 'learning_rate': 7.811494070529492e-05, 'epoch': 2.66}
{'loss': 0.393, 'learning_rate': 7.807163996671175e-05, 'epoch': 2.66}
{'loss': 0.4144, 'learning_rate': 7.802833922812857e-05, 'epoch': 2.67}
{'loss': 0.3914, 'learning_rate': 7.79850384895454e-05, 'epoch': 2.67}
{'loss': 0.4095, 'learning_rate': 7.794173775096224e-05, 'epoch': 2.68}
{'loss': 0.4252, 'learning_rate': 7.789843701237908e-05, 'epoch': 2.68}
{'loss': 0.4091, 'learning_rate': 7.785513627379591e-05, 'epoch': 2.68}
{'loss': 0.3991, 'learning_rate': 7.781183553521274e-05, 'epoch': 2.69}
{'loss': 0.4206, 'learning_rate': 7.776853479662957e-05, 'epoch': 2.69}
{'loss': 0.4648, 'learning_rate': 7.77252340580464e-05, 'epoch': 2.7}
{'loss': 0.4176, 'learning_rate': 7.768193331946324e-05, 'epoch': 2.7}
{'loss': 0.4189, 'learning_rate': 7.763863258088006e-05, 'epoch': 2.71}
{'loss': 0.3888, 'learning_rate': 7.759533184229689e-05, 'epoch': 2.71}
{'loss': 0.4132, 'learning_rate': 7.755203110371373e-05, 'epoch': 2.71}
{'loss': 0.388, 'learning_rate': 7.750873036513056e-05, 'epoch': 2.72}
{'loss': 0.3872, 'learning_rate': 7.74654296265474e-05, 'epoch': 2.72}
{'loss': 0.4018, 'learning_rate': 7.742212888796422e-05, 'epoch': 2.73}
{'loss': 0.3963, 'learning_rate': 7.737882814938105e-05, 'epoch': 2.73}
{'loss': 0.4088, 'learning_rate': 7.733552741079787e-05, 'epoch': 2.73}
{'loss': 0.3943, 'learning_rate': 7.729222667221471e-05, 'epoch': 2.74}
{'loss': 0.4237, 'learning_rate': 7.724892593363154e-05, 'epoch': 2.74}
{'loss': 0.4168, 'learning_rate': 7.720562519504836e-05, 'epoch': 2.75}
{'loss': 0.4316, 'learning_rate': 7.716232445646521e-05, 'epoch': 2.75}
{'loss': 0.4036, 'learning_rate': 7.711902371788205e-05, 'epoch': 2.75}
{'loss': 0.4026, 'learning_rate': 7.707572297929887e-05, 'epoch': 2.76}
{'loss': 0.3832, 'learning_rate': 7.70324222407157e-05, 'epoch': 2.76}
{'loss': 0.4531, 'learning_rate': 7.698912150213254e-05, 'epoch': 2.77}
{'loss': 0.4094, 'learning_rate': 7.694582076354936e-05, 'epoch': 2.77}
{'loss': 0.4084, 'learning_rate': 7.69025200249662e-05, 'epoch': 2.77}
{'loss': 0.4297, 'learning_rate': 7.685921928638303e-05, 'epoch': 2.78}
{'loss': 0.3871, 'learning_rate': 7.681591854779985e-05, 'epoch': 2.78}
{'loss': 0.3877, 'learning_rate': 7.677261780921668e-05, 'epoch': 2.79}
{'loss': 0.4109, 'learning_rate': 7.672931707063353e-05, 'epoch': 2.79}
{'loss': 0.4156, 'learning_rate': 7.668601633205035e-05, 'epoch': 2.79}
{'loss': 0.3801, 'learning_rate': 7.664271559346719e-05, 'epoch': 2.8}
{'loss': 0.3577, 'learning_rate': 7.659941485488402e-05, 'epoch': 2.8}
{'loss': 0.4295, 'learning_rate': 7.655611411630084e-05, 'epoch': 2.81}
{'loss': 0.3911, 'learning_rate': 7.651281337771768e-05, 'epoch': 2.81}
{'loss': 0.4267, 'learning_rate': 7.646951263913451e-05, 'epoch': 2.82}
{'loss': 0.4306, 'learning_rate': 7.642621190055134e-05, 'epoch': 2.82}
{'loss': 0.3923, 'learning_rate': 7.638291116196817e-05, 'epoch': 2.82}
{'loss': 0.354, 'learning_rate': 7.6339610423385e-05, 'epoch': 2.83}
{'loss': 0.4115, 'learning_rate': 7.629630968480184e-05, 'epoch': 2.83}
{'loss': 0.4053, 'learning_rate': 7.625300894621866e-05, 'epoch': 2.84}
{'loss': 0.3757, 'learning_rate': 7.62097082076355e-05, 'epoch': 2.84}
{'loss': 0.3912, 'learning_rate': 7.616640746905233e-05, 'epoch': 2.84}
{'loss': 0.4354, 'learning_rate': 7.612310673046915e-05, 'epoch': 2.85}
{'loss': 0.3811, 'learning_rate': 7.607980599188599e-05, 'epoch': 2.85}
{'loss': 0.4103, 'learning_rate': 7.603650525330282e-05, 'epoch': 2.86}
{'loss': 0.3767, 'learning_rate': 7.599320451471966e-05, 'epoch': 2.86}
{'loss': 0.3962, 'learning_rate': 7.594990377613649e-05, 'epoch': 2.86}
{'loss': 0.4043, 'learning_rate': 7.590660303755333e-05, 'epoch': 2.87}
{'loss': 0.4167, 'learning_rate': 7.586330229897015e-05, 'epoch': 2.87}
{'loss': 0.3977, 'learning_rate': 7.582000156038698e-05, 'epoch': 2.88}
{'loss': 0.4203, 'learning_rate': 7.577670082180382e-05, 'epoch': 2.88}
{'loss': 0.4385, 'learning_rate': 7.573340008322064e-05, 'epoch': 2.88}
{'loss': 0.3915, 'learning_rate': 7.569009934463747e-05, 'epoch': 2.89}
{'loss': 0.4082, 'learning_rate': 7.56467986060543e-05, 'epoch': 2.89}
{'loss': 0.4194, 'learning_rate': 7.560349786747114e-05, 'epoch': 2.9}
{'loss': 0.3749, 'learning_rate': 7.556019712888798e-05, 'epoch': 2.9}
{'loss': 0.4149, 'learning_rate': 7.551689639030481e-05, 'epoch': 2.9}
{'loss': 0.4255, 'learning_rate': 7.547359565172163e-05, 'epoch': 2.91}
{'loss': 0.42, 'learning_rate': 7.543029491313847e-05, 'epoch': 2.91}
{'loss': 0.4022, 'learning_rate': 7.53869941745553e-05, 'epoch': 2.92}
{'loss': 0.3731, 'learning_rate': 7.534369343597212e-05, 'epoch': 2.92}
{'loss': 0.4172, 'learning_rate': 7.530039269738896e-05, 'epoch': 2.93}
{'loss': 0.4034, 'learning_rate': 7.525709195880578e-05, 'epoch': 2.93}
{'loss': 0.3603, 'learning_rate': 7.521379122022261e-05, 'epoch': 2.93}
{'loss': 0.3811, 'learning_rate': 7.517049048163945e-05, 'epoch': 2.94}
{'loss': 0.3434, 'learning_rate': 7.512718974305628e-05, 'epoch': 2.94}
{'loss': 0.3938, 'learning_rate': 7.508388900447312e-05, 'epoch': 2.95}
{'loss': 0.4214, 'learning_rate': 7.504058826588994e-05, 'epoch': 2.95}
{'loss': 0.3919, 'learning_rate': 7.499728752730677e-05, 'epoch': 2.95}
{'loss': 0.3664, 'learning_rate': 7.495398678872361e-05, 'epoch': 2.96}
{'loss': 0.3773, 'learning_rate': 7.491068605014043e-05, 'epoch': 2.96}
{'loss': 0.402, 'learning_rate': 7.486738531155726e-05, 'epoch': 2.97}
{'loss': 0.421, 'learning_rate': 7.48240845729741e-05, 'epoch': 2.97}
{'loss': 0.3971, 'learning_rate': 7.478078383439093e-05, 'epoch': 2.97}
{'loss': 0.3902, 'learning_rate': 7.473748309580777e-05, 'epoch': 2.98}
{'loss': 0.4222, 'learning_rate': 7.469504837199626e-05, 'epoch': 2.98}
{'loss': 0.3894, 'learning_rate': 7.465174763341309e-05, 'epoch': 2.99}
{'loss': 0.3991, 'learning_rate': 7.460844689482993e-05, 'epoch': 2.99}
{'loss': 0.3856, 'learning_rate': 7.456514615624675e-05, 'epoch': 2.99}
{'loss': 0.3653, 'learning_rate': 7.452184541766358e-05, 'epoch': 3.0}
[INFO|trainer.py:520] 2026-10-04 16:24:26,555 >> The following columns in the evaluation set  don't have a corresponding argument in `PETLEncModel.forward` and have been ignored: premise, hypothesis, idx.
[INFO|trainer.py:2179] 2026-10-04 16:24:26,557 >> ***** Running Evaluation *****
[INFO|trainer.py:2181] 2026-10-04 16:24:26,557 >>   Num examples = 9815
[INFO|trainer.py:2184] 2026-10-04 16:24:26,557 >>   Batch size = 32
{'eval_loss': 0.3793349862098694, 'eval_accuracy': 0.8599083036169128, 'eval_runtime': 9.1445, 'eval_samples_per_second': 1073.318, 'eval_steps_per_second': 33.572, 'epoch': 3.0}
[INFO|trainer.py:1933] 2026-10-04 16:24:35,702 >> Saving model checkpoint to checkpoints/glue/mnli/20261004/glue.mnli.adapter.am_adapter.ao_sequential.fm_adapter.fo_sequential.abn.fbn.ac_add.fl_none.finit_bert.fs_1.unfrz_ef_.ne10.warm0.06.wd0.1.seed8./checkpoint-36816
[INFO|configuration_utils.py:364] 2026-10-04 16:24:35,703 >> Configuration saved in checkpoints/glue/mnli/20261004/glue.mnli.adapter.am_adapter.ao_sequential.fm_adapter.fo_sequential.abn.fbn.ac_add.fl_none.finit_bert.fs_1.unfrz_ef_.ne10.warm0.06.wd0.1.seed8./checkpoint-36816/config.json
[INFO|modeling_utils.py:898] 2026-10-04 16:24:35,980 >> Model weights saved in checkpoints/glue/mnli/20261004/glue.mnli.adapter.am_adapter.ao_sequential.fm_adapter.fo_sequential.abn.fbn.ac_add.fl_none.finit_bert.fs_1.unfrz_ef_.ne10.warm0.06.wd0.1.seed8./checkpoint-36816/pytorch_model.bin
[INFO|tokenization_utils_base.py:1948] 2026-10-04 16:24:35,981 >> tokenizer config file saved in checkpoints/glue/mnli/20261004/glue.mnli.adapter.am_adapter.ao_sequential.fm_adapter.fo_sequential.abn.fbn.ac_add.fl_none.finit_bert.fs_1.unfrz_ef_.ne10.warm0.06.wd0.1.seed8./checkpoint-36816/tokenizer_config.json
[INFO|tokenization_utils_base.py:1954] 2026-10-04 16:24:35,982 >> Special tokens file saved in checkpoints/glue/mnli/20261004/glue.mnli.adapter.am_adapter.ao_sequential.fm_adapter.fo_sequential.abn.fbn.ac_add.fl_none.finit_bert.fs_1.unfrz_ef_.ne10.warm0.06.wd0.1.seed8./checkpoint-36816/special_tokens_map.json
[INFO|trainer.py:2009] 2026-10-04 16:24:36,049 >> Deleting older checkpoint [checkpoints/glue/mnli/20261004/glue.mnli.adapter.am_adapter.ao_sequential.fm_adapter.fo_sequential.abn.fbn.ac_add.fl_none.finit_bert.fs_1.unfrz_ef_.ne10.warm0.06.wd0.1.seed8./checkpoint-12272] due to args.save_total_limit
/work/unify-parameter-efficient-tuning/src/transformers/trainer.py:1784: FutureWarning: `torch.cuda.amp.autocast(args...)` is deprecated. Please use `torch.amp.autocast('cuda', args...)` instead.
  with autocast():
{'loss': 0.4062, 'learning_rate': 7.447854467908042e-05, 'epoch': 3.0}
{'loss': 0.3922, 'learning_rate': 7.443524394049724e-05, 'epoch': 3.01}
{'loss': 0.3693, 'learning_rate': 7.439194320191407e-05, 'epoch': 3.01}
{'loss': 0.3917, 'learning_rate': 7.434864246333091e-05, 'epoch': 3.01}
{'loss': 0.3935, 'learning_rate': 7.430534172474774e-05, 'epoch': 3.02}
{'loss': 0.4023, 'learning_rate': 7.426204098616458e-05, 'epoch': 3.02}
{'loss': 0.383, 'learning_rate': 7.421874024758141e-05, 'epoch': 3.03}
{'loss': 0.3564, 'learning_rate': 7.417543950899823e-05, 'epoch': 3.03}
{'loss': 0.3652, 'learning_rate': 7.413213877041507e-05, 'epoch': 3.04}
{'loss': 0.3854, 'learning_rate': 7.40888380318319e-05, 'epoch': 3.04}
{'loss': 0.3957, 'learning_rate': 7.404553729324872e-05, 'epoch': 3.04}
{'loss': 0.3642, 'learning_rate': 7.400223655466556e-05, 'epoch': 3.05}
{'loss': 0.426, 'learning_rate': 7.39589358160824e-05, 'epoch': 3.05}
{'loss': 0.3707, 'learning_rate': 7.391563507749923e-05, 'epoch': 3.06}
{'loss': 0.3592, 'learning_rate': 7.387233433891606e-05, 'epoch': 3.06}
{'loss': 0.3637, 'learning_rate': 7.38290336003329e-05, 'epoch': 3.06}
{'loss': 0.4049, 'learning_rate': 7.378573286174972e-05, 'epoch': 3.07}
{'loss': 0.3876, 'learning_rate': 7.374243212316654e-05, 'epoch': 3.07}
{'loss': 0.3977, 'learning_rate': 7.369913138458339e-05, 'epoch': 3.08}
{'loss': 0.371, 'learning_rate': 7.365583064600021e-05, 'epoch': 3.08}
{'loss': 0.403, 'learning_rate': 7.361252990741703e-05, 'epoch': 3.08}
{'loss': 0.3767, 'learning_rate': 7.356922916883387e-05, 'epoch': 3.09}
{'loss': 0.3636, 'learning_rate': 7.352592843025071e-05, 'epoch': 3.09}
{'loss': 0.3764, 'learning_rate': 7.348262769166754e-05, 'epoch': 3.1}
{'loss': 0.3783, 'learning_rate': 7.343932695308437e-05, 'epoch': 3.1}
{'loss': 0.3908, 'learning_rate': 7.33960262145012e-05, 'epoch': 3.1}
{'loss': 0.3752, 'learning_rate': 7.335272547591803e-05, 'epoch': 3.11}
{'loss': 0.411, 'learning_rate': 7.330942473733486e-05, 'epoch': 3.11}
{'loss': 0.4058, 'learning_rate': 7.32661239987517e-05, 'epoch': 3.12}
{'loss': 0.3752, 'learning_rate': 7.322282326016852e-05, 'epoch': 3.12}
{'loss': 0.3965, 'learning_rate': 7.317952252158535e-05, 'epoch': 3.12}
{'loss': 0.3993, 'learning_rate': 7.313622178300219e-05, 'epoch': 3.13}
{'loss': 0.4129, 'learning_rate': 7.309292104441902e-05, 'epoch': 3.13}
{'loss': 0.3957, 'learning_rate': 7.304962030583586e-05, 'epoch': 3.14}
{'loss': 0.3818, 'learning_rate': 7.300631956725269e-05, 'epoch': 3.14}
{'loss': 0.4157, 'learning_rate': 7.296301882866951e-05, 'epoch': 3.15}
{'loss': 0.378, 'learning_rate': 7.291971809008635e-05, 'epoch': 3.15}
{'loss': 0.4062, 'learning_rate': 7.287641735150318e-05, 'epoch': 3.15}
{'loss': 0.4092, 'learning_rate': 7.283311661292e-05, 'epoch': 3.16}
{'loss': 0.3982, 'learning_rate': 7.278981587433684e-05, 'epoch': 3.16}
{'loss': 0.4048, 'learning_rate': 7.274651513575367e-05, 'epoch': 3.17}
{'loss': 0.401, 'learning_rate': 7.270321439717051e-05, 'epoch': 3.17}
{'loss': 0.4284, 'learning_rate': 7.2660779673359e-05, 'epoch': 3.17}
{'loss': 0.3968, 'learning_rate': 7.261747893477583e-05, 'epoch': 3.18}
{'loss': 0.3646, 'learning_rate': 7.257417819619267e-05, 'epoch': 3.18}
{'loss': 0.3616, 'learning_rate': 7.25308774576095e-05, 'epoch': 3.19}
{'loss': 0.3735, 'learning_rate': 7.248757671902632e-05, 'epoch': 3.19}
{'loss': 0.3619, 'learning_rate': 7.244427598044316e-05, 'epoch': 3.19}
{'loss': 0.3703, 'learning_rate': 7.240097524185999e-05, 'epoch': 3.2}
{'loss': 0.362, 'learning_rate': 7.235767450327681e-05, 'epoch': 3.2}
{'loss': 0.4221, 'learning_rate': 7.231437376469365e-05, 'epoch': 3.21}
{'loss': 0.3777, 'learning_rate': 7.227107302611048e-05, 'epoch': 3.21}
{'loss': 0.4102, 'learning_rate': 7.222777228752732e-05, 'epoch': 3.21}
{'loss': 0.3998, 'learning_rate': 7.218447154894414e-05, 'epoch': 3.22}
{'loss': 0.3871, 'learning_rate': 7.214117081036099e-05, 'epoch': 3.22}
{'loss': 0.3621, 'learning_rate': 7.20978700717778e-05, 'epoch': 3.23}
{'loss': 0.4009, 'learning_rate': 7.205456933319463e-05, 'epoch': 3.23}
{'loss': 0.3847, 'learning_rate': 7.201126859461148e-05, 'epoch': 3.24}
{'loss': 0.419, 'learning_rate': 7.19679678560283e-05, 'epoch': 3.24}
{'loss': 0.3928, 'learning_rate': 7.192466711744512e-05, 'epoch': 3.24}
{'loss': 0.3496, 'learning_rate': 7.188136637886195e-05, 'epoch': 3.25}
{'loss': 0.4142, 'learning_rate': 7.18380656402788e-05, 'epoch': 3.25}
{'loss': 0.379, 'learning_rate': 7.179476490169562e-05, 'epoch': 3.26}
{'loss': 0.3752, 'learning_rate': 7.175146416311246e-05, 'epoch': 3.26}
{'loss': 0.3842, 'learning_rate': 7.170816342452929e-05, 'epoch': 3.26}
{'loss': 0.4021, 'learning_rate': 7.166486268594611e-05, 'epoch': 3.27}
{'loss': 0.3483, 'learning_rate': 7.162156194736295e-05, 'epoch': 3.27}
{'loss': 0.3627, 'learning_rate': 7.157826120877978e-05, 'epoch': 3.28}
{'loss': 0.3791, 'learning_rate': 7.15349604701966e-05, 'epoch': 3.28}
{'loss': 0.3858, 'learning_rate': 7.149165973161344e-05, 'epoch': 3.28}
{'loss': 0.3929, 'learning_rate': 7.144835899303027e-05, 'epoch': 3.29}
{'loss': 0.418, 'learning_rate': 7.140505825444711e-05, 'epoch': 3.29}
{'loss': 0.3642, 'learning_rate': 7.136175751586394e-05, 'epoch': 3.3}
{'loss': 0.4081, 'learning_rate': 7.131845677728078e-05, 'epoch': 3.3}
{'loss': 0.3706, 'learning_rate': 7.12751560386976e-05, 'epoch': 3.3}
{'loss': 0.3861, 'learning_rate': 7.123185530011443e-05, 'epoch': 3.31}
{'loss': 0.3839, 'learning_rate': 7.118855456153127e-05, 'epoch': 3.31}
{'loss': 0.4012, 'learning_rate': 7.114525382294809e-05, 'epoch': 3.32}
{'loss': 0.3762, 'learning_rate': 7.110195308436492e-05, 'epoch': 3.32}
{'loss': 0.378, 'learning_rate': 7.105865234578176e-05, 'epoch': 3.32}
{'loss': 0.4142, 'learning_rate': 7.10153516071986e-05, 'epoch': 3.33}
{'loss': 0.3695, 'learning_rate': 7.097205086861542e-05, 'epoch': 3.33}
{'loss': 0.4155, 'learning_rate': 7.092875013003225e-05, 'epoch': 3.34}
{'loss': 0.3959, 'learning_rate': 7.088544939144908e-05, 'epoch': 3.34}
{'loss': 0.3667, 'learning_rate': 7.08421486528659e-05, 'epoch': 3.35}
{'loss': 0.3893, 'learning_rate': 7.079884791428274e-05, 'epoch': 3.35}
{'loss': 0.3889, 'learning_rate': 7.075554717569958e-05, 'epoch': 3.35}
{'loss': 0.394, 'learning_rate': 7.071224643711641e-05, 'epoch': 3.36}
{'loss': 0.3886, 'learning_rate': 7.066894569853325e-05, 'epoch': 3.36}
{'loss': 0.3578, 'learning_rate': 7.062564495995008e-05, 'epoch': 3.37}
{'loss': 0.3996, 'learning_rate': 7.05823442213669e-05, 'epoch': 3.37}
{'loss': 0.3891, 'learning_rate': 7.053904348278374e-05, 'epoch': 3.37}
{'loss': 0.4207, 'learning_rate': 7.049574274420057e-05, 'epoch': 3.38}
{'loss': 0.411, 'learning_rate': 7.045244200561739e-05, 'epoch': 3.38}
{'loss': 0.3561, 'learning_rate': 7.040914126703423e-05, 'epoch': 3.39}
{'loss': 0.3801, 'learning_rate': 7.036584052845106e-05, 'epoch': 3.39}
{'loss': 0.3961, 'learning_rate': 7.032253978986788e-05, 'epoch': 3.39}
{'loss': 0.3556, 'learning_rate': 7.027923905128473e-05, 'epoch': 3.4}
{'loss': 0.4107, 'learning_rate': 7.023593831270157e-05, 'epoch': 3.4}
{'loss': 0.4071, 'learning_rate': 7.019263757411839e-05, 'epoch': 3.41}
{'loss': 0.3864, 'learning_rate': 7.014933683553522e-05, 'epoch': 3.41}
{'loss': 0.3775, 'learning_rate': 7.010603609695206e-05, 'epoch': 3.41}
{'loss': 0.372, 'learning_rate': 7.006273535836888e-05, 'epoch': 3.42}
{'loss': 0.3953, 'learning_rate': 7.00194346197857e-05, 'epoch': 3.42}
{'loss': 0.3982, 'learning_rate': 6.997613388120255e-05, 'epoch': 3.43}
{'loss': 0.4361, 'learning_rate': 6.993283314261937e-05, 'epoch': 3.43}
{'loss': 0.3698, 'learning_rate': 6.98895324040362e-05, 'epoch': 3.43}
{'loss': 0.4185, 'learning_rate': 6.984623166545304e-05, 'epoch': 3.44}
{'loss': 0.3863, 'learning_rate': 6.980293092686987e-05, 'epoch': 3.44}
{'loss': 0.3794, 'learning_rate': 6.97596301882867e-05, 'epoch': 3.45}
{'loss': 0.3691, 'learning_rate': 6.971632944970353e-05, 'epoch': 3.45}
{'loss': 0.3849, 'learning_rate': 6.967302871112036e-05, 'epoch': 3.46}
{'loss': 0.3679, 'learning_rate': 6.962972797253718e-05, 'epoch': 3.46}
{'loss': 0.3718, 'learning_rate': 6.958642723395402e-05, 'epoch': 3.46}
{'loss': 0.3524, 'learning_rate': 6.954312649537085e-05, 'epoch': 3.47}
{'loss': 0.3943, 'learning_rate': 6.949982575678769e-05, 'epoch': 3.47}
{'loss': 0.4127, 'learning_rate': 6.945652501820452e-05, 'epoch': 3.48}
{'loss': 0.3708, 'learning_rate': 6.941322427962136e-05, 'epoch': 3.48}
{'loss': 0.3706, 'learning_rate': 6.936992354103818e-05, 'epoch': 3.48}
{'loss': 0.37, 'learning_rate': 6.932662280245501e-05, 'epoch': 3.49}
{'loss': 0.3811, 'learning_rate': 6.928332206387185e-05, 'epoch': 3.49}
{'loss': 0.3759, 'learning_rate': 6.924002132528867e-05, 'epoch': 3.5}
{'loss': 0.3852, 'learning_rate': 6.91967205867055e-05, 'epoch': 3.5}
{'loss': 0.3726, 'learning_rate': 6.915341984812234e-05, 'epoch': 3.5}
{'loss': 0.3837, 'learning_rate': 6.911011910953917e-05, 'epoch': 3.51}
{'loss': 0.3671, 'learning_rate': 6.9066818370956e-05, 'epoch': 3.51}
{'loss': 0.3397, 'learning_rate': 6.902351763237284e-05, 'epoch': 3.52}
{'loss': 0.3652, 'learning_rate': 6.898021689378967e-05, 'epoch': 3.52}
{'loss': 0.3737, 'learning_rate': 6.893691615520649e-05, 'epoch': 3.52}
{'loss': 0.4004, 'learning_rate': 6.889361541662333e-05, 'epoch': 3.53}
{'loss': 0.4032, 'learning_rate': 6.885031467804016e-05, 'epoch': 3.53}
{'loss': 0.4242, 'learning_rate': 6.880701393945698e-05, 'epoch': 3.54}
{'loss': 0.3628, 'learning_rate': 6.876457921564548e-05, 'epoch': 3.54}
{'loss': 0.3947, 'learning_rate': 6.872127847706231e-05, 'epoch': 3.54}
{'loss': 0.3901, 'learning_rate': 6.867797773847915e-05, 'epoch': 3.55}
{'loss': 0.3978, 'learning_rate': 6.863467699989598e-05, 'epoch': 3.55}
{'loss': 0.4271, 'learning_rate': 6.859137626131282e-05, 'epoch': 3.56}
{'loss': 0.3906, 'learning_rate': 6.854807552272965e-05, 'epoch': 3.56}
{'loss': 0.4235, 'learning_rate': 6.850477478414647e-05, 'epoch': 3.57}
{'loss': 0.3794, 'learning_rate': 6.846234006033498e-05, 'epoch': 3.57}
{'loss': 0.423, 'learning_rate': 6.84190393217518e-05, 'epoch': 3.57}
{'loss': 0.3845, 'learning_rate': 6.837573858316863e-05, 'epoch': 3.58}
{'loss': 0.3727, 'learning_rate': 6.833243784458547e-05, 'epoch': 3.58}
{'loss': 0.4045, 'learning_rate': 6.828913710600229e-05, 'epoch': 3.59}
{'loss': 0.4081, 'learning_rate': 6.824583636741912e-05, 'epoch': 3.59}
{'loss': 0.4193, 'learning_rate': 6.820253562883596e-05, 'epoch': 3.59}
{'loss': 0.3599, 'learning_rate': 6.815923489025278e-05, 'epoch': 3.6}
{'loss': 0.387, 'learning_rate': 6.811593415166961e-05, 'epoch': 3.6}
{'loss': 0.3623, 'learning_rate': 6.807263341308646e-05, 'epoch': 3.61}
{'loss': 0.391, 'learning_rate': 6.802933267450328e-05, 'epoch': 3.61}
{'loss': 0.378, 'learning_rate': 6.798603193592012e-05, 'epoch': 3.61}
{'loss': 0.3922, 'learning_rate': 6.794273119733695e-05, 'epoch': 3.62}
{'loss': 0.3846, 'learning_rate': 6.789943045875377e-05, 'epoch': 3.62}
{'loss': 0.3811, 'learning_rate': 6.78561297201706e-05, 'epoch': 3.63}
{'loss': 0.3663, 'learning_rate': 6.781282898158744e-05, 'epoch': 3.63}
{'loss': 0.4058, 'learning_rate': 6.776952824300426e-05, 'epoch': 3.63}
{'loss': 0.3688, 'learning_rate': 6.77262275044211e-05, 'epoch': 3.64}
{'loss': 0.3784, 'learning_rate': 6.768292676583793e-05, 'epoch': 3.64}
{'loss': 0.3944, 'learning_rate': 6.763962602725477e-05, 'epoch': 3.65}
{'loss': 0.3903, 'learning_rate': 6.759632528867159e-05, 'epoch': 3.65}
{'loss': 0.4056, 'learning_rate': 6.755302455008842e-05, 'epoch': 3.65}
{'loss': 0.4147, 'learning_rate': 6.750972381150526e-05, 'epoch': 3.66}
{'loss': 0.3867, 'learning_rate': 6.746642307292208e-05, 'epoch': 3.66}
{'loss': 0.3951, 'learning_rate': 6.742312233433892e-05, 'epoch': 3.67}
{'loss': 0.3583, 'learning_rate': 6.737982159575575e-05, 'epoch': 3.67}
{'loss': 0.3696, 'learning_rate': 6.733652085717259e-05, 'epoch': 3.68}
{'loss': 0.3638, 'learning_rate': 6.729322011858942e-05, 'epoch': 3.68}
{'loss': 0.3714, 'learning_rate': 6.724991938000625e-05, 'epoch': 3.68}
{'loss': 0.4221, 'learning_rate': 6.720661864142308e-05, 'epoch': 3.69}
{'loss': 0.371, 'learning_rate': 6.716331790283991e-05, 'epoch': 3.69}
{'loss': 0.3815, 'learning_rate': 6.712001716425675e-05, 'epoch': 3.7}
{'loss': 0.4089, 'learning_rate': 6.707671642567357e-05, 'epoch': 3.7}
{'loss': 0.378, 'learning_rate': 6.70334156870904e-05, 'epoch': 3.7}
{'loss': 0.379, 'learning_rate': 6.699011494850724e-05, 'epoch': 3.71}
{'loss': 0.3855, 'learning_rate': 6.694681420992407e-05, 'epoch': 3.71}
{'loss': 0.3786, 'learning_rate': 6.690351347134089e-05, 'epoch': 3.72}
{'loss': 0.3452, 'learning_rate': 6.686021273275774e-05, 'epoch': 3.72}
{'loss': 0.3931, 'learning_rate': 6.681691199417456e-05, 'epoch': 3.72}
{'loss': 0.383, 'learning_rate': 6.677361125559138e-05, 'epoch': 3.73}
{'loss': 0.3909, 'learning_rate': 6.673031051700823e-05, 'epoch': 3.73}
{'loss': 0.4017, 'learning_rate': 6.668700977842505e-05, 'epoch': 3.74}
{'loss': 0.3979, 'learning_rate': 6.664370903984187e-05, 'epoch': 3.74}
{'loss': 0.4006, 'learning_rate': 6.660040830125871e-05, 'epoch': 3.74}
{'loss': 0.3894, 'learning_rate': 6.655710756267554e-05, 'epoch': 3.75}
{'loss': 0.3819, 'learning_rate': 6.651380682409238e-05, 'epoch': 3.75}
{'loss': 0.3731, 'learning_rate': 6.647050608550921e-05, 'epoch': 3.76}
{'loss': 0.3741, 'learning_rate': 6.642720534692605e-05, 'epoch': 3.76}
{'loss': 0.4137, 'learning_rate': 6.638390460834287e-05, 'epoch': 3.76}
{'loss': 0.4088, 'learning_rate': 6.63406038697597e-05, 'epoch': 3.77}
{'loss': 0.3852, 'learning_rate': 6.629730313117654e-05, 'epoch': 3.77}
{'loss': 0.3726, 'learning_rate': 6.625400239259336e-05, 'epoch': 3.78}
{'loss': 0.3722, 'learning_rate': 6.62107016540102e-05, 'epoch': 3.78}
{'loss': 0.394, 'learning_rate': 6.616740091542703e-05, 'epoch': 3.79}
{'loss': 0.4014, 'learning_rate': 6.612410017684386e-05, 'epoch': 3.79}
{'loss': 0.3694, 'learning_rate': 6.60807994382607e-05, 'epoch': 3.79}
{'loss': 0.4145, 'learning_rate': 6.603749869967753e-05, 'epoch': 3.8}
{'loss': 0.3993, 'learning_rate': 6.599419796109435e-05, 'epoch': 3.8}
{'loss': 0.3896, 'learning_rate': 6.595089722251119e-05, 'epoch': 3.81}
{'loss': 0.4035, 'learning_rate': 6.590759648392802e-05, 'epoch': 3.81}
{'loss': 0.3856, 'learning_rate': 6.586429574534484e-05, 'epoch': 3.81}
{'loss': 0.3992, 'learning_rate': 6.582099500676168e-05, 'epoch': 3.82}
{'loss': 0.3799, 'learning_rate': 6.577769426817851e-05, 'epoch': 3.82}
{'loss': 0.3668, 'learning_rate': 6.573439352959535e-05, 'epoch': 3.83}
{'loss': 0.406, 'learning_rate': 6.569109279101217e-05, 'epoch': 3.83}
{'loss': 0.3868, 'learning_rate': 6.564779205242902e-05, 'epoch': 3.83}
{'loss': 0.3802, 'learning_rate': 6.560449131384584e-05, 'epoch': 3.84}
{'loss': 0.3862, 'learning_rate': 6.556119057526266e-05, 'epoch': 3.84}
{'loss': 0.3626, 'learning_rate': 6.55178898366795e-05, 'epoch': 3.85}
{'loss': 0.4208, 'learning_rate': 6.547458909809633e-05, 'epoch': 3.85}
{'loss': 0.4079, 'learning_rate': 6.543128835951315e-05, 'epoch': 3.85}
{'loss': 0.4105, 'learning_rate': 6.538798762093e-05, 'epoch': 3.86}
{'loss': 0.4071, 'learning_rate': 6.534468688234683e-05, 'epoch': 3.86}
{'loss': 0.383, 'learning_rate': 6.530138614376366e-05, 'epoch': 3.87}
{'loss': 0.3965, 'learning_rate': 6.525808540518049e-05, 'epoch': 3.87}
{'loss': 0.3576, 'learning_rate': 6.521478466659733e-05, 'epoch': 3.87}
{'loss': 0.3749, 'learning_rate': 6.517148392801415e-05, 'epoch': 3.88}
{'loss': 0.4182, 'learning_rate': 6.512818318943098e-05, 'epoch': 3.88}
{'loss': 0.4226, 'learning_rate': 6.508488245084782e-05, 'epoch': 3.89}
{'loss': 0.4089, 'learning_rate': 6.504158171226464e-05, 'epoch': 3.89}
{'loss': 0.4034, 'learning_rate': 6.499828097368147e-05, 'epoch': 3.9}
{'loss': 0.4266, 'learning_rate': 6.495498023509832e-05, 'epoch': 3.9}
{'loss': 0.3779, 'learning_rate': 6.491167949651514e-05, 'epoch': 3.9}
{'loss': 0.4239, 'learning_rate': 6.486837875793198e-05, 'epoch': 3.91}
{'loss': 0.3962, 'learning_rate': 6.482507801934881e-05, 'epoch': 3.91}
{'loss': 0.3806, 'learning_rate': 6.478177728076563e-05, 'epoch': 3.92}
{'loss': 0.3781, 'learning_rate': 6.473847654218245e-05, 'epoch': 3.92}
{'loss': 0.3635, 'learning_rate': 6.46951758035993e-05, 'epoch': 3.92}
{'loss': 0.4282, 'learning_rate': 6.465187506501612e-05, 'epoch': 3.93}
{'loss': 0.3907, 'learning_rate': 6.460857432643296e-05, 'epoch': 3.93}
{'loss': 0.4066, 'learning_rate': 6.456527358784979e-05, 'epoch': 3.94}
{'loss': 0.393, 'learning_rate': 6.452197284926663e-05, 'epoch': 3.94}
{'loss': 0.3927, 'learning_rate': 6.447867211068345e-05, 'epoch': 3.94}
{'loss': 0.401, 'learning_rate': 6.443537137210028e-05, 'epoch': 3.95}
{'loss': 0.397, 'learning_rate': 6.439207063351712e-05, 'epoch': 3.95}
{'loss': 0.3925, 'learning_rate': 6.434876989493394e-05, 'epoch': 3.96}
{'loss': 0.366, 'learning_rate': 6.430546915635077e-05, 'epoch': 3.96}
{'loss': 0.3874, 'learning_rate': 6.426216841776761e-05, 'epoch': 3.96}
{'loss': 0.3629, 'learning_rate': 6.421886767918444e-05, 'epoch': 3.97}
{'loss': 0.3866, 'learning_rate': 6.417556694060128e-05, 'epoch': 3.97}
{'loss': 0.3879, 'learning_rate': 6.413226620201811e-05, 'epoch': 3.98}
{'loss': 0.3969, 'learning_rate': 6.408896546343493e-05, 'epoch': 3.98}
{'loss': 0.3546, 'learning_rate': 6.404566472485177e-05, 'epoch': 3.98}
{'loss': 0.3766, 'learning_rate': 6.40023639862686e-05, 'epoch': 3.99}
{'loss': 0.3846, 'learning_rate': 6.395906324768542e-05, 'epoch': 3.99}
{'loss': 0.3762, 'learning_rate': 6.391576250910226e-05, 'epoch': 4.0}
[INFO|trainer.py:520] 2026-10-04 16:29:40,529 >> The following columns in the evaluation set  don't have a corresponding argument in `PETLEncModel.forward` and have been ignored: premise, hypothesis, idx.
[INFO|trainer.py:2179] 2026-10-04 16:29:40,530 >> ***** Running Evaluation *****
[INFO|trainer.py:2181] 2026-10-04 16:29:40,530 >>   Num examples = 9815
[INFO|trainer.py:2184] 2026-10-04 16:29:40,530 >>   Batch size = 32
{'eval_loss': 0.3607725203037262, 'eval_accuracy': 0.866632705043301, 'eval_runtime': 9.0466, 'eval_samples_per_second': 1084.939, 'eval_steps_per_second': 33.935, 'epoch': 4.0}
[INFO|trainer.py:1933] 2026-10-04 16:29:49,578 >> Saving model checkpoint to checkpoints/glue/mnli/20261004/glue.mnli.adapter.am_adapter.ao_sequential.fm_adapter.fo_sequential.abn.fbn.ac_add.fl_none.finit_bert.fs_1.unfrz_ef_.ne10.warm0.06.wd0.1.seed8./checkpoint-49088
[INFO|configuration_utils.py:364] 2026-10-04 16:29:49,579 >> Configuration saved in checkpoints/glue/mnli/20261004/glue.mnli.adapter.am_adapter.ao_sequential.fm_adapter.fo_sequential.abn.fbn.ac_add.fl_none.finit_bert.fs_1.unfrz_ef_.ne10.warm0.06.wd0.1.seed8./checkpoint-49088/config.json
[INFO|modeling_utils.py:898] 2026-10-04 16:29:49,864 >> Model weights saved in checkpoints/glue/mnli/20261004/glue.mnli.adapter.am_adapter.ao_sequential.fm_adapter.fo_sequential.abn.fbn.ac_add.fl_none.finit_bert.fs_1.unfrz_ef_.ne10.warm0.06.wd0.1.seed8./checkpoint-49088/pytorch_model.bin
[INFO|tokenization_utils_base.py:1948] 2026-10-04 16:29:49,865 >> tokenizer config file saved in checkpoints/glue/mnli/20261004/glue.mnli.adapter.am_adapter.ao_sequential.fm_adapter.fo_sequential.abn.fbn.ac_add.fl_none.finit_bert.fs_1.unfrz_ef_.ne10.warm0.06.wd0.1.seed8./checkpoint-49088/tokenizer_config.json
[INFO|tokenization_utils_base.py:1954] 2026-10-04 16:29:49,881 >> Special tokens file saved in checkpoints/glue/mnli/20261004/glue.mnli.adapter.am_adapter.ao_sequential.fm_adapter.fo_sequential.abn.fbn.ac_add.fl_none.finit_bert.fs_1.unfrz_ef_.ne10.warm0.06.wd0.1.seed8./checkpoint-49088/special_tokens_map.json
[INFO|trainer.py:2009] 2026-10-04 16:29:49,947 >> Deleting older checkpoint [checkpoints/glue/mnli/20261004/glue.mnli.adapter.am_adapter.ao_sequential.fm_adapter.fo_sequential.abn.fbn.ac_add.fl_none.finit_bert.fs_1.unfrz_ef_.ne10.warm0.06.wd0.1.seed8./checkpoint-24544] due to args.save_total_limit
/work/unify-parameter-efficient-tuning/src/transformers/trainer.py:1784: FutureWarning: `torch.cuda.amp.autocast(args...)` is deprecated. Please use `torch.amp.autocast('cuda', args...)` instead.
  with autocast():
{'loss': 0.3525, 'learning_rate': 6.38724617705191e-05, 'epoch': 4.0}
{'loss': 0.3604, 'learning_rate': 6.383002704670758e-05, 'epoch': 4.01}
{'loss': 0.3997, 'learning_rate': 6.378672630812442e-05, 'epoch': 4.01}
{'loss': 0.3684, 'learning_rate': 6.374342556954124e-05, 'epoch': 4.01}
{'loss': 0.3585, 'learning_rate': 6.370012483095809e-05, 'epoch': 4.02}
{'loss': 0.3225, 'learning_rate': 6.365682409237492e-05, 'epoch': 4.02}
{'loss': 0.3592, 'learning_rate': 6.361352335379174e-05, 'epoch': 4.03}
{'loss': 0.3849, 'learning_rate': 6.357022261520858e-05, 'epoch': 4.03}
{'loss': 0.3817, 'learning_rate': 6.352692187662541e-05, 'epoch': 4.03}
{'loss': 0.4026, 'learning_rate': 6.348362113804223e-05, 'epoch': 4.04}
{'loss': 0.3407, 'learning_rate': 6.344032039945907e-05, 'epoch': 4.04}
{'loss': 0.3876, 'learning_rate': 6.33970196608759e-05, 'epoch': 4.05}
{'loss': 0.3683, 'learning_rate': 6.335371892229272e-05, 'epoch': 4.05}
{'loss': 0.3929, 'learning_rate': 6.331041818370956e-05, 'epoch': 4.05}
{'loss': 0.3688, 'learning_rate': 6.326711744512641e-05, 'epoch': 4.06}
{'loss': 0.3627, 'learning_rate': 6.322381670654323e-05, 'epoch': 4.06}
{'loss': 0.3911, 'learning_rate': 6.318051596796005e-05, 'epoch': 4.07}
{'loss': 0.3415, 'learning_rate': 6.31372152293769e-05, 'epoch': 4.07}
{'loss': 0.3668, 'learning_rate': 6.309391449079372e-05, 'epoch': 4.07}
{'loss': 0.3686, 'learning_rate': 6.305061375221054e-05, 'epoch': 4.08}
{'loss': 0.4027, 'learning_rate': 6.300731301362739e-05, 'epoch': 4.08}
{'loss': 0.3643, 'learning_rate': 6.296401227504421e-05, 'epoch': 4.09}
{'loss': 0.377, 'learning_rate': 6.292071153646105e-05, 'epoch': 4.09}
{'loss': 0.3796, 'learning_rate': 6.287741079787788e-05, 'epoch': 4.09}
{'loss': 0.3617, 'learning_rate': 6.283411005929471e-05, 'epoch': 4.1}
{'loss': 0.3881, 'learning_rate': 6.279080932071154e-05, 'epoch': 4.1}
{'loss': 0.3618, 'learning_rate': 6.274750858212837e-05, 'epoch': 4.11}
{'loss': 0.382, 'learning_rate': 6.27042078435452e-05, 'epoch': 4.11}
{'loss': 0.3827, 'learning_rate': 6.266090710496203e-05, 'epoch': 4.12}
{'loss': 0.3695, 'learning_rate': 6.261760636637886e-05, 'epoch': 4.12}
{'loss': 0.3701, 'learning_rate': 6.25743056277957e-05, 'epoch': 4.12}
{'loss': 0.3551, 'learning_rate': 6.253100488921253e-05, 'epoch': 4.13}
{'loss': 0.3237, 'learning_rate': 6.248770415062937e-05, 'epoch': 4.13}
{'loss': 0.3463, 'learning_rate': 6.24444034120462e-05, 'epoch': 4.14}
{'loss': 0.343, 'learning_rate': 6.240110267346302e-05, 'epoch': 4.14}
{'loss': 0.3568, 'learning_rate': 6.235780193487986e-05, 'epoch': 4.14}
{'loss': 0.3791, 'learning_rate': 6.231450119629669e-05, 'epoch': 4.15}
{'loss': 0.3754, 'learning_rate': 6.227120045771351e-05, 'epoch': 4.15}
{'loss': 0.3663, 'learning_rate': 6.222789971913035e-05, 'epoch': 4.16}
{'loss': 0.3866, 'learning_rate': 6.218459898054718e-05, 'epoch': 4.16}
{'loss': 0.3457, 'learning_rate': 6.214129824196402e-05, 'epoch': 4.16}
{'loss': 0.3878, 'learning_rate': 6.209799750338084e-05, 'epoch': 4.17}
{'loss': 0.3806, 'learning_rate': 6.205469676479769e-05, 'epoch': 4.17}
{'loss': 0.3448, 'learning_rate': 6.201139602621451e-05, 'epoch': 4.18}
{'loss': 0.3532, 'learning_rate': 6.196809528763133e-05, 'epoch': 4.18}
{'loss': 0.3802, 'learning_rate': 6.192479454904816e-05, 'epoch': 4.18}
{'loss': 0.3766, 'learning_rate': 6.1881493810465e-05, 'epoch': 4.19}
{'loss': 0.3708, 'learning_rate': 6.183819307188182e-05, 'epoch': 4.19}
{'loss': 0.3827, 'learning_rate': 6.179489233329865e-05, 'epoch': 4.2}
{'loss': 0.3707, 'learning_rate': 6.17515915947155e-05, 'epoch': 4.2}
{'loss': 0.3999, 'learning_rate': 6.170829085613232e-05, 'epoch': 4.2}
{'loss': 0.3599, 'learning_rate': 6.166499011754916e-05, 'epoch': 4.21}
{'loss': 0.3482, 'learning_rate': 6.162168937896599e-05, 'epoch': 4.21}
{'loss': 0.3908, 'learning_rate': 6.157838864038281e-05, 'epoch': 4.22}
{'loss': 0.3606, 'learning_rate': 6.153508790179965e-05, 'epoch': 4.22}
{'loss': 0.356, 'learning_rate': 6.149178716321648e-05, 'epoch': 4.23}
{'loss': 0.3845, 'learning_rate': 6.14484864246333e-05, 'epoch': 4.23}
{'loss': 0.3997, 'learning_rate': 6.140518568605014e-05, 'epoch': 4.23}
{'loss': 0.3825, 'learning_rate': 6.136188494746697e-05, 'epoch': 4.24}
{'loss': 0.3687, 'learning_rate': 6.131945022365546e-05, 'epoch': 4.24}
{'loss': 0.3695, 'learning_rate': 6.12761494850723e-05, 'epoch': 4.25}
{'loss': 0.3642, 'learning_rate': 6.123284874648913e-05, 'epoch': 4.25}
{'loss': 0.3786, 'learning_rate': 6.118954800790597e-05, 'epoch': 4.25}
{'loss': 0.3787, 'learning_rate': 6.11462472693228e-05, 'epoch': 4.26}
{'loss': 0.3607, 'learning_rate': 6.110294653073962e-05, 'epoch': 4.26}
{'loss': 0.3783, 'learning_rate': 6.105964579215646e-05, 'epoch': 4.27}
{'loss': 0.3585, 'learning_rate': 6.1016345053573286e-05, 'epoch': 4.27}
{'loss': 0.3758, 'learning_rate': 6.097304431499013e-05, 'epoch': 4.27}
{'loss': 0.3436, 'learning_rate': 6.092974357640695e-05, 'epoch': 4.28}
{'loss': 0.417, 'learning_rate': 6.088644283782379e-05, 'epoch': 4.28}
{'loss': 0.3164, 'learning_rate': 6.084314209924061e-05, 'epoch': 4.29}
{'loss': 0.3808, 'learning_rate': 6.079984136065745e-05, 'epoch': 4.29}
{'loss': 0.3684, 'learning_rate': 6.0756540622074274e-05, 'epoch': 4.29}
{'loss': 0.3698, 'learning_rate': 6.0713239883491116e-05, 'epoch': 4.3}
{'loss': 0.3896, 'learning_rate': 6.066993914490794e-05, 'epoch': 4.3}
{'loss': 0.3718, 'learning_rate': 6.062750442109644e-05, 'epoch': 4.31}
{'loss': 0.3894, 'learning_rate': 6.058420368251326e-05, 'epoch': 4.31}
{'loss': 0.3937, 'learning_rate': 6.05409029439301e-05, 'epoch': 4.31}
{'loss': 0.3666, 'learning_rate': 6.049760220534692e-05, 'epoch': 4.32}
{'loss': 0.3608, 'learning_rate': 6.0454301466763764e-05, 'epoch': 4.32}
{'loss': 0.3754, 'learning_rate': 6.04110007281806e-05, 'epoch': 4.33}
{'loss': 0.4053, 'learning_rate': 6.0367699989597414e-05, 'epoch': 4.33}
{'loss': 0.4102, 'learning_rate': 6.0324399251014255e-05, 'epoch': 4.34}
{'loss': 0.392, 'learning_rate': 6.028109851243109e-05, 'epoch': 4.34}
{'loss': 0.3772, 'learning_rate': 6.023779777384792e-05, 'epoch': 4.34}
{'loss': 0.3849, 'learning_rate': 6.019449703526475e-05, 'epoch': 4.35}
{'loss': 0.3866, 'learning_rate': 6.015119629668159e-05, 'epoch': 4.35}
{'loss': 0.3421, 'learning_rate': 6.01078955580984e-05, 'epoch': 4.36}
{'loss': 0.3738, 'learning_rate': 6.006459481951524e-05, 'epoch': 4.36}
{'loss': 0.3887, 'learning_rate': 6.002129408093209e-05, 'epoch': 4.36}
{'loss': 0.352, 'learning_rate': 5.9977993342348906e-05, 'epoch': 4.37}
{'loss': 0.384, 'learning_rate': 5.993469260376573e-05, 'epoch': 4.37}
{'loss': 0.3647, 'learning_rate': 5.9891391865182576e-05, 'epoch': 4.38}
{'loss': 0.3733, 'learning_rate': 5.9848091126599404e-05, 'epoch': 4.38}
{'loss': 0.3939, 'learning_rate': 5.980479038801623e-05, 'epoch': 4.38}
{'loss': 0.3722, 'learning_rate': 5.976148964943305e-05, 'epoch': 4.39}
{'loss': 0.3751, 'learning_rate': 5.9718188910849894e-05, 'epoch': 4.39}
{'loss': 0.3938, 'learning_rate': 5.9674888172266715e-05, 'epoch': 4.4}
{'loss': 0.3415, 'learning_rate': 5.963158743368356e-05, 'epoch': 4.4}
{'loss': 0.3652, 'learning_rate': 5.958828669510039e-05, 'epoch': 4.4}
{'loss': 0.3648, 'learning_rate': 5.9544985956517206e-05, 'epoch': 4.41}
{'loss': 0.3797, 'learning_rate': 5.950168521793405e-05, 'epoch': 4.41}
{'loss': 0.3702, 'learning_rate': 5.945838447935089e-05, 'epoch': 4.42}
{'loss': 0.37, 'learning_rate': 5.941508374076771e-05, 'epoch': 4.42}
{'loss': 0.3694, 'learning_rate': 5.9371783002184545e-05, 'epoch': 4.42}
{'loss': 0.3777, 'learning_rate': 5.932848226360138e-05, 'epoch': 4.43}
{'loss': 0.3936, 'learning_rate': 5.928518152501821e-05, 'epoch': 4.43}
{'loss': 0.3537, 'learning_rate': 5.924188078643504e-05, 'epoch': 4.44}
{'loss': 0.3723, 'learning_rate': 5.9198580047851884e-05, 'epoch': 4.44}
{'loss': 0.3709, 'learning_rate': 5.91552793092687e-05, 'epoch': 4.45}
{'loss': 0.3391, 'learning_rate': 5.9111978570685533e-05, 'epoch': 4.45}
{'loss': 0.3935, 'learning_rate': 5.906867783210237e-05, 'epoch': 4.45}
{'loss': 0.4034, 'learning_rate': 5.9025377093519196e-05, 'epoch': 4.46}
{'loss': 0.3742, 'learning_rate': 5.8982076354936024e-05, 'epoch': 4.46}
{'loss': 0.4019, 'learning_rate': 5.893877561635287e-05, 'epoch': 4.47}
{'loss': 0.3859, 'learning_rate': 5.8895474877769694e-05, 'epoch': 4.47}
{'loss': 0.3748, 'learning_rate': 5.885217413918651e-05, 'epoch': 4.47}
{'loss': 0.4009, 'learning_rate': 5.8808873400603356e-05, 'epoch': 4.48}
{'loss': 0.3758, 'learning_rate': 5.8765572662020184e-05, 'epoch': 4.48}
{'loss': 0.374, 'learning_rate': 5.872227192343701e-05, 'epoch': 4.49}
{'loss': 0.3857, 'learning_rate': 5.867897118485385e-05, 'epoch': 4.49}
{'loss': 0.3701, 'learning_rate': 5.863567044627068e-05, 'epoch': 4.49}
{'loss': 0.4071, 'learning_rate': 5.85923697076875e-05, 'epoch': 4.5}
{'loss': 0.3809, 'learning_rate': 5.854906896910434e-05, 'epoch': 4.5}
{'loss': 0.3935, 'learning_rate': 5.850576823052117e-05, 'epoch': 4.51}
{'loss': 0.3728, 'learning_rate': 5.8462467491938e-05, 'epoch': 4.51}
{'loss': 0.388, 'learning_rate': 5.8419166753354835e-05, 'epoch': 4.51}
{'loss': 0.3607, 'learning_rate': 5.837586601477168e-05, 'epoch': 4.52}
{'loss': 0.3538, 'learning_rate': 5.83325652761885e-05, 'epoch': 4.52}
{'loss': 0.3658, 'learning_rate': 5.828926453760534e-05, 'epoch': 4.53}
{'loss': 0.3936, 'learning_rate': 5.824596379902216e-05, 'epoch': 4.53}
{'loss': 0.3699, 'learning_rate': 5.820266306043899e-05, 'epoch': 4.53}
{'loss': 0.3756, 'learning_rate': 5.8159362321855823e-05, 'epoch': 4.54}
{'loss': 0.3788, 'learning_rate': 5.8116061583272665e-05, 'epoch': 4.54}
{'loss': 0.3849, 'learning_rate': 5.8072760844689486e-05, 'epoch': 4.55}
{'loss': 0.3556, 'learning_rate': 5.802946010610633e-05, 'epoch': 4.55}
{'loss': 0.3905, 'learning_rate': 5.798615936752315e-05, 'epoch': 4.56}
{'loss': 0.3793, 'learning_rate': 5.794285862893998e-05, 'epoch': 4.56}
{'loss': 0.3811, 'learning_rate': 5.7899557890356805e-05, 'epoch': 4.56}
{'loss': 0.3773, 'learning_rate': 5.785625715177365e-05, 'epoch': 4.57}
{'loss': 0.3915, 'learning_rate': 5.7812956413190474e-05, 'epoch': 4.57}
{'loss': 0.3635, 'learning_rate': 5.77696556746073e-05, 'epoch': 4.58}
{'loss': 0.3687, 'learning_rate': 5.7726354936024144e-05, 'epoch': 4.58}
{'loss': 0.3471, 'learning_rate': 5.7683054197440965e-05, 'epoch': 4.58}
{'loss': 0.419, 'learning_rate': 5.763975345885779e-05, 'epoch': 4.59}
{'loss': 0.3847, 'learning_rate': 5.759645272027463e-05, 'epoch': 4.59}
{'loss': 0.3493, 'learning_rate': 5.755315198169147e-05, 'epoch': 4.6}
{'loss': 0.3805, 'learning_rate': 5.750985124310829e-05, 'epoch': 4.6}
{'loss': 0.3671, 'learning_rate': 5.746655050452513e-05, 'epoch': 4.6}
{'loss': 0.3733, 'learning_rate': 5.742324976594195e-05, 'epoch': 4.61}
{'loss': 0.3785, 'learning_rate': 5.737994902735878e-05, 'epoch': 4.61}
{'loss': 0.3701, 'learning_rate': 5.7336648288775616e-05, 'epoch': 4.62}
{'loss': 0.3439, 'learning_rate': 5.729334755019246e-05, 'epoch': 4.62}
{'loss': 0.3917, 'learning_rate': 5.725004681160928e-05, 'epoch': 4.62}
{'loss': 0.3572, 'learning_rate': 5.720674607302612e-05, 'epoch': 4.63}
{'loss': 0.3625, 'learning_rate': 5.716344533444294e-05, 'epoch': 4.63}
{'loss': 0.383, 'learning_rate': 5.712014459585978e-05, 'epoch': 4.64}
{'loss': 0.3657, 'learning_rate': 5.707770987204827e-05, 'epoch': 4.64}
{'loss': 0.3675, 'learning_rate': 5.703440913346509e-05, 'epoch': 4.64}
{'loss': 0.381, 'learning_rate': 5.6991108394881934e-05, 'epoch': 4.65}
{'loss': 0.4026, 'learning_rate': 5.694780765629877e-05, 'epoch': 4.65}
{'loss': 0.4052, 'learning_rate': 5.69045069177156e-05, 'epoch': 4.66}
{'loss': 0.3947, 'learning_rate': 5.686120617913242e-05, 'epoch': 4.66}
{'loss': 0.37, 'learning_rate': 5.681790544054926e-05, 'epoch': 4.67}
{'loss': 0.3774, 'learning_rate': 5.677460470196608e-05, 'epoch': 4.67}
{'loss': 0.3914, 'learning_rate': 5.673130396338292e-05, 'epoch': 4.67}
{'loss': 0.3758, 'learning_rate': 5.668800322479976e-05, 'epoch': 4.68}
{'loss': 0.3481, 'learning_rate': 5.6644702486216585e-05, 'epoch': 4.68}
{'loss': 0.3759, 'learning_rate': 5.660140174763342e-05, 'epoch': 4.69}
{'loss': 0.3485, 'learning_rate': 5.6558101009050255e-05, 'epoch': 4.69}
{'loss': 0.3791, 'learning_rate': 5.651480027046707e-05, 'epoch': 4.69}
{'loss': 0.353, 'learning_rate': 5.647149953188391e-05, 'epoch': 4.7}
{'loss': 0.3752, 'learning_rate': 5.6428198793300746e-05, 'epoch': 4.7}
{'loss': 0.3703, 'learning_rate': 5.6384898054717574e-05, 'epoch': 4.71}
{'loss': 0.3702, 'learning_rate': 5.634159731613441e-05, 'epoch': 4.71}
{'loss': 0.3734, 'learning_rate': 5.629829657755124e-05, 'epoch': 4.71}
{'loss': 0.3883, 'learning_rate': 5.6254995838968064e-05, 'epoch': 4.72}
{'loss': 0.3562, 'learning_rate': 5.6211695100384885e-05, 'epoch': 4.72}
{'loss': 0.3821, 'learning_rate': 5.616839436180175e-05, 'epoch': 4.73}
{'loss': 0.3573, 'learning_rate': 5.612509362321856e-05, 'epoch': 4.73}
{'loss': 0.3963, 'learning_rate': 5.608179288463539e-05, 'epoch': 4.73}
{'loss': 0.3729, 'learning_rate': 5.6038492146052224e-05, 'epoch': 4.74}
{'loss': 0.3541, 'learning_rate': 5.599519140746906e-05, 'epoch': 4.74}
{'loss': 0.3969, 'learning_rate': 5.5951890668885874e-05, 'epoch': 4.75}
{'loss': 0.3824, 'learning_rate': 5.5908589930302715e-05, 'epoch': 4.75}
{'loss': 0.3561, 'learning_rate': 5.586528919171955e-05, 'epoch': 4.75}
{'loss': 0.3977, 'learning_rate': 5.582198845313638e-05, 'epoch': 4.76}
{'loss': 0.4034, 'learning_rate': 5.577868771455321e-05, 'epoch': 4.76}
{'loss': 0.3423, 'learning_rate': 5.573538697597005e-05, 'epoch': 4.77}
{'loss': 0.375, 'learning_rate': 5.569208623738686e-05, 'epoch': 4.77}
{'loss': 0.3805, 'learning_rate': 5.564878549880371e-05, 'epoch': 4.78}
{'loss': 0.3799, 'learning_rate': 5.560548476022055e-05, 'epoch': 4.78}
{'loss': 0.3797, 'learning_rate': 5.5562184021637366e-05, 'epoch': 4.78}
{'loss': 0.3362, 'learning_rate': 5.55188832830542e-05, 'epoch': 4.79}
{'loss': 0.3866, 'learning_rate': 5.5475582544471036e-05, 'epoch': 4.79}
{'loss': 0.3991, 'learning_rate': 5.5432281805887864e-05, 'epoch': 4.8}
{'loss': 0.3964, 'learning_rate': 5.53889810673047e-05, 'epoch': 4.8}
{'loss': 0.3878, 'learning_rate': 5.534568032872154e-05, 'epoch': 4.8}
{'loss': 0.3807, 'learning_rate': 5.5302379590138354e-05, 'epoch': 4.81}
{'loss': 0.3649, 'learning_rate': 5.525907885155518e-05, 'epoch': 4.81}
{'loss': 0.3893, 'learning_rate': 5.521577811297203e-05, 'epoch': 4.82}
{'loss': 0.317, 'learning_rate': 5.517247737438885e-05, 'epoch': 4.82}
{'loss': 0.3754, 'learning_rate': 5.5129176635805666e-05, 'epoch': 4.82}
{'loss': 0.3741, 'learning_rate': 5.5086741911994175e-05, 'epoch': 4.83}
{'loss': 0.3688, 'learning_rate': 5.504344117341102e-05, 'epoch': 4.83}
{'loss': 0.3849, 'learning_rate': 5.500014043482784e-05, 'epoch': 4.84}
{'loss': 0.3979, 'learning_rate': 5.495683969624468e-05, 'epoch': 4.84}
{'loss': 0.4006, 'learning_rate': 5.49135389576615e-05, 'epoch': 4.84}
{'loss': 0.4, 'learning_rate': 5.487023821907834e-05, 'epoch': 4.85}
{'loss': 0.379, 'learning_rate': 5.482693748049516e-05, 'epoch': 4.85}
{'loss': 0.3739, 'learning_rate': 5.4783636741912005e-05, 'epoch': 4.86}
{'loss': 0.3771, 'learning_rate': 5.4740336003328826e-05, 'epoch': 4.86}
{'loss': 0.3752, 'learning_rate': 5.469703526474567e-05, 'epoch': 4.86}
{'loss': 0.3342, 'learning_rate': 5.465373452616248e-05, 'epoch': 4.87}
{'loss': 0.3708, 'learning_rate': 5.461043378757933e-05, 'epoch': 4.87}
{'loss': 0.378, 'learning_rate': 5.456713304899616e-05, 'epoch': 4.88}
{'loss': 0.3825, 'learning_rate': 5.452383231041298e-05, 'epoch': 4.88}
{'loss': 0.3472, 'learning_rate': 5.448053157182983e-05, 'epoch': 4.89}
{'loss': 0.3961, 'learning_rate': 5.443723083324664e-05, 'epoch': 4.89}
{'loss': 0.3738, 'learning_rate': 5.4393930094663484e-05, 'epoch': 4.89}
{'loss': 0.3774, 'learning_rate': 5.4350629356080305e-05, 'epoch': 4.9}
{'loss': 0.359, 'learning_rate': 5.4307328617497147e-05, 'epoch': 4.9}
{'loss': 0.3874, 'learning_rate': 5.426402787891397e-05, 'epoch': 4.91}
{'loss': 0.3916, 'learning_rate': 5.422072714033081e-05, 'epoch': 4.91}
{'loss': 0.373, 'learning_rate': 5.417742640174763e-05, 'epoch': 4.91}
{'loss': 0.3837, 'learning_rate': 5.413412566316447e-05, 'epoch': 4.92}
{'loss': 0.391, 'learning_rate': 5.409082492458129e-05, 'epoch': 4.92}
{'loss': 0.3799, 'learning_rate': 5.4047524185998135e-05, 'epoch': 4.93}
{'loss': 0.3503, 'learning_rate': 5.4004223447414956e-05, 'epoch': 4.93}
{'loss': 0.3515, 'learning_rate': 5.39609227088318e-05, 'epoch': 4.93}
{'loss': 0.3681, 'learning_rate': 5.391762197024863e-05, 'epoch': 4.94}
{'loss': 0.3726, 'learning_rate': 5.387432123166546e-05, 'epoch': 4.94}
{'loss': 0.4108, 'learning_rate': 5.383102049308228e-05, 'epoch': 4.95}
{'loss': 0.3951, 'learning_rate': 5.378771975449912e-05, 'epoch': 4.95}
{'loss': 0.3895, 'learning_rate': 5.374441901591595e-05, 'epoch': 4.95}
{'loss': 0.3963, 'learning_rate': 5.3701118277332786e-05, 'epoch': 4.96}
{'loss': 0.3684, 'learning_rate': 5.365781753874962e-05, 'epoch': 4.96}
{'loss': 0.369, 'learning_rate': 5.3614516800166435e-05, 'epoch': 4.97}
{'loss': 0.4209, 'learning_rate': 5.3571216061583276e-05, 'epoch': 4.97}
{'loss': 0.3829, 'learning_rate': 5.3527915323000125e-05, 'epoch': 4.97}
{'loss': 0.3799, 'learning_rate': 5.348461458441694e-05, 'epoch': 4.98}
{'loss': 0.3635, 'learning_rate': 5.344131384583376e-05, 'epoch': 4.98}
{'loss': 0.3623, 'learning_rate': 5.33980131072506e-05, 'epoch': 4.99}
{'loss': 0.3614, 'learning_rate': 5.335471236866744e-05, 'epoch': 4.99}
{'loss': 0.3354, 'learning_rate': 5.3311411630084265e-05, 'epoch': 5.0}
{'loss': 0.3794, 'learning_rate': 5.3268110891501086e-05, 'epoch': 5.0}
[INFO|trainer.py:520] 2026-10-04 16:35:01,354 >> The following columns in the evaluation set  don't have a corresponding argument in `PETLEncModel.forward` and have been ignored: premise, hypothesis, idx.
[INFO|trainer.py:2179] 2026-10-04 16:35:01,356 >> ***** Running Evaluation *****
[INFO|trainer.py:2181] 2026-10-04 16:35:01,356 >>   Num examples = 9815
[INFO|trainer.py:2184] 2026-10-04 16:35:01,356 >>   Batch size = 32
{'eval_loss': 0.3571191132068634, 'eval_accuracy': 0.870096790626592, 'eval_runtime': 8.7252, 'eval_samples_per_second': 1124.905, 'eval_steps_per_second': 35.186, 'epoch': 5.0}
[INFO|trainer.py:1933] 2026-10-04 16:35:10,082 >> Saving model checkpoint to checkpoints/glue/mnli/20261004/glue.mnli.adapter.am_adapter.ao_sequential.fm_adapter.fo_sequential.abn.fbn.ac_add.fl_none.finit_bert.fs_1.unfrz_ef_.ne10.warm0.06.wd0.1.seed8./checkpoint-61360
[INFO|configuration_utils.py:364] 2026-10-04 16:35:10,083 >> Configuration saved in checkpoints/glue/mnli/20261004/glue.mnli.adapter.am_adapter.ao_sequential.fm_adapter.fo_sequential.abn.fbn.ac_add.fl_none.finit_bert.fs_1.unfrz_ef_.ne10.warm0.06.wd0.1.seed8./checkpoint-61360/config.json
[INFO|modeling_utils.py:898] 2026-10-04 16:35:10,357 >> Model weights saved in checkpoints/glue/mnli/20261004/glue.mnli.adapter.am_adapter.ao_sequential.fm_adapter.fo_sequential.abn.fbn.ac_add.fl_none.finit_bert.fs_1.unfrz_ef_.ne10.warm0.06.wd0.1.seed8./checkpoint-61360/pytorch_model.bin
[INFO|tokenization_utils_base.py:1948] 2026-10-04 16:35:10,358 >> tokenizer config file saved in checkpoints/glue/mnli/20261004/glue.mnli.adapter.am_adapter.ao_sequential.fm_adapter.fo_sequential.abn.fbn.ac_add.fl_none.finit_bert.fs_1.unfrz_ef_.ne10.warm0.06.wd0.1.seed8./checkpoint-61360/tokenizer_config.json
[INFO|tokenization_utils_base.py:1954] 2026-10-04 16:35:10,358 >> Special tokens file saved in checkpoints/glue/mnli/20261004/glue.mnli.adapter.am_adapter.ao_sequential.fm_adapter.fo_sequential.abn.fbn.ac_add.fl_none.finit_bert.fs_1.unfrz_ef_.ne10.warm0.06.wd0.1.seed8./checkpoint-61360/special_tokens_map.json
[INFO|trainer.py:2009] 2026-10-04 16:35:10,428 >> Deleting older checkpoint [checkpoints/glue/mnli/20261004/glue.mnli.adapter.am_adapter.ao_sequential.fm_adapter.fo_sequential.abn.fbn.ac_add.fl_none.finit_bert.fs_1.unfrz_ef_.ne10.warm0.06.wd0.1.seed8./checkpoint-36816] due to args.save_total_limit
/work/unify-parameter-efficient-tuning/src/transformers/trainer.py:1784: FutureWarning: `torch.cuda.amp.autocast(args...)` is deprecated. Please use `torch.amp.autocast('cuda', args...)` instead.
  with autocast():
{'loss': 0.3919, 'learning_rate': 5.3225676167689595e-05, 'epoch': 5.0}
{'loss': 0.3468, 'learning_rate': 5.3182375429106436e-05, 'epoch': 5.01}
{'loss': 0.3848, 'learning_rate': 5.313907469052325e-05, 'epoch': 5.01}
{'loss': 0.356, 'learning_rate': 5.309577395194008e-05, 'epoch': 5.02}
{'loss': 0.3666, 'learning_rate': 5.305247321335692e-05, 'epoch': 5.02}
{'loss': 0.3508, 'learning_rate': 5.301003848954541e-05, 'epoch': 5.02}
{'loss': 0.3821, 'learning_rate': 5.296673775096225e-05, 'epoch': 5.03}
{'loss': 0.3779, 'learning_rate': 5.292343701237907e-05, 'epoch': 5.03}
{'loss': 0.3689, 'learning_rate': 5.288013627379591e-05, 'epoch': 5.04}
{'loss': 0.351, 'learning_rate': 5.2836835535212734e-05, 'epoch': 5.04}
{'loss': 0.3857, 'learning_rate': 5.279353479662956e-05, 'epoch': 5.04}
{'loss': 0.3507, 'learning_rate': 5.27502340580464e-05, 'epoch': 5.05}
{'loss': 0.3914, 'learning_rate': 5.270693331946324e-05, 'epoch': 5.05}
{'loss': 0.3667, 'learning_rate': 5.266363258088006e-05, 'epoch': 5.06}
{'loss': 0.3987, 'learning_rate': 5.26203318422969e-05, 'epoch': 5.06}
{'loss': 0.3753, 'learning_rate': 5.257703110371372e-05, 'epoch': 5.06}
{'loss': 0.3786, 'learning_rate': 5.2533730365130564e-05, 'epoch': 5.07}
{'loss': 0.3837, 'learning_rate': 5.249042962654738e-05, 'epoch': 5.07}
{'loss': 0.3548, 'learning_rate': 5.244712888796423e-05, 'epoch': 5.08}
{'loss': 0.3583, 'learning_rate': 5.240382814938105e-05, 'epoch': 5.08}
{'loss': 0.3697, 'learning_rate': 5.2360527410797876e-05, 'epoch': 5.08}
{'loss': 0.3845, 'learning_rate': 5.2317226672214724e-05, 'epoch': 5.09}
{'loss': 0.3778, 'learning_rate': 5.227392593363154e-05, 'epoch': 5.09}
{'loss': 0.3582, 'learning_rate': 5.2230625195048367e-05, 'epoch': 5.1}
{'loss': 0.3573, 'learning_rate': 5.21873244564652e-05, 'epoch': 5.1}
{'loss': 0.3465, 'learning_rate': 5.214402371788204e-05, 'epoch': 5.11}
{'loss': 0.3708, 'learning_rate': 5.2100722979298864e-05, 'epoch': 5.11}
{'loss': 0.3657, 'learning_rate': 5.2057422240715706e-05, 'epoch': 5.11}
{'loss': 0.3402, 'learning_rate': 5.201412150213253e-05, 'epoch': 5.12}
{'loss': 0.3616, 'learning_rate': 5.197082076354937e-05, 'epoch': 5.12}
{'loss': 0.364, 'learning_rate': 5.192752002496619e-05, 'epoch': 5.13}
{'loss': 0.3831, 'learning_rate': 5.188421928638303e-05, 'epoch': 5.13}
{'loss': 0.3814, 'learning_rate': 5.184091854779985e-05, 'epoch': 5.13}
{'loss': 0.3792, 'learning_rate': 5.1797617809216694e-05, 'epoch': 5.14}
{'loss': 0.3904, 'learning_rate': 5.175431707063353e-05, 'epoch': 5.14}
{'loss': 0.3464, 'learning_rate': 5.1711016332050357e-05, 'epoch': 5.15}
{'loss': 0.3501, 'learning_rate': 5.166771559346718e-05, 'epoch': 5.15}
{'loss': 0.3832, 'learning_rate': 5.162441485488402e-05, 'epoch': 5.15}
{'loss': 0.3748, 'learning_rate': 5.158111411630084e-05, 'epoch': 5.16}
{'loss': 0.3628, 'learning_rate': 5.153781337771768e-05, 'epoch': 5.16}
{'loss': 0.3782, 'learning_rate': 5.149451263913452e-05, 'epoch': 5.17}
{'loss': 0.3528, 'learning_rate': 5.145121190055133e-05, 'epoch': 5.17}
{'loss': 0.3713, 'learning_rate': 5.140791116196817e-05, 'epoch': 5.17}
{'loss': 0.3407, 'learning_rate': 5.136461042338501e-05, 'epoch': 5.18}
{'loss': 0.3695, 'learning_rate': 5.1321309684801835e-05, 'epoch': 5.18}
{'loss': 0.3675, 'learning_rate': 5.127800894621866e-05, 'epoch': 5.19}
{'loss': 0.3676, 'learning_rate': 5.12347082076355e-05, 'epoch': 5.19}
{'loss': 0.3387, 'learning_rate': 5.119140746905233e-05, 'epoch': 5.19}
{'loss': 0.3658, 'learning_rate': 5.114810673046916e-05, 'epoch': 5.2}
{'loss': 0.3568, 'learning_rate': 5.110480599188598e-05, 'epoch': 5.2}
{'loss': 0.3534, 'learning_rate': 5.1061505253302824e-05, 'epoch': 5.21}
{'loss': 0.337, 'learning_rate': 5.1018204514719645e-05, 'epoch': 5.21}
{'loss': 0.3805, 'learning_rate': 5.0974903776136486e-05, 'epoch': 5.22}
{'loss': 0.3839, 'learning_rate': 5.093160303755332e-05, 'epoch': 5.22}
{'loss': 0.3538, 'learning_rate': 5.088830229897015e-05, 'epoch': 5.22}
{'loss': 0.355, 'learning_rate': 5.084500156038697e-05, 'epoch': 5.23}
{'loss': 0.3336, 'learning_rate': 5.080170082180381e-05, 'epoch': 5.23}
{'loss': 0.3721, 'learning_rate': 5.075840008322063e-05, 'epoch': 5.24}
{'loss': 0.3853, 'learning_rate': 5.0715099344637475e-05, 'epoch': 5.24}
{'loss': 0.3623, 'learning_rate': 5.067179860605431e-05, 'epoch': 5.24}
{'loss': 0.3556, 'learning_rate': 5.062849786747114e-05, 'epoch': 5.25}
{'loss': 0.386, 'learning_rate': 5.058606314365963e-05, 'epoch': 5.25}
{'loss': 0.328, 'learning_rate': 5.054276240507645e-05, 'epoch': 5.26}
{'loss': 0.3775, 'learning_rate': 5.0499461666493295e-05, 'epoch': 5.26}
{'loss': 0.3551, 'learning_rate': 5.045616092791014e-05, 'epoch': 5.26}
{'loss': 0.371, 'learning_rate': 5.041286018932695e-05, 'epoch': 5.27}
{'loss': 0.396, 'learning_rate': 5.0369559450743786e-05, 'epoch': 5.27}
{'loss': 0.3604, 'learning_rate': 5.032625871216062e-05, 'epoch': 5.28}
{'loss': 0.3371, 'learning_rate': 5.028295797357745e-05, 'epoch': 5.28}
{'loss': 0.3352, 'learning_rate': 5.0239657234994284e-05, 'epoch': 5.28}
{'loss': 0.3538, 'learning_rate': 5.0196356496411125e-05, 'epoch': 5.29}
{'loss': 0.3688, 'learning_rate': 5.015305575782794e-05, 'epoch': 5.29}
{'loss': 0.3558, 'learning_rate': 5.0109755019244774e-05, 'epoch': 5.3}
{'loss': 0.3339, 'learning_rate': 5.006645428066161e-05, 'epoch': 5.3}
{'loss': 0.3814, 'learning_rate': 5.002315354207844e-05, 'epoch': 5.3}
{'loss': 0.3849, 'learning_rate': 4.997985280349527e-05, 'epoch': 5.31}
{'loss': 0.3554, 'learning_rate': 4.99365520649121e-05, 'epoch': 5.31}
{'loss': 0.3636, 'learning_rate': 4.9893251326328935e-05, 'epoch': 5.32}
{'loss': 0.3846, 'learning_rate': 4.984995058774577e-05, 'epoch': 5.32}
{'loss': 0.3759, 'learning_rate': 4.980664984916259e-05, 'epoch': 5.33}
{'loss': 0.353, 'learning_rate': 4.9763349110579425e-05, 'epoch': 5.33}
{'loss': 0.3277, 'learning_rate': 4.972004837199626e-05, 'epoch': 5.33}
{'loss': 0.3564, 'learning_rate': 4.967674763341309e-05, 'epoch': 5.34}
{'loss': 0.3699, 'learning_rate': 4.963344689482992e-05, 'epoch': 5.34}
{'loss': 0.3677, 'learning_rate': 4.959014615624676e-05, 'epoch': 5.35}
{'loss': 0.3522, 'learning_rate': 4.954684541766358e-05, 'epoch': 5.35}
{'loss': 0.3114, 'learning_rate': 4.950354467908042e-05, 'epoch': 5.35}
{'loss': 0.3635, 'learning_rate': 4.946024394049724e-05, 'epoch': 5.36}
{'loss': 0.3473, 'learning_rate': 4.9416943201914076e-05, 'epoch': 5.36}
{'loss': 0.3765, 'learning_rate': 4.937364246333091e-05, 'epoch': 5.37}
{'loss': 0.3492, 'learning_rate': 4.933034172474774e-05, 'epoch': 5.37}
{'loss': 0.412, 'learning_rate': 4.9287040986164574e-05, 'epoch': 5.37}
{'loss': 0.3602, 'learning_rate': 4.924374024758141e-05, 'epoch': 5.38}
{'loss': 0.3645, 'learning_rate': 4.920043950899823e-05, 'epoch': 5.38}
{'loss': 0.3424, 'learning_rate': 4.9157138770415064e-05, 'epoch': 5.39}
{'loss': 0.3783, 'learning_rate': 4.9113838031831906e-05, 'epoch': 5.39}
{'loss': 0.3565, 'learning_rate': 4.907053729324873e-05, 'epoch': 5.39}
{'loss': 0.3546, 'learning_rate': 4.902723655466556e-05, 'epoch': 5.4}
{'loss': 0.3371, 'learning_rate': 4.898393581608239e-05, 'epoch': 5.4}
{'loss': 0.3847, 'learning_rate': 4.8940635077499225e-05, 'epoch': 5.41}
{'loss': 0.3575, 'learning_rate': 4.889733433891606e-05, 'epoch': 5.41}
{'loss': 0.3827, 'learning_rate': 4.885403360033288e-05, 'epoch': 5.41}
{'loss': 0.3488, 'learning_rate': 4.8810732861749715e-05, 'epoch': 5.42}
{'loss': 0.3863, 'learning_rate': 4.876743212316655e-05, 'epoch': 5.42}
{'loss': 0.348, 'learning_rate': 4.872413138458338e-05, 'epoch': 5.43}
{'loss': 0.3555, 'learning_rate': 4.868083064600021e-05, 'epoch': 5.43}
{'loss': 0.362, 'learning_rate': 4.863752990741705e-05, 'epoch': 5.44}
{'loss': 0.361, 'learning_rate': 4.859422916883387e-05, 'epoch': 5.44}
{'loss': 0.3457, 'learning_rate': 4.855092843025071e-05, 'epoch': 5.44}
{'loss': 0.3571, 'learning_rate': 4.8507627691667545e-05, 'epoch': 5.45}
{'loss': 0.3657, 'learning_rate': 4.8464326953084366e-05, 'epoch': 5.45}
{'loss': 0.3466, 'learning_rate': 4.84210262145012e-05, 'epoch': 5.46}
{'loss': 0.3757, 'learning_rate': 4.837772547591803e-05, 'epoch': 5.46}
{'loss': 0.3806, 'learning_rate': 4.8334424737334864e-05, 'epoch': 5.46}
{'loss': 0.3596, 'learning_rate': 4.82911239987517e-05, 'epoch': 5.47}
{'loss': 0.3536, 'learning_rate': 4.824782326016852e-05, 'epoch': 5.47}
{'loss': 0.3384, 'learning_rate': 4.8204522521585355e-05, 'epoch': 5.48}
{'loss': 0.372, 'learning_rate': 4.816122178300219e-05, 'epoch': 5.48}
{'loss': 0.3677, 'learning_rate': 4.811792104441902e-05, 'epoch': 5.48}
{'loss': 0.3568, 'learning_rate': 4.807462030583585e-05, 'epoch': 5.49}
{'loss': 0.3752, 'learning_rate': 4.803131956725269e-05, 'epoch': 5.49}
{'loss': 0.3635, 'learning_rate': 4.7988018828669515e-05, 'epoch': 5.5}
{'loss': 0.3631, 'learning_rate': 4.794471809008635e-05, 'epoch': 5.5}
{'loss': 0.3609, 'learning_rate': 4.790141735150317e-05, 'epoch': 5.5}
{'loss': 0.3739, 'learning_rate': 4.7858116612920005e-05, 'epoch': 5.51}
{'loss': 0.3627, 'learning_rate': 4.781481587433684e-05, 'epoch': 5.51}
{'loss': 0.3327, 'learning_rate': 4.777151513575367e-05, 'epoch': 5.52}
{'loss': 0.3461, 'learning_rate': 4.77282143971705e-05, 'epoch': 5.52}
{'loss': 0.3879, 'learning_rate': 4.768491365858734e-05, 'epoch': 5.52}
{'loss': 0.3741, 'learning_rate': 4.764161292000416e-05, 'epoch': 5.53}
{'loss': 0.3602, 'learning_rate': 4.7598312181420994e-05, 'epoch': 5.53}
{'loss': 0.3728, 'learning_rate': 4.7555011442837835e-05, 'epoch': 5.54}
{'loss': 0.371, 'learning_rate': 4.7511710704254656e-05, 'epoch': 5.54}
{'loss': 0.3567, 'learning_rate': 4.746840996567149e-05, 'epoch': 5.55}
{'loss': 0.3634, 'learning_rate': 4.742510922708832e-05, 'epoch': 5.55}
{'loss': 0.3506, 'learning_rate': 4.7381808488505154e-05, 'epoch': 5.55}
{'loss': 0.3643, 'learning_rate': 4.733850774992199e-05, 'epoch': 5.56}
{'loss': 0.3432, 'learning_rate': 4.729520701133881e-05, 'epoch': 5.56}
{'loss': 0.3635, 'learning_rate': 4.7251906272755645e-05, 'epoch': 5.57}
{'loss': 0.3578, 'learning_rate': 4.720860553417248e-05, 'epoch': 5.57}
{'loss': 0.3859, 'learning_rate': 4.716530479558931e-05, 'epoch': 5.57}
{'loss': 0.3802, 'learning_rate': 4.712200405700614e-05, 'epoch': 5.58}
{'loss': 0.383, 'learning_rate': 4.707870331842298e-05, 'epoch': 5.58}
{'loss': 0.351, 'learning_rate': 4.70354025798398e-05, 'epoch': 5.59}
{'loss': 0.3538, 'learning_rate': 4.699210184125664e-05, 'epoch': 5.59}
{'loss': 0.3674, 'learning_rate': 4.6948801102673474e-05, 'epoch': 5.59}
{'loss': 0.3712, 'learning_rate': 4.6905500364090296e-05, 'epoch': 5.6}
{'loss': 0.364, 'learning_rate': 4.686219962550713e-05, 'epoch': 5.6}
{'loss': 0.3445, 'learning_rate': 4.681889888692396e-05, 'epoch': 5.61}
{'loss': 0.3849, 'learning_rate': 4.677559814834079e-05, 'epoch': 5.61}
{'loss': 0.355, 'learning_rate': 4.673229740975763e-05, 'epoch': 5.61}
{'loss': 0.3682, 'learning_rate': 4.668899667117445e-05, 'epoch': 5.62}
{'loss': 0.3778, 'learning_rate': 4.6645695932591284e-05, 'epoch': 5.62}
{'loss': 0.3406, 'learning_rate': 4.660239519400812e-05, 'epoch': 5.63}
{'loss': 0.3519, 'learning_rate': 4.6559094455424946e-05, 'epoch': 5.63}
{'loss': 0.3502, 'learning_rate': 4.651579371684178e-05, 'epoch': 5.63}
{'loss': 0.3805, 'learning_rate': 4.6472492978258616e-05, 'epoch': 5.64}
{'loss': 0.3609, 'learning_rate': 4.6429192239675444e-05, 'epoch': 5.64}
{'loss': 0.3388, 'learning_rate': 4.638589150109228e-05, 'epoch': 5.65}
{'loss': 0.3701, 'learning_rate': 4.63425907625091e-05, 'epoch': 5.65}
{'loss': 0.3656, 'learning_rate': 4.6299290023925935e-05, 'epoch': 5.66}
{'loss': 0.348, 'learning_rate': 4.625598928534277e-05, 'epoch': 5.66}
{'loss': 0.3819, 'learning_rate': 4.621355456153126e-05, 'epoch': 5.66}
{'loss': 0.3284, 'learning_rate': 4.617025382294809e-05, 'epoch': 5.67}
{'loss': 0.3421, 'learning_rate': 4.612695308436493e-05, 'epoch': 5.67}
{'loss': 0.3746, 'learning_rate': 4.6083652345781756e-05, 'epoch': 5.68}
{'loss': 0.3401, 'learning_rate': 4.604035160719859e-05, 'epoch': 5.68}
{'loss': 0.3611, 'learning_rate': 4.5997050868615425e-05, 'epoch': 5.68}
{'loss': 0.3507, 'learning_rate': 4.5953750130032246e-05, 'epoch': 5.69}
{'loss': 0.3942, 'learning_rate': 4.591044939144908e-05, 'epoch': 5.69}
{'loss': 0.3851, 'learning_rate': 4.586714865286592e-05, 'epoch': 5.7}
{'loss': 0.3687, 'learning_rate': 4.5823847914282744e-05, 'epoch': 5.7}
{'loss': 0.3762, 'learning_rate': 4.578054717569958e-05, 'epoch': 5.7}
{'loss': 0.3625, 'learning_rate': 4.5737246437116406e-05, 'epoch': 5.71}
{'loss': 0.3684, 'learning_rate': 4.569394569853324e-05, 'epoch': 5.71}
{'loss': 0.3639, 'learning_rate': 4.5650644959950076e-05, 'epoch': 5.72}
{'loss': 0.3345, 'learning_rate': 4.56073442213669e-05, 'epoch': 5.72}
{'loss': 0.3693, 'learning_rate': 4.556404348278373e-05, 'epoch': 5.72}
{'loss': 0.3882, 'learning_rate': 4.552074274420057e-05, 'epoch': 5.73}
{'loss': 0.3356, 'learning_rate': 4.5477442005617395e-05, 'epoch': 5.73}
{'loss': 0.3689, 'learning_rate': 4.543414126703423e-05, 'epoch': 5.74}
{'loss': 0.347, 'learning_rate': 4.5390840528451064e-05, 'epoch': 5.74}
{'loss': 0.3571, 'learning_rate': 4.5347539789867885e-05, 'epoch': 5.74}
{'loss': 0.3754, 'learning_rate': 4.530423905128473e-05, 'epoch': 5.75}
{'loss': 0.3842, 'learning_rate': 4.526093831270155e-05, 'epoch': 5.75}
{'loss': 0.3706, 'learning_rate': 4.521763757411838e-05, 'epoch': 5.76}
{'loss': 0.3425, 'learning_rate': 4.517433683553522e-05, 'epoch': 5.76}
{'loss': 0.3425, 'learning_rate': 4.5131036096952046e-05, 'epoch': 5.77}
{'loss': 0.3824, 'learning_rate': 4.508773535836888e-05, 'epoch': 5.77}
{'loss': 0.3798, 'learning_rate': 4.5044434619785715e-05, 'epoch': 5.77}
{'loss': 0.3854, 'learning_rate': 4.5001133881202536e-05, 'epoch': 5.78}
{'loss': 0.3572, 'learning_rate': 4.495783314261937e-05, 'epoch': 5.78}
{'loss': 0.3745, 'learning_rate': 4.4914532404036206e-05, 'epoch': 5.79}
{'loss': 0.388, 'learning_rate': 4.4871231665453034e-05, 'epoch': 5.79}
{'loss': 0.3471, 'learning_rate': 4.482793092686987e-05, 'epoch': 5.79}
{'loss': 0.3691, 'learning_rate': 4.47846301882867e-05, 'epoch': 5.8}
{'loss': 0.3719, 'learning_rate': 4.474132944970353e-05, 'epoch': 5.8}
{'loss': 0.3686, 'learning_rate': 4.4698028711120366e-05, 'epoch': 5.81}
{'loss': 0.3951, 'learning_rate': 4.465472797253719e-05, 'epoch': 5.81}
{'loss': 0.3374, 'learning_rate': 4.461142723395402e-05, 'epoch': 5.81}
{'loss': 0.3499, 'learning_rate': 4.456812649537086e-05, 'epoch': 5.82}
{'loss': 0.3556, 'learning_rate': 4.4524825756787685e-05, 'epoch': 5.82}
{'loss': 0.3617, 'learning_rate': 4.448152501820452e-05, 'epoch': 5.83}
{'loss': 0.3631, 'learning_rate': 4.4438224279621354e-05, 'epoch': 5.83}
{'loss': 0.3497, 'learning_rate': 4.4394923541038175e-05, 'epoch': 5.83}
{'loss': 0.3868, 'learning_rate': 4.435162280245501e-05, 'epoch': 5.84}
{'loss': 0.34, 'learning_rate': 4.430832206387185e-05, 'epoch': 5.84}
{'loss': 0.3567, 'learning_rate': 4.426502132528867e-05, 'epoch': 5.85}
{'loss': 0.3584, 'learning_rate': 4.422172058670551e-05, 'epoch': 5.85}
{'loss': 0.3476, 'learning_rate': 4.4178419848122336e-05, 'epoch': 5.85}
{'loss': 0.3419, 'learning_rate': 4.413511910953917e-05, 'epoch': 5.86}
{'loss': 0.3751, 'learning_rate': 4.4091818370956005e-05, 'epoch': 5.86}
{'loss': 0.4227, 'learning_rate': 4.4048517632372826e-05, 'epoch': 5.87}
{'loss': 0.3568, 'learning_rate': 4.400521689378966e-05, 'epoch': 5.87}
{'loss': 0.3761, 'learning_rate': 4.3961916155206496e-05, 'epoch': 5.88}
{'loss': 0.3715, 'learning_rate': 4.3918615416623324e-05, 'epoch': 5.88}
{'loss': 0.3808, 'learning_rate': 4.387531467804016e-05, 'epoch': 5.88}
{'loss': 0.3597, 'learning_rate': 4.3832013939456993e-05, 'epoch': 5.89}
{'loss': 0.375, 'learning_rate': 4.3788713200873815e-05, 'epoch': 5.89}
{'loss': 0.3668, 'learning_rate': 4.3745412462290656e-05, 'epoch': 5.9}
{'loss': 0.3885, 'learning_rate': 4.370211172370748e-05, 'epoch': 5.9}
{'loss': 0.3786, 'learning_rate': 4.365881098512431e-05, 'epoch': 5.9}
{'loss': 0.3559, 'learning_rate': 4.361551024654115e-05, 'epoch': 5.91}
{'loss': 0.3549, 'learning_rate': 4.3572209507957975e-05, 'epoch': 5.91}
{'loss': 0.3428, 'learning_rate': 4.352890876937481e-05, 'epoch': 5.92}
{'loss': 0.3568, 'learning_rate': 4.3485608030791644e-05, 'epoch': 5.92}
{'loss': 0.3799, 'learning_rate': 4.3442307292208466e-05, 'epoch': 5.92}
{'loss': 0.3555, 'learning_rate': 4.33990065536253e-05, 'epoch': 5.93}
{'loss': 0.3541, 'learning_rate': 4.335570581504214e-05, 'epoch': 5.93}
{'loss': 0.3476, 'learning_rate': 4.331240507645896e-05, 'epoch': 5.94}
{'loss': 0.403, 'learning_rate': 4.32691043378758e-05, 'epoch': 5.94}
{'loss': 0.3536, 'learning_rate': 4.322580359929263e-05, 'epoch': 5.94}
{'loss': 0.3305, 'learning_rate': 4.318250286070946e-05, 'epoch': 5.95}
{'loss': 0.3615, 'learning_rate': 4.3139202122126295e-05, 'epoch': 5.95}
{'loss': 0.3902, 'learning_rate': 4.3095901383543116e-05, 'epoch': 5.96}
{'loss': 0.3469, 'learning_rate': 4.305260064495995e-05, 'epoch': 5.96}
{'loss': 0.3468, 'learning_rate': 4.3009299906376786e-05, 'epoch': 5.96}
{'loss': 0.3345, 'learning_rate': 4.2965999167793614e-05, 'epoch': 5.97}
{'loss': 0.4012, 'learning_rate': 4.292269842921045e-05, 'epoch': 5.97}
{'loss': 0.3798, 'learning_rate': 4.2879397690627283e-05, 'epoch': 5.98}
{'loss': 0.3515, 'learning_rate': 4.2836096952044105e-05, 'epoch': 5.98}
{'loss': 0.3919, 'learning_rate': 4.2792796213460946e-05, 'epoch': 5.99}
{'loss': 0.3537, 'learning_rate': 4.274949547487778e-05, 'epoch': 5.99}
{'loss': 0.3919, 'learning_rate': 4.27061947362946e-05, 'epoch': 5.99}
{'loss': 0.3712, 'learning_rate': 4.266289399771144e-05, 'epoch': 6.0}
[INFO|trainer.py:520] 2026-10-04 16:40:13,864 >> The following columns in the evaluation set  don't have a corresponding argument in `PETLEncModel.forward` and have been ignored: premise, hypothesis, idx.
[INFO|trainer.py:2179] 2026-10-04 16:40:13,866 >> ***** Running Evaluation *****
[INFO|trainer.py:2181] 2026-10-04 16:40:13,866 >>   Num examples = 9815
[INFO|trainer.py:2184] 2026-10-04 16:40:13,866 >>   Batch size = 32
{'eval_loss': 0.35343390703201294, 'eval_accuracy': 0.8668364747834947, 'eval_runtime': 8.7959, 'eval_samples_per_second': 1115.862, 'eval_steps_per_second': 34.903, 'epoch': 6.0}
[INFO|trainer.py:1933] 2026-10-04 16:40:22,663 >> Saving model checkpoint to checkpoints/glue/mnli/20261004/glue.mnli.adapter.am_adapter.ao_sequential.fm_adapter.fo_sequential.abn.fbn.ac_add.fl_none.finit_bert.fs_1.unfrz_ef_.ne10.warm0.06.wd0.1.seed8./checkpoint-73632
[INFO|configuration_utils.py:364] 2026-10-04 16:40:22,664 >> Configuration saved in checkpoints/glue/mnli/20261004/glue.mnli.adapter.am_adapter.ao_sequential.fm_adapter.fo_sequential.abn.fbn.ac_add.fl_none.finit_bert.fs_1.unfrz_ef_.ne10.warm0.06.wd0.1.seed8./checkpoint-73632/config.json
[INFO|modeling_utils.py:898] 2026-10-04 16:40:22,927 >> Model weights saved in checkpoints/glue/mnli/20261004/glue.mnli.adapter.am_adapter.ao_sequential.fm_adapter.fo_sequential.abn.fbn.ac_add.fl_none.finit_bert.fs_1.unfrz_ef_.ne10.warm0.06.wd0.1.seed8./checkpoint-73632/pytorch_model.bin
[INFO|tokenization_utils_base.py:1948] 2026-10-04 16:40:22,928 >> tokenizer config file saved in checkpoints/glue/mnli/20261004/glue.mnli.adapter.am_adapter.ao_sequential.fm_adapter.fo_sequential.abn.fbn.ac_add.fl_none.finit_bert.fs_1.unfrz_ef_.ne10.warm0.06.wd0.1.seed8./checkpoint-73632/tokenizer_config.json
[INFO|tokenization_utils_base.py:1954] 2026-10-04 16:40:22,928 >> Special tokens file saved in checkpoints/glue/mnli/20261004/glue.mnli.adapter.am_adapter.ao_sequential.fm_adapter.fo_sequential.abn.fbn.ac_add.fl_none.finit_bert.fs_1.unfrz_ef_.ne10.warm0.06.wd0.1.seed8./checkpoint-73632/special_tokens_map.json
[INFO|trainer.py:2009] 2026-10-04 16:40:23,008 >> Deleting older checkpoint [checkpoints/glue/mnli/20261004/glue.mnli.adapter.am_adapter.ao_sequential.fm_adapter.fo_sequential.abn.fbn.ac_add.fl_none.finit_bert.fs_1.unfrz_ef_.ne10.warm0.06.wd0.1.seed8./checkpoint-49088] due to args.save_total_limit
/work/unify-parameter-efficient-tuning/src/transformers/trainer.py:1784: FutureWarning: `torch.cuda.amp.autocast(args...)` is deprecated. Please use `torch.amp.autocast('cuda', args...)` instead.
  with autocast():
{'loss': 0.3597, 'learning_rate': 4.2619593259128265e-05, 'epoch': 6.0}
{'loss': 0.3728, 'learning_rate': 4.25762925205451e-05, 'epoch': 6.01}
{'loss': 0.3602, 'learning_rate': 4.2532991781961934e-05, 'epoch': 6.01}
{'loss': 0.3265, 'learning_rate': 4.2489691043378756e-05, 'epoch': 6.01}
{'loss': 0.3355, 'learning_rate': 4.244639030479559e-05, 'epoch': 6.02}
{'loss': 0.3405, 'learning_rate': 4.2403089566212425e-05, 'epoch': 6.02}
{'loss': 0.337, 'learning_rate': 4.2360654842400914e-05, 'epoch': 6.03}
{'loss': 0.359, 'learning_rate': 4.231735410381775e-05, 'epoch': 6.03}
{'loss': 0.3475, 'learning_rate': 4.227405336523458e-05, 'epoch': 6.03}
{'loss': 0.3646, 'learning_rate': 4.223075262665141e-05, 'epoch': 6.04}
{'loss': 0.3455, 'learning_rate': 4.2187451888068246e-05, 'epoch': 6.04}
{'loss': 0.3524, 'learning_rate': 4.214415114948508e-05, 'epoch': 6.05}
{'loss': 0.3414, 'learning_rate': 4.210085041090191e-05, 'epoch': 6.05}
{'loss': 0.384, 'learning_rate': 4.2057549672318743e-05, 'epoch': 6.05}
{'loss': 0.3373, 'learning_rate': 4.2014248933735565e-05, 'epoch': 6.06}
{'loss': 0.3911, 'learning_rate': 4.19709481951524e-05, 'epoch': 6.06}
{'loss': 0.361, 'learning_rate': 4.1927647456569234e-05, 'epoch': 6.07}
{'loss': 0.3665, 'learning_rate': 4.188434671798606e-05, 'epoch': 6.07}
{'loss': 0.3501, 'learning_rate': 4.18410459794029e-05, 'epoch': 6.07}
{'loss': 0.3553, 'learning_rate': 4.179774524081973e-05, 'epoch': 6.08}
{'loss': 0.3533, 'learning_rate': 4.175444450223655e-05, 'epoch': 6.08}
{'loss': 0.3528, 'learning_rate': 4.1712009778425055e-05, 'epoch': 6.09}
{'loss': 0.3373, 'learning_rate': 4.166870903984189e-05, 'epoch': 6.09}
{'loss': 0.3557, 'learning_rate': 4.162540830125871e-05, 'epoch': 6.1}
{'loss': 0.3604, 'learning_rate': 4.1582107562675546e-05, 'epoch': 6.1}
{'loss': 0.3419, 'learning_rate': 4.1538806824092374e-05, 'epoch': 6.1}
{'loss': 0.3511, 'learning_rate': 4.149550608550921e-05, 'epoch': 6.11}
{'loss': 0.3548, 'learning_rate': 4.145220534692604e-05, 'epoch': 6.11}
{'loss': 0.3454, 'learning_rate': 4.140890460834287e-05, 'epoch': 6.12}
{'loss': 0.3758, 'learning_rate': 4.1365603869759706e-05, 'epoch': 6.12}
{'loss': 0.3467, 'learning_rate': 4.132230313117654e-05, 'epoch': 6.12}
{'loss': 0.3608, 'learning_rate': 4.127900239259336e-05, 'epoch': 6.13}
{'loss': 0.3321, 'learning_rate': 4.12357016540102e-05, 'epoch': 6.13}
{'loss': 0.3608, 'learning_rate': 4.119240091542703e-05, 'epoch': 6.14}
{'loss': 0.3321, 'learning_rate': 4.114910017684386e-05, 'epoch': 6.14}
{'loss': 0.3649, 'learning_rate': 4.1105799438260694e-05, 'epoch': 6.14}
{'loss': 0.3702, 'learning_rate': 4.106249869967753e-05, 'epoch': 6.15}
{'loss': 0.3499, 'learning_rate': 4.101919796109435e-05, 'epoch': 6.15}
{'loss': 0.3404, 'learning_rate': 4.097589722251119e-05, 'epoch': 6.16}
{'loss': 0.3341, 'learning_rate': 4.093259648392801e-05, 'epoch': 6.16}
{'loss': 0.354, 'learning_rate': 4.088929574534485e-05, 'epoch': 6.16}
{'loss': 0.3752, 'learning_rate': 4.084599500676168e-05, 'epoch': 6.17}
{'loss': 0.3408, 'learning_rate': 4.080269426817851e-05, 'epoch': 6.17}
{'loss': 0.3501, 'learning_rate': 4.0759393529595345e-05, 'epoch': 6.18}
{'loss': 0.3302, 'learning_rate': 4.071609279101218e-05, 'epoch': 6.18}
{'loss': 0.3717, 'learning_rate': 4.0672792052429e-05, 'epoch': 6.18}
{'loss': 0.3269, 'learning_rate': 4.0629491313845836e-05, 'epoch': 6.19}
{'loss': 0.3428, 'learning_rate': 4.058619057526267e-05, 'epoch': 6.19}
{'loss': 0.3583, 'learning_rate': 4.05428898366795e-05, 'epoch': 6.2}
{'loss': 0.341, 'learning_rate': 4.049958909809633e-05, 'epoch': 6.2}
{'loss': 0.3691, 'learning_rate': 4.0456288359513154e-05, 'epoch': 6.21}
{'loss': 0.3416, 'learning_rate': 4.0412987620929996e-05, 'epoch': 6.21}
{'loss': 0.3396, 'learning_rate': 4.036968688234683e-05, 'epoch': 6.21}
{'loss': 0.3613, 'learning_rate': 4.032638614376365e-05, 'epoch': 6.22}
{'loss': 0.3529, 'learning_rate': 4.0283951419952154e-05, 'epoch': 6.22}
{'loss': 0.3558, 'learning_rate': 4.024065068136899e-05, 'epoch': 6.23}
{'loss': 0.3447, 'learning_rate': 4.019734994278581e-05, 'epoch': 6.23}
{'loss': 0.3613, 'learning_rate': 4.0154049204202645e-05, 'epoch': 6.23}
{'loss': 0.3585, 'learning_rate': 4.011074846561948e-05, 'epoch': 6.24}
{'loss': 0.3474, 'learning_rate': 4.006744772703631e-05, 'epoch': 6.24}
{'loss': 0.3632, 'learning_rate': 4.002414698845314e-05, 'epoch': 6.25}
{'loss': 0.3367, 'learning_rate': 3.998084624986998e-05, 'epoch': 6.25}
{'loss': 0.3286, 'learning_rate': 3.99375455112868e-05, 'epoch': 6.25}
{'loss': 0.3422, 'learning_rate': 3.989424477270363e-05, 'epoch': 6.26}
{'loss': 0.3468, 'learning_rate': 3.985094403412046e-05, 'epoch': 6.26}
{'loss': 0.3607, 'learning_rate': 3.9807643295537296e-05, 'epoch': 6.27}
{'loss': 0.3608, 'learning_rate': 3.976434255695413e-05, 'epoch': 6.27}
{'loss': 0.3463, 'learning_rate': 3.972104181837096e-05, 'epoch': 6.27}
{'loss': 0.3385, 'learning_rate': 3.967774107978779e-05, 'epoch': 6.28}
{'loss': 0.3511, 'learning_rate': 3.963444034120463e-05, 'epoch': 6.28}
{'loss': 0.3509, 'learning_rate': 3.959113960262145e-05, 'epoch': 6.29}
{'loss': 0.3424, 'learning_rate': 3.9547838864038284e-05, 'epoch': 6.29}
{'loss': 0.3809, 'learning_rate': 3.950453812545512e-05, 'epoch': 6.29}
{'loss': 0.35, 'learning_rate': 3.946123738687195e-05, 'epoch': 6.3}
{'loss': 0.3584, 'learning_rate': 3.941793664828878e-05, 'epoch': 6.3}
{'loss': 0.3626, 'learning_rate': 3.93746359097056e-05, 'epoch': 6.31}
{'loss': 0.3517, 'learning_rate': 3.933133517112244e-05, 'epoch': 6.31}
{'loss': 0.3507, 'learning_rate': 3.928803443253928e-05, 'epoch': 6.32}
{'loss': 0.3278, 'learning_rate': 3.92447336939561e-05, 'epoch': 6.32}
{'loss': 0.3636, 'learning_rate': 3.9201432955372935e-05, 'epoch': 6.32}
{'loss': 0.3461, 'learning_rate': 3.915813221678977e-05, 'epoch': 6.33}
{'loss': 0.3859, 'learning_rate': 3.91148314782066e-05, 'epoch': 6.33}
{'loss': 0.3417, 'learning_rate': 3.907153073962343e-05, 'epoch': 6.34}
{'loss': 0.3586, 'learning_rate': 3.902823000104027e-05, 'epoch': 6.34}
{'loss': 0.3525, 'learning_rate': 3.898492926245709e-05, 'epoch': 6.34}
{'loss': 0.3693, 'learning_rate': 3.894162852387392e-05, 'epoch': 6.35}
{'loss': 0.3494, 'learning_rate': 3.889832778529075e-05, 'epoch': 6.35}
{'loss': 0.3303, 'learning_rate': 3.8855027046707586e-05, 'epoch': 6.36}
{'loss': 0.3377, 'learning_rate': 3.881172630812442e-05, 'epoch': 6.36}
{'loss': 0.3504, 'learning_rate': 3.876842556954124e-05, 'epoch': 6.36}
{'loss': 0.384, 'learning_rate': 3.872512483095808e-05, 'epoch': 6.37}
{'loss': 0.3532, 'learning_rate': 3.868182409237492e-05, 'epoch': 6.37}
{'loss': 0.3521, 'learning_rate': 3.863852335379174e-05, 'epoch': 6.38}
{'loss': 0.3563, 'learning_rate': 3.8595222615208574e-05, 'epoch': 6.38}
{'loss': 0.3734, 'learning_rate': 3.855192187662541e-05, 'epoch': 6.38}
{'loss': 0.3692, 'learning_rate': 3.850862113804224e-05, 'epoch': 6.39}
{'loss': 0.3241, 'learning_rate': 3.846532039945907e-05, 'epoch': 6.39}
{'loss': 0.34, 'learning_rate': 3.8422019660875906e-05, 'epoch': 6.4}
{'loss': 0.3538, 'learning_rate': 3.837871892229273e-05, 'epoch': 6.4}
{'loss': 0.3504, 'learning_rate': 3.833541818370956e-05, 'epoch': 6.4}
{'loss': 0.3316, 'learning_rate': 3.829211744512639e-05, 'epoch': 6.41}
{'loss': 0.3544, 'learning_rate': 3.8248816706543225e-05, 'epoch': 6.41}
{'loss': 0.3418, 'learning_rate': 3.820551596796006e-05, 'epoch': 6.42}
{'loss': 0.3597, 'learning_rate': 3.816221522937689e-05, 'epoch': 6.42}
{'loss': 0.342, 'learning_rate': 3.811891449079372e-05, 'epoch': 6.43}
{'loss': 0.3574, 'learning_rate': 3.807561375221056e-05, 'epoch': 6.43}
{'loss': 0.3427, 'learning_rate': 3.8033179028399046e-05, 'epoch': 6.43}
{'loss': 0.3828, 'learning_rate': 3.798987828981588e-05, 'epoch': 6.44}
{'loss': 0.3366, 'learning_rate': 3.7946577551232715e-05, 'epoch': 6.44}
{'loss': 0.3313, 'learning_rate': 3.7903276812649536e-05, 'epoch': 6.45}
{'loss': 0.3763, 'learning_rate': 3.785997607406637e-05, 'epoch': 6.45}
{'loss': 0.3649, 'learning_rate': 3.78166753354832e-05, 'epoch': 6.45}
{'loss': 0.3698, 'learning_rate': 3.7773374596900034e-05, 'epoch': 6.46}
{'loss': 0.3704, 'learning_rate': 3.773007385831687e-05, 'epoch': 6.46}
{'loss': 0.3702, 'learning_rate': 3.768677311973369e-05, 'epoch': 6.47}
{'loss': 0.377, 'learning_rate': 3.764347238115053e-05, 'epoch': 6.47}
{'loss': 0.3608, 'learning_rate': 3.7600171642567366e-05, 'epoch': 6.47}
{'loss': 0.3562, 'learning_rate': 3.755687090398419e-05, 'epoch': 6.48}
{'loss': 0.3527, 'learning_rate': 3.751357016540102e-05, 'epoch': 6.48}
{'loss': 0.3453, 'learning_rate': 3.747026942681786e-05, 'epoch': 6.49}
{'loss': 0.3251, 'learning_rate': 3.7426968688234685e-05, 'epoch': 6.49}
{'loss': 0.3536, 'learning_rate': 3.738366794965152e-05, 'epoch': 6.49}
{'loss': 0.3367, 'learning_rate': 3.7340367211068354e-05, 'epoch': 6.5}
{'loss': 0.3479, 'learning_rate': 3.7297066472485176e-05, 'epoch': 6.5}
{'loss': 0.3607, 'learning_rate': 3.725376573390201e-05, 'epoch': 6.51}
{'loss': 0.3574, 'learning_rate': 3.721046499531884e-05, 'epoch': 6.51}
{'loss': 0.3482, 'learning_rate': 3.716716425673567e-05, 'epoch': 6.51}
{'loss': 0.33, 'learning_rate': 3.712386351815251e-05, 'epoch': 6.52}
{'loss': 0.3776, 'learning_rate': 3.7080562779569336e-05, 'epoch': 6.52}
{'loss': 0.3184, 'learning_rate': 3.703726204098617e-05, 'epoch': 6.53}
{'loss': 0.3847, 'learning_rate': 3.6993961302403005e-05, 'epoch': 6.53}
{'loss': 0.3799, 'learning_rate': 3.6950660563819827e-05, 'epoch': 6.54}
{'loss': 0.3502, 'learning_rate': 3.690735982523666e-05, 'epoch': 6.54}
{'loss': 0.3441, 'learning_rate': 3.6864059086653496e-05, 'epoch': 6.54}
{'loss': 0.3465, 'learning_rate': 3.6820758348070324e-05, 'epoch': 6.55}
{'loss': 0.3537, 'learning_rate': 3.677745760948716e-05, 'epoch': 6.55}
{'loss': 0.3465, 'learning_rate': 3.673415687090398e-05, 'epoch': 6.56}
{'loss': 0.3535, 'learning_rate': 3.6690856132320815e-05, 'epoch': 6.56}
{'loss': 0.3666, 'learning_rate': 3.6647555393737656e-05, 'epoch': 6.56}
{'loss': 0.3664, 'learning_rate': 3.660425465515448e-05, 'epoch': 6.57}
{'loss': 0.3387, 'learning_rate': 3.656095391657131e-05, 'epoch': 6.57}
{'loss': 0.3601, 'learning_rate': 3.651765317798815e-05, 'epoch': 6.58}
{'loss': 0.356, 'learning_rate': 3.6474352439404975e-05, 'epoch': 6.58}
{'loss': 0.3536, 'learning_rate': 3.643105170082181e-05, 'epoch': 6.58}
{'loss': 0.3444, 'learning_rate': 3.6387750962238645e-05, 'epoch': 6.59}
{'loss': 0.344, 'learning_rate': 3.6344450223655466e-05, 'epoch': 6.59}
{'loss': 0.3517, 'learning_rate': 3.63011494850723e-05, 'epoch': 6.6}
{'loss': 0.3546, 'learning_rate': 3.625784874648913e-05, 'epoch': 6.6}
{'loss': 0.3491, 'learning_rate': 3.621454800790596e-05, 'epoch': 6.6}
{'loss': 0.3587, 'learning_rate': 3.61712472693228e-05, 'epoch': 6.61}
{'loss': 0.3482, 'learning_rate': 3.612794653073962e-05, 'epoch': 6.61}
{'loss': 0.3693, 'learning_rate': 3.608464579215646e-05, 'epoch': 6.62}
{'loss': 0.3231, 'learning_rate': 3.6041345053573295e-05, 'epoch': 6.62}
{'loss': 0.3555, 'learning_rate': 3.599804431499012e-05, 'epoch': 6.62}
{'loss': 0.3606, 'learning_rate': 3.595474357640695e-05, 'epoch': 6.63}
{'loss': 0.3474, 'learning_rate': 3.5911442837823786e-05, 'epoch': 6.63}
{'loss': 0.352, 'learning_rate': 3.5868142099240614e-05, 'epoch': 6.64}
{'loss': 0.3744, 'learning_rate': 3.582484136065745e-05, 'epoch': 6.64}
{'loss': 0.3717, 'learning_rate': 3.5781540622074284e-05, 'epoch': 6.65}
{'loss': 0.3798, 'learning_rate': 3.5738239883491105e-05, 'epoch': 6.65}
{'loss': 0.35, 'learning_rate': 3.569493914490794e-05, 'epoch': 6.65}
{'loss': 0.3657, 'learning_rate': 3.565163840632477e-05, 'epoch': 6.66}
{'loss': 0.375, 'learning_rate': 3.56083376677416e-05, 'epoch': 6.66}
{'loss': 0.3617, 'learning_rate': 3.556503692915844e-05, 'epoch': 6.67}
{'loss': 0.3446, 'learning_rate': 3.5521736190575265e-05, 'epoch': 6.67}
{'loss': 0.3798, 'learning_rate': 3.54784354519921e-05, 'epoch': 6.67}
{'loss': 0.3425, 'learning_rate': 3.5435134713408935e-05, 'epoch': 6.68}
{'loss': 0.3725, 'learning_rate': 3.5391833974825756e-05, 'epoch': 6.68}
{'loss': 0.3767, 'learning_rate': 3.534853323624259e-05, 'epoch': 6.69}
{'loss': 0.3661, 'learning_rate': 3.5305232497659425e-05, 'epoch': 6.69}
{'loss': 0.3329, 'learning_rate': 3.526193175907625e-05, 'epoch': 6.69}
{'loss': 0.3472, 'learning_rate': 3.521863102049309e-05, 'epoch': 6.7}
{'loss': 0.3296, 'learning_rate': 3.517533028190991e-05, 'epoch': 6.7}
{'loss': 0.3879, 'learning_rate': 3.5132029543326744e-05, 'epoch': 6.71}
{'loss': 0.3635, 'learning_rate': 3.5088728804743586e-05, 'epoch': 6.71}
{'loss': 0.3697, 'learning_rate': 3.504542806616041e-05, 'epoch': 6.71}
{'loss': 0.3403, 'learning_rate': 3.500212732757724e-05, 'epoch': 6.72}
{'loss': 0.343, 'learning_rate': 3.4958826588994076e-05, 'epoch': 6.72}
{'loss': 0.3322, 'learning_rate': 3.4915525850410904e-05, 'epoch': 6.73}
{'loss': 0.3763, 'learning_rate': 3.487222511182774e-05, 'epoch': 6.73}
{'loss': 0.3457, 'learning_rate': 3.4828924373244574e-05, 'epoch': 6.73}
{'loss': 0.34, 'learning_rate': 3.4785623634661395e-05, 'epoch': 6.74}
{'loss': 0.3729, 'learning_rate': 3.474232289607823e-05, 'epoch': 6.74}
{'loss': 0.3455, 'learning_rate': 3.469902215749506e-05, 'epoch': 6.75}
{'loss': 0.3759, 'learning_rate': 3.465572141891189e-05, 'epoch': 6.75}
{'loss': 0.3672, 'learning_rate': 3.461242068032873e-05, 'epoch': 6.76}
{'loss': 0.3375, 'learning_rate': 3.456911994174555e-05, 'epoch': 6.76}
{'loss': 0.3422, 'learning_rate': 3.452581920316239e-05, 'epoch': 6.76}
{'loss': 0.3693, 'learning_rate': 3.4482518464579225e-05, 'epoch': 6.77}
{'loss': 0.3594, 'learning_rate': 3.4439217725996046e-05, 'epoch': 6.77}
{'loss': 0.3347, 'learning_rate': 3.439591698741288e-05, 'epoch': 6.78}
{'loss': 0.3444, 'learning_rate': 3.4352616248829715e-05, 'epoch': 6.78}
{'loss': 0.3659, 'learning_rate': 3.430931551024654e-05, 'epoch': 6.78}
{'loss': 0.3617, 'learning_rate': 3.426601477166338e-05, 'epoch': 6.79}
{'loss': 0.3419, 'learning_rate': 3.422271403308021e-05, 'epoch': 6.79}
{'loss': 0.361, 'learning_rate': 3.4179413294497034e-05, 'epoch': 6.8}
{'loss': 0.3565, 'learning_rate': 3.413611255591387e-05, 'epoch': 6.8}
{'loss': 0.3606, 'learning_rate': 3.40928118173307e-05, 'epoch': 6.8}
{'loss': 0.361, 'learning_rate': 3.404951107874753e-05, 'epoch': 6.81}
{'loss': 0.3894, 'learning_rate': 3.4006210340164366e-05, 'epoch': 6.81}
{'loss': 0.3552, 'learning_rate': 3.3962909601581194e-05, 'epoch': 6.82}
{'loss': 0.3386, 'learning_rate': 3.391960886299803e-05, 'epoch': 6.82}
{'loss': 0.3393, 'learning_rate': 3.3876308124414864e-05, 'epoch': 6.82}
{'loss': 0.367, 'learning_rate': 3.3833007385831685e-05, 'epoch': 6.83}
{'loss': 0.3611, 'learning_rate': 3.378970664724852e-05, 'epoch': 6.83}
{'loss': 0.3228, 'learning_rate': 3.3746405908665355e-05, 'epoch': 6.84}
{'loss': 0.3895, 'learning_rate': 3.370310517008218e-05, 'epoch': 6.84}
{'loss': 0.341, 'learning_rate': 3.365980443149902e-05, 'epoch': 6.84}
{'loss': 0.3335, 'learning_rate': 3.361650369291584e-05, 'epoch': 6.85}
{'loss': 0.3638, 'learning_rate': 3.357406896910434e-05, 'epoch': 6.85}
{'loss': 0.3777, 'learning_rate': 3.3531634245292836e-05, 'epoch': 6.86}
{'loss': 0.3692, 'learning_rate': 3.3488333506709664e-05, 'epoch': 6.86}
{'loss': 0.3498, 'learning_rate': 3.34450327681265e-05, 'epoch': 6.87}
{'loss': 0.3496, 'learning_rate': 3.3401732029543333e-05, 'epoch': 6.87}
{'loss': 0.3725, 'learning_rate': 3.3358431290960155e-05, 'epoch': 6.87}
{'loss': 0.3691, 'learning_rate': 3.331513055237699e-05, 'epoch': 6.88}
{'loss': 0.3716, 'learning_rate': 3.327182981379383e-05, 'epoch': 6.88}
{'loss': 0.3197, 'learning_rate': 3.322852907521065e-05, 'epoch': 6.89}
{'loss': 0.3613, 'learning_rate': 3.318522833662749e-05, 'epoch': 6.89}
{'loss': 0.387, 'learning_rate': 3.314192759804432e-05, 'epoch': 6.89}
{'loss': 0.3723, 'learning_rate': 3.309862685946115e-05, 'epoch': 6.9}
{'loss': 0.37, 'learning_rate': 3.3055326120877984e-05, 'epoch': 6.9}
{'loss': 0.3612, 'learning_rate': 3.3012025382294806e-05, 'epoch': 6.91}
{'loss': 0.3523, 'learning_rate': 3.296872464371164e-05, 'epoch': 6.91}
{'loss': 0.3659, 'learning_rate': 3.2925423905128475e-05, 'epoch': 6.91}
{'loss': 0.3677, 'learning_rate': 3.28821231665453e-05, 'epoch': 6.92}
{'loss': 0.3715, 'learning_rate': 3.283882242796214e-05, 'epoch': 6.92}
{'loss': 0.3406, 'learning_rate': 3.279552168937897e-05, 'epoch': 6.93}
{'loss': 0.3649, 'learning_rate': 3.2752220950795794e-05, 'epoch': 6.93}
{'loss': 0.3539, 'learning_rate': 3.2708920212212635e-05, 'epoch': 6.93}
{'loss': 0.3811, 'learning_rate': 3.266561947362947e-05, 'epoch': 6.94}
{'loss': 0.3356, 'learning_rate': 3.262231873504629e-05, 'epoch': 6.94}
{'loss': 0.3478, 'learning_rate': 3.2579017996463126e-05, 'epoch': 6.95}
{'loss': 0.3511, 'learning_rate': 3.253571725787996e-05, 'epoch': 6.95}
{'loss': 0.3264, 'learning_rate': 3.249241651929679e-05, 'epoch': 6.95}
{'loss': 0.3844, 'learning_rate': 3.2449115780713624e-05, 'epoch': 6.96}
{'loss': 0.3366, 'learning_rate': 3.2405815042130445e-05, 'epoch': 6.96}
{'loss': 0.3219, 'learning_rate': 3.236251430354728e-05, 'epoch': 6.97}
{'loss': 0.3599, 'learning_rate': 3.231921356496412e-05, 'epoch': 6.97}
{'loss': 0.3625, 'learning_rate': 3.227591282638094e-05, 'epoch': 6.98}
{'loss': 0.3582, 'learning_rate': 3.223261208779778e-05, 'epoch': 6.98}
{'loss': 0.3665, 'learning_rate': 3.218931134921461e-05, 'epoch': 6.98}
{'loss': 0.3822, 'learning_rate': 3.214601061063144e-05, 'epoch': 6.99}
{'loss': 0.3634, 'learning_rate': 3.2102709872048274e-05, 'epoch': 6.99}
{'loss': 0.3456, 'learning_rate': 3.205940913346511e-05, 'epoch': 7.0}
{'loss': 0.3599, 'learning_rate': 3.201610839488193e-05, 'epoch': 7.0}
[INFO|trainer.py:520] 2026-10-04 16:45:29,172 >> The following columns in the evaluation set  don't have a corresponding argument in `PETLEncModel.forward` and have been ignored: premise, hypothesis, idx.
[INFO|trainer.py:2179] 2026-10-04 16:45:29,174 >> ***** Running Evaluation *****
[INFO|trainer.py:2181] 2026-10-04 16:45:29,174 >>   Num examples = 9815
[INFO|trainer.py:2184] 2026-10-04 16:45:29,174 >>   Batch size = 32
{'eval_loss': 0.3577289283275604, 'eval_accuracy': 0.8689760570555273, 'eval_runtime': 8.7432, 'eval_samples_per_second': 1122.591, 'eval_steps_per_second': 35.113, 'epoch': 7.0}
[INFO|trainer.py:1933] 2026-10-04 16:45:37,918 >> Saving model checkpoint to checkpoints/glue/mnli/20261004/glue.mnli.adapter.am_adapter.ao_sequential.fm_adapter.fo_sequential.abn.fbn.ac_add.fl_none.finit_bert.fs_1.unfrz_ef_.ne10.warm0.06.wd0.1.seed8./checkpoint-85904
[INFO|configuration_utils.py:364] 2026-10-04 16:45:37,919 >> Configuration saved in checkpoints/glue/mnli/20261004/glue.mnli.adapter.am_adapter.ao_sequential.fm_adapter.fo_sequential.abn.fbn.ac_add.fl_none.finit_bert.fs_1.unfrz_ef_.ne10.warm0.06.wd0.1.seed8./checkpoint-85904/config.json
[INFO|modeling_utils.py:898] 2026-10-04 16:45:38,211 >> Model weights saved in checkpoints/glue/mnli/20261004/glue.mnli.adapter.am_adapter.ao_sequential.fm_adapter.fo_sequential.abn.fbn.ac_add.fl_none.finit_bert.fs_1.unfrz_ef_.ne10.warm0.06.wd0.1.seed8./checkpoint-85904/pytorch_model.bin
[INFO|tokenization_utils_base.py:1948] 2026-10-04 16:45:38,213 >> tokenizer config file saved in checkpoints/glue/mnli/20261004/glue.mnli.adapter.am_adapter.ao_sequential.fm_adapter.fo_sequential.abn.fbn.ac_add.fl_none.finit_bert.fs_1.unfrz_ef_.ne10.warm0.06.wd0.1.seed8./checkpoint-85904/tokenizer_config.json
[INFO|tokenization_utils_base.py:1954] 2026-10-04 16:45:38,213 >> Special tokens file saved in checkpoints/glue/mnli/20261004/glue.mnli.adapter.am_adapter.ao_sequential.fm_adapter.fo_sequential.abn.fbn.ac_add.fl_none.finit_bert.fs_1.unfrz_ef_.ne10.warm0.06.wd0.1.seed8./checkpoint-85904/special_tokens_map.json
[INFO|trainer.py:2009] 2026-10-04 16:45:38,289 >> Deleting older checkpoint [checkpoints/glue/mnli/20261004/glue.mnli.adapter.am_adapter.ao_sequential.fm_adapter.fo_sequential.abn.fbn.ac_add.fl_none.finit_bert.fs_1.unfrz_ef_.ne10.warm0.06.wd0.1.seed8./checkpoint-73632] due to args.save_total_limit
/work/unify-parameter-efficient-tuning/src/transformers/trainer.py:1784: FutureWarning: `torch.cuda.amp.autocast(args...)` is deprecated. Please use `torch.amp.autocast('cuda', args...)` instead.
  with autocast():
{'loss': 0.3183, 'learning_rate': 3.1972807656298765e-05, 'epoch': 7.0}
{'loss': 0.331, 'learning_rate': 3.192950691771559e-05, 'epoch': 7.01}
{'loss': 0.3697, 'learning_rate': 3.188620617913243e-05, 'epoch': 7.01}
{'loss': 0.352, 'learning_rate': 3.184290544054926e-05, 'epoch': 7.02}
{'loss': 0.288, 'learning_rate': 3.1799604701966084e-05, 'epoch': 7.02}
{'loss': 0.3451, 'learning_rate': 3.1756303963382925e-05, 'epoch': 7.02}
{'loss': 0.3355, 'learning_rate': 3.171300322479976e-05, 'epoch': 7.03}
{'loss': 0.3652, 'learning_rate': 3.166970248621658e-05, 'epoch': 7.03}
{'loss': 0.345, 'learning_rate': 3.1626401747633416e-05, 'epoch': 7.04}
{'loss': 0.3483, 'learning_rate': 3.158310100905025e-05, 'epoch': 7.04}
{'loss': 0.3201, 'learning_rate': 3.153980027046708e-05, 'epoch': 7.04}
{'loss': 0.3601, 'learning_rate': 3.1496499531883914e-05, 'epoch': 7.05}
{'loss': 0.3601, 'learning_rate': 3.1453198793300735e-05, 'epoch': 7.05}
{'loss': 0.3672, 'learning_rate': 3.140989805471757e-05, 'epoch': 7.06}
{'loss': 0.3327, 'learning_rate': 3.1366597316134404e-05, 'epoch': 7.06}
{'loss': 0.3523, 'learning_rate': 3.132329657755123e-05, 'epoch': 7.06}
{'loss': 0.3722, 'learning_rate': 3.127999583896807e-05, 'epoch': 7.07}
{'loss': 0.3807, 'learning_rate': 3.12366951003849e-05, 'epoch': 7.07}
{'loss': 0.3476, 'learning_rate': 3.119339436180173e-05, 'epoch': 7.08}
{'loss': 0.3477, 'learning_rate': 3.1150093623218565e-05, 'epoch': 7.08}
{'loss': 0.3481, 'learning_rate': 3.11067928846354e-05, 'epoch': 7.09}
{'loss': 0.3425, 'learning_rate': 3.106349214605222e-05, 'epoch': 7.09}
{'loss': 0.3415, 'learning_rate': 3.1020191407469055e-05, 'epoch': 7.09}
{'loss': 0.3329, 'learning_rate': 3.097689066888589e-05, 'epoch': 7.1}
{'loss': 0.3372, 'learning_rate': 3.093358993030272e-05, 'epoch': 7.1}
{'loss': 0.3203, 'learning_rate': 3.089028919171955e-05, 'epoch': 7.11}
{'loss': 0.3439, 'learning_rate': 3.0846988453136374e-05, 'epoch': 7.11}
{'loss': 0.3422, 'learning_rate': 3.080368771455321e-05, 'epoch': 7.11}
{'loss': 0.33, 'learning_rate': 3.076038697597005e-05, 'epoch': 7.12}
{'loss': 0.3152, 'learning_rate': 3.071708623738687e-05, 'epoch': 7.12}
{'loss': 0.3639, 'learning_rate': 3.0673785498803706e-05, 'epoch': 7.13}
{'loss': 0.347, 'learning_rate': 3.063048476022054e-05, 'epoch': 7.13}
{'loss': 0.31, 'learning_rate': 3.058718402163736e-05, 'epoch': 7.13}
{'loss': 0.347, 'learning_rate': 3.05438832830542e-05, 'epoch': 7.14}
{'loss': 0.3432, 'learning_rate': 3.0501448559242696e-05, 'epoch': 7.14}
{'loss': 0.3591, 'learning_rate': 3.045814782065952e-05, 'epoch': 7.15}
{'loss': 0.3433, 'learning_rate': 3.041484708207635e-05, 'epoch': 7.15}
{'loss': 0.3296, 'learning_rate': 3.037154634349318e-05, 'epoch': 7.15}
{'loss': 0.3682, 'learning_rate': 3.0328245604910018e-05, 'epoch': 7.16}
{'loss': 0.346, 'learning_rate': 3.0284944866326852e-05, 'epoch': 7.16}
{'loss': 0.3493, 'learning_rate': 3.024164412774368e-05, 'epoch': 7.17}
{'loss': 0.3322, 'learning_rate': 3.0198343389160512e-05, 'epoch': 7.17}
{'loss': 0.3671, 'learning_rate': 3.0155042650577347e-05, 'epoch': 7.17}
{'loss': 0.3351, 'learning_rate': 3.0111741911994175e-05, 'epoch': 7.18}
{'loss': 0.3433, 'learning_rate': 3.0068441173411006e-05, 'epoch': 7.18}
{'loss': 0.3434, 'learning_rate': 3.002514043482784e-05, 'epoch': 7.19}
{'loss': 0.3473, 'learning_rate': 2.998183969624467e-05, 'epoch': 7.19}
{'loss': 0.3512, 'learning_rate': 2.99385389576615e-05, 'epoch': 7.2}
{'loss': 0.3684, 'learning_rate': 2.9895238219078335e-05, 'epoch': 7.2}
{'loss': 0.3241, 'learning_rate': 2.9851937480495156e-05, 'epoch': 7.2}
{'loss': 0.3614, 'learning_rate': 2.9808636741912e-05, 'epoch': 7.21}
{'loss': 0.3305, 'learning_rate': 2.976533600332882e-05, 'epoch': 7.21}
{'loss': 0.3732, 'learning_rate': 2.9722035264745657e-05, 'epoch': 7.22}
{'loss': 0.2971, 'learning_rate': 2.9678734526162495e-05, 'epoch': 7.22}
{'loss': 0.3038, 'learning_rate': 2.9635433787579313e-05, 'epoch': 7.22}
{'loss': 0.3654, 'learning_rate': 2.959213304899615e-05, 'epoch': 7.23}
{'loss': 0.3586, 'learning_rate': 2.954883231041299e-05, 'epoch': 7.23}
{'loss': 0.3632, 'learning_rate': 2.950553157182981e-05, 'epoch': 7.24}
{'loss': 0.3466, 'learning_rate': 2.9462230833246645e-05, 'epoch': 7.24}
{'loss': 0.3584, 'learning_rate': 2.9418930094663476e-05, 'epoch': 7.24}
{'loss': 0.3489, 'learning_rate': 2.9375629356080304e-05, 'epoch': 7.25}
{'loss': 0.3395, 'learning_rate': 2.933232861749714e-05, 'epoch': 7.25}
{'loss': 0.3724, 'learning_rate': 2.9289027878913967e-05, 'epoch': 7.26}
{'loss': 0.34, 'learning_rate': 2.9245727140330802e-05, 'epoch': 7.26}
{'loss': 0.3814, 'learning_rate': 2.9202426401747633e-05, 'epoch': 7.26}
{'loss': 0.3522, 'learning_rate': 2.915912566316446e-05, 'epoch': 7.27}
{'loss': 0.3331, 'learning_rate': 2.9115824924581296e-05, 'epoch': 7.27}
{'loss': 0.3513, 'learning_rate': 2.9072524185998127e-05, 'epoch': 7.28}
{'loss': 0.3687, 'learning_rate': 2.9029223447414955e-05, 'epoch': 7.28}
{'loss': 0.3568, 'learning_rate': 2.8985922708831794e-05, 'epoch': 7.28}
{'loss': 0.3317, 'learning_rate': 2.8942621970248625e-05, 'epoch': 7.29}
{'loss': 0.3453, 'learning_rate': 2.889932123166545e-05, 'epoch': 7.29}
{'loss': 0.342, 'learning_rate': 2.8856020493082288e-05, 'epoch': 7.3}
{'loss': 0.3401, 'learning_rate': 2.8812719754499105e-05, 'epoch': 7.3}
{'loss': 0.3525, 'learning_rate': 2.876941901591595e-05, 'epoch': 7.31}
{'loss': 0.3834, 'learning_rate': 2.8726984292104442e-05, 'epoch': 7.31}
{'loss': 0.3309, 'learning_rate': 2.8683683553521267e-05, 'epoch': 7.31}
{'loss': 0.3326, 'learning_rate': 2.8640382814938105e-05, 'epoch': 7.32}
{'loss': 0.3466, 'learning_rate': 2.8597082076354943e-05, 'epoch': 7.32}
{'loss': 0.3492, 'learning_rate': 2.855378133777176e-05, 'epoch': 7.33}
{'loss': 0.3384, 'learning_rate': 2.85104805991886e-05, 'epoch': 7.33}
{'loss': 0.3416, 'learning_rate': 2.8467179860605437e-05, 'epoch': 7.33}
{'loss': 0.3469, 'learning_rate': 2.8423879122022255e-05, 'epoch': 7.34}
{'loss': 0.3635, 'learning_rate': 2.8380578383439093e-05, 'epoch': 7.34}
{'loss': 0.359, 'learning_rate': 2.833727764485593e-05, 'epoch': 7.35}
{'loss': 0.3683, 'learning_rate': 2.8293976906272753e-05, 'epoch': 7.35}
{'loss': 0.3366, 'learning_rate': 2.8250676167689587e-05, 'epoch': 7.35}
{'loss': 0.3369, 'learning_rate': 2.8207375429106415e-05, 'epoch': 7.36}
{'loss': 0.3512, 'learning_rate': 2.816407469052325e-05, 'epoch': 7.36}
{'loss': 0.3304, 'learning_rate': 2.812077395194008e-05, 'epoch': 7.37}
{'loss': 0.3145, 'learning_rate': 2.807747321335691e-05, 'epoch': 7.37}
{'loss': 0.2995, 'learning_rate': 2.8034172474773744e-05, 'epoch': 7.37}
{'loss': 0.3891, 'learning_rate': 2.7990871736190576e-05, 'epoch': 7.38}
{'loss': 0.3388, 'learning_rate': 2.7947570997607404e-05, 'epoch': 7.38}
{'loss': 0.3432, 'learning_rate': 2.7904270259024238e-05, 'epoch': 7.39}
{'loss': 0.3392, 'learning_rate': 2.7860969520441073e-05, 'epoch': 7.39}
{'loss': 0.3365, 'learning_rate': 2.7817668781857898e-05, 'epoch': 7.39}
{'loss': 0.3645, 'learning_rate': 2.7774368043274736e-05, 'epoch': 7.4}
{'loss': 0.3376, 'learning_rate': 2.7731067304691554e-05, 'epoch': 7.4}
{'loss': 0.3383, 'learning_rate': 2.7687766566108392e-05, 'epoch': 7.41}
{'loss': 0.3274, 'learning_rate': 2.764446582752523e-05, 'epoch': 7.41}
{'loss': 0.3277, 'learning_rate': 2.7601165088942054e-05, 'epoch': 7.42}
{'loss': 0.3689, 'learning_rate': 2.7557864350358893e-05, 'epoch': 7.42}
{'loss': 0.3273, 'learning_rate': 2.7514563611775724e-05, 'epoch': 7.42}
{'loss': 0.3369, 'learning_rate': 2.747126287319255e-05, 'epoch': 7.43}
{'loss': 0.3444, 'learning_rate': 2.742796213460938e-05, 'epoch': 7.43}
{'loss': 0.3692, 'learning_rate': 2.7384661396026218e-05, 'epoch': 7.44}
{'loss': 0.3466, 'learning_rate': 2.7341360657443043e-05, 'epoch': 7.44}
{'loss': 0.323, 'learning_rate': 2.7298059918859874e-05, 'epoch': 7.44}
{'loss': 0.3639, 'learning_rate': 2.7254759180276712e-05, 'epoch': 7.45}
{'loss': 0.3269, 'learning_rate': 2.7211458441693537e-05, 'epoch': 7.45}
{'loss': 0.3617, 'learning_rate': 2.7168157703110375e-05, 'epoch': 7.46}
{'loss': 0.3373, 'learning_rate': 2.7124856964527196e-05, 'epoch': 7.46}
{'loss': 0.3485, 'learning_rate': 2.708155622594403e-05, 'epoch': 7.46}
{'loss': 0.3423, 'learning_rate': 2.703825548736087e-05, 'epoch': 7.47}
{'loss': 0.3625, 'learning_rate': 2.6994954748777697e-05, 'epoch': 7.47}
{'loss': 0.3362, 'learning_rate': 2.695165401019453e-05, 'epoch': 7.48}
{'loss': 0.2926, 'learning_rate': 2.6908353271611363e-05, 'epoch': 7.48}
{'loss': 0.3275, 'learning_rate': 2.686505253302819e-05, 'epoch': 7.48}
{'loss': 0.372, 'learning_rate': 2.6821751794445022e-05, 'epoch': 7.49}
{'loss': 0.3499, 'learning_rate': 2.6778451055861857e-05, 'epoch': 7.49}
{'loss': 0.3466, 'learning_rate': 2.6735150317278685e-05, 'epoch': 7.5}
{'loss': 0.3676, 'learning_rate': 2.6691849578695517e-05, 'epoch': 7.5}
{'loss': 0.3335, 'learning_rate': 2.664854884011234e-05, 'epoch': 7.5}
{'loss': 0.3586, 'learning_rate': 2.660524810152918e-05, 'epoch': 7.51}
{'loss': 0.3706, 'learning_rate': 2.6561947362946017e-05, 'epoch': 7.51}
{'loss': 0.3297, 'learning_rate': 2.6518646624362835e-05, 'epoch': 7.52}
{'loss': 0.3126, 'learning_rate': 2.6475345885779673e-05, 'epoch': 7.52}
{'loss': 0.3625, 'learning_rate': 2.643204514719651e-05, 'epoch': 7.53}
{'loss': 0.3695, 'learning_rate': 2.638874440861333e-05, 'epoch': 7.53}
{'loss': 0.361, 'learning_rate': 2.6345443670030168e-05, 'epoch': 7.53}
{'loss': 0.3601, 'learning_rate': 2.6302142931447006e-05, 'epoch': 7.54}
{'loss': 0.357, 'learning_rate': 2.6258842192863823e-05, 'epoch': 7.54}
{'loss': 0.3356, 'learning_rate': 2.621554145428066e-05, 'epoch': 7.55}
{'loss': 0.3409, 'learning_rate': 2.617224071569749e-05, 'epoch': 7.55}
{'loss': 0.3188, 'learning_rate': 2.612893997711432e-05, 'epoch': 7.55}
{'loss': 0.3415, 'learning_rate': 2.6085639238531156e-05, 'epoch': 7.56}
{'loss': 0.3275, 'learning_rate': 2.6042338499947984e-05, 'epoch': 7.56}
{'loss': 0.3622, 'learning_rate': 2.599903776136482e-05, 'epoch': 7.57}
{'loss': 0.3711, 'learning_rate': 2.595573702278165e-05, 'epoch': 7.57}
{'loss': 0.3362, 'learning_rate': 2.5912436284198478e-05, 'epoch': 7.57}
{'loss': 0.3852, 'learning_rate': 2.5869135545615313e-05, 'epoch': 7.58}
{'loss': 0.3448, 'learning_rate': 2.5825834807032144e-05, 'epoch': 7.58}
{'loss': 0.3329, 'learning_rate': 2.5782534068448972e-05, 'epoch': 7.59}
{'loss': 0.3187, 'learning_rate': 2.573923332986581e-05, 'epoch': 7.59}
{'loss': 0.3684, 'learning_rate': 2.569593259128264e-05, 'epoch': 7.59}
{'loss': 0.3798, 'learning_rate': 2.5652631852699466e-05, 'epoch': 7.6}
{'loss': 0.3281, 'learning_rate': 2.5609331114116304e-05, 'epoch': 7.6}
{'loss': 0.3547, 'learning_rate': 2.556603037553313e-05, 'epoch': 7.61}
{'loss': 0.352, 'learning_rate': 2.5522729636949967e-05, 'epoch': 7.61}
{'loss': 0.3373, 'learning_rate': 2.5479428898366798e-05, 'epoch': 7.61}
{'loss': 0.3545, 'learning_rate': 2.5436128159783623e-05, 'epoch': 7.62}
{'loss': 0.3548, 'learning_rate': 2.539282742120046e-05, 'epoch': 7.62}
{'loss': 0.3535, 'learning_rate': 2.5349526682617292e-05, 'epoch': 7.63}
{'loss': 0.3085, 'learning_rate': 2.5306225944034117e-05, 'epoch': 7.63}
{'loss': 0.3351, 'learning_rate': 2.526292520545095e-05, 'epoch': 7.64}
{'loss': 0.3446, 'learning_rate': 2.5219624466867786e-05, 'epoch': 7.64}
{'loss': 0.3343, 'learning_rate': 2.517632372828461e-05, 'epoch': 7.64}
{'loss': 0.3787, 'learning_rate': 2.513302298970145e-05, 'epoch': 7.65}
{'loss': 0.3716, 'learning_rate': 2.508972225111827e-05, 'epoch': 7.65}
{'loss': 0.3681, 'learning_rate': 2.5046421512535105e-05, 'epoch': 7.66}
{'loss': 0.3543, 'learning_rate': 2.5003120773951943e-05, 'epoch': 7.66}
{'loss': 0.3439, 'learning_rate': 2.4959820035368768e-05, 'epoch': 7.66}
{'loss': 0.3241, 'learning_rate': 2.4916519296785603e-05, 'epoch': 7.67}
{'loss': 0.3523, 'learning_rate': 2.4873218558202437e-05, 'epoch': 7.67}
{'loss': 0.3554, 'learning_rate': 2.4829917819619262e-05, 'epoch': 7.68}
{'loss': 0.3583, 'learning_rate': 2.4786617081036097e-05, 'epoch': 7.68}
{'loss': 0.3515, 'learning_rate': 2.474331634245293e-05, 'epoch': 7.68}
{'loss': 0.36, 'learning_rate': 2.4700015603869756e-05, 'epoch': 7.69}
{'loss': 0.3198, 'learning_rate': 2.465671486528659e-05, 'epoch': 7.69}
{'loss': 0.3667, 'learning_rate': 2.461428014147509e-05, 'epoch': 7.7}
{'loss': 0.3411, 'learning_rate': 2.4570979402891914e-05, 'epoch': 7.7}
{'loss': 0.3346, 'learning_rate': 2.452767866430875e-05, 'epoch': 7.7}
{'loss': 0.372, 'learning_rate': 2.4484377925725574e-05, 'epoch': 7.71}
{'loss': 0.3291, 'learning_rate': 2.444107718714241e-05, 'epoch': 7.71}
{'loss': 0.3646, 'learning_rate': 2.4397776448559246e-05, 'epoch': 7.72}
{'loss': 0.3413, 'learning_rate': 2.435447570997607e-05, 'epoch': 7.72}
{'loss': 0.344, 'learning_rate': 2.431204098616457e-05, 'epoch': 7.72}
{'loss': 0.3479, 'learning_rate': 2.4268740247581405e-05, 'epoch': 7.73}
{'loss': 0.3637, 'learning_rate': 2.422543950899823e-05, 'epoch': 7.73}
{'loss': 0.3221, 'learning_rate': 2.4182138770415064e-05, 'epoch': 7.74}
{'loss': 0.3381, 'learning_rate': 2.41388380318319e-05, 'epoch': 7.74}
{'loss': 0.3391, 'learning_rate': 2.4095537293248723e-05, 'epoch': 7.75}
{'loss': 0.3177, 'learning_rate': 2.4052236554665558e-05, 'epoch': 7.75}
{'loss': 0.3599, 'learning_rate': 2.4008935816082383e-05, 'epoch': 7.75}
{'loss': 0.3472, 'learning_rate': 2.3965635077499217e-05, 'epoch': 7.76}
{'loss': 0.3385, 'learning_rate': 2.3922334338916052e-05, 'epoch': 7.76}
{'loss': 0.3148, 'learning_rate': 2.3879033600332877e-05, 'epoch': 7.77}
{'loss': 0.3269, 'learning_rate': 2.383573286174971e-05, 'epoch': 7.77}
{'loss': 0.3648, 'learning_rate': 2.379243212316655e-05, 'epoch': 7.77}
{'loss': 0.3298, 'learning_rate': 2.3749131384583374e-05, 'epoch': 7.78}
{'loss': 0.3603, 'learning_rate': 2.370583064600021e-05, 'epoch': 7.78}
{'loss': 0.3578, 'learning_rate': 2.3662529907417044e-05, 'epoch': 7.79}
{'loss': 0.3164, 'learning_rate': 2.3619229168833868e-05, 'epoch': 7.79}
{'loss': 0.3436, 'learning_rate': 2.3575928430250703e-05, 'epoch': 7.79}
{'loss': 0.3381, 'learning_rate': 2.3532627691667538e-05, 'epoch': 7.8}
{'loss': 0.3576, 'learning_rate': 2.3489326953084362e-05, 'epoch': 7.8}
{'loss': 0.3553, 'learning_rate': 2.3446026214501197e-05, 'epoch': 7.81}
{'loss': 0.3427, 'learning_rate': 2.340272547591802e-05, 'epoch': 7.81}
{'loss': 0.3489, 'learning_rate': 2.3359424737334856e-05, 'epoch': 7.81}
{'loss': 0.3747, 'learning_rate': 2.3316123998751695e-05, 'epoch': 7.82}
{'loss': 0.3566, 'learning_rate': 2.3272823260168516e-05, 'epoch': 7.82}
{'loss': 0.3563, 'learning_rate': 2.3229522521585354e-05, 'epoch': 7.83}
{'loss': 0.3396, 'learning_rate': 2.318622178300219e-05, 'epoch': 7.83}
{'loss': 0.3493, 'learning_rate': 2.3142921044419013e-05, 'epoch': 7.83}
{'loss': 0.3348, 'learning_rate': 2.3099620305835848e-05, 'epoch': 7.84}
{'loss': 0.3415, 'learning_rate': 2.3056319567252683e-05, 'epoch': 7.84}
{'loss': 0.3556, 'learning_rate': 2.3013018828669507e-05, 'epoch': 7.85}
{'loss': 0.3555, 'learning_rate': 2.2969718090086342e-05, 'epoch': 7.85}
{'loss': 0.3644, 'learning_rate': 2.2926417351503167e-05, 'epoch': 7.86}
{'loss': 0.3718, 'learning_rate': 2.288311661292e-05, 'epoch': 7.86}
{'loss': 0.3395, 'learning_rate': 2.283981587433684e-05, 'epoch': 7.86}
{'loss': 0.3438, 'learning_rate': 2.279651513575366e-05, 'epoch': 7.87}
{'loss': 0.3574, 'learning_rate': 2.27532143971705e-05, 'epoch': 7.87}
{'loss': 0.3352, 'learning_rate': 2.2709913658587334e-05, 'epoch': 7.88}
{'loss': 0.3738, 'learning_rate': 2.266661292000416e-05, 'epoch': 7.88}
{'loss': 0.3493, 'learning_rate': 2.2623312181420993e-05, 'epoch': 7.88}
{'loss': 0.3156, 'learning_rate': 2.2580011442837828e-05, 'epoch': 7.89}
{'loss': 0.3408, 'learning_rate': 2.2536710704254652e-05, 'epoch': 7.89}
{'loss': 0.3421, 'learning_rate': 2.2493409965671487e-05, 'epoch': 7.9}
{'loss': 0.3297, 'learning_rate': 2.2450109227088312e-05, 'epoch': 7.9}
{'loss': 0.3574, 'learning_rate': 2.2406808488505147e-05, 'epoch': 7.9}
{'loss': 0.3307, 'learning_rate': 2.236350774992198e-05, 'epoch': 7.91}
{'loss': 0.3332, 'learning_rate': 2.2320207011338806e-05, 'epoch': 7.91}
{'loss': 0.3429, 'learning_rate': 2.2276906272755644e-05, 'epoch': 7.92}
{'loss': 0.3557, 'learning_rate': 2.223360553417248e-05, 'epoch': 7.92}
{'loss': 0.3475, 'learning_rate': 2.2190304795589303e-05, 'epoch': 7.92}
{'loss': 0.3305, 'learning_rate': 2.2147004057006138e-05, 'epoch': 7.93}
{'loss': 0.3949, 'learning_rate': 2.2103703318422973e-05, 'epoch': 7.93}
{'loss': 0.3204, 'learning_rate': 2.2060402579839797e-05, 'epoch': 7.94}
{'loss': 0.3801, 'learning_rate': 2.2017101841256632e-05, 'epoch': 7.94}
{'loss': 0.3343, 'learning_rate': 2.1973801102673467e-05, 'epoch': 7.94}
{'loss': 0.339, 'learning_rate': 2.193050036409029e-05, 'epoch': 7.95}
{'loss': 0.3549, 'learning_rate': 2.1887199625507126e-05, 'epoch': 7.95}
{'loss': 0.3509, 'learning_rate': 2.184389888692395e-05, 'epoch': 7.96}
{'loss': 0.3566, 'learning_rate': 2.1800598148340786e-05, 'epoch': 7.96}
{'loss': 0.3481, 'learning_rate': 2.1757297409757624e-05, 'epoch': 7.97}
{'loss': 0.3736, 'learning_rate': 2.171399667117445e-05, 'epoch': 7.97}
{'loss': 0.3615, 'learning_rate': 2.1670695932591283e-05, 'epoch': 7.97}
{'loss': 0.3661, 'learning_rate': 2.1628261208779782e-05, 'epoch': 7.98}
{'loss': 0.3726, 'learning_rate': 2.1584960470196606e-05, 'epoch': 7.98}
{'loss': 0.3368, 'learning_rate': 2.154165973161344e-05, 'epoch': 7.99}
{'loss': 0.3769, 'learning_rate': 2.1498358993030276e-05, 'epoch': 7.99}
{'loss': 0.3405, 'learning_rate': 2.14550582544471e-05, 'epoch': 7.99}
{'loss': 0.3505, 'learning_rate': 2.1411757515863935e-05, 'epoch': 8.0}
[INFO|trainer.py:520] 2026-10-04 16:50:52,641 >> The following columns in the evaluation set  don't have a corresponding argument in `PETLEncModel.forward` and have been ignored: premise, hypothesis, idx.
[INFO|trainer.py:2179] 2026-10-04 16:50:52,643 >> ***** Running Evaluation *****
[INFO|trainer.py:2181] 2026-10-04 16:50:52,643 >>   Num examples = 9815
[INFO|trainer.py:2184] 2026-10-04 16:50:52,643 >>   Batch size = 32
{'eval_loss': 0.3493359684944153, 'eval_accuracy': 0.8703005603667855, 'eval_runtime': 8.7946, 'eval_samples_per_second': 1116.032, 'eval_steps_per_second': 34.908, 'epoch': 8.0}
[INFO|trainer.py:1933] 2026-10-04 16:51:01,438 >> Saving model checkpoint to checkpoints/glue/mnli/20261004/glue.mnli.adapter.am_adapter.ao_sequential.fm_adapter.fo_sequential.abn.fbn.ac_add.fl_none.finit_bert.fs_1.unfrz_ef_.ne10.warm0.06.wd0.1.seed8./checkpoint-98176
[INFO|configuration_utils.py:364] 2026-10-04 16:51:01,440 >> Configuration saved in checkpoints/glue/mnli/20261004/glue.mnli.adapter.am_adapter.ao_sequential.fm_adapter.fo_sequential.abn.fbn.ac_add.fl_none.finit_bert.fs_1.unfrz_ef_.ne10.warm0.06.wd0.1.seed8./checkpoint-98176/config.json
[INFO|modeling_utils.py:898] 2026-10-04 16:51:01,704 >> Model weights saved in checkpoints/glue/mnli/20261004/glue.mnli.adapter.am_adapter.ao_sequential.fm_adapter.fo_sequential.abn.fbn.ac_add.fl_none.finit_bert.fs_1.unfrz_ef_.ne10.warm0.06.wd0.1.seed8./checkpoint-98176/pytorch_model.bin
[INFO|tokenization_utils_base.py:1948] 2026-10-04 16:51:01,705 >> tokenizer config file saved in checkpoints/glue/mnli/20261004/glue.mnli.adapter.am_adapter.ao_sequential.fm_adapter.fo_sequential.abn.fbn.ac_add.fl_none.finit_bert.fs_1.unfrz_ef_.ne10.warm0.06.wd0.1.seed8./checkpoint-98176/tokenizer_config.json
[INFO|tokenization_utils_base.py:1954] 2026-10-04 16:51:01,706 >> Special tokens file saved in checkpoints/glue/mnli/20261004/glue.mnli.adapter.am_adapter.ao_sequential.fm_adapter.fo_sequential.abn.fbn.ac_add.fl_none.finit_bert.fs_1.unfrz_ef_.ne10.warm0.06.wd0.1.seed8./checkpoint-98176/special_tokens_map.json
[INFO|trainer.py:2009] 2026-10-04 16:51:01,795 >> Deleting older checkpoint [checkpoints/glue/mnli/20261004/glue.mnli.adapter.am_adapter.ao_sequential.fm_adapter.fo_sequential.abn.fbn.ac_add.fl_none.finit_bert.fs_1.unfrz_ef_.ne10.warm0.06.wd0.1.seed8./checkpoint-61360] due to args.save_total_limit
/work/unify-parameter-efficient-tuning/src/transformers/trainer.py:1784: FutureWarning: `torch.cuda.amp.autocast(args...)` is deprecated. Please use `torch.amp.autocast('cuda', args...)` instead.
  with autocast():
{'loss': 0.3283, 'learning_rate': 2.136845677728076e-05, 'epoch': 8.0}
{'loss': 0.3325, 'learning_rate': 2.1325156038697595e-05, 'epoch': 8.01}
{'loss': 0.3441, 'learning_rate': 2.128185530011443e-05, 'epoch': 8.01}
{'loss': 0.3389, 'learning_rate': 2.1238554561531254e-05, 'epoch': 8.01}
{'loss': 0.3428, 'learning_rate': 2.119525382294809e-05, 'epoch': 8.02}
{'loss': 0.3379, 'learning_rate': 2.1151953084364927e-05, 'epoch': 8.02}
{'loss': 0.337, 'learning_rate': 2.1108652345781748e-05, 'epoch': 8.03}
{'loss': 0.3144, 'learning_rate': 2.1065351607198586e-05, 'epoch': 8.03}
{'loss': 0.3209, 'learning_rate': 2.102205086861542e-05, 'epoch': 8.03}
{'loss': 0.3533, 'learning_rate': 2.0978750130032246e-05, 'epoch': 8.04}
{'loss': 0.3367, 'learning_rate': 2.093544939144908e-05, 'epoch': 8.04}
{'loss': 0.3267, 'learning_rate': 2.0892148652865915e-05, 'epoch': 8.05}
{'loss': 0.3153, 'learning_rate': 2.084884791428274e-05, 'epoch': 8.05}
{'loss': 0.36, 'learning_rate': 2.0805547175699574e-05, 'epoch': 8.05}
{'loss': 0.3725, 'learning_rate': 2.07622464371164e-05, 'epoch': 8.06}
{'loss': 0.3229, 'learning_rate': 2.0718945698533234e-05, 'epoch': 8.06}
{'loss': 0.3251, 'learning_rate': 2.067564495995007e-05, 'epoch': 8.07}
{'loss': 0.3558, 'learning_rate': 2.0632344221366893e-05, 'epoch': 8.07}
{'loss': 0.3321, 'learning_rate': 2.058904348278373e-05, 'epoch': 8.08}
{'loss': 0.3045, 'learning_rate': 2.0545742744200566e-05, 'epoch': 8.08}
{'loss': 0.3328, 'learning_rate': 2.050244200561739e-05, 'epoch': 8.08}
{'loss': 0.3606, 'learning_rate': 2.0459141267034225e-05, 'epoch': 8.09}
{'loss': 0.3409, 'learning_rate': 2.041584052845106e-05, 'epoch': 8.09}
{'loss': 0.3262, 'learning_rate': 2.0372539789867885e-05, 'epoch': 8.1}
{'loss': 0.3332, 'learning_rate': 2.032923905128472e-05, 'epoch': 8.1}
{'loss': 0.3301, 'learning_rate': 2.0285938312701544e-05, 'epoch': 8.1}
{'loss': 0.3474, 'learning_rate': 2.024263757411838e-05, 'epoch': 8.11}
{'loss': 0.3507, 'learning_rate': 2.0199336835535214e-05, 'epoch': 8.11}
{'loss': 0.3492, 'learning_rate': 2.0156036096952038e-05, 'epoch': 8.12}
{'loss': 0.3232, 'learning_rate': 2.0112735358368876e-05, 'epoch': 8.12}
{'loss': 0.3552, 'learning_rate': 2.006943461978571e-05, 'epoch': 8.12}
{'loss': 0.3576, 'learning_rate': 2.0026133881202536e-05, 'epoch': 8.13}
{'loss': 0.3119, 'learning_rate': 1.998283314261937e-05, 'epoch': 8.13}
{'loss': 0.3246, 'learning_rate': 1.9939532404036205e-05, 'epoch': 8.14}
{'loss': 0.3385, 'learning_rate': 1.989623166545303e-05, 'epoch': 8.14}
{'loss': 0.3217, 'learning_rate': 1.9852930926869865e-05, 'epoch': 8.14}
{'loss': 0.3427, 'learning_rate': 1.98096301882867e-05, 'epoch': 8.15}
{'loss': 0.3318, 'learning_rate': 1.9766329449703524e-05, 'epoch': 8.15}
{'loss': 0.3448, 'learning_rate': 1.972302871112036e-05, 'epoch': 8.16}
{'loss': 0.3465, 'learning_rate': 1.9679727972537183e-05, 'epoch': 8.16}
{'loss': 0.3565, 'learning_rate': 1.9636427233954018e-05, 'epoch': 8.16}
{'loss': 0.3661, 'learning_rate': 1.9593126495370856e-05, 'epoch': 8.17}
{'loss': 0.3412, 'learning_rate': 1.954982575678768e-05, 'epoch': 8.17}
{'loss': 0.3412, 'learning_rate': 1.9506525018204516e-05, 'epoch': 8.18}
{'loss': 0.3267, 'learning_rate': 1.946322427962135e-05, 'epoch': 8.18}
{'loss': 0.3397, 'learning_rate': 1.9419923541038175e-05, 'epoch': 8.19}
{'loss': 0.3364, 'learning_rate': 1.937662280245501e-05, 'epoch': 8.19}
{'loss': 0.3224, 'learning_rate': 1.9333322063871844e-05, 'epoch': 8.19}
{'loss': 0.3201, 'learning_rate': 1.929002132528867e-05, 'epoch': 8.2}
{'loss': 0.3595, 'learning_rate': 1.9246720586705504e-05, 'epoch': 8.2}
{'loss': 0.3334, 'learning_rate': 1.920341984812233e-05, 'epoch': 8.21}
{'loss': 0.3425, 'learning_rate': 1.9160119109539163e-05, 'epoch': 8.21}
{'loss': 0.3523, 'learning_rate': 1.9116818370956e-05, 'epoch': 8.21}
{'loss': 0.3679, 'learning_rate': 1.9073517632372822e-05, 'epoch': 8.22}
{'loss': 0.3215, 'learning_rate': 1.903021689378966e-05, 'epoch': 8.22}
{'loss': 0.3209, 'learning_rate': 1.8986916155206495e-05, 'epoch': 8.23}
{'loss': 0.356, 'learning_rate': 1.894361541662332e-05, 'epoch': 8.23}
{'loss': 0.3498, 'learning_rate': 1.8900314678040155e-05, 'epoch': 8.23}
{'loss': 0.3201, 'learning_rate': 1.885701393945699e-05, 'epoch': 8.24}
{'loss': 0.3518, 'learning_rate': 1.8813713200873814e-05, 'epoch': 8.24}
{'loss': 0.3222, 'learning_rate': 1.877041246229065e-05, 'epoch': 8.25}
{'loss': 0.3563, 'learning_rate': 1.8727111723707473e-05, 'epoch': 8.25}
{'loss': 0.3676, 'learning_rate': 1.8683810985124308e-05, 'epoch': 8.25}
{'loss': 0.3342, 'learning_rate': 1.8640510246541143e-05, 'epoch': 8.26}
{'loss': 0.3607, 'learning_rate': 1.8597209507957967e-05, 'epoch': 8.26}
{'loss': 0.3478, 'learning_rate': 1.8553908769374806e-05, 'epoch': 8.27}
{'loss': 0.3395, 'learning_rate': 1.851060803079164e-05, 'epoch': 8.27}
{'loss': 0.3047, 'learning_rate': 1.8467307292208465e-05, 'epoch': 8.27}
{'loss': 0.3372, 'learning_rate': 1.84240065536253e-05, 'epoch': 8.28}
{'loss': 0.3402, 'learning_rate': 1.8380705815042134e-05, 'epoch': 8.28}
{'loss': 0.3257, 'learning_rate': 1.833740507645896e-05, 'epoch': 8.29}
{'loss': 0.3166, 'learning_rate': 1.8294104337875794e-05, 'epoch': 8.29}
{'loss': 0.3343, 'learning_rate': 1.825080359929263e-05, 'epoch': 8.3}
{'loss': 0.3337, 'learning_rate': 1.8207502860709453e-05, 'epoch': 8.3}
{'loss': 0.3671, 'learning_rate': 1.8164202122126288e-05, 'epoch': 8.3}
{'loss': 0.3255, 'learning_rate': 1.8120901383543112e-05, 'epoch': 8.31}
{'loss': 0.3768, 'learning_rate': 1.8077600644959947e-05, 'epoch': 8.31}
{'loss': 0.3336, 'learning_rate': 1.8034299906376785e-05, 'epoch': 8.32}
{'loss': 0.3206, 'learning_rate': 1.799099916779361e-05, 'epoch': 8.32}
{'loss': 0.3398, 'learning_rate': 1.7947698429210445e-05, 'epoch': 8.32}
{'loss': 0.3444, 'learning_rate': 1.790439769062728e-05, 'epoch': 8.33}
{'loss': 0.3527, 'learning_rate': 1.7861096952044104e-05, 'epoch': 8.33}
{'loss': 0.3343, 'learning_rate': 1.781779621346094e-05, 'epoch': 8.34}
{'loss': 0.3386, 'learning_rate': 1.7774495474877774e-05, 'epoch': 8.34}
{'loss': 0.3257, 'learning_rate': 1.7731194736294598e-05, 'epoch': 8.34}
{'loss': 0.3406, 'learning_rate': 1.7687893997711433e-05, 'epoch': 8.35}
{'loss': 0.3426, 'learning_rate': 1.7644593259128258e-05, 'epoch': 8.35}
{'loss': 0.3725, 'learning_rate': 1.7601292520545092e-05, 'epoch': 8.36}
{'loss': 0.3696, 'learning_rate': 1.755799178196193e-05, 'epoch': 8.36}
{'loss': 0.3155, 'learning_rate': 1.751469104337875e-05, 'epoch': 8.36}
{'loss': 0.3237, 'learning_rate': 1.747225631956725e-05, 'epoch': 8.37}
{'loss': 0.3115, 'learning_rate': 1.742895558098409e-05, 'epoch': 8.37}
{'loss': 0.3269, 'learning_rate': 1.738565484240091e-05, 'epoch': 8.38}
{'loss': 0.3383, 'learning_rate': 1.7342354103817748e-05, 'epoch': 8.38}
{'loss': 0.3613, 'learning_rate': 1.7299053365234583e-05, 'epoch': 8.38}
{'loss': 0.3257, 'learning_rate': 1.7255752626651407e-05, 'epoch': 8.39}
{'loss': 0.3344, 'learning_rate': 1.7212451888068242e-05, 'epoch': 8.39}
{'loss': 0.3569, 'learning_rate': 1.7169151149485077e-05, 'epoch': 8.4}
{'loss': 0.3239, 'learning_rate': 1.71258504109019e-05, 'epoch': 8.4}
{'loss': 0.3359, 'learning_rate': 1.7082549672318736e-05, 'epoch': 8.41}
{'loss': 0.3343, 'learning_rate': 1.703924893373556e-05, 'epoch': 8.41}
{'loss': 0.3155, 'learning_rate': 1.6995948195152395e-05, 'epoch': 8.41}
{'loss': 0.34, 'learning_rate': 1.6952647456569234e-05, 'epoch': 8.42}
{'loss': 0.3322, 'learning_rate': 1.6909346717986055e-05, 'epoch': 8.42}
{'loss': 0.352, 'learning_rate': 1.6866911994174554e-05, 'epoch': 8.43}
{'loss': 0.3285, 'learning_rate': 1.682361125559139e-05, 'epoch': 8.43}
{'loss': 0.3545, 'learning_rate': 1.6780310517008213e-05, 'epoch': 8.43}
{'loss': 0.3401, 'learning_rate': 1.673787579319671e-05, 'epoch': 8.44}
{'loss': 0.337, 'learning_rate': 1.669457505461355e-05, 'epoch': 8.44}
{'loss': 0.3753, 'learning_rate': 1.665127431603037e-05, 'epoch': 8.45}
{'loss': 0.3606, 'learning_rate': 1.660797357744721e-05, 'epoch': 8.45}
{'loss': 0.3264, 'learning_rate': 1.6564672838864044e-05, 'epoch': 8.45}
{'loss': 0.3643, 'learning_rate': 1.652137210028087e-05, 'epoch': 8.46}
{'loss': 0.3529, 'learning_rate': 1.6478071361697703e-05, 'epoch': 8.46}
{'loss': 0.3508, 'learning_rate': 1.6434770623114528e-05, 'epoch': 8.47}
{'loss': 0.338, 'learning_rate': 1.6391469884531363e-05, 'epoch': 8.47}
{'loss': 0.3453, 'learning_rate': 1.6348169145948197e-05, 'epoch': 8.47}
{'loss': 0.3021, 'learning_rate': 1.6304868407365022e-05, 'epoch': 8.48}
{'loss': 0.3407, 'learning_rate': 1.6261567668781857e-05, 'epoch': 8.48}
{'loss': 0.3098, 'learning_rate': 1.621826693019869e-05, 'epoch': 8.49}
{'loss': 0.369, 'learning_rate': 1.6174966191615516e-05, 'epoch': 8.49}
{'loss': 0.3436, 'learning_rate': 1.6131665453032354e-05, 'epoch': 8.49}
{'loss': 0.3409, 'learning_rate': 1.608836471444919e-05, 'epoch': 8.5}
{'loss': 0.3261, 'learning_rate': 1.6045063975866013e-05, 'epoch': 8.5}
{'loss': 0.3369, 'learning_rate': 1.6001763237282848e-05, 'epoch': 8.51}
{'loss': 0.3406, 'learning_rate': 1.5958462498699673e-05, 'epoch': 8.51}
{'loss': 0.3546, 'learning_rate': 1.5915161760116508e-05, 'epoch': 8.52}
{'loss': 0.3231, 'learning_rate': 1.5871861021533342e-05, 'epoch': 8.52}
{'loss': 0.3181, 'learning_rate': 1.5828560282950167e-05, 'epoch': 8.52}
{'loss': 0.3424, 'learning_rate': 1.5785259544367e-05, 'epoch': 8.53}
{'loss': 0.344, 'learning_rate': 1.5741958805783836e-05, 'epoch': 8.53}
{'loss': 0.3295, 'learning_rate': 1.569865806720066e-05, 'epoch': 8.54}
{'loss': 0.3519, 'learning_rate': 1.5655357328617496e-05, 'epoch': 8.54}
{'loss': 0.3195, 'learning_rate': 1.5612056590034334e-05, 'epoch': 8.54}
{'loss': 0.3288, 'learning_rate': 1.556875585145116e-05, 'epoch': 8.55}
{'loss': 0.3429, 'learning_rate': 1.5525455112867993e-05, 'epoch': 8.55}
{'loss': 0.3594, 'learning_rate': 1.5482154374284818e-05, 'epoch': 8.56}
{'loss': 0.3662, 'learning_rate': 1.5438853635701653e-05, 'epoch': 8.56}
{'loss': 0.3528, 'learning_rate': 1.5395552897118487e-05, 'epoch': 8.56}
{'loss': 0.3373, 'learning_rate': 1.5352252158535312e-05, 'epoch': 8.57}
{'loss': 0.341, 'learning_rate': 1.5308951419952147e-05, 'epoch': 8.57}
{'loss': 0.3524, 'learning_rate': 1.5265650681368985e-05, 'epoch': 8.58}
{'loss': 0.3204, 'learning_rate': 1.5222349942785808e-05, 'epoch': 8.58}
{'loss': 0.3624, 'learning_rate': 1.5179049204202644e-05, 'epoch': 8.58}
{'loss': 0.3289, 'learning_rate': 1.5135748465619479e-05, 'epoch': 8.59}
{'loss': 0.3556, 'learning_rate': 1.5092447727036305e-05, 'epoch': 8.59}
{'loss': 0.3304, 'learning_rate': 1.5049146988453138e-05, 'epoch': 8.6}
{'loss': 0.3464, 'learning_rate': 1.5005846249869976e-05, 'epoch': 8.6}
{'loss': 0.3356, 'learning_rate': 1.49625455112868e-05, 'epoch': 8.6}
{'loss': 0.347, 'learning_rate': 1.4919244772703634e-05, 'epoch': 8.61}
{'loss': 0.3315, 'learning_rate': 1.4875944034120459e-05, 'epoch': 8.61}
{'loss': 0.3713, 'learning_rate': 1.4832643295537293e-05, 'epoch': 8.62}
{'loss': 0.3202, 'learning_rate': 1.4789342556954128e-05, 'epoch': 8.62}
{'loss': 0.3404, 'learning_rate': 1.4746041818370954e-05, 'epoch': 8.63}
{'loss': 0.318, 'learning_rate': 1.4702741079787788e-05, 'epoch': 8.63}
{'loss': 0.3516, 'learning_rate': 1.4659440341204626e-05, 'epoch': 8.63}
{'loss': 0.3343, 'learning_rate': 1.4616139602621449e-05, 'epoch': 8.64}
{'loss': 0.3272, 'learning_rate': 1.4572838864038282e-05, 'epoch': 8.64}
{'loss': 0.3404, 'learning_rate': 1.452953812545512e-05, 'epoch': 8.65}
{'loss': 0.3438, 'learning_rate': 1.4486237386871943e-05, 'epoch': 8.65}
{'loss': 0.3269, 'learning_rate': 1.4442936648288779e-05, 'epoch': 8.65}
{'loss': 0.3581, 'learning_rate': 1.4399635909705602e-05, 'epoch': 8.66}
{'loss': 0.3128, 'learning_rate': 1.435633517112244e-05, 'epoch': 8.66}
{'loss': 0.3138, 'learning_rate': 1.4313034432539273e-05, 'epoch': 8.67}
{'loss': 0.3372, 'learning_rate': 1.4269733693956098e-05, 'epoch': 8.67}
{'loss': 0.3685, 'learning_rate': 1.4226432955372931e-05, 'epoch': 8.67}
{'loss': 0.3561, 'learning_rate': 1.4183132216789769e-05, 'epoch': 8.68}
{'loss': 0.3128, 'learning_rate': 1.4139831478206594e-05, 'epoch': 8.68}
{'loss': 0.3315, 'learning_rate': 1.4096530739623428e-05, 'epoch': 8.69}
{'loss': 0.3587, 'learning_rate': 1.4053230001040263e-05, 'epoch': 8.69}
{'loss': 0.3764, 'learning_rate': 1.400992926245709e-05, 'epoch': 8.69}
{'loss': 0.3174, 'learning_rate': 1.3966628523873922e-05, 'epoch': 8.7}
{'loss': 0.3404, 'learning_rate': 1.3923327785290745e-05, 'epoch': 8.7}
{'loss': 0.3468, 'learning_rate': 1.3880027046707584e-05, 'epoch': 8.71}
{'loss': 0.3468, 'learning_rate': 1.3836726308124418e-05, 'epoch': 8.71}
{'loss': 0.3344, 'learning_rate': 1.3793425569541243e-05, 'epoch': 8.71}
{'loss': 0.3512, 'learning_rate': 1.3750124830958078e-05, 'epoch': 8.72}
{'loss': 0.3429, 'learning_rate': 1.3706824092374914e-05, 'epoch': 8.72}
{'loss': 0.3367, 'learning_rate': 1.3663523353791739e-05, 'epoch': 8.73}
{'loss': 0.3451, 'learning_rate': 1.3620222615208572e-05, 'epoch': 8.73}
{'loss': 0.3315, 'learning_rate': 1.357692187662541e-05, 'epoch': 8.74}
{'loss': 0.3555, 'learning_rate': 1.3533621138042233e-05, 'epoch': 8.74}
{'loss': 0.3776, 'learning_rate': 1.3490320399459066e-05, 'epoch': 8.74}
{'loss': 0.3544, 'learning_rate': 1.3447019660875904e-05, 'epoch': 8.75}
{'loss': 0.327, 'learning_rate': 1.340371892229273e-05, 'epoch': 8.75}
{'loss': 0.3432, 'learning_rate': 1.3360418183709563e-05, 'epoch': 8.76}
{'loss': 0.3429, 'learning_rate': 1.3317117445126386e-05, 'epoch': 8.76}
{'loss': 0.3409, 'learning_rate': 1.3273816706543224e-05, 'epoch': 8.76}
{'loss': 0.3521, 'learning_rate': 1.3230515967960057e-05, 'epoch': 8.77}
{'loss': 0.3524, 'learning_rate': 1.3187215229376882e-05, 'epoch': 8.77}
{'loss': 0.3284, 'learning_rate': 1.3143914490793718e-05, 'epoch': 8.78}
{'loss': 0.3256, 'learning_rate': 1.3100613752210553e-05, 'epoch': 8.78}
{'loss': 0.3497, 'learning_rate': 1.3057313013627378e-05, 'epoch': 8.78}
{'loss': 0.3212, 'learning_rate': 1.3014012275044213e-05, 'epoch': 8.79}
{'loss': 0.3446, 'learning_rate': 1.2970711536461049e-05, 'epoch': 8.79}
{'loss': 0.3253, 'learning_rate': 1.2927410797877874e-05, 'epoch': 8.8}
{'loss': 0.3366, 'learning_rate': 1.2884110059294707e-05, 'epoch': 8.8}
{'loss': 0.3962, 'learning_rate': 1.2840809320711533e-05, 'epoch': 8.8}
{'loss': 0.3335, 'learning_rate': 1.2797508582128368e-05, 'epoch': 8.81}
{'loss': 0.3654, 'learning_rate': 1.2754207843545202e-05, 'epoch': 8.81}
{'loss': 0.3397, 'learning_rate': 1.2710907104962027e-05, 'epoch': 8.82}
{'loss': 0.3085, 'learning_rate': 1.2667606366378865e-05, 'epoch': 8.82}
{'loss': 0.3461, 'learning_rate': 1.2624305627795698e-05, 'epoch': 8.82}
{'loss': 0.3607, 'learning_rate': 1.2581004889212523e-05, 'epoch': 8.83}
{'loss': 0.3402, 'learning_rate': 1.2537704150629356e-05, 'epoch': 8.83}
{'loss': 0.3568, 'learning_rate': 1.2494403412046192e-05, 'epoch': 8.84}
{'loss': 0.3296, 'learning_rate': 1.2451102673463017e-05, 'epoch': 8.84}
{'loss': 0.3511, 'learning_rate': 1.2407801934879853e-05, 'epoch': 8.85}
{'loss': 0.3426, 'learning_rate': 1.2364501196296678e-05, 'epoch': 8.85}
{'loss': 0.339, 'learning_rate': 1.2321200457713513e-05, 'epoch': 8.85}
{'loss': 0.351, 'learning_rate': 1.2277899719130348e-05, 'epoch': 8.86}
{'loss': 0.3441, 'learning_rate': 1.2234598980547172e-05, 'epoch': 8.86}
{'loss': 0.3654, 'learning_rate': 1.2191298241964007e-05, 'epoch': 8.87}
{'loss': 0.343, 'learning_rate': 1.2147997503380843e-05, 'epoch': 8.87}
{'loss': 0.3534, 'learning_rate': 1.2104696764797668e-05, 'epoch': 8.87}
{'loss': 0.3171, 'learning_rate': 1.2061396026214503e-05, 'epoch': 8.88}
{'loss': 0.3277, 'learning_rate': 1.2018095287631337e-05, 'epoch': 8.88}
{'loss': 0.3129, 'learning_rate': 1.1974794549048162e-05, 'epoch': 8.89}
{'loss': 0.3432, 'learning_rate': 1.1931493810464998e-05, 'epoch': 8.89}
{'loss': 0.3723, 'learning_rate': 1.1888193071881833e-05, 'epoch': 8.89}
{'loss': 0.3346, 'learning_rate': 1.1844892333298658e-05, 'epoch': 8.9}
{'loss': 0.3185, 'learning_rate': 1.1801591594715493e-05, 'epoch': 8.9}
{'loss': 0.3571, 'learning_rate': 1.1758290856132317e-05, 'epoch': 8.91}
{'loss': 0.3591, 'learning_rate': 1.1714990117549152e-05, 'epoch': 8.91}
{'loss': 0.3419, 'learning_rate': 1.1671689378965988e-05, 'epoch': 8.91}
{'loss': 0.3251, 'learning_rate': 1.1628388640382811e-05, 'epoch': 8.92}
{'loss': 0.3472, 'learning_rate': 1.1585087901799648e-05, 'epoch': 8.92}
{'loss': 0.3264, 'learning_rate': 1.1541787163216482e-05, 'epoch': 8.93}
{'loss': 0.3514, 'learning_rate': 1.1498486424633307e-05, 'epoch': 8.93}
{'loss': 0.3677, 'learning_rate': 1.1455185686050142e-05, 'epoch': 8.93}
{'loss': 0.3073, 'learning_rate': 1.1411884947466978e-05, 'epoch': 8.94}
{'loss': 0.3633, 'learning_rate': 1.1368584208883803e-05, 'epoch': 8.94}
{'loss': 0.3179, 'learning_rate': 1.1325283470300638e-05, 'epoch': 8.95}
{'loss': 0.3472, 'learning_rate': 1.1281982731717462e-05, 'epoch': 8.95}
{'loss': 0.3433, 'learning_rate': 1.1238681993134297e-05, 'epoch': 8.96}
{'loss': 0.3132, 'learning_rate': 1.1195381254551132e-05, 'epoch': 8.96}
{'loss': 0.3672, 'learning_rate': 1.1152080515967956e-05, 'epoch': 8.96}
{'loss': 0.3734, 'learning_rate': 1.1108779777384793e-05, 'epoch': 8.97}
{'loss': 0.3764, 'learning_rate': 1.1065479038801627e-05, 'epoch': 8.97}
{'loss': 0.326, 'learning_rate': 1.1022178300218452e-05, 'epoch': 8.98}
{'loss': 0.3454, 'learning_rate': 1.0978877561635287e-05, 'epoch': 8.98}
{'loss': 0.3403, 'learning_rate': 1.0935576823052123e-05, 'epoch': 8.98}
{'loss': 0.3446, 'learning_rate': 1.0892276084468946e-05, 'epoch': 8.99}
{'loss': 0.3633, 'learning_rate': 1.0848975345885783e-05, 'epoch': 8.99}
{'loss': 0.3533, 'learning_rate': 1.0805674607302607e-05, 'epoch': 9.0}
[INFO|trainer.py:520] 2026-10-04 16:56:14,771 >> The following columns in the evaluation set  don't have a corresponding argument in `PETLEncModel.forward` and have been ignored: premise, hypothesis, idx.
[INFO|trainer.py:2179] 2026-10-04 16:56:14,773 >> ***** Running Evaluation *****
[INFO|trainer.py:2181] 2026-10-04 16:56:14,773 >>   Num examples = 9815
[INFO|trainer.py:2184] 2026-10-04 16:56:14,773 >>   Batch size = 32
{'eval_loss': 0.3537997901439667, 'eval_accuracy': 0.8709118695873663, 'eval_runtime': 4.924, 'eval_samples_per_second': 1993.308, 'eval_steps_per_second': 62.348, 'epoch': 9.0}
[INFO|trainer.py:1933] 2026-10-04 16:56:19,698 >> Saving model checkpoint to checkpoints/glue/mnli/20261004/glue.mnli.adapter.am_adapter.ao_sequential.fm_adapter.fo_sequential.abn.fbn.ac_add.fl_none.finit_bert.fs_1.unfrz_ef_.ne10.warm0.06.wd0.1.seed8./checkpoint-110448
[INFO|configuration_utils.py:364] 2026-10-04 16:56:19,699 >> Configuration saved in checkpoints/glue/mnli/20261004/glue.mnli.adapter.am_adapter.ao_sequential.fm_adapter.fo_sequential.abn.fbn.ac_add.fl_none.finit_bert.fs_1.unfrz_ef_.ne10.warm0.06.wd0.1.seed8./checkpoint-110448/config.json
[INFO|modeling_utils.py:898] 2026-10-04 16:56:19,996 >> Model weights saved in checkpoints/glue/mnli/20261004/glue.mnli.adapter.am_adapter.ao_sequential.fm_adapter.fo_sequential.abn.fbn.ac_add.fl_none.finit_bert.fs_1.unfrz_ef_.ne10.warm0.06.wd0.1.seed8./checkpoint-110448/pytorch_model.bin
[INFO|tokenization_utils_base.py:1948] 2026-10-04 16:56:19,997 >> tokenizer config file saved in checkpoints/glue/mnli/20261004/glue.mnli.adapter.am_adapter.ao_sequential.fm_adapter.fo_sequential.abn.fbn.ac_add.fl_none.finit_bert.fs_1.unfrz_ef_.ne10.warm0.06.wd0.1.seed8./checkpoint-110448/tokenizer_config.json
[INFO|tokenization_utils_base.py:1954] 2026-10-04 16:56:19,997 >> Special tokens file saved in checkpoints/glue/mnli/20261004/glue.mnli.adapter.am_adapter.ao_sequential.fm_adapter.fo_sequential.abn.fbn.ac_add.fl_none.finit_bert.fs_1.unfrz_ef_.ne10.warm0.06.wd0.1.seed8./checkpoint-110448/special_tokens_map.json
[INFO|trainer.py:2009] 2026-10-04 16:56:20,078 >> Deleting older checkpoint [checkpoints/glue/mnli/20261004/glue.mnli.adapter.am_adapter.ao_sequential.fm_adapter.fo_sequential.abn.fbn.ac_add.fl_none.finit_bert.fs_1.unfrz_ef_.ne10.warm0.06.wd0.1.seed8./checkpoint-85904] due to args.save_total_limit
/work/unify-parameter-efficient-tuning/src/transformers/trainer.py:1784: FutureWarning: `torch.cuda.amp.autocast(args...)` is deprecated. Please use `torch.amp.autocast('cuda', args...)` instead.
  with autocast():
{'loss': 0.3388, 'learning_rate': 1.0762373868719442e-05, 'epoch': 9.0}
{'loss': 0.3231, 'learning_rate': 1.0719073130136277e-05, 'epoch': 9.0}
{'loss': 0.3493, 'learning_rate': 1.0675772391553101e-05, 'epoch': 9.01}
{'loss': 0.3065, 'learning_rate': 1.0632471652969938e-05, 'epoch': 9.01}
{'loss': 0.3082, 'learning_rate': 1.0589170914386773e-05, 'epoch': 9.02}
{'loss': 0.3481, 'learning_rate': 1.0545870175803597e-05, 'epoch': 9.02}
{'loss': 0.3198, 'learning_rate': 1.0502569437220432e-05, 'epoch': 9.02}
{'loss': 0.3279, 'learning_rate': 1.0459268698637267e-05, 'epoch': 9.03}
{'loss': 0.337, 'learning_rate': 1.0415967960054091e-05, 'epoch': 9.03}
{'loss': 0.3091, 'learning_rate': 1.0372667221470928e-05, 'epoch': 9.04}
{'loss': 0.3399, 'learning_rate': 1.0329366482887762e-05, 'epoch': 9.04}
{'loss': 0.3317, 'learning_rate': 1.0286065744304587e-05, 'epoch': 9.04}
{'loss': 0.3591, 'learning_rate': 1.0242765005721422e-05, 'epoch': 9.05}
{'loss': 0.3406, 'learning_rate': 1.0199464267138246e-05, 'epoch': 9.05}
{'loss': 0.3275, 'learning_rate': 1.0156163528555081e-05, 'epoch': 9.06}
{'loss': 0.3228, 'learning_rate': 1.0112862789971918e-05, 'epoch': 9.06}
{'loss': 0.334, 'learning_rate': 1.0069562051388742e-05, 'epoch': 9.07}
{'loss': 0.2985, 'learning_rate': 1.0026261312805577e-05, 'epoch': 9.07}
{'loss': 0.3069, 'learning_rate': 9.982960574222412e-06, 'epoch': 9.07}
{'loss': 0.3374, 'learning_rate': 9.939659835639236e-06, 'epoch': 9.08}
{'loss': 0.3147, 'learning_rate': 9.896359097056071e-06, 'epoch': 9.08}
{'loss': 0.3428, 'learning_rate': 9.853058358472907e-06, 'epoch': 9.09}
{'loss': 0.3461, 'learning_rate': 9.810623634661394e-06, 'epoch': 9.09}
{'loss': 0.3191, 'learning_rate': 9.767322896078229e-06, 'epoch': 9.09}
{'loss': 0.3171, 'learning_rate': 9.724022157495054e-06, 'epoch': 9.1}
{'loss': 0.3272, 'learning_rate': 9.68072141891189e-06, 'epoch': 9.1}
{'loss': 0.3265, 'learning_rate': 9.637420680328725e-06, 'epoch': 9.11}
{'loss': 0.3233, 'learning_rate': 9.59411994174555e-06, 'epoch': 9.11}
{'loss': 0.3281, 'learning_rate': 9.550819203162384e-06, 'epoch': 9.11}
{'loss': 0.3162, 'learning_rate': 9.50751846457922e-06, 'epoch': 9.12}
{'loss': 0.3376, 'learning_rate': 9.464217725996044e-06, 'epoch': 9.12}
{'loss': 0.3566, 'learning_rate': 9.42091698741288e-06, 'epoch': 9.13}
{'loss': 0.3379, 'learning_rate': 9.377616248829715e-06, 'epoch': 9.13}
{'loss': 0.318, 'learning_rate': 9.33431551024654e-06, 'epoch': 9.13}
{'loss': 0.3381, 'learning_rate': 9.291014771663374e-06, 'epoch': 9.14}
{'loss': 0.3387, 'learning_rate': 9.24771403308021e-06, 'epoch': 9.14}
{'loss': 0.3402, 'learning_rate': 9.204413294497035e-06, 'epoch': 9.15}
{'loss': 0.3107, 'learning_rate': 9.16111255591387e-06, 'epoch': 9.15}
{'loss': 0.3166, 'learning_rate': 9.117811817330695e-06, 'epoch': 9.15}
{'loss': 0.3375, 'learning_rate': 9.07451107874753e-06, 'epoch': 9.16}
{'loss': 0.332, 'learning_rate': 9.031210340164364e-06, 'epoch': 9.16}
{'loss': 0.3427, 'learning_rate': 8.987909601581189e-06, 'epoch': 9.17}
{'loss': 0.3449, 'learning_rate': 8.944608862998025e-06, 'epoch': 9.17}
{'loss': 0.3265, 'learning_rate': 8.90130812441486e-06, 'epoch': 9.18}
{'loss': 0.3143, 'learning_rate': 8.858007385831684e-06, 'epoch': 9.18}
{'loss': 0.2976, 'learning_rate': 8.81470664724852e-06, 'epoch': 9.18}
{'loss': 0.3248, 'learning_rate': 8.771405908665356e-06, 'epoch': 9.19}
{'loss': 0.3552, 'learning_rate': 8.728105170082179e-06, 'epoch': 9.19}
{'loss': 0.3388, 'learning_rate': 8.684804431499015e-06, 'epoch': 9.2}
{'loss': 0.3668, 'learning_rate': 8.64150369291584e-06, 'epoch': 9.2}
{'loss': 0.3071, 'learning_rate': 8.598202954332674e-06, 'epoch': 9.2}
{'loss': 0.3279, 'learning_rate': 8.554902215749509e-06, 'epoch': 9.21}
{'loss': 0.3603, 'learning_rate': 8.511601477166334e-06, 'epoch': 9.21}
{'loss': 0.3615, 'learning_rate': 8.468300738583168e-06, 'epoch': 9.22}
{'loss': 0.3553, 'learning_rate': 8.425000000000005e-06, 'epoch': 9.22}
{'loss': 0.3422, 'learning_rate': 8.38169926141683e-06, 'epoch': 9.22}
{'loss': 0.3392, 'learning_rate': 8.338398522833664e-06, 'epoch': 9.23}
{'loss': 0.3281, 'learning_rate': 8.295097784250499e-06, 'epoch': 9.23}
{'loss': 0.3332, 'learning_rate': 8.251797045667324e-06, 'epoch': 9.24}
{'loss': 0.3408, 'learning_rate': 8.20849630708416e-06, 'epoch': 9.24}
{'loss': 0.3087, 'learning_rate': 8.165195568500995e-06, 'epoch': 9.24}
{'loss': 0.3425, 'learning_rate': 8.12189482991782e-06, 'epoch': 9.25}
{'loss': 0.3031, 'learning_rate': 8.078594091334654e-06, 'epoch': 9.25}
{'loss': 0.3436, 'learning_rate': 8.035293352751479e-06, 'epoch': 9.26}
{'loss': 0.3227, 'learning_rate': 7.991992614168313e-06, 'epoch': 9.26}
{'loss': 0.3377, 'learning_rate': 7.94869187558515e-06, 'epoch': 9.26}
{'loss': 0.3261, 'learning_rate': 7.905391137001975e-06, 'epoch': 9.27}
{'loss': 0.3685, 'learning_rate': 7.86209039841881e-06, 'epoch': 9.27}
{'loss': 0.3288, 'learning_rate': 7.818789659835644e-06, 'epoch': 9.28}
{'loss': 0.369, 'learning_rate': 7.775488921252469e-06, 'epoch': 9.28}
{'loss': 0.3104, 'learning_rate': 7.732188182669303e-06, 'epoch': 9.29}
{'loss': 0.3228, 'learning_rate': 7.68888744408614e-06, 'epoch': 9.29}
{'loss': 0.3145, 'learning_rate': 7.645586705502963e-06, 'epoch': 9.29}
{'loss': 0.3332, 'learning_rate': 7.6022859669197975e-06, 'epoch': 9.3}
{'loss': 0.3106, 'learning_rate': 7.559851243108286e-06, 'epoch': 9.3}
{'loss': 0.3235, 'learning_rate': 7.51655050452512e-06, 'epoch': 9.31}
{'loss': 0.3158, 'learning_rate': 7.4732497659419556e-06, 'epoch': 9.31}
{'loss': 0.3566, 'learning_rate': 7.42994902735878e-06, 'epoch': 9.31}
{'loss': 0.3528, 'learning_rate': 7.386648288775616e-06, 'epoch': 9.32}
{'loss': 0.3431, 'learning_rate': 7.343347550192451e-06, 'epoch': 9.32}
{'loss': 0.335, 'learning_rate': 7.300046811609276e-06, 'epoch': 9.33}
{'loss': 0.3258, 'learning_rate': 7.256746073026111e-06, 'epoch': 9.33}
{'loss': 0.3539, 'learning_rate': 7.213445334442946e-06, 'epoch': 9.33}
{'loss': 0.3414, 'learning_rate': 7.170144595859771e-06, 'epoch': 9.34}
{'loss': 0.3136, 'learning_rate': 7.1268438572766065e-06, 'epoch': 9.34}
{'loss': 0.3477, 'learning_rate': 7.08354311869344e-06, 'epoch': 9.35}
{'loss': 0.3118, 'learning_rate': 7.040242380110265e-06, 'epoch': 9.35}
{'loss': 0.3181, 'learning_rate': 6.996941641527101e-06, 'epoch': 9.35}
{'loss': 0.3396, 'learning_rate': 6.953640902943925e-06, 'epoch': 9.36}
{'loss': 0.33, 'learning_rate': 6.910340164360761e-06, 'epoch': 9.36}
{'loss': 0.34, 'learning_rate': 6.867039425777596e-06, 'epoch': 9.37}
{'loss': 0.3434, 'learning_rate': 6.82373868719442e-06, 'epoch': 9.37}
{'loss': 0.3266, 'learning_rate': 6.780437948611256e-06, 'epoch': 9.38}
{'loss': 0.3492, 'learning_rate': 6.737137210028091e-06, 'epoch': 9.38}
{'loss': 0.3218, 'learning_rate': 6.693836471444916e-06, 'epoch': 9.38}
{'loss': 0.3482, 'learning_rate': 6.6505357328617515e-06, 'epoch': 9.39}
{'loss': 0.3501, 'learning_rate': 6.607234994278587e-06, 'epoch': 9.39}
{'loss': 0.342, 'learning_rate': 6.563934255695412e-06, 'epoch': 9.4}
{'loss': 0.3423, 'learning_rate': 6.520633517112246e-06, 'epoch': 9.4}
{'loss': 0.3294, 'learning_rate': 6.47733277852907e-06, 'epoch': 9.4}
{'loss': 0.3463, 'learning_rate': 6.434032039945906e-06, 'epoch': 9.41}
{'loss': 0.33, 'learning_rate': 6.3907313013627414e-06, 'epoch': 9.41}
{'loss': 0.3468, 'learning_rate': 6.347430562779564e-06, 'epoch': 9.42}
{'loss': 0.335, 'learning_rate': 6.3041298241964e-06, 'epoch': 9.42}
{'loss': 0.3308, 'learning_rate': 6.2608290856132355e-06, 'epoch': 9.42}
{'loss': 0.3483, 'learning_rate': 6.21752834703006e-06, 'epoch': 9.43}
{'loss': 0.326, 'learning_rate': 6.174227608446896e-06, 'epoch': 9.43}
{'loss': 0.3386, 'learning_rate': 6.130926869863731e-06, 'epoch': 9.44}
{'loss': 0.326, 'learning_rate': 6.087626131280555e-06, 'epoch': 9.44}
{'loss': 0.3607, 'learning_rate': 6.044325392697391e-06, 'epoch': 9.44}
{'loss': 0.319, 'learning_rate': 6.001024654114215e-06, 'epoch': 9.45}
{'loss': 0.3562, 'learning_rate': 5.95772391553105e-06, 'epoch': 9.45}
{'loss': 0.3212, 'learning_rate': 5.914423176947886e-06, 'epoch': 9.46}
{'loss': 0.3211, 'learning_rate': 5.87112243836471e-06, 'epoch': 9.46}
{'loss': 0.3392, 'learning_rate': 5.827821699781546e-06, 'epoch': 9.46}
{'loss': 0.3736, 'learning_rate': 5.784520961198381e-06, 'epoch': 9.47}
{'loss': 0.3337, 'learning_rate': 5.741220222615205e-06, 'epoch': 9.47}
{'loss': 0.3354, 'learning_rate': 5.697919484032041e-06, 'epoch': 9.48}
{'loss': 0.3274, 'learning_rate': 5.6546187454488755e-06, 'epoch': 9.48}
{'loss': 0.3309, 'learning_rate': 5.6113180068657e-06, 'epoch': 9.49}
{'loss': 0.3297, 'learning_rate': 5.568017268282536e-06, 'epoch': 9.49}
{'loss': 0.334, 'learning_rate': 5.524716529699371e-06, 'epoch': 9.49}
{'loss': 0.3054, 'learning_rate': 5.481415791116195e-06, 'epoch': 9.5}
{'loss': 0.3804, 'learning_rate': 5.438115052533031e-06, 'epoch': 9.5}
{'loss': 0.334, 'learning_rate': 5.394814313949855e-06, 'epoch': 9.51}
{'loss': 0.3259, 'learning_rate': 5.35151357536669e-06, 'epoch': 9.51}
{'loss': 0.3347, 'learning_rate': 5.308212836783526e-06, 'epoch': 9.51}
{'loss': 0.3302, 'learning_rate': 5.26491209820035e-06, 'epoch': 9.52}
{'loss': 0.3288, 'learning_rate': 5.221611359617185e-06, 'epoch': 9.52}
{'loss': 0.3418, 'learning_rate': 5.178310621034021e-06, 'epoch': 9.53}
{'loss': 0.3506, 'learning_rate': 5.135009882450845e-06, 'epoch': 9.53}
{'loss': 0.2995, 'learning_rate': 5.09170914386768e-06, 'epoch': 9.53}
{'loss': 0.3489, 'learning_rate': 5.0484084052845155e-06, 'epoch': 9.54}
{'loss': 0.335, 'learning_rate': 5.005973681473003e-06, 'epoch': 9.54}
{'loss': 0.3323, 'learning_rate': 4.962672942889839e-06, 'epoch': 9.55}
{'loss': 0.3225, 'learning_rate': 4.919372204306663e-06, 'epoch': 9.55}
{'loss': 0.3197, 'learning_rate': 4.876071465723498e-06, 'epoch': 9.55}
{'loss': 0.3343, 'learning_rate': 4.832770727140334e-06, 'epoch': 9.56}
{'loss': 0.3173, 'learning_rate': 4.7894699885571575e-06, 'epoch': 9.56}
{'loss': 0.3531, 'learning_rate': 4.746169249973993e-06, 'epoch': 9.57}
{'loss': 0.3309, 'learning_rate': 4.702868511390829e-06, 'epoch': 9.57}
{'loss': 0.3558, 'learning_rate': 4.6595677728076525e-06, 'epoch': 9.57}
{'loss': 0.3642, 'learning_rate': 4.617133048996151e-06, 'epoch': 9.58}
{'loss': 0.3432, 'learning_rate': 4.573832310412987e-06, 'epoch': 9.58}
{'loss': 0.2971, 'learning_rate': 4.530531571829811e-06, 'epoch': 9.59}
{'loss': 0.3204, 'learning_rate': 4.487230833246646e-06, 'epoch': 9.59}
{'loss': 0.3534, 'learning_rate': 4.443930094663482e-06, 'epoch': 9.6}
{'loss': 0.3, 'learning_rate': 4.400629356080306e-06, 'epoch': 9.6}
{'loss': 0.3258, 'learning_rate': 4.358194632268804e-06, 'epoch': 9.6}
{'loss': 0.3142, 'learning_rate': 4.314893893685629e-06, 'epoch': 9.61}
{'loss': 0.3165, 'learning_rate': 4.2715931551024645e-06, 'epoch': 9.61}
{'loss': 0.3605, 'learning_rate': 4.228292416519299e-06, 'epoch': 9.62}
{'loss': 0.3322, 'learning_rate': 4.184991677936124e-06, 'epoch': 9.62}
{'loss': 0.329, 'learning_rate': 4.141690939352959e-06, 'epoch': 9.62}
{'loss': 0.3251, 'learning_rate': 4.098390200769794e-06, 'epoch': 9.63}
{'loss': 0.3633, 'learning_rate': 4.055089462186619e-06, 'epoch': 9.63}
{'loss': 0.3359, 'learning_rate': 4.011788723603454e-06, 'epoch': 9.64}
{'loss': 0.328, 'learning_rate': 3.968487985020289e-06, 'epoch': 9.64}
{'loss': 0.3138, 'learning_rate': 3.925187246437114e-06, 'epoch': 9.64}
{'loss': 0.3603, 'learning_rate': 3.881886507853949e-06, 'epoch': 9.65}
{'loss': 0.3023, 'learning_rate': 3.838585769270785e-06, 'epoch': 9.65}
{'loss': 0.3599, 'learning_rate': 3.7952850306876087e-06, 'epoch': 9.66}
{'loss': 0.3416, 'learning_rate': 3.7519842921044443e-06, 'epoch': 9.66}
{'loss': 0.3477, 'learning_rate': 3.708683553521269e-06, 'epoch': 9.66}
{'loss': 0.3109, 'learning_rate': 3.6653828149381045e-06, 'epoch': 9.67}
{'loss': 0.3139, 'learning_rate': 3.622082076354939e-06, 'epoch': 9.67}
{'loss': 0.3556, 'learning_rate': 3.578781337771763e-06, 'epoch': 9.68}
{'loss': 0.3176, 'learning_rate': 3.535480599188599e-06, 'epoch': 9.68}
{'loss': 0.3533, 'learning_rate': 3.4921798606054346e-06, 'epoch': 9.68}
{'loss': 0.3322, 'learning_rate': 3.448879122022259e-06, 'epoch': 9.69}
{'loss': 0.3309, 'learning_rate': 3.405578383439094e-06, 'epoch': 9.69}
{'loss': 0.29, 'learning_rate': 3.3622776448559295e-06, 'epoch': 9.7}
{'loss': 0.3131, 'learning_rate': 3.3189769062727533e-06, 'epoch': 9.7}
{'loss': 0.3453, 'learning_rate': 3.275676167689589e-06, 'epoch': 9.71}
{'loss': 0.3578, 'learning_rate': 3.2323754291064135e-06, 'epoch': 9.71}
{'loss': 0.3512, 'learning_rate': 3.1890746905232486e-06, 'epoch': 9.71}
{'loss': 0.3158, 'learning_rate': 3.1457739519400843e-06, 'epoch': 9.72}
{'loss': 0.3248, 'learning_rate': 3.1024732133569084e-06, 'epoch': 9.72}
{'loss': 0.3389, 'learning_rate': 3.0591724747737436e-06, 'epoch': 9.73}
{'loss': 0.3215, 'learning_rate': 3.015871736190579e-06, 'epoch': 9.73}
{'loss': 0.3628, 'learning_rate': 2.9725709976074034e-06, 'epoch': 9.73}
{'loss': 0.3687, 'learning_rate': 2.929270259024239e-06, 'epoch': 9.74}
{'loss': 0.3443, 'learning_rate': 2.885969520441074e-06, 'epoch': 9.74}
{'loss': 0.3223, 'learning_rate': 2.8426687818578983e-06, 'epoch': 9.75}
{'loss': 0.3281, 'learning_rate': 2.799368043274734e-06, 'epoch': 9.75}
{'loss': 0.366, 'learning_rate': 2.756067304691558e-06, 'epoch': 9.75}
{'loss': 0.3553, 'learning_rate': 2.7127665661083933e-06, 'epoch': 9.76}
{'loss': 0.3541, 'learning_rate': 2.669465827525229e-06, 'epoch': 9.76}
{'loss': 0.3423, 'learning_rate': 2.626165088942053e-06, 'epoch': 9.77}
{'loss': 0.3211, 'learning_rate': 2.5828643503588886e-06, 'epoch': 9.77}
{'loss': 0.3616, 'learning_rate': 2.539563611775724e-06, 'epoch': 9.77}
{'loss': 0.3013, 'learning_rate': 2.496262873192548e-06, 'epoch': 9.78}
{'loss': 0.3493, 'learning_rate': 2.4529621346093836e-06, 'epoch': 9.78}
{'loss': 0.3507, 'learning_rate': 2.4096613960262188e-06, 'epoch': 9.79}
{'loss': 0.33, 'learning_rate': 2.3663606574430434e-06, 'epoch': 9.79}
{'loss': 0.3138, 'learning_rate': 2.3230599188598785e-06, 'epoch': 9.79}
{'loss': 0.3491, 'learning_rate': 2.279759180276714e-06, 'epoch': 9.8}
{'loss': 0.3229, 'learning_rate': 2.2364584416935383e-06, 'epoch': 9.8}
{'loss': 0.3312, 'learning_rate': 2.1931577031103735e-06, 'epoch': 9.81}
{'loss': 0.3186, 'learning_rate': 2.149856964527198e-06, 'epoch': 9.81}
{'loss': 0.3456, 'learning_rate': 2.1065562259440333e-06, 'epoch': 9.82}
{'loss': 0.3429, 'learning_rate': 2.063255487360869e-06, 'epoch': 9.82}
{'loss': 0.3052, 'learning_rate': 2.019954748777693e-06, 'epoch': 9.82}
{'loss': 0.336, 'learning_rate': 1.9766540101945286e-06, 'epoch': 9.83}
{'loss': 0.3211, 'learning_rate': 1.933353271611364e-06, 'epoch': 9.83}
{'loss': 0.3079, 'learning_rate': 1.890052533028188e-06, 'epoch': 9.84}
{'loss': 0.3441, 'learning_rate': 1.8467517944450238e-06, 'epoch': 9.84}
{'loss': 0.3658, 'learning_rate': 1.8034510558618585e-06, 'epoch': 9.84}
{'loss': 0.3193, 'learning_rate': 1.7601503172786831e-06, 'epoch': 9.85}
{'loss': 0.3368, 'learning_rate': 1.7168495786955185e-06, 'epoch': 9.85}
{'loss': 0.3465, 'learning_rate': 1.6735488401123427e-06, 'epoch': 9.86}
{'loss': 0.3302, 'learning_rate': 1.6302481015291783e-06, 'epoch': 9.86}
{'loss': 0.308, 'learning_rate': 1.5869473629460137e-06, 'epoch': 9.86}
{'loss': 0.3364, 'learning_rate': 1.5436466243628376e-06, 'epoch': 9.87}
{'loss': 0.3307, 'learning_rate': 1.5003458857796732e-06, 'epoch': 9.87}
{'loss': 0.3424, 'learning_rate': 1.4570451471965084e-06, 'epoch': 9.88}
{'loss': 0.3228, 'learning_rate': 1.413744408613333e-06, 'epoch': 9.88}
{'loss': 0.3113, 'learning_rate': 1.3704436700301682e-06, 'epoch': 9.88}
{'loss': 0.3307, 'learning_rate': 1.3271429314470038e-06, 'epoch': 9.89}
{'loss': 0.3661, 'learning_rate': 1.283842192863828e-06, 'epoch': 9.89}
{'loss': 0.3239, 'learning_rate': 1.2405414542806631e-06, 'epoch': 9.9}
{'loss': 0.3297, 'learning_rate': 1.1972407156974877e-06, 'epoch': 9.9}
{'loss': 0.3093, 'learning_rate': 1.153939977114323e-06, 'epoch': 9.9}
{'loss': 0.3311, 'learning_rate': 1.1106392385311585e-06, 'epoch': 9.91}
{'loss': 0.3632, 'learning_rate': 1.0673384999479827e-06, 'epoch': 9.91}
{'loss': 0.3242, 'learning_rate': 1.0240377613648179e-06, 'epoch': 9.92}
{'loss': 0.3399, 'learning_rate': 9.807370227816535e-07, 'epoch': 9.92}
{'loss': 0.3489, 'learning_rate': 9.383022989701408e-07, 'epoch': 9.93}
{'loss': 0.3426, 'learning_rate': 8.950015603869763e-07, 'epoch': 9.93}
{'loss': 0.329, 'learning_rate': 8.517008218038116e-07, 'epoch': 9.93}
{'loss': 0.3687, 'learning_rate': 8.084000832206359e-07, 'epoch': 9.94}
{'loss': 0.3613, 'learning_rate': 7.650993446374711e-07, 'epoch': 9.94}
{'loss': 0.3157, 'learning_rate': 7.217986060543065e-07, 'epoch': 9.95}
{'loss': 0.3422, 'learning_rate': 6.784978674711308e-07, 'epoch': 9.95}
{'loss': 0.3212, 'learning_rate': 6.351971288879662e-07, 'epoch': 9.95}
{'loss': 0.3269, 'learning_rate': 5.918963903047904e-07, 'epoch': 9.96}
{'loss': 0.3275, 'learning_rate': 5.485956517216258e-07, 'epoch': 9.96}
{'loss': 0.3354, 'learning_rate': 5.052949131384612e-07, 'epoch': 9.97}
{'loss': 0.3291, 'learning_rate': 4.6199417455528555e-07, 'epoch': 9.97}
{'loss': 0.3311, 'learning_rate': 4.1869343597212083e-07, 'epoch': 9.97}
{'loss': 0.3262, 'learning_rate': 3.753926973889563e-07, 'epoch': 9.98}
{'loss': 0.3291, 'learning_rate': 3.3209195880578055e-07, 'epoch': 9.98}
{'loss': 0.33, 'learning_rate': 2.8879122022261594e-07, 'epoch': 9.99}
{'loss': 0.3356, 'learning_rate': 2.4549048163945133e-07, 'epoch': 9.99}
{'loss': 0.3577, 'learning_rate': 2.021897430562756e-07, 'epoch': 9.99}
{'loss': 0.3428, 'learning_rate': 1.58889004473111e-07, 'epoch': 10.0}
[INFO|trainer.py:520] 2026-10-04 17:00:47,686 >> The following columns in the evaluation set  don't have a corresponding argument in `PETLEncModel.forward` and have been ignored: premise, hypothesis, idx.
[INFO|trainer.py:2179] 2026-10-04 17:00:47,687 >> ***** Running Evaluation *****
[INFO|trainer.py:2181] 2026-10-04 17:00:47,688 >>   Num examples = 9815
[INFO|trainer.py:2184] 2026-10-04 17:00:47,688 >>   Batch size = 32
{'eval_loss': 0.3551803231239319, 'eval_accuracy': 0.8717269485481406, 'eval_runtime': 4.9261, 'eval_samples_per_second': 1992.454, 'eval_steps_per_second': 62.321, 'epoch': 10.0}
[INFO|trainer.py:1933] 2026-10-04 17:00:52,614 >> Saving model checkpoint to checkpoints/glue/mnli/20261004/glue.mnli.adapter.am_adapter.ao_sequential.fm_adapter.fo_sequential.abn.fbn.ac_add.fl_none.finit_bert.fs_1.unfrz_ef_.ne10.warm0.06.wd0.1.seed8./checkpoint-122720
[INFO|configuration_utils.py:364] 2026-10-04 17:00:52,616 >> Configuration saved in checkpoints/glue/mnli/20261004/glue.mnli.adapter.am_adapter.ao_sequential.fm_adapter.fo_sequential.abn.fbn.ac_add.fl_none.finit_bert.fs_1.unfrz_ef_.ne10.warm0.06.wd0.1.seed8./checkpoint-122720/config.json
[INFO|modeling_utils.py:898] 2026-10-04 17:00:52,891 >> Model weights saved in checkpoints/glue/mnli/20261004/glue.mnli.adapter.am_adapter.ao_sequential.fm_adapter.fo_sequential.abn.fbn.ac_add.fl_none.finit_bert.fs_1.unfrz_ef_.ne10.warm0.06.wd0.1.seed8./checkpoint-122720/pytorch_model.bin
[INFO|tokenization_utils_base.py:1948] 2026-10-04 17:00:52,892 >> tokenizer config file saved in checkpoints/glue/mnli/20261004/glue.mnli.adapter.am_adapter.ao_sequential.fm_adapter.fo_sequential.abn.fbn.ac_add.fl_none.finit_bert.fs_1.unfrz_ef_.ne10.warm0.06.wd0.1.seed8./checkpoint-122720/tokenizer_config.json
[INFO|tokenization_utils_base.py:1954] 2026-10-04 17:00:52,893 >> Special tokens file saved in checkpoints/glue/mnli/20261004/glue.mnli.adapter.am_adapter.ao_sequential.fm_adapter.fo_sequential.abn.fbn.ac_add.fl_none.finit_bert.fs_1.unfrz_ef_.ne10.warm0.06.wd0.1.seed8./checkpoint-122720/special_tokens_map.json
[INFO|trainer.py:2009] 2026-10-04 17:00:52,973 >> Deleting older checkpoint [checkpoints/glue/mnli/20261004/glue.mnli.adapter.am_adapter.ao_sequential.fm_adapter.fo_sequential.abn.fbn.ac_add.fl_none.finit_bert.fs_1.unfrz_ef_.ne10.warm0.06.wd0.1.seed8./checkpoint-98176] due to args.save_total_limit
[INFO|trainer.py:1382] 2026-10-04 17:00:52,978 >> 

Training completed. Do not forget to share your model on huggingface.co/models =)


[INFO|trainer.py:1390] 2026-10-04 17:00:52,978 >> Loading best model from checkpoints/glue/mnli/20261004/glue.mnli.adapter.am_adapter.ao_sequential.fm_adapter.fo_sequential.abn.fbn.ac_add.fl_none.finit_bert.fs_1.unfrz_ef_.ne10.warm0.06.wd0.1.seed8./checkpoint-122720 (score: 0.8717269485481406).
{'train_runtime': 3182.6063, 'train_samples_per_second': 1233.901, 'train_steps_per_second': 38.56, 'train_loss': 0.3997059563497832, 'epoch': 10.0}
[INFO|trainer.py:1933] 2026-10-04 17:00:53,161 >> Saving model checkpoint to checkpoints/glue/mnli/20261004/glue.mnli.adapter.am_adapter.ao_sequential.fm_adapter.fo_sequential.abn.fbn.ac_add.fl_none.finit_bert.fs_1.unfrz_ef_.ne10.warm0.06.wd0.1.seed8.
[INFO|configuration_utils.py:364] 2026-10-04 17:00:53,162 >> Configuration saved in checkpoints/glue/mnli/20261004/glue.mnli.adapter.am_adapter.ao_sequential.fm_adapter.fo_sequential.abn.fbn.ac_add.fl_none.finit_bert.fs_1.unfrz_ef_.ne10.warm0.06.wd0.1.seed8./config.json
[INFO|modeling_utils.py:898] 2026-10-04 17:00:53,452 >> Model weights saved in checkpoints/glue/mnli/20261004/glue.mnli.adapter.am_adapter.ao_sequential.fm_adapter.fo_sequential.abn.fbn.ac_add.fl_none.finit_bert.fs_1.unfrz_ef_.ne10.warm0.06.wd0.1.seed8./pytorch_model.bin
[INFO|tokenization_utils_base.py:1948] 2026-10-04 17:00:53,453 >> tokenizer config file saved in checkpoints/glue/mnli/20261004/glue.mnli.adapter.am_adapter.ao_sequential.fm_adapter.fo_sequential.abn.fbn.ac_add.fl_none.finit_bert.fs_1.unfrz_ef_.ne10.warm0.06.wd0.1.seed8./tokenizer_config.json
[INFO|tokenization_utils_base.py:1954] 2026-10-04 17:00:53,453 >> Special tokens file saved in checkpoints/glue/mnli/20261004/glue.mnli.adapter.am_adapter.ao_sequential.fm_adapter.fo_sequential.abn.fbn.ac_add.fl_none.finit_bert.fs_1.unfrz_ef_.ne10.warm0.06.wd0.1.seed8./special_tokens_map.json
***** train metrics *****
  epoch                    =       10.0
  train_loss               =     0.3997
  train_runtime            = 0:53:02.60
  train_samples            =     392702
  train_samples_per_second =   1233.901
  train_steps_per_second   =      38.56
10/04/2026 17:00:53 - INFO - __main__ -   *** Evaluate ***
[INFO|trainer.py:520] 2026-10-04 17:00:53,516 >> The following columns in the evaluation set  don't have a corresponding argument in `PETLEncModel.forward` and have been ignored: premise, hypothesis, idx.
[INFO|trainer.py:2179] 2026-10-04 17:00:53,517 >> ***** Running Evaluation *****
[INFO|trainer.py:2181] 2026-10-04 17:00:53,517 >>   Num examples = 9815
[INFO|trainer.py:2184] 2026-10-04 17:00:53,517 >>   Batch size = 32
{'eval_loss': 0.3551803231239319, 'eval_accuracy': 0.8717269485481406, 'eval_runtime': 4.9205, 'eval_samples_per_second': 1994.729, 'eval_steps_per_second': 62.392, 'epoch': 10.0}
***** eval metrics *****
  epoch                   =       10.0
  eval_accuracy           =     0.8717
  eval_loss               =     0.3552
  eval_runtime            = 0:00:04.92
  eval_samples            =       9815
  eval_samples_per_second =   1994.729
  eval_steps_per_second   =     62.392
[INFO|trainer.py:520] 2026-10-04 17:00:58,440 >> The following columns in the evaluation set  don't have a corresponding argument in `PETLEncModel.forward` and have been ignored: premise, hypothesis, idx.
[INFO|trainer.py:2179] 2026-10-04 17:00:58,440 >> ***** Running Evaluation *****
[INFO|trainer.py:2181] 2026-10-04 17:00:58,440 >>   Num examples = 9832
[INFO|trainer.py:2184] 2026-10-04 17:00:58,441 >>   Batch size = 32
{'eval_loss': 0.3550354838371277, 'eval_accuracy': 0.8707282343368592, 'eval_runtime': 5.037, 'eval_samples_per_second': 1951.96, 'eval_steps_per_second': 61.148, 'epoch': 10.0}
***** eval metrics *****
  epoch                   =       10.0
  eval_accuracy           =     0.8707
  eval_loss               =      0.355
  eval_runtime            = 0:00:05.03
  eval_samples            =       9815
  eval_samples_per_second =    1951.96
  eval_steps_per_second   =     61.148
