checkpoints/glue/mnli/20261004/glue.mnli.adapter.am_adapter.ao_sequential.fm_adapter.fo_sequential.abn.fbn.ac_add.fl_none.finit_bert.fs_1.unfrz_ef_.ne10.warm0.06.wd0.1.seed4.
10/04/2026 14:55:55 - WARNING - __main__ -   Process rank: -1, device: cuda:0, n_gpu: 1distributed training: False, 16-bits training: True
10/04/2026 14:55:55 - INFO - __main__ -   Training/evaluation parameters TrainingArguments(
_n_gpu=1,
adafactor=False,
adam_beta1=0.9,
adam_beta2=0.98,
adam_epsilon=1e-06,
dataloader_drop_last=False,
dataloader_num_workers=0,
dataloader_pin_memory=True,
ddp_find_unused_parameters=False,
debug=[],
deepspeed=None,
disable_tqdm=True,
do_eval=True,
do_predict=False,
do_train=True,
eval_accumulation_steps=None,
eval_steps=5000,
evaluation_strategy=IntervalStrategy.EPOCH,
fp16=True,
fp16_backend=auto,
fp16_full_eval=False,
fp16_opt_level=O1,
gradient_accumulation_steps=1,
greater_is_better=True,
group_by_length=False,
ignore_data_skip=False,
label_names=None,
label_smoothing_factor=0.0,
learning_rate=0.0001,
length_column_name=length,
load_best_model_at_end=True,
local_rank=-1,
log_level=-1,
log_level_replica=-1,
log_on_each_node=True,
logging_dir=checkpoints/glue/mnli/20261004/glue.mnli.adapter.am_adapter.ao_sequential.fm_adapter.fo_sequential.abn.fbn.ac_add.fl_none.finit_bert.fs_1.unfrz_ef_.ne10.warm0.06.wd0.1.seed4./runs/Oct04_14-55-55_j-12410940-job-0,
logging_first_step=False,
logging_steps=50,
logging_strategy=IntervalStrategy.STEPS,
lr_scheduler_type=SchedulerType.POLYNOMIAL,
max_grad_norm=1.0,
max_steps=-1,
metric_for_best_model=accuracy,
mp_parameters=,
no_cuda=False,
num_train_epochs=10.0,
output_dir=checkpoints/glue/mnli/20261004/glue.mnli.adapter.am_adapter.ao_sequential.fm_adapter.fo_sequential.abn.fbn.ac_add.fl_none.finit_bert.fs_1.unfrz_ef_.ne10.warm0.06.wd0.1.seed4.,
overwrite_output_dir=True,
past_index=-1,
per_device_eval_batch_size=32,
per_device_train_batch_size=32,
prediction_loss_only=False,
push_to_hub=False,
push_to_hub_model_id=glue.mnli.adapter.am_adapter.ao_sequential.fm_adapter.fo_sequential.abn.fbn.ac_add.fl_none.finit_bert.fs_1.unfrz_ef_.ne10.warm0.06.wd0.1.seed4.,
push_to_hub_organization=None,
push_to_hub_token=None,
remove_unused_columns=True,
report_to=[],
resume_from_checkpoint=None,
run_name=mnli.20261004.glue.mnli.adapter.am_adapter.ao_sequential.fm_adapter.fo_sequential.abn.fbn.ac_add.fl_none.finit_bert.fs_1.unfrz_ef_.ne10.warm0.06.wd0.1.seed4.,
save_steps=5000,
save_strategy=IntervalStrategy.EPOCH,
save_total_limit=2,
seed=4,
sharded_ddp=[],
skip_memory_metrics=True,
tpu_metrics_debug=False,
tpu_num_cores=None,
use_legacy_prediction_loop=False,
warmup_ratio=0.06,
warmup_steps=0,
weight_decay=0.1,
)
10/04/2026 14:55:56 - WARNING - datasets.builder -   Reusing dataset glue (checkpoints/hf_model/glue/mnli/1.0.0/dacbe3125aa31d7f70367a07a8a9e72a5a0bfeb5fc42e75c9db75b96da6053ad)
[INFO|configuration_utils.py:528] 2026-10-04 14:55:56,403 >> loading configuration file /work/unify-parameter-efficient-tuning/_setup/models/roberta-base/config.json
[INFO|configuration_utils.py:566] 2026-10-04 14:55:56,403 >> Model config RobertaConfig {
  "architectures": [
    "RobertaForMaskedLM"
  ],
  "attention_probs_dropout_prob": 0.1,
  "bos_token_id": 0,
  "eos_token_id": 2,
  "finetuning_task": "mnli",
  "gradient_checkpointing": false,
  "hidden_act": "gelu",
  "hidden_dropout_prob": 0.1,
  "hidden_size": 768,
  "id2label": {
    "0": "LABEL_0",
    "1": "LABEL_1",
    "2": "LABEL_2"
  },
  "initializer_range": 0.02,
  "intermediate_size": 3072,
  "label2id": {
    "LABEL_0": 0,
    "LABEL_1": 1,
    "LABEL_2": 2
  },
  "layer_norm_eps": 1e-05,
  "max_position_embeddings": 514,
  "model_type": "roberta",
  "num_attention_heads": 12,
  "num_hidden_layers": 12,
  "pad_token_id": 1,
  "position_embedding_type": "absolute",
  "transformers_version": "4.9.0.dev0",
  "type_vocab_size": 1,
  "use_cache": true,
  "vocab_size": 50265
}

[INFO|tokenization_auto.py:427] 2026-10-04 14:55:56,403 >> Could not locate the tokenizer configuration file, will try to use the model config instead.
[INFO|configuration_utils.py:528] 2026-10-04 14:55:56,403 >> loading configuration file /work/unify-parameter-efficient-tuning/_setup/models/roberta-base/config.json
[INFO|configuration_utils.py:566] 2026-10-04 14:55:56,404 >> Model config RobertaConfig {
  "architectures": [
    "RobertaForMaskedLM"
  ],
  "attention_probs_dropout_prob": 0.1,
  "bos_token_id": 0,
  "eos_token_id": 2,
  "gradient_checkpointing": false,
  "hidden_act": "gelu",
  "hidden_dropout_prob": 0.1,
  "hidden_size": 768,
  "initializer_range": 0.02,
  "intermediate_size": 3072,
  "layer_norm_eps": 1e-05,
  "max_position_embeddings": 514,
  "model_type": "roberta",
  "num_attention_heads": 12,
  "num_hidden_layers": 12,
  "pad_token_id": 1,
  "position_embedding_type": "absolute",
  "transformers_version": "4.9.0.dev0",
  "type_vocab_size": 1,
  "use_cache": true,
  "vocab_size": 50265
}

[INFO|tokenization_utils_base.py:1651] 2026-10-04 14:55:56,404 >> Didn't find file /work/unify-parameter-efficient-tuning/_setup/models/roberta-base/added_tokens.json. We won't load it.
[INFO|tokenization_utils_base.py:1651] 2026-10-04 14:55:56,404 >> Didn't find file /work/unify-parameter-efficient-tuning/_setup/models/roberta-base/special_tokens_map.json. We won't load it.
[INFO|tokenization_utils_base.py:1651] 2026-10-04 14:55:56,404 >> Didn't find file /work/unify-parameter-efficient-tuning/_setup/models/roberta-base/tokenizer_config.json. We won't load it.
[INFO|tokenization_utils_base.py:1715] 2026-10-04 14:55:56,404 >> loading file /work/unify-parameter-efficient-tuning/_setup/models/roberta-base/vocab.json
[INFO|tokenization_utils_base.py:1715] 2026-10-04 14:55:56,404 >> loading file /work/unify-parameter-efficient-tuning/_setup/models/roberta-base/merges.txt
[INFO|tokenization_utils_base.py:1715] 2026-10-04 14:55:56,404 >> loading file /work/unify-parameter-efficient-tuning/_setup/models/roberta-base/tokenizer.json
[INFO|tokenization_utils_base.py:1715] 2026-10-04 14:55:56,404 >> loading file None
[INFO|tokenization_utils_base.py:1715] 2026-10-04 14:55:56,404 >> loading file None
[INFO|tokenization_utils_base.py:1715] 2026-10-04 14:55:56,404 >> loading file None
[INFO|modeling_utils.py:1159] 2026-10-04 14:55:56,439 >> loading weights file /work/unify-parameter-efficient-tuning/_setup/models/roberta-base/pytorch_model.bin
============================ init weights is called! ====================================
============================ init weights is called! ====================================
[WARNING|modeling_utils.py:1336] 2026-10-04 14:55:57,543 >> Some weights of the model checkpoint at /work/unify-parameter-efficient-tuning/_setup/models/roberta-base were not used when initializing RobertaForSequenceClassification: ['lm_head.dense.weight', 'lm_head.bias', 'lm_head.decoder.weight', 'lm_head.layer_norm.bias', 'lm_head.dense.bias', 'roberta.pooler.dense.bias', 'lm_head.layer_norm.weight', 'roberta.pooler.dense.weight']
- This IS expected if you are initializing RobertaForSequenceClassification from the checkpoint of a model trained on another task or with another architecture (e.g. initializing a BertForSequenceClassification model from a BertForPreTraining model).
- This IS NOT expected if you are initializing RobertaForSequenceClassification from the checkpoint of a model that you expect to be exactly identical (initializing a BertForSequenceClassification model from a BertForSequenceClassification model).
[WARNING|modeling_utils.py:1347] 2026-10-04 14:55:57,543 >> Some weights of RobertaForSequenceClassification were not initialized from the model checkpoint at /work/unify-parameter-efficient-tuning/_setup/models/roberta-base and are newly initialized: ['classifier.dense.weight', 'classifier.out_proj.weight', 'classifier.out_proj.bias', 'classifier.dense.bias']
You should probably TRAIN this model on a down-stream task to be able to use it for predictions and inference.
tune roberta.encoder.layer.0.attention.output.ef_attn_adapter.adapter_layer_norm_before.weight
tune roberta.encoder.layer.0.attention.output.ef_attn_adapter.adapter_layer_norm_before.bias
tune roberta.encoder.layer.0.attention.output.ef_attn_adapter.down_proj.weight
tune roberta.encoder.layer.0.attention.output.ef_attn_adapter.down_proj.bias
tune roberta.encoder.layer.0.attention.output.ef_attn_adapter.up_proj.weight
tune roberta.encoder.layer.0.attention.output.ef_attn_adapter.up_proj.bias
tune roberta.encoder.layer.0.output.ef_ffn_adapter.down_proj.weight
tune roberta.encoder.layer.0.output.ef_ffn_adapter.down_proj.bias
tune roberta.encoder.layer.0.output.ef_ffn_adapter.up_proj.weight
tune roberta.encoder.layer.0.output.ef_ffn_adapter.up_proj.bias
tune roberta.encoder.layer.1.attention.output.ef_attn_adapter.adapter_layer_norm_before.weight
tune roberta.encoder.layer.1.attention.output.ef_attn_adapter.adapter_layer_norm_before.bias
tune roberta.encoder.layer.1.attention.output.ef_attn_adapter.down_proj.weight
tune roberta.encoder.layer.1.attention.output.ef_attn_adapter.down_proj.bias
tune roberta.encoder.layer.1.attention.output.ef_attn_adapter.up_proj.weight
tune roberta.encoder.layer.1.attention.output.ef_attn_adapter.up_proj.bias
tune roberta.encoder.layer.1.output.ef_ffn_adapter.down_proj.weight
tune roberta.encoder.layer.1.output.ef_ffn_adapter.down_proj.bias
tune roberta.encoder.layer.1.output.ef_ffn_adapter.up_proj.weight
tune roberta.encoder.layer.1.output.ef_ffn_adapter.up_proj.bias
tune roberta.encoder.layer.2.attention.output.ef_attn_adapter.adapter_layer_norm_before.weight
tune roberta.encoder.layer.2.attention.output.ef_attn_adapter.adapter_layer_norm_before.bias
tune roberta.encoder.layer.2.attention.output.ef_attn_adapter.down_proj.weight
tune roberta.encoder.layer.2.attention.output.ef_attn_adapter.down_proj.bias
tune roberta.encoder.layer.2.attention.output.ef_attn_adapter.up_proj.weight
tune roberta.encoder.layer.2.attention.output.ef_attn_adapter.up_proj.bias
tune roberta.encoder.layer.2.output.ef_ffn_adapter.down_proj.weight
tune roberta.encoder.layer.2.output.ef_ffn_adapter.down_proj.bias
tune roberta.encoder.layer.2.output.ef_ffn_adapter.up_proj.weight
tune roberta.encoder.layer.2.output.ef_ffn_adapter.up_proj.bias
tune roberta.encoder.layer.3.attention.output.ef_attn_adapter.adapter_layer_norm_before.weight
tune roberta.encoder.layer.3.attention.output.ef_attn_adapter.adapter_layer_norm_before.bias
tune roberta.encoder.layer.3.attention.output.ef_attn_adapter.down_proj.weight
tune roberta.encoder.layer.3.attention.output.ef_attn_adapter.down_proj.bias
tune roberta.encoder.layer.3.attention.output.ef_attn_adapter.up_proj.weight
tune roberta.encoder.layer.3.attention.output.ef_attn_adapter.up_proj.bias
tune roberta.encoder.layer.3.output.ef_ffn_adapter.down_proj.weight
tune roberta.encoder.layer.3.output.ef_ffn_adapter.down_proj.bias
tune roberta.encoder.layer.3.output.ef_ffn_adapter.up_proj.weight
tune roberta.encoder.layer.3.output.ef_ffn_adapter.up_proj.bias
tune roberta.encoder.layer.4.attention.output.ef_attn_adapter.adapter_layer_norm_before.weight
tune roberta.encoder.layer.4.attention.output.ef_attn_adapter.adapter_layer_norm_before.bias
tune roberta.encoder.layer.4.attention.output.ef_attn_adapter.down_proj.weight
tune roberta.encoder.layer.4.attention.output.ef_attn_adapter.down_proj.bias
tune roberta.encoder.layer.4.attention.output.ef_attn_adapter.up_proj.weight
tune roberta.encoder.layer.4.attention.output.ef_attn_adapter.up_proj.bias
tune roberta.encoder.layer.4.output.ef_ffn_adapter.down_proj.weight
tune roberta.encoder.layer.4.output.ef_ffn_adapter.down_proj.bias
tune roberta.encoder.layer.4.output.ef_ffn_adapter.up_proj.weight
tune roberta.encoder.layer.4.output.ef_ffn_adapter.up_proj.bias
tune roberta.encoder.layer.5.attention.output.ef_attn_adapter.adapter_layer_norm_before.weight
tune roberta.encoder.layer.5.attention.output.ef_attn_adapter.adapter_layer_norm_before.bias
tune roberta.encoder.layer.5.attention.output.ef_attn_adapter.down_proj.weight
tune roberta.encoder.layer.5.attention.output.ef_attn_adapter.down_proj.bias
tune roberta.encoder.layer.5.attention.output.ef_attn_adapter.up_proj.weight
tune roberta.encoder.layer.5.attention.output.ef_attn_adapter.up_proj.bias
tune roberta.encoder.layer.5.output.ef_ffn_adapter.down_proj.weight
tune roberta.encoder.layer.5.output.ef_ffn_adapter.down_proj.bias
tune roberta.encoder.layer.5.output.ef_ffn_adapter.up_proj.weight
tune roberta.encoder.layer.5.output.ef_ffn_adapter.up_proj.bias
tune roberta.encoder.layer.6.attention.output.ef_attn_adapter.adapter_layer_norm_before.weight
tune roberta.encoder.layer.6.attention.output.ef_attn_adapter.adapter_layer_norm_before.bias
tune roberta.encoder.layer.6.attention.output.ef_attn_adapter.down_proj.weight
tune roberta.encoder.layer.6.attention.output.ef_attn_adapter.down_proj.bias
tune roberta.encoder.layer.6.attention.output.ef_attn_adapter.up_proj.weight
tune roberta.encoder.layer.6.attention.output.ef_attn_adapter.up_proj.bias
tune roberta.encoder.layer.6.output.ef_ffn_adapter.down_proj.weight
tune roberta.encoder.layer.6.output.ef_ffn_adapter.down_proj.bias
tune roberta.encoder.layer.6.output.ef_ffn_adapter.up_proj.weight
tune roberta.encoder.layer.6.output.ef_ffn_adapter.up_proj.bias
tune roberta.encoder.layer.7.attention.output.ef_attn_adapter.adapter_layer_norm_before.weight
tune roberta.encoder.layer.7.attention.output.ef_attn_adapter.adapter_layer_norm_before.bias
tune roberta.encoder.layer.7.attention.output.ef_attn_adapter.down_proj.weight
tune roberta.encoder.layer.7.attention.output.ef_attn_adapter.down_proj.bias
tune roberta.encoder.layer.7.attention.output.ef_attn_adapter.up_proj.weight
tune roberta.encoder.layer.7.attention.output.ef_attn_adapter.up_proj.bias
tune roberta.encoder.layer.7.output.ef_ffn_adapter.down_proj.weight
tune roberta.encoder.layer.7.output.ef_ffn_adapter.down_proj.bias
tune roberta.encoder.layer.7.output.ef_ffn_adapter.up_proj.weight
tune roberta.encoder.layer.7.output.ef_ffn_adapter.up_proj.bias
tune roberta.encoder.layer.8.attention.output.ef_attn_adapter.adapter_layer_norm_before.weight
tune roberta.encoder.layer.8.attention.output.ef_attn_adapter.adapter_layer_norm_before.bias
tune roberta.encoder.layer.8.attention.output.ef_attn_adapter.down_proj.weight
tune roberta.encoder.layer.8.attention.output.ef_attn_adapter.down_proj.bias
tune roberta.encoder.layer.8.attention.output.ef_attn_adapter.up_proj.weight
tune roberta.encoder.layer.8.attention.output.ef_attn_adapter.up_proj.bias
tune roberta.encoder.layer.8.output.ef_ffn_adapter.down_proj.weight
tune roberta.encoder.layer.8.output.ef_ffn_adapter.down_proj.bias
tune roberta.encoder.layer.8.output.ef_ffn_adapter.up_proj.weight
tune roberta.encoder.layer.8.output.ef_ffn_adapter.up_proj.bias
tune roberta.encoder.layer.9.attention.output.ef_attn_adapter.adapter_layer_norm_before.weight
tune roberta.encoder.layer.9.attention.output.ef_attn_adapter.adapter_layer_norm_before.bias
tune roberta.encoder.layer.9.attention.output.ef_attn_adapter.down_proj.weight
tune roberta.encoder.layer.9.attention.output.ef_attn_adapter.down_proj.bias
tune roberta.encoder.layer.9.attention.output.ef_attn_adapter.up_proj.weight
tune roberta.encoder.layer.9.attention.output.ef_attn_adapter.up_proj.bias
tune roberta.encoder.layer.9.output.ef_ffn_adapter.down_proj.weight
tune roberta.encoder.layer.9.output.ef_ffn_adapter.down_proj.bias
tune roberta.encoder.layer.9.output.ef_ffn_adapter.up_proj.weight
tune roberta.encoder.layer.9.output.ef_ffn_adapter.up_proj.bias
tune roberta.encoder.layer.10.attention.output.ef_attn_adapter.adapter_layer_norm_before.weight
tune roberta.encoder.layer.10.attention.output.ef_attn_adapter.adapter_layer_norm_before.bias
tune roberta.encoder.layer.10.attention.output.ef_attn_adapter.down_proj.weight
tune roberta.encoder.layer.10.attention.output.ef_attn_adapter.down_proj.bias
tune roberta.encoder.layer.10.attention.output.ef_attn_adapter.up_proj.weight
tune roberta.encoder.layer.10.attention.output.ef_attn_adapter.up_proj.bias
tune roberta.encoder.layer.10.output.ef_ffn_adapter.down_proj.weight
tune roberta.encoder.layer.10.output.ef_ffn_adapter.down_proj.bias
tune roberta.encoder.layer.10.output.ef_ffn_adapter.up_proj.weight
tune roberta.encoder.layer.10.output.ef_ffn_adapter.up_proj.bias
tune roberta.encoder.layer.11.attention.output.ef_attn_adapter.adapter_layer_norm_before.weight
tune roberta.encoder.layer.11.attention.output.ef_attn_adapter.adapter_layer_norm_before.bias
tune roberta.encoder.layer.11.attention.output.ef_attn_adapter.down_proj.weight
tune roberta.encoder.layer.11.attention.output.ef_attn_adapter.down_proj.bias
tune roberta.encoder.layer.11.attention.output.ef_attn_adapter.up_proj.weight
tune roberta.encoder.layer.11.attention.output.ef_attn_adapter.up_proj.bias
tune roberta.encoder.layer.11.output.ef_ffn_adapter.down_proj.weight
tune roberta.encoder.layer.11.output.ef_ffn_adapter.down_proj.bias
tune roberta.encoder.layer.11.output.ef_ffn_adapter.up_proj.weight
tune roberta.encoder.layer.11.output.ef_ffn_adapter.up_proj.bias
10/04/2026 14:55:57 - WARNING - datasets.fingerprint -   Parameter 'function'=<function main.<locals>.preprocess_function at 0x7f3d5b1c40d0> of the transform datasets.arrow_dataset.Dataset._map_single couldn't be hashed properly, a random hash was used instead. Make sure your transforms and parameters are serializable with pickle or dill for the dataset fingerprinting and caching to work. If you reuse this transform, the caching mechanism will consider it to be different from the previous calls and recompute everything. This warning is only showed once. Subsequent hashing failures won't be showed.
10/04/2026 14:55:57 - WARNING - datasets.arrow_dataset -   Loading cached processed dataset at checkpoints/hf_model/glue/mnli/1.0.0/dacbe3125aa31d7f70367a07a8a9e72a5a0bfeb5fc42e75c9db75b96da6053ad/cache-4da4f9fc3c6da5d7.arrow
10/04/2026 14:55:57 - WARNING - datasets.arrow_dataset -   Loading cached processed dataset at checkpoints/hf_model/glue/mnli/1.0.0/dacbe3125aa31d7f70367a07a8a9e72a5a0bfeb5fc42e75c9db75b96da6053ad/cache-b8a1abcd1a6916c7.arrow
10/04/2026 14:55:57 - WARNING - datasets.arrow_dataset -   Loading cached processed dataset at checkpoints/hf_model/glue/mnli/1.0.0/dacbe3125aa31d7f70367a07a8a9e72a5a0bfeb5fc42e75c9db75b96da6053ad/cache-7a97c643656412a9.arrow
10/04/2026 14:55:57 - WARNING - datasets.arrow_dataset -   Loading cached processed dataset at checkpoints/hf_model/glue/mnli/1.0.0/dacbe3125aa31d7f70367a07a8a9e72a5a0bfeb5fc42e75c9db75b96da6053ad/cache-1710cf5327ac435a.arrow
10/04/2026 14:55:57 - WARNING - datasets.arrow_dataset -   Loading cached processed dataset at checkpoints/hf_model/glue/mnli/1.0.0/dacbe3125aa31d7f70367a07a8a9e72a5a0bfeb5fc42e75c9db75b96da6053ad/cache-0512bd1311072231.arrow
10/04/2026 14:55:57 - INFO - __main__ -   Sample 210549 of the training set: {'attention_mask': [1, 1, 1, 1, 1, 1, 1, 1, 1, 1, 1, 1, 1, 1, 1, 1, 1, 1, 1, 1, 1, 1, 1, 1, 1, 1, 1, 1, 1, 1, 1, 1, 1, 1, 1, 1, 1, 1, 1, 1, 1, 1, 1, 1, 1, 1, 1, 1, 1, 1, 1, 1, 1, 1, 1, 1, 1, 1, 1, 1, 1, 1, 1, 1, 1, 1, 1, 1, 1, 1], 'hypothesis': "I don't think companies should have to take the strain and responsibility of paying for the person's healthcare. ", 'idx': 210549, 'input_ids': [0, 2678, 939, 216, 939, 216, 14223, 11380, 24, 18, 1528, 8, 939, 218, 75, 206, 14, 14, 6976, 197, 28, 342, 15, 451, 1169, 939, 218, 75, 206, 14, 51, 197, 33, 7, 6876, 5, 2640, 9, 2746, 13, 5, 621, 18, 474, 575, 2, 2, 100, 218, 75, 206, 451, 197, 33, 7, 185, 5, 8793, 8, 2640, 9, 2746, 13, 5, 621, 18, 3717, 4, 1437, 2], 'label': 0, 'premise': "oh i know i know oh yeah it's true and i don't think that that burden should be put on companies either i don't think that they should have to assume the responsibility of paying for the person's health care"}.
10/04/2026 14:55:57 - INFO - __main__ -   Sample 288044 of the training set: {'attention_mask': [1, 1, 1, 1, 1, 1, 1, 1, 1, 1, 1, 1, 1, 1, 1, 1, 1, 1, 1, 1, 1, 1], 'hypothesis': 'I have taken gun management 101.', 'idx': 288044, 'input_ids': [0, 42803, 939, 33, 33, 1751, 1751, 33, 33, 1751, 1052, 6560, 2, 2, 100, 33, 551, 1751, 1052, 6560, 4, 2], 'label': 0, 'premise': 'yeah i have have gun gun have have gun management 101'}.
10/04/2026 14:55:57 - INFO - __main__ -   Sample 151716 of the training set: {'attention_mask': [1, 1, 1, 1, 1, 1, 1, 1, 1, 1, 1, 1, 1, 1, 1], 'hypothesis': 'His hold tightened.', 'idx': 151716, 'input_ids': [0, 9962, 946, 56, 7185, 10, 410, 4, 2, 2, 9962, 946, 21287, 4, 2], 'label': 2, 'premise': 'His hold had slipped a little.'}.
[INFO|trainer.py:420] 2026-10-04 14:55:58,878 >> Using amp fp16 backend
/work/unify-parameter-efficient-tuning/src/transformers/trainer.py:430: FutureWarning: `torch.cuda.amp.GradScaler(args...)` is deprecated. Please use `torch.amp.GradScaler('cuda', args...)` instead.
  self.scaler = torch.cuda.amp.GradScaler()
[INFO|trainer.py:520] 2026-10-04 14:55:58,879 >> The following columns in the training set  don't have a corresponding argument in `PETLEncModel.forward` and have been ignored: premise, idx, hypothesis.
[INFO|trainer.py:1183] 2026-10-04 14:55:59,649 >> ***** Running training *****
[INFO|trainer.py:1184] 2026-10-04 14:55:59,649 >>   Num examples = 392702
[INFO|trainer.py:1185] 2026-10-04 14:55:59,649 >>   Num Epochs = 10
[INFO|trainer.py:1186] 2026-10-04 14:55:59,649 >>   Instantaneous batch size per device = 32
[INFO|trainer.py:1187] 2026-10-04 14:55:59,649 >>   Total train batch size (w. parallel, distributed & accumulation) = 32
[INFO|trainer.py:1188] 2026-10-04 14:55:59,649 >>   Gradient Accumulation steps = 1
[INFO|trainer.py:1189] 2026-10-04 14:55:59,649 >>   Total optimization steps = 122720
/work/unify-parameter-efficient-tuning/src/transformers/trainer.py:1784: FutureWarning: `torch.cuda.amp.autocast(args...)` is deprecated. Please use `torch.amp.autocast('cuda', args...)` instead.
  with autocast():
{'loss': 1.1, 'learning_rate': 6.789788158609453e-07, 'epoch': 0.0}
{'loss': 1.1, 'learning_rate': 1.3579576317218905e-06, 'epoch': 0.01}
{'loss': 1.0994, 'learning_rate': 2.0369364475828354e-06, 'epoch': 0.01}
{'loss': 1.1044, 'learning_rate': 2.715915263443781e-06, 'epoch': 0.02}
{'loss': 1.0996, 'learning_rate': 3.3948940793047257e-06, 'epoch': 0.02}
{'loss': 1.1002, 'learning_rate': 4.073872895165671e-06, 'epoch': 0.02}
{'loss': 1.0999, 'learning_rate': 4.752851711026616e-06, 'epoch': 0.03}
{'loss': 1.1015, 'learning_rate': 5.431830526887562e-06, 'epoch': 0.03}
{'loss': 1.1001, 'learning_rate': 6.110809342748506e-06, 'epoch': 0.04}
{'loss': 1.1019, 'learning_rate': 6.7897881586094514e-06, 'epoch': 0.04}
{'loss': 1.0968, 'learning_rate': 7.468766974470397e-06, 'epoch': 0.04}
{'loss': 1.0996, 'learning_rate': 8.147745790331342e-06, 'epoch': 0.05}
{'loss': 1.0996, 'learning_rate': 8.826724606192287e-06, 'epoch': 0.05}
{'loss': 1.0994, 'learning_rate': 9.505703422053232e-06, 'epoch': 0.06}
{'loss': 1.1003, 'learning_rate': 1.0184682237914179e-05, 'epoch': 0.06}
{'loss': 1.1005, 'learning_rate': 1.0863661053775124e-05, 'epoch': 0.07}
{'loss': 1.0975, 'learning_rate': 1.1542639869636067e-05, 'epoch': 0.07}
{'loss': 1.098, 'learning_rate': 1.2221618685497013e-05, 'epoch': 0.07}
{'loss': 1.1, 'learning_rate': 1.2900597501357958e-05, 'epoch': 0.08}
{'loss': 1.1011, 'learning_rate': 1.3579576317218903e-05, 'epoch': 0.08}
{'loss': 1.1014, 'learning_rate': 1.4258555133079848e-05, 'epoch': 0.09}
{'loss': 1.0975, 'learning_rate': 1.4937533948940793e-05, 'epoch': 0.09}
{'loss': 1.1, 'learning_rate': 1.561651276480174e-05, 'epoch': 0.09}
{'loss': 1.1005, 'learning_rate': 1.6295491580662683e-05, 'epoch': 0.1}
{'loss': 1.1006, 'learning_rate': 1.6974470396523627e-05, 'epoch': 0.1}
{'loss': 1.1, 'learning_rate': 1.7653449212384574e-05, 'epoch': 0.11}
{'loss': 1.0987, 'learning_rate': 1.8332428028245517e-05, 'epoch': 0.11}
{'loss': 1.0975, 'learning_rate': 1.9011406844106464e-05, 'epoch': 0.11}
{'loss': 1.0976, 'learning_rate': 1.9690385659967407e-05, 'epoch': 0.12}
{'loss': 1.0984, 'learning_rate': 2.0369364475828358e-05, 'epoch': 0.12}
{'loss': 1.0981, 'learning_rate': 2.10483432916893e-05, 'epoch': 0.13}
{'loss': 1.0969, 'learning_rate': 2.1727322107550248e-05, 'epoch': 0.13}
{'loss': 1.0972, 'learning_rate': 2.240630092341119e-05, 'epoch': 0.13}
{'loss': 1.0956, 'learning_rate': 2.3085279739272135e-05, 'epoch': 0.14}
{'loss': 1.0931, 'learning_rate': 2.3764258555133082e-05, 'epoch': 0.14}
{'loss': 1.0917, 'learning_rate': 2.4443237370994025e-05, 'epoch': 0.15}
{'loss': 1.0863, 'learning_rate': 2.512221618685497e-05, 'epoch': 0.15}
{'loss': 1.0775, 'learning_rate': 2.5801195002715915e-05, 'epoch': 0.15}
{'loss': 1.0691, 'learning_rate': 2.6480173818576866e-05, 'epoch': 0.16}
{'loss': 1.0505, 'learning_rate': 2.7159152634437806e-05, 'epoch': 0.16}
{'loss': 1.0329, 'learning_rate': 2.7838131450298756e-05, 'epoch': 0.17}
{'loss': 1.0196, 'learning_rate': 2.8517110266159696e-05, 'epoch': 0.17}
{'loss': 1.0148, 'learning_rate': 2.9182509505703425e-05, 'epoch': 0.18}
{'loss': 1.0091, 'learning_rate': 2.984790874524715e-05, 'epoch': 0.18}
{'loss': 1.0034, 'learning_rate': 3.05268875611081e-05, 'epoch': 0.18}
{'loss': 0.9652, 'learning_rate': 3.120586637696904e-05, 'epoch': 0.19}
{'loss': 0.9813, 'learning_rate': 3.1884845192829984e-05, 'epoch': 0.19}
{'loss': 0.9455, 'learning_rate': 3.256382400869093e-05, 'epoch': 0.2}
{'loss': 0.9602, 'learning_rate': 3.324280282455188e-05, 'epoch': 0.2}
{'loss': 0.9457, 'learning_rate': 3.392178164041282e-05, 'epoch': 0.2}
{'loss': 0.9199, 'learning_rate': 3.4600760456273765e-05, 'epoch': 0.21}
{'loss': 0.9255, 'learning_rate': 3.527973927213471e-05, 'epoch': 0.21}
{'loss': 0.9044, 'learning_rate': 3.595871808799566e-05, 'epoch': 0.22}
{'loss': 0.8969, 'learning_rate': 3.662411732753938e-05, 'epoch': 0.22}
{'loss': 0.9115, 'learning_rate': 3.730309614340033e-05, 'epoch': 0.22}
{'loss': 0.8605, 'learning_rate': 3.7982074959261275e-05, 'epoch': 0.23}
{'loss': 0.8594, 'learning_rate': 3.866105377512222e-05, 'epoch': 0.23}
{'loss': 0.8525, 'learning_rate': 3.934003259098316e-05, 'epoch': 0.24}
{'loss': 0.829, 'learning_rate': 4.001901140684411e-05, 'epoch': 0.24}
{'loss': 0.7917, 'learning_rate': 4.069799022270505e-05, 'epoch': 0.24}
{'loss': 0.7861, 'learning_rate': 4.1376969038566e-05, 'epoch': 0.25}
{'loss': 0.7589, 'learning_rate': 4.205594785442694e-05, 'epoch': 0.25}
{'loss': 0.7809, 'learning_rate': 4.272134709397067e-05, 'epoch': 0.26}
{'loss': 0.7499, 'learning_rate': 4.340032590983161e-05, 'epoch': 0.26}
{'loss': 0.759, 'learning_rate': 4.407930472569256e-05, 'epoch': 0.26}
{'loss': 0.7305, 'learning_rate': 4.475828354155351e-05, 'epoch': 0.27}
{'loss': 0.7151, 'learning_rate': 4.543726235741445e-05, 'epoch': 0.27}
{'loss': 0.6991, 'learning_rate': 4.61162411732754e-05, 'epoch': 0.28}
{'loss': 0.6769, 'learning_rate': 4.679521998913634e-05, 'epoch': 0.28}
{'loss': 0.7032, 'learning_rate': 4.7474198804997285e-05, 'epoch': 0.29}
{'loss': 0.684, 'learning_rate': 4.815317762085823e-05, 'epoch': 0.29}
{'loss': 0.6636, 'learning_rate': 4.883215643671918e-05, 'epoch': 0.29}
{'loss': 0.6452, 'learning_rate': 4.951113525258012e-05, 'epoch': 0.3}
{'loss': 0.6652, 'learning_rate': 5.0190114068441066e-05, 'epoch': 0.3}
{'loss': 0.6446, 'learning_rate': 5.086909288430202e-05, 'epoch': 0.31}
{'loss': 0.6424, 'learning_rate': 5.154807170016296e-05, 'epoch': 0.31}
{'loss': 0.651, 'learning_rate': 5.22270505160239e-05, 'epoch': 0.31}
{'loss': 0.6355, 'learning_rate': 5.2906029331884846e-05, 'epoch': 0.32}
{'loss': 0.6467, 'learning_rate': 5.358500814774579e-05, 'epoch': 0.32}
{'loss': 0.6428, 'learning_rate': 5.426398696360674e-05, 'epoch': 0.33}
{'loss': 0.6294, 'learning_rate': 5.494296577946768e-05, 'epoch': 0.33}
{'loss': 0.6491, 'learning_rate': 5.562194459532862e-05, 'epoch': 0.33}
{'loss': 0.6092, 'learning_rate': 5.6300923411189574e-05, 'epoch': 0.34}
{'loss': 0.6455, 'learning_rate': 5.697990222705052e-05, 'epoch': 0.34}
{'loss': 0.6334, 'learning_rate': 5.765888104291146e-05, 'epoch': 0.35}
{'loss': 0.6432, 'learning_rate': 5.8337859858772414e-05, 'epoch': 0.35}
{'loss': 0.6173, 'learning_rate': 5.9016838674633354e-05, 'epoch': 0.35}
{'loss': 0.6358, 'learning_rate': 5.96958174904943e-05, 'epoch': 0.36}
{'loss': 0.6327, 'learning_rate': 6.037479630635524e-05, 'epoch': 0.36}
{'loss': 0.6095, 'learning_rate': 6.10537751222162e-05, 'epoch': 0.37}
{'loss': 0.6189, 'learning_rate': 6.173275393807714e-05, 'epoch': 0.37}
{'loss': 0.5995, 'learning_rate': 6.241173275393808e-05, 'epoch': 0.37}
{'loss': 0.5914, 'learning_rate': 6.309071156979902e-05, 'epoch': 0.38}
{'loss': 0.5789, 'learning_rate': 6.376969038565997e-05, 'epoch': 0.38}
{'loss': 0.6041, 'learning_rate': 6.444866920152092e-05, 'epoch': 0.39}
{'loss': 0.6018, 'learning_rate': 6.512764801738186e-05, 'epoch': 0.39}
{'loss': 0.5701, 'learning_rate': 6.58066268332428e-05, 'epoch': 0.4}
{'loss': 0.5963, 'learning_rate': 6.648560564910376e-05, 'epoch': 0.4}
{'loss': 0.5593, 'learning_rate': 6.71645844649647e-05, 'epoch': 0.4}
{'loss': 0.5779, 'learning_rate': 6.784356328082564e-05, 'epoch': 0.41}
{'loss': 0.5868, 'learning_rate': 6.852254209668658e-05, 'epoch': 0.41}
{'loss': 0.5508, 'learning_rate': 6.920152091254753e-05, 'epoch': 0.42}
{'loss': 0.5492, 'learning_rate': 6.988049972840848e-05, 'epoch': 0.42}
{'loss': 0.5953, 'learning_rate': 7.055947854426942e-05, 'epoch': 0.42}
{'loss': 0.5759, 'learning_rate': 7.123845736013037e-05, 'epoch': 0.43}
{'loss': 0.5561, 'learning_rate': 7.191743617599132e-05, 'epoch': 0.43}
{'loss': 0.5668, 'learning_rate': 7.259641499185226e-05, 'epoch': 0.44}
{'loss': 0.5784, 'learning_rate': 7.32753938077132e-05, 'epoch': 0.44}
{'loss': 0.5302, 'learning_rate': 7.395437262357416e-05, 'epoch': 0.44}
{'loss': 0.5638, 'learning_rate': 7.463335143943509e-05, 'epoch': 0.45}
{'loss': 0.5768, 'learning_rate': 7.531233025529604e-05, 'epoch': 0.45}
{'loss': 0.5467, 'learning_rate': 7.599130907115698e-05, 'epoch': 0.46}
{'loss': 0.5497, 'learning_rate': 7.667028788701793e-05, 'epoch': 0.46}
{'loss': 0.5603, 'learning_rate': 7.734926670287888e-05, 'epoch': 0.46}
{'loss': 0.544, 'learning_rate': 7.802824551873981e-05, 'epoch': 0.47}
{'loss': 0.502, 'learning_rate': 7.870722433460076e-05, 'epoch': 0.47}
{'loss': 0.578, 'learning_rate': 7.938620315046172e-05, 'epoch': 0.48}
{'loss': 0.5521, 'learning_rate': 8.006518196632265e-05, 'epoch': 0.48}
{'loss': 0.5385, 'learning_rate': 8.07441607821836e-05, 'epoch': 0.48}
{'loss': 0.5183, 'learning_rate': 8.142313959804455e-05, 'epoch': 0.49}
{'loss': 0.554, 'learning_rate': 8.210211841390549e-05, 'epoch': 0.49}
{'loss': 0.5261, 'learning_rate': 8.276751765344921e-05, 'epoch': 0.5}
{'loss': 0.5809, 'learning_rate': 8.344649646931016e-05, 'epoch': 0.5}
{'loss': 0.552, 'learning_rate': 8.412547528517111e-05, 'epoch': 0.51}
{'loss': 0.5779, 'learning_rate': 8.480445410103206e-05, 'epoch': 0.51}
{'loss': 0.5361, 'learning_rate': 8.548343291689299e-05, 'epoch': 0.51}
{'loss': 0.5487, 'learning_rate': 8.616241173275395e-05, 'epoch': 0.52}
{'loss': 0.5114, 'learning_rate': 8.684139054861488e-05, 'epoch': 0.52}
{'loss': 0.5191, 'learning_rate': 8.752036936447583e-05, 'epoch': 0.53}
{'loss': 0.5331, 'learning_rate': 8.819934818033678e-05, 'epoch': 0.53}
{'loss': 0.5051, 'learning_rate': 8.887832699619772e-05, 'epoch': 0.53}
{'loss': 0.5682, 'learning_rate': 8.955730581205867e-05, 'epoch': 0.54}
{'loss': 0.5191, 'learning_rate': 9.02362846279196e-05, 'epoch': 0.54}
{'loss': 0.5185, 'learning_rate': 9.091526344378056e-05, 'epoch': 0.55}
{'loss': 0.5198, 'learning_rate': 9.159424225964151e-05, 'epoch': 0.55}
{'loss': 0.5194, 'learning_rate': 9.227322107550244e-05, 'epoch': 0.55}
{'loss': 0.5518, 'learning_rate': 9.295219989136339e-05, 'epoch': 0.56}
{'loss': 0.5634, 'learning_rate': 9.363117870722434e-05, 'epoch': 0.56}
{'loss': 0.5324, 'learning_rate': 9.431015752308528e-05, 'epoch': 0.57}
{'loss': 0.5438, 'learning_rate': 9.498913633894623e-05, 'epoch': 0.57}
{'loss': 0.5112, 'learning_rate': 9.566811515480716e-05, 'epoch': 0.57}
{'loss': 0.5357, 'learning_rate': 9.634709397066812e-05, 'epoch': 0.58}
{'loss': 0.5167, 'learning_rate': 9.702607278652907e-05, 'epoch': 0.58}
{'loss': 0.5395, 'learning_rate': 9.770505160239e-05, 'epoch': 0.59}
{'loss': 0.5148, 'learning_rate': 9.838403041825095e-05, 'epoch': 0.59}
{'loss': 0.52, 'learning_rate': 9.90630092341119e-05, 'epoch': 0.59}
{'loss': 0.5219, 'learning_rate': 9.974198804997285e-05, 'epoch': 0.6}
{'loss': 0.5171, 'learning_rate': 9.997315354207844e-05, 'epoch': 0.6}
{'loss': 0.5004, 'learning_rate': 9.992985280349527e-05, 'epoch': 0.61}
{'loss': 0.5193, 'learning_rate': 9.98865520649121e-05, 'epoch': 0.61}
{'loss': 0.5194, 'learning_rate': 9.984325132632893e-05, 'epoch': 0.62}
{'loss': 0.5223, 'learning_rate': 9.979995058774576e-05, 'epoch': 0.62}
{'loss': 0.5361, 'learning_rate': 9.97566498491626e-05, 'epoch': 0.62}
{'loss': 0.5048, 'learning_rate': 9.971334911057943e-05, 'epoch': 0.63}
{'loss': 0.5166, 'learning_rate': 9.967004837199627e-05, 'epoch': 0.63}
{'loss': 0.5187, 'learning_rate': 9.962674763341309e-05, 'epoch': 0.64}
{'loss': 0.4902, 'learning_rate': 9.958344689482992e-05, 'epoch': 0.64}
{'loss': 0.5139, 'learning_rate': 9.954014615624676e-05, 'epoch': 0.64}
{'loss': 0.5429, 'learning_rate': 9.949684541766358e-05, 'epoch': 0.65}
{'loss': 0.5238, 'learning_rate': 9.945354467908041e-05, 'epoch': 0.65}
{'loss': 0.5465, 'learning_rate': 9.941024394049725e-05, 'epoch': 0.66}
{'loss': 0.4979, 'learning_rate': 9.936694320191408e-05, 'epoch': 0.66}
{'loss': 0.4942, 'learning_rate': 9.932364246333092e-05, 'epoch': 0.66}
{'loss': 0.5163, 'learning_rate': 9.928034172474774e-05, 'epoch': 0.67}
{'loss': 0.5009, 'learning_rate': 9.923704098616457e-05, 'epoch': 0.67}
{'loss': 0.5195, 'learning_rate': 9.919374024758141e-05, 'epoch': 0.68}
{'loss': 0.5061, 'learning_rate': 9.915043950899823e-05, 'epoch': 0.68}
{'loss': 0.4735, 'learning_rate': 9.910713877041507e-05, 'epoch': 0.68}
{'loss': 0.5297, 'learning_rate': 9.90638380318319e-05, 'epoch': 0.69}
{'loss': 0.5203, 'learning_rate': 9.902053729324872e-05, 'epoch': 0.69}
{'loss': 0.518, 'learning_rate': 9.897723655466557e-05, 'epoch': 0.7}
{'loss': 0.4954, 'learning_rate': 9.893393581608239e-05, 'epoch': 0.7}
{'loss': 0.5151, 'learning_rate': 9.889063507749923e-05, 'epoch': 0.7}
{'loss': 0.5284, 'learning_rate': 9.884733433891606e-05, 'epoch': 0.71}
{'loss': 0.533, 'learning_rate': 9.880403360033288e-05, 'epoch': 0.71}
{'loss': 0.5155, 'learning_rate': 9.876073286174972e-05, 'epoch': 0.72}
{'loss': 0.5156, 'learning_rate': 9.871743212316655e-05, 'epoch': 0.72}
{'loss': 0.5051, 'learning_rate': 9.867413138458337e-05, 'epoch': 0.73}
{'loss': 0.5093, 'learning_rate': 9.863083064600021e-05, 'epoch': 0.73}
{'loss': 0.5098, 'learning_rate': 9.858752990741704e-05, 'epoch': 0.73}
{'loss': 0.4918, 'learning_rate': 9.854422916883388e-05, 'epoch': 0.74}
{'loss': 0.4944, 'learning_rate': 9.850092843025071e-05, 'epoch': 0.74}
{'loss': 0.4886, 'learning_rate': 9.845762769166755e-05, 'epoch': 0.75}
{'loss': 0.4821, 'learning_rate': 9.841432695308437e-05, 'epoch': 0.75}
{'loss': 0.5079, 'learning_rate': 9.83710262145012e-05, 'epoch': 0.75}
{'loss': 0.4531, 'learning_rate': 9.832772547591802e-05, 'epoch': 0.76}
{'loss': 0.4999, 'learning_rate': 9.828442473733486e-05, 'epoch': 0.76}
{'loss': 0.4922, 'learning_rate': 9.824112399875169e-05, 'epoch': 0.77}
{'loss': 0.4679, 'learning_rate': 9.819782326016853e-05, 'epoch': 0.77}
{'loss': 0.4713, 'learning_rate': 9.815452252158536e-05, 'epoch': 0.77}
{'loss': 0.4874, 'learning_rate': 9.81112217830022e-05, 'epoch': 0.78}
{'loss': 0.4812, 'learning_rate': 9.806792104441902e-05, 'epoch': 0.78}
{'loss': 0.493, 'learning_rate': 9.802462030583585e-05, 'epoch': 0.79}
{'loss': 0.5322, 'learning_rate': 9.798131956725269e-05, 'epoch': 0.79}
{'loss': 0.4618, 'learning_rate': 9.793801882866951e-05, 'epoch': 0.79}
{'loss': 0.4901, 'learning_rate': 9.789558410485801e-05, 'epoch': 0.8}
{'loss': 0.4915, 'learning_rate': 9.785228336627483e-05, 'epoch': 0.8}
{'loss': 0.4691, 'learning_rate': 9.780898262769167e-05, 'epoch': 0.81}
{'loss': 0.4986, 'learning_rate': 9.77656818891085e-05, 'epoch': 0.81}
{'loss': 0.5043, 'learning_rate': 9.772238115052534e-05, 'epoch': 0.81}
{'loss': 0.5088, 'learning_rate': 9.767908041194217e-05, 'epoch': 0.82}
{'loss': 0.4665, 'learning_rate': 9.7635779673359e-05, 'epoch': 0.82}
{'loss': 0.4638, 'learning_rate': 9.759247893477583e-05, 'epoch': 0.83}
{'loss': 0.4967, 'learning_rate': 9.754917819619266e-05, 'epoch': 0.83}
{'loss': 0.4862, 'learning_rate': 9.75058774576095e-05, 'epoch': 0.84}
{'loss': 0.4719, 'learning_rate': 9.746257671902632e-05, 'epoch': 0.84}
{'loss': 0.4741, 'learning_rate': 9.741927598044315e-05, 'epoch': 0.84}
{'loss': 0.4707, 'learning_rate': 9.737597524185999e-05, 'epoch': 0.85}
{'loss': 0.477, 'learning_rate': 9.733267450327681e-05, 'epoch': 0.85}
{'loss': 0.5005, 'learning_rate': 9.728937376469366e-05, 'epoch': 0.86}
{'loss': 0.449, 'learning_rate': 9.724607302611048e-05, 'epoch': 0.86}
{'loss': 0.4741, 'learning_rate': 9.720277228752731e-05, 'epoch': 0.86}
{'loss': 0.4789, 'learning_rate': 9.715947154894415e-05, 'epoch': 0.87}
{'loss': 0.4486, 'learning_rate': 9.711617081036097e-05, 'epoch': 0.87}
{'loss': 0.4989, 'learning_rate': 9.70728700717778e-05, 'epoch': 0.88}
{'loss': 0.4937, 'learning_rate': 9.702956933319464e-05, 'epoch': 0.88}
{'loss': 0.4482, 'learning_rate': 9.698626859461146e-05, 'epoch': 0.88}
{'loss': 0.4721, 'learning_rate': 9.69429678560283e-05, 'epoch': 0.89}
{'loss': 0.4534, 'learning_rate': 9.689966711744513e-05, 'epoch': 0.89}
{'loss': 0.4746, 'learning_rate': 9.685636637886196e-05, 'epoch': 0.9}
{'loss': 0.4986, 'learning_rate': 9.68130656402788e-05, 'epoch': 0.9}
{'loss': 0.4827, 'learning_rate': 9.676976490169562e-05, 'epoch': 0.9}
{'loss': 0.4553, 'learning_rate': 9.672646416311245e-05, 'epoch': 0.91}
{'loss': 0.4829, 'learning_rate': 9.668316342452929e-05, 'epoch': 0.91}
{'loss': 0.4512, 'learning_rate': 9.663986268594611e-05, 'epoch': 0.92}
{'loss': 0.4554, 'learning_rate': 9.659656194736295e-05, 'epoch': 0.92}
{'loss': 0.4704, 'learning_rate': 9.655326120877978e-05, 'epoch': 0.92}
{'loss': 0.477, 'learning_rate': 9.650996047019662e-05, 'epoch': 0.93}
{'loss': 0.4297, 'learning_rate': 9.646665973161345e-05, 'epoch': 0.93}
{'loss': 0.484, 'learning_rate': 9.642335899303028e-05, 'epoch': 0.94}
{'loss': 0.4823, 'learning_rate': 9.63800582544471e-05, 'epoch': 0.94}
{'loss': 0.4523, 'learning_rate': 9.633675751586394e-05, 'epoch': 0.95}
{'loss': 0.51, 'learning_rate': 9.629345677728078e-05, 'epoch': 0.95}
{'loss': 0.4796, 'learning_rate': 9.62501560386976e-05, 'epoch': 0.95}
{'loss': 0.4942, 'learning_rate': 9.620685530011443e-05, 'epoch': 0.96}
{'loss': 0.4927, 'learning_rate': 9.616355456153127e-05, 'epoch': 0.96}
{'loss': 0.4483, 'learning_rate': 9.61202538229481e-05, 'epoch': 0.97}
{'loss': 0.465, 'learning_rate': 9.607695308436494e-05, 'epoch': 0.97}
{'loss': 0.4758, 'learning_rate': 9.603451836055342e-05, 'epoch': 0.97}
{'loss': 0.4798, 'learning_rate': 9.599121762197026e-05, 'epoch': 0.98}
{'loss': 0.4508, 'learning_rate': 9.59479168833871e-05, 'epoch': 0.98}
{'loss': 0.5038, 'learning_rate': 9.590461614480391e-05, 'epoch': 0.99}
{'loss': 0.4894, 'learning_rate': 9.586131540622075e-05, 'epoch': 0.99}
{'loss': 0.4492, 'learning_rate': 9.581801466763758e-05, 'epoch': 0.99}
{'loss': 0.4707, 'learning_rate': 9.57747139290544e-05, 'epoch': 1.0}
[INFO|trainer.py:520] 2026-10-04 15:03:11,056 >> The following columns in the evaluation set  don't have a corresponding argument in `PETLEncModel.forward` and have been ignored: premise, idx, hypothesis.
[INFO|trainer.py:2179] 2026-10-04 15:03:11,059 >> ***** Running Evaluation *****
[INFO|trainer.py:2181] 2026-10-04 15:03:11,059 >>   Num examples = 9815
[INFO|trainer.py:2184] 2026-10-04 15:03:11,059 >>   Batch size = 32
{'eval_loss': 0.42228901386260986, 'eval_accuracy': 0.8374936321956189, 'eval_runtime': 13.3407, 'eval_samples_per_second': 735.719, 'eval_steps_per_second': 23.012, 'epoch': 1.0}
[INFO|trainer.py:1933] 2026-10-04 15:03:24,400 >> Saving model checkpoint to checkpoints/glue/mnli/20261004/glue.mnli.adapter.am_adapter.ao_sequential.fm_adapter.fo_sequential.abn.fbn.ac_add.fl_none.finit_bert.fs_1.unfrz_ef_.ne10.warm0.06.wd0.1.seed4./checkpoint-12272
[INFO|configuration_utils.py:364] 2026-10-04 15:03:24,402 >> Configuration saved in checkpoints/glue/mnli/20261004/glue.mnli.adapter.am_adapter.ao_sequential.fm_adapter.fo_sequential.abn.fbn.ac_add.fl_none.finit_bert.fs_1.unfrz_ef_.ne10.warm0.06.wd0.1.seed4./checkpoint-12272/config.json
[INFO|modeling_utils.py:898] 2026-10-04 15:03:24,668 >> Model weights saved in checkpoints/glue/mnli/20261004/glue.mnli.adapter.am_adapter.ao_sequential.fm_adapter.fo_sequential.abn.fbn.ac_add.fl_none.finit_bert.fs_1.unfrz_ef_.ne10.warm0.06.wd0.1.seed4./checkpoint-12272/pytorch_model.bin
[INFO|tokenization_utils_base.py:1948] 2026-10-04 15:03:24,670 >> tokenizer config file saved in checkpoints/glue/mnli/20261004/glue.mnli.adapter.am_adapter.ao_sequential.fm_adapter.fo_sequential.abn.fbn.ac_add.fl_none.finit_bert.fs_1.unfrz_ef_.ne10.warm0.06.wd0.1.seed4./checkpoint-12272/tokenizer_config.json
[INFO|tokenization_utils_base.py:1954] 2026-10-04 15:03:24,670 >> Special tokens file saved in checkpoints/glue/mnli/20261004/glue.mnli.adapter.am_adapter.ao_sequential.fm_adapter.fo_sequential.abn.fbn.ac_add.fl_none.finit_bert.fs_1.unfrz_ef_.ne10.warm0.06.wd0.1.seed4./checkpoint-12272/special_tokens_map.json
/work/unify-parameter-efficient-tuning/src/transformers/trainer.py:1784: FutureWarning: `torch.cuda.amp.autocast(args...)` is deprecated. Please use `torch.amp.autocast('cuda', args...)` instead.
  with autocast():
{'loss': 0.4517, 'learning_rate': 9.573141319047124e-05, 'epoch': 1.0}
{'loss': 0.4565, 'learning_rate': 9.568811245188808e-05, 'epoch': 1.01}
{'loss': 0.445, 'learning_rate': 9.564481171330491e-05, 'epoch': 1.01}
{'loss': 0.4712, 'learning_rate': 9.560151097472174e-05, 'epoch': 1.01}
{'loss': 0.4526, 'learning_rate': 9.555821023613857e-05, 'epoch': 1.02}
{'loss': 0.4191, 'learning_rate': 9.55149094975554e-05, 'epoch': 1.02}
{'loss': 0.4686, 'learning_rate': 9.547160875897224e-05, 'epoch': 1.03}
{'loss': 0.3923, 'learning_rate': 9.542830802038906e-05, 'epoch': 1.03}
{'loss': 0.4362, 'learning_rate': 9.538500728180589e-05, 'epoch': 1.03}
{'loss': 0.4447, 'learning_rate': 9.534170654322273e-05, 'epoch': 1.04}
{'loss': 0.4604, 'learning_rate': 9.529840580463955e-05, 'epoch': 1.04}
{'loss': 0.4741, 'learning_rate': 9.525510506605638e-05, 'epoch': 1.05}
{'loss': 0.4474, 'learning_rate': 9.521180432747322e-05, 'epoch': 1.05}
{'loss': 0.4333, 'learning_rate': 9.516850358889005e-05, 'epoch': 1.06}
{'loss': 0.4555, 'learning_rate': 9.512520285030689e-05, 'epoch': 1.06}
{'loss': 0.4705, 'learning_rate': 9.508190211172371e-05, 'epoch': 1.06}
{'loss': 0.4658, 'learning_rate': 9.503860137314054e-05, 'epoch': 1.07}
{'loss': 0.436, 'learning_rate': 9.499530063455738e-05, 'epoch': 1.07}
{'loss': 0.482, 'learning_rate': 9.49519998959742e-05, 'epoch': 1.08}
{'loss': 0.4468, 'learning_rate': 9.490869915739103e-05, 'epoch': 1.08}
{'loss': 0.4529, 'learning_rate': 9.486539841880787e-05, 'epoch': 1.08}
{'loss': 0.4845, 'learning_rate': 9.48220976802247e-05, 'epoch': 1.09}
{'loss': 0.4476, 'learning_rate': 9.477879694164154e-05, 'epoch': 1.09}
{'loss': 0.4296, 'learning_rate': 9.473549620305837e-05, 'epoch': 1.1}
{'loss': 0.4529, 'learning_rate': 9.469219546447519e-05, 'epoch': 1.1}
{'loss': 0.4714, 'learning_rate': 9.464889472589203e-05, 'epoch': 1.1}
{'loss': 0.4439, 'learning_rate': 9.460559398730885e-05, 'epoch': 1.11}
{'loss': 0.4315, 'learning_rate': 9.456229324872568e-05, 'epoch': 1.11}
{'loss': 0.4404, 'learning_rate': 9.451899251014252e-05, 'epoch': 1.12}
{'loss': 0.4727, 'learning_rate': 9.447569177155935e-05, 'epoch': 1.12}
{'loss': 0.4369, 'learning_rate': 9.443239103297619e-05, 'epoch': 1.12}
{'loss': 0.419, 'learning_rate': 9.438909029439302e-05, 'epoch': 1.13}
{'loss': 0.4769, 'learning_rate': 9.434578955580984e-05, 'epoch': 1.13}
{'loss': 0.4648, 'learning_rate': 9.430248881722668e-05, 'epoch': 1.14}
{'loss': 0.4524, 'learning_rate': 9.425918807864351e-05, 'epoch': 1.14}
{'loss': 0.4519, 'learning_rate': 9.421588734006033e-05, 'epoch': 1.14}
{'loss': 0.4304, 'learning_rate': 9.417258660147717e-05, 'epoch': 1.15}
{'loss': 0.4181, 'learning_rate': 9.412928586289399e-05, 'epoch': 1.15}
{'loss': 0.446, 'learning_rate': 9.408598512431084e-05, 'epoch': 1.16}
{'loss': 0.4284, 'learning_rate': 9.404268438572767e-05, 'epoch': 1.16}
{'loss': 0.4498, 'learning_rate': 9.39993836471445e-05, 'epoch': 1.17}
{'loss': 0.423, 'learning_rate': 9.395608290856133e-05, 'epoch': 1.17}
{'loss': 0.4283, 'learning_rate': 9.391278216997816e-05, 'epoch': 1.17}
{'loss': 0.4452, 'learning_rate': 9.386948143139499e-05, 'epoch': 1.18}
{'loss': 0.4487, 'learning_rate': 9.382618069281182e-05, 'epoch': 1.18}
{'loss': 0.4536, 'learning_rate': 9.378287995422866e-05, 'epoch': 1.19}
{'loss': 0.4588, 'learning_rate': 9.373957921564548e-05, 'epoch': 1.19}
{'loss': 0.4041, 'learning_rate': 9.369627847706231e-05, 'epoch': 1.19}
{'loss': 0.4235, 'learning_rate': 9.365297773847916e-05, 'epoch': 1.2}
{'loss': 0.469, 'learning_rate': 9.360967699989598e-05, 'epoch': 1.2}
{'loss': 0.424, 'learning_rate': 9.356637626131282e-05, 'epoch': 1.21}
{'loss': 0.4551, 'learning_rate': 9.352307552272964e-05, 'epoch': 1.21}
{'loss': 0.4342, 'learning_rate': 9.347977478414647e-05, 'epoch': 1.21}
{'loss': 0.4369, 'learning_rate': 9.34364740455633e-05, 'epoch': 1.22}
{'loss': 0.4466, 'learning_rate': 9.339317330698013e-05, 'epoch': 1.22}
{'loss': 0.455, 'learning_rate': 9.334987256839696e-05, 'epoch': 1.23}
{'loss': 0.4722, 'learning_rate': 9.33065718298138e-05, 'epoch': 1.23}
{'loss': 0.4217, 'learning_rate': 9.326327109123063e-05, 'epoch': 1.23}
{'loss': 0.4648, 'learning_rate': 9.321997035264747e-05, 'epoch': 1.24}
{'loss': 0.4756, 'learning_rate': 9.317666961406429e-05, 'epoch': 1.24}
{'loss': 0.4336, 'learning_rate': 9.313336887548112e-05, 'epoch': 1.25}
{'loss': 0.4355, 'learning_rate': 9.309006813689796e-05, 'epoch': 1.25}
{'loss': 0.4649, 'learning_rate': 9.304676739831478e-05, 'epoch': 1.25}
{'loss': 0.4586, 'learning_rate': 9.300346665973161e-05, 'epoch': 1.26}
{'loss': 0.4863, 'learning_rate': 9.296016592114845e-05, 'epoch': 1.26}
{'loss': 0.4563, 'learning_rate': 9.291686518256528e-05, 'epoch': 1.27}
{'loss': 0.442, 'learning_rate': 9.287356444398212e-05, 'epoch': 1.27}
{'loss': 0.4374, 'learning_rate': 9.283026370539895e-05, 'epoch': 1.28}
{'loss': 0.4804, 'learning_rate': 9.278696296681577e-05, 'epoch': 1.28}
{'loss': 0.45, 'learning_rate': 9.274366222823261e-05, 'epoch': 1.28}
{'loss': 0.411, 'learning_rate': 9.270036148964944e-05, 'epoch': 1.29}
{'loss': 0.4347, 'learning_rate': 9.265706075106626e-05, 'epoch': 1.29}
{'loss': 0.4529, 'learning_rate': 9.26137600124831e-05, 'epoch': 1.3}
{'loss': 0.4404, 'learning_rate': 9.257045927389993e-05, 'epoch': 1.3}
{'loss': 0.4282, 'learning_rate': 9.252715853531677e-05, 'epoch': 1.3}
{'loss': 0.4353, 'learning_rate': 9.24838577967336e-05, 'epoch': 1.31}
{'loss': 0.4914, 'learning_rate': 9.244142307292208e-05, 'epoch': 1.31}
{'loss': 0.4277, 'learning_rate': 9.239812233433893e-05, 'epoch': 1.32}
{'loss': 0.426, 'learning_rate': 9.235482159575576e-05, 'epoch': 1.32}
{'loss': 0.4408, 'learning_rate': 9.231152085717258e-05, 'epoch': 1.32}
{'loss': 0.4442, 'learning_rate': 9.226822011858942e-05, 'epoch': 1.33}
{'loss': 0.4644, 'learning_rate': 9.222491938000625e-05, 'epoch': 1.33}
{'loss': 0.454, 'learning_rate': 9.218161864142307e-05, 'epoch': 1.34}
{'loss': 0.4841, 'learning_rate': 9.213831790283991e-05, 'epoch': 1.34}
{'loss': 0.4602, 'learning_rate': 9.209501716425674e-05, 'epoch': 1.34}
{'loss': 0.453, 'learning_rate': 9.205171642567356e-05, 'epoch': 1.35}
{'loss': 0.4205, 'learning_rate': 9.20084156870904e-05, 'epoch': 1.35}
{'loss': 0.4376, 'learning_rate': 9.196511494850725e-05, 'epoch': 1.36}
{'loss': 0.4361, 'learning_rate': 9.192181420992407e-05, 'epoch': 1.36}
{'loss': 0.4202, 'learning_rate': 9.18785134713409e-05, 'epoch': 1.36}
{'loss': 0.4345, 'learning_rate': 9.183521273275772e-05, 'epoch': 1.37}
{'loss': 0.438, 'learning_rate': 9.179191199417456e-05, 'epoch': 1.37}
{'loss': 0.4641, 'learning_rate': 9.17486112555914e-05, 'epoch': 1.38}
{'loss': 0.4317, 'learning_rate': 9.170531051700821e-05, 'epoch': 1.38}
{'loss': 0.4676, 'learning_rate': 9.166200977842505e-05, 'epoch': 1.39}
{'loss': 0.4567, 'learning_rate': 9.161870903984188e-05, 'epoch': 1.39}
{'loss': 0.4164, 'learning_rate': 9.157540830125872e-05, 'epoch': 1.39}
{'loss': 0.4421, 'learning_rate': 9.153210756267555e-05, 'epoch': 1.4}
{'loss': 0.4511, 'learning_rate': 9.148880682409237e-05, 'epoch': 1.4}
{'loss': 0.4843, 'learning_rate': 9.144550608550921e-05, 'epoch': 1.41}
{'loss': 0.4197, 'learning_rate': 9.140220534692604e-05, 'epoch': 1.41}
{'loss': 0.4377, 'learning_rate': 9.135890460834287e-05, 'epoch': 1.41}
{'loss': 0.4111, 'learning_rate': 9.13156038697597e-05, 'epoch': 1.42}
{'loss': 0.4297, 'learning_rate': 9.127230313117654e-05, 'epoch': 1.42}
{'loss': 0.4712, 'learning_rate': 9.122900239259337e-05, 'epoch': 1.43}
{'loss': 0.4518, 'learning_rate': 9.11857016540102e-05, 'epoch': 1.43}
{'loss': 0.4476, 'learning_rate': 9.114240091542704e-05, 'epoch': 1.43}
{'loss': 0.4298, 'learning_rate': 9.109910017684386e-05, 'epoch': 1.44}
{'loss': 0.4185, 'learning_rate': 9.10557994382607e-05, 'epoch': 1.44}
{'loss': 0.4536, 'learning_rate': 9.101249869967753e-05, 'epoch': 1.45}
{'loss': 0.4483, 'learning_rate': 9.096919796109435e-05, 'epoch': 1.45}
{'loss': 0.4455, 'learning_rate': 9.092589722251119e-05, 'epoch': 1.45}
{'loss': 0.4302, 'learning_rate': 9.088259648392802e-05, 'epoch': 1.46}
{'loss': 0.4447, 'learning_rate': 9.083929574534486e-05, 'epoch': 1.46}
{'loss': 0.4283, 'learning_rate': 9.079599500676169e-05, 'epoch': 1.47}
{'loss': 0.4688, 'learning_rate': 9.075269426817851e-05, 'epoch': 1.47}
{'loss': 0.4712, 'learning_rate': 9.070939352959535e-05, 'epoch': 1.47}
{'loss': 0.4419, 'learning_rate': 9.066609279101218e-05, 'epoch': 1.48}
{'loss': 0.4585, 'learning_rate': 9.0622792052429e-05, 'epoch': 1.48}
{'loss': 0.4517, 'learning_rate': 9.057949131384584e-05, 'epoch': 1.49}
{'loss': 0.4257, 'learning_rate': 9.053619057526266e-05, 'epoch': 1.49}
{'loss': 0.4127, 'learning_rate': 9.049288983667949e-05, 'epoch': 1.5}
{'loss': 0.4523, 'learning_rate': 9.044958909809634e-05, 'epoch': 1.5}
{'loss': 0.43, 'learning_rate': 9.040628835951316e-05, 'epoch': 1.5}
{'loss': 0.439, 'learning_rate': 9.036298762093e-05, 'epoch': 1.51}
{'loss': 0.4625, 'learning_rate': 9.031968688234683e-05, 'epoch': 1.51}
{'loss': 0.4215, 'learning_rate': 9.027638614376365e-05, 'epoch': 1.52}
{'loss': 0.4384, 'learning_rate': 9.023308540518049e-05, 'epoch': 1.52}
{'loss': 0.4618, 'learning_rate': 9.018978466659732e-05, 'epoch': 1.52}
{'loss': 0.4575, 'learning_rate': 9.014648392801414e-05, 'epoch': 1.53}
{'loss': 0.4463, 'learning_rate': 9.010318318943098e-05, 'epoch': 1.53}
{'loss': 0.4434, 'learning_rate': 9.005988245084781e-05, 'epoch': 1.54}
{'loss': 0.4301, 'learning_rate': 9.001658171226465e-05, 'epoch': 1.54}
{'loss': 0.4258, 'learning_rate': 8.997328097368148e-05, 'epoch': 1.54}
{'loss': 0.4257, 'learning_rate': 8.992998023509832e-05, 'epoch': 1.55}
{'loss': 0.4308, 'learning_rate': 8.988667949651514e-05, 'epoch': 1.55}
{'loss': 0.4089, 'learning_rate': 8.984337875793197e-05, 'epoch': 1.56}
{'loss': 0.4401, 'learning_rate': 8.98000780193488e-05, 'epoch': 1.56}
{'loss': 0.4603, 'learning_rate': 8.975677728076563e-05, 'epoch': 1.56}
{'loss': 0.4774, 'learning_rate': 8.971347654218246e-05, 'epoch': 1.57}
{'loss': 0.4549, 'learning_rate': 8.96701758035993e-05, 'epoch': 1.57}
{'loss': 0.4257, 'learning_rate': 8.962687506501613e-05, 'epoch': 1.58}
{'loss': 0.4581, 'learning_rate': 8.958357432643297e-05, 'epoch': 1.58}
{'loss': 0.4303, 'learning_rate': 8.954027358784979e-05, 'epoch': 1.58}
{'loss': 0.448, 'learning_rate': 8.949697284926662e-05, 'epoch': 1.59}
{'loss': 0.4517, 'learning_rate': 8.945367211068345e-05, 'epoch': 1.59}
{'loss': 0.4495, 'learning_rate': 8.941037137210028e-05, 'epoch': 1.6}
{'loss': 0.4117, 'learning_rate': 8.936707063351712e-05, 'epoch': 1.6}
{'loss': 0.467, 'learning_rate': 8.932376989493395e-05, 'epoch': 1.61}
{'loss': 0.4285, 'learning_rate': 8.928046915635078e-05, 'epoch': 1.61}
{'loss': 0.4257, 'learning_rate': 8.923716841776762e-05, 'epoch': 1.61}
{'loss': 0.4533, 'learning_rate': 8.919473369395611e-05, 'epoch': 1.62}
{'loss': 0.4502, 'learning_rate': 8.915143295537294e-05, 'epoch': 1.62}
{'loss': 0.4343, 'learning_rate': 8.910813221678978e-05, 'epoch': 1.63}
{'loss': 0.438, 'learning_rate': 8.90648314782066e-05, 'epoch': 1.63}
{'loss': 0.4701, 'learning_rate': 8.902153073962343e-05, 'epoch': 1.63}
{'loss': 0.4142, 'learning_rate': 8.897823000104027e-05, 'epoch': 1.64}
{'loss': 0.4535, 'learning_rate': 8.893492926245709e-05, 'epoch': 1.64}
{'loss': 0.4347, 'learning_rate': 8.889162852387392e-05, 'epoch': 1.65}
{'loss': 0.4281, 'learning_rate': 8.884832778529075e-05, 'epoch': 1.65}
{'loss': 0.4294, 'learning_rate': 8.880502704670758e-05, 'epoch': 1.65}
{'loss': 0.4302, 'learning_rate': 8.876172630812443e-05, 'epoch': 1.66}
{'loss': 0.4342, 'learning_rate': 8.871842556954125e-05, 'epoch': 1.66}
{'loss': 0.4176, 'learning_rate': 8.867512483095808e-05, 'epoch': 1.67}
{'loss': 0.459, 'learning_rate': 8.863182409237492e-05, 'epoch': 1.67}
{'loss': 0.4326, 'learning_rate': 8.858852335379174e-05, 'epoch': 1.67}
{'loss': 0.4696, 'learning_rate': 8.854522261520858e-05, 'epoch': 1.68}
{'loss': 0.4463, 'learning_rate': 8.850192187662541e-05, 'epoch': 1.68}
{'loss': 0.4051, 'learning_rate': 8.845862113804223e-05, 'epoch': 1.69}
{'loss': 0.4301, 'learning_rate': 8.841532039945907e-05, 'epoch': 1.69}
{'loss': 0.439, 'learning_rate': 8.83720196608759e-05, 'epoch': 1.69}
{'loss': 0.4173, 'learning_rate': 8.832871892229274e-05, 'epoch': 1.7}
{'loss': 0.4477, 'learning_rate': 8.828541818370957e-05, 'epoch': 1.7}
{'loss': 0.4099, 'learning_rate': 8.824211744512639e-05, 'epoch': 1.71}
{'loss': 0.4495, 'learning_rate': 8.819881670654323e-05, 'epoch': 1.71}
{'loss': 0.4162, 'learning_rate': 8.815551596796006e-05, 'epoch': 1.72}
{'loss': 0.3848, 'learning_rate': 8.811221522937688e-05, 'epoch': 1.72}
{'loss': 0.4179, 'learning_rate': 8.806891449079372e-05, 'epoch': 1.72}
{'loss': 0.4172, 'learning_rate': 8.802561375221055e-05, 'epoch': 1.73}
{'loss': 0.4321, 'learning_rate': 8.798231301362739e-05, 'epoch': 1.73}
{'loss': 0.4253, 'learning_rate': 8.793901227504422e-05, 'epoch': 1.74}
{'loss': 0.4162, 'learning_rate': 8.789571153646104e-05, 'epoch': 1.74}
{'loss': 0.4219, 'learning_rate': 8.785241079787788e-05, 'epoch': 1.74}
{'loss': 0.4213, 'learning_rate': 8.780911005929471e-05, 'epoch': 1.75}
{'loss': 0.4127, 'learning_rate': 8.776580932071153e-05, 'epoch': 1.75}
{'loss': 0.4295, 'learning_rate': 8.772250858212837e-05, 'epoch': 1.76}
{'loss': 0.4431, 'learning_rate': 8.76792078435452e-05, 'epoch': 1.76}
{'loss': 0.4105, 'learning_rate': 8.763590710496204e-05, 'epoch': 1.76}
{'loss': 0.4554, 'learning_rate': 8.759260636637887e-05, 'epoch': 1.77}
{'loss': 0.4375, 'learning_rate': 8.754930562779571e-05, 'epoch': 1.77}
{'loss': 0.4014, 'learning_rate': 8.750600488921253e-05, 'epoch': 1.78}
{'loss': 0.438, 'learning_rate': 8.746270415062936e-05, 'epoch': 1.78}
{'loss': 0.421, 'learning_rate': 8.74194034120462e-05, 'epoch': 1.78}
{'loss': 0.4292, 'learning_rate': 8.737610267346302e-05, 'epoch': 1.79}
{'loss': 0.4249, 'learning_rate': 8.733280193487985e-05, 'epoch': 1.79}
{'loss': 0.4654, 'learning_rate': 8.728950119629669e-05, 'epoch': 1.8}
{'loss': 0.4312, 'learning_rate': 8.724620045771351e-05, 'epoch': 1.8}
{'loss': 0.4035, 'learning_rate': 8.720289971913036e-05, 'epoch': 1.8}
{'loss': 0.4078, 'learning_rate': 8.715959898054719e-05, 'epoch': 1.81}
{'loss': 0.452, 'learning_rate': 8.711629824196401e-05, 'epoch': 1.81}
{'loss': 0.4237, 'learning_rate': 8.707299750338085e-05, 'epoch': 1.82}
{'loss': 0.3999, 'learning_rate': 8.702969676479767e-05, 'epoch': 1.82}
{'loss': 0.4357, 'learning_rate': 8.69863960262145e-05, 'epoch': 1.83}
{'loss': 0.4445, 'learning_rate': 8.6943961302403e-05, 'epoch': 1.83}
{'loss': 0.4681, 'learning_rate': 8.690066056381983e-05, 'epoch': 1.83}
{'loss': 0.4128, 'learning_rate': 8.685822584000833e-05, 'epoch': 1.84}
{'loss': 0.417, 'learning_rate': 8.681492510142515e-05, 'epoch': 1.84}
{'loss': 0.4497, 'learning_rate': 8.677162436284199e-05, 'epoch': 1.85}
{'loss': 0.4149, 'learning_rate': 8.672832362425882e-05, 'epoch': 1.85}
{'loss': 0.4348, 'learning_rate': 8.668502288567564e-05, 'epoch': 1.85}
{'loss': 0.4137, 'learning_rate': 8.664172214709248e-05, 'epoch': 1.86}
{'loss': 0.4075, 'learning_rate': 8.659842140850931e-05, 'epoch': 1.86}
{'loss': 0.427, 'learning_rate': 8.655512066992615e-05, 'epoch': 1.87}
{'loss': 0.4144, 'learning_rate': 8.651181993134298e-05, 'epoch': 1.87}
{'loss': 0.4199, 'learning_rate': 8.646851919275982e-05, 'epoch': 1.87}
{'loss': 0.4124, 'learning_rate': 8.642521845417664e-05, 'epoch': 1.88}
{'loss': 0.4128, 'learning_rate': 8.638191771559347e-05, 'epoch': 1.88}
{'loss': 0.4368, 'learning_rate': 8.63386169770103e-05, 'epoch': 1.89}
{'loss': 0.4271, 'learning_rate': 8.629531623842713e-05, 'epoch': 1.89}
{'loss': 0.4368, 'learning_rate': 8.625201549984396e-05, 'epoch': 1.89}
{'loss': 0.4375, 'learning_rate': 8.62087147612608e-05, 'epoch': 1.9}
{'loss': 0.4068, 'learning_rate': 8.616541402267763e-05, 'epoch': 1.9}
{'loss': 0.4336, 'learning_rate': 8.612211328409447e-05, 'epoch': 1.91}
{'loss': 0.4304, 'learning_rate': 8.60788125455113e-05, 'epoch': 1.91}
{'loss': 0.3989, 'learning_rate': 8.603551180692812e-05, 'epoch': 1.91}
{'loss': 0.4491, 'learning_rate': 8.599221106834496e-05, 'epoch': 1.92}
{'loss': 0.3942, 'learning_rate': 8.594891032976178e-05, 'epoch': 1.92}
{'loss': 0.439, 'learning_rate': 8.590560959117861e-05, 'epoch': 1.93}
{'loss': 0.4301, 'learning_rate': 8.586230885259545e-05, 'epoch': 1.93}
{'loss': 0.4359, 'learning_rate': 8.581900811401228e-05, 'epoch': 1.94}
{'loss': 0.3826, 'learning_rate': 8.577570737542912e-05, 'epoch': 1.94}
{'loss': 0.4689, 'learning_rate': 8.573240663684594e-05, 'epoch': 1.94}
{'loss': 0.4177, 'learning_rate': 8.568910589826277e-05, 'epoch': 1.95}
{'loss': 0.3926, 'learning_rate': 8.564580515967961e-05, 'epoch': 1.95}
{'loss': 0.44, 'learning_rate': 8.560250442109643e-05, 'epoch': 1.96}
{'loss': 0.4239, 'learning_rate': 8.555920368251326e-05, 'epoch': 1.96}
{'loss': 0.4248, 'learning_rate': 8.55159029439301e-05, 'epoch': 1.96}
{'loss': 0.4113, 'learning_rate': 8.547260220534692e-05, 'epoch': 1.97}
{'loss': 0.4178, 'learning_rate': 8.542930146676375e-05, 'epoch': 1.97}
{'loss': 0.4204, 'learning_rate': 8.53860007281806e-05, 'epoch': 1.98}
{'loss': 0.4045, 'learning_rate': 8.534269998959742e-05, 'epoch': 1.98}
{'loss': 0.4252, 'learning_rate': 8.529939925101426e-05, 'epoch': 1.98}
{'loss': 0.4415, 'learning_rate': 8.52560985124311e-05, 'epoch': 1.99}
{'loss': 0.434, 'learning_rate': 8.521279777384792e-05, 'epoch': 1.99}
{'loss': 0.4227, 'learning_rate': 8.516949703526475e-05, 'epoch': 2.0}
[INFO|trainer.py:520] 2026-10-04 15:10:35,424 >> The following columns in the evaluation set  don't have a corresponding argument in `PETLEncModel.forward` and have been ignored: premise, idx, hypothesis.
[INFO|trainer.py:2179] 2026-10-04 15:10:35,426 >> ***** Running Evaluation *****
[INFO|trainer.py:2181] 2026-10-04 15:10:35,426 >>   Num examples = 9815
[INFO|trainer.py:2184] 2026-10-04 15:10:35,426 >>   Batch size = 32
{'eval_loss': 0.38289234042167664, 'eval_accuracy': 0.8552215995924605, 'eval_runtime': 13.2267, 'eval_samples_per_second': 742.059, 'eval_steps_per_second': 23.211, 'epoch': 2.0}
[INFO|trainer.py:1933] 2026-10-04 15:10:48,653 >> Saving model checkpoint to checkpoints/glue/mnli/20261004/glue.mnli.adapter.am_adapter.ao_sequential.fm_adapter.fo_sequential.abn.fbn.ac_add.fl_none.finit_bert.fs_1.unfrz_ef_.ne10.warm0.06.wd0.1.seed4./checkpoint-24544
[INFO|configuration_utils.py:364] 2026-10-04 15:10:48,655 >> Configuration saved in checkpoints/glue/mnli/20261004/glue.mnli.adapter.am_adapter.ao_sequential.fm_adapter.fo_sequential.abn.fbn.ac_add.fl_none.finit_bert.fs_1.unfrz_ef_.ne10.warm0.06.wd0.1.seed4./checkpoint-24544/config.json
[INFO|modeling_utils.py:898] 2026-10-04 15:10:48,904 >> Model weights saved in checkpoints/glue/mnli/20261004/glue.mnli.adapter.am_adapter.ao_sequential.fm_adapter.fo_sequential.abn.fbn.ac_add.fl_none.finit_bert.fs_1.unfrz_ef_.ne10.warm0.06.wd0.1.seed4./checkpoint-24544/pytorch_model.bin
[INFO|tokenization_utils_base.py:1948] 2026-10-04 15:10:48,906 >> tokenizer config file saved in checkpoints/glue/mnli/20261004/glue.mnli.adapter.am_adapter.ao_sequential.fm_adapter.fo_sequential.abn.fbn.ac_add.fl_none.finit_bert.fs_1.unfrz_ef_.ne10.warm0.06.wd0.1.seed4./checkpoint-24544/tokenizer_config.json
[INFO|tokenization_utils_base.py:1954] 2026-10-04 15:10:48,906 >> Special tokens file saved in checkpoints/glue/mnli/20261004/glue.mnli.adapter.am_adapter.ao_sequential.fm_adapter.fo_sequential.abn.fbn.ac_add.fl_none.finit_bert.fs_1.unfrz_ef_.ne10.warm0.06.wd0.1.seed4./checkpoint-24544/special_tokens_map.json
/work/unify-parameter-efficient-tuning/src/transformers/trainer.py:1784: FutureWarning: `torch.cuda.amp.autocast(args...)` is deprecated. Please use `torch.amp.autocast('cuda', args...)` instead.
  with autocast():
{'loss': 0.4174, 'learning_rate': 8.512619629668158e-05, 'epoch': 2.0}
{'loss': 0.4021, 'learning_rate': 8.50828955580984e-05, 'epoch': 2.0}
{'loss': 0.4078, 'learning_rate': 8.503959481951524e-05, 'epoch': 2.01}
{'loss': 0.4158, 'learning_rate': 8.499629408093209e-05, 'epoch': 2.01}
{'loss': 0.3966, 'learning_rate': 8.495299334234891e-05, 'epoch': 2.02}
{'loss': 0.419, 'learning_rate': 8.490969260376574e-05, 'epoch': 2.02}
{'loss': 0.4316, 'learning_rate': 8.486639186518257e-05, 'epoch': 2.02}
{'loss': 0.4195, 'learning_rate': 8.48230911265994e-05, 'epoch': 2.03}
{'loss': 0.4209, 'learning_rate': 8.477979038801622e-05, 'epoch': 2.03}
{'loss': 0.4216, 'learning_rate': 8.473648964943306e-05, 'epoch': 2.04}
{'loss': 0.4092, 'learning_rate': 8.469318891084989e-05, 'epoch': 2.04}
{'loss': 0.4123, 'learning_rate': 8.464988817226673e-05, 'epoch': 2.05}
{'loss': 0.4005, 'learning_rate': 8.460658743368356e-05, 'epoch': 2.05}
{'loss': 0.398, 'learning_rate': 8.45632866951004e-05, 'epoch': 2.05}
{'loss': 0.4251, 'learning_rate': 8.451998595651722e-05, 'epoch': 2.06}
{'loss': 0.4038, 'learning_rate': 8.447668521793405e-05, 'epoch': 2.06}
{'loss': 0.4158, 'learning_rate': 8.443338447935089e-05, 'epoch': 2.07}
{'loss': 0.3916, 'learning_rate': 8.439008374076771e-05, 'epoch': 2.07}
{'loss': 0.4158, 'learning_rate': 8.434678300218454e-05, 'epoch': 2.07}
{'loss': 0.3989, 'learning_rate': 8.430348226360138e-05, 'epoch': 2.08}
{'loss': 0.3923, 'learning_rate': 8.426018152501821e-05, 'epoch': 2.08}
{'loss': 0.3862, 'learning_rate': 8.421688078643505e-05, 'epoch': 2.09}
{'loss': 0.3953, 'learning_rate': 8.417358004785188e-05, 'epoch': 2.09}
{'loss': 0.3996, 'learning_rate': 8.41302793092687e-05, 'epoch': 2.09}
{'loss': 0.4083, 'learning_rate': 8.408697857068554e-05, 'epoch': 2.1}
{'loss': 0.3812, 'learning_rate': 8.404367783210237e-05, 'epoch': 2.1}
{'loss': 0.4108, 'learning_rate': 8.40003770935192e-05, 'epoch': 2.11}
{'loss': 0.4095, 'learning_rate': 8.395707635493603e-05, 'epoch': 2.11}
{'loss': 0.4152, 'learning_rate': 8.391377561635286e-05, 'epoch': 2.11}
{'loss': 0.3831, 'learning_rate': 8.38704748777697e-05, 'epoch': 2.12}
{'loss': 0.4437, 'learning_rate': 8.382717413918653e-05, 'epoch': 2.12}
{'loss': 0.4242, 'learning_rate': 8.378387340060335e-05, 'epoch': 2.13}
{'loss': 0.394, 'learning_rate': 8.374057266202019e-05, 'epoch': 2.13}
{'loss': 0.437, 'learning_rate': 8.369727192343701e-05, 'epoch': 2.13}
{'loss': 0.4115, 'learning_rate': 8.365397118485384e-05, 'epoch': 2.14}
{'loss': 0.3895, 'learning_rate': 8.361067044627068e-05, 'epoch': 2.14}
{'loss': 0.3985, 'learning_rate': 8.35673697076875e-05, 'epoch': 2.15}
{'loss': 0.398, 'learning_rate': 8.352406896910434e-05, 'epoch': 2.15}
{'loss': 0.3896, 'learning_rate': 8.348076823052117e-05, 'epoch': 2.16}
{'loss': 0.3979, 'learning_rate': 8.3437467491938e-05, 'epoch': 2.16}
{'loss': 0.4522, 'learning_rate': 8.339416675335484e-05, 'epoch': 2.16}
{'loss': 0.4353, 'learning_rate': 8.335086601477167e-05, 'epoch': 2.17}
{'loss': 0.4323, 'learning_rate': 8.33075652761885e-05, 'epoch': 2.17}
{'loss': 0.4132, 'learning_rate': 8.326426453760533e-05, 'epoch': 2.18}
{'loss': 0.3962, 'learning_rate': 8.322096379902216e-05, 'epoch': 2.18}
{'loss': 0.3998, 'learning_rate': 8.317766306043899e-05, 'epoch': 2.18}
{'loss': 0.4003, 'learning_rate': 8.313436232185582e-05, 'epoch': 2.19}
{'loss': 0.4294, 'learning_rate': 8.309106158327266e-05, 'epoch': 2.19}
{'loss': 0.3938, 'learning_rate': 8.304776084468949e-05, 'epoch': 2.2}
{'loss': 0.4359, 'learning_rate': 8.300446010610632e-05, 'epoch': 2.2}
{'loss': 0.4247, 'learning_rate': 8.296115936752316e-05, 'epoch': 2.2}
{'loss': 0.4096, 'learning_rate': 8.291785862893998e-05, 'epoch': 2.21}
{'loss': 0.4363, 'learning_rate': 8.287455789035682e-05, 'epoch': 2.21}
{'loss': 0.4322, 'learning_rate': 8.283125715177364e-05, 'epoch': 2.22}
{'loss': 0.413, 'learning_rate': 8.278795641319047e-05, 'epoch': 2.22}
{'loss': 0.3966, 'learning_rate': 8.27446556746073e-05, 'epoch': 2.22}
{'loss': 0.4016, 'learning_rate': 8.270135493602414e-05, 'epoch': 2.23}
{'loss': 0.3961, 'learning_rate': 8.265805419744098e-05, 'epoch': 2.23}
{'loss': 0.3865, 'learning_rate': 8.26147534588578e-05, 'epoch': 2.24}
{'loss': 0.4046, 'learning_rate': 8.257145272027463e-05, 'epoch': 2.24}
{'loss': 0.4298, 'learning_rate': 8.252815198169147e-05, 'epoch': 2.24}
{'loss': 0.3793, 'learning_rate': 8.248485124310829e-05, 'epoch': 2.25}
{'loss': 0.4228, 'learning_rate': 8.244155050452512e-05, 'epoch': 2.25}
{'loss': 0.3946, 'learning_rate': 8.239824976594196e-05, 'epoch': 2.26}
{'loss': 0.4151, 'learning_rate': 8.235494902735878e-05, 'epoch': 2.26}
{'loss': 0.3969, 'learning_rate': 8.231164828877563e-05, 'epoch': 2.27}
{'loss': 0.4105, 'learning_rate': 8.226834755019246e-05, 'epoch': 2.27}
{'loss': 0.413, 'learning_rate': 8.222504681160928e-05, 'epoch': 2.27}
{'loss': 0.4235, 'learning_rate': 8.218174607302612e-05, 'epoch': 2.28}
{'loss': 0.4086, 'learning_rate': 8.213844533444295e-05, 'epoch': 2.28}
{'loss': 0.442, 'learning_rate': 8.209514459585977e-05, 'epoch': 2.29}
{'loss': 0.3971, 'learning_rate': 8.205184385727661e-05, 'epoch': 2.29}
{'loss': 0.4237, 'learning_rate': 8.200854311869344e-05, 'epoch': 2.29}
{'loss': 0.4046, 'learning_rate': 8.196524238011026e-05, 'epoch': 2.3}
{'loss': 0.4199, 'learning_rate': 8.19219416415271e-05, 'epoch': 2.3}
{'loss': 0.4, 'learning_rate': 8.187864090294395e-05, 'epoch': 2.31}
{'loss': 0.426, 'learning_rate': 8.183534016436077e-05, 'epoch': 2.31}
{'loss': 0.3865, 'learning_rate': 8.17920394257776e-05, 'epoch': 2.31}
{'loss': 0.4022, 'learning_rate': 8.174873868719442e-05, 'epoch': 2.32}
{'loss': 0.4088, 'learning_rate': 8.170543794861126e-05, 'epoch': 2.32}
{'loss': 0.4058, 'learning_rate': 8.166213721002808e-05, 'epoch': 2.33}
{'loss': 0.3773, 'learning_rate': 8.161883647144492e-05, 'epoch': 2.33}
{'loss': 0.4156, 'learning_rate': 8.157553573286175e-05, 'epoch': 2.33}
{'loss': 0.3789, 'learning_rate': 8.153310100905025e-05, 'epoch': 2.34}
{'loss': 0.4276, 'learning_rate': 8.148980027046707e-05, 'epoch': 2.34}
{'loss': 0.3892, 'learning_rate': 8.144649953188391e-05, 'epoch': 2.35}
{'loss': 0.4074, 'learning_rate': 8.140319879330074e-05, 'epoch': 2.35}
{'loss': 0.4162, 'learning_rate': 8.135989805471758e-05, 'epoch': 2.35}
{'loss': 0.4206, 'learning_rate': 8.131659731613441e-05, 'epoch': 2.36}
{'loss': 0.3959, 'learning_rate': 8.12741625923229e-05, 'epoch': 2.36}
{'loss': 0.4215, 'learning_rate': 8.123172786851139e-05, 'epoch': 2.37}
{'loss': 0.4141, 'learning_rate': 8.118842712992822e-05, 'epoch': 2.37}
{'loss': 0.4041, 'learning_rate': 8.114512639134506e-05, 'epoch': 2.38}
{'loss': 0.431, 'learning_rate': 8.11018256527619e-05, 'epoch': 2.38}
{'loss': 0.4366, 'learning_rate': 8.105852491417873e-05, 'epoch': 2.38}
{'loss': 0.4234, 'learning_rate': 8.101522417559555e-05, 'epoch': 2.39}
{'loss': 0.4228, 'learning_rate': 8.097192343701238e-05, 'epoch': 2.39}
{'loss': 0.3993, 'learning_rate': 8.09286226984292e-05, 'epoch': 2.4}
{'loss': 0.3869, 'learning_rate': 8.088532195984604e-05, 'epoch': 2.4}
{'loss': 0.4044, 'learning_rate': 8.084202122126288e-05, 'epoch': 2.4}
{'loss': 0.4273, 'learning_rate': 8.079872048267971e-05, 'epoch': 2.41}
{'loss': 0.3814, 'learning_rate': 8.075541974409654e-05, 'epoch': 2.41}
{'loss': 0.4181, 'learning_rate': 8.071211900551338e-05, 'epoch': 2.42}
{'loss': 0.3858, 'learning_rate': 8.06688182669302e-05, 'epoch': 2.42}
{'loss': 0.4545, 'learning_rate': 8.062551752834704e-05, 'epoch': 2.42}
{'loss': 0.4119, 'learning_rate': 8.058221678976387e-05, 'epoch': 2.43}
{'loss': 0.387, 'learning_rate': 8.053891605118069e-05, 'epoch': 2.43}
{'loss': 0.4069, 'learning_rate': 8.049561531259753e-05, 'epoch': 2.44}
{'loss': 0.3942, 'learning_rate': 8.045231457401436e-05, 'epoch': 2.44}
{'loss': 0.4299, 'learning_rate': 8.040901383543118e-05, 'epoch': 2.44}
{'loss': 0.3956, 'learning_rate': 8.036571309684803e-05, 'epoch': 2.45}
{'loss': 0.4089, 'learning_rate': 8.032241235826487e-05, 'epoch': 2.45}
{'loss': 0.4063, 'learning_rate': 8.027911161968169e-05, 'epoch': 2.46}
{'loss': 0.4448, 'learning_rate': 8.023581088109852e-05, 'epoch': 2.46}
{'loss': 0.381, 'learning_rate': 8.019251014251536e-05, 'epoch': 2.46}
{'loss': 0.4033, 'learning_rate': 8.014920940393218e-05, 'epoch': 2.47}
{'loss': 0.443, 'learning_rate': 8.010590866534901e-05, 'epoch': 2.47}
{'loss': 0.3975, 'learning_rate': 8.006260792676583e-05, 'epoch': 2.48}
{'loss': 0.4288, 'learning_rate': 8.001930718818267e-05, 'epoch': 2.48}
{'loss': 0.3909, 'learning_rate': 7.99760064495995e-05, 'epoch': 2.49}
{'loss': 0.3865, 'learning_rate': 7.993270571101634e-05, 'epoch': 2.49}
{'loss': 0.373, 'learning_rate': 7.988940497243317e-05, 'epoch': 2.49}
{'loss': 0.4253, 'learning_rate': 7.984610423384999e-05, 'epoch': 2.5}
{'loss': 0.3878, 'learning_rate': 7.980280349526683e-05, 'epoch': 2.5}
{'loss': 0.3802, 'learning_rate': 7.975950275668366e-05, 'epoch': 2.51}
{'loss': 0.3851, 'learning_rate': 7.971620201810048e-05, 'epoch': 2.51}
{'loss': 0.4167, 'learning_rate': 7.967290127951732e-05, 'epoch': 2.51}
{'loss': 0.4216, 'learning_rate': 7.962960054093415e-05, 'epoch': 2.52}
{'loss': 0.4304, 'learning_rate': 7.958629980235099e-05, 'epoch': 2.52}
{'loss': 0.4178, 'learning_rate': 7.954299906376782e-05, 'epoch': 2.53}
{'loss': 0.4372, 'learning_rate': 7.949969832518466e-05, 'epoch': 2.53}
{'loss': 0.4101, 'learning_rate': 7.945639758660148e-05, 'epoch': 2.53}
{'loss': 0.3863, 'learning_rate': 7.941309684801831e-05, 'epoch': 2.54}
{'loss': 0.3834, 'learning_rate': 7.936979610943515e-05, 'epoch': 2.54}
{'loss': 0.4029, 'learning_rate': 7.932649537085197e-05, 'epoch': 2.55}
{'loss': 0.4103, 'learning_rate': 7.92831946322688e-05, 'epoch': 2.55}
{'loss': 0.3849, 'learning_rate': 7.923989389368564e-05, 'epoch': 2.55}
{'loss': 0.407, 'learning_rate': 7.919659315510247e-05, 'epoch': 2.56}
{'loss': 0.4212, 'learning_rate': 7.915329241651931e-05, 'epoch': 2.56}
{'loss': 0.3936, 'learning_rate': 7.910999167793614e-05, 'epoch': 2.57}
{'loss': 0.4097, 'learning_rate': 7.906669093935296e-05, 'epoch': 2.57}
{'loss': 0.3967, 'learning_rate': 7.90233902007698e-05, 'epoch': 2.57}
{'loss': 0.3723, 'learning_rate': 7.898008946218662e-05, 'epoch': 2.58}
{'loss': 0.423, 'learning_rate': 7.893678872360346e-05, 'epoch': 2.58}
{'loss': 0.4175, 'learning_rate': 7.889348798502028e-05, 'epoch': 2.59}
{'loss': 0.4077, 'learning_rate': 7.885018724643712e-05, 'epoch': 2.59}
{'loss': 0.4356, 'learning_rate': 7.880688650785396e-05, 'epoch': 2.6}
{'loss': 0.4246, 'learning_rate': 7.876358576927078e-05, 'epoch': 2.6}
{'loss': 0.4025, 'learning_rate': 7.872028503068762e-05, 'epoch': 2.6}
{'loss': 0.3846, 'learning_rate': 7.867698429210445e-05, 'epoch': 2.61}
{'loss': 0.3987, 'learning_rate': 7.863368355352127e-05, 'epoch': 2.61}
{'loss': 0.3872, 'learning_rate': 7.85903828149381e-05, 'epoch': 2.62}
{'loss': 0.3823, 'learning_rate': 7.854708207635494e-05, 'epoch': 2.62}
{'loss': 0.4325, 'learning_rate': 7.850378133777176e-05, 'epoch': 2.62}
{'loss': 0.4172, 'learning_rate': 7.84604805991886e-05, 'epoch': 2.63}
{'loss': 0.4192, 'learning_rate': 7.841717986060545e-05, 'epoch': 2.63}
{'loss': 0.3853, 'learning_rate': 7.837387912202227e-05, 'epoch': 2.64}
{'loss': 0.4354, 'learning_rate': 7.83305783834391e-05, 'epoch': 2.64}
{'loss': 0.3945, 'learning_rate': 7.828727764485594e-05, 'epoch': 2.64}
{'loss': 0.3555, 'learning_rate': 7.824397690627276e-05, 'epoch': 2.65}
{'loss': 0.4069, 'learning_rate': 7.820067616768959e-05, 'epoch': 2.65}
{'loss': 0.4038, 'learning_rate': 7.815737542910643e-05, 'epoch': 2.66}
{'loss': 0.3895, 'learning_rate': 7.811407469052325e-05, 'epoch': 2.66}
{'loss': 0.4272, 'learning_rate': 7.807077395194008e-05, 'epoch': 2.66}
{'loss': 0.4339, 'learning_rate': 7.802747321335692e-05, 'epoch': 2.67}
{'loss': 0.3776, 'learning_rate': 7.798417247477375e-05, 'epoch': 2.67}
{'loss': 0.4441, 'learning_rate': 7.794087173619059e-05, 'epoch': 2.68}
{'loss': 0.4225, 'learning_rate': 7.789757099760741e-05, 'epoch': 2.68}
{'loss': 0.3962, 'learning_rate': 7.785427025902424e-05, 'epoch': 2.68}
{'loss': 0.38, 'learning_rate': 7.781096952044106e-05, 'epoch': 2.69}
{'loss': 0.4085, 'learning_rate': 7.77676687818579e-05, 'epoch': 2.69}
{'loss': 0.4381, 'learning_rate': 7.772436804327473e-05, 'epoch': 2.7}
{'loss': 0.386, 'learning_rate': 7.768106730469157e-05, 'epoch': 2.7}
{'loss': 0.3833, 'learning_rate': 7.76377665661084e-05, 'epoch': 2.71}
{'loss': 0.3869, 'learning_rate': 7.759446582752524e-05, 'epoch': 2.71}
{'loss': 0.4317, 'learning_rate': 7.755116508894206e-05, 'epoch': 2.71}
{'loss': 0.4082, 'learning_rate': 7.75078643503589e-05, 'epoch': 2.72}
{'loss': 0.4138, 'learning_rate': 7.746456361177573e-05, 'epoch': 2.72}
{'loss': 0.3905, 'learning_rate': 7.742126287319255e-05, 'epoch': 2.73}
{'loss': 0.417, 'learning_rate': 7.737796213460938e-05, 'epoch': 2.73}
{'loss': 0.3919, 'learning_rate': 7.733466139602622e-05, 'epoch': 2.73}
{'loss': 0.3861, 'learning_rate': 7.729136065744305e-05, 'epoch': 2.74}
{'loss': 0.4379, 'learning_rate': 7.724805991885989e-05, 'epoch': 2.74}
{'loss': 0.4038, 'learning_rate': 7.720475918027672e-05, 'epoch': 2.75}
{'loss': 0.4011, 'learning_rate': 7.716145844169354e-05, 'epoch': 2.75}
{'loss': 0.3775, 'learning_rate': 7.711815770311038e-05, 'epoch': 2.75}
{'loss': 0.4064, 'learning_rate': 7.707485696452721e-05, 'epoch': 2.76}
{'loss': 0.3961, 'learning_rate': 7.703155622594404e-05, 'epoch': 2.76}
{'loss': 0.4052, 'learning_rate': 7.698825548736087e-05, 'epoch': 2.77}
{'loss': 0.4078, 'learning_rate': 7.694495474877769e-05, 'epoch': 2.77}
{'loss': 0.3817, 'learning_rate': 7.690165401019453e-05, 'epoch': 2.77}
{'loss': 0.4094, 'learning_rate': 7.685835327161136e-05, 'epoch': 2.78}
{'loss': 0.3944, 'learning_rate': 7.68150525330282e-05, 'epoch': 2.78}
{'loss': 0.414, 'learning_rate': 7.677175179444503e-05, 'epoch': 2.79}
{'loss': 0.4164, 'learning_rate': 7.672845105586185e-05, 'epoch': 2.79}
{'loss': 0.433, 'learning_rate': 7.668515031727869e-05, 'epoch': 2.79}
{'loss': 0.396, 'learning_rate': 7.664184957869552e-05, 'epoch': 2.8}
{'loss': 0.394, 'learning_rate': 7.659854884011234e-05, 'epoch': 2.8}
{'loss': 0.3871, 'learning_rate': 7.655524810152918e-05, 'epoch': 2.81}
{'loss': 0.3861, 'learning_rate': 7.651194736294601e-05, 'epoch': 2.81}
{'loss': 0.4259, 'learning_rate': 7.646864662436285e-05, 'epoch': 2.82}
{'loss': 0.3829, 'learning_rate': 7.642534588577968e-05, 'epoch': 2.82}
{'loss': 0.3716, 'learning_rate': 7.638204514719652e-05, 'epoch': 2.82}
{'loss': 0.4428, 'learning_rate': 7.633874440861334e-05, 'epoch': 2.83}
{'loss': 0.3951, 'learning_rate': 7.629544367003017e-05, 'epoch': 2.83}
{'loss': 0.3956, 'learning_rate': 7.625214293144701e-05, 'epoch': 2.84}
{'loss': 0.3833, 'learning_rate': 7.620884219286383e-05, 'epoch': 2.84}
{'loss': 0.4123, 'learning_rate': 7.616554145428066e-05, 'epoch': 2.84}
{'loss': 0.3972, 'learning_rate': 7.61222407156975e-05, 'epoch': 2.85}
{'loss': 0.38, 'learning_rate': 7.607893997711433e-05, 'epoch': 2.85}
{'loss': 0.4233, 'learning_rate': 7.603563923853117e-05, 'epoch': 2.86}
{'loss': 0.3813, 'learning_rate': 7.5992338499948e-05, 'epoch': 2.86}
{'loss': 0.4154, 'learning_rate': 7.594990377613649e-05, 'epoch': 2.86}
{'loss': 0.4239, 'learning_rate': 7.590660303755333e-05, 'epoch': 2.87}
{'loss': 0.3993, 'learning_rate': 7.586330229897015e-05, 'epoch': 2.87}
{'loss': 0.3898, 'learning_rate': 7.582000156038698e-05, 'epoch': 2.88}
{'loss': 0.3975, 'learning_rate': 7.577670082180382e-05, 'epoch': 2.88}
{'loss': 0.385, 'learning_rate': 7.573340008322064e-05, 'epoch': 2.88}
{'loss': 0.4144, 'learning_rate': 7.569009934463747e-05, 'epoch': 2.89}
{'loss': 0.3994, 'learning_rate': 7.56467986060543e-05, 'epoch': 2.89}
{'loss': 0.4184, 'learning_rate': 7.560349786747114e-05, 'epoch': 2.9}
{'loss': 0.4252, 'learning_rate': 7.556019712888798e-05, 'epoch': 2.9}
{'loss': 0.4123, 'learning_rate': 7.551689639030481e-05, 'epoch': 2.9}
{'loss': 0.3992, 'learning_rate': 7.547359565172163e-05, 'epoch': 2.91}
{'loss': 0.3965, 'learning_rate': 7.543029491313847e-05, 'epoch': 2.91}
{'loss': 0.3715, 'learning_rate': 7.53869941745553e-05, 'epoch': 2.92}
{'loss': 0.4099, 'learning_rate': 7.534369343597212e-05, 'epoch': 2.92}
{'loss': 0.3736, 'learning_rate': 7.530039269738896e-05, 'epoch': 2.93}
{'loss': 0.408, 'learning_rate': 7.525709195880578e-05, 'epoch': 2.93}
{'loss': 0.4006, 'learning_rate': 7.521379122022261e-05, 'epoch': 2.93}
{'loss': 0.4029, 'learning_rate': 7.517049048163945e-05, 'epoch': 2.94}
{'loss': 0.4237, 'learning_rate': 7.512718974305628e-05, 'epoch': 2.94}
{'loss': 0.3791, 'learning_rate': 7.508388900447312e-05, 'epoch': 2.95}
{'loss': 0.3984, 'learning_rate': 7.504058826588994e-05, 'epoch': 2.95}
{'loss': 0.4199, 'learning_rate': 7.499728752730677e-05, 'epoch': 2.95}
{'loss': 0.4489, 'learning_rate': 7.495398678872361e-05, 'epoch': 2.96}
{'loss': 0.3952, 'learning_rate': 7.491068605014043e-05, 'epoch': 2.96}
{'loss': 0.4124, 'learning_rate': 7.486738531155726e-05, 'epoch': 2.97}
{'loss': 0.3916, 'learning_rate': 7.48240845729741e-05, 'epoch': 2.97}
{'loss': 0.3952, 'learning_rate': 7.478078383439093e-05, 'epoch': 2.97}
{'loss': 0.3944, 'learning_rate': 7.473748309580777e-05, 'epoch': 2.98}
{'loss': 0.4182, 'learning_rate': 7.46941823572246e-05, 'epoch': 2.98}
{'loss': 0.4147, 'learning_rate': 7.465088161864142e-05, 'epoch': 2.99}
{'loss': 0.4328, 'learning_rate': 7.460758088005826e-05, 'epoch': 2.99}
{'loss': 0.3976, 'learning_rate': 7.45642801414751e-05, 'epoch': 2.99}
{'loss': 0.4234, 'learning_rate': 7.452184541766358e-05, 'epoch': 3.0}
[INFO|trainer.py:520] 2026-10-04 15:17:57,812 >> The following columns in the evaluation set  don't have a corresponding argument in `PETLEncModel.forward` and have been ignored: premise, idx, hypothesis.
[INFO|trainer.py:2179] 2026-10-04 15:17:57,814 >> ***** Running Evaluation *****
[INFO|trainer.py:2181] 2026-10-04 15:17:57,814 >>   Num examples = 9815
[INFO|trainer.py:2184] 2026-10-04 15:17:57,814 >>   Batch size = 32
{'eval_loss': 0.3588549792766571, 'eval_accuracy': 0.8638818135506877, 'eval_runtime': 13.1015, 'eval_samples_per_second': 749.15, 'eval_steps_per_second': 23.432, 'epoch': 3.0}
[INFO|trainer.py:1933] 2026-10-04 15:18:10,916 >> Saving model checkpoint to checkpoints/glue/mnli/20261004/glue.mnli.adapter.am_adapter.ao_sequential.fm_adapter.fo_sequential.abn.fbn.ac_add.fl_none.finit_bert.fs_1.unfrz_ef_.ne10.warm0.06.wd0.1.seed4./checkpoint-36816
[INFO|configuration_utils.py:364] 2026-10-04 15:18:10,918 >> Configuration saved in checkpoints/glue/mnli/20261004/glue.mnli.adapter.am_adapter.ao_sequential.fm_adapter.fo_sequential.abn.fbn.ac_add.fl_none.finit_bert.fs_1.unfrz_ef_.ne10.warm0.06.wd0.1.seed4./checkpoint-36816/config.json
[INFO|modeling_utils.py:898] 2026-10-04 15:18:11,214 >> Model weights saved in checkpoints/glue/mnli/20261004/glue.mnli.adapter.am_adapter.ao_sequential.fm_adapter.fo_sequential.abn.fbn.ac_add.fl_none.finit_bert.fs_1.unfrz_ef_.ne10.warm0.06.wd0.1.seed4./checkpoint-36816/pytorch_model.bin
[INFO|tokenization_utils_base.py:1948] 2026-10-04 15:18:11,215 >> tokenizer config file saved in checkpoints/glue/mnli/20261004/glue.mnli.adapter.am_adapter.ao_sequential.fm_adapter.fo_sequential.abn.fbn.ac_add.fl_none.finit_bert.fs_1.unfrz_ef_.ne10.warm0.06.wd0.1.seed4./checkpoint-36816/tokenizer_config.json
[INFO|tokenization_utils_base.py:1954] 2026-10-04 15:18:11,216 >> Special tokens file saved in checkpoints/glue/mnli/20261004/glue.mnli.adapter.am_adapter.ao_sequential.fm_adapter.fo_sequential.abn.fbn.ac_add.fl_none.finit_bert.fs_1.unfrz_ef_.ne10.warm0.06.wd0.1.seed4./checkpoint-36816/special_tokens_map.json
[INFO|trainer.py:2009] 2026-10-04 15:18:11,284 >> Deleting older checkpoint [checkpoints/glue/mnli/20261004/glue.mnli.adapter.am_adapter.ao_sequential.fm_adapter.fo_sequential.abn.fbn.ac_add.fl_none.finit_bert.fs_1.unfrz_ef_.ne10.warm0.06.wd0.1.seed4./checkpoint-12272] due to args.save_total_limit
/work/unify-parameter-efficient-tuning/src/transformers/trainer.py:1784: FutureWarning: `torch.cuda.amp.autocast(args...)` is deprecated. Please use `torch.amp.autocast('cuda', args...)` instead.
  with autocast():
{'loss': 0.4006, 'learning_rate': 7.447854467908042e-05, 'epoch': 3.0}
{'loss': 0.4024, 'learning_rate': 7.443524394049724e-05, 'epoch': 3.01}
{'loss': 0.3977, 'learning_rate': 7.439194320191407e-05, 'epoch': 3.01}
{'loss': 0.3706, 'learning_rate': 7.434864246333091e-05, 'epoch': 3.01}
{'loss': 0.4158, 'learning_rate': 7.430534172474774e-05, 'epoch': 3.02}
{'loss': 0.3585, 'learning_rate': 7.426204098616458e-05, 'epoch': 3.02}
{'loss': 0.3823, 'learning_rate': 7.421874024758141e-05, 'epoch': 3.03}
{'loss': 0.3796, 'learning_rate': 7.417543950899823e-05, 'epoch': 3.03}
{'loss': 0.3932, 'learning_rate': 7.413213877041507e-05, 'epoch': 3.04}
{'loss': 0.391, 'learning_rate': 7.40888380318319e-05, 'epoch': 3.04}
{'loss': 0.3749, 'learning_rate': 7.404553729324872e-05, 'epoch': 3.04}
{'loss': 0.3986, 'learning_rate': 7.400223655466556e-05, 'epoch': 3.05}
{'loss': 0.3985, 'learning_rate': 7.39589358160824e-05, 'epoch': 3.05}
{'loss': 0.4086, 'learning_rate': 7.391563507749923e-05, 'epoch': 3.06}
{'loss': 0.3851, 'learning_rate': 7.387233433891606e-05, 'epoch': 3.06}
{'loss': 0.3713, 'learning_rate': 7.38290336003329e-05, 'epoch': 3.06}
{'loss': 0.4125, 'learning_rate': 7.378573286174972e-05, 'epoch': 3.07}
{'loss': 0.3939, 'learning_rate': 7.374243212316654e-05, 'epoch': 3.07}
{'loss': 0.4067, 'learning_rate': 7.369913138458339e-05, 'epoch': 3.08}
{'loss': 0.4237, 'learning_rate': 7.365583064600021e-05, 'epoch': 3.08}
{'loss': 0.3746, 'learning_rate': 7.361252990741703e-05, 'epoch': 3.08}
{'loss': 0.3743, 'learning_rate': 7.356922916883387e-05, 'epoch': 3.09}
{'loss': 0.3881, 'learning_rate': 7.352592843025071e-05, 'epoch': 3.09}
{'loss': 0.4083, 'learning_rate': 7.348262769166754e-05, 'epoch': 3.1}
{'loss': 0.3958, 'learning_rate': 7.343932695308437e-05, 'epoch': 3.1}
{'loss': 0.3956, 'learning_rate': 7.33960262145012e-05, 'epoch': 3.1}
{'loss': 0.3962, 'learning_rate': 7.335272547591803e-05, 'epoch': 3.11}
{'loss': 0.3863, 'learning_rate': 7.330942473733486e-05, 'epoch': 3.11}
{'loss': 0.3733, 'learning_rate': 7.32661239987517e-05, 'epoch': 3.12}
{'loss': 0.3983, 'learning_rate': 7.322282326016852e-05, 'epoch': 3.12}
{'loss': 0.3774, 'learning_rate': 7.317952252158535e-05, 'epoch': 3.12}
{'loss': 0.3929, 'learning_rate': 7.313622178300219e-05, 'epoch': 3.13}
{'loss': 0.3672, 'learning_rate': 7.309292104441902e-05, 'epoch': 3.13}
{'loss': 0.4106, 'learning_rate': 7.304962030583586e-05, 'epoch': 3.14}
{'loss': 0.3945, 'learning_rate': 7.300631956725269e-05, 'epoch': 3.14}
{'loss': 0.4069, 'learning_rate': 7.296301882866951e-05, 'epoch': 3.15}
{'loss': 0.3887, 'learning_rate': 7.291971809008635e-05, 'epoch': 3.15}
{'loss': 0.3523, 'learning_rate': 7.287641735150318e-05, 'epoch': 3.15}
{'loss': 0.3997, 'learning_rate': 7.283311661292e-05, 'epoch': 3.16}
{'loss': 0.3833, 'learning_rate': 7.278981587433684e-05, 'epoch': 3.16}
{'loss': 0.373, 'learning_rate': 7.274651513575367e-05, 'epoch': 3.17}
{'loss': 0.4053, 'learning_rate': 7.270321439717051e-05, 'epoch': 3.17}
{'loss': 0.4012, 'learning_rate': 7.265991365858733e-05, 'epoch': 3.17}
{'loss': 0.3711, 'learning_rate': 7.261661292000418e-05, 'epoch': 3.18}
{'loss': 0.3941, 'learning_rate': 7.2573312181421e-05, 'epoch': 3.18}
{'loss': 0.4015, 'learning_rate': 7.253001144283782e-05, 'epoch': 3.19}
{'loss': 0.3888, 'learning_rate': 7.248671070425465e-05, 'epoch': 3.19}
{'loss': 0.3998, 'learning_rate': 7.244340996567149e-05, 'epoch': 3.19}
{'loss': 0.3894, 'learning_rate': 7.240010922708832e-05, 'epoch': 3.2}
{'loss': 0.3998, 'learning_rate': 7.235680848850516e-05, 'epoch': 3.2}
{'loss': 0.3835, 'learning_rate': 7.231350774992199e-05, 'epoch': 3.21}
{'loss': 0.3737, 'learning_rate': 7.227020701133881e-05, 'epoch': 3.21}
{'loss': 0.3799, 'learning_rate': 7.222690627275565e-05, 'epoch': 3.21}
{'loss': 0.4, 'learning_rate': 7.218360553417248e-05, 'epoch': 3.22}
{'loss': 0.3956, 'learning_rate': 7.21403047955893e-05, 'epoch': 3.22}
{'loss': 0.4235, 'learning_rate': 7.209700405700614e-05, 'epoch': 3.23}
{'loss': 0.3868, 'learning_rate': 7.205370331842297e-05, 'epoch': 3.23}
{'loss': 0.401, 'learning_rate': 7.20104025798398e-05, 'epoch': 3.24}
{'loss': 0.3918, 'learning_rate': 7.196710184125664e-05, 'epoch': 3.24}
{'loss': 0.3877, 'learning_rate': 7.192380110267348e-05, 'epoch': 3.24}
{'loss': 0.3932, 'learning_rate': 7.18805003640903e-05, 'epoch': 3.25}
{'loss': 0.3916, 'learning_rate': 7.183719962550713e-05, 'epoch': 3.25}
{'loss': 0.3991, 'learning_rate': 7.179389888692397e-05, 'epoch': 3.26}
{'loss': 0.3712, 'learning_rate': 7.175059814834079e-05, 'epoch': 3.26}
{'loss': 0.3928, 'learning_rate': 7.170729740975761e-05, 'epoch': 3.26}
{'loss': 0.3802, 'learning_rate': 7.166399667117446e-05, 'epoch': 3.27}
{'loss': 0.394, 'learning_rate': 7.162069593259128e-05, 'epoch': 3.27}
{'loss': 0.3985, 'learning_rate': 7.157739519400812e-05, 'epoch': 3.28}
{'loss': 0.3929, 'learning_rate': 7.153409445542496e-05, 'epoch': 3.28}
{'loss': 0.3831, 'learning_rate': 7.149079371684179e-05, 'epoch': 3.28}
{'loss': 0.4217, 'learning_rate': 7.14474929782586e-05, 'epoch': 3.29}
{'loss': 0.3938, 'learning_rate': 7.140419223967544e-05, 'epoch': 3.29}
{'loss': 0.4209, 'learning_rate': 7.136089150109228e-05, 'epoch': 3.3}
{'loss': 0.3864, 'learning_rate': 7.13175907625091e-05, 'epoch': 3.3}
{'loss': 0.393, 'learning_rate': 7.127429002392593e-05, 'epoch': 3.3}
{'loss': 0.3944, 'learning_rate': 7.123098928534277e-05, 'epoch': 3.31}
{'loss': 0.3511, 'learning_rate': 7.11876885467596e-05, 'epoch': 3.31}
{'loss': 0.3824, 'learning_rate': 7.114438780817644e-05, 'epoch': 3.32}
{'loss': 0.3939, 'learning_rate': 7.110108706959327e-05, 'epoch': 3.32}
{'loss': 0.338, 'learning_rate': 7.105778633101009e-05, 'epoch': 3.32}
{'loss': 0.3652, 'learning_rate': 7.101448559242693e-05, 'epoch': 3.33}
{'loss': 0.3731, 'learning_rate': 7.097118485384376e-05, 'epoch': 3.33}
{'loss': 0.3974, 'learning_rate': 7.092788411526058e-05, 'epoch': 3.34}
{'loss': 0.3993, 'learning_rate': 7.088458337667742e-05, 'epoch': 3.34}
{'loss': 0.3798, 'learning_rate': 7.084128263809425e-05, 'epoch': 3.35}
{'loss': 0.3636, 'learning_rate': 7.079798189951109e-05, 'epoch': 3.35}
{'loss': 0.3856, 'learning_rate': 7.075468116092792e-05, 'epoch': 3.35}
{'loss': 0.3981, 'learning_rate': 7.071138042234476e-05, 'epoch': 3.36}
{'loss': 0.3907, 'learning_rate': 7.066807968376158e-05, 'epoch': 3.36}
{'loss': 0.3955, 'learning_rate': 7.06247789451784e-05, 'epoch': 3.37}
{'loss': 0.3916, 'learning_rate': 7.058147820659525e-05, 'epoch': 3.37}
{'loss': 0.4116, 'learning_rate': 7.053817746801207e-05, 'epoch': 3.37}
{'loss': 0.3858, 'learning_rate': 7.049487672942889e-05, 'epoch': 3.38}
{'loss': 0.3898, 'learning_rate': 7.045157599084574e-05, 'epoch': 3.38}
{'loss': 0.377, 'learning_rate': 7.040914126703423e-05, 'epoch': 3.39}
{'loss': 0.4021, 'learning_rate': 7.036584052845106e-05, 'epoch': 3.39}
{'loss': 0.3875, 'learning_rate': 7.032253978986788e-05, 'epoch': 3.39}
{'loss': 0.3897, 'learning_rate': 7.027923905128473e-05, 'epoch': 3.4}
{'loss': 0.3735, 'learning_rate': 7.023593831270157e-05, 'epoch': 3.4}
{'loss': 0.4067, 'learning_rate': 7.019263757411839e-05, 'epoch': 3.41}
{'loss': 0.4061, 'learning_rate': 7.014933683553522e-05, 'epoch': 3.41}
{'loss': 0.3987, 'learning_rate': 7.010603609695206e-05, 'epoch': 3.41}
{'loss': 0.3686, 'learning_rate': 7.006273535836888e-05, 'epoch': 3.42}
{'loss': 0.3889, 'learning_rate': 7.00194346197857e-05, 'epoch': 3.42}
{'loss': 0.3741, 'learning_rate': 6.997613388120255e-05, 'epoch': 3.43}
{'loss': 0.3648, 'learning_rate': 6.993283314261937e-05, 'epoch': 3.43}
{'loss': 0.412, 'learning_rate': 6.98895324040362e-05, 'epoch': 3.43}
{'loss': 0.3789, 'learning_rate': 6.984709768022469e-05, 'epoch': 3.44}
{'loss': 0.3925, 'learning_rate': 6.980379694164153e-05, 'epoch': 3.44}
{'loss': 0.3769, 'learning_rate': 6.976049620305836e-05, 'epoch': 3.45}
{'loss': 0.3723, 'learning_rate': 6.97171954644752e-05, 'epoch': 3.45}
{'loss': 0.3937, 'learning_rate': 6.967389472589203e-05, 'epoch': 3.46}
{'loss': 0.4102, 'learning_rate': 6.963059398730887e-05, 'epoch': 3.46}
{'loss': 0.3986, 'learning_rate': 6.958729324872569e-05, 'epoch': 3.46}
{'loss': 0.3783, 'learning_rate': 6.954399251014251e-05, 'epoch': 3.47}
{'loss': 0.3594, 'learning_rate': 6.950069177155936e-05, 'epoch': 3.47}
{'loss': 0.3517, 'learning_rate': 6.945739103297618e-05, 'epoch': 3.48}
{'loss': 0.4022, 'learning_rate': 6.941409029439301e-05, 'epoch': 3.48}
{'loss': 0.4209, 'learning_rate': 6.937078955580985e-05, 'epoch': 3.48}
{'loss': 0.3756, 'learning_rate': 6.932748881722668e-05, 'epoch': 3.49}
{'loss': 0.3735, 'learning_rate': 6.92841880786435e-05, 'epoch': 3.49}
{'loss': 0.3901, 'learning_rate': 6.924088734006034e-05, 'epoch': 3.5}
{'loss': 0.3895, 'learning_rate': 6.919758660147717e-05, 'epoch': 3.5}
{'loss': 0.3931, 'learning_rate': 6.9154285862894e-05, 'epoch': 3.5}
{'loss': 0.4437, 'learning_rate': 6.911098512431083e-05, 'epoch': 3.51}
{'loss': 0.393, 'learning_rate': 6.906768438572766e-05, 'epoch': 3.51}
{'loss': 0.3932, 'learning_rate': 6.90243836471445e-05, 'epoch': 3.52}
{'loss': 0.3952, 'learning_rate': 6.898108290856133e-05, 'epoch': 3.52}
{'loss': 0.3742, 'learning_rate': 6.893778216997817e-05, 'epoch': 3.52}
{'loss': 0.3566, 'learning_rate': 6.889448143139499e-05, 'epoch': 3.53}
{'loss': 0.3998, 'learning_rate': 6.885118069281182e-05, 'epoch': 3.53}
{'loss': 0.3942, 'learning_rate': 6.880787995422866e-05, 'epoch': 3.54}
{'loss': 0.3873, 'learning_rate': 6.876457921564548e-05, 'epoch': 3.54}
{'loss': 0.3923, 'learning_rate': 6.872127847706231e-05, 'epoch': 3.54}
{'loss': 0.3763, 'learning_rate': 6.867797773847915e-05, 'epoch': 3.55}
{'loss': 0.3957, 'learning_rate': 6.863467699989598e-05, 'epoch': 3.55}
{'loss': 0.403, 'learning_rate': 6.859137626131282e-05, 'epoch': 3.56}
{'loss': 0.3891, 'learning_rate': 6.854807552272965e-05, 'epoch': 3.56}
{'loss': 0.3809, 'learning_rate': 6.850477478414647e-05, 'epoch': 3.57}
{'loss': 0.3972, 'learning_rate': 6.84614740455633e-05, 'epoch': 3.57}
{'loss': 0.3914, 'learning_rate': 6.841817330698014e-05, 'epoch': 3.57}
{'loss': 0.3968, 'learning_rate': 6.837487256839696e-05, 'epoch': 3.58}
{'loss': 0.4066, 'learning_rate': 6.833157182981379e-05, 'epoch': 3.58}
{'loss': 0.3682, 'learning_rate': 6.828827109123063e-05, 'epoch': 3.59}
{'loss': 0.4111, 'learning_rate': 6.824497035264746e-05, 'epoch': 3.59}
{'loss': 0.3664, 'learning_rate': 6.820166961406429e-05, 'epoch': 3.59}
{'loss': 0.4238, 'learning_rate': 6.815836887548113e-05, 'epoch': 3.6}
{'loss': 0.4322, 'learning_rate': 6.811506813689796e-05, 'epoch': 3.6}
{'loss': 0.3437, 'learning_rate': 6.807176739831478e-05, 'epoch': 3.61}
{'loss': 0.395, 'learning_rate': 6.802846665973162e-05, 'epoch': 3.61}
{'loss': 0.3819, 'learning_rate': 6.798516592114845e-05, 'epoch': 3.61}
{'loss': 0.3886, 'learning_rate': 6.794186518256527e-05, 'epoch': 3.62}
{'loss': 0.3964, 'learning_rate': 6.78985644439821e-05, 'epoch': 3.62}
{'loss': 0.3435, 'learning_rate': 6.785526370539894e-05, 'epoch': 3.63}
{'loss': 0.3806, 'learning_rate': 6.781196296681578e-05, 'epoch': 3.63}
{'loss': 0.3798, 'learning_rate': 6.776866222823261e-05, 'epoch': 3.63}
{'loss': 0.3957, 'learning_rate': 6.772536148964945e-05, 'epoch': 3.64}
{'loss': 0.3848, 'learning_rate': 6.768206075106627e-05, 'epoch': 3.64}
{'loss': 0.3707, 'learning_rate': 6.76387600124831e-05, 'epoch': 3.65}
{'loss': 0.3979, 'learning_rate': 6.759545927389994e-05, 'epoch': 3.65}
{'loss': 0.4017, 'learning_rate': 6.755215853531676e-05, 'epoch': 3.65}
{'loss': 0.3638, 'learning_rate': 6.750885779673359e-05, 'epoch': 3.66}
{'loss': 0.4005, 'learning_rate': 6.746555705815043e-05, 'epoch': 3.66}
{'loss': 0.3869, 'learning_rate': 6.742225631956726e-05, 'epoch': 3.67}
{'loss': 0.3953, 'learning_rate': 6.737895558098408e-05, 'epoch': 3.67}
{'loss': 0.3764, 'learning_rate': 6.733565484240093e-05, 'epoch': 3.68}
{'loss': 0.3943, 'learning_rate': 6.729235410381775e-05, 'epoch': 3.68}
{'loss': 0.3818, 'learning_rate': 6.724905336523457e-05, 'epoch': 3.68}
{'loss': 0.3859, 'learning_rate': 6.720661864142308e-05, 'epoch': 3.69}
{'loss': 0.37, 'learning_rate': 6.716331790283991e-05, 'epoch': 3.69}
{'loss': 0.3683, 'learning_rate': 6.712001716425675e-05, 'epoch': 3.7}
{'loss': 0.3984, 'learning_rate': 6.707671642567357e-05, 'epoch': 3.7}
{'loss': 0.4018, 'learning_rate': 6.70334156870904e-05, 'epoch': 3.7}
{'loss': 0.3882, 'learning_rate': 6.699011494850724e-05, 'epoch': 3.71}
{'loss': 0.3902, 'learning_rate': 6.694681420992407e-05, 'epoch': 3.71}
{'loss': 0.3927, 'learning_rate': 6.690351347134089e-05, 'epoch': 3.72}
{'loss': 0.367, 'learning_rate': 6.686021273275774e-05, 'epoch': 3.72}
{'loss': 0.3711, 'learning_rate': 6.681691199417456e-05, 'epoch': 3.72}
{'loss': 0.4308, 'learning_rate': 6.677361125559138e-05, 'epoch': 3.73}
{'loss': 0.3773, 'learning_rate': 6.673031051700823e-05, 'epoch': 3.73}
{'loss': 0.3672, 'learning_rate': 6.668700977842505e-05, 'epoch': 3.74}
{'loss': 0.3797, 'learning_rate': 6.664370903984187e-05, 'epoch': 3.74}
{'loss': 0.4238, 'learning_rate': 6.660040830125871e-05, 'epoch': 3.74}
{'loss': 0.3729, 'learning_rate': 6.655710756267554e-05, 'epoch': 3.75}
{'loss': 0.3584, 'learning_rate': 6.651380682409238e-05, 'epoch': 3.75}
{'loss': 0.3756, 'learning_rate': 6.647050608550921e-05, 'epoch': 3.76}
{'loss': 0.3953, 'learning_rate': 6.642720534692605e-05, 'epoch': 3.76}
{'loss': 0.376, 'learning_rate': 6.638390460834287e-05, 'epoch': 3.76}
{'loss': 0.3705, 'learning_rate': 6.63406038697597e-05, 'epoch': 3.77}
{'loss': 0.3834, 'learning_rate': 6.629730313117654e-05, 'epoch': 3.77}
{'loss': 0.402, 'learning_rate': 6.625400239259336e-05, 'epoch': 3.78}
{'loss': 0.3703, 'learning_rate': 6.62107016540102e-05, 'epoch': 3.78}
{'loss': 0.3692, 'learning_rate': 6.616826693019868e-05, 'epoch': 3.79}
{'loss': 0.373, 'learning_rate': 6.612496619161553e-05, 'epoch': 3.79}
{'loss': 0.3821, 'learning_rate': 6.608166545303235e-05, 'epoch': 3.79}
{'loss': 0.3828, 'learning_rate': 6.603836471444919e-05, 'epoch': 3.8}
{'loss': 0.3841, 'learning_rate': 6.599506397586602e-05, 'epoch': 3.8}
{'loss': 0.4088, 'learning_rate': 6.595176323728286e-05, 'epoch': 3.81}
{'loss': 0.4025, 'learning_rate': 6.590846249869968e-05, 'epoch': 3.81}
{'loss': 0.3841, 'learning_rate': 6.586516176011651e-05, 'epoch': 3.81}
{'loss': 0.3812, 'learning_rate': 6.582186102153335e-05, 'epoch': 3.82}
{'loss': 0.4135, 'learning_rate': 6.577856028295017e-05, 'epoch': 3.82}
{'loss': 0.387, 'learning_rate': 6.5735259544367e-05, 'epoch': 3.83}
{'loss': 0.3812, 'learning_rate': 6.569195880578384e-05, 'epoch': 3.83}
{'loss': 0.3892, 'learning_rate': 6.564865806720067e-05, 'epoch': 3.83}
{'loss': 0.3862, 'learning_rate': 6.560535732861751e-05, 'epoch': 3.84}
{'loss': 0.4046, 'learning_rate': 6.556205659003434e-05, 'epoch': 3.84}
{'loss': 0.3699, 'learning_rate': 6.551875585145116e-05, 'epoch': 3.85}
{'loss': 0.4074, 'learning_rate': 6.5475455112868e-05, 'epoch': 3.85}
{'loss': 0.3897, 'learning_rate': 6.543215437428483e-05, 'epoch': 3.85}
{'loss': 0.4104, 'learning_rate': 6.538885363570165e-05, 'epoch': 3.86}
{'loss': 0.3671, 'learning_rate': 6.534555289711849e-05, 'epoch': 3.86}
{'loss': 0.4412, 'learning_rate': 6.530225215853532e-05, 'epoch': 3.87}
{'loss': 0.4029, 'learning_rate': 6.525895141995216e-05, 'epoch': 3.87}
{'loss': 0.3868, 'learning_rate': 6.521565068136898e-05, 'epoch': 3.87}
{'loss': 0.3936, 'learning_rate': 6.517234994278583e-05, 'epoch': 3.88}
{'loss': 0.3834, 'learning_rate': 6.512904920420265e-05, 'epoch': 3.88}
{'loss': 0.3859, 'learning_rate': 6.508574846561947e-05, 'epoch': 3.89}
{'loss': 0.3872, 'learning_rate': 6.50424477270363e-05, 'epoch': 3.89}
{'loss': 0.3937, 'learning_rate': 6.499914698845314e-05, 'epoch': 3.9}
{'loss': 0.3941, 'learning_rate': 6.495584624986996e-05, 'epoch': 3.9}
{'loss': 0.3807, 'learning_rate': 6.49125455112868e-05, 'epoch': 3.9}
{'loss': 0.3517, 'learning_rate': 6.486924477270363e-05, 'epoch': 3.91}
{'loss': 0.423, 'learning_rate': 6.482594403412046e-05, 'epoch': 3.91}
{'loss': 0.3906, 'learning_rate': 6.47826432955373e-05, 'epoch': 3.92}
{'loss': 0.4106, 'learning_rate': 6.473934255695413e-05, 'epoch': 3.92}
{'loss': 0.372, 'learning_rate': 6.469604181837096e-05, 'epoch': 3.92}
{'loss': 0.3869, 'learning_rate': 6.465274107978779e-05, 'epoch': 3.93}
{'loss': 0.3974, 'learning_rate': 6.460944034120463e-05, 'epoch': 3.93}
{'loss': 0.416, 'learning_rate': 6.456613960262145e-05, 'epoch': 3.94}
{'loss': 0.4276, 'learning_rate': 6.452283886403828e-05, 'epoch': 3.94}
{'loss': 0.3805, 'learning_rate': 6.447953812545512e-05, 'epoch': 3.94}
{'loss': 0.3492, 'learning_rate': 6.443623738687195e-05, 'epoch': 3.95}
{'loss': 0.3558, 'learning_rate': 6.439293664828879e-05, 'epoch': 3.95}
{'loss': 0.4013, 'learning_rate': 6.434963590970562e-05, 'epoch': 3.96}
{'loss': 0.3822, 'learning_rate': 6.430633517112244e-05, 'epoch': 3.96}
{'loss': 0.3618, 'learning_rate': 6.426303443253926e-05, 'epoch': 3.96}
{'loss': 0.4023, 'learning_rate': 6.421973369395611e-05, 'epoch': 3.97}
{'loss': 0.3931, 'learning_rate': 6.417643295537293e-05, 'epoch': 3.97}
{'loss': 0.4028, 'learning_rate': 6.413313221678977e-05, 'epoch': 3.98}
{'loss': 0.3947, 'learning_rate': 6.40898314782066e-05, 'epoch': 3.98}
{'loss': 0.4137, 'learning_rate': 6.404653073962344e-05, 'epoch': 3.98}
{'loss': 0.3756, 'learning_rate': 6.400323000104026e-05, 'epoch': 3.99}
{'loss': 0.3499, 'learning_rate': 6.395992926245709e-05, 'epoch': 3.99}
{'loss': 0.3809, 'learning_rate': 6.391662852387393e-05, 'epoch': 4.0}
[INFO|trainer.py:520] 2026-10-04 15:25:21,970 >> The following columns in the evaluation set  don't have a corresponding argument in `PETLEncModel.forward` and have been ignored: premise, idx, hypothesis.
[INFO|trainer.py:2179] 2026-10-04 15:25:21,972 >> ***** Running Evaluation *****
[INFO|trainer.py:2181] 2026-10-04 15:25:21,972 >>   Num examples = 9815
[INFO|trainer.py:2184] 2026-10-04 15:25:21,972 >>   Batch size = 32
{'eval_loss': 0.35916727781295776, 'eval_accuracy': 0.8676515537442689, 'eval_runtime': 13.1322, 'eval_samples_per_second': 747.397, 'eval_steps_per_second': 23.378, 'epoch': 4.0}
[INFO|trainer.py:1933] 2026-10-04 15:25:35,105 >> Saving model checkpoint to checkpoints/glue/mnli/20261004/glue.mnli.adapter.am_adapter.ao_sequential.fm_adapter.fo_sequential.abn.fbn.ac_add.fl_none.finit_bert.fs_1.unfrz_ef_.ne10.warm0.06.wd0.1.seed4./checkpoint-49088
[INFO|configuration_utils.py:364] 2026-10-04 15:25:35,106 >> Configuration saved in checkpoints/glue/mnli/20261004/glue.mnli.adapter.am_adapter.ao_sequential.fm_adapter.fo_sequential.abn.fbn.ac_add.fl_none.finit_bert.fs_1.unfrz_ef_.ne10.warm0.06.wd0.1.seed4./checkpoint-49088/config.json
[INFO|modeling_utils.py:898] 2026-10-04 15:25:35,392 >> Model weights saved in checkpoints/glue/mnli/20261004/glue.mnli.adapter.am_adapter.ao_sequential.fm_adapter.fo_sequential.abn.fbn.ac_add.fl_none.finit_bert.fs_1.unfrz_ef_.ne10.warm0.06.wd0.1.seed4./checkpoint-49088/pytorch_model.bin
[INFO|tokenization_utils_base.py:1948] 2026-10-04 15:25:35,394 >> tokenizer config file saved in checkpoints/glue/mnli/20261004/glue.mnli.adapter.am_adapter.ao_sequential.fm_adapter.fo_sequential.abn.fbn.ac_add.fl_none.finit_bert.fs_1.unfrz_ef_.ne10.warm0.06.wd0.1.seed4./checkpoint-49088/tokenizer_config.json
[INFO|tokenization_utils_base.py:1954] 2026-10-04 15:25:35,394 >> Special tokens file saved in checkpoints/glue/mnli/20261004/glue.mnli.adapter.am_adapter.ao_sequential.fm_adapter.fo_sequential.abn.fbn.ac_add.fl_none.finit_bert.fs_1.unfrz_ef_.ne10.warm0.06.wd0.1.seed4./checkpoint-49088/special_tokens_map.json
[INFO|trainer.py:2009] 2026-10-04 15:25:35,460 >> Deleting older checkpoint [checkpoints/glue/mnli/20261004/glue.mnli.adapter.am_adapter.ao_sequential.fm_adapter.fo_sequential.abn.fbn.ac_add.fl_none.finit_bert.fs_1.unfrz_ef_.ne10.warm0.06.wd0.1.seed4./checkpoint-24544] due to args.save_total_limit
/work/unify-parameter-efficient-tuning/src/transformers/trainer.py:1784: FutureWarning: `torch.cuda.amp.autocast(args...)` is deprecated. Please use `torch.amp.autocast('cuda', args...)` instead.
  with autocast():
{'loss': 0.372, 'learning_rate': 6.387332778529075e-05, 'epoch': 4.0}
{'loss': 0.378, 'learning_rate': 6.383089306147925e-05, 'epoch': 4.01}
{'loss': 0.3779, 'learning_rate': 6.378759232289609e-05, 'epoch': 4.01}
{'loss': 0.3551, 'learning_rate': 6.374429158431292e-05, 'epoch': 4.01}
{'loss': 0.35, 'learning_rate': 6.370099084572974e-05, 'epoch': 4.02}
{'loss': 0.3649, 'learning_rate': 6.365769010714656e-05, 'epoch': 4.02}
{'loss': 0.346, 'learning_rate': 6.361438936856341e-05, 'epoch': 4.03}
{'loss': 0.401, 'learning_rate': 6.357108862998025e-05, 'epoch': 4.03}
{'loss': 0.3707, 'learning_rate': 6.352778789139707e-05, 'epoch': 4.03}
{'loss': 0.362, 'learning_rate': 6.348448715281391e-05, 'epoch': 4.04}
{'loss': 0.3661, 'learning_rate': 6.344118641423074e-05, 'epoch': 4.04}
{'loss': 0.3981, 'learning_rate': 6.339788567564756e-05, 'epoch': 4.05}
{'loss': 0.3674, 'learning_rate': 6.335458493706439e-05, 'epoch': 4.05}
{'loss': 0.3999, 'learning_rate': 6.331128419848123e-05, 'epoch': 4.05}
{'loss': 0.3809, 'learning_rate': 6.326798345989805e-05, 'epoch': 4.06}
{'loss': 0.3642, 'learning_rate': 6.322468272131488e-05, 'epoch': 4.06}
{'loss': 0.3907, 'learning_rate': 6.318138198273173e-05, 'epoch': 4.07}
{'loss': 0.3596, 'learning_rate': 6.313808124414855e-05, 'epoch': 4.07}
{'loss': 0.3773, 'learning_rate': 6.309478050556539e-05, 'epoch': 4.07}
{'loss': 0.3627, 'learning_rate': 6.305147976698222e-05, 'epoch': 4.08}
{'loss': 0.3464, 'learning_rate': 6.300817902839904e-05, 'epoch': 4.08}
{'loss': 0.3327, 'learning_rate': 6.296487828981588e-05, 'epoch': 4.09}
{'loss': 0.3484, 'learning_rate': 6.292157755123271e-05, 'epoch': 4.09}
{'loss': 0.3677, 'learning_rate': 6.287827681264953e-05, 'epoch': 4.09}
{'loss': 0.3785, 'learning_rate': 6.283497607406637e-05, 'epoch': 4.1}
{'loss': 0.379, 'learning_rate': 6.27916753354832e-05, 'epoch': 4.1}
{'loss': 0.3644, 'learning_rate': 6.274837459690004e-05, 'epoch': 4.11}
{'loss': 0.3816, 'learning_rate': 6.270507385831687e-05, 'epoch': 4.11}
{'loss': 0.3656, 'learning_rate': 6.266177311973371e-05, 'epoch': 4.12}
{'loss': 0.3896, 'learning_rate': 6.261847238115053e-05, 'epoch': 4.12}
{'loss': 0.3986, 'learning_rate': 6.257517164256735e-05, 'epoch': 4.12}
{'loss': 0.3772, 'learning_rate': 6.25318709039842e-05, 'epoch': 4.13}
{'loss': 0.3884, 'learning_rate': 6.248857016540102e-05, 'epoch': 4.13}
{'loss': 0.363, 'learning_rate': 6.244526942681785e-05, 'epoch': 4.14}
{'loss': 0.3858, 'learning_rate': 6.240196868823469e-05, 'epoch': 4.14}
{'loss': 0.371, 'learning_rate': 6.235866794965152e-05, 'epoch': 4.14}
{'loss': 0.359, 'learning_rate': 6.231536721106834e-05, 'epoch': 4.15}
{'loss': 0.3549, 'learning_rate': 6.227206647248518e-05, 'epoch': 4.15}
{'loss': 0.3851, 'learning_rate': 6.222876573390201e-05, 'epoch': 4.16}
{'loss': 0.3921, 'learning_rate': 6.218546499531884e-05, 'epoch': 4.16}
{'loss': 0.3773, 'learning_rate': 6.214216425673567e-05, 'epoch': 4.16}
{'loss': 0.3956, 'learning_rate': 6.20988635181525e-05, 'epoch': 4.17}
{'loss': 0.3782, 'learning_rate': 6.205556277956934e-05, 'epoch': 4.17}
{'loss': 0.3776, 'learning_rate': 6.201226204098617e-05, 'epoch': 4.18}
{'loss': 0.3671, 'learning_rate': 6.196982731717465e-05, 'epoch': 4.18}
{'loss': 0.39, 'learning_rate': 6.19265265785915e-05, 'epoch': 4.18}
{'loss': 0.3638, 'learning_rate': 6.188322584000833e-05, 'epoch': 4.19}
{'loss': 0.3496, 'learning_rate': 6.183992510142515e-05, 'epoch': 4.19}
{'loss': 0.3406, 'learning_rate': 6.179662436284199e-05, 'epoch': 4.2}
{'loss': 0.3655, 'learning_rate': 6.175332362425882e-05, 'epoch': 4.2}
{'loss': 0.3537, 'learning_rate': 6.171002288567564e-05, 'epoch': 4.2}
{'loss': 0.38, 'learning_rate': 6.166672214709248e-05, 'epoch': 4.21}
{'loss': 0.3742, 'learning_rate': 6.162342140850931e-05, 'epoch': 4.21}
{'loss': 0.3672, 'learning_rate': 6.158012066992614e-05, 'epoch': 4.22}
{'loss': 0.3644, 'learning_rate': 6.153681993134297e-05, 'epoch': 4.22}
{'loss': 0.365, 'learning_rate': 6.149351919275982e-05, 'epoch': 4.23}
{'loss': 0.3789, 'learning_rate': 6.145021845417664e-05, 'epoch': 4.23}
{'loss': 0.3883, 'learning_rate': 6.140691771559347e-05, 'epoch': 4.23}
{'loss': 0.3937, 'learning_rate': 6.136361697701031e-05, 'epoch': 4.24}
{'loss': 0.3838, 'learning_rate': 6.132031623842713e-05, 'epoch': 4.24}
{'loss': 0.3743, 'learning_rate': 6.127701549984397e-05, 'epoch': 4.25}
{'loss': 0.4026, 'learning_rate': 6.12337147612608e-05, 'epoch': 4.25}
{'loss': 0.3897, 'learning_rate': 6.119041402267762e-05, 'epoch': 4.25}
{'loss': 0.4021, 'learning_rate': 6.114711328409446e-05, 'epoch': 4.26}
{'loss': 0.3811, 'learning_rate': 6.110381254551129e-05, 'epoch': 4.26}
{'loss': 0.4052, 'learning_rate': 6.106051180692811e-05, 'epoch': 4.27}
{'loss': 0.3792, 'learning_rate': 6.1017211068344946e-05, 'epoch': 4.27}
{'loss': 0.366, 'learning_rate': 6.0973910329761795e-05, 'epoch': 4.27}
{'loss': 0.3788, 'learning_rate': 6.093060959117861e-05, 'epoch': 4.28}
{'loss': 0.3793, 'learning_rate': 6.088730885259544e-05, 'epoch': 4.28}
{'loss': 0.367, 'learning_rate': 6.0844008114012285e-05, 'epoch': 4.29}
{'loss': 0.3823, 'learning_rate': 6.0800707375429113e-05, 'epoch': 4.29}
{'loss': 0.3586, 'learning_rate': 6.0757406636845935e-05, 'epoch': 4.29}
{'loss': 0.3982, 'learning_rate': 6.0714105898262776e-05, 'epoch': 4.3}
{'loss': 0.3767, 'learning_rate': 6.06708051596796e-05, 'epoch': 4.3}
{'loss': 0.3954, 'learning_rate': 6.062750442109644e-05, 'epoch': 4.31}
{'loss': 0.3714, 'learning_rate': 6.058420368251326e-05, 'epoch': 4.31}
{'loss': 0.4257, 'learning_rate': 6.05409029439301e-05, 'epoch': 4.31}
{'loss': 0.3766, 'learning_rate': 6.049760220534692e-05, 'epoch': 4.32}
{'loss': 0.368, 'learning_rate': 6.0454301466763764e-05, 'epoch': 4.32}
{'loss': 0.3477, 'learning_rate': 6.04110007281806e-05, 'epoch': 4.33}
{'loss': 0.3868, 'learning_rate': 6.0367699989597414e-05, 'epoch': 4.33}
{'loss': 0.3464, 'learning_rate': 6.0324399251014255e-05, 'epoch': 4.34}
{'loss': 0.3897, 'learning_rate': 6.028109851243109e-05, 'epoch': 4.34}
{'loss': 0.3541, 'learning_rate': 6.023779777384792e-05, 'epoch': 4.34}
{'loss': 0.3491, 'learning_rate': 6.019449703526475e-05, 'epoch': 4.35}
{'loss': 0.353, 'learning_rate': 6.015119629668159e-05, 'epoch': 4.35}
{'loss': 0.3961, 'learning_rate': 6.01078955580984e-05, 'epoch': 4.36}
{'loss': 0.3311, 'learning_rate': 6.006459481951524e-05, 'epoch': 4.36}
{'loss': 0.4009, 'learning_rate': 6.002129408093209e-05, 'epoch': 4.36}
{'loss': 0.3763, 'learning_rate': 5.9977993342348906e-05, 'epoch': 4.37}
{'loss': 0.376, 'learning_rate': 5.993469260376573e-05, 'epoch': 4.37}
{'loss': 0.3783, 'learning_rate': 5.9891391865182576e-05, 'epoch': 4.38}
{'loss': 0.3348, 'learning_rate': 5.9848091126599404e-05, 'epoch': 4.38}
{'loss': 0.3935, 'learning_rate': 5.980479038801623e-05, 'epoch': 4.38}
{'loss': 0.3417, 'learning_rate': 5.976148964943305e-05, 'epoch': 4.39}
{'loss': 0.3909, 'learning_rate': 5.9718188910849894e-05, 'epoch': 4.39}
{'loss': 0.3937, 'learning_rate': 5.9674888172266715e-05, 'epoch': 4.4}
{'loss': 0.3633, 'learning_rate': 5.963158743368356e-05, 'epoch': 4.4}
{'loss': 0.3672, 'learning_rate': 5.958828669510039e-05, 'epoch': 4.4}
{'loss': 0.344, 'learning_rate': 5.9544985956517206e-05, 'epoch': 4.41}
{'loss': 0.3679, 'learning_rate': 5.950168521793405e-05, 'epoch': 4.41}
{'loss': 0.3693, 'learning_rate': 5.945838447935089e-05, 'epoch': 4.42}
{'loss': 0.3587, 'learning_rate': 5.941508374076771e-05, 'epoch': 4.42}
{'loss': 0.3773, 'learning_rate': 5.9371783002184545e-05, 'epoch': 4.42}
{'loss': 0.3505, 'learning_rate': 5.932848226360138e-05, 'epoch': 4.43}
{'loss': 0.3704, 'learning_rate': 5.928518152501821e-05, 'epoch': 4.43}
{'loss': 0.3466, 'learning_rate': 5.924188078643504e-05, 'epoch': 4.44}
{'loss': 0.3905, 'learning_rate': 5.9198580047851884e-05, 'epoch': 4.44}
{'loss': 0.3796, 'learning_rate': 5.91552793092687e-05, 'epoch': 4.45}
{'loss': 0.3924, 'learning_rate': 5.9111978570685533e-05, 'epoch': 4.45}
{'loss': 0.3869, 'learning_rate': 5.906867783210237e-05, 'epoch': 4.45}
{'loss': 0.3991, 'learning_rate': 5.9025377093519196e-05, 'epoch': 4.46}
{'loss': 0.3676, 'learning_rate': 5.8982076354936024e-05, 'epoch': 4.46}
{'loss': 0.3746, 'learning_rate': 5.893877561635287e-05, 'epoch': 4.47}
{'loss': 0.4074, 'learning_rate': 5.8895474877769694e-05, 'epoch': 4.47}
{'loss': 0.3599, 'learning_rate': 5.885217413918651e-05, 'epoch': 4.47}
{'loss': 0.3571, 'learning_rate': 5.8808873400603356e-05, 'epoch': 4.48}
{'loss': 0.4098, 'learning_rate': 5.8765572662020184e-05, 'epoch': 4.48}
{'loss': 0.3602, 'learning_rate': 5.872227192343701e-05, 'epoch': 4.49}
{'loss': 0.3711, 'learning_rate': 5.867897118485385e-05, 'epoch': 4.49}
{'loss': 0.3626, 'learning_rate': 5.863567044627068e-05, 'epoch': 4.49}
{'loss': 0.3783, 'learning_rate': 5.85923697076875e-05, 'epoch': 4.5}
{'loss': 0.3753, 'learning_rate': 5.854906896910434e-05, 'epoch': 4.5}
{'loss': 0.3749, 'learning_rate': 5.850576823052117e-05, 'epoch': 4.51}
{'loss': 0.3629, 'learning_rate': 5.8462467491938e-05, 'epoch': 4.51}
{'loss': 0.356, 'learning_rate': 5.8419166753354835e-05, 'epoch': 4.51}
{'loss': 0.3759, 'learning_rate': 5.837586601477168e-05, 'epoch': 4.52}
{'loss': 0.399, 'learning_rate': 5.83325652761885e-05, 'epoch': 4.52}
{'loss': 0.3778, 'learning_rate': 5.828926453760534e-05, 'epoch': 4.53}
{'loss': 0.3936, 'learning_rate': 5.824596379902216e-05, 'epoch': 4.53}
{'loss': 0.3557, 'learning_rate': 5.820266306043899e-05, 'epoch': 4.53}
{'loss': 0.3811, 'learning_rate': 5.8159362321855823e-05, 'epoch': 4.54}
{'loss': 0.3609, 'learning_rate': 5.8116061583272665e-05, 'epoch': 4.54}
{'loss': 0.3866, 'learning_rate': 5.8072760844689486e-05, 'epoch': 4.55}
{'loss': 0.3461, 'learning_rate': 5.802946010610633e-05, 'epoch': 4.55}
{'loss': 0.3755, 'learning_rate': 5.798615936752315e-05, 'epoch': 4.56}
{'loss': 0.3708, 'learning_rate': 5.794285862893998e-05, 'epoch': 4.56}
{'loss': 0.3899, 'learning_rate': 5.7899557890356805e-05, 'epoch': 4.56}
{'loss': 0.3525, 'learning_rate': 5.785625715177365e-05, 'epoch': 4.57}
{'loss': 0.3907, 'learning_rate': 5.7812956413190474e-05, 'epoch': 4.57}
{'loss': 0.3868, 'learning_rate': 5.77696556746073e-05, 'epoch': 4.58}
{'loss': 0.3974, 'learning_rate': 5.7726354936024144e-05, 'epoch': 4.58}
{'loss': 0.3627, 'learning_rate': 5.7683054197440965e-05, 'epoch': 4.58}
{'loss': 0.3741, 'learning_rate': 5.763975345885779e-05, 'epoch': 4.59}
{'loss': 0.3821, 'learning_rate': 5.759645272027463e-05, 'epoch': 4.59}
{'loss': 0.3684, 'learning_rate': 5.755315198169147e-05, 'epoch': 4.6}
{'loss': 0.3805, 'learning_rate': 5.750985124310829e-05, 'epoch': 4.6}
{'loss': 0.3884, 'learning_rate': 5.746655050452513e-05, 'epoch': 4.6}
{'loss': 0.3949, 'learning_rate': 5.742324976594195e-05, 'epoch': 4.61}
{'loss': 0.398, 'learning_rate': 5.737994902735878e-05, 'epoch': 4.61}
{'loss': 0.3772, 'learning_rate': 5.7336648288775616e-05, 'epoch': 4.62}
{'loss': 0.3862, 'learning_rate': 5.729334755019246e-05, 'epoch': 4.62}
{'loss': 0.386, 'learning_rate': 5.725004681160928e-05, 'epoch': 4.62}
{'loss': 0.3616, 'learning_rate': 5.720674607302612e-05, 'epoch': 4.63}
{'loss': 0.3831, 'learning_rate': 5.716344533444294e-05, 'epoch': 4.63}
{'loss': 0.3841, 'learning_rate': 5.712014459585978e-05, 'epoch': 4.64}
{'loss': 0.3533, 'learning_rate': 5.7076843857276604e-05, 'epoch': 4.64}
{'loss': 0.3627, 'learning_rate': 5.7033543118693446e-05, 'epoch': 4.64}
{'loss': 0.3976, 'learning_rate': 5.699024238011027e-05, 'epoch': 4.65}
{'loss': 0.3749, 'learning_rate': 5.694694164152711e-05, 'epoch': 4.65}
{'loss': 0.401, 'learning_rate': 5.690364090294394e-05, 'epoch': 4.66}
{'loss': 0.3431, 'learning_rate': 5.686034016436076e-05, 'epoch': 4.66}
{'loss': 0.408, 'learning_rate': 5.6817039425777586e-05, 'epoch': 4.67}
{'loss': 0.3818, 'learning_rate': 5.6773738687194434e-05, 'epoch': 4.67}
{'loss': 0.3332, 'learning_rate': 5.673043794861126e-05, 'epoch': 4.67}
{'loss': 0.3973, 'learning_rate': 5.668800322479976e-05, 'epoch': 4.68}
{'loss': 0.3871, 'learning_rate': 5.6644702486216585e-05, 'epoch': 4.68}
{'loss': 0.3755, 'learning_rate': 5.660140174763342e-05, 'epoch': 4.69}
{'loss': 0.3696, 'learning_rate': 5.6558101009050255e-05, 'epoch': 4.69}
{'loss': 0.3583, 'learning_rate': 5.6515666285238743e-05, 'epoch': 4.69}
{'loss': 0.3752, 'learning_rate': 5.647236554665558e-05, 'epoch': 4.7}
{'loss': 0.3769, 'learning_rate': 5.64290648080724e-05, 'epoch': 4.7}
{'loss': 0.3808, 'learning_rate': 5.6385764069489234e-05, 'epoch': 4.71}
{'loss': 0.3667, 'learning_rate': 5.634246333090607e-05, 'epoch': 4.71}
{'loss': 0.3927, 'learning_rate': 5.62991625923229e-05, 'epoch': 4.71}
{'loss': 0.3922, 'learning_rate': 5.625586185373973e-05, 'epoch': 4.72}
{'loss': 0.4041, 'learning_rate': 5.621256111515657e-05, 'epoch': 4.72}
{'loss': 0.3886, 'learning_rate': 5.616926037657339e-05, 'epoch': 4.73}
{'loss': 0.3899, 'learning_rate': 5.612595963799022e-05, 'epoch': 4.73}
{'loss': 0.4282, 'learning_rate': 5.608265889940706e-05, 'epoch': 4.73}
{'loss': 0.4174, 'learning_rate': 5.6039358160823885e-05, 'epoch': 4.74}
{'loss': 0.3847, 'learning_rate': 5.599605742224072e-05, 'epoch': 4.74}
{'loss': 0.3792, 'learning_rate': 5.595275668365756e-05, 'epoch': 4.75}
{'loss': 0.3704, 'learning_rate': 5.590945594507438e-05, 'epoch': 4.75}
{'loss': 0.3678, 'learning_rate': 5.5867021221262885e-05, 'epoch': 4.75}
{'loss': 0.3728, 'learning_rate': 5.5823720482679706e-05, 'epoch': 4.76}
{'loss': 0.4043, 'learning_rate': 5.578041974409655e-05, 'epoch': 4.76}
{'loss': 0.3646, 'learning_rate': 5.573711900551337e-05, 'epoch': 4.77}
{'loss': 0.3629, 'learning_rate': 5.5693818266930197e-05, 'epoch': 4.77}
{'loss': 0.397, 'learning_rate': 5.565051752834704e-05, 'epoch': 4.78}
{'loss': 0.3558, 'learning_rate': 5.560721678976386e-05, 'epoch': 4.78}
{'loss': 0.3703, 'learning_rate': 5.55639160511807e-05, 'epoch': 4.78}
{'loss': 0.3678, 'learning_rate': 5.552061531259752e-05, 'epoch': 4.79}
{'loss': 0.3774, 'learning_rate': 5.5477314574014364e-05, 'epoch': 4.79}
{'loss': 0.3795, 'learning_rate': 5.5434013835431185e-05, 'epoch': 4.8}
{'loss': 0.3808, 'learning_rate': 5.5390713096848026e-05, 'epoch': 4.8}
{'loss': 0.3801, 'learning_rate': 5.534741235826486e-05, 'epoch': 4.8}
{'loss': 0.3862, 'learning_rate': 5.530411161968169e-05, 'epoch': 4.81}
{'loss': 0.3657, 'learning_rate': 5.526081088109851e-05, 'epoch': 4.81}
{'loss': 0.3572, 'learning_rate': 5.521751014251535e-05, 'epoch': 4.82}
{'loss': 0.3535, 'learning_rate': 5.517420940393217e-05, 'epoch': 4.82}
{'loss': 0.3734, 'learning_rate': 5.5130908665349e-05, 'epoch': 4.82}
{'loss': 0.3934, 'learning_rate': 5.508760792676585e-05, 'epoch': 4.83}
{'loss': 0.3755, 'learning_rate': 5.504430718818268e-05, 'epoch': 4.83}
{'loss': 0.3735, 'learning_rate': 5.50010064495995e-05, 'epoch': 4.84}
{'loss': 0.3754, 'learning_rate': 5.495770571101635e-05, 'epoch': 4.84}
{'loss': 0.3705, 'learning_rate': 5.491440497243316e-05, 'epoch': 4.84}
{'loss': 0.3976, 'learning_rate': 5.487110423385e-05, 'epoch': 4.85}
{'loss': 0.3473, 'learning_rate': 5.482780349526683e-05, 'epoch': 4.85}
{'loss': 0.3829, 'learning_rate': 5.4784502756683665e-05, 'epoch': 4.86}
{'loss': 0.3737, 'learning_rate': 5.4741202018100493e-05, 'epoch': 4.86}
{'loss': 0.3915, 'learning_rate': 5.4697901279517315e-05, 'epoch': 4.86}
{'loss': 0.3767, 'learning_rate': 5.4654600540934156e-05, 'epoch': 4.87}
{'loss': 0.3794, 'learning_rate': 5.461129980235098e-05, 'epoch': 4.87}
{'loss': 0.3563, 'learning_rate': 5.456799906376782e-05, 'epoch': 4.88}
{'loss': 0.3605, 'learning_rate': 5.4524698325184654e-05, 'epoch': 4.88}
{'loss': 0.4154, 'learning_rate': 5.448139758660148e-05, 'epoch': 4.89}
{'loss': 0.4007, 'learning_rate': 5.4438096848018316e-05, 'epoch': 4.89}
{'loss': 0.3683, 'learning_rate': 5.439479610943515e-05, 'epoch': 4.89}
{'loss': 0.3413, 'learning_rate': 5.4351495370851966e-05, 'epoch': 4.9}
{'loss': 0.3508, 'learning_rate': 5.430819463226881e-05, 'epoch': 4.9}
{'loss': 0.3605, 'learning_rate': 5.426489389368564e-05, 'epoch': 4.91}
{'loss': 0.3866, 'learning_rate': 5.422159315510247e-05, 'epoch': 4.91}
{'loss': 0.3942, 'learning_rate': 5.4178292416519305e-05, 'epoch': 4.91}
{'loss': 0.3827, 'learning_rate': 5.413499167793614e-05, 'epoch': 4.92}
{'loss': 0.3733, 'learning_rate': 5.4091690939352954e-05, 'epoch': 4.92}
{'loss': 0.385, 'learning_rate': 5.4048390200769795e-05, 'epoch': 4.93}
{'loss': 0.3772, 'learning_rate': 5.4005089462186644e-05, 'epoch': 4.93}
{'loss': 0.3316, 'learning_rate': 5.396178872360346e-05, 'epoch': 4.93}
{'loss': 0.3596, 'learning_rate': 5.3918487985020286e-05, 'epoch': 4.94}
{'loss': 0.3775, 'learning_rate': 5.387518724643712e-05, 'epoch': 4.94}
{'loss': 0.408, 'learning_rate': 5.3831886507853956e-05, 'epoch': 4.95}
{'loss': 0.3816, 'learning_rate': 5.378858576927077e-05, 'epoch': 4.95}
{'loss': 0.3573, 'learning_rate': 5.374528503068761e-05, 'epoch': 4.95}
{'loss': 0.3846, 'learning_rate': 5.3701984292104446e-05, 'epoch': 4.96}
{'loss': 0.3654, 'learning_rate': 5.3658683553521274e-05, 'epoch': 4.96}
{'loss': 0.3752, 'learning_rate': 5.361538281493811e-05, 'epoch': 4.97}
{'loss': 0.4003, 'learning_rate': 5.3572082076354944e-05, 'epoch': 4.97}
{'loss': 0.3996, 'learning_rate': 5.352878133777176e-05, 'epoch': 4.97}
{'loss': 0.3631, 'learning_rate': 5.34854805991886e-05, 'epoch': 4.98}
{'loss': 0.389, 'learning_rate': 5.344217986060545e-05, 'epoch': 4.98}
{'loss': 0.38, 'learning_rate': 5.339887912202226e-05, 'epoch': 4.99}
{'loss': 0.3533, 'learning_rate': 5.33555783834391e-05, 'epoch': 4.99}
{'loss': 0.4008, 'learning_rate': 5.331227764485593e-05, 'epoch': 5.0}
{'loss': 0.3645, 'learning_rate': 5.326897690627276e-05, 'epoch': 5.0}
[INFO|trainer.py:520] 2026-10-04 15:32:49,923 >> The following columns in the evaluation set  don't have a corresponding argument in `PETLEncModel.forward` and have been ignored: premise, idx, hypothesis.
[INFO|trainer.py:2179] 2026-10-04 15:32:49,925 >> ***** Running Evaluation *****
[INFO|trainer.py:2181] 2026-10-04 15:32:49,925 >>   Num examples = 9815
[INFO|trainer.py:2184] 2026-10-04 15:32:49,925 >>   Batch size = 32
{'eval_loss': 0.3660222291946411, 'eval_accuracy': 0.8664289353031075, 'eval_runtime': 13.5275, 'eval_samples_per_second': 725.561, 'eval_steps_per_second': 22.695, 'epoch': 5.0}
[INFO|trainer.py:1933] 2026-10-04 15:33:03,453 >> Saving model checkpoint to checkpoints/glue/mnli/20261004/glue.mnli.adapter.am_adapter.ao_sequential.fm_adapter.fo_sequential.abn.fbn.ac_add.fl_none.finit_bert.fs_1.unfrz_ef_.ne10.warm0.06.wd0.1.seed4./checkpoint-61360
[INFO|configuration_utils.py:364] 2026-10-04 15:33:03,455 >> Configuration saved in checkpoints/glue/mnli/20261004/glue.mnli.adapter.am_adapter.ao_sequential.fm_adapter.fo_sequential.abn.fbn.ac_add.fl_none.finit_bert.fs_1.unfrz_ef_.ne10.warm0.06.wd0.1.seed4./checkpoint-61360/config.json
[INFO|modeling_utils.py:898] 2026-10-04 15:33:03,740 >> Model weights saved in checkpoints/glue/mnli/20261004/glue.mnli.adapter.am_adapter.ao_sequential.fm_adapter.fo_sequential.abn.fbn.ac_add.fl_none.finit_bert.fs_1.unfrz_ef_.ne10.warm0.06.wd0.1.seed4./checkpoint-61360/pytorch_model.bin
[INFO|tokenization_utils_base.py:1948] 2026-10-04 15:33:03,741 >> tokenizer config file saved in checkpoints/glue/mnli/20261004/glue.mnli.adapter.am_adapter.ao_sequential.fm_adapter.fo_sequential.abn.fbn.ac_add.fl_none.finit_bert.fs_1.unfrz_ef_.ne10.warm0.06.wd0.1.seed4./checkpoint-61360/tokenizer_config.json
[INFO|tokenization_utils_base.py:1954] 2026-10-04 15:33:03,741 >> Special tokens file saved in checkpoints/glue/mnli/20261004/glue.mnli.adapter.am_adapter.ao_sequential.fm_adapter.fo_sequential.abn.fbn.ac_add.fl_none.finit_bert.fs_1.unfrz_ef_.ne10.warm0.06.wd0.1.seed4./checkpoint-61360/special_tokens_map.json
[INFO|trainer.py:2009] 2026-10-04 15:33:03,813 >> Deleting older checkpoint [checkpoints/glue/mnli/20261004/glue.mnli.adapter.am_adapter.ao_sequential.fm_adapter.fo_sequential.abn.fbn.ac_add.fl_none.finit_bert.fs_1.unfrz_ef_.ne10.warm0.06.wd0.1.seed4./checkpoint-36816] due to args.save_total_limit
/work/unify-parameter-efficient-tuning/src/transformers/trainer.py:1784: FutureWarning: `torch.cuda.amp.autocast(args...)` is deprecated. Please use `torch.amp.autocast('cuda', args...)` instead.
  with autocast():
{'loss': 0.3746, 'learning_rate': 5.3225676167689595e-05, 'epoch': 5.0}
{'loss': 0.3591, 'learning_rate': 5.3182375429106436e-05, 'epoch': 5.01}
{'loss': 0.3401, 'learning_rate': 5.313907469052325e-05, 'epoch': 5.01}
{'loss': 0.3762, 'learning_rate': 5.309577395194008e-05, 'epoch': 5.02}
{'loss': 0.3548, 'learning_rate': 5.305247321335692e-05, 'epoch': 5.02}
{'loss': 0.3096, 'learning_rate': 5.300917247477375e-05, 'epoch': 5.02}
{'loss': 0.3798, 'learning_rate': 5.296587173619056e-05, 'epoch': 5.03}
{'loss': 0.3697, 'learning_rate': 5.292257099760741e-05, 'epoch': 5.03}
{'loss': 0.3477, 'learning_rate': 5.287927025902425e-05, 'epoch': 5.04}
{'loss': 0.3582, 'learning_rate': 5.283596952044107e-05, 'epoch': 5.04}
{'loss': 0.3906, 'learning_rate': 5.27926687818579e-05, 'epoch': 5.04}
{'loss': 0.3504, 'learning_rate': 5.2749368043274736e-05, 'epoch': 5.05}
{'loss': 0.3497, 'learning_rate': 5.2706067304691564e-05, 'epoch': 5.05}
{'loss': 0.3563, 'learning_rate': 5.26627665661084e-05, 'epoch': 5.06}
{'loss': 0.3412, 'learning_rate': 5.261946582752524e-05, 'epoch': 5.06}
{'loss': 0.3841, 'learning_rate': 5.2576165088942055e-05, 'epoch': 5.06}
{'loss': 0.3721, 'learning_rate': 5.253286435035889e-05, 'epoch': 5.07}
{'loss': 0.3561, 'learning_rate': 5.2489563611775725e-05, 'epoch': 5.07}
{'loss': 0.3778, 'learning_rate': 5.244626287319255e-05, 'epoch': 5.08}
{'loss': 0.3644, 'learning_rate': 5.240296213460939e-05, 'epoch': 5.08}
{'loss': 0.3662, 'learning_rate': 5.235966139602623e-05, 'epoch': 5.08}
{'loss': 0.356, 'learning_rate': 5.231636065744305e-05, 'epoch': 5.09}
{'loss': 0.3323, 'learning_rate': 5.227305991885989e-05, 'epoch': 5.09}
{'loss': 0.3945, 'learning_rate': 5.222975918027671e-05, 'epoch': 5.1}
{'loss': 0.3532, 'learning_rate': 5.218645844169354e-05, 'epoch': 5.1}
{'loss': 0.3981, 'learning_rate': 5.214315770311038e-05, 'epoch': 5.11}
{'loss': 0.3616, 'learning_rate': 5.2099856964527203e-05, 'epoch': 5.11}
{'loss': 0.3791, 'learning_rate': 5.2056556225944045e-05, 'epoch': 5.11}
{'loss': 0.3692, 'learning_rate': 5.201325548736086e-05, 'epoch': 5.12}
{'loss': 0.3487, 'learning_rate': 5.196995474877771e-05, 'epoch': 5.12}
{'loss': 0.3716, 'learning_rate': 5.192665401019453e-05, 'epoch': 5.13}
{'loss': 0.3305, 'learning_rate': 5.188335327161136e-05, 'epoch': 5.13}
{'loss': 0.3701, 'learning_rate': 5.1840052533028205e-05, 'epoch': 5.13}
{'loss': 0.3835, 'learning_rate': 5.179675179444503e-05, 'epoch': 5.14}
{'loss': 0.3436, 'learning_rate': 5.1753451055861854e-05, 'epoch': 5.14}
{'loss': 0.3808, 'learning_rate': 5.1710150317278696e-05, 'epoch': 5.15}
{'loss': 0.3607, 'learning_rate': 5.166684957869552e-05, 'epoch': 5.15}
{'loss': 0.3753, 'learning_rate': 5.1623548840112345e-05, 'epoch': 5.15}
{'loss': 0.3948, 'learning_rate': 5.158024810152918e-05, 'epoch': 5.16}
{'loss': 0.3754, 'learning_rate': 5.153694736294602e-05, 'epoch': 5.16}
{'loss': 0.3482, 'learning_rate': 5.149364662436284e-05, 'epoch': 5.17}
{'loss': 0.3638, 'learning_rate': 5.1450345885779684e-05, 'epoch': 5.17}
{'loss': 0.4255, 'learning_rate': 5.1407045147196505e-05, 'epoch': 5.17}
{'loss': 0.3682, 'learning_rate': 5.136374440861333e-05, 'epoch': 5.18}
{'loss': 0.3796, 'learning_rate': 5.1320443670030175e-05, 'epoch': 5.18}
{'loss': 0.364, 'learning_rate': 5.127714293144701e-05, 'epoch': 5.19}
{'loss': 0.3413, 'learning_rate': 5.123384219286384e-05, 'epoch': 5.19}
{'loss': 0.3966, 'learning_rate': 5.119054145428066e-05, 'epoch': 5.19}
{'loss': 0.3437, 'learning_rate': 5.11472407156975e-05, 'epoch': 5.2}
{'loss': 0.3679, 'learning_rate': 5.110393997711432e-05, 'epoch': 5.2}
{'loss': 0.3721, 'learning_rate': 5.106063923853116e-05, 'epoch': 5.21}
{'loss': 0.3759, 'learning_rate': 5.1017338499948e-05, 'epoch': 5.21}
{'loss': 0.3627, 'learning_rate': 5.0974037761364826e-05, 'epoch': 5.22}
{'loss': 0.3689, 'learning_rate': 5.093073702278165e-05, 'epoch': 5.22}
{'loss': 0.3521, 'learning_rate': 5.0887436284198495e-05, 'epoch': 5.22}
{'loss': 0.3566, 'learning_rate': 5.084413554561531e-05, 'epoch': 5.23}
{'loss': 0.3413, 'learning_rate': 5.080083480703214e-05, 'epoch': 5.23}
{'loss': 0.3411, 'learning_rate': 5.075753406844897e-05, 'epoch': 5.24}
{'loss': 0.3777, 'learning_rate': 5.0714233329865814e-05, 'epoch': 5.24}
{'loss': 0.3432, 'learning_rate': 5.067179860605431e-05, 'epoch': 5.24}
{'loss': 0.3425, 'learning_rate': 5.062849786747114e-05, 'epoch': 5.25}
{'loss': 0.383, 'learning_rate': 5.058519712888797e-05, 'epoch': 5.25}
{'loss': 0.3469, 'learning_rate': 5.0541896390304814e-05, 'epoch': 5.26}
{'loss': 0.3859, 'learning_rate': 5.049859565172163e-05, 'epoch': 5.26}
{'loss': 0.3319, 'learning_rate': 5.045529491313845e-05, 'epoch': 5.26}
{'loss': 0.3178, 'learning_rate': 5.041286018932695e-05, 'epoch': 5.27}
{'loss': 0.3431, 'learning_rate': 5.0369559450743786e-05, 'epoch': 5.27}
{'loss': 0.349, 'learning_rate': 5.032625871216062e-05, 'epoch': 5.28}
{'loss': 0.3847, 'learning_rate': 5.028295797357745e-05, 'epoch': 5.28}
{'loss': 0.3625, 'learning_rate': 5.0239657234994284e-05, 'epoch': 5.28}
{'loss': 0.3584, 'learning_rate': 5.0196356496411125e-05, 'epoch': 5.29}
{'loss': 0.3708, 'learning_rate': 5.015305575782794e-05, 'epoch': 5.29}
{'loss': 0.3654, 'learning_rate': 5.0109755019244774e-05, 'epoch': 5.3}
{'loss': 0.3424, 'learning_rate': 5.006645428066161e-05, 'epoch': 5.3}
{'loss': 0.3682, 'learning_rate': 5.002315354207844e-05, 'epoch': 5.3}
{'loss': 0.3675, 'learning_rate': 4.997985280349527e-05, 'epoch': 5.31}
{'loss': 0.3825, 'learning_rate': 4.99365520649121e-05, 'epoch': 5.31}
{'loss': 0.3706, 'learning_rate': 4.9893251326328935e-05, 'epoch': 5.32}
{'loss': 0.3574, 'learning_rate': 4.984995058774577e-05, 'epoch': 5.32}
{'loss': 0.3579, 'learning_rate': 4.980664984916259e-05, 'epoch': 5.33}
{'loss': 0.3529, 'learning_rate': 4.9763349110579425e-05, 'epoch': 5.33}
{'loss': 0.3563, 'learning_rate': 4.972004837199626e-05, 'epoch': 5.33}
{'loss': 0.3656, 'learning_rate': 4.967674763341309e-05, 'epoch': 5.34}
{'loss': 0.3734, 'learning_rate': 4.963344689482992e-05, 'epoch': 5.34}
{'loss': 0.3487, 'learning_rate': 4.959014615624676e-05, 'epoch': 5.35}
{'loss': 0.3375, 'learning_rate': 4.954684541766358e-05, 'epoch': 5.35}
{'loss': 0.3943, 'learning_rate': 4.950354467908042e-05, 'epoch': 5.35}
{'loss': 0.3997, 'learning_rate': 4.946024394049724e-05, 'epoch': 5.36}
{'loss': 0.3534, 'learning_rate': 4.9416943201914076e-05, 'epoch': 5.36}
{'loss': 0.3353, 'learning_rate': 4.937364246333091e-05, 'epoch': 5.37}
{'loss': 0.3888, 'learning_rate': 4.933034172474774e-05, 'epoch': 5.37}
{'loss': 0.3671, 'learning_rate': 4.9287040986164574e-05, 'epoch': 5.37}
{'loss': 0.3638, 'learning_rate': 4.924374024758141e-05, 'epoch': 5.38}
{'loss': 0.3874, 'learning_rate': 4.920043950899823e-05, 'epoch': 5.38}
{'loss': 0.3702, 'learning_rate': 4.9157138770415064e-05, 'epoch': 5.39}
{'loss': 0.3791, 'learning_rate': 4.9113838031831906e-05, 'epoch': 5.39}
{'loss': 0.376, 'learning_rate': 4.907053729324873e-05, 'epoch': 5.39}
{'loss': 0.3656, 'learning_rate': 4.902723655466556e-05, 'epoch': 5.4}
{'loss': 0.374, 'learning_rate': 4.898393581608239e-05, 'epoch': 5.4}
{'loss': 0.3574, 'learning_rate': 4.8940635077499225e-05, 'epoch': 5.41}
{'loss': 0.3696, 'learning_rate': 4.889733433891606e-05, 'epoch': 5.41}
{'loss': 0.3358, 'learning_rate': 4.885403360033288e-05, 'epoch': 5.41}
{'loss': 0.3681, 'learning_rate': 4.8810732861749715e-05, 'epoch': 5.42}
{'loss': 0.3758, 'learning_rate': 4.876743212316655e-05, 'epoch': 5.42}
{'loss': 0.3619, 'learning_rate': 4.872413138458338e-05, 'epoch': 5.43}
{'loss': 0.3533, 'learning_rate': 4.868083064600021e-05, 'epoch': 5.43}
{'loss': 0.3665, 'learning_rate': 4.863752990741705e-05, 'epoch': 5.44}
{'loss': 0.3863, 'learning_rate': 4.859422916883387e-05, 'epoch': 5.44}
{'loss': 0.3938, 'learning_rate': 4.855092843025071e-05, 'epoch': 5.44}
{'loss': 0.3809, 'learning_rate': 4.8507627691667545e-05, 'epoch': 5.45}
{'loss': 0.3688, 'learning_rate': 4.8464326953084366e-05, 'epoch': 5.45}
{'loss': 0.345, 'learning_rate': 4.84210262145012e-05, 'epoch': 5.46}
{'loss': 0.3469, 'learning_rate': 4.837772547591803e-05, 'epoch': 5.46}
{'loss': 0.38, 'learning_rate': 4.8334424737334864e-05, 'epoch': 5.46}
{'loss': 0.3743, 'learning_rate': 4.82911239987517e-05, 'epoch': 5.47}
{'loss': 0.3629, 'learning_rate': 4.824782326016852e-05, 'epoch': 5.47}
{'loss': 0.3356, 'learning_rate': 4.8204522521585355e-05, 'epoch': 5.48}
{'loss': 0.3777, 'learning_rate': 4.816122178300219e-05, 'epoch': 5.48}
{'loss': 0.3613, 'learning_rate': 4.811792104441902e-05, 'epoch': 5.48}
{'loss': 0.3926, 'learning_rate': 4.807462030583585e-05, 'epoch': 5.49}
{'loss': 0.3692, 'learning_rate': 4.803218558202435e-05, 'epoch': 5.49}
{'loss': 0.3736, 'learning_rate': 4.7988884843441175e-05, 'epoch': 5.5}
{'loss': 0.3804, 'learning_rate': 4.794558410485801e-05, 'epoch': 5.5}
{'loss': 0.3734, 'learning_rate': 4.790228336627483e-05, 'epoch': 5.5}
{'loss': 0.3491, 'learning_rate': 4.785898262769167e-05, 'epoch': 5.51}
{'loss': 0.3431, 'learning_rate': 4.781568188910851e-05, 'epoch': 5.51}
{'loss': 0.3777, 'learning_rate': 4.777238115052533e-05, 'epoch': 5.52}
{'loss': 0.381, 'learning_rate': 4.7729080411942164e-05, 'epoch': 5.52}
{'loss': 0.3493, 'learning_rate': 4.7685779673359e-05, 'epoch': 5.52}
{'loss': 0.3646, 'learning_rate': 4.7642478934775826e-05, 'epoch': 5.53}
{'loss': 0.3483, 'learning_rate': 4.759917819619266e-05, 'epoch': 5.53}
{'loss': 0.3568, 'learning_rate': 4.7555877457609496e-05, 'epoch': 5.54}
{'loss': 0.3748, 'learning_rate': 4.751257671902632e-05, 'epoch': 5.54}
{'loss': 0.3333, 'learning_rate': 4.746927598044315e-05, 'epoch': 5.55}
{'loss': 0.3452, 'learning_rate': 4.742597524185999e-05, 'epoch': 5.55}
{'loss': 0.3582, 'learning_rate': 4.7382674503276814e-05, 'epoch': 5.55}
{'loss': 0.3535, 'learning_rate': 4.733937376469365e-05, 'epoch': 5.56}
{'loss': 0.3672, 'learning_rate': 4.729607302611048e-05, 'epoch': 5.56}
{'loss': 0.3544, 'learning_rate': 4.725277228752731e-05, 'epoch': 5.57}
{'loss': 0.3649, 'learning_rate': 4.721033756371581e-05, 'epoch': 5.57}
{'loss': 0.3487, 'learning_rate': 4.7167036825132635e-05, 'epoch': 5.57}
{'loss': 0.3978, 'learning_rate': 4.712373608654947e-05, 'epoch': 5.58}
{'loss': 0.3447, 'learning_rate': 4.7080435347966305e-05, 'epoch': 5.58}
{'loss': 0.4097, 'learning_rate': 4.7037134609383126e-05, 'epoch': 5.59}
{'loss': 0.3523, 'learning_rate': 4.699383387079996e-05, 'epoch': 5.59}
{'loss': 0.3257, 'learning_rate': 4.6950533132216796e-05, 'epoch': 5.59}
{'loss': 0.366, 'learning_rate': 4.6907232393633624e-05, 'epoch': 5.6}
{'loss': 0.363, 'learning_rate': 4.686393165505046e-05, 'epoch': 5.6}
{'loss': 0.3475, 'learning_rate': 4.682063091646728e-05, 'epoch': 5.61}
{'loss': 0.3679, 'learning_rate': 4.6777330177884114e-05, 'epoch': 5.61}
{'loss': 0.4015, 'learning_rate': 4.6734029439300956e-05, 'epoch': 5.61}
{'loss': 0.3835, 'learning_rate': 4.669072870071778e-05, 'epoch': 5.62}
{'loss': 0.3726, 'learning_rate': 4.664742796213461e-05, 'epoch': 5.62}
{'loss': 0.3747, 'learning_rate': 4.6604127223551446e-05, 'epoch': 5.63}
{'loss': 0.4027, 'learning_rate': 4.6560826484968274e-05, 'epoch': 5.63}
{'loss': 0.376, 'learning_rate': 4.651752574638511e-05, 'epoch': 5.63}
{'loss': 0.3648, 'learning_rate': 4.6474225007801944e-05, 'epoch': 5.64}
{'loss': 0.3559, 'learning_rate': 4.6430924269218765e-05, 'epoch': 5.64}
{'loss': 0.3339, 'learning_rate': 4.63876235306356e-05, 'epoch': 5.65}
{'loss': 0.3459, 'learning_rate': 4.6344322792052435e-05, 'epoch': 5.65}
{'loss': 0.3707, 'learning_rate': 4.630102205346926e-05, 'epoch': 5.66}
{'loss': 0.3738, 'learning_rate': 4.62577213148861e-05, 'epoch': 5.66}
{'loss': 0.3542, 'learning_rate': 4.621442057630292e-05, 'epoch': 5.66}
{'loss': 0.3798, 'learning_rate': 4.617111983771976e-05, 'epoch': 5.67}
{'loss': 0.3399, 'learning_rate': 4.6127819099136595e-05, 'epoch': 5.67}
{'loss': 0.3548, 'learning_rate': 4.6084518360553416e-05, 'epoch': 5.68}
{'loss': 0.36, 'learning_rate': 4.604121762197025e-05, 'epoch': 5.68}
{'loss': 0.3651, 'learning_rate': 4.5997916883387086e-05, 'epoch': 5.68}
{'loss': 0.3416, 'learning_rate': 4.5954616144803914e-05, 'epoch': 5.69}
{'loss': 0.3733, 'learning_rate': 4.591131540622075e-05, 'epoch': 5.69}
{'loss': 0.3621, 'learning_rate': 4.586801466763758e-05, 'epoch': 5.7}
{'loss': 0.366, 'learning_rate': 4.5824713929054404e-05, 'epoch': 5.7}
{'loss': 0.3625, 'learning_rate': 4.578141319047124e-05, 'epoch': 5.7}
{'loss': 0.342, 'learning_rate': 4.573811245188807e-05, 'epoch': 5.71}
{'loss': 0.39, 'learning_rate': 4.56948117133049e-05, 'epoch': 5.71}
{'loss': 0.4016, 'learning_rate': 4.5651510974721737e-05, 'epoch': 5.72}
{'loss': 0.3886, 'learning_rate': 4.5608210236138565e-05, 'epoch': 5.72}
{'loss': 0.3415, 'learning_rate': 4.55649094975554e-05, 'epoch': 5.72}
{'loss': 0.3737, 'learning_rate': 4.5521608758972234e-05, 'epoch': 5.73}
{'loss': 0.3389, 'learning_rate': 4.5478308020389055e-05, 'epoch': 5.73}
{'loss': 0.3731, 'learning_rate': 4.543500728180589e-05, 'epoch': 5.74}
{'loss': 0.3571, 'learning_rate': 4.5391706543222725e-05, 'epoch': 5.74}
{'loss': 0.3429, 'learning_rate': 4.534840580463955e-05, 'epoch': 5.74}
{'loss': 0.394, 'learning_rate': 4.530510506605639e-05, 'epoch': 5.75}
{'loss': 0.388, 'learning_rate': 4.526180432747322e-05, 'epoch': 5.75}
{'loss': 0.3503, 'learning_rate': 4.5218503588890043e-05, 'epoch': 5.76}
{'loss': 0.3255, 'learning_rate': 4.5175202850306885e-05, 'epoch': 5.76}
{'loss': 0.3999, 'learning_rate': 4.5131902111723706e-05, 'epoch': 5.77}
{'loss': 0.3848, 'learning_rate': 4.508860137314054e-05, 'epoch': 5.77}
{'loss': 0.3401, 'learning_rate': 4.5045300634557376e-05, 'epoch': 5.77}
{'loss': 0.366, 'learning_rate': 4.5001999895974204e-05, 'epoch': 5.78}
{'loss': 0.3714, 'learning_rate': 4.495869915739104e-05, 'epoch': 5.78}
{'loss': 0.3806, 'learning_rate': 4.491539841880787e-05, 'epoch': 5.79}
{'loss': 0.3485, 'learning_rate': 4.4872097680224694e-05, 'epoch': 5.79}
{'loss': 0.3347, 'learning_rate': 4.482879694164153e-05, 'epoch': 5.79}
{'loss': 0.3704, 'learning_rate': 4.4785496203058364e-05, 'epoch': 5.8}
{'loss': 0.3621, 'learning_rate': 4.474219546447519e-05, 'epoch': 5.8}
{'loss': 0.3586, 'learning_rate': 4.469889472589203e-05, 'epoch': 5.81}
{'loss': 0.3772, 'learning_rate': 4.465559398730885e-05, 'epoch': 5.81}
{'loss': 0.3848, 'learning_rate': 4.461229324872569e-05, 'epoch': 5.81}
{'loss': 0.3193, 'learning_rate': 4.4568992510142524e-05, 'epoch': 5.82}
{'loss': 0.3505, 'learning_rate': 4.4525691771559345e-05, 'epoch': 5.82}
{'loss': 0.3738, 'learning_rate': 4.448239103297618e-05, 'epoch': 5.83}
{'loss': 0.381, 'learning_rate': 4.4439090294393015e-05, 'epoch': 5.83}
{'loss': 0.3823, 'learning_rate': 4.439578955580984e-05, 'epoch': 5.83}
{'loss': 0.3631, 'learning_rate': 4.435248881722668e-05, 'epoch': 5.84}
{'loss': 0.3566, 'learning_rate': 4.430918807864351e-05, 'epoch': 5.84}
{'loss': 0.3853, 'learning_rate': 4.4265887340060334e-05, 'epoch': 5.85}
{'loss': 0.3554, 'learning_rate': 4.422258660147717e-05, 'epoch': 5.85}
{'loss': 0.3519, 'learning_rate': 4.4179285862893996e-05, 'epoch': 5.85}
{'loss': 0.3879, 'learning_rate': 4.413598512431083e-05, 'epoch': 5.86}
{'loss': 0.3555, 'learning_rate': 4.4092684385727666e-05, 'epoch': 5.86}
{'loss': 0.3758, 'learning_rate': 4.4049383647144494e-05, 'epoch': 5.87}
{'loss': 0.3522, 'learning_rate': 4.400608290856133e-05, 'epoch': 5.87}
{'loss': 0.3595, 'learning_rate': 4.396278216997816e-05, 'epoch': 5.88}
{'loss': 0.3804, 'learning_rate': 4.3919481431394984e-05, 'epoch': 5.88}
{'loss': 0.3351, 'learning_rate': 4.387618069281182e-05, 'epoch': 5.88}
{'loss': 0.3772, 'learning_rate': 4.3832879954228654e-05, 'epoch': 5.89}
{'loss': 0.362, 'learning_rate': 4.378957921564548e-05, 'epoch': 5.89}
{'loss': 0.3681, 'learning_rate': 4.374627847706232e-05, 'epoch': 5.9}
{'loss': 0.3637, 'learning_rate': 4.370297773847915e-05, 'epoch': 5.9}
{'loss': 0.3745, 'learning_rate': 4.365967699989598e-05, 'epoch': 5.9}
{'loss': 0.3934, 'learning_rate': 4.3616376261312814e-05, 'epoch': 5.91}
{'loss': 0.3845, 'learning_rate': 4.3573075522729635e-05, 'epoch': 5.91}
{'loss': 0.3835, 'learning_rate': 4.353064079891814e-05, 'epoch': 5.92}
{'loss': 0.3685, 'learning_rate': 4.348734006033497e-05, 'epoch': 5.92}
{'loss': 0.3441, 'learning_rate': 4.3444039321751793e-05, 'epoch': 5.92}
{'loss': 0.3599, 'learning_rate': 4.340073858316863e-05, 'epoch': 5.93}
{'loss': 0.3496, 'learning_rate': 4.335743784458546e-05, 'epoch': 5.93}
{'loss': 0.3685, 'learning_rate': 4.331413710600229e-05, 'epoch': 5.94}
{'loss': 0.3675, 'learning_rate': 4.3270836367419126e-05, 'epoch': 5.94}
{'loss': 0.3861, 'learning_rate': 4.322753562883596e-05, 'epoch': 5.94}
{'loss': 0.3491, 'learning_rate': 4.318423489025278e-05, 'epoch': 5.95}
{'loss': 0.354, 'learning_rate': 4.3140934151669616e-05, 'epoch': 5.95}
{'loss': 0.3891, 'learning_rate': 4.3097633413086444e-05, 'epoch': 5.96}
{'loss': 0.3846, 'learning_rate': 4.305433267450328e-05, 'epoch': 5.96}
{'loss': 0.3469, 'learning_rate': 4.3011031935920114e-05, 'epoch': 5.96}
{'loss': 0.3238, 'learning_rate': 4.296773119733694e-05, 'epoch': 5.97}
{'loss': 0.3786, 'learning_rate': 4.292443045875378e-05, 'epoch': 5.97}
{'loss': 0.369, 'learning_rate': 4.288112972017061e-05, 'epoch': 5.98}
{'loss': 0.3489, 'learning_rate': 4.283782898158743e-05, 'epoch': 5.98}
{'loss': 0.3453, 'learning_rate': 4.279452824300427e-05, 'epoch': 5.99}
{'loss': 0.3509, 'learning_rate': 4.27512275044211e-05, 'epoch': 5.99}
{'loss': 0.3699, 'learning_rate': 4.270792676583793e-05, 'epoch': 5.99}
{'loss': 0.3314, 'learning_rate': 4.2664626027254765e-05, 'epoch': 6.0}
[INFO|trainer.py:520] 2026-10-04 15:40:16,955 >> The following columns in the evaluation set  don't have a corresponding argument in `PETLEncModel.forward` and have been ignored: premise, idx, hypothesis.
[INFO|trainer.py:2179] 2026-10-04 15:40:16,956 >> ***** Running Evaluation *****
[INFO|trainer.py:2181] 2026-10-04 15:40:16,956 >>   Num examples = 9815
[INFO|trainer.py:2184] 2026-10-04 15:40:16,956 >>   Batch size = 32
{'eval_loss': 0.3598436415195465, 'eval_accuracy': 0.8705043301069791, 'eval_runtime': 13.2945, 'eval_samples_per_second': 738.273, 'eval_steps_per_second': 23.092, 'epoch': 6.0}
[INFO|trainer.py:1933] 2026-10-04 15:40:30,252 >> Saving model checkpoint to checkpoints/glue/mnli/20261004/glue.mnli.adapter.am_adapter.ao_sequential.fm_adapter.fo_sequential.abn.fbn.ac_add.fl_none.finit_bert.fs_1.unfrz_ef_.ne10.warm0.06.wd0.1.seed4./checkpoint-73632
[INFO|configuration_utils.py:364] 2026-10-04 15:40:30,253 >> Configuration saved in checkpoints/glue/mnli/20261004/glue.mnli.adapter.am_adapter.ao_sequential.fm_adapter.fo_sequential.abn.fbn.ac_add.fl_none.finit_bert.fs_1.unfrz_ef_.ne10.warm0.06.wd0.1.seed4./checkpoint-73632/config.json
[INFO|modeling_utils.py:898] 2026-10-04 15:40:30,529 >> Model weights saved in checkpoints/glue/mnli/20261004/glue.mnli.adapter.am_adapter.ao_sequential.fm_adapter.fo_sequential.abn.fbn.ac_add.fl_none.finit_bert.fs_1.unfrz_ef_.ne10.warm0.06.wd0.1.seed4./checkpoint-73632/pytorch_model.bin
[INFO|tokenization_utils_base.py:1948] 2026-10-04 15:40:30,530 >> tokenizer config file saved in checkpoints/glue/mnli/20261004/glue.mnli.adapter.am_adapter.ao_sequential.fm_adapter.fo_sequential.abn.fbn.ac_add.fl_none.finit_bert.fs_1.unfrz_ef_.ne10.warm0.06.wd0.1.seed4./checkpoint-73632/tokenizer_config.json
[INFO|tokenization_utils_base.py:1954] 2026-10-04 15:40:30,530 >> Special tokens file saved in checkpoints/glue/mnli/20261004/glue.mnli.adapter.am_adapter.ao_sequential.fm_adapter.fo_sequential.abn.fbn.ac_add.fl_none.finit_bert.fs_1.unfrz_ef_.ne10.warm0.06.wd0.1.seed4./checkpoint-73632/special_tokens_map.json
[INFO|trainer.py:2009] 2026-10-04 15:40:30,600 >> Deleting older checkpoint [checkpoints/glue/mnli/20261004/glue.mnli.adapter.am_adapter.ao_sequential.fm_adapter.fo_sequential.abn.fbn.ac_add.fl_none.finit_bert.fs_1.unfrz_ef_.ne10.warm0.06.wd0.1.seed4./checkpoint-49088] due to args.save_total_limit
/work/unify-parameter-efficient-tuning/src/transformers/trainer.py:1784: FutureWarning: `torch.cuda.amp.autocast(args...)` is deprecated. Please use `torch.amp.autocast('cuda', args...)` instead.
  with autocast():
{'loss': 0.3351, 'learning_rate': 4.26213252886716e-05, 'epoch': 6.0}
{'loss': 0.3624, 'learning_rate': 4.257889056486009e-05, 'epoch': 6.01}
{'loss': 0.3457, 'learning_rate': 4.253558982627692e-05, 'epoch': 6.01}
{'loss': 0.3636, 'learning_rate': 4.2492289087693744e-05, 'epoch': 6.01}
{'loss': 0.3584, 'learning_rate': 4.244898834911058e-05, 'epoch': 6.02}
{'loss': 0.3495, 'learning_rate': 4.240568761052742e-05, 'epoch': 6.02}
{'loss': 0.3911, 'learning_rate': 4.236238687194424e-05, 'epoch': 6.03}
{'loss': 0.3269, 'learning_rate': 4.2319086133361076e-05, 'epoch': 6.03}
{'loss': 0.3771, 'learning_rate': 4.227578539477791e-05, 'epoch': 6.03}
{'loss': 0.3393, 'learning_rate': 4.223248465619474e-05, 'epoch': 6.04}
{'loss': 0.3491, 'learning_rate': 4.2189183917611574e-05, 'epoch': 6.04}
{'loss': 0.3767, 'learning_rate': 4.214588317902841e-05, 'epoch': 6.05}
{'loss': 0.3642, 'learning_rate': 4.210258244044523e-05, 'epoch': 6.05}
{'loss': 0.3317, 'learning_rate': 4.2059281701862065e-05, 'epoch': 6.05}
{'loss': 0.3944, 'learning_rate': 4.201598096327889e-05, 'epoch': 6.06}
{'loss': 0.3486, 'learning_rate': 4.197268022469573e-05, 'epoch': 6.06}
{'loss': 0.365, 'learning_rate': 4.192937948611256e-05, 'epoch': 6.07}
{'loss': 0.3508, 'learning_rate': 4.188607874752938e-05, 'epoch': 6.07}
{'loss': 0.3127, 'learning_rate': 4.1842778008946225e-05, 'epoch': 6.07}
{'loss': 0.3485, 'learning_rate': 4.179947727036306e-05, 'epoch': 6.08}
{'loss': 0.385, 'learning_rate': 4.175617653177988e-05, 'epoch': 6.08}
{'loss': 0.3453, 'learning_rate': 4.1712875793196716e-05, 'epoch': 6.09}
{'loss': 0.3442, 'learning_rate': 4.166957505461355e-05, 'epoch': 6.09}
{'loss': 0.3476, 'learning_rate': 4.162627431603038e-05, 'epoch': 6.1}
{'loss': 0.3266, 'learning_rate': 4.158297357744721e-05, 'epoch': 6.1}
{'loss': 0.3164, 'learning_rate': 4.153967283886405e-05, 'epoch': 6.1}
{'loss': 0.3329, 'learning_rate': 4.149637210028087e-05, 'epoch': 6.11}
{'loss': 0.3793, 'learning_rate': 4.1453071361697704e-05, 'epoch': 6.11}
{'loss': 0.338, 'learning_rate': 4.140977062311453e-05, 'epoch': 6.12}
{'loss': 0.3472, 'learning_rate': 4.1366469884531367e-05, 'epoch': 6.12}
{'loss': 0.3681, 'learning_rate': 4.13231691459482e-05, 'epoch': 6.12}
{'loss': 0.3884, 'learning_rate': 4.127986840736503e-05, 'epoch': 6.13}
{'loss': 0.3596, 'learning_rate': 4.1236567668781864e-05, 'epoch': 6.13}
{'loss': 0.3789, 'learning_rate': 4.11932669301987e-05, 'epoch': 6.14}
{'loss': 0.3383, 'learning_rate': 4.114996619161552e-05, 'epoch': 6.14}
{'loss': 0.3512, 'learning_rate': 4.1106665453032355e-05, 'epoch': 6.14}
{'loss': 0.3339, 'learning_rate': 4.106336471444919e-05, 'epoch': 6.15}
{'loss': 0.3561, 'learning_rate': 4.102006397586602e-05, 'epoch': 6.15}
{'loss': 0.3668, 'learning_rate': 4.097676323728285e-05, 'epoch': 6.16}
{'loss': 0.3649, 'learning_rate': 4.0933462498699673e-05, 'epoch': 6.16}
{'loss': 0.3536, 'learning_rate': 4.089016176011651e-05, 'epoch': 6.16}
{'loss': 0.3582, 'learning_rate': 4.084686102153335e-05, 'epoch': 6.17}
{'loss': 0.3682, 'learning_rate': 4.080356028295017e-05, 'epoch': 6.17}
{'loss': 0.3527, 'learning_rate': 4.0760259544367006e-05, 'epoch': 6.18}
{'loss': 0.3807, 'learning_rate': 4.071695880578384e-05, 'epoch': 6.18}
{'loss': 0.3675, 'learning_rate': 4.067365806720067e-05, 'epoch': 6.18}
{'loss': 0.3575, 'learning_rate': 4.06303573286175e-05, 'epoch': 6.19}
{'loss': 0.3395, 'learning_rate': 4.058705659003434e-05, 'epoch': 6.19}
{'loss': 0.3232, 'learning_rate': 4.054375585145116e-05, 'epoch': 6.2}
{'loss': 0.3351, 'learning_rate': 4.0500455112867994e-05, 'epoch': 6.2}
{'loss': 0.3581, 'learning_rate': 4.045715437428482e-05, 'epoch': 6.21}
{'loss': 0.368, 'learning_rate': 4.0413853635701657e-05, 'epoch': 6.21}
{'loss': 0.3682, 'learning_rate': 4.037055289711849e-05, 'epoch': 6.21}
{'loss': 0.3485, 'learning_rate': 4.032725215853531e-05, 'epoch': 6.22}
{'loss': 0.3757, 'learning_rate': 4.0283951419952154e-05, 'epoch': 6.22}
{'loss': 0.3658, 'learning_rate': 4.024065068136899e-05, 'epoch': 6.23}
{'loss': 0.3793, 'learning_rate': 4.019734994278581e-05, 'epoch': 6.23}
{'loss': 0.3548, 'learning_rate': 4.0154049204202645e-05, 'epoch': 6.23}
{'loss': 0.3405, 'learning_rate': 4.011074846561948e-05, 'epoch': 6.24}
{'loss': 0.3658, 'learning_rate': 4.006744772703631e-05, 'epoch': 6.24}
{'loss': 0.3619, 'learning_rate': 4.002414698845314e-05, 'epoch': 6.25}
{'loss': 0.3388, 'learning_rate': 3.998084624986998e-05, 'epoch': 6.25}
{'loss': 0.3349, 'learning_rate': 3.99375455112868e-05, 'epoch': 6.25}
{'loss': 0.3426, 'learning_rate': 3.989424477270363e-05, 'epoch': 6.26}
{'loss': 0.3388, 'learning_rate': 3.985094403412046e-05, 'epoch': 6.26}
{'loss': 0.3412, 'learning_rate': 3.9807643295537296e-05, 'epoch': 6.27}
{'loss': 0.361, 'learning_rate': 3.976434255695413e-05, 'epoch': 6.27}
{'loss': 0.3649, 'learning_rate': 3.972104181837096e-05, 'epoch': 6.27}
{'loss': 0.3422, 'learning_rate': 3.967774107978779e-05, 'epoch': 6.28}
{'loss': 0.351, 'learning_rate': 3.963444034120463e-05, 'epoch': 6.28}
{'loss': 0.3495, 'learning_rate': 3.959113960262145e-05, 'epoch': 6.29}
{'loss': 0.3759, 'learning_rate': 3.9547838864038284e-05, 'epoch': 6.29}
{'loss': 0.3598, 'learning_rate': 3.950453812545512e-05, 'epoch': 6.29}
{'loss': 0.3768, 'learning_rate': 3.946123738687195e-05, 'epoch': 6.3}
{'loss': 0.3468, 'learning_rate': 3.941793664828878e-05, 'epoch': 6.3}
{'loss': 0.3857, 'learning_rate': 3.93746359097056e-05, 'epoch': 6.31}
{'loss': 0.3453, 'learning_rate': 3.933133517112244e-05, 'epoch': 6.31}
{'loss': 0.3452, 'learning_rate': 3.928803443253928e-05, 'epoch': 6.32}
{'loss': 0.3376, 'learning_rate': 3.92447336939561e-05, 'epoch': 6.32}
{'loss': 0.3272, 'learning_rate': 3.9201432955372935e-05, 'epoch': 6.32}
{'loss': 0.3502, 'learning_rate': 3.915813221678977e-05, 'epoch': 6.33}
{'loss': 0.3467, 'learning_rate': 3.91148314782066e-05, 'epoch': 6.33}
{'loss': 0.3923, 'learning_rate': 3.907153073962343e-05, 'epoch': 6.34}
{'loss': 0.3587, 'learning_rate': 3.902823000104027e-05, 'epoch': 6.34}
{'loss': 0.3614, 'learning_rate': 3.898492926245709e-05, 'epoch': 6.34}
{'loss': 0.3452, 'learning_rate': 3.894162852387392e-05, 'epoch': 6.35}
{'loss': 0.3586, 'learning_rate': 3.889832778529075e-05, 'epoch': 6.35}
{'loss': 0.3599, 'learning_rate': 3.8855027046707586e-05, 'epoch': 6.36}
{'loss': 0.3709, 'learning_rate': 3.881172630812442e-05, 'epoch': 6.36}
{'loss': 0.33, 'learning_rate': 3.876842556954124e-05, 'epoch': 6.36}
{'loss': 0.3417, 'learning_rate': 3.872512483095808e-05, 'epoch': 6.37}
{'loss': 0.3345, 'learning_rate': 3.868269010714658e-05, 'epoch': 6.37}
{'loss': 0.343, 'learning_rate': 3.86393893685634e-05, 'epoch': 6.38}
{'loss': 0.3868, 'learning_rate': 3.859608862998024e-05, 'epoch': 6.38}
{'loss': 0.3318, 'learning_rate': 3.8552787891397076e-05, 'epoch': 6.38}
{'loss': 0.3505, 'learning_rate': 3.85094871528139e-05, 'epoch': 6.39}
{'loss': 0.3593, 'learning_rate': 3.846618641423073e-05, 'epoch': 6.39}
{'loss': 0.3834, 'learning_rate': 3.842288567564757e-05, 'epoch': 6.4}
{'loss': 0.3491, 'learning_rate': 3.8379584937064395e-05, 'epoch': 6.4}
{'loss': 0.3524, 'learning_rate': 3.833628419848123e-05, 'epoch': 6.4}
{'loss': 0.3493, 'learning_rate': 3.829298345989805e-05, 'epoch': 6.41}
{'loss': 0.3449, 'learning_rate': 3.8249682721314886e-05, 'epoch': 6.41}
{'loss': 0.3538, 'learning_rate': 3.820638198273173e-05, 'epoch': 6.42}
{'loss': 0.375, 'learning_rate': 3.816308124414855e-05, 'epoch': 6.42}
{'loss': 0.3667, 'learning_rate': 3.811978050556538e-05, 'epoch': 6.43}
{'loss': 0.3682, 'learning_rate': 3.807647976698222e-05, 'epoch': 6.43}
{'loss': 0.3725, 'learning_rate': 3.8034045043170706e-05, 'epoch': 6.43}
{'loss': 0.3161, 'learning_rate': 3.799074430458754e-05, 'epoch': 6.44}
{'loss': 0.3528, 'learning_rate': 3.7947443566004376e-05, 'epoch': 6.44}
{'loss': 0.3418, 'learning_rate': 3.7904142827421204e-05, 'epoch': 6.45}
{'loss': 0.3459, 'learning_rate': 3.786084208883804e-05, 'epoch': 6.45}
{'loss': 0.3483, 'learning_rate': 3.781754135025487e-05, 'epoch': 6.45}
{'loss': 0.358, 'learning_rate': 3.7774240611671695e-05, 'epoch': 6.46}
{'loss': 0.3447, 'learning_rate': 3.773093987308853e-05, 'epoch': 6.46}
{'loss': 0.3791, 'learning_rate': 3.768763913450536e-05, 'epoch': 6.47}
{'loss': 0.3154, 'learning_rate': 3.764433839592219e-05, 'epoch': 6.47}
{'loss': 0.3111, 'learning_rate': 3.760103765733903e-05, 'epoch': 6.47}
{'loss': 0.3323, 'learning_rate': 3.755773691875585e-05, 'epoch': 6.48}
{'loss': 0.3743, 'learning_rate': 3.751443618017269e-05, 'epoch': 6.48}
{'loss': 0.3527, 'learning_rate': 3.7471135441589524e-05, 'epoch': 6.49}
{'loss': 0.3702, 'learning_rate': 3.7427834703006346e-05, 'epoch': 6.49}
{'loss': 0.3876, 'learning_rate': 3.738453396442318e-05, 'epoch': 6.49}
{'loss': 0.345, 'learning_rate': 3.7341233225840015e-05, 'epoch': 6.5}
{'loss': 0.3934, 'learning_rate': 3.729793248725684e-05, 'epoch': 6.5}
{'loss': 0.3728, 'learning_rate': 3.725463174867368e-05, 'epoch': 6.51}
{'loss': 0.3655, 'learning_rate': 3.72113310100905e-05, 'epoch': 6.51}
{'loss': 0.3685, 'learning_rate': 3.7168030271507334e-05, 'epoch': 6.51}
{'loss': 0.371, 'learning_rate': 3.712472953292417e-05, 'epoch': 6.52}
{'loss': 0.3393, 'learning_rate': 3.7081428794340996e-05, 'epoch': 6.52}
{'loss': 0.3576, 'learning_rate': 3.703812805575783e-05, 'epoch': 6.53}
{'loss': 0.3792, 'learning_rate': 3.6994827317174666e-05, 'epoch': 6.53}
{'loss': 0.3372, 'learning_rate': 3.6951526578591494e-05, 'epoch': 6.54}
{'loss': 0.3728, 'learning_rate': 3.690822584000833e-05, 'epoch': 6.54}
{'loss': 0.3576, 'learning_rate': 3.6864925101425163e-05, 'epoch': 6.54}
{'loss': 0.3387, 'learning_rate': 3.6821624362841985e-05, 'epoch': 6.55}
{'loss': 0.3658, 'learning_rate': 3.677832362425882e-05, 'epoch': 6.55}
{'loss': 0.3803, 'learning_rate': 3.673502288567565e-05, 'epoch': 6.56}
{'loss': 0.353, 'learning_rate': 3.669172214709248e-05, 'epoch': 6.56}
{'loss': 0.3614, 'learning_rate': 3.664842140850932e-05, 'epoch': 6.56}
{'loss': 0.3743, 'learning_rate': 3.660512066992614e-05, 'epoch': 6.57}
{'loss': 0.3748, 'learning_rate': 3.656181993134297e-05, 'epoch': 6.57}
{'loss': 0.3776, 'learning_rate': 3.6518519192759814e-05, 'epoch': 6.58}
{'loss': 0.3249, 'learning_rate': 3.6475218454176636e-05, 'epoch': 6.58}
{'loss': 0.3633, 'learning_rate': 3.643191771559347e-05, 'epoch': 6.58}
{'loss': 0.3452, 'learning_rate': 3.6388616977010305e-05, 'epoch': 6.59}
{'loss': 0.3506, 'learning_rate': 3.634531623842713e-05, 'epoch': 6.59}
{'loss': 0.3997, 'learning_rate': 3.630201549984397e-05, 'epoch': 6.6}
{'loss': 0.3614, 'learning_rate': 3.62587147612608e-05, 'epoch': 6.6}
{'loss': 0.3628, 'learning_rate': 3.6215414022677624e-05, 'epoch': 6.6}
{'loss': 0.3586, 'learning_rate': 3.617211328409446e-05, 'epoch': 6.61}
{'loss': 0.4077, 'learning_rate': 3.6128812545511287e-05, 'epoch': 6.61}
{'loss': 0.3374, 'learning_rate': 3.608551180692812e-05, 'epoch': 6.62}
{'loss': 0.3609, 'learning_rate': 3.604307708311662e-05, 'epoch': 6.62}
{'loss': 0.3606, 'learning_rate': 3.5999776344533445e-05, 'epoch': 6.62}
{'loss': 0.3456, 'learning_rate': 3.595647560595028e-05, 'epoch': 6.63}
{'loss': 0.369, 'learning_rate': 3.5913174867367114e-05, 'epoch': 6.63}
{'loss': 0.3442, 'learning_rate': 3.5869874128783935e-05, 'epoch': 6.64}
{'loss': 0.3453, 'learning_rate': 3.582657339020078e-05, 'epoch': 6.64}
{'loss': 0.3744, 'learning_rate': 3.578327265161761e-05, 'epoch': 6.65}
{'loss': 0.3469, 'learning_rate': 3.573997191303443e-05, 'epoch': 6.65}
{'loss': 0.3611, 'learning_rate': 3.569667117445127e-05, 'epoch': 6.65}
{'loss': 0.3443, 'learning_rate': 3.5653370435868096e-05, 'epoch': 6.66}
{'loss': 0.3434, 'learning_rate': 3.561006969728493e-05, 'epoch': 6.66}
{'loss': 0.3773, 'learning_rate': 3.5566768958701765e-05, 'epoch': 6.67}
{'loss': 0.3407, 'learning_rate': 3.5523468220118586e-05, 'epoch': 6.67}
{'loss': 0.347, 'learning_rate': 3.548016748153542e-05, 'epoch': 6.67}
{'loss': 0.3278, 'learning_rate': 3.5436866742952256e-05, 'epoch': 6.68}
{'loss': 0.3769, 'learning_rate': 3.5393566004369084e-05, 'epoch': 6.68}
{'loss': 0.3563, 'learning_rate': 3.535026526578592e-05, 'epoch': 6.69}
{'loss': 0.3382, 'learning_rate': 3.530696452720275e-05, 'epoch': 6.69}
{'loss': 0.3318, 'learning_rate': 3.526366378861958e-05, 'epoch': 6.69}
{'loss': 0.3397, 'learning_rate': 3.5220363050036416e-05, 'epoch': 6.7}
{'loss': 0.358, 'learning_rate': 3.517706231145325e-05, 'epoch': 6.7}
{'loss': 0.3677, 'learning_rate': 3.513376157287007e-05, 'epoch': 6.71}
{'loss': 0.3548, 'learning_rate': 3.509046083428691e-05, 'epoch': 6.71}
{'loss': 0.3554, 'learning_rate': 3.5047160095703735e-05, 'epoch': 6.71}
{'loss': 0.3576, 'learning_rate': 3.500385935712057e-05, 'epoch': 6.72}
{'loss': 0.3973, 'learning_rate': 3.4960558618537404e-05, 'epoch': 6.72}
{'loss': 0.3228, 'learning_rate': 3.4917257879954225e-05, 'epoch': 6.73}
{'loss': 0.3644, 'learning_rate': 3.487395714137106e-05, 'epoch': 6.73}
{'loss': 0.3845, 'learning_rate': 3.48306564027879e-05, 'epoch': 6.73}
{'loss': 0.3309, 'learning_rate': 3.478735566420472e-05, 'epoch': 6.74}
{'loss': 0.3471, 'learning_rate': 3.474405492562156e-05, 'epoch': 6.74}
{'loss': 0.3848, 'learning_rate': 3.470075418703839e-05, 'epoch': 6.75}
{'loss': 0.3308, 'learning_rate': 3.465745344845522e-05, 'epoch': 6.75}
{'loss': 0.3643, 'learning_rate': 3.4614152709872055e-05, 'epoch': 6.76}
{'loss': 0.3153, 'learning_rate': 3.4570851971288876e-05, 'epoch': 6.76}
{'loss': 0.3621, 'learning_rate': 3.452755123270571e-05, 'epoch': 6.76}
{'loss': 0.3453, 'learning_rate': 3.4484250494122546e-05, 'epoch': 6.77}
{'loss': 0.3508, 'learning_rate': 3.4440949755539374e-05, 'epoch': 6.77}
{'loss': 0.354, 'learning_rate': 3.439764901695621e-05, 'epoch': 6.78}
{'loss': 0.354, 'learning_rate': 3.435434827837304e-05, 'epoch': 6.78}
{'loss': 0.3741, 'learning_rate': 3.4311047539789865e-05, 'epoch': 6.78}
{'loss': 0.3527, 'learning_rate': 3.4267746801206706e-05, 'epoch': 6.79}
{'loss': 0.3671, 'learning_rate': 3.422444606262354e-05, 'epoch': 6.79}
{'loss': 0.3821, 'learning_rate': 3.418114532404036e-05, 'epoch': 6.8}
{'loss': 0.3788, 'learning_rate': 3.41378445854572e-05, 'epoch': 6.8}
{'loss': 0.3515, 'learning_rate': 3.4094543846874025e-05, 'epoch': 6.8}
{'loss': 0.3542, 'learning_rate': 3.405124310829086e-05, 'epoch': 6.81}
{'loss': 0.3393, 'learning_rate': 3.4007942369707694e-05, 'epoch': 6.81}
{'loss': 0.3559, 'learning_rate': 3.3964641631124516e-05, 'epoch': 6.82}
{'loss': 0.3537, 'learning_rate': 3.392134089254135e-05, 'epoch': 6.82}
{'loss': 0.3699, 'learning_rate': 3.3878040153958185e-05, 'epoch': 6.82}
{'loss': 0.3506, 'learning_rate': 3.383473941537501e-05, 'epoch': 6.83}
{'loss': 0.3348, 'learning_rate': 3.379143867679185e-05, 'epoch': 6.83}
{'loss': 0.3612, 'learning_rate': 3.374813793820868e-05, 'epoch': 6.84}
{'loss': 0.3688, 'learning_rate': 3.370483719962551e-05, 'epoch': 6.84}
{'loss': 0.3886, 'learning_rate': 3.3661536461042345e-05, 'epoch': 6.84}
{'loss': 0.3367, 'learning_rate': 3.361823572245918e-05, 'epoch': 6.85}
{'loss': 0.3577, 'learning_rate': 3.3574934983876e-05, 'epoch': 6.85}
{'loss': 0.3602, 'learning_rate': 3.3531634245292836e-05, 'epoch': 6.86}
{'loss': 0.3479, 'learning_rate': 3.3488333506709664e-05, 'epoch': 6.86}
{'loss': 0.35, 'learning_rate': 3.34450327681265e-05, 'epoch': 6.87}
{'loss': 0.3506, 'learning_rate': 3.3401732029543333e-05, 'epoch': 6.87}
{'loss': 0.3679, 'learning_rate': 3.3358431290960155e-05, 'epoch': 6.87}
{'loss': 0.3531, 'learning_rate': 3.331513055237699e-05, 'epoch': 6.88}
{'loss': 0.3687, 'learning_rate': 3.327182981379383e-05, 'epoch': 6.88}
{'loss': 0.3287, 'learning_rate': 3.322852907521065e-05, 'epoch': 6.89}
{'loss': 0.3475, 'learning_rate': 3.318522833662749e-05, 'epoch': 6.89}
{'loss': 0.3689, 'learning_rate': 3.314192759804432e-05, 'epoch': 6.89}
{'loss': 0.3373, 'learning_rate': 3.309862685946115e-05, 'epoch': 6.9}
{'loss': 0.3641, 'learning_rate': 3.3055326120877984e-05, 'epoch': 6.9}
{'loss': 0.3443, 'learning_rate': 3.3012025382294806e-05, 'epoch': 6.91}
{'loss': 0.3461, 'learning_rate': 3.296872464371164e-05, 'epoch': 6.91}
{'loss': 0.3693, 'learning_rate': 3.2925423905128475e-05, 'epoch': 6.91}
{'loss': 0.361, 'learning_rate': 3.28821231665453e-05, 'epoch': 6.92}
{'loss': 0.3503, 'learning_rate': 3.283882242796214e-05, 'epoch': 6.92}
{'loss': 0.3684, 'learning_rate': 3.279552168937897e-05, 'epoch': 6.93}
{'loss': 0.3462, 'learning_rate': 3.2752220950795794e-05, 'epoch': 6.93}
{'loss': 0.3585, 'learning_rate': 3.2708920212212635e-05, 'epoch': 6.93}
{'loss': 0.3637, 'learning_rate': 3.266561947362947e-05, 'epoch': 6.94}
{'loss': 0.3226, 'learning_rate': 3.262231873504629e-05, 'epoch': 6.94}
{'loss': 0.3331, 'learning_rate': 3.2579017996463126e-05, 'epoch': 6.95}
{'loss': 0.3745, 'learning_rate': 3.253571725787996e-05, 'epoch': 6.95}
{'loss': 0.3808, 'learning_rate': 3.249241651929679e-05, 'epoch': 6.95}
{'loss': 0.345, 'learning_rate': 3.2449115780713624e-05, 'epoch': 6.96}
{'loss': 0.3712, 'learning_rate': 3.2405815042130445e-05, 'epoch': 6.96}
{'loss': 0.351, 'learning_rate': 3.236251430354728e-05, 'epoch': 6.97}
{'loss': 0.3566, 'learning_rate': 3.232007957973578e-05, 'epoch': 6.97}
{'loss': 0.3514, 'learning_rate': 3.22767788411526e-05, 'epoch': 6.98}
{'loss': 0.3704, 'learning_rate': 3.223347810256944e-05, 'epoch': 6.98}
{'loss': 0.349, 'learning_rate': 3.219017736398628e-05, 'epoch': 6.98}
{'loss': 0.3542, 'learning_rate': 3.21468766254031e-05, 'epoch': 6.99}
{'loss': 0.3741, 'learning_rate': 3.2103575886819935e-05, 'epoch': 6.99}
{'loss': 0.3839, 'learning_rate': 3.206027514823677e-05, 'epoch': 7.0}
{'loss': 0.3707, 'learning_rate': 3.20169744096536e-05, 'epoch': 7.0}
[INFO|trainer.py:520] 2026-10-04 15:47:40,151 >> The following columns in the evaluation set  don't have a corresponding argument in `PETLEncModel.forward` and have been ignored: premise, idx, hypothesis.
[INFO|trainer.py:2179] 2026-10-04 15:47:40,152 >> ***** Running Evaluation *****
[INFO|trainer.py:2181] 2026-10-04 15:47:40,152 >>   Num examples = 9815
[INFO|trainer.py:2184] 2026-10-04 15:47:40,152 >>   Batch size = 32
{'eval_loss': 0.34595704078674316, 'eval_accuracy': 0.8712175241976566, 'eval_runtime': 13.3491, 'eval_samples_per_second': 735.256, 'eval_steps_per_second': 22.998, 'epoch': 7.0}
[INFO|trainer.py:1933] 2026-10-04 15:47:53,502 >> Saving model checkpoint to checkpoints/glue/mnli/20261004/glue.mnli.adapter.am_adapter.ao_sequential.fm_adapter.fo_sequential.abn.fbn.ac_add.fl_none.finit_bert.fs_1.unfrz_ef_.ne10.warm0.06.wd0.1.seed4./checkpoint-85904
[INFO|configuration_utils.py:364] 2026-10-04 15:47:53,504 >> Configuration saved in checkpoints/glue/mnli/20261004/glue.mnli.adapter.am_adapter.ao_sequential.fm_adapter.fo_sequential.abn.fbn.ac_add.fl_none.finit_bert.fs_1.unfrz_ef_.ne10.warm0.06.wd0.1.seed4./checkpoint-85904/config.json
[INFO|modeling_utils.py:898] 2026-10-04 15:47:53,772 >> Model weights saved in checkpoints/glue/mnli/20261004/glue.mnli.adapter.am_adapter.ao_sequential.fm_adapter.fo_sequential.abn.fbn.ac_add.fl_none.finit_bert.fs_1.unfrz_ef_.ne10.warm0.06.wd0.1.seed4./checkpoint-85904/pytorch_model.bin
[INFO|tokenization_utils_base.py:1948] 2026-10-04 15:47:53,773 >> tokenizer config file saved in checkpoints/glue/mnli/20261004/glue.mnli.adapter.am_adapter.ao_sequential.fm_adapter.fo_sequential.abn.fbn.ac_add.fl_none.finit_bert.fs_1.unfrz_ef_.ne10.warm0.06.wd0.1.seed4./checkpoint-85904/tokenizer_config.json
[INFO|tokenization_utils_base.py:1954] 2026-10-04 15:47:53,774 >> Special tokens file saved in checkpoints/glue/mnli/20261004/glue.mnli.adapter.am_adapter.ao_sequential.fm_adapter.fo_sequential.abn.fbn.ac_add.fl_none.finit_bert.fs_1.unfrz_ef_.ne10.warm0.06.wd0.1.seed4./checkpoint-85904/special_tokens_map.json
[INFO|trainer.py:2009] 2026-10-04 15:47:53,846 >> Deleting older checkpoint [checkpoints/glue/mnli/20261004/glue.mnli.adapter.am_adapter.ao_sequential.fm_adapter.fo_sequential.abn.fbn.ac_add.fl_none.finit_bert.fs_1.unfrz_ef_.ne10.warm0.06.wd0.1.seed4./checkpoint-61360] due to args.save_total_limit
/work/unify-parameter-efficient-tuning/src/transformers/trainer.py:1784: FutureWarning: `torch.cuda.amp.autocast(args...)` is deprecated. Please use `torch.amp.autocast('cuda', args...)` instead.
  with autocast():
{'loss': 0.3534, 'learning_rate': 3.197367367107043e-05, 'epoch': 7.0}
{'loss': 0.3539, 'learning_rate': 3.1930372932487254e-05, 'epoch': 7.01}
{'loss': 0.3451, 'learning_rate': 3.188707219390409e-05, 'epoch': 7.01}
{'loss': 0.328, 'learning_rate': 3.184377145532092e-05, 'epoch': 7.02}
{'loss': 0.3361, 'learning_rate': 3.180047071673775e-05, 'epoch': 7.02}
{'loss': 0.3183, 'learning_rate': 3.1757169978154586e-05, 'epoch': 7.02}
{'loss': 0.3498, 'learning_rate': 3.171386923957142e-05, 'epoch': 7.03}
{'loss': 0.3618, 'learning_rate': 3.167056850098824e-05, 'epoch': 7.03}
{'loss': 0.3245, 'learning_rate': 3.1627267762405083e-05, 'epoch': 7.04}
{'loss': 0.3652, 'learning_rate': 3.158396702382192e-05, 'epoch': 7.04}
{'loss': 0.3556, 'learning_rate': 3.154066628523874e-05, 'epoch': 7.04}
{'loss': 0.3682, 'learning_rate': 3.1497365546655574e-05, 'epoch': 7.05}
{'loss': 0.3531, 'learning_rate': 3.145406480807241e-05, 'epoch': 7.05}
{'loss': 0.3202, 'learning_rate': 3.141076406948924e-05, 'epoch': 7.06}
{'loss': 0.3407, 'learning_rate': 3.136746333090607e-05, 'epoch': 7.06}
{'loss': 0.3652, 'learning_rate': 3.132416259232289e-05, 'epoch': 7.06}
{'loss': 0.3614, 'learning_rate': 3.128086185373973e-05, 'epoch': 7.07}
{'loss': 0.3724, 'learning_rate': 3.123756111515656e-05, 'epoch': 7.07}
{'loss': 0.3476, 'learning_rate': 3.119426037657339e-05, 'epoch': 7.08}
{'loss': 0.3617, 'learning_rate': 3.1150959637990225e-05, 'epoch': 7.08}
{'loss': 0.3449, 'learning_rate': 3.110765889940706e-05, 'epoch': 7.09}
{'loss': 0.3372, 'learning_rate': 3.106435816082389e-05, 'epoch': 7.09}
{'loss': 0.3436, 'learning_rate': 3.102105742224072e-05, 'epoch': 7.09}
{'loss': 0.341, 'learning_rate': 3.097775668365756e-05, 'epoch': 7.1}
{'loss': 0.3513, 'learning_rate': 3.093445594507438e-05, 'epoch': 7.1}
{'loss': 0.3604, 'learning_rate': 3.089115520649121e-05, 'epoch': 7.11}
{'loss': 0.3457, 'learning_rate': 3.084785446790804e-05, 'epoch': 7.11}
{'loss': 0.3501, 'learning_rate': 3.0804553729324876e-05, 'epoch': 7.11}
{'loss': 0.349, 'learning_rate': 3.076125299074171e-05, 'epoch': 7.12}
{'loss': 0.3204, 'learning_rate': 3.071795225215853e-05, 'epoch': 7.12}
{'loss': 0.3532, 'learning_rate': 3.067465151357537e-05, 'epoch': 7.13}
{'loss': 0.3463, 'learning_rate': 3.063135077499221e-05, 'epoch': 7.13}
{'loss': 0.3557, 'learning_rate': 3.058805003640903e-05, 'epoch': 7.13}
{'loss': 0.3464, 'learning_rate': 3.0544749297825864e-05, 'epoch': 7.14}
{'loss': 0.3522, 'learning_rate': 3.0501448559242696e-05, 'epoch': 7.14}
{'loss': 0.3474, 'learning_rate': 3.045814782065952e-05, 'epoch': 7.15}
{'loss': 0.3615, 'learning_rate': 3.041484708207635e-05, 'epoch': 7.15}
{'loss': 0.3463, 'learning_rate': 3.037154634349318e-05, 'epoch': 7.15}
{'loss': 0.353, 'learning_rate': 3.0328245604910018e-05, 'epoch': 7.16}
{'loss': 0.3778, 'learning_rate': 3.0284944866326852e-05, 'epoch': 7.16}
{'loss': 0.3478, 'learning_rate': 3.024164412774368e-05, 'epoch': 7.17}
{'loss': 0.3331, 'learning_rate': 3.0198343389160512e-05, 'epoch': 7.17}
{'loss': 0.3339, 'learning_rate': 3.0155042650577347e-05, 'epoch': 7.17}
{'loss': 0.3261, 'learning_rate': 3.0111741911994175e-05, 'epoch': 7.18}
{'loss': 0.3797, 'learning_rate': 3.0068441173411006e-05, 'epoch': 7.18}
{'loss': 0.3504, 'learning_rate': 3.002514043482784e-05, 'epoch': 7.19}
{'loss': 0.3306, 'learning_rate': 2.998183969624467e-05, 'epoch': 7.19}
{'loss': 0.3527, 'learning_rate': 2.99385389576615e-05, 'epoch': 7.2}
{'loss': 0.3082, 'learning_rate': 2.9895238219078335e-05, 'epoch': 7.2}
{'loss': 0.3746, 'learning_rate': 2.9851937480495156e-05, 'epoch': 7.2}
{'loss': 0.3433, 'learning_rate': 2.9808636741912e-05, 'epoch': 7.21}
{'loss': 0.3252, 'learning_rate': 2.976533600332882e-05, 'epoch': 7.21}
{'loss': 0.3234, 'learning_rate': 2.9722035264745657e-05, 'epoch': 7.22}
{'loss': 0.3274, 'learning_rate': 2.9678734526162495e-05, 'epoch': 7.22}
{'loss': 0.3529, 'learning_rate': 2.9635433787579313e-05, 'epoch': 7.22}
{'loss': 0.3539, 'learning_rate': 2.959299906376781e-05, 'epoch': 7.23}
{'loss': 0.3385, 'learning_rate': 2.954969832518465e-05, 'epoch': 7.23}
{'loss': 0.3556, 'learning_rate': 2.9506397586601474e-05, 'epoch': 7.24}
{'loss': 0.352, 'learning_rate': 2.9463096848018306e-05, 'epoch': 7.24}
{'loss': 0.3557, 'learning_rate': 2.9419796109435144e-05, 'epoch': 7.24}
{'loss': 0.3614, 'learning_rate': 2.937649537085197e-05, 'epoch': 7.25}
{'loss': 0.3459, 'learning_rate': 2.93331946322688e-05, 'epoch': 7.25}
{'loss': 0.3494, 'learning_rate': 2.9289893893685628e-05, 'epoch': 7.26}
{'loss': 0.3361, 'learning_rate': 2.9246593155102463e-05, 'epoch': 7.26}
{'loss': 0.319, 'learning_rate': 2.92032924165193e-05, 'epoch': 7.26}
{'loss': 0.3714, 'learning_rate': 2.9159991677936122e-05, 'epoch': 7.27}
{'loss': 0.318, 'learning_rate': 2.911669093935296e-05, 'epoch': 7.27}
{'loss': 0.3726, 'learning_rate': 2.9073390200769795e-05, 'epoch': 7.28}
{'loss': 0.3564, 'learning_rate': 2.9030089462186623e-05, 'epoch': 7.28}
{'loss': 0.336, 'learning_rate': 2.8986788723603454e-05, 'epoch': 7.28}
{'loss': 0.3621, 'learning_rate': 2.894348798502029e-05, 'epoch': 7.29}
{'loss': 0.3686, 'learning_rate': 2.8900187246437117e-05, 'epoch': 7.29}
{'loss': 0.3708, 'learning_rate': 2.8856886507853948e-05, 'epoch': 7.3}
{'loss': 0.3456, 'learning_rate': 2.8813585769270783e-05, 'epoch': 7.3}
{'loss': 0.3664, 'learning_rate': 2.8770285030687604e-05, 'epoch': 7.31}
{'loss': 0.3634, 'learning_rate': 2.8726984292104442e-05, 'epoch': 7.31}
{'loss': 0.3358, 'learning_rate': 2.8683683553521267e-05, 'epoch': 7.31}
{'loss': 0.3398, 'learning_rate': 2.8640382814938105e-05, 'epoch': 7.32}
{'loss': 0.3381, 'learning_rate': 2.8597082076354943e-05, 'epoch': 7.32}
{'loss': 0.35, 'learning_rate': 2.855378133777176e-05, 'epoch': 7.33}
{'loss': 0.3464, 'learning_rate': 2.85104805991886e-05, 'epoch': 7.33}
{'loss': 0.3386, 'learning_rate': 2.8467179860605437e-05, 'epoch': 7.33}
{'loss': 0.3608, 'learning_rate': 2.8423879122022255e-05, 'epoch': 7.34}
{'loss': 0.3534, 'learning_rate': 2.8380578383439093e-05, 'epoch': 7.34}
{'loss': 0.3724, 'learning_rate': 2.833727764485593e-05, 'epoch': 7.35}
{'loss': 0.3288, 'learning_rate': 2.8293976906272753e-05, 'epoch': 7.35}
{'loss': 0.3165, 'learning_rate': 2.8250676167689587e-05, 'epoch': 7.35}
{'loss': 0.3489, 'learning_rate': 2.8207375429106415e-05, 'epoch': 7.36}
{'loss': 0.3368, 'learning_rate': 2.816407469052325e-05, 'epoch': 7.36}
{'loss': 0.3808, 'learning_rate': 2.812077395194008e-05, 'epoch': 7.37}
{'loss': 0.3273, 'learning_rate': 2.807747321335691e-05, 'epoch': 7.37}
{'loss': 0.3438, 'learning_rate': 2.8034172474773744e-05, 'epoch': 7.37}
{'loss': 0.3397, 'learning_rate': 2.7990871736190576e-05, 'epoch': 7.38}
{'loss': 0.3584, 'learning_rate': 2.7947570997607404e-05, 'epoch': 7.38}
{'loss': 0.323, 'learning_rate': 2.7904270259024238e-05, 'epoch': 7.39}
{'loss': 0.3362, 'learning_rate': 2.7860969520441073e-05, 'epoch': 7.39}
{'loss': 0.3705, 'learning_rate': 2.7817668781857898e-05, 'epoch': 7.39}
{'loss': 0.3413, 'learning_rate': 2.7775234058046396e-05, 'epoch': 7.4}
{'loss': 0.3528, 'learning_rate': 2.773193331946323e-05, 'epoch': 7.4}
{'loss': 0.3588, 'learning_rate': 2.768863258088006e-05, 'epoch': 7.41}
{'loss': 0.3401, 'learning_rate': 2.764533184229689e-05, 'epoch': 7.41}
{'loss': 0.3447, 'learning_rate': 2.7602031103713715e-05, 'epoch': 7.42}
{'loss': 0.3149, 'learning_rate': 2.7558730365130546e-05, 'epoch': 7.42}
{'loss': 0.364, 'learning_rate': 2.751542962654739e-05, 'epoch': 7.42}
{'loss': 0.3484, 'learning_rate': 2.747212888796421e-05, 'epoch': 7.43}
{'loss': 0.3413, 'learning_rate': 2.7428828149381047e-05, 'epoch': 7.43}
{'loss': 0.3633, 'learning_rate': 2.7385527410797885e-05, 'epoch': 7.44}
{'loss': 0.3515, 'learning_rate': 2.7342226672214703e-05, 'epoch': 7.44}
{'loss': 0.3685, 'learning_rate': 2.729892593363154e-05, 'epoch': 7.44}
{'loss': 0.3168, 'learning_rate': 2.725562519504838e-05, 'epoch': 7.45}
{'loss': 0.3858, 'learning_rate': 2.72123244564652e-05, 'epoch': 7.45}
{'loss': 0.3453, 'learning_rate': 2.7169023717882036e-05, 'epoch': 7.46}
{'loss': 0.3582, 'learning_rate': 2.7125722979298863e-05, 'epoch': 7.46}
{'loss': 0.3505, 'learning_rate': 2.7082422240715695e-05, 'epoch': 7.46}
{'loss': 0.3432, 'learning_rate': 2.703912150213253e-05, 'epoch': 7.47}
{'loss': 0.3889, 'learning_rate': 2.6995820763549358e-05, 'epoch': 7.47}
{'loss': 0.3654, 'learning_rate': 2.6952520024966192e-05, 'epoch': 7.48}
{'loss': 0.3681, 'learning_rate': 2.6909219286383024e-05, 'epoch': 7.48}
{'loss': 0.3294, 'learning_rate': 2.6865918547799852e-05, 'epoch': 7.48}
{'loss': 0.3442, 'learning_rate': 2.6822617809216686e-05, 'epoch': 7.49}
{'loss': 0.308, 'learning_rate': 2.6779317070633518e-05, 'epoch': 7.49}
{'loss': 0.334, 'learning_rate': 2.6736016332050346e-05, 'epoch': 7.5}
{'loss': 0.3664, 'learning_rate': 2.6692715593467184e-05, 'epoch': 7.5}
{'loss': 0.3462, 'learning_rate': 2.6649414854884002e-05, 'epoch': 7.5}
{'loss': 0.389, 'learning_rate': 2.660611411630084e-05, 'epoch': 7.51}
{'loss': 0.3795, 'learning_rate': 2.6562813377717678e-05, 'epoch': 7.51}
{'loss': 0.3634, 'learning_rate': 2.6519512639134496e-05, 'epoch': 7.52}
{'loss': 0.3342, 'learning_rate': 2.647621190055134e-05, 'epoch': 7.52}
{'loss': 0.3533, 'learning_rate': 2.6432911161968172e-05, 'epoch': 7.53}
{'loss': 0.3817, 'learning_rate': 2.6389610423384997e-05, 'epoch': 7.53}
{'loss': 0.3394, 'learning_rate': 2.6346309684801835e-05, 'epoch': 7.53}
{'loss': 0.3519, 'learning_rate': 2.6303008946218666e-05, 'epoch': 7.54}
{'loss': 0.3342, 'learning_rate': 2.625970820763549e-05, 'epoch': 7.54}
{'loss': 0.3508, 'learning_rate': 2.6216407469052322e-05, 'epoch': 7.55}
{'loss': 0.3619, 'learning_rate': 2.617310673046916e-05, 'epoch': 7.55}
{'loss': 0.3328, 'learning_rate': 2.6129805991885985e-05, 'epoch': 7.55}
{'loss': 0.3547, 'learning_rate': 2.6086505253302816e-05, 'epoch': 7.56}
{'loss': 0.3566, 'learning_rate': 2.6043204514719644e-05, 'epoch': 7.56}
{'loss': 0.3382, 'learning_rate': 2.599990377613648e-05, 'epoch': 7.57}
{'loss': 0.341, 'learning_rate': 2.5956603037553317e-05, 'epoch': 7.57}
{'loss': 0.3548, 'learning_rate': 2.5913302298970145e-05, 'epoch': 7.57}
{'loss': 0.3374, 'learning_rate': 2.5870001560386977e-05, 'epoch': 7.58}
{'loss': 0.3349, 'learning_rate': 2.582670082180381e-05, 'epoch': 7.58}
{'loss': 0.3602, 'learning_rate': 2.578340008322064e-05, 'epoch': 7.59}
{'loss': 0.33, 'learning_rate': 2.574009934463747e-05, 'epoch': 7.59}
{'loss': 0.3511, 'learning_rate': 2.5696798606054305e-05, 'epoch': 7.59}
{'loss': 0.3222, 'learning_rate': 2.5653497867471133e-05, 'epoch': 7.6}
{'loss': 0.341, 'learning_rate': 2.5610197128887965e-05, 'epoch': 7.6}
{'loss': 0.3507, 'learning_rate': 2.556689639030479e-05, 'epoch': 7.61}
{'loss': 0.3431, 'learning_rate': 2.5523595651721627e-05, 'epoch': 7.61}
{'loss': 0.3375, 'learning_rate': 2.5480294913138462e-05, 'epoch': 7.61}
{'loss': 0.3632, 'learning_rate': 2.5436994174555283e-05, 'epoch': 7.62}
{'loss': 0.354, 'learning_rate': 2.539369343597212e-05, 'epoch': 7.62}
{'loss': 0.3757, 'learning_rate': 2.535039269738896e-05, 'epoch': 7.63}
{'loss': 0.3155, 'learning_rate': 2.5307091958805778e-05, 'epoch': 7.63}
{'loss': 0.3477, 'learning_rate': 2.5263791220222616e-05, 'epoch': 7.64}
{'loss': 0.3507, 'learning_rate': 2.5220490481639454e-05, 'epoch': 7.64}
{'loss': 0.3447, 'learning_rate': 2.517718974305627e-05, 'epoch': 7.64}
{'loss': 0.3379, 'learning_rate': 2.513388900447311e-05, 'epoch': 7.65}
{'loss': 0.3425, 'learning_rate': 2.5090588265889934e-05, 'epoch': 7.65}
{'loss': 0.3249, 'learning_rate': 2.504728752730677e-05, 'epoch': 7.66}
{'loss': 0.3544, 'learning_rate': 2.5003986788723604e-05, 'epoch': 7.66}
{'loss': 0.3331, 'learning_rate': 2.496068605014043e-05, 'epoch': 7.66}
{'loss': 0.3471, 'learning_rate': 2.4917385311557267e-05, 'epoch': 7.67}
{'loss': 0.3778, 'learning_rate': 2.48740845729741e-05, 'epoch': 7.67}
{'loss': 0.3227, 'learning_rate': 2.4830783834390926e-05, 'epoch': 7.68}
{'loss': 0.3613, 'learning_rate': 2.478748309580776e-05, 'epoch': 7.68}
{'loss': 0.324, 'learning_rate': 2.4744182357224595e-05, 'epoch': 7.68}
{'loss': 0.3595, 'learning_rate': 2.470088161864142e-05, 'epoch': 7.69}
{'loss': 0.4005, 'learning_rate': 2.4657580880058255e-05, 'epoch': 7.69}
{'loss': 0.3709, 'learning_rate': 2.461428014147509e-05, 'epoch': 7.7}
{'loss': 0.3654, 'learning_rate': 2.4570979402891914e-05, 'epoch': 7.7}
{'loss': 0.3133, 'learning_rate': 2.452767866430875e-05, 'epoch': 7.7}
{'loss': 0.3411, 'learning_rate': 2.4484377925725574e-05, 'epoch': 7.71}
{'loss': 0.3177, 'learning_rate': 2.444107718714241e-05, 'epoch': 7.71}
{'loss': 0.3757, 'learning_rate': 2.4397776448559246e-05, 'epoch': 7.72}
{'loss': 0.3741, 'learning_rate': 2.435447570997607e-05, 'epoch': 7.72}
{'loss': 0.347, 'learning_rate': 2.4311174971392906e-05, 'epoch': 7.72}
{'loss': 0.3277, 'learning_rate': 2.426787423280974e-05, 'epoch': 7.73}
{'loss': 0.335, 'learning_rate': 2.4224573494226565e-05, 'epoch': 7.73}
{'loss': 0.3191, 'learning_rate': 2.41812727556434e-05, 'epoch': 7.74}
{'loss': 0.3657, 'learning_rate': 2.4137972017060235e-05, 'epoch': 7.74}
{'loss': 0.3626, 'learning_rate': 2.409467127847706e-05, 'epoch': 7.75}
{'loss': 0.3655, 'learning_rate': 2.4051370539893894e-05, 'epoch': 7.75}
{'loss': 0.3473, 'learning_rate': 2.400806980131072e-05, 'epoch': 7.75}
{'loss': 0.3396, 'learning_rate': 2.3965635077499217e-05, 'epoch': 7.76}
{'loss': 0.3565, 'learning_rate': 2.3922334338916052e-05, 'epoch': 7.76}
{'loss': 0.3465, 'learning_rate': 2.3879033600332877e-05, 'epoch': 7.77}
{'loss': 0.3365, 'learning_rate': 2.383573286174971e-05, 'epoch': 7.77}
{'loss': 0.3365, 'learning_rate': 2.379243212316655e-05, 'epoch': 7.77}
{'loss': 0.3575, 'learning_rate': 2.3749131384583374e-05, 'epoch': 7.78}
{'loss': 0.3739, 'learning_rate': 2.370583064600021e-05, 'epoch': 7.78}
{'loss': 0.3453, 'learning_rate': 2.3662529907417044e-05, 'epoch': 7.79}
{'loss': 0.3376, 'learning_rate': 2.3619229168833868e-05, 'epoch': 7.79}
{'loss': 0.3062, 'learning_rate': 2.3575928430250703e-05, 'epoch': 7.79}
{'loss': 0.3446, 'learning_rate': 2.3533493706439202e-05, 'epoch': 7.8}
{'loss': 0.3524, 'learning_rate': 2.3490192967856026e-05, 'epoch': 7.8}
{'loss': 0.3795, 'learning_rate': 2.344689222927286e-05, 'epoch': 7.81}
{'loss': 0.3508, 'learning_rate': 2.3403591490689686e-05, 'epoch': 7.81}
{'loss': 0.3319, 'learning_rate': 2.336029075210652e-05, 'epoch': 7.81}
{'loss': 0.3033, 'learning_rate': 2.3316990013523355e-05, 'epoch': 7.82}
{'loss': 0.3609, 'learning_rate': 2.327368927494018e-05, 'epoch': 7.82}
{'loss': 0.3625, 'learning_rate': 2.3230388536357015e-05, 'epoch': 7.83}
{'loss': 0.4017, 'learning_rate': 2.3187087797773853e-05, 'epoch': 7.83}
{'loss': 0.3609, 'learning_rate': 2.3143787059190674e-05, 'epoch': 7.83}
{'loss': 0.3467, 'learning_rate': 2.3100486320607512e-05, 'epoch': 7.84}
{'loss': 0.3635, 'learning_rate': 2.3057185582024347e-05, 'epoch': 7.84}
{'loss': 0.3302, 'learning_rate': 2.301388484344117e-05, 'epoch': 7.85}
{'loss': 0.3325, 'learning_rate': 2.2970584104858006e-05, 'epoch': 7.85}
{'loss': 0.3267, 'learning_rate': 2.292728336627483e-05, 'epoch': 7.86}
{'loss': 0.3593, 'learning_rate': 2.2883982627691665e-05, 'epoch': 7.86}
{'loss': 0.3551, 'learning_rate': 2.28406818891085e-05, 'epoch': 7.86}
{'loss': 0.3579, 'learning_rate': 2.2797381150525325e-05, 'epoch': 7.87}
{'loss': 0.3563, 'learning_rate': 2.275408041194216e-05, 'epoch': 7.87}
{'loss': 0.338, 'learning_rate': 2.2710779673358998e-05, 'epoch': 7.88}
{'loss': 0.3813, 'learning_rate': 2.266747893477582e-05, 'epoch': 7.88}
{'loss': 0.3185, 'learning_rate': 2.2624178196192657e-05, 'epoch': 7.88}
{'loss': 0.3248, 'learning_rate': 2.2580877457609492e-05, 'epoch': 7.89}
{'loss': 0.3365, 'learning_rate': 2.2537576719026316e-05, 'epoch': 7.89}
{'loss': 0.3285, 'learning_rate': 2.249427598044315e-05, 'epoch': 7.9}
{'loss': 0.3502, 'learning_rate': 2.2450975241859986e-05, 'epoch': 7.9}
{'loss': 0.353, 'learning_rate': 2.240767450327681e-05, 'epoch': 7.9}
{'loss': 0.3278, 'learning_rate': 2.2364373764693645e-05, 'epoch': 7.91}
{'loss': 0.3641, 'learning_rate': 2.232107302611047e-05, 'epoch': 7.91}
{'loss': 0.3357, 'learning_rate': 2.2277772287527305e-05, 'epoch': 7.92}
{'loss': 0.3318, 'learning_rate': 2.223447154894414e-05, 'epoch': 7.92}
{'loss': 0.339, 'learning_rate': 2.2191170810360964e-05, 'epoch': 7.92}
{'loss': 0.3599, 'learning_rate': 2.2147870071777802e-05, 'epoch': 7.93}
{'loss': 0.3382, 'learning_rate': 2.2104569333194637e-05, 'epoch': 7.93}
{'loss': 0.3717, 'learning_rate': 2.206126859461146e-05, 'epoch': 7.94}
{'loss': 0.3452, 'learning_rate': 2.2017967856028296e-05, 'epoch': 7.94}
{'loss': 0.3477, 'learning_rate': 2.197466711744513e-05, 'epoch': 7.94}
{'loss': 0.3613, 'learning_rate': 2.1931366378861956e-05, 'epoch': 7.95}
{'loss': 0.3445, 'learning_rate': 2.188806564027879e-05, 'epoch': 7.95}
{'loss': 0.3397, 'learning_rate': 2.1844764901695615e-05, 'epoch': 7.96}
{'loss': 0.3375, 'learning_rate': 2.180146416311245e-05, 'epoch': 7.96}
{'loss': 0.3548, 'learning_rate': 2.1758163424529284e-05, 'epoch': 7.97}
{'loss': 0.3316, 'learning_rate': 2.171486268594611e-05, 'epoch': 7.97}
{'loss': 0.3426, 'learning_rate': 2.1671561947362944e-05, 'epoch': 7.97}
{'loss': 0.3654, 'learning_rate': 2.1628261208779782e-05, 'epoch': 7.98}
{'loss': 0.3356, 'learning_rate': 2.1584960470196606e-05, 'epoch': 7.98}
{'loss': 0.3769, 'learning_rate': 2.154165973161344e-05, 'epoch': 7.99}
{'loss': 0.3308, 'learning_rate': 2.1498358993030276e-05, 'epoch': 7.99}
{'loss': 0.3391, 'learning_rate': 2.14550582544471e-05, 'epoch': 7.99}
{'loss': 0.3597, 'learning_rate': 2.1411757515863935e-05, 'epoch': 8.0}
[INFO|trainer.py:520] 2026-10-04 15:55:05,037 >> The following columns in the evaluation set  don't have a corresponding argument in `PETLEncModel.forward` and have been ignored: premise, idx, hypothesis.
[INFO|trainer.py:2179] 2026-10-04 15:55:05,038 >> ***** Running Evaluation *****
[INFO|trainer.py:2181] 2026-10-04 15:55:05,038 >>   Num examples = 9815
[INFO|trainer.py:2184] 2026-10-04 15:55:05,038 >>   Batch size = 32
{'eval_loss': 0.35368284583091736, 'eval_accuracy': 0.8724401426388181, 'eval_runtime': 13.287, 'eval_samples_per_second': 738.693, 'eval_steps_per_second': 23.105, 'epoch': 8.0}
[INFO|trainer.py:1933] 2026-10-04 15:55:18,326 >> Saving model checkpoint to checkpoints/glue/mnli/20261004/glue.mnli.adapter.am_adapter.ao_sequential.fm_adapter.fo_sequential.abn.fbn.ac_add.fl_none.finit_bert.fs_1.unfrz_ef_.ne10.warm0.06.wd0.1.seed4./checkpoint-98176
[INFO|configuration_utils.py:364] 2026-10-04 15:55:18,327 >> Configuration saved in checkpoints/glue/mnli/20261004/glue.mnli.adapter.am_adapter.ao_sequential.fm_adapter.fo_sequential.abn.fbn.ac_add.fl_none.finit_bert.fs_1.unfrz_ef_.ne10.warm0.06.wd0.1.seed4./checkpoint-98176/config.json
[INFO|modeling_utils.py:898] 2026-10-04 15:55:18,623 >> Model weights saved in checkpoints/glue/mnli/20261004/glue.mnli.adapter.am_adapter.ao_sequential.fm_adapter.fo_sequential.abn.fbn.ac_add.fl_none.finit_bert.fs_1.unfrz_ef_.ne10.warm0.06.wd0.1.seed4./checkpoint-98176/pytorch_model.bin
[INFO|tokenization_utils_base.py:1948] 2026-10-04 15:55:18,625 >> tokenizer config file saved in checkpoints/glue/mnli/20261004/glue.mnli.adapter.am_adapter.ao_sequential.fm_adapter.fo_sequential.abn.fbn.ac_add.fl_none.finit_bert.fs_1.unfrz_ef_.ne10.warm0.06.wd0.1.seed4./checkpoint-98176/tokenizer_config.json
[INFO|tokenization_utils_base.py:1954] 2026-10-04 15:55:18,625 >> Special tokens file saved in checkpoints/glue/mnli/20261004/glue.mnli.adapter.am_adapter.ao_sequential.fm_adapter.fo_sequential.abn.fbn.ac_add.fl_none.finit_bert.fs_1.unfrz_ef_.ne10.warm0.06.wd0.1.seed4./checkpoint-98176/special_tokens_map.json
[INFO|trainer.py:2009] 2026-10-04 15:55:18,699 >> Deleting older checkpoint [checkpoints/glue/mnli/20261004/glue.mnli.adapter.am_adapter.ao_sequential.fm_adapter.fo_sequential.abn.fbn.ac_add.fl_none.finit_bert.fs_1.unfrz_ef_.ne10.warm0.06.wd0.1.seed4./checkpoint-73632] due to args.save_total_limit
/work/unify-parameter-efficient-tuning/src/transformers/trainer.py:1784: FutureWarning: `torch.cuda.amp.autocast(args...)` is deprecated. Please use `torch.amp.autocast('cuda', args...)` instead.
  with autocast():
{'loss': 0.3516, 'learning_rate': 2.136845677728076e-05, 'epoch': 8.0}
{'loss': 0.3442, 'learning_rate': 2.1325156038697595e-05, 'epoch': 8.01}
{'loss': 0.3438, 'learning_rate': 2.128185530011443e-05, 'epoch': 8.01}
{'loss': 0.3362, 'learning_rate': 2.1238554561531254e-05, 'epoch': 8.01}
{'loss': 0.2975, 'learning_rate': 2.119525382294809e-05, 'epoch': 8.02}
{'loss': 0.3351, 'learning_rate': 2.1151953084364927e-05, 'epoch': 8.02}
{'loss': 0.3328, 'learning_rate': 2.1108652345781748e-05, 'epoch': 8.03}
{'loss': 0.3316, 'learning_rate': 2.1066217621970247e-05, 'epoch': 8.03}
{'loss': 0.3421, 'learning_rate': 2.1022916883387085e-05, 'epoch': 8.03}
{'loss': 0.368, 'learning_rate': 2.0979616144803906e-05, 'epoch': 8.04}
{'loss': 0.316, 'learning_rate': 2.0936315406220744e-05, 'epoch': 8.04}
{'loss': 0.3532, 'learning_rate': 2.089301466763758e-05, 'epoch': 8.05}
{'loss': 0.3482, 'learning_rate': 2.0849713929054404e-05, 'epoch': 8.05}
{'loss': 0.3335, 'learning_rate': 2.080641319047124e-05, 'epoch': 8.05}
{'loss': 0.3554, 'learning_rate': 2.0763112451888063e-05, 'epoch': 8.06}
{'loss': 0.3283, 'learning_rate': 2.0719811713304898e-05, 'epoch': 8.06}
{'loss': 0.3314, 'learning_rate': 2.0676510974721733e-05, 'epoch': 8.07}
{'loss': 0.3188, 'learning_rate': 2.0633210236138557e-05, 'epoch': 8.07}
{'loss': 0.3634, 'learning_rate': 2.0589909497555392e-05, 'epoch': 8.08}
{'loss': 0.3142, 'learning_rate': 2.0546608758972227e-05, 'epoch': 8.08}
{'loss': 0.3043, 'learning_rate': 2.0504174035160715e-05, 'epoch': 8.08}
{'loss': 0.3423, 'learning_rate': 2.046087329657755e-05, 'epoch': 8.09}
{'loss': 0.321, 'learning_rate': 2.0417572557994385e-05, 'epoch': 8.09}
{'loss': 0.3787, 'learning_rate': 2.037427181941121e-05, 'epoch': 8.1}
{'loss': 0.3259, 'learning_rate': 2.0330971080828047e-05, 'epoch': 8.1}
{'loss': 0.3292, 'learning_rate': 2.0287670342244882e-05, 'epoch': 8.1}
{'loss': 0.351, 'learning_rate': 2.0244369603661707e-05, 'epoch': 8.11}
{'loss': 0.3771, 'learning_rate': 2.020106886507854e-05, 'epoch': 8.11}
{'loss': 0.3604, 'learning_rate': 2.0157768126495366e-05, 'epoch': 8.12}
{'loss': 0.3431, 'learning_rate': 2.01144673879122e-05, 'epoch': 8.12}
{'loss': 0.3239, 'learning_rate': 2.0071166649329036e-05, 'epoch': 8.12}
{'loss': 0.3211, 'learning_rate': 2.002786591074586e-05, 'epoch': 8.13}
{'loss': 0.3157, 'learning_rate': 1.9984565172162695e-05, 'epoch': 8.13}
{'loss': 0.3328, 'learning_rate': 1.994126443357953e-05, 'epoch': 8.14}
{'loss': 0.3745, 'learning_rate': 1.9897963694996354e-05, 'epoch': 8.14}
{'loss': 0.3606, 'learning_rate': 1.9854662956413193e-05, 'epoch': 8.14}
{'loss': 0.3411, 'learning_rate': 1.9811362217830027e-05, 'epoch': 8.15}
{'loss': 0.3586, 'learning_rate': 1.9768061479246852e-05, 'epoch': 8.15}
{'loss': 0.3763, 'learning_rate': 1.9724760740663687e-05, 'epoch': 8.16}
{'loss': 0.3297, 'learning_rate': 1.968146000208051e-05, 'epoch': 8.16}
{'loss': 0.3541, 'learning_rate': 1.9638159263497346e-05, 'epoch': 8.16}
{'loss': 0.3375, 'learning_rate': 1.959485852491418e-05, 'epoch': 8.17}
{'loss': 0.3311, 'learning_rate': 1.9551557786331005e-05, 'epoch': 8.17}
{'loss': 0.3239, 'learning_rate': 1.950825704774784e-05, 'epoch': 8.18}
{'loss': 0.3604, 'learning_rate': 1.9464956309164675e-05, 'epoch': 8.18}
{'loss': 0.3542, 'learning_rate': 1.94216555705815e-05, 'epoch': 8.19}
{'loss': 0.3317, 'learning_rate': 1.9378354831998334e-05, 'epoch': 8.19}
{'loss': 0.3373, 'learning_rate': 1.9335054093415172e-05, 'epoch': 8.19}
{'loss': 0.3291, 'learning_rate': 1.9291753354831997e-05, 'epoch': 8.2}
{'loss': 0.3122, 'learning_rate': 1.924845261624883e-05, 'epoch': 8.2}
{'loss': 0.3576, 'learning_rate': 1.9205151877665666e-05, 'epoch': 8.21}
{'loss': 0.3247, 'learning_rate': 1.916185113908249e-05, 'epoch': 8.21}
{'loss': 0.3501, 'learning_rate': 1.9118550400499326e-05, 'epoch': 8.21}
{'loss': 0.3542, 'learning_rate': 1.907524966191615e-05, 'epoch': 8.22}
{'loss': 0.3426, 'learning_rate': 1.9031948923332985e-05, 'epoch': 8.22}
{'loss': 0.3402, 'learning_rate': 1.898864818474982e-05, 'epoch': 8.23}
{'loss': 0.3258, 'learning_rate': 1.8945347446166644e-05, 'epoch': 8.23}
{'loss': 0.3063, 'learning_rate': 1.890204670758348e-05, 'epoch': 8.23}
{'loss': 0.3502, 'learning_rate': 1.8858745969000317e-05, 'epoch': 8.24}
{'loss': 0.3513, 'learning_rate': 1.881544523041714e-05, 'epoch': 8.24}
{'loss': 0.3618, 'learning_rate': 1.8772144491833977e-05, 'epoch': 8.25}
{'loss': 0.3353, 'learning_rate': 1.872884375325081e-05, 'epoch': 8.25}
{'loss': 0.3357, 'learning_rate': 1.8685543014667636e-05, 'epoch': 8.25}
{'loss': 0.3634, 'learning_rate': 1.864224227608447e-05, 'epoch': 8.26}
{'loss': 0.3116, 'learning_rate': 1.8598941537501295e-05, 'epoch': 8.26}
{'loss': 0.3527, 'learning_rate': 1.855564079891813e-05, 'epoch': 8.27}
{'loss': 0.3291, 'learning_rate': 1.8512340060334965e-05, 'epoch': 8.27}
{'loss': 0.3442, 'learning_rate': 1.846903932175179e-05, 'epoch': 8.27}
{'loss': 0.3217, 'learning_rate': 1.8425738583168624e-05, 'epoch': 8.28}
{'loss': 0.3242, 'learning_rate': 1.838243784458546e-05, 'epoch': 8.28}
{'loss': 0.3418, 'learning_rate': 1.8339137106002284e-05, 'epoch': 8.29}
{'loss': 0.335, 'learning_rate': 1.8295836367419122e-05, 'epoch': 8.29}
{'loss': 0.3443, 'learning_rate': 1.8252535628835957e-05, 'epoch': 8.3}
{'loss': 0.3702, 'learning_rate': 1.820923489025278e-05, 'epoch': 8.3}
{'loss': 0.324, 'learning_rate': 1.8165934151669616e-05, 'epoch': 8.3}
{'loss': 0.3423, 'learning_rate': 1.812263341308644e-05, 'epoch': 8.31}
{'loss': 0.3342, 'learning_rate': 1.8079332674503275e-05, 'epoch': 8.31}
{'loss': 0.3562, 'learning_rate': 1.803603193592011e-05, 'epoch': 8.32}
{'loss': 0.3469, 'learning_rate': 1.7992731197336935e-05, 'epoch': 8.32}
{'loss': 0.3542, 'learning_rate': 1.794943045875377e-05, 'epoch': 8.32}
{'loss': 0.3453, 'learning_rate': 1.7906129720170604e-05, 'epoch': 8.33}
{'loss': 0.3576, 'learning_rate': 1.786282898158743e-05, 'epoch': 8.33}
{'loss': 0.3248, 'learning_rate': 1.7819528243004263e-05, 'epoch': 8.34}
{'loss': 0.3239, 'learning_rate': 1.77762275044211e-05, 'epoch': 8.34}
{'loss': 0.3393, 'learning_rate': 1.7732926765837926e-05, 'epoch': 8.34}
{'loss': 0.3515, 'learning_rate': 1.768962602725476e-05, 'epoch': 8.35}
{'loss': 0.3356, 'learning_rate': 1.7646325288671596e-05, 'epoch': 8.35}
{'loss': 0.3354, 'learning_rate': 1.760302455008842e-05, 'epoch': 8.36}
{'loss': 0.3478, 'learning_rate': 1.7559723811505255e-05, 'epoch': 8.36}
{'loss': 0.3234, 'learning_rate': 1.751642307292208e-05, 'epoch': 8.36}
{'loss': 0.3658, 'learning_rate': 1.7473122334338914e-05, 'epoch': 8.37}
{'loss': 0.3772, 'learning_rate': 1.742982159575575e-05, 'epoch': 8.37}
{'loss': 0.3284, 'learning_rate': 1.7386520857172574e-05, 'epoch': 8.38}
{'loss': 0.3206, 'learning_rate': 1.734322011858941e-05, 'epoch': 8.38}
{'loss': 0.354, 'learning_rate': 1.7299919380006247e-05, 'epoch': 8.38}
{'loss': 0.3105, 'learning_rate': 1.725661864142307e-05, 'epoch': 8.39}
{'loss': 0.3332, 'learning_rate': 1.7213317902839906e-05, 'epoch': 8.39}
{'loss': 0.3211, 'learning_rate': 1.717001716425674e-05, 'epoch': 8.4}
{'loss': 0.3284, 'learning_rate': 1.7126716425673565e-05, 'epoch': 8.4}
{'loss': 0.3524, 'learning_rate': 1.70834156870904e-05, 'epoch': 8.41}
{'loss': 0.3519, 'learning_rate': 1.7040114948507225e-05, 'epoch': 8.41}
{'loss': 0.327, 'learning_rate': 1.699681420992406e-05, 'epoch': 8.41}
{'loss': 0.3159, 'learning_rate': 1.6953513471340894e-05, 'epoch': 8.42}
{'loss': 0.3566, 'learning_rate': 1.691021273275772e-05, 'epoch': 8.42}
{'loss': 0.3427, 'learning_rate': 1.6866911994174554e-05, 'epoch': 8.43}
{'loss': 0.3217, 'learning_rate': 1.682361125559139e-05, 'epoch': 8.43}
{'loss': 0.3663, 'learning_rate': 1.6780310517008213e-05, 'epoch': 8.43}
{'loss': 0.3415, 'learning_rate': 1.673700977842505e-05, 'epoch': 8.44}
{'loss': 0.3455, 'learning_rate': 1.669457505461355e-05, 'epoch': 8.44}
{'loss': 0.3394, 'learning_rate': 1.665127431603037e-05, 'epoch': 8.45}
{'loss': 0.3372, 'learning_rate': 1.660797357744721e-05, 'epoch': 8.45}
{'loss': 0.3547, 'learning_rate': 1.6564672838864044e-05, 'epoch': 8.45}
{'loss': 0.3362, 'learning_rate': 1.652137210028087e-05, 'epoch': 8.46}
{'loss': 0.3464, 'learning_rate': 1.6478071361697703e-05, 'epoch': 8.46}
{'loss': 0.3387, 'learning_rate': 1.6434770623114528e-05, 'epoch': 8.47}
{'loss': 0.3611, 'learning_rate': 1.6391469884531363e-05, 'epoch': 8.47}
{'loss': 0.315, 'learning_rate': 1.6348169145948197e-05, 'epoch': 8.47}
{'loss': 0.3539, 'learning_rate': 1.6304868407365022e-05, 'epoch': 8.48}
{'loss': 0.3375, 'learning_rate': 1.6261567668781857e-05, 'epoch': 8.48}
{'loss': 0.3574, 'learning_rate': 1.621826693019869e-05, 'epoch': 8.49}
{'loss': 0.3239, 'learning_rate': 1.6174966191615516e-05, 'epoch': 8.49}
{'loss': 0.339, 'learning_rate': 1.6131665453032354e-05, 'epoch': 8.49}
{'loss': 0.3506, 'learning_rate': 1.608836471444919e-05, 'epoch': 8.5}
{'loss': 0.3251, 'learning_rate': 1.6045063975866013e-05, 'epoch': 8.5}
{'loss': 0.3441, 'learning_rate': 1.6001763237282848e-05, 'epoch': 8.51}
{'loss': 0.3177, 'learning_rate': 1.5958462498699673e-05, 'epoch': 8.51}
{'loss': 0.3468, 'learning_rate': 1.5915161760116508e-05, 'epoch': 8.52}
{'loss': 0.3715, 'learning_rate': 1.5871861021533342e-05, 'epoch': 8.52}
{'loss': 0.3604, 'learning_rate': 1.5828560282950167e-05, 'epoch': 8.52}
{'loss': 0.3536, 'learning_rate': 1.5785259544367e-05, 'epoch': 8.53}
{'loss': 0.3369, 'learning_rate': 1.5741958805783836e-05, 'epoch': 8.53}
{'loss': 0.3403, 'learning_rate': 1.569865806720066e-05, 'epoch': 8.54}
{'loss': 0.3224, 'learning_rate': 1.5655357328617496e-05, 'epoch': 8.54}
{'loss': 0.3548, 'learning_rate': 1.5612056590034334e-05, 'epoch': 8.54}
{'loss': 0.3181, 'learning_rate': 1.556875585145116e-05, 'epoch': 8.55}
{'loss': 0.3326, 'learning_rate': 1.5525455112867993e-05, 'epoch': 8.55}
{'loss': 0.3276, 'learning_rate': 1.5482154374284818e-05, 'epoch': 8.56}
{'loss': 0.3394, 'learning_rate': 1.5438853635701653e-05, 'epoch': 8.56}
{'loss': 0.3279, 'learning_rate': 1.5395552897118487e-05, 'epoch': 8.56}
{'loss': 0.332, 'learning_rate': 1.5352252158535312e-05, 'epoch': 8.57}
{'loss': 0.3647, 'learning_rate': 1.5308951419952147e-05, 'epoch': 8.57}
{'loss': 0.3317, 'learning_rate': 1.5265650681368985e-05, 'epoch': 8.58}
{'loss': 0.3401, 'learning_rate': 1.5222349942785808e-05, 'epoch': 8.58}
{'loss': 0.338, 'learning_rate': 1.5179049204202644e-05, 'epoch': 8.58}
{'loss': 0.3512, 'learning_rate': 1.5135748465619479e-05, 'epoch': 8.59}
{'loss': 0.3242, 'learning_rate': 1.5092447727036305e-05, 'epoch': 8.59}
{'loss': 0.3264, 'learning_rate': 1.5049146988453138e-05, 'epoch': 8.6}
{'loss': 0.322, 'learning_rate': 1.5005846249869976e-05, 'epoch': 8.6}
{'loss': 0.3554, 'learning_rate': 1.49625455112868e-05, 'epoch': 8.6}
{'loss': 0.3607, 'learning_rate': 1.4919244772703634e-05, 'epoch': 8.61}
{'loss': 0.3656, 'learning_rate': 1.4875944034120459e-05, 'epoch': 8.61}
{'loss': 0.3729, 'learning_rate': 1.4832643295537293e-05, 'epoch': 8.62}
{'loss': 0.3146, 'learning_rate': 1.4789342556954128e-05, 'epoch': 8.62}
{'loss': 0.3434, 'learning_rate': 1.4746041818370954e-05, 'epoch': 8.63}
{'loss': 0.3553, 'learning_rate': 1.4702741079787788e-05, 'epoch': 8.63}
{'loss': 0.3328, 'learning_rate': 1.4659440341204626e-05, 'epoch': 8.63}
{'loss': 0.3223, 'learning_rate': 1.4616139602621449e-05, 'epoch': 8.64}
{'loss': 0.3183, 'learning_rate': 1.4572838864038282e-05, 'epoch': 8.64}
{'loss': 0.3312, 'learning_rate': 1.452953812545512e-05, 'epoch': 8.65}
{'loss': 0.3339, 'learning_rate': 1.4486237386871943e-05, 'epoch': 8.65}
{'loss': 0.3323, 'learning_rate': 1.4442936648288779e-05, 'epoch': 8.65}
{'loss': 0.3064, 'learning_rate': 1.4399635909705602e-05, 'epoch': 8.66}
{'loss': 0.3418, 'learning_rate': 1.435633517112244e-05, 'epoch': 8.66}
{'loss': 0.3806, 'learning_rate': 1.4313034432539273e-05, 'epoch': 8.67}
{'loss': 0.3398, 'learning_rate': 1.4269733693956098e-05, 'epoch': 8.67}
{'loss': 0.3557, 'learning_rate': 1.4226432955372931e-05, 'epoch': 8.67}
{'loss': 0.329, 'learning_rate': 1.4183132216789769e-05, 'epoch': 8.68}
{'loss': 0.337, 'learning_rate': 1.4139831478206594e-05, 'epoch': 8.68}
{'loss': 0.3233, 'learning_rate': 1.4096530739623428e-05, 'epoch': 8.69}
{'loss': 0.3573, 'learning_rate': 1.4053230001040263e-05, 'epoch': 8.69}
{'loss': 0.3311, 'learning_rate': 1.400992926245709e-05, 'epoch': 8.69}
{'loss': 0.3394, 'learning_rate': 1.3966628523873922e-05, 'epoch': 8.7}
{'loss': 0.3619, 'learning_rate': 1.3923327785290745e-05, 'epoch': 8.7}
{'loss': 0.3681, 'learning_rate': 1.3880027046707584e-05, 'epoch': 8.71}
{'loss': 0.3754, 'learning_rate': 1.3836726308124418e-05, 'epoch': 8.71}
{'loss': 0.3318, 'learning_rate': 1.3793425569541243e-05, 'epoch': 8.71}
{'loss': 0.3381, 'learning_rate': 1.3750124830958078e-05, 'epoch': 8.72}
{'loss': 0.3387, 'learning_rate': 1.3706824092374914e-05, 'epoch': 8.72}
{'loss': 0.3251, 'learning_rate': 1.3663523353791739e-05, 'epoch': 8.73}
{'loss': 0.317, 'learning_rate': 1.3620222615208572e-05, 'epoch': 8.73}
{'loss': 0.343, 'learning_rate': 1.357692187662541e-05, 'epoch': 8.74}
{'loss': 0.3463, 'learning_rate': 1.3533621138042233e-05, 'epoch': 8.74}
{'loss': 0.3442, 'learning_rate': 1.3490320399459066e-05, 'epoch': 8.74}
{'loss': 0.3517, 'learning_rate': 1.3447019660875904e-05, 'epoch': 8.75}
{'loss': 0.3256, 'learning_rate': 1.340371892229273e-05, 'epoch': 8.75}
{'loss': 0.3458, 'learning_rate': 1.3360418183709563e-05, 'epoch': 8.76}
{'loss': 0.3496, 'learning_rate': 1.3317117445126386e-05, 'epoch': 8.76}
{'loss': 0.3521, 'learning_rate': 1.3273816706543224e-05, 'epoch': 8.76}
{'loss': 0.332, 'learning_rate': 1.3230515967960057e-05, 'epoch': 8.77}
{'loss': 0.3432, 'learning_rate': 1.3187215229376882e-05, 'epoch': 8.77}
{'loss': 0.3497, 'learning_rate': 1.3143914490793718e-05, 'epoch': 8.78}
{'loss': 0.3394, 'learning_rate': 1.3100613752210553e-05, 'epoch': 8.78}
{'loss': 0.3407, 'learning_rate': 1.305817902839904e-05, 'epoch': 8.78}
{'loss': 0.3599, 'learning_rate': 1.3015744304587537e-05, 'epoch': 8.79}
{'loss': 0.3243, 'learning_rate': 1.2972443566004375e-05, 'epoch': 8.79}
{'loss': 0.3223, 'learning_rate': 1.2929142827421198e-05, 'epoch': 8.8}
{'loss': 0.3323, 'learning_rate': 1.2885842088838035e-05, 'epoch': 8.8}
{'loss': 0.3313, 'learning_rate': 1.284254135025487e-05, 'epoch': 8.8}
{'loss': 0.3575, 'learning_rate': 1.2799240611671696e-05, 'epoch': 8.81}
{'loss': 0.3354, 'learning_rate': 1.2755939873088529e-05, 'epoch': 8.81}
{'loss': 0.3303, 'learning_rate': 1.2712639134505353e-05, 'epoch': 8.82}
{'loss': 0.3581, 'learning_rate': 1.266933839592219e-05, 'epoch': 8.82}
{'loss': 0.3188, 'learning_rate': 1.2626037657339025e-05, 'epoch': 8.82}
{'loss': 0.3568, 'learning_rate': 1.2582736918755849e-05, 'epoch': 8.83}
{'loss': 0.3518, 'learning_rate': 1.2539436180172684e-05, 'epoch': 8.83}
{'loss': 0.349, 'learning_rate': 1.2496135441589519e-05, 'epoch': 8.84}
{'loss': 0.3638, 'learning_rate': 1.2452834703006343e-05, 'epoch': 8.84}
{'loss': 0.3274, 'learning_rate': 1.240953396442318e-05, 'epoch': 8.85}
{'loss': 0.3456, 'learning_rate': 1.2366233225840014e-05, 'epoch': 8.85}
{'loss': 0.3799, 'learning_rate': 1.2322932487256839e-05, 'epoch': 8.85}
{'loss': 0.3481, 'learning_rate': 1.2279631748673674e-05, 'epoch': 8.86}
{'loss': 0.3542, 'learning_rate': 1.2236331010090498e-05, 'epoch': 8.86}
{'loss': 0.3666, 'learning_rate': 1.2193030271507333e-05, 'epoch': 8.87}
{'loss': 0.3505, 'learning_rate': 1.214972953292417e-05, 'epoch': 8.87}
{'loss': 0.32, 'learning_rate': 1.2106428794340994e-05, 'epoch': 8.87}
{'loss': 0.2986, 'learning_rate': 1.2063128055757829e-05, 'epoch': 8.88}
{'loss': 0.317, 'learning_rate': 1.2019827317174664e-05, 'epoch': 8.88}
{'loss': 0.3551, 'learning_rate': 1.1976526578591488e-05, 'epoch': 8.89}
{'loss': 0.3484, 'learning_rate': 1.1933225840008323e-05, 'epoch': 8.89}
{'loss': 0.3493, 'learning_rate': 1.188992510142516e-05, 'epoch': 8.89}
{'loss': 0.3376, 'learning_rate': 1.1846624362841984e-05, 'epoch': 8.9}
{'loss': 0.3485, 'learning_rate': 1.1803323624258819e-05, 'epoch': 8.9}
{'loss': 0.3521, 'learning_rate': 1.1760022885675643e-05, 'epoch': 8.91}
{'loss': 0.329, 'learning_rate': 1.1716722147092478e-05, 'epoch': 8.91}
{'loss': 0.3272, 'learning_rate': 1.1673421408509315e-05, 'epoch': 8.91}
{'loss': 0.3565, 'learning_rate': 1.1630120669926138e-05, 'epoch': 8.92}
{'loss': 0.3325, 'learning_rate': 1.1586819931342974e-05, 'epoch': 8.92}
{'loss': 0.3545, 'learning_rate': 1.1543519192759809e-05, 'epoch': 8.93}
{'loss': 0.3262, 'learning_rate': 1.1500218454176633e-05, 'epoch': 8.93}
{'loss': 0.3527, 'learning_rate': 1.1456917715593468e-05, 'epoch': 8.93}
{'loss': 0.3361, 'learning_rate': 1.1413616977010305e-05, 'epoch': 8.94}
{'loss': 0.3459, 'learning_rate': 1.1370316238427127e-05, 'epoch': 8.94}
{'loss': 0.3291, 'learning_rate': 1.1327015499843964e-05, 'epoch': 8.95}
{'loss': 0.3406, 'learning_rate': 1.1283714761260799e-05, 'epoch': 8.95}
{'loss': 0.3242, 'learning_rate': 1.1240414022677623e-05, 'epoch': 8.96}
{'loss': 0.3762, 'learning_rate': 1.1197113284094458e-05, 'epoch': 8.96}
{'loss': 0.3353, 'learning_rate': 1.1153812545511283e-05, 'epoch': 8.96}
{'loss': 0.3702, 'learning_rate': 1.1110511806928119e-05, 'epoch': 8.97}
{'loss': 0.3395, 'learning_rate': 1.1067211068344954e-05, 'epoch': 8.97}
{'loss': 0.3947, 'learning_rate': 1.1023910329761778e-05, 'epoch': 8.98}
{'loss': 0.3402, 'learning_rate': 1.0980609591178613e-05, 'epoch': 8.98}
{'loss': 0.3396, 'learning_rate': 1.093730885259545e-05, 'epoch': 8.98}
{'loss': 0.3349, 'learning_rate': 1.0894008114012272e-05, 'epoch': 8.99}
{'loss': 0.326, 'learning_rate': 1.0850707375429109e-05, 'epoch': 8.99}
{'loss': 0.3416, 'learning_rate': 1.0807406636845944e-05, 'epoch': 9.0}
[INFO|trainer.py:520] 2026-10-04 16:02:28,519 >> The following columns in the evaluation set  don't have a corresponding argument in `PETLEncModel.forward` and have been ignored: premise, idx, hypothesis.
[INFO|trainer.py:2179] 2026-10-04 16:02:28,521 >> ***** Running Evaluation *****
[INFO|trainer.py:2181] 2026-10-04 16:02:28,521 >>   Num examples = 9815
[INFO|trainer.py:2184] 2026-10-04 16:02:28,521 >>   Batch size = 32
{'eval_loss': 0.35122132301330566, 'eval_accuracy': 0.8744778400407539, 'eval_runtime': 13.3031, 'eval_samples_per_second': 737.798, 'eval_steps_per_second': 23.077, 'epoch': 9.0}
[INFO|trainer.py:1933] 2026-10-04 16:02:41,825 >> Saving model checkpoint to checkpoints/glue/mnli/20261004/glue.mnli.adapter.am_adapter.ao_sequential.fm_adapter.fo_sequential.abn.fbn.ac_add.fl_none.finit_bert.fs_1.unfrz_ef_.ne10.warm0.06.wd0.1.seed4./checkpoint-110448
[INFO|configuration_utils.py:364] 2026-10-04 16:02:41,826 >> Configuration saved in checkpoints/glue/mnli/20261004/glue.mnli.adapter.am_adapter.ao_sequential.fm_adapter.fo_sequential.abn.fbn.ac_add.fl_none.finit_bert.fs_1.unfrz_ef_.ne10.warm0.06.wd0.1.seed4./checkpoint-110448/config.json
[INFO|modeling_utils.py:898] 2026-10-04 16:02:42,098 >> Model weights saved in checkpoints/glue/mnli/20261004/glue.mnli.adapter.am_adapter.ao_sequential.fm_adapter.fo_sequential.abn.fbn.ac_add.fl_none.finit_bert.fs_1.unfrz_ef_.ne10.warm0.06.wd0.1.seed4./checkpoint-110448/pytorch_model.bin
[INFO|tokenization_utils_base.py:1948] 2026-10-04 16:02:42,099 >> tokenizer config file saved in checkpoints/glue/mnli/20261004/glue.mnli.adapter.am_adapter.ao_sequential.fm_adapter.fo_sequential.abn.fbn.ac_add.fl_none.finit_bert.fs_1.unfrz_ef_.ne10.warm0.06.wd0.1.seed4./checkpoint-110448/tokenizer_config.json
[INFO|tokenization_utils_base.py:1954] 2026-10-04 16:02:42,099 >> Special tokens file saved in checkpoints/glue/mnli/20261004/glue.mnli.adapter.am_adapter.ao_sequential.fm_adapter.fo_sequential.abn.fbn.ac_add.fl_none.finit_bert.fs_1.unfrz_ef_.ne10.warm0.06.wd0.1.seed4./checkpoint-110448/special_tokens_map.json
[INFO|trainer.py:2009] 2026-10-04 16:02:42,173 >> Deleting older checkpoint [checkpoints/glue/mnli/20261004/glue.mnli.adapter.am_adapter.ao_sequential.fm_adapter.fo_sequential.abn.fbn.ac_add.fl_none.finit_bert.fs_1.unfrz_ef_.ne10.warm0.06.wd0.1.seed4./checkpoint-85904] due to args.save_total_limit
/work/unify-parameter-efficient-tuning/src/transformers/trainer.py:1784: FutureWarning: `torch.cuda.amp.autocast(args...)` is deprecated. Please use `torch.amp.autocast('cuda', args...)` instead.
  with autocast():
{'loss': 0.3189, 'learning_rate': 1.0764105898262768e-05, 'epoch': 9.0}
{'loss': 0.3162, 'learning_rate': 1.0720805159679603e-05, 'epoch': 9.0}
{'loss': 0.3454, 'learning_rate': 1.0677504421096428e-05, 'epoch': 9.01}
{'loss': 0.3153, 'learning_rate': 1.0634203682513262e-05, 'epoch': 9.01}
{'loss': 0.3293, 'learning_rate': 1.0590902943930099e-05, 'epoch': 9.02}
{'loss': 0.3692, 'learning_rate': 1.0547602205346923e-05, 'epoch': 9.02}
{'loss': 0.3304, 'learning_rate': 1.0504301466763758e-05, 'epoch': 9.02}
{'loss': 0.2976, 'learning_rate': 1.0461000728180593e-05, 'epoch': 9.03}
{'loss': 0.35, 'learning_rate': 1.0417699989597417e-05, 'epoch': 9.03}
{'loss': 0.3309, 'learning_rate': 1.0374399251014254e-05, 'epoch': 9.04}
{'loss': 0.3258, 'learning_rate': 1.0331098512431089e-05, 'epoch': 9.04}
{'loss': 0.3535, 'learning_rate': 1.0287797773847913e-05, 'epoch': 9.04}
{'loss': 0.3288, 'learning_rate': 1.0244497035264748e-05, 'epoch': 9.05}
{'loss': 0.308, 'learning_rate': 1.0201196296681573e-05, 'epoch': 9.05}
{'loss': 0.3374, 'learning_rate': 1.0157895558098407e-05, 'epoch': 9.06}
{'loss': 0.3614, 'learning_rate': 1.0114594819515244e-05, 'epoch': 9.06}
{'loss': 0.3273, 'learning_rate': 1.0071294080932067e-05, 'epoch': 9.07}
{'loss': 0.3326, 'learning_rate': 1.0027993342348903e-05, 'epoch': 9.07}
{'loss': 0.3517, 'learning_rate': 9.984692603765738e-06, 'epoch': 9.07}
{'loss': 0.3464, 'learning_rate': 9.941391865182563e-06, 'epoch': 9.08}
{'loss': 0.3574, 'learning_rate': 9.898091126599397e-06, 'epoch': 9.08}
{'loss': 0.3243, 'learning_rate': 9.854790388016234e-06, 'epoch': 9.09}
{'loss': 0.3445, 'learning_rate': 9.811489649433058e-06, 'epoch': 9.09}
{'loss': 0.3338, 'learning_rate': 9.768188910849893e-06, 'epoch': 9.09}
{'loss': 0.3573, 'learning_rate': 9.724888172266728e-06, 'epoch': 9.1}
{'loss': 0.347, 'learning_rate': 9.681587433683552e-06, 'epoch': 9.1}
{'loss': 0.3178, 'learning_rate': 9.638286695100389e-06, 'epoch': 9.11}
{'loss': 0.3294, 'learning_rate': 9.594985956517212e-06, 'epoch': 9.11}
{'loss': 0.3308, 'learning_rate': 9.551685217934048e-06, 'epoch': 9.11}
{'loss': 0.3165, 'learning_rate': 9.508384479350883e-06, 'epoch': 9.12}
{'loss': 0.3265, 'learning_rate': 9.465083740767708e-06, 'epoch': 9.12}
{'loss': 0.3077, 'learning_rate': 9.421783002184542e-06, 'epoch': 9.13}
{'loss': 0.2977, 'learning_rate': 9.378482263601379e-06, 'epoch': 9.13}
{'loss': 0.3431, 'learning_rate': 9.335181525018202e-06, 'epoch': 9.13}
{'loss': 0.3539, 'learning_rate': 9.291880786435038e-06, 'epoch': 9.14}
{'loss': 0.3439, 'learning_rate': 9.248580047851873e-06, 'epoch': 9.14}
{'loss': 0.3265, 'learning_rate': 9.205279309268697e-06, 'epoch': 9.15}
{'loss': 0.3283, 'learning_rate': 9.161978570685532e-06, 'epoch': 9.15}
{'loss': 0.3671, 'learning_rate': 9.118677832102357e-06, 'epoch': 9.15}
{'loss': 0.3295, 'learning_rate': 9.075377093519193e-06, 'epoch': 9.16}
{'loss': 0.3205, 'learning_rate': 9.032076354936028e-06, 'epoch': 9.16}
{'loss': 0.3055, 'learning_rate': 8.989641631124515e-06, 'epoch': 9.17}
{'loss': 0.3279, 'learning_rate': 8.946340892541351e-06, 'epoch': 9.17}
{'loss': 0.3276, 'learning_rate': 8.903040153958186e-06, 'epoch': 9.18}
{'loss': 0.3357, 'learning_rate': 8.85973941537501e-06, 'epoch': 9.18}
{'loss': 0.3713, 'learning_rate': 8.816438676791845e-06, 'epoch': 9.18}
{'loss': 0.3587, 'learning_rate': 8.77313793820868e-06, 'epoch': 9.19}
{'loss': 0.3437, 'learning_rate': 8.729837199625505e-06, 'epoch': 9.19}
{'loss': 0.31, 'learning_rate': 8.686536461042341e-06, 'epoch': 9.2}
{'loss': 0.3313, 'learning_rate': 8.643235722459176e-06, 'epoch': 9.2}
{'loss': 0.3241, 'learning_rate': 8.599934983876e-06, 'epoch': 9.2}
{'loss': 0.3363, 'learning_rate': 8.556634245292835e-06, 'epoch': 9.21}
{'loss': 0.3325, 'learning_rate': 8.51333350670966e-06, 'epoch': 9.21}
{'loss': 0.3303, 'learning_rate': 8.470032768126495e-06, 'epoch': 9.22}
{'loss': 0.3289, 'learning_rate': 8.426732029543331e-06, 'epoch': 9.22}
{'loss': 0.3498, 'learning_rate': 8.383431290960156e-06, 'epoch': 9.22}
{'loss': 0.3261, 'learning_rate': 8.34013055237699e-06, 'epoch': 9.23}
{'loss': 0.3141, 'learning_rate': 8.296829813793825e-06, 'epoch': 9.23}
{'loss': 0.3273, 'learning_rate': 8.25352907521065e-06, 'epoch': 9.24}
{'loss': 0.3615, 'learning_rate': 8.210228336627486e-06, 'epoch': 9.24}
{'loss': 0.3244, 'learning_rate': 8.166927598044321e-06, 'epoch': 9.24}
{'loss': 0.3725, 'learning_rate': 8.123626859461146e-06, 'epoch': 9.25}
{'loss': 0.3061, 'learning_rate': 8.08032612087798e-06, 'epoch': 9.25}
{'loss': 0.3225, 'learning_rate': 8.037025382294805e-06, 'epoch': 9.26}
{'loss': 0.3514, 'learning_rate': 7.99372464371164e-06, 'epoch': 9.26}
{'loss': 0.3213, 'learning_rate': 7.950423905128476e-06, 'epoch': 9.26}
{'loss': 0.3724, 'learning_rate': 7.907123166545299e-06, 'epoch': 9.27}
{'loss': 0.3564, 'learning_rate': 7.863822427962136e-06, 'epoch': 9.27}
{'loss': 0.3484, 'learning_rate': 7.82052168937897e-06, 'epoch': 9.28}
{'loss': 0.3637, 'learning_rate': 7.777220950795795e-06, 'epoch': 9.28}
{'loss': 0.3067, 'learning_rate': 7.73392021221263e-06, 'epoch': 9.29}
{'loss': 0.3335, 'learning_rate': 7.690619473629464e-06, 'epoch': 9.29}
{'loss': 0.3215, 'learning_rate': 7.647318735046289e-06, 'epoch': 9.29}
{'loss': 0.351, 'learning_rate': 7.604017996463124e-06, 'epoch': 9.3}
{'loss': 0.3096, 'learning_rate': 7.560717257879959e-06, 'epoch': 9.3}
{'loss': 0.3405, 'learning_rate': 7.517416519296784e-06, 'epoch': 9.31}
{'loss': 0.3401, 'learning_rate': 7.4741157807136195e-06, 'epoch': 9.31}
{'loss': 0.3627, 'learning_rate': 7.430815042130444e-06, 'epoch': 9.31}
{'loss': 0.3017, 'learning_rate': 7.387514303547279e-06, 'epoch': 9.32}
{'loss': 0.3482, 'learning_rate': 7.3442135649641145e-06, 'epoch': 9.32}
{'loss': 0.3417, 'learning_rate': 7.300912826380939e-06, 'epoch': 9.33}
{'loss': 0.3247, 'learning_rate': 7.257612087797775e-06, 'epoch': 9.33}
{'loss': 0.3665, 'learning_rate': 7.21431134921461e-06, 'epoch': 9.33}
{'loss': 0.3512, 'learning_rate': 7.171010610631435e-06, 'epoch': 9.34}
{'loss': 0.3658, 'learning_rate': 7.1277098720482705e-06, 'epoch': 9.34}
{'loss': 0.3472, 'learning_rate': 7.084409133465104e-06, 'epoch': 9.35}
{'loss': 0.3643, 'learning_rate': 7.041108394881929e-06, 'epoch': 9.35}
{'loss': 0.3411, 'learning_rate': 6.997807656298765e-06, 'epoch': 9.35}
{'loss': 0.3552, 'learning_rate': 6.9545069177155875e-06, 'epoch': 9.36}
{'loss': 0.2992, 'learning_rate': 6.912072193904087e-06, 'epoch': 9.36}
{'loss': 0.3193, 'learning_rate': 6.868771455320923e-06, 'epoch': 9.37}
{'loss': 0.3206, 'learning_rate': 6.825470716737746e-06, 'epoch': 9.37}
{'loss': 0.359, 'learning_rate': 6.782169978154582e-06, 'epoch': 9.38}
{'loss': 0.3369, 'learning_rate': 6.738869239571418e-06, 'epoch': 9.38}
{'loss': 0.3226, 'learning_rate': 6.695568500988242e-06, 'epoch': 9.38}
{'loss': 0.308, 'learning_rate': 6.652267762405078e-06, 'epoch': 9.39}
{'loss': 0.3501, 'learning_rate': 6.608967023821913e-06, 'epoch': 9.39}
{'loss': 0.3126, 'learning_rate': 6.565666285238738e-06, 'epoch': 9.4}
{'loss': 0.3633, 'learning_rate': 6.523231561427236e-06, 'epoch': 9.4}
{'loss': 0.3099, 'learning_rate': 6.47993082284407e-06, 'epoch': 9.4}
{'loss': 0.3423, 'learning_rate': 6.436630084260896e-06, 'epoch': 9.41}
{'loss': 0.3257, 'learning_rate': 6.39332934567773e-06, 'epoch': 9.41}
{'loss': 0.3669, 'learning_rate': 6.350028607094555e-06, 'epoch': 9.42}
{'loss': 0.3688, 'learning_rate': 6.30672786851139e-06, 'epoch': 9.42}
{'loss': 0.3147, 'learning_rate': 6.263427129928225e-06, 'epoch': 9.42}
{'loss': 0.3587, 'learning_rate': 6.2201263913450495e-06, 'epoch': 9.43}
{'loss': 0.3309, 'learning_rate': 6.176825652761885e-06, 'epoch': 9.43}
{'loss': 0.3154, 'learning_rate': 6.13352491417872e-06, 'epoch': 9.44}
{'loss': 0.3244, 'learning_rate': 6.0902241755955445e-06, 'epoch': 9.44}
{'loss': 0.3208, 'learning_rate': 6.04692343701238e-06, 'epoch': 9.44}
{'loss': 0.3374, 'learning_rate': 6.003622698429216e-06, 'epoch': 9.45}
{'loss': 0.3196, 'learning_rate': 5.9603219598460394e-06, 'epoch': 9.45}
{'loss': 0.3232, 'learning_rate': 5.917021221262875e-06, 'epoch': 9.46}
{'loss': 0.3473, 'learning_rate': 5.8737204826797e-06, 'epoch': 9.46}
{'loss': 0.3615, 'learning_rate': 5.830419744096534e-06, 'epoch': 9.46}
{'loss': 0.3306, 'learning_rate': 5.78711900551337e-06, 'epoch': 9.47}
{'loss': 0.3585, 'learning_rate': 5.743818266930195e-06, 'epoch': 9.47}
{'loss': 0.3506, 'learning_rate': 5.700517528347029e-06, 'epoch': 9.48}
{'loss': 0.3297, 'learning_rate': 5.657216789763865e-06, 'epoch': 9.48}
{'loss': 0.3379, 'learning_rate': 5.614782065952353e-06, 'epoch': 9.49}
{'loss': 0.3471, 'learning_rate': 5.5714813273691874e-06, 'epoch': 9.49}
{'loss': 0.3235, 'learning_rate': 5.528180588786023e-06, 'epoch': 9.49}
{'loss': 0.3425, 'learning_rate': 5.484879850202848e-06, 'epoch': 9.5}
{'loss': 0.3326, 'learning_rate': 5.441579111619683e-06, 'epoch': 9.5}
{'loss': 0.3681, 'learning_rate': 5.398278373036518e-06, 'epoch': 9.51}
{'loss': 0.3235, 'learning_rate': 5.3549776344533426e-06, 'epoch': 9.51}
{'loss': 0.2959, 'learning_rate': 5.311676895870178e-06, 'epoch': 9.51}
{'loss': 0.3324, 'learning_rate': 5.268376157287002e-06, 'epoch': 9.52}
{'loss': 0.3153, 'learning_rate': 5.2250754187038375e-06, 'epoch': 9.52}
{'loss': 0.3495, 'learning_rate': 5.181774680120673e-06, 'epoch': 9.53}
{'loss': 0.3643, 'learning_rate': 5.138473941537497e-06, 'epoch': 9.53}
{'loss': 0.3263, 'learning_rate': 5.0951732029543325e-06, 'epoch': 9.53}
{'loss': 0.3251, 'learning_rate': 5.051872464371168e-06, 'epoch': 9.54}
{'loss': 0.3119, 'learning_rate': 5.008571725787993e-06, 'epoch': 9.54}
{'loss': 0.331, 'learning_rate': 4.965270987204827e-06, 'epoch': 9.55}
{'loss': 0.3008, 'learning_rate': 4.921970248621663e-06, 'epoch': 9.55}
{'loss': 0.3309, 'learning_rate': 4.878669510038488e-06, 'epoch': 9.55}
{'loss': 0.3346, 'learning_rate': 4.835368771455322e-06, 'epoch': 9.56}
{'loss': 0.3304, 'learning_rate': 4.792068032872147e-06, 'epoch': 9.56}
{'loss': 0.3485, 'learning_rate': 4.7487672942889826e-06, 'epoch': 9.57}
{'loss': 0.3442, 'learning_rate': 4.705466555705818e-06, 'epoch': 9.57}
{'loss': 0.3725, 'learning_rate': 4.662165817122642e-06, 'epoch': 9.57}
{'loss': 0.3391, 'learning_rate': 4.6188650785394775e-06, 'epoch': 9.58}
{'loss': 0.3314, 'learning_rate': 4.575564339956313e-06, 'epoch': 9.58}
{'loss': 0.3194, 'learning_rate': 4.532263601373137e-06, 'epoch': 9.59}
{'loss': 0.3572, 'learning_rate': 4.4889628627899725e-06, 'epoch': 9.59}
{'loss': 0.3322, 'learning_rate': 4.445662124206808e-06, 'epoch': 9.6}
{'loss': 0.357, 'learning_rate': 4.402361385623632e-06, 'epoch': 9.6}
{'loss': 0.3626, 'learning_rate': 4.359060647040467e-06, 'epoch': 9.6}
{'loss': 0.3476, 'learning_rate': 4.315759908457303e-06, 'epoch': 9.61}
{'loss': 0.3636, 'learning_rate': 4.272459169874127e-06, 'epoch': 9.61}
{'loss': 0.3404, 'learning_rate': 4.229158431290962e-06, 'epoch': 9.62}
{'loss': 0.3169, 'learning_rate': 4.185857692707787e-06, 'epoch': 9.62}
{'loss': 0.345, 'learning_rate': 4.1425569541246225e-06, 'epoch': 9.62}
{'loss': 0.3401, 'learning_rate': 4.099256215541457e-06, 'epoch': 9.63}
{'loss': 0.3474, 'learning_rate': 4.055955476958282e-06, 'epoch': 9.63}
{'loss': 0.3098, 'learning_rate': 4.0126547383751175e-06, 'epoch': 9.64}
{'loss': 0.3225, 'learning_rate': 3.969353999791952e-06, 'epoch': 9.64}
{'loss': 0.3317, 'learning_rate': 3.926053261208777e-06, 'epoch': 9.64}
{'loss': 0.337, 'learning_rate': 3.8827525226256124e-06, 'epoch': 9.65}
{'loss': 0.3299, 'learning_rate': 3.839451784042448e-06, 'epoch': 9.65}
{'loss': 0.3176, 'learning_rate': 3.796151045459272e-06, 'epoch': 9.66}
{'loss': 0.3419, 'learning_rate': 3.7528503068761074e-06, 'epoch': 9.66}
{'loss': 0.3297, 'learning_rate': 3.709549568292932e-06, 'epoch': 9.66}
{'loss': 0.3431, 'learning_rate': 3.6662488297097676e-06, 'epoch': 9.67}
{'loss': 0.3505, 'learning_rate': 3.6229480911266023e-06, 'epoch': 9.67}
{'loss': 0.3294, 'learning_rate': 3.579647352543426e-06, 'epoch': 9.68}
{'loss': 0.3511, 'learning_rate': 3.5363466139602617e-06, 'epoch': 9.68}
{'loss': 0.3613, 'learning_rate': 3.4930458753770977e-06, 'epoch': 9.68}
{'loss': 0.3251, 'learning_rate': 3.449745136793922e-06, 'epoch': 9.69}
{'loss': 0.3351, 'learning_rate': 3.40731041298242e-06, 'epoch': 9.69}
{'loss': 0.3573, 'learning_rate': 3.364009674399255e-06, 'epoch': 9.7}
{'loss': 0.3327, 'learning_rate': 3.3207089358160795e-06, 'epoch': 9.7}
{'loss': 0.3547, 'learning_rate': 3.277408197232915e-06, 'epoch': 9.71}
{'loss': 0.342, 'learning_rate': 3.2341074586497508e-06, 'epoch': 9.71}
{'loss': 0.3172, 'learning_rate': 3.190806720066575e-06, 'epoch': 9.71}
{'loss': 0.3351, 'learning_rate': 3.1475059814834105e-06, 'epoch': 9.72}
{'loss': 0.3422, 'learning_rate': 3.1042052429002347e-06, 'epoch': 9.72}
{'loss': 0.356, 'learning_rate': 3.06090450431707e-06, 'epoch': 9.73}
{'loss': 0.3114, 'learning_rate': 3.017603765733905e-06, 'epoch': 9.73}
{'loss': 0.3556, 'learning_rate': 2.9743030271507296e-06, 'epoch': 9.73}
{'loss': 0.3309, 'learning_rate': 2.931002288567565e-06, 'epoch': 9.74}
{'loss': 0.3213, 'learning_rate': 2.8877015499844004e-06, 'epoch': 9.74}
{'loss': 0.3515, 'learning_rate': 2.8444008114012246e-06, 'epoch': 9.75}
{'loss': 0.3358, 'learning_rate': 2.8011000728180598e-06, 'epoch': 9.75}
{'loss': 0.3121, 'learning_rate': 2.7577993342348954e-06, 'epoch': 9.75}
{'loss': 0.3529, 'learning_rate': 2.7144985956517195e-06, 'epoch': 9.76}
{'loss': 0.3181, 'learning_rate': 2.671197857068555e-06, 'epoch': 9.76}
{'loss': 0.345, 'learning_rate': 2.6278971184853793e-06, 'epoch': 9.77}
{'loss': 0.3031, 'learning_rate': 2.5845963799022145e-06, 'epoch': 9.77}
{'loss': 0.3207, 'learning_rate': 2.54129564131905e-06, 'epoch': 9.77}
{'loss': 0.3157, 'learning_rate': 2.4988609175075374e-06, 'epoch': 9.78}
{'loss': 0.3336, 'learning_rate': 2.4555601789243726e-06, 'epoch': 9.78}
{'loss': 0.3301, 'learning_rate': 2.412259440341208e-06, 'epoch': 9.79}
{'loss': 0.324, 'learning_rate': 2.3689587017580323e-06, 'epoch': 9.79}
{'loss': 0.3483, 'learning_rate': 2.325657963174868e-06, 'epoch': 9.79}
{'loss': 0.3435, 'learning_rate': 2.282357224591703e-06, 'epoch': 9.8}
{'loss': 0.3438, 'learning_rate': 2.2390564860085273e-06, 'epoch': 9.8}
{'loss': 0.3256, 'learning_rate': 2.195755747425363e-06, 'epoch': 9.81}
{'loss': 0.3715, 'learning_rate': 2.152455008842198e-06, 'epoch': 9.81}
{'loss': 0.3152, 'learning_rate': 2.1091542702590227e-06, 'epoch': 9.82}
{'loss': 0.3299, 'learning_rate': 2.065853531675858e-06, 'epoch': 9.82}
{'loss': 0.3453, 'learning_rate': 2.022552793092682e-06, 'epoch': 9.82}
{'loss': 0.3371, 'learning_rate': 1.9792520545095176e-06, 'epoch': 9.83}
{'loss': 0.3102, 'learning_rate': 1.9359513159263532e-06, 'epoch': 9.83}
{'loss': 0.3427, 'learning_rate': 1.8926505773431774e-06, 'epoch': 9.84}
{'loss': 0.3247, 'learning_rate': 1.8493498387600128e-06, 'epoch': 9.84}
{'loss': 0.3605, 'learning_rate': 1.806049100176848e-06, 'epoch': 9.84}
{'loss': 0.323, 'learning_rate': 1.7627483615936721e-06, 'epoch': 9.85}
{'loss': 0.3057, 'learning_rate': 1.719447623010508e-06, 'epoch': 9.85}
{'loss': 0.3485, 'learning_rate': 1.6761468844273431e-06, 'epoch': 9.86}
{'loss': 0.3724, 'learning_rate': 1.6328461458441673e-06, 'epoch': 9.86}
{'loss': 0.3735, 'learning_rate': 1.5895454072610029e-06, 'epoch': 9.86}
{'loss': 0.3245, 'learning_rate': 1.546244668677827e-06, 'epoch': 9.87}
{'loss': 0.3212, 'learning_rate': 1.5029439300946622e-06, 'epoch': 9.87}
{'loss': 0.3319, 'learning_rate': 1.4596431915114978e-06, 'epoch': 9.88}
{'loss': 0.3366, 'learning_rate': 1.416342452928322e-06, 'epoch': 9.88}
{'loss': 0.3017, 'learning_rate': 1.3730417143451576e-06, 'epoch': 9.88}
{'loss': 0.3203, 'learning_rate': 1.3297409757619928e-06, 'epoch': 9.89}
{'loss': 0.3261, 'learning_rate': 1.286440237178817e-06, 'epoch': 9.89}
{'loss': 0.3255, 'learning_rate': 1.2431394985956526e-06, 'epoch': 9.9}
{'loss': 0.3196, 'learning_rate': 1.1998387600124877e-06, 'epoch': 9.9}
{'loss': 0.3354, 'learning_rate': 1.1565380214293123e-06, 'epoch': 9.9}
{'loss': 0.3179, 'learning_rate': 1.1132372828461475e-06, 'epoch': 9.91}
{'loss': 0.3337, 'learning_rate': 1.0699365442629717e-06, 'epoch': 9.91}
{'loss': 0.3411, 'learning_rate': 1.0266358056798073e-06, 'epoch': 9.92}
{'loss': 0.3448, 'learning_rate': 9.833350670966425e-07, 'epoch': 9.92}
{'loss': 0.3249, 'learning_rate': 9.400343285134668e-07, 'epoch': 9.93}
{'loss': 0.3279, 'learning_rate': 8.967335899303023e-07, 'epoch': 9.93}
{'loss': 0.3588, 'learning_rate': 8.534328513471376e-07, 'epoch': 9.93}
{'loss': 0.3491, 'learning_rate': 8.10132112763962e-07, 'epoch': 9.94}
{'loss': 0.3212, 'learning_rate': 7.668313741807973e-07, 'epoch': 9.94}
{'loss': 0.3548, 'learning_rate': 7.235306355976327e-07, 'epoch': 9.95}
{'loss': 0.3378, 'learning_rate': 6.802298970144569e-07, 'epoch': 9.95}
{'loss': 0.3305, 'learning_rate': 6.369291584312923e-07, 'epoch': 9.95}
{'loss': 0.3629, 'learning_rate': 5.936284198481277e-07, 'epoch': 9.96}
{'loss': 0.3655, 'learning_rate': 5.50327681264952e-07, 'epoch': 9.96}
{'loss': 0.3417, 'learning_rate': 5.070269426817874e-07, 'epoch': 9.97}
{'loss': 0.3281, 'learning_rate': 4.637262040986116e-07, 'epoch': 9.97}
{'loss': 0.3275, 'learning_rate': 4.20425465515447e-07, 'epoch': 9.97}
{'loss': 0.3093, 'learning_rate': 3.7712472693228244e-07, 'epoch': 9.98}
{'loss': 0.3375, 'learning_rate': 3.338239883491067e-07, 'epoch': 9.98}
{'loss': 0.3433, 'learning_rate': 2.905232497659421e-07, 'epoch': 9.99}
{'loss': 0.3371, 'learning_rate': 2.472225111827775e-07, 'epoch': 9.99}
{'loss': 0.3501, 'learning_rate': 2.0392177259960177e-07, 'epoch': 9.99}
{'loss': 0.3629, 'learning_rate': 1.606210340164371e-07, 'epoch': 10.0}
[INFO|trainer.py:520] 2026-10-04 16:09:57,218 >> The following columns in the evaluation set  don't have a corresponding argument in `PETLEncModel.forward` and have been ignored: premise, idx, hypothesis.
[INFO|trainer.py:2179] 2026-10-04 16:09:57,220 >> ***** Running Evaluation *****
[INFO|trainer.py:2181] 2026-10-04 16:09:57,220 >>   Num examples = 9815
[INFO|trainer.py:2184] 2026-10-04 16:09:57,220 >>   Batch size = 32
{'eval_loss': 0.35199248790740967, 'eval_accuracy': 0.87396841569027, 'eval_runtime': 13.4418, 'eval_samples_per_second': 730.184, 'eval_steps_per_second': 22.839, 'epoch': 10.0}
[INFO|trainer.py:1933] 2026-10-04 16:10:10,663 >> Saving model checkpoint to checkpoints/glue/mnli/20261004/glue.mnli.adapter.am_adapter.ao_sequential.fm_adapter.fo_sequential.abn.fbn.ac_add.fl_none.finit_bert.fs_1.unfrz_ef_.ne10.warm0.06.wd0.1.seed4./checkpoint-122720
[INFO|configuration_utils.py:364] 2026-10-04 16:10:10,664 >> Configuration saved in checkpoints/glue/mnli/20261004/glue.mnli.adapter.am_adapter.ao_sequential.fm_adapter.fo_sequential.abn.fbn.ac_add.fl_none.finit_bert.fs_1.unfrz_ef_.ne10.warm0.06.wd0.1.seed4./checkpoint-122720/config.json
[INFO|modeling_utils.py:898] 2026-10-04 16:10:10,946 >> Model weights saved in checkpoints/glue/mnli/20261004/glue.mnli.adapter.am_adapter.ao_sequential.fm_adapter.fo_sequential.abn.fbn.ac_add.fl_none.finit_bert.fs_1.unfrz_ef_.ne10.warm0.06.wd0.1.seed4./checkpoint-122720/pytorch_model.bin
[INFO|tokenization_utils_base.py:1948] 2026-10-04 16:10:10,947 >> tokenizer config file saved in checkpoints/glue/mnli/20261004/glue.mnli.adapter.am_adapter.ao_sequential.fm_adapter.fo_sequential.abn.fbn.ac_add.fl_none.finit_bert.fs_1.unfrz_ef_.ne10.warm0.06.wd0.1.seed4./checkpoint-122720/tokenizer_config.json
[INFO|tokenization_utils_base.py:1954] 2026-10-04 16:10:10,947 >> Special tokens file saved in checkpoints/glue/mnli/20261004/glue.mnli.adapter.am_adapter.ao_sequential.fm_adapter.fo_sequential.abn.fbn.ac_add.fl_none.finit_bert.fs_1.unfrz_ef_.ne10.warm0.06.wd0.1.seed4./checkpoint-122720/special_tokens_map.json
[INFO|trainer.py:2009] 2026-10-04 16:10:11,029 >> Deleting older checkpoint [checkpoints/glue/mnli/20261004/glue.mnli.adapter.am_adapter.ao_sequential.fm_adapter.fo_sequential.abn.fbn.ac_add.fl_none.finit_bert.fs_1.unfrz_ef_.ne10.warm0.06.wd0.1.seed4./checkpoint-98176] due to args.save_total_limit
[INFO|trainer.py:1382] 2026-10-04 16:10:11,039 >> 

Training completed. Do not forget to share your model on huggingface.co/models =)


[INFO|trainer.py:1390] 2026-10-04 16:10:11,039 >> Loading best model from checkpoints/glue/mnli/20261004/glue.mnli.adapter.am_adapter.ao_sequential.fm_adapter.fo_sequential.abn.fbn.ac_add.fl_none.finit_bert.fs_1.unfrz_ef_.ne10.warm0.06.wd0.1.seed4./checkpoint-110448 (score: 0.8744778400407539).
{'train_runtime': 4451.9383, 'train_samples_per_second': 882.092, 'train_steps_per_second': 27.566, 'train_loss': 0.4016225294114092, 'epoch': 10.0}
[INFO|trainer.py:1933] 2026-10-04 16:10:11,591 >> Saving model checkpoint to checkpoints/glue/mnli/20261004/glue.mnli.adapter.am_adapter.ao_sequential.fm_adapter.fo_sequential.abn.fbn.ac_add.fl_none.finit_bert.fs_1.unfrz_ef_.ne10.warm0.06.wd0.1.seed4.
[INFO|configuration_utils.py:364] 2026-10-04 16:10:11,592 >> Configuration saved in checkpoints/glue/mnli/20261004/glue.mnli.adapter.am_adapter.ao_sequential.fm_adapter.fo_sequential.abn.fbn.ac_add.fl_none.finit_bert.fs_1.unfrz_ef_.ne10.warm0.06.wd0.1.seed4./config.json
[INFO|modeling_utils.py:898] 2026-10-04 16:10:11,847 >> Model weights saved in checkpoints/glue/mnli/20261004/glue.mnli.adapter.am_adapter.ao_sequential.fm_adapter.fo_sequential.abn.fbn.ac_add.fl_none.finit_bert.fs_1.unfrz_ef_.ne10.warm0.06.wd0.1.seed4./pytorch_model.bin
[INFO|tokenization_utils_base.py:1948] 2026-10-04 16:10:11,856 >> tokenizer config file saved in checkpoints/glue/mnli/20261004/glue.mnli.adapter.am_adapter.ao_sequential.fm_adapter.fo_sequential.abn.fbn.ac_add.fl_none.finit_bert.fs_1.unfrz_ef_.ne10.warm0.06.wd0.1.seed4./tokenizer_config.json
[INFO|tokenization_utils_base.py:1954] 2026-10-04 16:10:11,856 >> Special tokens file saved in checkpoints/glue/mnli/20261004/glue.mnli.adapter.am_adapter.ao_sequential.fm_adapter.fo_sequential.abn.fbn.ac_add.fl_none.finit_bert.fs_1.unfrz_ef_.ne10.warm0.06.wd0.1.seed4./special_tokens_map.json
***** train metrics *****
  epoch                    =       10.0
  train_loss               =     0.4016
  train_runtime            = 1:14:11.93
  train_samples            =     392702
  train_samples_per_second =    882.092
  train_steps_per_second   =     27.566
10/04/2026 16:10:11 - INFO - __main__ -   *** Evaluate ***
[INFO|trainer.py:520] 2026-10-04 16:10:11,935 >> The following columns in the evaluation set  don't have a corresponding argument in `PETLEncModel.forward` and have been ignored: premise, idx, hypothesis.
[INFO|trainer.py:2179] 2026-10-04 16:10:11,936 >> ***** Running Evaluation *****
[INFO|trainer.py:2181] 2026-10-04 16:10:11,936 >>   Num examples = 9815
[INFO|trainer.py:2184] 2026-10-04 16:10:11,936 >>   Batch size = 32
{'eval_loss': 0.35122132301330566, 'eval_accuracy': 0.8744778400407539, 'eval_runtime': 13.5767, 'eval_samples_per_second': 722.929, 'eval_steps_per_second': 22.612, 'epoch': 10.0}
***** eval metrics *****
  epoch                   =       10.0
  eval_accuracy           =     0.8745
  eval_loss               =     0.3512
  eval_runtime            = 0:00:13.57
  eval_samples            =       9815
  eval_samples_per_second =    722.929
  eval_steps_per_second   =     22.612
[INFO|trainer.py:520] 2026-10-04 16:10:25,515 >> The following columns in the evaluation set  don't have a corresponding argument in `PETLEncModel.forward` and have been ignored: premise, idx, hypothesis.
[INFO|trainer.py:2179] 2026-10-04 16:10:25,516 >> ***** Running Evaluation *****
[INFO|trainer.py:2181] 2026-10-04 16:10:25,516 >>   Num examples = 9832
[INFO|trainer.py:2184] 2026-10-04 16:10:25,516 >>   Batch size = 32
{'eval_loss': 0.3580448031425476, 'eval_accuracy': 0.8693043124491456, 'eval_runtime': 13.7879, 'eval_samples_per_second': 713.087, 'eval_steps_per_second': 22.338, 'epoch': 10.0}
***** eval metrics *****
  epoch                   =       10.0
  eval_accuracy           =     0.8693
  eval_loss               =      0.358
  eval_runtime            = 0:00:13.78
  eval_samples            =       9815
  eval_samples_per_second =    713.087
  eval_steps_per_second   =     22.338
