checkpoints/glue/mnli/20261004/glue.mnli.lora.am_lora.ao_none.fm_none.fo_none.abn.fbn.ac_add.fl_none.finit_bert.fs_1.unfrz_ef_.ne10.warm0.06.wd0.1.seed42.
10/04/2026 14:45:15 - WARNING - __main__ -   Process rank: -1, device: cuda:0, n_gpu: 1distributed training: False, 16-bits training: True
10/04/2026 14:45:15 - INFO - __main__ -   Training/evaluation parameters TrainingArguments(
_n_gpu=1,
adafactor=False,
adam_beta1=0.9,
adam_beta2=0.98,
adam_epsilon=1e-06,
dataloader_drop_last=False,
dataloader_num_workers=0,
dataloader_pin_memory=True,
ddp_find_unused_parameters=False,
debug=[],
deepspeed=None,
disable_tqdm=True,
do_eval=True,
do_predict=False,
do_train=True,
eval_accumulation_steps=None,
eval_steps=5000,
evaluation_strategy=IntervalStrategy.EPOCH,
fp16=True,
fp16_backend=auto,
fp16_full_eval=False,
fp16_opt_level=O1,
gradient_accumulation_steps=1,
greater_is_better=True,
group_by_length=False,
ignore_data_skip=False,
label_names=None,
label_smoothing_factor=0.0,
learning_rate=0.0001,
length_column_name=length,
load_best_model_at_end=True,
local_rank=-1,
log_level=-1,
log_level_replica=-1,
log_on_each_node=True,
logging_dir=checkpoints/glue/mnli/20261004/glue.mnli.lora.am_lora.ao_none.fm_none.fo_none.abn.fbn.ac_add.fl_none.finit_bert.fs_1.unfrz_ef_.ne10.warm0.06.wd0.1.seed42./runs/Oct04_14-45-15_j-12410940-job-0,
logging_first_step=False,
logging_steps=50,
logging_strategy=IntervalStrategy.STEPS,
lr_scheduler_type=SchedulerType.POLYNOMIAL,
max_grad_norm=1.0,
max_steps=-1,
metric_for_best_model=accuracy,
mp_parameters=,
no_cuda=False,
num_train_epochs=10.0,
output_dir=checkpoints/glue/mnli/20261004/glue.mnli.lora.am_lora.ao_none.fm_none.fo_none.abn.fbn.ac_add.fl_none.finit_bert.fs_1.unfrz_ef_.ne10.warm0.06.wd0.1.seed42.,
overwrite_output_dir=True,
past_index=-1,
per_device_eval_batch_size=32,
per_device_train_batch_size=32,
prediction_loss_only=False,
push_to_hub=False,
push_to_hub_model_id=glue.mnli.lora.am_lora.ao_none.fm_none.fo_none.abn.fbn.ac_add.fl_none.finit_bert.fs_1.unfrz_ef_.ne10.warm0.06.wd0.1.seed42.,
push_to_hub_organization=None,
push_to_hub_token=None,
remove_unused_columns=True,
report_to=[],
resume_from_checkpoint=None,
run_name=mnli.20261004.glue.mnli.lora.am_lora.ao_none.fm_none.fo_none.abn.fbn.ac_add.fl_none.finit_bert.fs_1.unfrz_ef_.ne10.warm0.06.wd0.1.seed42.,
save_steps=5000,
save_strategy=IntervalStrategy.EPOCH,
save_total_limit=2,
seed=42,
sharded_ddp=[],
skip_memory_metrics=True,
tpu_metrics_debug=False,
tpu_num_cores=None,
use_legacy_prediction_loop=False,
warmup_ratio=0.06,
warmup_steps=0,
weight_decay=0.1,
)
10/04/2026 14:45:15 - WARNING - datasets.builder -   Reusing dataset glue (checkpoints/hf_model/glue/mnli/1.0.0/dacbe3125aa31d7f70367a07a8a9e72a5a0bfeb5fc42e75c9db75b96da6053ad)
[INFO|configuration_utils.py:528] 2026-10-04 14:45:15,980 >> loading configuration file /work/unify-parameter-efficient-tuning/_setup/models/roberta-base/config.json
[INFO|configuration_utils.py:566] 2026-10-04 14:45:15,980 >> Model config RobertaConfig {
  "architectures": [
    "RobertaForMaskedLM"
  ],
  "attention_probs_dropout_prob": 0.1,
  "bos_token_id": 0,
  "eos_token_id": 2,
  "finetuning_task": "mnli",
  "gradient_checkpointing": false,
  "hidden_act": "gelu",
  "hidden_dropout_prob": 0.1,
  "hidden_size": 768,
  "id2label": {
    "0": "LABEL_0",
    "1": "LABEL_1",
    "2": "LABEL_2"
  },
  "initializer_range": 0.02,
  "intermediate_size": 3072,
  "label2id": {
    "LABEL_0": 0,
    "LABEL_1": 1,
    "LABEL_2": 2
  },
  "layer_norm_eps": 1e-05,
  "max_position_embeddings": 514,
  "model_type": "roberta",
  "num_attention_heads": 12,
  "num_hidden_layers": 12,
  "pad_token_id": 1,
  "position_embedding_type": "absolute",
  "transformers_version": "4.9.0.dev0",
  "type_vocab_size": 1,
  "use_cache": true,
  "vocab_size": 50265
}

[INFO|tokenization_auto.py:427] 2026-10-04 14:45:15,980 >> Could not locate the tokenizer configuration file, will try to use the model config instead.
[INFO|configuration_utils.py:528] 2026-10-04 14:45:15,980 >> loading configuration file /work/unify-parameter-efficient-tuning/_setup/models/roberta-base/config.json
[INFO|configuration_utils.py:566] 2026-10-04 14:45:15,980 >> Model config RobertaConfig {
  "architectures": [
    "RobertaForMaskedLM"
  ],
  "attention_probs_dropout_prob": 0.1,
  "bos_token_id": 0,
  "eos_token_id": 2,
  "gradient_checkpointing": false,
  "hidden_act": "gelu",
  "hidden_dropout_prob": 0.1,
  "hidden_size": 768,
  "initializer_range": 0.02,
  "intermediate_size": 3072,
  "layer_norm_eps": 1e-05,
  "max_position_embeddings": 514,
  "model_type": "roberta",
  "num_attention_heads": 12,
  "num_hidden_layers": 12,
  "pad_token_id": 1,
  "position_embedding_type": "absolute",
  "transformers_version": "4.9.0.dev0",
  "type_vocab_size": 1,
  "use_cache": true,
  "vocab_size": 50265
}

[INFO|tokenization_utils_base.py:1651] 2026-10-04 14:45:15,981 >> Didn't find file /work/unify-parameter-efficient-tuning/_setup/models/roberta-base/added_tokens.json. We won't load it.
[INFO|tokenization_utils_base.py:1651] 2026-10-04 14:45:15,981 >> Didn't find file /work/unify-parameter-efficient-tuning/_setup/models/roberta-base/special_tokens_map.json. We won't load it.
[INFO|tokenization_utils_base.py:1651] 2026-10-04 14:45:15,981 >> Didn't find file /work/unify-parameter-efficient-tuning/_setup/models/roberta-base/tokenizer_config.json. We won't load it.
[INFO|tokenization_utils_base.py:1715] 2026-10-04 14:45:15,981 >> loading file /work/unify-parameter-efficient-tuning/_setup/models/roberta-base/vocab.json
[INFO|tokenization_utils_base.py:1715] 2026-10-04 14:45:15,981 >> loading file /work/unify-parameter-efficient-tuning/_setup/models/roberta-base/merges.txt
[INFO|tokenization_utils_base.py:1715] 2026-10-04 14:45:15,981 >> loading file /work/unify-parameter-efficient-tuning/_setup/models/roberta-base/tokenizer.json
[INFO|tokenization_utils_base.py:1715] 2026-10-04 14:45:15,981 >> loading file None
[INFO|tokenization_utils_base.py:1715] 2026-10-04 14:45:15,981 >> loading file None
[INFO|tokenization_utils_base.py:1715] 2026-10-04 14:45:15,981 >> loading file None
[INFO|modeling_utils.py:1159] 2026-10-04 14:45:16,013 >> loading weights file /work/unify-parameter-efficient-tuning/_setup/models/roberta-base/pytorch_model.bin
============================ init weights is called! ====================================
============================ init weights is called! ====================================
[WARNING|modeling_utils.py:1336] 2026-10-04 14:45:17,077 >> Some weights of the model checkpoint at /work/unify-parameter-efficient-tuning/_setup/models/roberta-base were not used when initializing RobertaForSequenceClassification: ['lm_head.layer_norm.weight', 'lm_head.decoder.weight', 'lm_head.layer_norm.bias', 'lm_head.dense.weight', 'lm_head.bias', 'roberta.pooler.dense.weight', 'roberta.pooler.dense.bias', 'lm_head.dense.bias']
- This IS expected if you are initializing RobertaForSequenceClassification from the checkpoint of a model trained on another task or with another architecture (e.g. initializing a BertForSequenceClassification model from a BertForPreTraining model).
- This IS NOT expected if you are initializing RobertaForSequenceClassification from the checkpoint of a model that you expect to be exactly identical (initializing a BertForSequenceClassification model from a BertForSequenceClassification model).
[WARNING|modeling_utils.py:1347] 2026-10-04 14:45:17,078 >> Some weights of RobertaForSequenceClassification were not initialized from the model checkpoint at /work/unify-parameter-efficient-tuning/_setup/models/roberta-base and are newly initialized: ['classifier.dense.weight', 'classifier.out_proj.weight', 'classifier.dense.bias', 'classifier.out_proj.bias']
You should probably TRAIN this model on a down-stream task to be able to use it for predictions and inference.
tune roberta.encoder.layer.0.attention.self.query.ef_lora_A
tune roberta.encoder.layer.0.attention.self.query.ef_lora_B
tune roberta.encoder.layer.0.attention.self.value.ef_lora_A
tune roberta.encoder.layer.0.attention.self.value.ef_lora_B
tune roberta.encoder.layer.1.attention.self.query.ef_lora_A
tune roberta.encoder.layer.1.attention.self.query.ef_lora_B
tune roberta.encoder.layer.1.attention.self.value.ef_lora_A
tune roberta.encoder.layer.1.attention.self.value.ef_lora_B
tune roberta.encoder.layer.2.attention.self.query.ef_lora_A
tune roberta.encoder.layer.2.attention.self.query.ef_lora_B
tune roberta.encoder.layer.2.attention.self.value.ef_lora_A
tune roberta.encoder.layer.2.attention.self.value.ef_lora_B
tune roberta.encoder.layer.3.attention.self.query.ef_lora_A
tune roberta.encoder.layer.3.attention.self.query.ef_lora_B
tune roberta.encoder.layer.3.attention.self.value.ef_lora_A
tune roberta.encoder.layer.3.attention.self.value.ef_lora_B
tune roberta.encoder.layer.4.attention.self.query.ef_lora_A
tune roberta.encoder.layer.4.attention.self.query.ef_lora_B
tune roberta.encoder.layer.4.attention.self.value.ef_lora_A
tune roberta.encoder.layer.4.attention.self.value.ef_lora_B
tune roberta.encoder.layer.5.attention.self.query.ef_lora_A
tune roberta.encoder.layer.5.attention.self.query.ef_lora_B
tune roberta.encoder.layer.5.attention.self.value.ef_lora_A
tune roberta.encoder.layer.5.attention.self.value.ef_lora_B
tune roberta.encoder.layer.6.attention.self.query.ef_lora_A
tune roberta.encoder.layer.6.attention.self.query.ef_lora_B
tune roberta.encoder.layer.6.attention.self.value.ef_lora_A
tune roberta.encoder.layer.6.attention.self.value.ef_lora_B
tune roberta.encoder.layer.7.attention.self.query.ef_lora_A
tune roberta.encoder.layer.7.attention.self.query.ef_lora_B
tune roberta.encoder.layer.7.attention.self.value.ef_lora_A
tune roberta.encoder.layer.7.attention.self.value.ef_lora_B
tune roberta.encoder.layer.8.attention.self.query.ef_lora_A
tune roberta.encoder.layer.8.attention.self.query.ef_lora_B
tune roberta.encoder.layer.8.attention.self.value.ef_lora_A
tune roberta.encoder.layer.8.attention.self.value.ef_lora_B
tune roberta.encoder.layer.9.attention.self.query.ef_lora_A
tune roberta.encoder.layer.9.attention.self.query.ef_lora_B
tune roberta.encoder.layer.9.attention.self.value.ef_lora_A
tune roberta.encoder.layer.9.attention.self.value.ef_lora_B
tune roberta.encoder.layer.10.attention.self.query.ef_lora_A
tune roberta.encoder.layer.10.attention.self.query.ef_lora_B
tune roberta.encoder.layer.10.attention.self.value.ef_lora_A
tune roberta.encoder.layer.10.attention.self.value.ef_lora_B
tune roberta.encoder.layer.11.attention.self.query.ef_lora_A
tune roberta.encoder.layer.11.attention.self.query.ef_lora_B
tune roberta.encoder.layer.11.attention.self.value.ef_lora_A
tune roberta.encoder.layer.11.attention.self.value.ef_lora_B
10/04/2026 14:45:17 - WARNING - datasets.fingerprint -   Parameter 'function'=<function main.<locals>.preprocess_function at 0x7fb9fcffde50> of the transform datasets.arrow_dataset.Dataset._map_single couldn't be hashed properly, a random hash was used instead. Make sure your transforms and parameters are serializable with pickle or dill for the dataset fingerprinting and caching to work. If you reuse this transform, the caching mechanism will consider it to be different from the previous calls and recompute everything. This warning is only showed once. Subsequent hashing failures won't be showed.
10/04/2026 14:45:17 - WARNING - datasets.arrow_dataset -   Loading cached processed dataset at checkpoints/hf_model/glue/mnli/1.0.0/dacbe3125aa31d7f70367a07a8a9e72a5a0bfeb5fc42e75c9db75b96da6053ad/cache-1c80317fa3b1799d.arrow
10/04/2026 14:45:17 - WARNING - datasets.arrow_dataset -   Loading cached processed dataset at checkpoints/hf_model/glue/mnli/1.0.0/dacbe3125aa31d7f70367a07a8a9e72a5a0bfeb5fc42e75c9db75b96da6053ad/cache-bdd640fb06671ad1.arrow
10/04/2026 14:45:17 - WARNING - datasets.arrow_dataset -   Loading cached processed dataset at checkpoints/hf_model/glue/mnli/1.0.0/dacbe3125aa31d7f70367a07a8a9e72a5a0bfeb5fc42e75c9db75b96da6053ad/cache-3eb13b9046685257.arrow
10/04/2026 14:45:17 - WARNING - datasets.arrow_dataset -   Loading cached processed dataset at checkpoints/hf_model/glue/mnli/1.0.0/dacbe3125aa31d7f70367a07a8a9e72a5a0bfeb5fc42e75c9db75b96da6053ad/cache-23b8c1e9392456de.arrow
10/04/2026 14:45:17 - WARNING - datasets.arrow_dataset -   Loading cached processed dataset at checkpoints/hf_model/glue/mnli/1.0.0/dacbe3125aa31d7f70367a07a8a9e72a5a0bfeb5fc42e75c9db75b96da6053ad/cache-1a3d1fa7bc8960a9.arrow
10/04/2026 14:45:17 - INFO - __main__ -   Sample 354785 of the training set: {'attention_mask': [1, 1, 1, 1, 1, 1, 1, 1, 1, 1, 1, 1, 1, 1, 1, 1, 1, 1, 1, 1, 1, 1, 1, 1, 1, 1, 1, 1, 1, 1, 1, 1, 1, 1, 1, 1, 1, 1, 1, 1, 1, 1, 1, 1], 'hypothesis': 'The small town had little more that one street that was bordered by shops, houses and a train station.', 'idx': 354785, 'input_ids': [0, 133, 1139, 21, 410, 55, 87, 10, 881, 1049, 2014, 6, 741, 24932, 30, 6464, 8, 3960, 4, 2, 2, 133, 650, 1139, 56, 410, 55, 14, 65, 2014, 14, 21, 741, 24932, 30, 6464, 6, 3960, 8, 10, 2341, 1992, 4, 2], 'label': 1, 'premise': 'The town was little more than a single main street, bordered by shops and houses.'}.
10/04/2026 14:45:17 - INFO - __main__ -   Sample 388323 of the training set: {'attention_mask': [1, 1, 1, 1, 1, 1, 1, 1, 1, 1, 1, 1, 1, 1, 1, 1, 1, 1, 1, 1, 1, 1, 1, 1, 1, 1, 1, 1, 1, 1, 1, 1, 1, 1, 1, 1, 1, 1, 1, 1, 1, 1, 1, 1, 1, 1, 1, 1, 1, 1, 1, 1], 'hypothesis': 'Gisleburtus destroyed the tympanum of Jesus.', 'idx': 388323, 'input_ids': [0, 45943, 5772, 108, 1730, 16, 10, 5862, 11, 116, 5514, 25120, 14, 3649, 14, 5, 13152, 6195, 260, 783, 21, 5, 173, 9, 65, 313, 6, 272, 20491, 6747, 687, 36, 38981, 6747, 322, 2, 2, 534, 20491, 428, 7363, 687, 4957, 5, 13152, 6195, 260, 783, 9, 5772, 4, 2], 'label': 2, 'premise': "Below Jesus' feet is a Latin in?\xadscription that suggests that the tympanum was the work of one man, Gislebertus (Gilbert)."}.
10/04/2026 14:45:17 - INFO - __main__ -   Sample 285929 of the training set: {'attention_mask': [1, 1, 1, 1, 1, 1, 1, 1, 1, 1, 1, 1, 1, 1, 1, 1, 1, 1, 1, 1, 1, 1, 1, 1, 1, 1, 1, 1, 1, 1, 1, 1, 1, 1, 1, 1, 1, 1, 1, 1, 1, 1, 1, 1, 1, 1, 1, 1, 1, 1, 1, 1, 1, 1, 1, 1, 1, 1, 1, 1, 1, 1, 1, 1, 1, 1, 1, 1, 1, 1, 1, 1, 1, 1, 1, 1, 1, 1, 1, 1, 1, 1, 1, 1, 1, 1, 1, 1, 1, 1, 1, 1, 1, 1, 1, 1, 1, 1, 1, 1, 1, 1, 1, 1, 1, 1, 1, 1, 1, 1, 1, 1, 1, 1, 1, 1], 'hypothesis': "Critics appreciated the book of the scientist Richard Rhodes, which succeeded in explaining very carefully the mad-cow disease and other digressions, but it hasn't won any prize yet.", 'idx': 285929, 'input_ids': [0, 250, 750, 9, 7758, 12, 31645, 2199, 30, 3142, 2866, 3331, 2431, 16635, 36, 20, 11102, 9, 5, 30169, 14521, 32801, 11943, 8249, 16635, 108, 44876, 22907, 14086, 9, 2632, 12987, 27895, 25, 157, 25, 39, 1186, 5579, 627, 1040, 1171, 8512, 5224, 2485, 15, 559, 8, 17205, 12049, 8, 10, 2810, 15, 5, 4220, 3817, 10, 12821, 9421, 12, 5189, 3827, 15, 5, 2199, 54, 682, 4407, 2181, 7, 13200, 24472, 10, 410, 2143, 4, 2, 2, 47312, 10874, 5, 1040, 9, 5, 9744, 2431, 16635, 6, 61, 13227, 11, 8926, 182, 7015, 5, 7758, 12, 31645, 2199, 8, 97, 8512, 5224, 2485, 6, 53, 24, 2282, 75, 351, 143, 4588, 648, 4, 2], 'label': 1, 'premise': "A history of mad-cow disease by veteran science writer Richard Rhodes ( The Making of the Atomic Bomb ). Critics praise Rhodes' lucid explication of complex virology as well as his range--the book includes digressions on political and literary themes and a section on the scandal surrounding a Nobel Prize-winning expert on the disease who recently pleaded guilty to molesting a little boy."}.
[INFO|trainer.py:420] 2026-10-04 14:45:18,363 >> Using amp fp16 backend
/work/unify-parameter-efficient-tuning/src/transformers/trainer.py:430: FutureWarning: `torch.cuda.amp.GradScaler(args...)` is deprecated. Please use `torch.amp.GradScaler('cuda', args...)` instead.
  self.scaler = torch.cuda.amp.GradScaler()
[INFO|trainer.py:520] 2026-10-04 14:45:18,364 >> The following columns in the training set  don't have a corresponding argument in `PETLEncModel.forward` and have been ignored: hypothesis, premise, idx.
[INFO|trainer.py:1183] 2026-10-04 14:45:19,091 >> ***** Running training *****
[INFO|trainer.py:1184] 2026-10-04 14:45:19,091 >>   Num examples = 392702
[INFO|trainer.py:1185] 2026-10-04 14:45:19,091 >>   Num Epochs = 10
[INFO|trainer.py:1186] 2026-10-04 14:45:19,091 >>   Instantaneous batch size per device = 32
[INFO|trainer.py:1187] 2026-10-04 14:45:19,091 >>   Total train batch size (w. parallel, distributed & accumulation) = 32
[INFO|trainer.py:1188] 2026-10-04 14:45:19,091 >>   Gradient Accumulation steps = 1
[INFO|trainer.py:1189] 2026-10-04 14:45:19,091 >>   Total optimization steps = 122720
/work/unify-parameter-efficient-tuning/src/transformers/trainer.py:1784: FutureWarning: `torch.cuda.amp.autocast(args...)` is deprecated. Please use `torch.amp.autocast('cuda', args...)` instead.
  with autocast():
{'loss': 1.1162, 'learning_rate': 6.789788158609453e-07, 'epoch': 0.0}
{'loss': 1.0994, 'learning_rate': 1.3579576317218905e-06, 'epoch': 0.01}
{'loss': 1.1057, 'learning_rate': 2.0369364475828354e-06, 'epoch': 0.01}
{'loss': 1.1113, 'learning_rate': 2.715915263443781e-06, 'epoch': 0.02}
{'loss': 1.1114, 'learning_rate': 3.3948940793047257e-06, 'epoch': 0.02}
{'loss': 1.1098, 'learning_rate': 4.073872895165671e-06, 'epoch': 0.02}
{'loss': 1.1042, 'learning_rate': 4.752851711026616e-06, 'epoch': 0.03}
{'loss': 1.1092, 'learning_rate': 5.431830526887562e-06, 'epoch': 0.03}
{'loss': 1.1103, 'learning_rate': 6.110809342748506e-06, 'epoch': 0.04}
{'loss': 1.1063, 'learning_rate': 6.7897881586094514e-06, 'epoch': 0.04}
{'loss': 1.1087, 'learning_rate': 7.468766974470397e-06, 'epoch': 0.04}
{'loss': 1.1047, 'learning_rate': 8.147745790331342e-06, 'epoch': 0.05}
{'loss': 1.1112, 'learning_rate': 8.826724606192287e-06, 'epoch': 0.05}
{'loss': 1.1063, 'learning_rate': 9.505703422053232e-06, 'epoch': 0.06}
{'loss': 1.1033, 'learning_rate': 1.0184682237914179e-05, 'epoch': 0.06}
{'loss': 1.101, 'learning_rate': 1.0863661053775124e-05, 'epoch': 0.07}
{'loss': 1.1035, 'learning_rate': 1.1542639869636067e-05, 'epoch': 0.07}
{'loss': 1.1025, 'learning_rate': 1.2221618685497013e-05, 'epoch': 0.07}
{'loss': 1.0977, 'learning_rate': 1.2900597501357958e-05, 'epoch': 0.08}
{'loss': 1.1035, 'learning_rate': 1.3579576317218903e-05, 'epoch': 0.08}
{'loss': 1.1023, 'learning_rate': 1.4258555133079848e-05, 'epoch': 0.09}
{'loss': 1.1013, 'learning_rate': 1.4937533948940793e-05, 'epoch': 0.09}
{'loss': 1.1007, 'learning_rate': 1.561651276480174e-05, 'epoch': 0.09}
{'loss': 1.0995, 'learning_rate': 1.6295491580662683e-05, 'epoch': 0.1}
{'loss': 1.0976, 'learning_rate': 1.6974470396523627e-05, 'epoch': 0.1}
{'loss': 1.1, 'learning_rate': 1.7653449212384574e-05, 'epoch': 0.11}
{'loss': 1.0983, 'learning_rate': 1.8332428028245517e-05, 'epoch': 0.11}
{'loss': 1.0995, 'learning_rate': 1.8997827267789246e-05, 'epoch': 0.11}
{'loss': 1.0988, 'learning_rate': 1.967680608365019e-05, 'epoch': 0.12}
{'loss': 1.0996, 'learning_rate': 2.0355784899511136e-05, 'epoch': 0.12}
{'loss': 1.094, 'learning_rate': 2.103476371537208e-05, 'epoch': 0.13}
{'loss': 1.093, 'learning_rate': 2.1700162954915806e-05, 'epoch': 0.13}
{'loss': 1.0942, 'learning_rate': 2.2379141770776756e-05, 'epoch': 0.13}
{'loss': 1.0846, 'learning_rate': 2.30581205866377e-05, 'epoch': 0.14}
{'loss': 1.075, 'learning_rate': 2.3737099402498643e-05, 'epoch': 0.14}
{'loss': 1.057, 'learning_rate': 2.441607821835959e-05, 'epoch': 0.15}
{'loss': 1.0409, 'learning_rate': 2.5095057034220533e-05, 'epoch': 0.15}
{'loss': 1.015, 'learning_rate': 2.577403585008148e-05, 'epoch': 0.15}
{'loss': 0.9899, 'learning_rate': 2.6453014665942423e-05, 'epoch': 0.16}
{'loss': 0.9852, 'learning_rate': 2.713199348180337e-05, 'epoch': 0.16}
{'loss': 0.9653, 'learning_rate': 2.781097229766431e-05, 'epoch': 0.17}
{'loss': 0.936, 'learning_rate': 2.848995111352526e-05, 'epoch': 0.17}
{'loss': 0.9006, 'learning_rate': 2.9168929929386207e-05, 'epoch': 0.18}
{'loss': 0.8819, 'learning_rate': 2.984790874524715e-05, 'epoch': 0.18}
{'loss': 0.8709, 'learning_rate': 3.05268875611081e-05, 'epoch': 0.18}
{'loss': 0.8681, 'learning_rate': 3.120586637696904e-05, 'epoch': 0.19}
{'loss': 0.8493, 'learning_rate': 3.1884845192829984e-05, 'epoch': 0.19}
{'loss': 0.829, 'learning_rate': 3.256382400869093e-05, 'epoch': 0.2}
{'loss': 0.8113, 'learning_rate': 3.324280282455188e-05, 'epoch': 0.2}
{'loss': 0.7981, 'learning_rate': 3.392178164041282e-05, 'epoch': 0.2}
{'loss': 0.7943, 'learning_rate': 3.4600760456273765e-05, 'epoch': 0.21}
{'loss': 0.7966, 'learning_rate': 3.527973927213471e-05, 'epoch': 0.21}
{'loss': 0.7813, 'learning_rate': 3.595871808799566e-05, 'epoch': 0.22}
{'loss': 0.7803, 'learning_rate': 3.66376969038566e-05, 'epoch': 0.22}
{'loss': 0.7623, 'learning_rate': 3.7316675719717546e-05, 'epoch': 0.22}
{'loss': 0.7377, 'learning_rate': 3.799565453557849e-05, 'epoch': 0.23}
{'loss': 0.7292, 'learning_rate': 3.867463335143944e-05, 'epoch': 0.23}
{'loss': 0.6991, 'learning_rate': 3.935361216730038e-05, 'epoch': 0.24}
{'loss': 0.7127, 'learning_rate': 4.0032590983161326e-05, 'epoch': 0.24}
{'loss': 0.6983, 'learning_rate': 4.071156979902227e-05, 'epoch': 0.24}
{'loss': 0.7024, 'learning_rate': 4.139054861488322e-05, 'epoch': 0.25}
{'loss': 0.7094, 'learning_rate': 4.206952743074416e-05, 'epoch': 0.25}
{'loss': 0.671, 'learning_rate': 4.274850624660511e-05, 'epoch': 0.26}
{'loss': 0.7222, 'learning_rate': 4.3427485062466054e-05, 'epoch': 0.26}
{'loss': 0.6852, 'learning_rate': 4.4106463878327e-05, 'epoch': 0.26}
{'loss': 0.687, 'learning_rate': 4.478544269418795e-05, 'epoch': 0.27}
{'loss': 0.6835, 'learning_rate': 4.546442151004889e-05, 'epoch': 0.27}
{'loss': 0.6732, 'learning_rate': 4.6143400325909834e-05, 'epoch': 0.28}
{'loss': 0.6891, 'learning_rate': 4.682237914177078e-05, 'epoch': 0.28}
{'loss': 0.6802, 'learning_rate': 4.750135795763173e-05, 'epoch': 0.29}
{'loss': 0.6628, 'learning_rate': 4.818033677349267e-05, 'epoch': 0.29}
{'loss': 0.6965, 'learning_rate': 4.8859315589353615e-05, 'epoch': 0.29}
{'loss': 0.6769, 'learning_rate': 4.9538294405214555e-05, 'epoch': 0.3}
{'loss': 0.6239, 'learning_rate': 5.02172732210755e-05, 'epoch': 0.3}
{'loss': 0.6672, 'learning_rate': 5.0896252036936455e-05, 'epoch': 0.31}
{'loss': 0.6541, 'learning_rate': 5.1575230852797395e-05, 'epoch': 0.31}
{'loss': 0.6308, 'learning_rate': 5.2254209668658335e-05, 'epoch': 0.31}
{'loss': 0.6554, 'learning_rate': 5.293318848451928e-05, 'epoch': 0.32}
{'loss': 0.6547, 'learning_rate': 5.3612167300380236e-05, 'epoch': 0.32}
{'loss': 0.6077, 'learning_rate': 5.4291146116241176e-05, 'epoch': 0.33}
{'loss': 0.6176, 'learning_rate': 5.4970124932102116e-05, 'epoch': 0.33}
{'loss': 0.6459, 'learning_rate': 5.564910374796307e-05, 'epoch': 0.33}
{'loss': 0.6347, 'learning_rate': 5.6328082563824016e-05, 'epoch': 0.34}
{'loss': 0.6169, 'learning_rate': 5.7007061379684956e-05, 'epoch': 0.34}
{'loss': 0.635, 'learning_rate': 5.7686040195545896e-05, 'epoch': 0.35}
{'loss': 0.628, 'learning_rate': 5.836501901140685e-05, 'epoch': 0.35}
{'loss': 0.6127, 'learning_rate': 5.90439978272678e-05, 'epoch': 0.35}
{'loss': 0.6115, 'learning_rate': 5.972297664312874e-05, 'epoch': 0.36}
{'loss': 0.6171, 'learning_rate': 6.040195545898968e-05, 'epoch': 0.36}
{'loss': 0.5836, 'learning_rate': 6.108093427485063e-05, 'epoch': 0.37}
{'loss': 0.6462, 'learning_rate': 6.175991309071158e-05, 'epoch': 0.37}
{'loss': 0.6363, 'learning_rate': 6.243889190657251e-05, 'epoch': 0.37}
{'loss': 0.551, 'learning_rate': 6.311787072243346e-05, 'epoch': 0.38}
{'loss': 0.6171, 'learning_rate': 6.379684953829442e-05, 'epoch': 0.38}
{'loss': 0.5897, 'learning_rate': 6.447582835415535e-05, 'epoch': 0.39}
{'loss': 0.6202, 'learning_rate': 6.51548071700163e-05, 'epoch': 0.39}
{'loss': 0.5738, 'learning_rate': 6.583378598587724e-05, 'epoch': 0.4}
{'loss': 0.594, 'learning_rate': 6.651276480173819e-05, 'epoch': 0.4}
{'loss': 0.5848, 'learning_rate': 6.719174361759914e-05, 'epoch': 0.4}
{'loss': 0.59, 'learning_rate': 6.787072243346007e-05, 'epoch': 0.41}
{'loss': 0.5966, 'learning_rate': 6.854970124932103e-05, 'epoch': 0.41}
{'loss': 0.5914, 'learning_rate': 6.922868006518197e-05, 'epoch': 0.42}
{'loss': 0.5929, 'learning_rate': 6.990765888104291e-05, 'epoch': 0.42}
{'loss': 0.6183, 'learning_rate': 7.058663769690386e-05, 'epoch': 0.42}
{'loss': 0.6114, 'learning_rate': 7.12656165127648e-05, 'epoch': 0.43}
{'loss': 0.5786, 'learning_rate': 7.194459532862575e-05, 'epoch': 0.43}
{'loss': 0.582, 'learning_rate': 7.26235741444867e-05, 'epoch': 0.44}
{'loss': 0.5976, 'learning_rate': 7.330255296034763e-05, 'epoch': 0.44}
{'loss': 0.6147, 'learning_rate': 7.39815317762086e-05, 'epoch': 0.44}
{'loss': 0.5787, 'learning_rate': 7.466051059206953e-05, 'epoch': 0.45}
{'loss': 0.5559, 'learning_rate': 7.533948940793047e-05, 'epoch': 0.45}
{'loss': 0.574, 'learning_rate': 7.601846822379142e-05, 'epoch': 0.46}
{'loss': 0.5585, 'learning_rate': 7.668386746333514e-05, 'epoch': 0.46}
{'loss': 0.5822, 'learning_rate': 7.736284627919609e-05, 'epoch': 0.46}
{'loss': 0.5714, 'learning_rate': 7.804182509505704e-05, 'epoch': 0.47}
{'loss': 0.5679, 'learning_rate': 7.872080391091798e-05, 'epoch': 0.47}
{'loss': 0.5775, 'learning_rate': 7.939978272677893e-05, 'epoch': 0.48}
{'loss': 0.5563, 'learning_rate': 8.007876154263986e-05, 'epoch': 0.48}
{'loss': 0.5561, 'learning_rate': 8.075774035850082e-05, 'epoch': 0.48}
{'loss': 0.5719, 'learning_rate': 8.143671917436177e-05, 'epoch': 0.49}
{'loss': 0.5659, 'learning_rate': 8.21156979902227e-05, 'epoch': 0.49}
{'loss': 0.5361, 'learning_rate': 8.279467680608365e-05, 'epoch': 0.5}
{'loss': 0.5884, 'learning_rate': 8.34736556219446e-05, 'epoch': 0.5}
{'loss': 0.574, 'learning_rate': 8.415263443780554e-05, 'epoch': 0.51}
{'loss': 0.5627, 'learning_rate': 8.483161325366649e-05, 'epoch': 0.51}
{'loss': 0.5894, 'learning_rate': 8.551059206952744e-05, 'epoch': 0.51}
{'loss': 0.5689, 'learning_rate': 8.618957088538838e-05, 'epoch': 0.52}
{'loss': 0.5516, 'learning_rate': 8.686854970124932e-05, 'epoch': 0.52}
{'loss': 0.567, 'learning_rate': 8.754752851711026e-05, 'epoch': 0.53}
{'loss': 0.5691, 'learning_rate': 8.822650733297123e-05, 'epoch': 0.53}
{'loss': 0.5349, 'learning_rate': 8.890548614883216e-05, 'epoch': 0.53}
{'loss': 0.5673, 'learning_rate': 8.95844649646931e-05, 'epoch': 0.54}
{'loss': 0.5794, 'learning_rate': 9.026344378055405e-05, 'epoch': 0.54}
{'loss': 0.5365, 'learning_rate': 9.0942422596415e-05, 'epoch': 0.55}
{'loss': 0.5254, 'learning_rate': 9.162140141227595e-05, 'epoch': 0.55}
{'loss': 0.555, 'learning_rate': 9.230038022813688e-05, 'epoch': 0.55}
{'loss': 0.5392, 'learning_rate': 9.297935904399783e-05, 'epoch': 0.56}
{'loss': 0.5427, 'learning_rate': 9.365833785985879e-05, 'epoch': 0.56}
{'loss': 0.5639, 'learning_rate': 9.433731667571972e-05, 'epoch': 0.57}
{'loss': 0.5369, 'learning_rate': 9.501629549158067e-05, 'epoch': 0.57}
{'loss': 0.529, 'learning_rate': 9.569527430744161e-05, 'epoch': 0.57}
{'loss': 0.5442, 'learning_rate': 9.637425312330256e-05, 'epoch': 0.58}
{'loss': 0.5421, 'learning_rate': 9.705323193916351e-05, 'epoch': 0.58}
{'loss': 0.5223, 'learning_rate': 9.773221075502444e-05, 'epoch': 0.59}
{'loss': 0.5401, 'learning_rate': 9.84111895708854e-05, 'epoch': 0.59}
{'loss': 0.5425, 'learning_rate': 9.909016838674633e-05, 'epoch': 0.59}
{'loss': 0.5534, 'learning_rate': 9.976914720260728e-05, 'epoch': 0.6}
{'loss': 0.5142, 'learning_rate': 9.997142151253512e-05, 'epoch': 0.6}
{'loss': 0.5819, 'learning_rate': 9.992812077395195e-05, 'epoch': 0.61}
{'loss': 0.5417, 'learning_rate': 9.988482003536877e-05, 'epoch': 0.61}
{'loss': 0.5491, 'learning_rate': 9.984151929678561e-05, 'epoch': 0.62}
{'loss': 0.5175, 'learning_rate': 9.979821855820244e-05, 'epoch': 0.62}
{'loss': 0.5066, 'learning_rate': 9.975578383439093e-05, 'epoch': 0.62}
{'loss': 0.5278, 'learning_rate': 9.971248309580777e-05, 'epoch': 0.63}
{'loss': 0.5724, 'learning_rate': 9.96691823572246e-05, 'epoch': 0.63}
{'loss': 0.5307, 'learning_rate': 9.962588161864142e-05, 'epoch': 0.64}
{'loss': 0.5525, 'learning_rate': 9.958258088005826e-05, 'epoch': 0.64}
{'loss': 0.5063, 'learning_rate': 9.953928014147509e-05, 'epoch': 0.64}
{'loss': 0.5229, 'learning_rate': 9.949597940289193e-05, 'epoch': 0.65}
{'loss': 0.5618, 'learning_rate': 9.945267866430876e-05, 'epoch': 0.65}
{'loss': 0.5214, 'learning_rate': 9.940937792572558e-05, 'epoch': 0.66}
{'loss': 0.5466, 'learning_rate': 9.936607718714242e-05, 'epoch': 0.66}
{'loss': 0.5652, 'learning_rate': 9.932277644855925e-05, 'epoch': 0.66}
{'loss': 0.5152, 'learning_rate': 9.927947570997607e-05, 'epoch': 0.67}
{'loss': 0.5181, 'learning_rate': 9.923617497139291e-05, 'epoch': 0.67}
{'loss': 0.5439, 'learning_rate': 9.919287423280974e-05, 'epoch': 0.68}
{'loss': 0.508, 'learning_rate': 9.914957349422656e-05, 'epoch': 0.68}
{'loss': 0.5138, 'learning_rate': 9.910627275564341e-05, 'epoch': 0.68}
{'loss': 0.5138, 'learning_rate': 9.906297201706025e-05, 'epoch': 0.69}
{'loss': 0.4751, 'learning_rate': 9.901967127847707e-05, 'epoch': 0.69}
{'loss': 0.5388, 'learning_rate': 9.897723655466557e-05, 'epoch': 0.7}
{'loss': 0.5362, 'learning_rate': 9.893393581608239e-05, 'epoch': 0.7}
{'loss': 0.5003, 'learning_rate': 9.889063507749923e-05, 'epoch': 0.7}
{'loss': 0.5324, 'learning_rate': 9.884733433891606e-05, 'epoch': 0.71}
{'loss': 0.4948, 'learning_rate': 9.880403360033288e-05, 'epoch': 0.71}
{'loss': 0.4849, 'learning_rate': 9.876073286174972e-05, 'epoch': 0.72}
{'loss': 0.4988, 'learning_rate': 9.871743212316655e-05, 'epoch': 0.72}
{'loss': 0.4951, 'learning_rate': 9.867413138458337e-05, 'epoch': 0.73}
{'loss': 0.5117, 'learning_rate': 9.863083064600021e-05, 'epoch': 0.73}
{'loss': 0.4846, 'learning_rate': 9.858752990741704e-05, 'epoch': 0.73}
{'loss': 0.4823, 'learning_rate': 9.854422916883388e-05, 'epoch': 0.74}
{'loss': 0.5204, 'learning_rate': 9.850092843025071e-05, 'epoch': 0.74}
{'loss': 0.4736, 'learning_rate': 9.845762769166755e-05, 'epoch': 0.75}
{'loss': 0.4841, 'learning_rate': 9.841432695308437e-05, 'epoch': 0.75}
{'loss': 0.5119, 'learning_rate': 9.83710262145012e-05, 'epoch': 0.75}
{'loss': 0.5372, 'learning_rate': 9.832772547591802e-05, 'epoch': 0.76}
{'loss': 0.4921, 'learning_rate': 9.828442473733486e-05, 'epoch': 0.76}
{'loss': 0.5166, 'learning_rate': 9.824112399875169e-05, 'epoch': 0.77}
{'loss': 0.4823, 'learning_rate': 9.819782326016853e-05, 'epoch': 0.77}
{'loss': 0.5301, 'learning_rate': 9.815452252158536e-05, 'epoch': 0.77}
{'loss': 0.4733, 'learning_rate': 9.81112217830022e-05, 'epoch': 0.78}
{'loss': 0.5358, 'learning_rate': 9.806792104441902e-05, 'epoch': 0.78}
{'loss': 0.5056, 'learning_rate': 9.802462030583585e-05, 'epoch': 0.79}
{'loss': 0.5033, 'learning_rate': 9.798131956725269e-05, 'epoch': 0.79}
{'loss': 0.5034, 'learning_rate': 9.793801882866951e-05, 'epoch': 0.79}
{'loss': 0.4943, 'learning_rate': 9.789471809008634e-05, 'epoch': 0.8}
{'loss': 0.4905, 'learning_rate': 9.785141735150318e-05, 'epoch': 0.8}
{'loss': 0.479, 'learning_rate': 9.780811661292001e-05, 'epoch': 0.81}
{'loss': 0.4843, 'learning_rate': 9.776481587433685e-05, 'epoch': 0.81}
{'loss': 0.4864, 'learning_rate': 9.772151513575367e-05, 'epoch': 0.81}
{'loss': 0.4736, 'learning_rate': 9.767908041194217e-05, 'epoch': 0.82}
{'loss': 0.5064, 'learning_rate': 9.7635779673359e-05, 'epoch': 0.82}
{'loss': 0.5435, 'learning_rate': 9.759247893477583e-05, 'epoch': 0.83}
{'loss': 0.4842, 'learning_rate': 9.754917819619266e-05, 'epoch': 0.83}
{'loss': 0.4841, 'learning_rate': 9.75058774576095e-05, 'epoch': 0.84}
{'loss': 0.4692, 'learning_rate': 9.746257671902632e-05, 'epoch': 0.84}
{'loss': 0.4611, 'learning_rate': 9.741927598044315e-05, 'epoch': 0.84}
{'loss': 0.5002, 'learning_rate': 9.737597524185999e-05, 'epoch': 0.85}
{'loss': 0.5112, 'learning_rate': 9.733267450327681e-05, 'epoch': 0.85}
{'loss': 0.5082, 'learning_rate': 9.728937376469366e-05, 'epoch': 0.86}
{'loss': 0.4894, 'learning_rate': 9.724607302611048e-05, 'epoch': 0.86}
{'loss': 0.504, 'learning_rate': 9.720277228752731e-05, 'epoch': 0.86}
{'loss': 0.473, 'learning_rate': 9.715947154894415e-05, 'epoch': 0.87}
{'loss': 0.5161, 'learning_rate': 9.711617081036097e-05, 'epoch': 0.87}
{'loss': 0.4379, 'learning_rate': 9.70728700717778e-05, 'epoch': 0.88}
{'loss': 0.4666, 'learning_rate': 9.702956933319464e-05, 'epoch': 0.88}
{'loss': 0.5158, 'learning_rate': 9.698626859461146e-05, 'epoch': 0.88}
{'loss': 0.525, 'learning_rate': 9.69429678560283e-05, 'epoch': 0.89}
{'loss': 0.4947, 'learning_rate': 9.689966711744513e-05, 'epoch': 0.89}
{'loss': 0.5067, 'learning_rate': 9.685636637886196e-05, 'epoch': 0.9}
{'loss': 0.481, 'learning_rate': 9.68130656402788e-05, 'epoch': 0.9}
{'loss': 0.473, 'learning_rate': 9.676976490169562e-05, 'epoch': 0.9}
{'loss': 0.5145, 'learning_rate': 9.672646416311245e-05, 'epoch': 0.91}
{'loss': 0.4809, 'learning_rate': 9.668316342452929e-05, 'epoch': 0.91}
{'loss': 0.5152, 'learning_rate': 9.663986268594611e-05, 'epoch': 0.92}
{'loss': 0.4822, 'learning_rate': 9.659656194736295e-05, 'epoch': 0.92}
{'loss': 0.4998, 'learning_rate': 9.655326120877978e-05, 'epoch': 0.92}
{'loss': 0.5125, 'learning_rate': 9.650996047019662e-05, 'epoch': 0.93}
{'loss': 0.4822, 'learning_rate': 9.646665973161345e-05, 'epoch': 0.93}
{'loss': 0.4861, 'learning_rate': 9.642335899303028e-05, 'epoch': 0.94}
{'loss': 0.4837, 'learning_rate': 9.63800582544471e-05, 'epoch': 0.94}
{'loss': 0.4993, 'learning_rate': 9.633675751586394e-05, 'epoch': 0.95}
{'loss': 0.4368, 'learning_rate': 9.629345677728078e-05, 'epoch': 0.95}
{'loss': 0.4574, 'learning_rate': 9.62501560386976e-05, 'epoch': 0.95}
{'loss': 0.4961, 'learning_rate': 9.620685530011443e-05, 'epoch': 0.96}
{'loss': 0.4832, 'learning_rate': 9.616355456153127e-05, 'epoch': 0.96}
{'loss': 0.4757, 'learning_rate': 9.61202538229481e-05, 'epoch': 0.97}
{'loss': 0.5005, 'learning_rate': 9.607695308436494e-05, 'epoch': 0.97}
{'loss': 0.4815, 'learning_rate': 9.603365234578176e-05, 'epoch': 0.97}
{'loss': 0.5312, 'learning_rate': 9.599035160719859e-05, 'epoch': 0.98}
{'loss': 0.5017, 'learning_rate': 9.594705086861543e-05, 'epoch': 0.98}
{'loss': 0.509, 'learning_rate': 9.590375013003225e-05, 'epoch': 0.99}
{'loss': 0.4602, 'learning_rate': 9.586044939144908e-05, 'epoch': 0.99}
{'loss': 0.4758, 'learning_rate': 9.58171486528659e-05, 'epoch': 0.99}
{'loss': 0.4969, 'learning_rate': 9.577384791428275e-05, 'epoch': 1.0}
[INFO|trainer.py:520] 2026-10-04 14:50:36,734 >> The following columns in the evaluation set  don't have a corresponding argument in `PETLEncModel.forward` and have been ignored: hypothesis, premise, idx.
[INFO|trainer.py:2179] 2026-10-04 14:50:36,737 >> ***** Running Evaluation *****
[INFO|trainer.py:2181] 2026-10-04 14:50:36,737 >>   Num examples = 9815
[INFO|trainer.py:2184] 2026-10-04 14:50:36,737 >>   Batch size = 32
{'eval_loss': 0.41926077008247375, 'eval_accuracy': 0.8386143657666837, 'eval_runtime': 10.5498, 'eval_samples_per_second': 930.351, 'eval_steps_per_second': 29.1, 'epoch': 1.0}
[INFO|trainer.py:1933] 2026-10-04 14:50:47,288 >> Saving model checkpoint to checkpoints/glue/mnli/20261004/glue.mnli.lora.am_lora.ao_none.fm_none.fo_none.abn.fbn.ac_add.fl_none.finit_bert.fs_1.unfrz_ef_.ne10.warm0.06.wd0.1.seed42./checkpoint-12272
[INFO|configuration_utils.py:364] 2026-10-04 14:50:47,290 >> Configuration saved in checkpoints/glue/mnli/20261004/glue.mnli.lora.am_lora.ao_none.fm_none.fo_none.abn.fbn.ac_add.fl_none.finit_bert.fs_1.unfrz_ef_.ne10.warm0.06.wd0.1.seed42./checkpoint-12272/config.json
[INFO|modeling_utils.py:898] 2026-10-04 14:50:47,546 >> Model weights saved in checkpoints/glue/mnli/20261004/glue.mnli.lora.am_lora.ao_none.fm_none.fo_none.abn.fbn.ac_add.fl_none.finit_bert.fs_1.unfrz_ef_.ne10.warm0.06.wd0.1.seed42./checkpoint-12272/pytorch_model.bin
[INFO|tokenization_utils_base.py:1948] 2026-10-04 14:50:47,548 >> tokenizer config file saved in checkpoints/glue/mnli/20261004/glue.mnli.lora.am_lora.ao_none.fm_none.fo_none.abn.fbn.ac_add.fl_none.finit_bert.fs_1.unfrz_ef_.ne10.warm0.06.wd0.1.seed42./checkpoint-12272/tokenizer_config.json
[INFO|tokenization_utils_base.py:1954] 2026-10-04 14:50:47,548 >> Special tokens file saved in checkpoints/glue/mnli/20261004/glue.mnli.lora.am_lora.ao_none.fm_none.fo_none.abn.fbn.ac_add.fl_none.finit_bert.fs_1.unfrz_ef_.ne10.warm0.06.wd0.1.seed42./checkpoint-12272/special_tokens_map.json
/work/unify-parameter-efficient-tuning/src/transformers/trainer.py:1784: FutureWarning: `torch.cuda.amp.autocast(args...)` is deprecated. Please use `torch.amp.autocast('cuda', args...)` instead.
  with autocast():
{'loss': 0.4711, 'learning_rate': 9.573054717569959e-05, 'epoch': 1.0}
{'loss': 0.4941, 'learning_rate': 9.568724643711641e-05, 'epoch': 1.01}
{'loss': 0.4869, 'learning_rate': 9.564394569853324e-05, 'epoch': 1.01}
{'loss': 0.4636, 'learning_rate': 9.560064495995008e-05, 'epoch': 1.01}
{'loss': 0.4544, 'learning_rate': 9.55573442213669e-05, 'epoch': 1.02}
{'loss': 0.5132, 'learning_rate': 9.551404348278373e-05, 'epoch': 1.02}
{'loss': 0.4897, 'learning_rate': 9.547074274420057e-05, 'epoch': 1.03}
{'loss': 0.4703, 'learning_rate': 9.542744200561739e-05, 'epoch': 1.03}
{'loss': 0.4903, 'learning_rate': 9.538414126703422e-05, 'epoch': 1.03}
{'loss': 0.4808, 'learning_rate': 9.534084052845107e-05, 'epoch': 1.04}
{'loss': 0.4789, 'learning_rate': 9.52975397898679e-05, 'epoch': 1.04}
{'loss': 0.4985, 'learning_rate': 9.525423905128473e-05, 'epoch': 1.05}
{'loss': 0.4615, 'learning_rate': 9.521093831270156e-05, 'epoch': 1.05}
{'loss': 0.4627, 'learning_rate': 9.516763757411838e-05, 'epoch': 1.06}
{'loss': 0.4778, 'learning_rate': 9.512433683553522e-05, 'epoch': 1.06}
{'loss': 0.4946, 'learning_rate': 9.508103609695204e-05, 'epoch': 1.06}
{'loss': 0.4759, 'learning_rate': 9.503773535836887e-05, 'epoch': 1.07}
{'loss': 0.473, 'learning_rate': 9.499443461978571e-05, 'epoch': 1.07}
{'loss': 0.4942, 'learning_rate': 9.495113388120254e-05, 'epoch': 1.08}
{'loss': 0.4445, 'learning_rate': 9.490783314261938e-05, 'epoch': 1.08}
{'loss': 0.4476, 'learning_rate': 9.486453240403621e-05, 'epoch': 1.08}
{'loss': 0.4743, 'learning_rate': 9.482123166545303e-05, 'epoch': 1.09}
{'loss': 0.4775, 'learning_rate': 9.477793092686987e-05, 'epoch': 1.09}
{'loss': 0.4471, 'learning_rate': 9.473463018828669e-05, 'epoch': 1.1}
{'loss': 0.466, 'learning_rate': 9.469132944970353e-05, 'epoch': 1.1}
{'loss': 0.481, 'learning_rate': 9.464802871112036e-05, 'epoch': 1.1}
{'loss': 0.4628, 'learning_rate': 9.460559398730885e-05, 'epoch': 1.11}
{'loss': 0.4676, 'learning_rate': 9.456229324872568e-05, 'epoch': 1.11}
{'loss': 0.4734, 'learning_rate': 9.451899251014252e-05, 'epoch': 1.12}
{'loss': 0.4995, 'learning_rate': 9.447569177155935e-05, 'epoch': 1.12}
{'loss': 0.4553, 'learning_rate': 9.443239103297619e-05, 'epoch': 1.12}
{'loss': 0.4706, 'learning_rate': 9.438909029439302e-05, 'epoch': 1.13}
{'loss': 0.4551, 'learning_rate': 9.434578955580984e-05, 'epoch': 1.13}
{'loss': 0.4651, 'learning_rate': 9.430248881722668e-05, 'epoch': 1.14}
{'loss': 0.4579, 'learning_rate': 9.425918807864351e-05, 'epoch': 1.14}
{'loss': 0.4326, 'learning_rate': 9.421588734006033e-05, 'epoch': 1.14}
{'loss': 0.4443, 'learning_rate': 9.417258660147717e-05, 'epoch': 1.15}
{'loss': 0.4669, 'learning_rate': 9.412928586289399e-05, 'epoch': 1.15}
{'loss': 0.4241, 'learning_rate': 9.408598512431084e-05, 'epoch': 1.16}
{'loss': 0.4764, 'learning_rate': 9.404268438572767e-05, 'epoch': 1.16}
{'loss': 0.4549, 'learning_rate': 9.39993836471445e-05, 'epoch': 1.17}
{'loss': 0.4396, 'learning_rate': 9.395608290856133e-05, 'epoch': 1.17}
{'loss': 0.4944, 'learning_rate': 9.391278216997816e-05, 'epoch': 1.17}
{'loss': 0.4793, 'learning_rate': 9.386948143139499e-05, 'epoch': 1.18}
{'loss': 0.4345, 'learning_rate': 9.382618069281182e-05, 'epoch': 1.18}
{'loss': 0.4962, 'learning_rate': 9.378287995422866e-05, 'epoch': 1.19}
{'loss': 0.4164, 'learning_rate': 9.373957921564548e-05, 'epoch': 1.19}
{'loss': 0.4364, 'learning_rate': 9.369627847706231e-05, 'epoch': 1.19}
{'loss': 0.4705, 'learning_rate': 9.365297773847916e-05, 'epoch': 1.2}
{'loss': 0.4738, 'learning_rate': 9.360967699989598e-05, 'epoch': 1.2}
{'loss': 0.4877, 'learning_rate': 9.356637626131282e-05, 'epoch': 1.21}
{'loss': 0.4558, 'learning_rate': 9.352307552272964e-05, 'epoch': 1.21}
{'loss': 0.4581, 'learning_rate': 9.347977478414647e-05, 'epoch': 1.21}
{'loss': 0.4475, 'learning_rate': 9.34364740455633e-05, 'epoch': 1.22}
{'loss': 0.4508, 'learning_rate': 9.339317330698013e-05, 'epoch': 1.22}
{'loss': 0.4505, 'learning_rate': 9.334987256839696e-05, 'epoch': 1.23}
{'loss': 0.4505, 'learning_rate': 9.33065718298138e-05, 'epoch': 1.23}
{'loss': 0.4536, 'learning_rate': 9.326327109123063e-05, 'epoch': 1.23}
{'loss': 0.4515, 'learning_rate': 9.321997035264747e-05, 'epoch': 1.24}
{'loss': 0.4266, 'learning_rate': 9.317666961406429e-05, 'epoch': 1.24}
{'loss': 0.4695, 'learning_rate': 9.313336887548112e-05, 'epoch': 1.25}
{'loss': 0.47, 'learning_rate': 9.309006813689796e-05, 'epoch': 1.25}
{'loss': 0.4865, 'learning_rate': 9.304676739831478e-05, 'epoch': 1.25}
{'loss': 0.4576, 'learning_rate': 9.300346665973161e-05, 'epoch': 1.26}
{'loss': 0.4367, 'learning_rate': 9.296016592114845e-05, 'epoch': 1.26}
{'loss': 0.4645, 'learning_rate': 9.291686518256528e-05, 'epoch': 1.27}
{'loss': 0.4444, 'learning_rate': 9.287356444398212e-05, 'epoch': 1.27}
{'loss': 0.4719, 'learning_rate': 9.283026370539895e-05, 'epoch': 1.28}
{'loss': 0.4156, 'learning_rate': 9.278696296681577e-05, 'epoch': 1.28}
{'loss': 0.4614, 'learning_rate': 9.274366222823261e-05, 'epoch': 1.28}
{'loss': 0.4606, 'learning_rate': 9.270036148964944e-05, 'epoch': 1.29}
{'loss': 0.4389, 'learning_rate': 9.265706075106626e-05, 'epoch': 1.29}
{'loss': 0.4399, 'learning_rate': 9.261462602725477e-05, 'epoch': 1.3}
{'loss': 0.4378, 'learning_rate': 9.257132528867159e-05, 'epoch': 1.3}
{'loss': 0.4578, 'learning_rate': 9.252802455008842e-05, 'epoch': 1.3}
{'loss': 0.4371, 'learning_rate': 9.248472381150526e-05, 'epoch': 1.31}
{'loss': 0.4693, 'learning_rate': 9.244142307292208e-05, 'epoch': 1.31}
{'loss': 0.4533, 'learning_rate': 9.239812233433893e-05, 'epoch': 1.32}
{'loss': 0.4549, 'learning_rate': 9.235482159575576e-05, 'epoch': 1.32}
{'loss': 0.4497, 'learning_rate': 9.231152085717258e-05, 'epoch': 1.32}
{'loss': 0.4601, 'learning_rate': 9.226822011858942e-05, 'epoch': 1.33}
{'loss': 0.4531, 'learning_rate': 9.222491938000625e-05, 'epoch': 1.33}
{'loss': 0.4438, 'learning_rate': 9.218161864142307e-05, 'epoch': 1.34}
{'loss': 0.4747, 'learning_rate': 9.213831790283991e-05, 'epoch': 1.34}
{'loss': 0.4755, 'learning_rate': 9.209501716425674e-05, 'epoch': 1.34}
{'loss': 0.441, 'learning_rate': 9.205171642567356e-05, 'epoch': 1.35}
{'loss': 0.473, 'learning_rate': 9.20084156870904e-05, 'epoch': 1.35}
{'loss': 0.4645, 'learning_rate': 9.196511494850725e-05, 'epoch': 1.36}
{'loss': 0.4631, 'learning_rate': 9.192181420992407e-05, 'epoch': 1.36}
{'loss': 0.4742, 'learning_rate': 9.18785134713409e-05, 'epoch': 1.36}
{'loss': 0.453, 'learning_rate': 9.183521273275772e-05, 'epoch': 1.37}
{'loss': 0.4546, 'learning_rate': 9.179191199417456e-05, 'epoch': 1.37}
{'loss': 0.4296, 'learning_rate': 9.17486112555914e-05, 'epoch': 1.38}
{'loss': 0.471, 'learning_rate': 9.170531051700821e-05, 'epoch': 1.38}
{'loss': 0.4704, 'learning_rate': 9.166200977842505e-05, 'epoch': 1.39}
{'loss': 0.4364, 'learning_rate': 9.161870903984188e-05, 'epoch': 1.39}
{'loss': 0.4037, 'learning_rate': 9.157540830125872e-05, 'epoch': 1.39}
{'loss': 0.4742, 'learning_rate': 9.153210756267555e-05, 'epoch': 1.4}
{'loss': 0.4611, 'learning_rate': 9.148880682409237e-05, 'epoch': 1.4}
{'loss': 0.4345, 'learning_rate': 9.144550608550921e-05, 'epoch': 1.41}
{'loss': 0.4399, 'learning_rate': 9.140220534692604e-05, 'epoch': 1.41}
{'loss': 0.4722, 'learning_rate': 9.135890460834287e-05, 'epoch': 1.41}
{'loss': 0.437, 'learning_rate': 9.13156038697597e-05, 'epoch': 1.42}
{'loss': 0.4462, 'learning_rate': 9.127230313117654e-05, 'epoch': 1.42}
{'loss': 0.4142, 'learning_rate': 9.122900239259337e-05, 'epoch': 1.43}
{'loss': 0.4443, 'learning_rate': 9.11857016540102e-05, 'epoch': 1.43}
{'loss': 0.4397, 'learning_rate': 9.114240091542704e-05, 'epoch': 1.43}
{'loss': 0.4466, 'learning_rate': 9.109910017684386e-05, 'epoch': 1.44}
{'loss': 0.3966, 'learning_rate': 9.10557994382607e-05, 'epoch': 1.44}
{'loss': 0.4606, 'learning_rate': 9.101249869967753e-05, 'epoch': 1.45}
{'loss': 0.4594, 'learning_rate': 9.096919796109435e-05, 'epoch': 1.45}
{'loss': 0.4597, 'learning_rate': 9.092589722251119e-05, 'epoch': 1.45}
{'loss': 0.4159, 'learning_rate': 9.088259648392802e-05, 'epoch': 1.46}
{'loss': 0.4244, 'learning_rate': 9.083929574534486e-05, 'epoch': 1.46}
{'loss': 0.4543, 'learning_rate': 9.079599500676169e-05, 'epoch': 1.47}
{'loss': 0.441, 'learning_rate': 9.075269426817851e-05, 'epoch': 1.47}
{'loss': 0.4556, 'learning_rate': 9.070939352959535e-05, 'epoch': 1.47}
{'loss': 0.4326, 'learning_rate': 9.066609279101218e-05, 'epoch': 1.48}
{'loss': 0.4283, 'learning_rate': 9.0622792052429e-05, 'epoch': 1.48}
{'loss': 0.4425, 'learning_rate': 9.057949131384584e-05, 'epoch': 1.49}
{'loss': 0.4251, 'learning_rate': 9.053619057526266e-05, 'epoch': 1.49}
{'loss': 0.4423, 'learning_rate': 9.049288983667949e-05, 'epoch': 1.5}
{'loss': 0.4421, 'learning_rate': 9.044958909809634e-05, 'epoch': 1.5}
{'loss': 0.4726, 'learning_rate': 9.040628835951316e-05, 'epoch': 1.5}
{'loss': 0.4686, 'learning_rate': 9.036298762093e-05, 'epoch': 1.51}
{'loss': 0.4615, 'learning_rate': 9.031968688234683e-05, 'epoch': 1.51}
{'loss': 0.4312, 'learning_rate': 9.027638614376365e-05, 'epoch': 1.52}
{'loss': 0.4414, 'learning_rate': 9.023308540518049e-05, 'epoch': 1.52}
{'loss': 0.4567, 'learning_rate': 9.018978466659732e-05, 'epoch': 1.52}
{'loss': 0.4451, 'learning_rate': 9.014648392801414e-05, 'epoch': 1.53}
{'loss': 0.4555, 'learning_rate': 9.010318318943098e-05, 'epoch': 1.53}
{'loss': 0.4592, 'learning_rate': 9.005988245084781e-05, 'epoch': 1.54}
{'loss': 0.424, 'learning_rate': 9.001658171226465e-05, 'epoch': 1.54}
{'loss': 0.4501, 'learning_rate': 8.997328097368148e-05, 'epoch': 1.54}
{'loss': 0.4306, 'learning_rate': 8.992998023509832e-05, 'epoch': 1.55}
{'loss': 0.4538, 'learning_rate': 8.988667949651514e-05, 'epoch': 1.55}
{'loss': 0.4142, 'learning_rate': 8.984337875793197e-05, 'epoch': 1.56}
{'loss': 0.4207, 'learning_rate': 8.98000780193488e-05, 'epoch': 1.56}
{'loss': 0.4617, 'learning_rate': 8.975677728076563e-05, 'epoch': 1.56}
{'loss': 0.4275, 'learning_rate': 8.971347654218246e-05, 'epoch': 1.57}
{'loss': 0.463, 'learning_rate': 8.96701758035993e-05, 'epoch': 1.57}
{'loss': 0.4618, 'learning_rate': 8.962687506501613e-05, 'epoch': 1.58}
{'loss': 0.4334, 'learning_rate': 8.958357432643297e-05, 'epoch': 1.58}
{'loss': 0.4712, 'learning_rate': 8.954027358784979e-05, 'epoch': 1.58}
{'loss': 0.4565, 'learning_rate': 8.949697284926662e-05, 'epoch': 1.59}
{'loss': 0.4525, 'learning_rate': 8.945367211068345e-05, 'epoch': 1.59}
{'loss': 0.4438, 'learning_rate': 8.941037137210028e-05, 'epoch': 1.6}
{'loss': 0.4404, 'learning_rate': 8.936707063351712e-05, 'epoch': 1.6}
{'loss': 0.437, 'learning_rate': 8.932376989493395e-05, 'epoch': 1.61}
{'loss': 0.4257, 'learning_rate': 8.928046915635078e-05, 'epoch': 1.61}
{'loss': 0.4283, 'learning_rate': 8.923716841776762e-05, 'epoch': 1.61}
{'loss': 0.4507, 'learning_rate': 8.919386767918444e-05, 'epoch': 1.62}
{'loss': 0.446, 'learning_rate': 8.915056694060128e-05, 'epoch': 1.62}
{'loss': 0.4712, 'learning_rate': 8.910813221678978e-05, 'epoch': 1.63}
{'loss': 0.447, 'learning_rate': 8.90648314782066e-05, 'epoch': 1.63}
{'loss': 0.4298, 'learning_rate': 8.902153073962343e-05, 'epoch': 1.63}
{'loss': 0.4537, 'learning_rate': 8.897823000104027e-05, 'epoch': 1.64}
{'loss': 0.4446, 'learning_rate': 8.893492926245709e-05, 'epoch': 1.64}
{'loss': 0.4391, 'learning_rate': 8.889162852387392e-05, 'epoch': 1.65}
{'loss': 0.4166, 'learning_rate': 8.884832778529075e-05, 'epoch': 1.65}
{'loss': 0.4268, 'learning_rate': 8.880502704670758e-05, 'epoch': 1.65}
{'loss': 0.4406, 'learning_rate': 8.876172630812443e-05, 'epoch': 1.66}
{'loss': 0.424, 'learning_rate': 8.871842556954125e-05, 'epoch': 1.66}
{'loss': 0.4337, 'learning_rate': 8.867512483095808e-05, 'epoch': 1.67}
{'loss': 0.4558, 'learning_rate': 8.863182409237492e-05, 'epoch': 1.67}
{'loss': 0.4595, 'learning_rate': 8.858852335379174e-05, 'epoch': 1.67}
{'loss': 0.4399, 'learning_rate': 8.854522261520858e-05, 'epoch': 1.68}
{'loss': 0.4565, 'learning_rate': 8.850192187662541e-05, 'epoch': 1.68}
{'loss': 0.4473, 'learning_rate': 8.845862113804223e-05, 'epoch': 1.69}
{'loss': 0.4181, 'learning_rate': 8.841532039945907e-05, 'epoch': 1.69}
{'loss': 0.4583, 'learning_rate': 8.83720196608759e-05, 'epoch': 1.69}
{'loss': 0.4031, 'learning_rate': 8.832871892229274e-05, 'epoch': 1.7}
{'loss': 0.4267, 'learning_rate': 8.828541818370957e-05, 'epoch': 1.7}
{'loss': 0.4504, 'learning_rate': 8.824211744512639e-05, 'epoch': 1.71}
{'loss': 0.4331, 'learning_rate': 8.819881670654323e-05, 'epoch': 1.71}
{'loss': 0.4385, 'learning_rate': 8.815551596796006e-05, 'epoch': 1.72}
{'loss': 0.4589, 'learning_rate': 8.811221522937688e-05, 'epoch': 1.72}
{'loss': 0.4368, 'learning_rate': 8.806891449079372e-05, 'epoch': 1.72}
{'loss': 0.4208, 'learning_rate': 8.802561375221055e-05, 'epoch': 1.73}
{'loss': 0.452, 'learning_rate': 8.798231301362739e-05, 'epoch': 1.73}
{'loss': 0.4529, 'learning_rate': 8.793901227504422e-05, 'epoch': 1.74}
{'loss': 0.4774, 'learning_rate': 8.789571153646104e-05, 'epoch': 1.74}
{'loss': 0.4383, 'learning_rate': 8.785241079787788e-05, 'epoch': 1.74}
{'loss': 0.4444, 'learning_rate': 8.780911005929471e-05, 'epoch': 1.75}
{'loss': 0.4428, 'learning_rate': 8.776580932071153e-05, 'epoch': 1.75}
{'loss': 0.4593, 'learning_rate': 8.772250858212837e-05, 'epoch': 1.76}
{'loss': 0.4279, 'learning_rate': 8.76792078435452e-05, 'epoch': 1.76}
{'loss': 0.4468, 'learning_rate': 8.763590710496204e-05, 'epoch': 1.76}
{'loss': 0.4366, 'learning_rate': 8.759260636637887e-05, 'epoch': 1.77}
{'loss': 0.4462, 'learning_rate': 8.754930562779571e-05, 'epoch': 1.77}
{'loss': 0.426, 'learning_rate': 8.750600488921253e-05, 'epoch': 1.78}
{'loss': 0.4407, 'learning_rate': 8.746270415062936e-05, 'epoch': 1.78}
{'loss': 0.425, 'learning_rate': 8.74194034120462e-05, 'epoch': 1.78}
{'loss': 0.4318, 'learning_rate': 8.737610267346302e-05, 'epoch': 1.79}
{'loss': 0.4418, 'learning_rate': 8.733280193487985e-05, 'epoch': 1.79}
{'loss': 0.468, 'learning_rate': 8.729036721106834e-05, 'epoch': 1.8}
{'loss': 0.4582, 'learning_rate': 8.724706647248518e-05, 'epoch': 1.8}
{'loss': 0.4438, 'learning_rate': 8.720376573390201e-05, 'epoch': 1.8}
{'loss': 0.4548, 'learning_rate': 8.716046499531883e-05, 'epoch': 1.81}
{'loss': 0.4398, 'learning_rate': 8.711716425673567e-05, 'epoch': 1.81}
{'loss': 0.4685, 'learning_rate': 8.707386351815252e-05, 'epoch': 1.82}
{'loss': 0.4305, 'learning_rate': 8.703056277956934e-05, 'epoch': 1.82}
{'loss': 0.4389, 'learning_rate': 8.698726204098617e-05, 'epoch': 1.83}
{'loss': 0.4051, 'learning_rate': 8.6943961302403e-05, 'epoch': 1.83}
{'loss': 0.4425, 'learning_rate': 8.690066056381983e-05, 'epoch': 1.83}
{'loss': 0.4299, 'learning_rate': 8.685735982523666e-05, 'epoch': 1.84}
{'loss': 0.4521, 'learning_rate': 8.68140590866535e-05, 'epoch': 1.84}
{'loss': 0.4518, 'learning_rate': 8.677075834807032e-05, 'epoch': 1.85}
{'loss': 0.3936, 'learning_rate': 8.672745760948715e-05, 'epoch': 1.85}
{'loss': 0.4374, 'learning_rate': 8.668415687090399e-05, 'epoch': 1.85}
{'loss': 0.4448, 'learning_rate': 8.664085613232082e-05, 'epoch': 1.86}
{'loss': 0.4909, 'learning_rate': 8.659755539373766e-05, 'epoch': 1.86}
{'loss': 0.433, 'learning_rate': 8.655425465515449e-05, 'epoch': 1.87}
{'loss': 0.4506, 'learning_rate': 8.651095391657131e-05, 'epoch': 1.87}
{'loss': 0.4389, 'learning_rate': 8.646765317798815e-05, 'epoch': 1.87}
{'loss': 0.4338, 'learning_rate': 8.642435243940497e-05, 'epoch': 1.88}
{'loss': 0.4502, 'learning_rate': 8.63810517008218e-05, 'epoch': 1.88}
{'loss': 0.4572, 'learning_rate': 8.633775096223864e-05, 'epoch': 1.89}
{'loss': 0.398, 'learning_rate': 8.629445022365547e-05, 'epoch': 1.89}
{'loss': 0.4358, 'learning_rate': 8.625114948507231e-05, 'epoch': 1.89}
{'loss': 0.4146, 'learning_rate': 8.620784874648913e-05, 'epoch': 1.9}
{'loss': 0.4288, 'learning_rate': 8.616454800790596e-05, 'epoch': 1.9}
{'loss': 0.438, 'learning_rate': 8.61212472693228e-05, 'epoch': 1.91}
{'loss': 0.4216, 'learning_rate': 8.607794653073962e-05, 'epoch': 1.91}
{'loss': 0.4462, 'learning_rate': 8.603464579215646e-05, 'epoch': 1.91}
{'loss': 0.4616, 'learning_rate': 8.599134505357329e-05, 'epoch': 1.92}
{'loss': 0.4392, 'learning_rate': 8.594804431499012e-05, 'epoch': 1.92}
{'loss': 0.403, 'learning_rate': 8.590474357640696e-05, 'epoch': 1.93}
{'loss': 0.4313, 'learning_rate': 8.58614428378238e-05, 'epoch': 1.93}
{'loss': 0.4383, 'learning_rate': 8.581814209924062e-05, 'epoch': 1.94}
{'loss': 0.4578, 'learning_rate': 8.577484136065745e-05, 'epoch': 1.94}
{'loss': 0.4198, 'learning_rate': 8.573154062207428e-05, 'epoch': 1.94}
{'loss': 0.4365, 'learning_rate': 8.56882398834911e-05, 'epoch': 1.95}
{'loss': 0.4313, 'learning_rate': 8.564493914490794e-05, 'epoch': 1.95}
{'loss': 0.4292, 'learning_rate': 8.560163840632478e-05, 'epoch': 1.96}
{'loss': 0.4105, 'learning_rate': 8.55583376677416e-05, 'epoch': 1.96}
{'loss': 0.4481, 'learning_rate': 8.55159029439301e-05, 'epoch': 1.96}
{'loss': 0.4282, 'learning_rate': 8.547260220534692e-05, 'epoch': 1.97}
{'loss': 0.4624, 'learning_rate': 8.542930146676375e-05, 'epoch': 1.97}
{'loss': 0.4273, 'learning_rate': 8.53860007281806e-05, 'epoch': 1.98}
{'loss': 0.4631, 'learning_rate': 8.534269998959742e-05, 'epoch': 1.98}
{'loss': 0.4408, 'learning_rate': 8.529939925101426e-05, 'epoch': 1.98}
{'loss': 0.4654, 'learning_rate': 8.52560985124311e-05, 'epoch': 1.99}
{'loss': 0.4428, 'learning_rate': 8.521279777384792e-05, 'epoch': 1.99}
{'loss': 0.4534, 'learning_rate': 8.516949703526475e-05, 'epoch': 2.0}
[INFO|trainer.py:520] 2026-10-04 14:56:47,143 >> The following columns in the evaluation set  don't have a corresponding argument in `PETLEncModel.forward` and have been ignored: hypothesis, premise, idx.
[INFO|trainer.py:2179] 2026-10-04 14:56:47,146 >> ***** Running Evaluation *****
[INFO|trainer.py:2181] 2026-10-04 14:56:47,146 >>   Num examples = 9815
[INFO|trainer.py:2184] 2026-10-04 14:56:47,146 >>   Batch size = 32
{'eval_loss': 0.3868538737297058, 'eval_accuracy': 0.8514518593988792, 'eval_runtime': 12.0334, 'eval_samples_per_second': 815.645, 'eval_steps_per_second': 25.512, 'epoch': 2.0}
[INFO|trainer.py:1933] 2026-10-04 14:56:59,180 >> Saving model checkpoint to checkpoints/glue/mnli/20261004/glue.mnli.lora.am_lora.ao_none.fm_none.fo_none.abn.fbn.ac_add.fl_none.finit_bert.fs_1.unfrz_ef_.ne10.warm0.06.wd0.1.seed42./checkpoint-24544
[INFO|configuration_utils.py:364] 2026-10-04 14:56:59,181 >> Configuration saved in checkpoints/glue/mnli/20261004/glue.mnli.lora.am_lora.ao_none.fm_none.fo_none.abn.fbn.ac_add.fl_none.finit_bert.fs_1.unfrz_ef_.ne10.warm0.06.wd0.1.seed42./checkpoint-24544/config.json
[INFO|modeling_utils.py:898] 2026-10-04 14:56:59,412 >> Model weights saved in checkpoints/glue/mnli/20261004/glue.mnli.lora.am_lora.ao_none.fm_none.fo_none.abn.fbn.ac_add.fl_none.finit_bert.fs_1.unfrz_ef_.ne10.warm0.06.wd0.1.seed42./checkpoint-24544/pytorch_model.bin
[INFO|tokenization_utils_base.py:1948] 2026-10-04 14:56:59,413 >> tokenizer config file saved in checkpoints/glue/mnli/20261004/glue.mnli.lora.am_lora.ao_none.fm_none.fo_none.abn.fbn.ac_add.fl_none.finit_bert.fs_1.unfrz_ef_.ne10.warm0.06.wd0.1.seed42./checkpoint-24544/tokenizer_config.json
[INFO|tokenization_utils_base.py:1954] 2026-10-04 14:56:59,414 >> Special tokens file saved in checkpoints/glue/mnli/20261004/glue.mnli.lora.am_lora.ao_none.fm_none.fo_none.abn.fbn.ac_add.fl_none.finit_bert.fs_1.unfrz_ef_.ne10.warm0.06.wd0.1.seed42./checkpoint-24544/special_tokens_map.json
/work/unify-parameter-efficient-tuning/src/transformers/trainer.py:1784: FutureWarning: `torch.cuda.amp.autocast(args...)` is deprecated. Please use `torch.amp.autocast('cuda', args...)` instead.
  with autocast():
{'loss': 0.48, 'learning_rate': 8.512619629668158e-05, 'epoch': 2.0}
{'loss': 0.4047, 'learning_rate': 8.50828955580984e-05, 'epoch': 2.0}
{'loss': 0.4151, 'learning_rate': 8.503959481951524e-05, 'epoch': 2.01}
{'loss': 0.4591, 'learning_rate': 8.499629408093209e-05, 'epoch': 2.01}
{'loss': 0.4021, 'learning_rate': 8.495299334234891e-05, 'epoch': 2.02}
{'loss': 0.4626, 'learning_rate': 8.490969260376574e-05, 'epoch': 2.02}
{'loss': 0.4256, 'learning_rate': 8.486639186518257e-05, 'epoch': 2.02}
{'loss': 0.4126, 'learning_rate': 8.48230911265994e-05, 'epoch': 2.03}
{'loss': 0.3917, 'learning_rate': 8.477979038801622e-05, 'epoch': 2.03}
{'loss': 0.3999, 'learning_rate': 8.473648964943306e-05, 'epoch': 2.04}
{'loss': 0.3982, 'learning_rate': 8.469318891084989e-05, 'epoch': 2.04}
{'loss': 0.4465, 'learning_rate': 8.464988817226673e-05, 'epoch': 2.05}
{'loss': 0.4408, 'learning_rate': 8.460658743368356e-05, 'epoch': 2.05}
{'loss': 0.3997, 'learning_rate': 8.45632866951004e-05, 'epoch': 2.05}
{'loss': 0.4457, 'learning_rate': 8.451998595651722e-05, 'epoch': 2.06}
{'loss': 0.438, 'learning_rate': 8.447668521793405e-05, 'epoch': 2.06}
{'loss': 0.4333, 'learning_rate': 8.443338447935089e-05, 'epoch': 2.07}
{'loss': 0.4084, 'learning_rate': 8.439008374076771e-05, 'epoch': 2.07}
{'loss': 0.4252, 'learning_rate': 8.434678300218454e-05, 'epoch': 2.07}
{'loss': 0.4643, 'learning_rate': 8.430348226360138e-05, 'epoch': 2.08}
{'loss': 0.4276, 'learning_rate': 8.426018152501821e-05, 'epoch': 2.08}
{'loss': 0.4162, 'learning_rate': 8.421688078643505e-05, 'epoch': 2.09}
{'loss': 0.4464, 'learning_rate': 8.417358004785188e-05, 'epoch': 2.09}
{'loss': 0.4294, 'learning_rate': 8.41302793092687e-05, 'epoch': 2.09}
{'loss': 0.4253, 'learning_rate': 8.408697857068554e-05, 'epoch': 2.1}
{'loss': 0.4127, 'learning_rate': 8.404367783210237e-05, 'epoch': 2.1}
{'loss': 0.4441, 'learning_rate': 8.40003770935192e-05, 'epoch': 2.11}
{'loss': 0.4315, 'learning_rate': 8.395707635493603e-05, 'epoch': 2.11}
{'loss': 0.4104, 'learning_rate': 8.391377561635286e-05, 'epoch': 2.11}
{'loss': 0.4138, 'learning_rate': 8.38704748777697e-05, 'epoch': 2.12}
{'loss': 0.4282, 'learning_rate': 8.382717413918653e-05, 'epoch': 2.12}
{'loss': 0.3958, 'learning_rate': 8.378387340060335e-05, 'epoch': 2.13}
{'loss': 0.4532, 'learning_rate': 8.374057266202019e-05, 'epoch': 2.13}
{'loss': 0.4099, 'learning_rate': 8.369727192343701e-05, 'epoch': 2.13}
{'loss': 0.4215, 'learning_rate': 8.365397118485384e-05, 'epoch': 2.14}
{'loss': 0.4426, 'learning_rate': 8.361067044627068e-05, 'epoch': 2.14}
{'loss': 0.4154, 'learning_rate': 8.35673697076875e-05, 'epoch': 2.15}
{'loss': 0.4008, 'learning_rate': 8.3524934983876e-05, 'epoch': 2.15}
{'loss': 0.4107, 'learning_rate': 8.348163424529284e-05, 'epoch': 2.16}
{'loss': 0.4274, 'learning_rate': 8.343833350670967e-05, 'epoch': 2.16}
{'loss': 0.4177, 'learning_rate': 8.339503276812649e-05, 'epoch': 2.16}
{'loss': 0.4386, 'learning_rate': 8.335173202954333e-05, 'epoch': 2.17}
{'loss': 0.4366, 'learning_rate': 8.330843129096016e-05, 'epoch': 2.17}
{'loss': 0.4129, 'learning_rate': 8.3265130552377e-05, 'epoch': 2.18}
{'loss': 0.3833, 'learning_rate': 8.322182981379383e-05, 'epoch': 2.18}
{'loss': 0.3902, 'learning_rate': 8.317852907521065e-05, 'epoch': 2.18}
{'loss': 0.4104, 'learning_rate': 8.313522833662749e-05, 'epoch': 2.19}
{'loss': 0.4151, 'learning_rate': 8.309192759804431e-05, 'epoch': 2.19}
{'loss': 0.4145, 'learning_rate': 8.304862685946114e-05, 'epoch': 2.2}
{'loss': 0.4335, 'learning_rate': 8.300532612087798e-05, 'epoch': 2.2}
{'loss': 0.4478, 'learning_rate': 8.296202538229481e-05, 'epoch': 2.2}
{'loss': 0.4261, 'learning_rate': 8.291872464371165e-05, 'epoch': 2.21}
{'loss': 0.4289, 'learning_rate': 8.287542390512848e-05, 'epoch': 2.21}
{'loss': 0.3931, 'learning_rate': 8.28321231665453e-05, 'epoch': 2.22}
{'loss': 0.4135, 'learning_rate': 8.278882242796214e-05, 'epoch': 2.22}
{'loss': 0.4311, 'learning_rate': 8.274552168937897e-05, 'epoch': 2.22}
{'loss': 0.4379, 'learning_rate': 8.27022209507958e-05, 'epoch': 2.23}
{'loss': 0.3872, 'learning_rate': 8.265892021221263e-05, 'epoch': 2.23}
{'loss': 0.4507, 'learning_rate': 8.261561947362946e-05, 'epoch': 2.24}
{'loss': 0.4299, 'learning_rate': 8.25723187350463e-05, 'epoch': 2.24}
{'loss': 0.4388, 'learning_rate': 8.252901799646313e-05, 'epoch': 2.24}
{'loss': 0.4408, 'learning_rate': 8.248571725787997e-05, 'epoch': 2.25}
{'loss': 0.3978, 'learning_rate': 8.244241651929679e-05, 'epoch': 2.25}
{'loss': 0.4515, 'learning_rate': 8.239911578071362e-05, 'epoch': 2.26}
{'loss': 0.458, 'learning_rate': 8.235581504213046e-05, 'epoch': 2.26}
{'loss': 0.437, 'learning_rate': 8.231251430354728e-05, 'epoch': 2.27}
{'loss': 0.4046, 'learning_rate': 8.226921356496412e-05, 'epoch': 2.27}
{'loss': 0.408, 'learning_rate': 8.222591282638094e-05, 'epoch': 2.27}
{'loss': 0.4281, 'learning_rate': 8.218261208779778e-05, 'epoch': 2.28}
{'loss': 0.4374, 'learning_rate': 8.21393113492146e-05, 'epoch': 2.28}
{'loss': 0.4266, 'learning_rate': 8.209601061063144e-05, 'epoch': 2.29}
{'loss': 0.4451, 'learning_rate': 8.205270987204828e-05, 'epoch': 2.29}
{'loss': 0.4146, 'learning_rate': 8.20094091334651e-05, 'epoch': 2.29}
{'loss': 0.4044, 'learning_rate': 8.19669744096536e-05, 'epoch': 2.3}
{'loss': 0.4134, 'learning_rate': 8.192367367107043e-05, 'epoch': 2.3}
{'loss': 0.4226, 'learning_rate': 8.188037293248727e-05, 'epoch': 2.31}
{'loss': 0.4014, 'learning_rate': 8.183707219390409e-05, 'epoch': 2.31}
{'loss': 0.4048, 'learning_rate': 8.179377145532092e-05, 'epoch': 2.31}
{'loss': 0.4237, 'learning_rate': 8.175047071673776e-05, 'epoch': 2.32}
{'loss': 0.4054, 'learning_rate': 8.170716997815458e-05, 'epoch': 2.32}
{'loss': 0.4013, 'learning_rate': 8.166386923957142e-05, 'epoch': 2.33}
{'loss': 0.3913, 'learning_rate': 8.162056850098825e-05, 'epoch': 2.33}
{'loss': 0.4122, 'learning_rate': 8.157726776240508e-05, 'epoch': 2.33}
{'loss': 0.4065, 'learning_rate': 8.15339670238219e-05, 'epoch': 2.34}
{'loss': 0.4318, 'learning_rate': 8.149066628523874e-05, 'epoch': 2.34}
{'loss': 0.4219, 'learning_rate': 8.144736554665558e-05, 'epoch': 2.35}
{'loss': 0.391, 'learning_rate': 8.14040648080724e-05, 'epoch': 2.35}
{'loss': 0.4253, 'learning_rate': 8.136076406948923e-05, 'epoch': 2.35}
{'loss': 0.4127, 'learning_rate': 8.131746333090607e-05, 'epoch': 2.36}
{'loss': 0.4235, 'learning_rate': 8.12741625923229e-05, 'epoch': 2.36}
{'loss': 0.414, 'learning_rate': 8.123086185373974e-05, 'epoch': 2.37}
{'loss': 0.4206, 'learning_rate': 8.118756111515657e-05, 'epoch': 2.37}
{'loss': 0.3916, 'learning_rate': 8.114426037657339e-05, 'epoch': 2.38}
{'loss': 0.4191, 'learning_rate': 8.110095963799023e-05, 'epoch': 2.38}
{'loss': 0.4237, 'learning_rate': 8.105765889940706e-05, 'epoch': 2.38}
{'loss': 0.4138, 'learning_rate': 8.101435816082388e-05, 'epoch': 2.39}
{'loss': 0.443, 'learning_rate': 8.097105742224072e-05, 'epoch': 2.39}
{'loss': 0.4212, 'learning_rate': 8.092775668365755e-05, 'epoch': 2.4}
{'loss': 0.4526, 'learning_rate': 8.088445594507439e-05, 'epoch': 2.4}
{'loss': 0.3803, 'learning_rate': 8.084115520649122e-05, 'epoch': 2.4}
{'loss': 0.4198, 'learning_rate': 8.079785446790806e-05, 'epoch': 2.41}
{'loss': 0.4463, 'learning_rate': 8.075455372932488e-05, 'epoch': 2.41}
{'loss': 0.4262, 'learning_rate': 8.071125299074171e-05, 'epoch': 2.42}
{'loss': 0.3858, 'learning_rate': 8.066795225215853e-05, 'epoch': 2.42}
{'loss': 0.3931, 'learning_rate': 8.062465151357537e-05, 'epoch': 2.42}
{'loss': 0.4098, 'learning_rate': 8.05813507749922e-05, 'epoch': 2.43}
{'loss': 0.402, 'learning_rate': 8.053805003640902e-05, 'epoch': 2.43}
{'loss': 0.3893, 'learning_rate': 8.049474929782587e-05, 'epoch': 2.44}
{'loss': 0.4211, 'learning_rate': 8.04514485592427e-05, 'epoch': 2.44}
{'loss': 0.4317, 'learning_rate': 8.040814782065953e-05, 'epoch': 2.44}
{'loss': 0.4397, 'learning_rate': 8.036484708207636e-05, 'epoch': 2.45}
{'loss': 0.4025, 'learning_rate': 8.032154634349318e-05, 'epoch': 2.45}
{'loss': 0.4091, 'learning_rate': 8.027824560491002e-05, 'epoch': 2.46}
{'loss': 0.4222, 'learning_rate': 8.023494486632685e-05, 'epoch': 2.46}
{'loss': 0.4463, 'learning_rate': 8.019164412774367e-05, 'epoch': 2.46}
{'loss': 0.4351, 'learning_rate': 8.014834338916051e-05, 'epoch': 2.47}
{'loss': 0.4331, 'learning_rate': 8.010504265057734e-05, 'epoch': 2.47}
{'loss': 0.3947, 'learning_rate': 8.006174191199418e-05, 'epoch': 2.48}
{'loss': 0.4198, 'learning_rate': 8.001844117341101e-05, 'epoch': 2.48}
{'loss': 0.4254, 'learning_rate': 7.997514043482785e-05, 'epoch': 2.49}
{'loss': 0.4099, 'learning_rate': 7.993183969624467e-05, 'epoch': 2.49}
{'loss': 0.4323, 'learning_rate': 7.98885389576615e-05, 'epoch': 2.49}
{'loss': 0.3955, 'learning_rate': 7.984523821907834e-05, 'epoch': 2.5}
{'loss': 0.4338, 'learning_rate': 7.980193748049516e-05, 'epoch': 2.5}
{'loss': 0.4092, 'learning_rate': 7.9758636741912e-05, 'epoch': 2.51}
{'loss': 0.4385, 'learning_rate': 7.971533600332883e-05, 'epoch': 2.51}
{'loss': 0.3854, 'learning_rate': 7.967203526474566e-05, 'epoch': 2.51}
{'loss': 0.4095, 'learning_rate': 7.96287345261625e-05, 'epoch': 2.52}
{'loss': 0.3922, 'learning_rate': 7.958543378757932e-05, 'epoch': 2.52}
{'loss': 0.4145, 'learning_rate': 7.954213304899616e-05, 'epoch': 2.53}
{'loss': 0.3958, 'learning_rate': 7.949883231041298e-05, 'epoch': 2.53}
{'loss': 0.4036, 'learning_rate': 7.945553157182981e-05, 'epoch': 2.53}
{'loss': 0.4066, 'learning_rate': 7.941223083324665e-05, 'epoch': 2.54}
{'loss': 0.4134, 'learning_rate': 7.936893009466348e-05, 'epoch': 2.54}
{'loss': 0.4264, 'learning_rate': 7.932562935608032e-05, 'epoch': 2.55}
{'loss': 0.4367, 'learning_rate': 7.928232861749715e-05, 'epoch': 2.55}
{'loss': 0.4137, 'learning_rate': 7.923902787891397e-05, 'epoch': 2.55}
{'loss': 0.4072, 'learning_rate': 7.91957271403308e-05, 'epoch': 2.56}
{'loss': 0.4176, 'learning_rate': 7.915242640174764e-05, 'epoch': 2.56}
{'loss': 0.4344, 'learning_rate': 7.910912566316446e-05, 'epoch': 2.57}
{'loss': 0.4319, 'learning_rate': 7.906669093935296e-05, 'epoch': 2.57}
{'loss': 0.4093, 'learning_rate': 7.90233902007698e-05, 'epoch': 2.57}
{'loss': 0.415, 'learning_rate': 7.898008946218662e-05, 'epoch': 2.58}
{'loss': 0.4219, 'learning_rate': 7.893678872360346e-05, 'epoch': 2.58}
{'loss': 0.4199, 'learning_rate': 7.889348798502028e-05, 'epoch': 2.59}
{'loss': 0.4117, 'learning_rate': 7.885018724643712e-05, 'epoch': 2.59}
{'loss': 0.407, 'learning_rate': 7.880688650785396e-05, 'epoch': 2.6}
{'loss': 0.4289, 'learning_rate': 7.876358576927078e-05, 'epoch': 2.6}
{'loss': 0.4143, 'learning_rate': 7.872028503068762e-05, 'epoch': 2.6}
{'loss': 0.4226, 'learning_rate': 7.867698429210445e-05, 'epoch': 2.61}
{'loss': 0.4168, 'learning_rate': 7.863368355352127e-05, 'epoch': 2.61}
{'loss': 0.3757, 'learning_rate': 7.85903828149381e-05, 'epoch': 2.62}
{'loss': 0.4047, 'learning_rate': 7.854708207635494e-05, 'epoch': 2.62}
{'loss': 0.3898, 'learning_rate': 7.850378133777176e-05, 'epoch': 2.62}
{'loss': 0.3997, 'learning_rate': 7.84604805991886e-05, 'epoch': 2.63}
{'loss': 0.4323, 'learning_rate': 7.841717986060545e-05, 'epoch': 2.63}
{'loss': 0.4071, 'learning_rate': 7.837387912202227e-05, 'epoch': 2.64}
{'loss': 0.4297, 'learning_rate': 7.83305783834391e-05, 'epoch': 2.64}
{'loss': 0.4222, 'learning_rate': 7.828727764485594e-05, 'epoch': 2.64}
{'loss': 0.4054, 'learning_rate': 7.824397690627276e-05, 'epoch': 2.65}
{'loss': 0.4225, 'learning_rate': 7.820067616768959e-05, 'epoch': 2.65}
{'loss': 0.4267, 'learning_rate': 7.815737542910643e-05, 'epoch': 2.66}
{'loss': 0.4029, 'learning_rate': 7.811407469052325e-05, 'epoch': 2.66}
{'loss': 0.4385, 'learning_rate': 7.807077395194008e-05, 'epoch': 2.66}
{'loss': 0.4071, 'learning_rate': 7.802747321335692e-05, 'epoch': 2.67}
{'loss': 0.4122, 'learning_rate': 7.798417247477375e-05, 'epoch': 2.67}
{'loss': 0.4223, 'learning_rate': 7.794087173619059e-05, 'epoch': 2.68}
{'loss': 0.4282, 'learning_rate': 7.789757099760741e-05, 'epoch': 2.68}
{'loss': 0.4139, 'learning_rate': 7.785427025902424e-05, 'epoch': 2.68}
{'loss': 0.3985, 'learning_rate': 7.781096952044106e-05, 'epoch': 2.69}
{'loss': 0.4503, 'learning_rate': 7.77676687818579e-05, 'epoch': 2.69}
{'loss': 0.4322, 'learning_rate': 7.772436804327473e-05, 'epoch': 2.7}
{'loss': 0.3623, 'learning_rate': 7.768106730469157e-05, 'epoch': 2.7}
{'loss': 0.3854, 'learning_rate': 7.76377665661084e-05, 'epoch': 2.71}
{'loss': 0.3962, 'learning_rate': 7.759446582752524e-05, 'epoch': 2.71}
{'loss': 0.4239, 'learning_rate': 7.755116508894206e-05, 'epoch': 2.71}
{'loss': 0.3842, 'learning_rate': 7.75078643503589e-05, 'epoch': 2.72}
{'loss': 0.4287, 'learning_rate': 7.746456361177573e-05, 'epoch': 2.72}
{'loss': 0.4306, 'learning_rate': 7.742126287319255e-05, 'epoch': 2.73}
{'loss': 0.398, 'learning_rate': 7.737796213460938e-05, 'epoch': 2.73}
{'loss': 0.4397, 'learning_rate': 7.733466139602622e-05, 'epoch': 2.73}
{'loss': 0.4219, 'learning_rate': 7.729136065744305e-05, 'epoch': 2.74}
{'loss': 0.4179, 'learning_rate': 7.724805991885989e-05, 'epoch': 2.74}
{'loss': 0.4115, 'learning_rate': 7.720475918027672e-05, 'epoch': 2.75}
{'loss': 0.424, 'learning_rate': 7.716145844169354e-05, 'epoch': 2.75}
{'loss': 0.3913, 'learning_rate': 7.711815770311038e-05, 'epoch': 2.75}
{'loss': 0.3818, 'learning_rate': 7.707485696452721e-05, 'epoch': 2.76}
{'loss': 0.4131, 'learning_rate': 7.703155622594404e-05, 'epoch': 2.76}
{'loss': 0.4177, 'learning_rate': 7.698825548736087e-05, 'epoch': 2.77}
{'loss': 0.4194, 'learning_rate': 7.694495474877769e-05, 'epoch': 2.77}
{'loss': 0.4148, 'learning_rate': 7.690165401019453e-05, 'epoch': 2.77}
{'loss': 0.4188, 'learning_rate': 7.685835327161136e-05, 'epoch': 2.78}
{'loss': 0.4246, 'learning_rate': 7.68150525330282e-05, 'epoch': 2.78}
{'loss': 0.4404, 'learning_rate': 7.677175179444503e-05, 'epoch': 2.79}
{'loss': 0.4412, 'learning_rate': 7.672845105586185e-05, 'epoch': 2.79}
{'loss': 0.4464, 'learning_rate': 7.668515031727869e-05, 'epoch': 2.79}
{'loss': 0.4338, 'learning_rate': 7.664184957869552e-05, 'epoch': 2.8}
{'loss': 0.417, 'learning_rate': 7.659854884011234e-05, 'epoch': 2.8}
{'loss': 0.4081, 'learning_rate': 7.655524810152918e-05, 'epoch': 2.81}
{'loss': 0.3813, 'learning_rate': 7.651194736294601e-05, 'epoch': 2.81}
{'loss': 0.4333, 'learning_rate': 7.646864662436285e-05, 'epoch': 2.82}
{'loss': 0.4393, 'learning_rate': 7.642534588577968e-05, 'epoch': 2.82}
{'loss': 0.387, 'learning_rate': 7.638204514719652e-05, 'epoch': 2.82}
{'loss': 0.4189, 'learning_rate': 7.633874440861334e-05, 'epoch': 2.83}
{'loss': 0.3981, 'learning_rate': 7.629544367003017e-05, 'epoch': 2.83}
{'loss': 0.4051, 'learning_rate': 7.625214293144701e-05, 'epoch': 2.84}
{'loss': 0.4223, 'learning_rate': 7.620884219286383e-05, 'epoch': 2.84}
{'loss': 0.3968, 'learning_rate': 7.616554145428066e-05, 'epoch': 2.84}
{'loss': 0.4202, 'learning_rate': 7.61222407156975e-05, 'epoch': 2.85}
{'loss': 0.3699, 'learning_rate': 7.607893997711433e-05, 'epoch': 2.85}
{'loss': 0.3914, 'learning_rate': 7.603563923853117e-05, 'epoch': 2.86}
{'loss': 0.4048, 'learning_rate': 7.5992338499948e-05, 'epoch': 2.86}
{'loss': 0.4169, 'learning_rate': 7.594903776136482e-05, 'epoch': 2.86}
{'loss': 0.4084, 'learning_rate': 7.590573702278166e-05, 'epoch': 2.87}
{'loss': 0.3949, 'learning_rate': 7.586243628419848e-05, 'epoch': 2.87}
{'loss': 0.43, 'learning_rate': 7.581913554561531e-05, 'epoch': 2.88}
{'loss': 0.4054, 'learning_rate': 7.577583480703213e-05, 'epoch': 2.88}
{'loss': 0.4081, 'learning_rate': 7.573253406844898e-05, 'epoch': 2.88}
{'loss': 0.434, 'learning_rate': 7.568923332986582e-05, 'epoch': 2.89}
{'loss': 0.4178, 'learning_rate': 7.564593259128264e-05, 'epoch': 2.89}
{'loss': 0.4435, 'learning_rate': 7.560263185269947e-05, 'epoch': 2.9}
{'loss': 0.4215, 'learning_rate': 7.556019712888798e-05, 'epoch': 2.9}
{'loss': 0.4193, 'learning_rate': 7.551689639030481e-05, 'epoch': 2.9}
{'loss': 0.4381, 'learning_rate': 7.547359565172163e-05, 'epoch': 2.91}
{'loss': 0.4312, 'learning_rate': 7.543029491313847e-05, 'epoch': 2.91}
{'loss': 0.4436, 'learning_rate': 7.53869941745553e-05, 'epoch': 2.92}
{'loss': 0.4038, 'learning_rate': 7.534369343597212e-05, 'epoch': 2.92}
{'loss': 0.4147, 'learning_rate': 7.530039269738896e-05, 'epoch': 2.93}
{'loss': 0.3935, 'learning_rate': 7.525709195880578e-05, 'epoch': 2.93}
{'loss': 0.4235, 'learning_rate': 7.521379122022261e-05, 'epoch': 2.93}
{'loss': 0.3953, 'learning_rate': 7.517049048163945e-05, 'epoch': 2.94}
{'loss': 0.4142, 'learning_rate': 7.512718974305628e-05, 'epoch': 2.94}
{'loss': 0.4503, 'learning_rate': 7.508388900447312e-05, 'epoch': 2.95}
{'loss': 0.3914, 'learning_rate': 7.504058826588994e-05, 'epoch': 2.95}
{'loss': 0.4062, 'learning_rate': 7.499728752730677e-05, 'epoch': 2.95}
{'loss': 0.4116, 'learning_rate': 7.495398678872361e-05, 'epoch': 2.96}
{'loss': 0.4051, 'learning_rate': 7.491068605014043e-05, 'epoch': 2.96}
{'loss': 0.401, 'learning_rate': 7.486738531155726e-05, 'epoch': 2.97}
{'loss': 0.4379, 'learning_rate': 7.48240845729741e-05, 'epoch': 2.97}
{'loss': 0.4032, 'learning_rate': 7.478078383439093e-05, 'epoch': 2.97}
{'loss': 0.4257, 'learning_rate': 7.473748309580777e-05, 'epoch': 2.98}
{'loss': 0.461, 'learning_rate': 7.46941823572246e-05, 'epoch': 2.98}
{'loss': 0.4001, 'learning_rate': 7.465088161864142e-05, 'epoch': 2.99}
{'loss': 0.4092, 'learning_rate': 7.460758088005826e-05, 'epoch': 2.99}
{'loss': 0.399, 'learning_rate': 7.45642801414751e-05, 'epoch': 2.99}
{'loss': 0.3829, 'learning_rate': 7.452097940289192e-05, 'epoch': 3.0}
[INFO|trainer.py:520] 2026-10-04 15:03:12,327 >> The following columns in the evaluation set  don't have a corresponding argument in `PETLEncModel.forward` and have been ignored: hypothesis, premise, idx.
[INFO|trainer.py:2179] 2026-10-04 15:03:12,329 >> ***** Running Evaluation *****
[INFO|trainer.py:2181] 2026-10-04 15:03:12,329 >>   Num examples = 9815
[INFO|trainer.py:2184] 2026-10-04 15:03:12,329 >>   Batch size = 32
{'eval_loss': 0.3731095790863037, 'eval_accuracy': 0.8606214977075904, 'eval_runtime': 11.9513, 'eval_samples_per_second': 821.25, 'eval_steps_per_second': 25.688, 'epoch': 3.0}
[INFO|trainer.py:1933] 2026-10-04 15:03:24,281 >> Saving model checkpoint to checkpoints/glue/mnli/20261004/glue.mnli.lora.am_lora.ao_none.fm_none.fo_none.abn.fbn.ac_add.fl_none.finit_bert.fs_1.unfrz_ef_.ne10.warm0.06.wd0.1.seed42./checkpoint-36816
[INFO|configuration_utils.py:364] 2026-10-04 15:03:24,283 >> Configuration saved in checkpoints/glue/mnli/20261004/glue.mnli.lora.am_lora.ao_none.fm_none.fo_none.abn.fbn.ac_add.fl_none.finit_bert.fs_1.unfrz_ef_.ne10.warm0.06.wd0.1.seed42./checkpoint-36816/config.json
[INFO|modeling_utils.py:898] 2026-10-04 15:03:24,539 >> Model weights saved in checkpoints/glue/mnli/20261004/glue.mnli.lora.am_lora.ao_none.fm_none.fo_none.abn.fbn.ac_add.fl_none.finit_bert.fs_1.unfrz_ef_.ne10.warm0.06.wd0.1.seed42./checkpoint-36816/pytorch_model.bin
[INFO|tokenization_utils_base.py:1948] 2026-10-04 15:03:24,540 >> tokenizer config file saved in checkpoints/glue/mnli/20261004/glue.mnli.lora.am_lora.ao_none.fm_none.fo_none.abn.fbn.ac_add.fl_none.finit_bert.fs_1.unfrz_ef_.ne10.warm0.06.wd0.1.seed42./checkpoint-36816/tokenizer_config.json
[INFO|tokenization_utils_base.py:1954] 2026-10-04 15:03:24,541 >> Special tokens file saved in checkpoints/glue/mnli/20261004/glue.mnli.lora.am_lora.ao_none.fm_none.fo_none.abn.fbn.ac_add.fl_none.finit_bert.fs_1.unfrz_ef_.ne10.warm0.06.wd0.1.seed42./checkpoint-36816/special_tokens_map.json
[INFO|trainer.py:2009] 2026-10-04 15:03:24,606 >> Deleting older checkpoint [checkpoints/glue/mnli/20261004/glue.mnli.lora.am_lora.ao_none.fm_none.fo_none.abn.fbn.ac_add.fl_none.finit_bert.fs_1.unfrz_ef_.ne10.warm0.06.wd0.1.seed42./checkpoint-12272] due to args.save_total_limit
/work/unify-parameter-efficient-tuning/src/transformers/trainer.py:1784: FutureWarning: `torch.cuda.amp.autocast(args...)` is deprecated. Please use `torch.amp.autocast('cuda', args...)` instead.
  with autocast():
{'loss': 0.4009, 'learning_rate': 7.447767866430875e-05, 'epoch': 3.0}
{'loss': 0.3963, 'learning_rate': 7.443437792572558e-05, 'epoch': 3.01}
{'loss': 0.3875, 'learning_rate': 7.439107718714242e-05, 'epoch': 3.01}
{'loss': 0.3958, 'learning_rate': 7.434777644855924e-05, 'epoch': 3.01}
{'loss': 0.4195, 'learning_rate': 7.430447570997609e-05, 'epoch': 3.02}
{'loss': 0.3766, 'learning_rate': 7.426117497139291e-05, 'epoch': 3.02}
{'loss': 0.3824, 'learning_rate': 7.421787423280973e-05, 'epoch': 3.03}
{'loss': 0.3751, 'learning_rate': 7.417457349422658e-05, 'epoch': 3.03}
{'loss': 0.3962, 'learning_rate': 7.41312727556434e-05, 'epoch': 3.04}
{'loss': 0.3935, 'learning_rate': 7.408797201706024e-05, 'epoch': 3.04}
{'loss': 0.3981, 'learning_rate': 7.404467127847707e-05, 'epoch': 3.04}
{'loss': 0.4086, 'learning_rate': 7.40013705398939e-05, 'epoch': 3.05}
{'loss': 0.4012, 'learning_rate': 7.395806980131073e-05, 'epoch': 3.05}
{'loss': 0.4091, 'learning_rate': 7.391476906272756e-05, 'epoch': 3.06}
{'loss': 0.3974, 'learning_rate': 7.38714683241444e-05, 'epoch': 3.06}
{'loss': 0.4175, 'learning_rate': 7.382816758556122e-05, 'epoch': 3.06}
{'loss': 0.3673, 'learning_rate': 7.378573286174972e-05, 'epoch': 3.07}
{'loss': 0.3932, 'learning_rate': 7.374243212316654e-05, 'epoch': 3.07}
{'loss': 0.3929, 'learning_rate': 7.369913138458339e-05, 'epoch': 3.08}
{'loss': 0.4025, 'learning_rate': 7.365583064600021e-05, 'epoch': 3.08}
{'loss': 0.4099, 'learning_rate': 7.361252990741703e-05, 'epoch': 3.08}
{'loss': 0.3798, 'learning_rate': 7.356922916883387e-05, 'epoch': 3.09}
{'loss': 0.4098, 'learning_rate': 7.352592843025071e-05, 'epoch': 3.09}
{'loss': 0.3872, 'learning_rate': 7.348262769166754e-05, 'epoch': 3.1}
{'loss': 0.388, 'learning_rate': 7.343932695308437e-05, 'epoch': 3.1}
{'loss': 0.4603, 'learning_rate': 7.33960262145012e-05, 'epoch': 3.1}
{'loss': 0.4192, 'learning_rate': 7.335272547591803e-05, 'epoch': 3.11}
{'loss': 0.4005, 'learning_rate': 7.330942473733486e-05, 'epoch': 3.11}
{'loss': 0.4108, 'learning_rate': 7.32661239987517e-05, 'epoch': 3.12}
{'loss': 0.4162, 'learning_rate': 7.322282326016852e-05, 'epoch': 3.12}
{'loss': 0.4037, 'learning_rate': 7.317952252158535e-05, 'epoch': 3.12}
{'loss': 0.3963, 'learning_rate': 7.313622178300219e-05, 'epoch': 3.13}
{'loss': 0.3914, 'learning_rate': 7.309292104441902e-05, 'epoch': 3.13}
{'loss': 0.3926, 'learning_rate': 7.304962030583586e-05, 'epoch': 3.14}
{'loss': 0.422, 'learning_rate': 7.300631956725269e-05, 'epoch': 3.14}
{'loss': 0.4104, 'learning_rate': 7.296301882866951e-05, 'epoch': 3.15}
{'loss': 0.3967, 'learning_rate': 7.291971809008635e-05, 'epoch': 3.15}
{'loss': 0.3985, 'learning_rate': 7.287641735150318e-05, 'epoch': 3.15}
{'loss': 0.4151, 'learning_rate': 7.283311661292e-05, 'epoch': 3.16}
{'loss': 0.3807, 'learning_rate': 7.278981587433684e-05, 'epoch': 3.16}
{'loss': 0.4251, 'learning_rate': 7.274651513575367e-05, 'epoch': 3.17}
{'loss': 0.3738, 'learning_rate': 7.270321439717051e-05, 'epoch': 3.17}
{'loss': 0.4016, 'learning_rate': 7.265991365858733e-05, 'epoch': 3.17}
{'loss': 0.4106, 'learning_rate': 7.261661292000418e-05, 'epoch': 3.18}
{'loss': 0.3802, 'learning_rate': 7.2573312181421e-05, 'epoch': 3.18}
{'loss': 0.4135, 'learning_rate': 7.253001144283782e-05, 'epoch': 3.19}
{'loss': 0.4091, 'learning_rate': 7.248671070425465e-05, 'epoch': 3.19}
{'loss': 0.381, 'learning_rate': 7.244340996567149e-05, 'epoch': 3.19}
{'loss': 0.3987, 'learning_rate': 7.240010922708832e-05, 'epoch': 3.2}
{'loss': 0.4008, 'learning_rate': 7.235680848850516e-05, 'epoch': 3.2}
{'loss': 0.3814, 'learning_rate': 7.231350774992199e-05, 'epoch': 3.21}
{'loss': 0.3917, 'learning_rate': 7.227020701133881e-05, 'epoch': 3.21}
{'loss': 0.3876, 'learning_rate': 7.222690627275565e-05, 'epoch': 3.21}
{'loss': 0.4137, 'learning_rate': 7.218360553417248e-05, 'epoch': 3.22}
{'loss': 0.4029, 'learning_rate': 7.21403047955893e-05, 'epoch': 3.22}
{'loss': 0.4081, 'learning_rate': 7.209700405700614e-05, 'epoch': 3.23}
{'loss': 0.3941, 'learning_rate': 7.205370331842297e-05, 'epoch': 3.23}
{'loss': 0.4085, 'learning_rate': 7.201126859461148e-05, 'epoch': 3.24}
{'loss': 0.3971, 'learning_rate': 7.19679678560283e-05, 'epoch': 3.24}
{'loss': 0.3921, 'learning_rate': 7.192466711744512e-05, 'epoch': 3.24}
{'loss': 0.4109, 'learning_rate': 7.188136637886195e-05, 'epoch': 3.25}
{'loss': 0.4111, 'learning_rate': 7.18380656402788e-05, 'epoch': 3.25}
{'loss': 0.4005, 'learning_rate': 7.179476490169562e-05, 'epoch': 3.26}
{'loss': 0.4173, 'learning_rate': 7.175146416311246e-05, 'epoch': 3.26}
{'loss': 0.394, 'learning_rate': 7.170816342452929e-05, 'epoch': 3.26}
{'loss': 0.4202, 'learning_rate': 7.166486268594611e-05, 'epoch': 3.27}
{'loss': 0.4041, 'learning_rate': 7.162156194736295e-05, 'epoch': 3.27}
{'loss': 0.4313, 'learning_rate': 7.157826120877978e-05, 'epoch': 3.28}
{'loss': 0.3777, 'learning_rate': 7.15349604701966e-05, 'epoch': 3.28}
{'loss': 0.3905, 'learning_rate': 7.149165973161344e-05, 'epoch': 3.28}
{'loss': 0.3974, 'learning_rate': 7.144835899303027e-05, 'epoch': 3.29}
{'loss': 0.4133, 'learning_rate': 7.140505825444711e-05, 'epoch': 3.29}
{'loss': 0.4103, 'learning_rate': 7.136175751586394e-05, 'epoch': 3.3}
{'loss': 0.4581, 'learning_rate': 7.131845677728078e-05, 'epoch': 3.3}
{'loss': 0.4019, 'learning_rate': 7.12751560386976e-05, 'epoch': 3.3}
{'loss': 0.4157, 'learning_rate': 7.123185530011443e-05, 'epoch': 3.31}
{'loss': 0.4078, 'learning_rate': 7.118855456153127e-05, 'epoch': 3.31}
{'loss': 0.3856, 'learning_rate': 7.114525382294809e-05, 'epoch': 3.32}
{'loss': 0.3935, 'learning_rate': 7.110195308436492e-05, 'epoch': 3.32}
{'loss': 0.4092, 'learning_rate': 7.105951836055341e-05, 'epoch': 3.32}
{'loss': 0.3928, 'learning_rate': 7.101621762197025e-05, 'epoch': 3.33}
{'loss': 0.4102, 'learning_rate': 7.097291688338708e-05, 'epoch': 3.33}
{'loss': 0.4135, 'learning_rate': 7.092961614480392e-05, 'epoch': 3.34}
{'loss': 0.3999, 'learning_rate': 7.088631540622075e-05, 'epoch': 3.34}
{'loss': 0.3901, 'learning_rate': 7.084301466763759e-05, 'epoch': 3.35}
{'loss': 0.4047, 'learning_rate': 7.079971392905441e-05, 'epoch': 3.35}
{'loss': 0.4, 'learning_rate': 7.075641319047124e-05, 'epoch': 3.35}
{'loss': 0.4081, 'learning_rate': 7.071311245188808e-05, 'epoch': 3.36}
{'loss': 0.3835, 'learning_rate': 7.06698117133049e-05, 'epoch': 3.36}
{'loss': 0.3888, 'learning_rate': 7.062651097472172e-05, 'epoch': 3.37}
{'loss': 0.407, 'learning_rate': 7.058321023613857e-05, 'epoch': 3.37}
{'loss': 0.3874, 'learning_rate': 7.05399094975554e-05, 'epoch': 3.37}
{'loss': 0.4243, 'learning_rate': 7.049660875897222e-05, 'epoch': 3.38}
{'loss': 0.3991, 'learning_rate': 7.045330802038907e-05, 'epoch': 3.38}
{'loss': 0.3837, 'learning_rate': 7.04100072818059e-05, 'epoch': 3.39}
{'loss': 0.3991, 'learning_rate': 7.036670654322272e-05, 'epoch': 3.39}
{'loss': 0.3601, 'learning_rate': 7.032340580463955e-05, 'epoch': 3.39}
{'loss': 0.4278, 'learning_rate': 7.028010506605638e-05, 'epoch': 3.4}
{'loss': 0.4237, 'learning_rate': 7.02368043274732e-05, 'epoch': 3.4}
{'loss': 0.4192, 'learning_rate': 7.019350358889004e-05, 'epoch': 3.41}
{'loss': 0.4026, 'learning_rate': 7.015020285030689e-05, 'epoch': 3.41}
{'loss': 0.3888, 'learning_rate': 7.010690211172371e-05, 'epoch': 3.41}
{'loss': 0.387, 'learning_rate': 7.006360137314054e-05, 'epoch': 3.42}
{'loss': 0.3756, 'learning_rate': 7.002030063455738e-05, 'epoch': 3.42}
{'loss': 0.3858, 'learning_rate': 6.99769998959742e-05, 'epoch': 3.43}
{'loss': 0.4268, 'learning_rate': 6.993369915739104e-05, 'epoch': 3.43}
{'loss': 0.399, 'learning_rate': 6.989039841880787e-05, 'epoch': 3.43}
{'loss': 0.4145, 'learning_rate': 6.984709768022469e-05, 'epoch': 3.44}
{'loss': 0.4227, 'learning_rate': 6.980379694164153e-05, 'epoch': 3.44}
{'loss': 0.4027, 'learning_rate': 6.976049620305836e-05, 'epoch': 3.45}
{'loss': 0.4086, 'learning_rate': 6.97171954644752e-05, 'epoch': 3.45}
{'loss': 0.3704, 'learning_rate': 6.967389472589203e-05, 'epoch': 3.46}
{'loss': 0.4208, 'learning_rate': 6.963059398730887e-05, 'epoch': 3.46}
{'loss': 0.392, 'learning_rate': 6.958729324872569e-05, 'epoch': 3.46}
{'loss': 0.4049, 'learning_rate': 6.954399251014251e-05, 'epoch': 3.47}
{'loss': 0.3705, 'learning_rate': 6.950069177155936e-05, 'epoch': 3.47}
{'loss': 0.3769, 'learning_rate': 6.945739103297618e-05, 'epoch': 3.48}
{'loss': 0.3841, 'learning_rate': 6.941409029439301e-05, 'epoch': 3.48}
{'loss': 0.4009, 'learning_rate': 6.937078955580985e-05, 'epoch': 3.48}
{'loss': 0.3845, 'learning_rate': 6.932748881722668e-05, 'epoch': 3.49}
{'loss': 0.4259, 'learning_rate': 6.92841880786435e-05, 'epoch': 3.49}
{'loss': 0.3859, 'learning_rate': 6.924088734006034e-05, 'epoch': 3.5}
{'loss': 0.4334, 'learning_rate': 6.919758660147717e-05, 'epoch': 3.5}
{'loss': 0.411, 'learning_rate': 6.9154285862894e-05, 'epoch': 3.5}
{'loss': 0.3841, 'learning_rate': 6.911098512431083e-05, 'epoch': 3.51}
{'loss': 0.4408, 'learning_rate': 6.906768438572766e-05, 'epoch': 3.51}
{'loss': 0.4064, 'learning_rate': 6.90243836471445e-05, 'epoch': 3.52}
{'loss': 0.4249, 'learning_rate': 6.898108290856133e-05, 'epoch': 3.52}
{'loss': 0.3895, 'learning_rate': 6.893778216997817e-05, 'epoch': 3.52}
{'loss': 0.3984, 'learning_rate': 6.889448143139499e-05, 'epoch': 3.53}
{'loss': 0.3663, 'learning_rate': 6.885118069281182e-05, 'epoch': 3.53}
{'loss': 0.3837, 'learning_rate': 6.880787995422866e-05, 'epoch': 3.54}
{'loss': 0.4221, 'learning_rate': 6.876457921564548e-05, 'epoch': 3.54}
{'loss': 0.4562, 'learning_rate': 6.872127847706231e-05, 'epoch': 3.54}
{'loss': 0.4036, 'learning_rate': 6.867797773847915e-05, 'epoch': 3.55}
{'loss': 0.3752, 'learning_rate': 6.863467699989598e-05, 'epoch': 3.55}
{'loss': 0.3863, 'learning_rate': 6.859137626131282e-05, 'epoch': 3.56}
{'loss': 0.399, 'learning_rate': 6.854807552272965e-05, 'epoch': 3.56}
{'loss': 0.416, 'learning_rate': 6.850477478414647e-05, 'epoch': 3.57}
{'loss': 0.4308, 'learning_rate': 6.84614740455633e-05, 'epoch': 3.57}
{'loss': 0.3865, 'learning_rate': 6.841817330698014e-05, 'epoch': 3.57}
{'loss': 0.3979, 'learning_rate': 6.837487256839696e-05, 'epoch': 3.58}
{'loss': 0.374, 'learning_rate': 6.833157182981379e-05, 'epoch': 3.58}
{'loss': 0.4049, 'learning_rate': 6.828827109123063e-05, 'epoch': 3.59}
{'loss': 0.3692, 'learning_rate': 6.824497035264746e-05, 'epoch': 3.59}
{'loss': 0.435, 'learning_rate': 6.820166961406429e-05, 'epoch': 3.59}
{'loss': 0.4046, 'learning_rate': 6.815836887548113e-05, 'epoch': 3.6}
{'loss': 0.4299, 'learning_rate': 6.811506813689796e-05, 'epoch': 3.6}
{'loss': 0.384, 'learning_rate': 6.807176739831478e-05, 'epoch': 3.61}
{'loss': 0.4035, 'learning_rate': 6.802846665973162e-05, 'epoch': 3.61}
{'loss': 0.3925, 'learning_rate': 6.798516592114845e-05, 'epoch': 3.61}
{'loss': 0.3833, 'learning_rate': 6.794186518256527e-05, 'epoch': 3.62}
{'loss': 0.4201, 'learning_rate': 6.78985644439821e-05, 'epoch': 3.62}
{'loss': 0.4268, 'learning_rate': 6.785526370539894e-05, 'epoch': 3.63}
{'loss': 0.4183, 'learning_rate': 6.781196296681578e-05, 'epoch': 3.63}
{'loss': 0.4393, 'learning_rate': 6.776866222823261e-05, 'epoch': 3.63}
{'loss': 0.4085, 'learning_rate': 6.772536148964945e-05, 'epoch': 3.64}
{'loss': 0.421, 'learning_rate': 6.768206075106627e-05, 'epoch': 3.64}
{'loss': 0.392, 'learning_rate': 6.76387600124831e-05, 'epoch': 3.65}
{'loss': 0.4143, 'learning_rate': 6.759545927389994e-05, 'epoch': 3.65}
{'loss': 0.4173, 'learning_rate': 6.755215853531676e-05, 'epoch': 3.65}
{'loss': 0.3619, 'learning_rate': 6.750972381150526e-05, 'epoch': 3.66}
{'loss': 0.3912, 'learning_rate': 6.746642307292208e-05, 'epoch': 3.66}
{'loss': 0.4321, 'learning_rate': 6.742312233433892e-05, 'epoch': 3.67}
{'loss': 0.4018, 'learning_rate': 6.737982159575575e-05, 'epoch': 3.67}
{'loss': 0.3856, 'learning_rate': 6.733652085717259e-05, 'epoch': 3.68}
{'loss': 0.4053, 'learning_rate': 6.729322011858942e-05, 'epoch': 3.68}
{'loss': 0.402, 'learning_rate': 6.724991938000625e-05, 'epoch': 3.68}
{'loss': 0.406, 'learning_rate': 6.720661864142308e-05, 'epoch': 3.69}
{'loss': 0.3565, 'learning_rate': 6.716331790283991e-05, 'epoch': 3.69}
{'loss': 0.3747, 'learning_rate': 6.712001716425675e-05, 'epoch': 3.7}
{'loss': 0.3855, 'learning_rate': 6.707671642567357e-05, 'epoch': 3.7}
{'loss': 0.3912, 'learning_rate': 6.70334156870904e-05, 'epoch': 3.7}
{'loss': 0.4013, 'learning_rate': 6.699011494850724e-05, 'epoch': 3.71}
{'loss': 0.3787, 'learning_rate': 6.694681420992407e-05, 'epoch': 3.71}
{'loss': 0.3874, 'learning_rate': 6.690351347134089e-05, 'epoch': 3.72}
{'loss': 0.413, 'learning_rate': 6.686021273275774e-05, 'epoch': 3.72}
{'loss': 0.4173, 'learning_rate': 6.681691199417456e-05, 'epoch': 3.72}
{'loss': 0.4019, 'learning_rate': 6.677361125559138e-05, 'epoch': 3.73}
{'loss': 0.3789, 'learning_rate': 6.673031051700823e-05, 'epoch': 3.73}
{'loss': 0.4064, 'learning_rate': 6.668700977842505e-05, 'epoch': 3.74}
{'loss': 0.3712, 'learning_rate': 6.664370903984187e-05, 'epoch': 3.74}
{'loss': 0.3697, 'learning_rate': 6.660040830125871e-05, 'epoch': 3.74}
{'loss': 0.3968, 'learning_rate': 6.655710756267554e-05, 'epoch': 3.75}
{'loss': 0.3891, 'learning_rate': 6.651380682409238e-05, 'epoch': 3.75}
{'loss': 0.4092, 'learning_rate': 6.647050608550921e-05, 'epoch': 3.76}
{'loss': 0.4148, 'learning_rate': 6.642720534692605e-05, 'epoch': 3.76}
{'loss': 0.4126, 'learning_rate': 6.638390460834287e-05, 'epoch': 3.76}
{'loss': 0.3914, 'learning_rate': 6.63406038697597e-05, 'epoch': 3.77}
{'loss': 0.3752, 'learning_rate': 6.629730313117654e-05, 'epoch': 3.77}
{'loss': 0.3888, 'learning_rate': 6.625400239259336e-05, 'epoch': 3.78}
{'loss': 0.383, 'learning_rate': 6.62107016540102e-05, 'epoch': 3.78}
{'loss': 0.4041, 'learning_rate': 6.616740091542703e-05, 'epoch': 3.79}
{'loss': 0.3775, 'learning_rate': 6.612410017684386e-05, 'epoch': 3.79}
{'loss': 0.3902, 'learning_rate': 6.60807994382607e-05, 'epoch': 3.79}
{'loss': 0.3914, 'learning_rate': 6.603749869967753e-05, 'epoch': 3.8}
{'loss': 0.4142, 'learning_rate': 6.599419796109435e-05, 'epoch': 3.8}
{'loss': 0.4116, 'learning_rate': 6.595089722251119e-05, 'epoch': 3.81}
{'loss': 0.3998, 'learning_rate': 6.590759648392802e-05, 'epoch': 3.81}
{'loss': 0.4185, 'learning_rate': 6.586429574534484e-05, 'epoch': 3.81}
{'loss': 0.4275, 'learning_rate': 6.582099500676168e-05, 'epoch': 3.82}
{'loss': 0.4131, 'learning_rate': 6.577856028295017e-05, 'epoch': 3.82}
{'loss': 0.3886, 'learning_rate': 6.5735259544367e-05, 'epoch': 3.83}
{'loss': 0.387, 'learning_rate': 6.569195880578384e-05, 'epoch': 3.83}
{'loss': 0.4009, 'learning_rate': 6.564865806720067e-05, 'epoch': 3.83}
{'loss': 0.4012, 'learning_rate': 6.560535732861751e-05, 'epoch': 3.84}
{'loss': 0.3625, 'learning_rate': 6.556205659003434e-05, 'epoch': 3.84}
{'loss': 0.3699, 'learning_rate': 6.551875585145116e-05, 'epoch': 3.85}
{'loss': 0.4002, 'learning_rate': 6.5475455112868e-05, 'epoch': 3.85}
{'loss': 0.3845, 'learning_rate': 6.543215437428483e-05, 'epoch': 3.85}
{'loss': 0.3869, 'learning_rate': 6.538885363570165e-05, 'epoch': 3.86}
{'loss': 0.378, 'learning_rate': 6.534555289711849e-05, 'epoch': 3.86}
{'loss': 0.3982, 'learning_rate': 6.530225215853532e-05, 'epoch': 3.87}
{'loss': 0.3829, 'learning_rate': 6.525895141995216e-05, 'epoch': 3.87}
{'loss': 0.3938, 'learning_rate': 6.521565068136898e-05, 'epoch': 3.87}
{'loss': 0.4159, 'learning_rate': 6.517234994278583e-05, 'epoch': 3.88}
{'loss': 0.3982, 'learning_rate': 6.512904920420265e-05, 'epoch': 3.88}
{'loss': 0.3801, 'learning_rate': 6.508574846561947e-05, 'epoch': 3.89}
{'loss': 0.3934, 'learning_rate': 6.50424477270363e-05, 'epoch': 3.89}
{'loss': 0.4066, 'learning_rate': 6.499914698845314e-05, 'epoch': 3.9}
{'loss': 0.4085, 'learning_rate': 6.495584624986996e-05, 'epoch': 3.9}
{'loss': 0.3966, 'learning_rate': 6.49125455112868e-05, 'epoch': 3.9}
{'loss': 0.3731, 'learning_rate': 6.486924477270363e-05, 'epoch': 3.91}
{'loss': 0.3659, 'learning_rate': 6.482594403412046e-05, 'epoch': 3.91}
{'loss': 0.3753, 'learning_rate': 6.47826432955373e-05, 'epoch': 3.92}
{'loss': 0.3787, 'learning_rate': 6.473934255695413e-05, 'epoch': 3.92}
{'loss': 0.3835, 'learning_rate': 6.469604181837096e-05, 'epoch': 3.92}
{'loss': 0.3998, 'learning_rate': 6.465274107978779e-05, 'epoch': 3.93}
{'loss': 0.4233, 'learning_rate': 6.460944034120463e-05, 'epoch': 3.93}
{'loss': 0.434, 'learning_rate': 6.456613960262145e-05, 'epoch': 3.94}
{'loss': 0.3885, 'learning_rate': 6.452283886403828e-05, 'epoch': 3.94}
{'loss': 0.4023, 'learning_rate': 6.447953812545512e-05, 'epoch': 3.94}
{'loss': 0.4139, 'learning_rate': 6.443623738687195e-05, 'epoch': 3.95}
{'loss': 0.3774, 'learning_rate': 6.439293664828879e-05, 'epoch': 3.95}
{'loss': 0.3697, 'learning_rate': 6.434963590970562e-05, 'epoch': 3.96}
{'loss': 0.4332, 'learning_rate': 6.430633517112244e-05, 'epoch': 3.96}
{'loss': 0.3731, 'learning_rate': 6.426303443253926e-05, 'epoch': 3.96}
{'loss': 0.3784, 'learning_rate': 6.421973369395611e-05, 'epoch': 3.97}
{'loss': 0.4034, 'learning_rate': 6.417643295537293e-05, 'epoch': 3.97}
{'loss': 0.3724, 'learning_rate': 6.413313221678977e-05, 'epoch': 3.98}
{'loss': 0.3603, 'learning_rate': 6.40898314782066e-05, 'epoch': 3.98}
{'loss': 0.38, 'learning_rate': 6.404739675439509e-05, 'epoch': 3.98}
{'loss': 0.3935, 'learning_rate': 6.400409601581192e-05, 'epoch': 3.99}
{'loss': 0.4016, 'learning_rate': 6.396079527722876e-05, 'epoch': 3.99}
{'loss': 0.3801, 'learning_rate': 6.39174945386456e-05, 'epoch': 4.0}
[INFO|trainer.py:520] 2026-10-04 15:09:35,467 >> The following columns in the evaluation set  don't have a corresponding argument in `PETLEncModel.forward` and have been ignored: hypothesis, premise, idx.
[INFO|trainer.py:2179] 2026-10-04 15:09:35,468 >> ***** Running Evaluation *****
[INFO|trainer.py:2181] 2026-10-04 15:09:35,468 >>   Num examples = 9815
[INFO|trainer.py:2184] 2026-10-04 15:09:35,468 >>   Batch size = 32
{'eval_loss': 0.3682290315628052, 'eval_accuracy': 0.8616403464085584, 'eval_runtime': 12.0623, 'eval_samples_per_second': 813.691, 'eval_steps_per_second': 25.451, 'epoch': 4.0}
[INFO|trainer.py:1933] 2026-10-04 15:09:47,532 >> Saving model checkpoint to checkpoints/glue/mnli/20261004/glue.mnli.lora.am_lora.ao_none.fm_none.fo_none.abn.fbn.ac_add.fl_none.finit_bert.fs_1.unfrz_ef_.ne10.warm0.06.wd0.1.seed42./checkpoint-49088
[INFO|configuration_utils.py:364] 2026-10-04 15:09:47,533 >> Configuration saved in checkpoints/glue/mnli/20261004/glue.mnli.lora.am_lora.ao_none.fm_none.fo_none.abn.fbn.ac_add.fl_none.finit_bert.fs_1.unfrz_ef_.ne10.warm0.06.wd0.1.seed42./checkpoint-49088/config.json
[INFO|modeling_utils.py:898] 2026-10-04 15:09:47,787 >> Model weights saved in checkpoints/glue/mnli/20261004/glue.mnli.lora.am_lora.ao_none.fm_none.fo_none.abn.fbn.ac_add.fl_none.finit_bert.fs_1.unfrz_ef_.ne10.warm0.06.wd0.1.seed42./checkpoint-49088/pytorch_model.bin
[INFO|tokenization_utils_base.py:1948] 2026-10-04 15:09:47,788 >> tokenizer config file saved in checkpoints/glue/mnli/20261004/glue.mnli.lora.am_lora.ao_none.fm_none.fo_none.abn.fbn.ac_add.fl_none.finit_bert.fs_1.unfrz_ef_.ne10.warm0.06.wd0.1.seed42./checkpoint-49088/tokenizer_config.json
[INFO|tokenization_utils_base.py:1954] 2026-10-04 15:09:47,789 >> Special tokens file saved in checkpoints/glue/mnli/20261004/glue.mnli.lora.am_lora.ao_none.fm_none.fo_none.abn.fbn.ac_add.fl_none.finit_bert.fs_1.unfrz_ef_.ne10.warm0.06.wd0.1.seed42./checkpoint-49088/special_tokens_map.json
[INFO|trainer.py:2009] 2026-10-04 15:09:47,853 >> Deleting older checkpoint [checkpoints/glue/mnli/20261004/glue.mnli.lora.am_lora.ao_none.fm_none.fo_none.abn.fbn.ac_add.fl_none.finit_bert.fs_1.unfrz_ef_.ne10.warm0.06.wd0.1.seed42./checkpoint-24544] due to args.save_total_limit
/work/unify-parameter-efficient-tuning/src/transformers/trainer.py:1784: FutureWarning: `torch.cuda.amp.autocast(args...)` is deprecated. Please use `torch.amp.autocast('cuda', args...)` instead.
  with autocast():
{'loss': 0.3973, 'learning_rate': 6.387419380006243e-05, 'epoch': 4.0}
{'loss': 0.375, 'learning_rate': 6.383089306147925e-05, 'epoch': 4.01}
{'loss': 0.3542, 'learning_rate': 6.378759232289609e-05, 'epoch': 4.01}
{'loss': 0.3845, 'learning_rate': 6.374429158431292e-05, 'epoch': 4.01}
{'loss': 0.3877, 'learning_rate': 6.370099084572974e-05, 'epoch': 4.02}
{'loss': 0.3891, 'learning_rate': 6.365769010714656e-05, 'epoch': 4.02}
{'loss': 0.3935, 'learning_rate': 6.361438936856341e-05, 'epoch': 4.03}
{'loss': 0.39, 'learning_rate': 6.357108862998025e-05, 'epoch': 4.03}
{'loss': 0.4352, 'learning_rate': 6.352778789139707e-05, 'epoch': 4.03}
{'loss': 0.3774, 'learning_rate': 6.348448715281391e-05, 'epoch': 4.04}
{'loss': 0.3857, 'learning_rate': 6.344118641423074e-05, 'epoch': 4.04}
{'loss': 0.3853, 'learning_rate': 6.339788567564756e-05, 'epoch': 4.05}
{'loss': 0.4176, 'learning_rate': 6.335458493706439e-05, 'epoch': 4.05}
{'loss': 0.3766, 'learning_rate': 6.331128419848123e-05, 'epoch': 4.05}
{'loss': 0.3764, 'learning_rate': 6.326798345989805e-05, 'epoch': 4.06}
{'loss': 0.3877, 'learning_rate': 6.322468272131488e-05, 'epoch': 4.06}
{'loss': 0.3794, 'learning_rate': 6.318138198273173e-05, 'epoch': 4.07}
{'loss': 0.3784, 'learning_rate': 6.313808124414855e-05, 'epoch': 4.07}
{'loss': 0.3979, 'learning_rate': 6.309478050556539e-05, 'epoch': 4.07}
{'loss': 0.4091, 'learning_rate': 6.305147976698222e-05, 'epoch': 4.08}
{'loss': 0.345, 'learning_rate': 6.300817902839904e-05, 'epoch': 4.08}
{'loss': 0.4036, 'learning_rate': 6.296487828981588e-05, 'epoch': 4.09}
{'loss': 0.392, 'learning_rate': 6.292157755123271e-05, 'epoch': 4.09}
{'loss': 0.3922, 'learning_rate': 6.287827681264953e-05, 'epoch': 4.09}
{'loss': 0.3882, 'learning_rate': 6.283497607406637e-05, 'epoch': 4.1}
{'loss': 0.4091, 'learning_rate': 6.27916753354832e-05, 'epoch': 4.1}
{'loss': 0.4118, 'learning_rate': 6.274837459690004e-05, 'epoch': 4.11}
{'loss': 0.3944, 'learning_rate': 6.270507385831687e-05, 'epoch': 4.11}
{'loss': 0.3994, 'learning_rate': 6.266177311973371e-05, 'epoch': 4.12}
{'loss': 0.3661, 'learning_rate': 6.261847238115053e-05, 'epoch': 4.12}
{'loss': 0.4127, 'learning_rate': 6.257517164256735e-05, 'epoch': 4.12}
{'loss': 0.3938, 'learning_rate': 6.25318709039842e-05, 'epoch': 4.13}
{'loss': 0.3595, 'learning_rate': 6.248857016540102e-05, 'epoch': 4.13}
{'loss': 0.3982, 'learning_rate': 6.244526942681785e-05, 'epoch': 4.14}
{'loss': 0.3572, 'learning_rate': 6.240196868823469e-05, 'epoch': 4.14}
{'loss': 0.3898, 'learning_rate': 6.235866794965152e-05, 'epoch': 4.14}
{'loss': 0.3855, 'learning_rate': 6.231536721106834e-05, 'epoch': 4.15}
{'loss': 0.3625, 'learning_rate': 6.227293248725685e-05, 'epoch': 4.15}
{'loss': 0.4038, 'learning_rate': 6.222963174867368e-05, 'epoch': 4.16}
{'loss': 0.3693, 'learning_rate': 6.218633101009052e-05, 'epoch': 4.16}
{'loss': 0.3696, 'learning_rate': 6.214303027150734e-05, 'epoch': 4.16}
{'loss': 0.396, 'learning_rate': 6.209972953292416e-05, 'epoch': 4.17}
{'loss': 0.3643, 'learning_rate': 6.205642879434101e-05, 'epoch': 4.17}
{'loss': 0.3963, 'learning_rate': 6.201312805575783e-05, 'epoch': 4.18}
{'loss': 0.3747, 'learning_rate': 6.196982731717465e-05, 'epoch': 4.18}
{'loss': 0.4068, 'learning_rate': 6.19265265785915e-05, 'epoch': 4.18}
{'loss': 0.4117, 'learning_rate': 6.188322584000833e-05, 'epoch': 4.19}
{'loss': 0.4021, 'learning_rate': 6.183992510142515e-05, 'epoch': 4.19}
{'loss': 0.3705, 'learning_rate': 6.179662436284199e-05, 'epoch': 4.2}
{'loss': 0.3958, 'learning_rate': 6.175332362425882e-05, 'epoch': 4.2}
{'loss': 0.3632, 'learning_rate': 6.171002288567564e-05, 'epoch': 4.2}
{'loss': 0.3847, 'learning_rate': 6.166672214709248e-05, 'epoch': 4.21}
{'loss': 0.3705, 'learning_rate': 6.162342140850931e-05, 'epoch': 4.21}
{'loss': 0.3489, 'learning_rate': 6.158012066992614e-05, 'epoch': 4.22}
{'loss': 0.4053, 'learning_rate': 6.153681993134297e-05, 'epoch': 4.22}
{'loss': 0.3943, 'learning_rate': 6.149351919275982e-05, 'epoch': 4.23}
{'loss': 0.3709, 'learning_rate': 6.145021845417664e-05, 'epoch': 4.23}
{'loss': 0.4028, 'learning_rate': 6.140691771559347e-05, 'epoch': 4.23}
{'loss': 0.3681, 'learning_rate': 6.136361697701031e-05, 'epoch': 4.24}
{'loss': 0.3895, 'learning_rate': 6.132031623842713e-05, 'epoch': 4.24}
{'loss': 0.3957, 'learning_rate': 6.127701549984397e-05, 'epoch': 4.25}
{'loss': 0.4445, 'learning_rate': 6.12337147612608e-05, 'epoch': 4.25}
{'loss': 0.3936, 'learning_rate': 6.119041402267762e-05, 'epoch': 4.25}
{'loss': 0.3788, 'learning_rate': 6.114711328409446e-05, 'epoch': 4.26}
{'loss': 0.3635, 'learning_rate': 6.110381254551129e-05, 'epoch': 4.26}
{'loss': 0.3973, 'learning_rate': 6.106051180692811e-05, 'epoch': 4.27}
{'loss': 0.3803, 'learning_rate': 6.1017211068344946e-05, 'epoch': 4.27}
{'loss': 0.3817, 'learning_rate': 6.0973910329761795e-05, 'epoch': 4.27}
{'loss': 0.4137, 'learning_rate': 6.093060959117861e-05, 'epoch': 4.28}
{'loss': 0.3818, 'learning_rate': 6.088730885259544e-05, 'epoch': 4.28}
{'loss': 0.359, 'learning_rate': 6.0844008114012285e-05, 'epoch': 4.29}
{'loss': 0.3919, 'learning_rate': 6.0800707375429113e-05, 'epoch': 4.29}
{'loss': 0.3826, 'learning_rate': 6.0757406636845935e-05, 'epoch': 4.29}
{'loss': 0.3632, 'learning_rate': 6.0714105898262776e-05, 'epoch': 4.3}
{'loss': 0.3772, 'learning_rate': 6.06708051596796e-05, 'epoch': 4.3}
{'loss': 0.3891, 'learning_rate': 6.062750442109644e-05, 'epoch': 4.31}
{'loss': 0.4362, 'learning_rate': 6.058420368251326e-05, 'epoch': 4.31}
{'loss': 0.3662, 'learning_rate': 6.05409029439301e-05, 'epoch': 4.31}
{'loss': 0.3741, 'learning_rate': 6.04984682201186e-05, 'epoch': 4.32}
{'loss': 0.3757, 'learning_rate': 6.0455167481535425e-05, 'epoch': 4.32}
{'loss': 0.3504, 'learning_rate': 6.041186674295225e-05, 'epoch': 4.33}
{'loss': 0.3661, 'learning_rate': 6.03685660043691e-05, 'epoch': 4.33}
{'loss': 0.3727, 'learning_rate': 6.032526526578592e-05, 'epoch': 4.34}
{'loss': 0.3705, 'learning_rate': 6.028196452720274e-05, 'epoch': 4.34}
{'loss': 0.3804, 'learning_rate': 6.023866378861958e-05, 'epoch': 4.34}
{'loss': 0.3874, 'learning_rate': 6.019536305003641e-05, 'epoch': 4.35}
{'loss': 0.3772, 'learning_rate': 6.015206231145324e-05, 'epoch': 4.35}
{'loss': 0.3838, 'learning_rate': 6.0108761572870076e-05, 'epoch': 4.36}
{'loss': 0.4066, 'learning_rate': 6.006546083428691e-05, 'epoch': 4.36}
{'loss': 0.379, 'learning_rate': 6.0022160095703725e-05, 'epoch': 4.36}
{'loss': 0.3358, 'learning_rate': 5.997885935712057e-05, 'epoch': 4.37}
{'loss': 0.3956, 'learning_rate': 5.99355586185374e-05, 'epoch': 4.37}
{'loss': 0.3649, 'learning_rate': 5.989225787995423e-05, 'epoch': 4.38}
{'loss': 0.3699, 'learning_rate': 5.9848957141371064e-05, 'epoch': 4.38}
{'loss': 0.4318, 'learning_rate': 5.98056564027879e-05, 'epoch': 4.38}
{'loss': 0.4057, 'learning_rate': 5.976235566420473e-05, 'epoch': 4.39}
{'loss': 0.4004, 'learning_rate': 5.971905492562156e-05, 'epoch': 4.39}
{'loss': 0.4018, 'learning_rate': 5.96757541870384e-05, 'epoch': 4.4}
{'loss': 0.3872, 'learning_rate': 5.963245344845522e-05, 'epoch': 4.4}
{'loss': 0.393, 'learning_rate': 5.958915270987205e-05, 'epoch': 4.4}
{'loss': 0.4128, 'learning_rate': 5.9545851971288894e-05, 'epoch': 4.41}
{'loss': 0.3725, 'learning_rate': 5.9502551232705715e-05, 'epoch': 4.41}
{'loss': 0.3776, 'learning_rate': 5.945925049412253e-05, 'epoch': 4.42}
{'loss': 0.3623, 'learning_rate': 5.941594975553938e-05, 'epoch': 4.42}
{'loss': 0.3647, 'learning_rate': 5.9372649016956206e-05, 'epoch': 4.42}
{'loss': 0.3841, 'learning_rate': 5.9329348278373034e-05, 'epoch': 4.43}
{'loss': 0.3908, 'learning_rate': 5.928604753978988e-05, 'epoch': 4.43}
{'loss': 0.3789, 'learning_rate': 5.92427468012067e-05, 'epoch': 4.44}
{'loss': 0.4187, 'learning_rate': 5.919944606262353e-05, 'epoch': 4.44}
{'loss': 0.3987, 'learning_rate': 5.9156145324040366e-05, 'epoch': 4.45}
{'loss': 0.3907, 'learning_rate': 5.911284458545721e-05, 'epoch': 4.45}
{'loss': 0.397, 'learning_rate': 5.906954384687402e-05, 'epoch': 4.45}
{'loss': 0.3894, 'learning_rate': 5.902624310829086e-05, 'epoch': 4.46}
{'loss': 0.4036, 'learning_rate': 5.898294236970769e-05, 'epoch': 4.46}
{'loss': 0.4062, 'learning_rate': 5.893964163112452e-05, 'epoch': 4.47}
{'loss': 0.4132, 'learning_rate': 5.8896340892541354e-05, 'epoch': 4.47}
{'loss': 0.396, 'learning_rate': 5.8853040153958196e-05, 'epoch': 4.47}
{'loss': 0.3967, 'learning_rate': 5.880973941537501e-05, 'epoch': 4.48}
{'loss': 0.4251, 'learning_rate': 5.8766438676791845e-05, 'epoch': 4.48}
{'loss': 0.3823, 'learning_rate': 5.8723137938208686e-05, 'epoch': 4.49}
{'loss': 0.4126, 'learning_rate': 5.868070321439718e-05, 'epoch': 4.49}
{'loss': 0.3954, 'learning_rate': 5.863740247581401e-05, 'epoch': 4.49}
{'loss': 0.3882, 'learning_rate': 5.859410173723083e-05, 'epoch': 4.5}
{'loss': 0.3894, 'learning_rate': 5.855080099864767e-05, 'epoch': 4.5}
{'loss': 0.347, 'learning_rate': 5.8507500260064494e-05, 'epoch': 4.51}
{'loss': 0.3688, 'learning_rate': 5.8464199521481335e-05, 'epoch': 4.51}
{'loss': 0.3793, 'learning_rate': 5.8420898782898156e-05, 'epoch': 4.51}
{'loss': 0.3665, 'learning_rate': 5.8377598044315e-05, 'epoch': 4.52}
{'loss': 0.3966, 'learning_rate': 5.833429730573182e-05, 'epoch': 4.52}
{'loss': 0.3659, 'learning_rate': 5.829099656714866e-05, 'epoch': 4.53}
{'loss': 0.3784, 'learning_rate': 5.824769582856548e-05, 'epoch': 4.53}
{'loss': 0.372, 'learning_rate': 5.8204395089982323e-05, 'epoch': 4.53}
{'loss': 0.3665, 'learning_rate': 5.8161094351399145e-05, 'epoch': 4.54}
{'loss': 0.3904, 'learning_rate': 5.8117793612815986e-05, 'epoch': 4.54}
{'loss': 0.3815, 'learning_rate': 5.8074492874232814e-05, 'epoch': 4.55}
{'loss': 0.3712, 'learning_rate': 5.803119213564965e-05, 'epoch': 4.55}
{'loss': 0.3836, 'learning_rate': 5.7987891397066484e-05, 'epoch': 4.56}
{'loss': 0.3749, 'learning_rate': 5.79445906584833e-05, 'epoch': 4.56}
{'loss': 0.3836, 'learning_rate': 5.790128991990014e-05, 'epoch': 4.56}
{'loss': 0.3754, 'learning_rate': 5.7857989181316974e-05, 'epoch': 4.57}
{'loss': 0.4474, 'learning_rate': 5.78146884427338e-05, 'epoch': 4.57}
{'loss': 0.41, 'learning_rate': 5.7771387704150624e-05, 'epoch': 4.58}
{'loss': 0.3731, 'learning_rate': 5.772808696556747e-05, 'epoch': 4.58}
{'loss': 0.3799, 'learning_rate': 5.7684786226984286e-05, 'epoch': 4.58}
{'loss': 0.4077, 'learning_rate': 5.764148548840113e-05, 'epoch': 4.59}
{'loss': 0.3792, 'learning_rate': 5.7598184749817976e-05, 'epoch': 4.59}
{'loss': 0.4023, 'learning_rate': 5.755488401123479e-05, 'epoch': 4.6}
{'loss': 0.4049, 'learning_rate': 5.751158327265161e-05, 'epoch': 4.6}
{'loss': 0.3922, 'learning_rate': 5.746828253406845e-05, 'epoch': 4.6}
{'loss': 0.3984, 'learning_rate': 5.742498179548529e-05, 'epoch': 4.61}
{'loss': 0.3866, 'learning_rate': 5.7381681056902116e-05, 'epoch': 4.61}
{'loss': 0.3963, 'learning_rate': 5.733838031831894e-05, 'epoch': 4.62}
{'loss': 0.399, 'learning_rate': 5.729507957973578e-05, 'epoch': 4.62}
{'loss': 0.373, 'learning_rate': 5.725177884115261e-05, 'epoch': 4.62}
{'loss': 0.4072, 'learning_rate': 5.720847810256944e-05, 'epoch': 4.63}
{'loss': 0.3965, 'learning_rate': 5.7165177363986276e-05, 'epoch': 4.63}
{'loss': 0.3437, 'learning_rate': 5.712187662540309e-05, 'epoch': 4.64}
{'loss': 0.3594, 'learning_rate': 5.707857588681994e-05, 'epoch': 4.64}
{'loss': 0.424, 'learning_rate': 5.703527514823678e-05, 'epoch': 4.64}
{'loss': 0.3313, 'learning_rate': 5.6991974409653595e-05, 'epoch': 4.65}
{'loss': 0.3488, 'learning_rate': 5.6949539685842104e-05, 'epoch': 4.65}
{'loss': 0.3726, 'learning_rate': 5.690623894725892e-05, 'epoch': 4.66}
{'loss': 0.3785, 'learning_rate': 5.686293820867575e-05, 'epoch': 4.66}
{'loss': 0.3927, 'learning_rate': 5.681963747009259e-05, 'epoch': 4.67}
{'loss': 0.3962, 'learning_rate': 5.6776336731509416e-05, 'epoch': 4.67}
{'loss': 0.378, 'learning_rate': 5.673303599292625e-05, 'epoch': 4.67}
{'loss': 0.4062, 'learning_rate': 5.668973525434309e-05, 'epoch': 4.68}
{'loss': 0.3945, 'learning_rate': 5.6646434515759907e-05, 'epoch': 4.68}
{'loss': 0.367, 'learning_rate': 5.660313377717674e-05, 'epoch': 4.69}
{'loss': 0.4013, 'learning_rate': 5.6559833038593576e-05, 'epoch': 4.69}
{'loss': 0.3775, 'learning_rate': 5.6516532300010404e-05, 'epoch': 4.69}
{'loss': 0.3689, 'learning_rate': 5.6473231561427246e-05, 'epoch': 4.7}
{'loss': 0.3661, 'learning_rate': 5.642993082284407e-05, 'epoch': 4.7}
{'loss': 0.3811, 'learning_rate': 5.638663008426091e-05, 'epoch': 4.71}
{'loss': 0.3633, 'learning_rate': 5.634332934567773e-05, 'epoch': 4.71}
{'loss': 0.3891, 'learning_rate': 5.630002860709457e-05, 'epoch': 4.71}
{'loss': 0.382, 'learning_rate': 5.625672786851139e-05, 'epoch': 4.72}
{'loss': 0.3965, 'learning_rate': 5.621342712992822e-05, 'epoch': 4.72}
{'loss': 0.399, 'learning_rate': 5.6170126391345055e-05, 'epoch': 4.73}
{'loss': 0.3843, 'learning_rate': 5.6126825652761896e-05, 'epoch': 4.73}
{'loss': 0.3887, 'learning_rate': 5.608352491417871e-05, 'epoch': 4.73}
{'loss': 0.4147, 'learning_rate': 5.604022417559556e-05, 'epoch': 4.74}
{'loss': 0.3922, 'learning_rate': 5.599692343701238e-05, 'epoch': 4.74}
{'loss': 0.3661, 'learning_rate': 5.595362269842921e-05, 'epoch': 4.75}
{'loss': 0.3635, 'learning_rate': 5.591032195984604e-05, 'epoch': 4.75}
{'loss': 0.4008, 'learning_rate': 5.5867021221262885e-05, 'epoch': 4.75}
{'loss': 0.3998, 'learning_rate': 5.5823720482679706e-05, 'epoch': 4.76}
{'loss': 0.3705, 'learning_rate': 5.578041974409655e-05, 'epoch': 4.76}
{'loss': 0.3695, 'learning_rate': 5.573711900551337e-05, 'epoch': 4.77}
{'loss': 0.3853, 'learning_rate': 5.5693818266930197e-05, 'epoch': 4.77}
{'loss': 0.3646, 'learning_rate': 5.565051752834704e-05, 'epoch': 4.78}
{'loss': 0.3611, 'learning_rate': 5.560721678976386e-05, 'epoch': 4.78}
{'loss': 0.383, 'learning_rate': 5.55639160511807e-05, 'epoch': 4.78}
{'loss': 0.3875, 'learning_rate': 5.552061531259752e-05, 'epoch': 4.79}
{'loss': 0.377, 'learning_rate': 5.5477314574014364e-05, 'epoch': 4.79}
{'loss': 0.371, 'learning_rate': 5.5434013835431185e-05, 'epoch': 4.8}
{'loss': 0.3807, 'learning_rate': 5.5390713096848026e-05, 'epoch': 4.8}
{'loss': 0.3786, 'learning_rate': 5.534741235826486e-05, 'epoch': 4.8}
{'loss': 0.3607, 'learning_rate': 5.530411161968169e-05, 'epoch': 4.81}
{'loss': 0.3574, 'learning_rate': 5.526081088109851e-05, 'epoch': 4.81}
{'loss': 0.3963, 'learning_rate': 5.521751014251535e-05, 'epoch': 4.82}
{'loss': 0.3877, 'learning_rate': 5.517420940393217e-05, 'epoch': 4.82}
{'loss': 0.4085, 'learning_rate': 5.5131774680120675e-05, 'epoch': 4.82}
{'loss': 0.4204, 'learning_rate': 5.5088473941537496e-05, 'epoch': 4.83}
{'loss': 0.4013, 'learning_rate': 5.504517320295434e-05, 'epoch': 4.83}
{'loss': 0.3847, 'learning_rate': 5.500187246437117e-05, 'epoch': 4.84}
{'loss': 0.3959, 'learning_rate': 5.495857172578799e-05, 'epoch': 4.84}
{'loss': 0.3885, 'learning_rate': 5.491527098720483e-05, 'epoch': 4.84}
{'loss': 0.388, 'learning_rate': 5.487197024862168e-05, 'epoch': 4.85}
{'loss': 0.4124, 'learning_rate': 5.482866951003849e-05, 'epoch': 4.85}
{'loss': 0.3727, 'learning_rate': 5.4785368771455326e-05, 'epoch': 4.86}
{'loss': 0.3667, 'learning_rate': 5.474206803287216e-05, 'epoch': 4.86}
{'loss': 0.3802, 'learning_rate': 5.469876729428899e-05, 'epoch': 4.86}
{'loss': 0.3641, 'learning_rate': 5.4655466555705824e-05, 'epoch': 4.87}
{'loss': 0.3428, 'learning_rate': 5.4612165817122665e-05, 'epoch': 4.87}
{'loss': 0.3869, 'learning_rate': 5.456886507853948e-05, 'epoch': 4.88}
{'loss': 0.4178, 'learning_rate': 5.45255643399563e-05, 'epoch': 4.88}
{'loss': 0.3954, 'learning_rate': 5.448226360137315e-05, 'epoch': 4.89}
{'loss': 0.399, 'learning_rate': 5.443896286278998e-05, 'epoch': 4.89}
{'loss': 0.3987, 'learning_rate': 5.4395662124206805e-05, 'epoch': 4.89}
{'loss': 0.3498, 'learning_rate': 5.4352361385623626e-05, 'epoch': 4.9}
{'loss': 0.3873, 'learning_rate': 5.4309060647040475e-05, 'epoch': 4.9}
{'loss': 0.3834, 'learning_rate': 5.426575990845729e-05, 'epoch': 4.91}
{'loss': 0.3913, 'learning_rate': 5.422245916987413e-05, 'epoch': 4.91}
{'loss': 0.4287, 'learning_rate': 5.4179158431290965e-05, 'epoch': 4.91}
{'loss': 0.3909, 'learning_rate': 5.413585769270779e-05, 'epoch': 4.92}
{'loss': 0.3594, 'learning_rate': 5.409255695412463e-05, 'epoch': 4.92}
{'loss': 0.4074, 'learning_rate': 5.404925621554147e-05, 'epoch': 4.93}
{'loss': 0.3925, 'learning_rate': 5.4005955476958284e-05, 'epoch': 4.93}
{'loss': 0.395, 'learning_rate': 5.396265473837512e-05, 'epoch': 4.93}
{'loss': 0.4203, 'learning_rate': 5.3919353999791953e-05, 'epoch': 4.94}
{'loss': 0.3831, 'learning_rate': 5.387605326120878e-05, 'epoch': 4.94}
{'loss': 0.3672, 'learning_rate': 5.3832752522625616e-05, 'epoch': 4.95}
{'loss': 0.3896, 'learning_rate': 5.378945178404246e-05, 'epoch': 4.95}
{'loss': 0.364, 'learning_rate': 5.374615104545928e-05, 'epoch': 4.95}
{'loss': 0.4022, 'learning_rate': 5.370285030687612e-05, 'epoch': 4.96}
{'loss': 0.3798, 'learning_rate': 5.365954956829294e-05, 'epoch': 4.96}
{'loss': 0.3845, 'learning_rate': 5.361624882970977e-05, 'epoch': 4.97}
{'loss': 0.4152, 'learning_rate': 5.35729480911266e-05, 'epoch': 4.97}
{'loss': 0.3785, 'learning_rate': 5.3529647352543446e-05, 'epoch': 4.97}
{'loss': 0.4034, 'learning_rate': 5.348634661396027e-05, 'epoch': 4.98}
{'loss': 0.4038, 'learning_rate': 5.344304587537708e-05, 'epoch': 4.98}
{'loss': 0.3766, 'learning_rate': 5.340061115156559e-05, 'epoch': 4.99}
{'loss': 0.4251, 'learning_rate': 5.335731041298242e-05, 'epoch': 4.99}
{'loss': 0.3942, 'learning_rate': 5.331400967439926e-05, 'epoch': 5.0}
{'loss': 0.3738, 'learning_rate': 5.327070893581608e-05, 'epoch': 5.0}
[INFO|trainer.py:520] 2026-10-04 15:15:59,709 >> The following columns in the evaluation set  don't have a corresponding argument in `PETLEncModel.forward` and have been ignored: hypothesis, premise, idx.
[INFO|trainer.py:2179] 2026-10-04 15:15:59,710 >> ***** Running Evaluation *****
[INFO|trainer.py:2181] 2026-10-04 15:15:59,711 >>   Num examples = 9815
[INFO|trainer.py:2184] 2026-10-04 15:15:59,711 >>   Batch size = 32
{'eval_loss': 0.36474868655204773, 'eval_accuracy': 0.8641874681609781, 'eval_runtime': 11.746, 'eval_samples_per_second': 835.604, 'eval_steps_per_second': 26.137, 'epoch': 5.0}
[INFO|trainer.py:1933] 2026-10-04 15:16:11,458 >> Saving model checkpoint to checkpoints/glue/mnli/20261004/glue.mnli.lora.am_lora.ao_none.fm_none.fo_none.abn.fbn.ac_add.fl_none.finit_bert.fs_1.unfrz_ef_.ne10.warm0.06.wd0.1.seed42./checkpoint-61360
[INFO|configuration_utils.py:364] 2026-10-04 15:16:11,459 >> Configuration saved in checkpoints/glue/mnli/20261004/glue.mnli.lora.am_lora.ao_none.fm_none.fo_none.abn.fbn.ac_add.fl_none.finit_bert.fs_1.unfrz_ef_.ne10.warm0.06.wd0.1.seed42./checkpoint-61360/config.json
[INFO|modeling_utils.py:898] 2026-10-04 15:16:11,707 >> Model weights saved in checkpoints/glue/mnli/20261004/glue.mnli.lora.am_lora.ao_none.fm_none.fo_none.abn.fbn.ac_add.fl_none.finit_bert.fs_1.unfrz_ef_.ne10.warm0.06.wd0.1.seed42./checkpoint-61360/pytorch_model.bin
[INFO|tokenization_utils_base.py:1948] 2026-10-04 15:16:11,708 >> tokenizer config file saved in checkpoints/glue/mnli/20261004/glue.mnli.lora.am_lora.ao_none.fm_none.fo_none.abn.fbn.ac_add.fl_none.finit_bert.fs_1.unfrz_ef_.ne10.warm0.06.wd0.1.seed42./checkpoint-61360/tokenizer_config.json
[INFO|tokenization_utils_base.py:1954] 2026-10-04 15:16:11,709 >> Special tokens file saved in checkpoints/glue/mnli/20261004/glue.mnli.lora.am_lora.ao_none.fm_none.fo_none.abn.fbn.ac_add.fl_none.finit_bert.fs_1.unfrz_ef_.ne10.warm0.06.wd0.1.seed42./checkpoint-61360/special_tokens_map.json
[INFO|trainer.py:2009] 2026-10-04 15:16:11,774 >> Deleting older checkpoint [checkpoints/glue/mnli/20261004/glue.mnli.lora.am_lora.ao_none.fm_none.fo_none.abn.fbn.ac_add.fl_none.finit_bert.fs_1.unfrz_ef_.ne10.warm0.06.wd0.1.seed42./checkpoint-36816] due to args.save_total_limit
/work/unify-parameter-efficient-tuning/src/transformers/trainer.py:1784: FutureWarning: `torch.cuda.amp.autocast(args...)` is deprecated. Please use `torch.amp.autocast('cuda', args...)` instead.
  with autocast():
{'loss': 0.3965, 'learning_rate': 5.322740819723292e-05, 'epoch': 5.0}
{'loss': 0.3883, 'learning_rate': 5.318410745864976e-05, 'epoch': 5.01}
{'loss': 0.352, 'learning_rate': 5.3140806720066585e-05, 'epoch': 5.01}
{'loss': 0.3433, 'learning_rate': 5.309750598148341e-05, 'epoch': 5.02}
{'loss': 0.3811, 'learning_rate': 5.305420524290025e-05, 'epoch': 5.02}
{'loss': 0.377, 'learning_rate': 5.301090450431707e-05, 'epoch': 5.02}
{'loss': 0.3696, 'learning_rate': 5.29676037657339e-05, 'epoch': 5.03}
{'loss': 0.3923, 'learning_rate': 5.2924303027150746e-05, 'epoch': 5.03}
{'loss': 0.3913, 'learning_rate': 5.2881002288567574e-05, 'epoch': 5.04}
{'loss': 0.3517, 'learning_rate': 5.2837701549984395e-05, 'epoch': 5.04}
{'loss': 0.3631, 'learning_rate': 5.2794400811401236e-05, 'epoch': 5.04}
{'loss': 0.3502, 'learning_rate': 5.275110007281806e-05, 'epoch': 5.05}
{'loss': 0.3664, 'learning_rate': 5.2707799334234886e-05, 'epoch': 5.05}
{'loss': 0.3637, 'learning_rate': 5.266449859565172e-05, 'epoch': 5.06}
{'loss': 0.376, 'learning_rate': 5.262119785706856e-05, 'epoch': 5.06}
{'loss': 0.3738, 'learning_rate': 5.257789711848538e-05, 'epoch': 5.06}
{'loss': 0.3824, 'learning_rate': 5.253459637990221e-05, 'epoch': 5.07}
{'loss': 0.359, 'learning_rate': 5.249129564131905e-05, 'epoch': 5.07}
{'loss': 0.3562, 'learning_rate': 5.2447994902735874e-05, 'epoch': 5.08}
{'loss': 0.4058, 'learning_rate': 5.2404694164152715e-05, 'epoch': 5.08}
{'loss': 0.3809, 'learning_rate': 5.236139342556955e-05, 'epoch': 5.08}
{'loss': 0.3847, 'learning_rate': 5.231809268698638e-05, 'epoch': 5.09}
{'loss': 0.3726, 'learning_rate': 5.22747919484032e-05, 'epoch': 5.09}
{'loss': 0.3828, 'learning_rate': 5.223149120982004e-05, 'epoch': 5.1}
{'loss': 0.3746, 'learning_rate': 5.218819047123686e-05, 'epoch': 5.1}
{'loss': 0.3558, 'learning_rate': 5.2144889732653703e-05, 'epoch': 5.11}
{'loss': 0.3665, 'learning_rate': 5.210158899407054e-05, 'epoch': 5.11}
{'loss': 0.3782, 'learning_rate': 5.2058288255487366e-05, 'epoch': 5.11}
{'loss': 0.3856, 'learning_rate': 5.20149875169042e-05, 'epoch': 5.12}
{'loss': 0.3748, 'learning_rate': 5.1971686778321036e-05, 'epoch': 5.12}
{'loss': 0.3781, 'learning_rate': 5.192838603973785e-05, 'epoch': 5.13}
{'loss': 0.364, 'learning_rate': 5.188508530115469e-05, 'epoch': 5.13}
{'loss': 0.3789, 'learning_rate': 5.1841784562571526e-05, 'epoch': 5.13}
{'loss': 0.3721, 'learning_rate': 5.1798483823988354e-05, 'epoch': 5.14}
{'loss': 0.3654, 'learning_rate': 5.1755183085405176e-05, 'epoch': 5.14}
{'loss': 0.345, 'learning_rate': 5.1711882346822004e-05, 'epoch': 5.15}
{'loss': 0.3787, 'learning_rate': 5.1668581608238845e-05, 'epoch': 5.15}
{'loss': 0.3913, 'learning_rate': 5.1626146884427354e-05, 'epoch': 5.15}
{'loss': 0.394, 'learning_rate': 5.158284614584417e-05, 'epoch': 5.16}
{'loss': 0.3628, 'learning_rate': 5.1539545407261e-05, 'epoch': 5.16}
{'loss': 0.3896, 'learning_rate': 5.149624466867784e-05, 'epoch': 5.17}
{'loss': 0.4103, 'learning_rate': 5.1452943930094666e-05, 'epoch': 5.17}
{'loss': 0.3737, 'learning_rate': 5.1409643191511494e-05, 'epoch': 5.17}
{'loss': 0.373, 'learning_rate': 5.136634245292834e-05, 'epoch': 5.18}
{'loss': 0.3786, 'learning_rate': 5.1323041714345163e-05, 'epoch': 5.18}
{'loss': 0.3874, 'learning_rate': 5.127974097576198e-05, 'epoch': 5.19}
{'loss': 0.378, 'learning_rate': 5.1236440237178826e-05, 'epoch': 5.19}
{'loss': 0.4104, 'learning_rate': 5.1193139498595654e-05, 'epoch': 5.19}
{'loss': 0.372, 'learning_rate': 5.114983876001248e-05, 'epoch': 5.2}
{'loss': 0.3831, 'learning_rate': 5.110653802142932e-05, 'epoch': 5.2}
{'loss': 0.3977, 'learning_rate': 5.106323728284615e-05, 'epoch': 5.21}
{'loss': 0.3822, 'learning_rate': 5.101993654426297e-05, 'epoch': 5.21}
{'loss': 0.3541, 'learning_rate': 5.097663580567981e-05, 'epoch': 5.22}
{'loss': 0.3591, 'learning_rate': 5.093333506709664e-05, 'epoch': 5.22}
{'loss': 0.3867, 'learning_rate': 5.089003432851347e-05, 'epoch': 5.22}
{'loss': 0.3865, 'learning_rate': 5.0846733589930305e-05, 'epoch': 5.23}
{'loss': 0.3833, 'learning_rate': 5.080343285134715e-05, 'epoch': 5.23}
{'loss': 0.3556, 'learning_rate': 5.076013211276397e-05, 'epoch': 5.24}
{'loss': 0.3697, 'learning_rate': 5.071683137418081e-05, 'epoch': 5.24}
{'loss': 0.3397, 'learning_rate': 5.067353063559763e-05, 'epoch': 5.24}
{'loss': 0.4016, 'learning_rate': 5.063022989701446e-05, 'epoch': 5.25}
{'loss': 0.3843, 'learning_rate': 5.058692915843129e-05, 'epoch': 5.25}
{'loss': 0.3701, 'learning_rate': 5.0543628419848135e-05, 'epoch': 5.26}
{'loss': 0.3709, 'learning_rate': 5.0500327681264956e-05, 'epoch': 5.26}
{'loss': 0.4034, 'learning_rate': 5.04570269426818e-05, 'epoch': 5.26}
{'loss': 0.3658, 'learning_rate': 5.041372620409862e-05, 'epoch': 5.27}
{'loss': 0.3473, 'learning_rate': 5.037042546551546e-05, 'epoch': 5.27}
{'loss': 0.358, 'learning_rate': 5.0327124726932275e-05, 'epoch': 5.28}
{'loss': 0.3656, 'learning_rate': 5.028382398834912e-05, 'epoch': 5.28}
{'loss': 0.3751, 'learning_rate': 5.0240523249765944e-05, 'epoch': 5.28}
{'loss': 0.3708, 'learning_rate': 5.019722251118277e-05, 'epoch': 5.29}
{'loss': 0.3504, 'learning_rate': 5.015392177259961e-05, 'epoch': 5.29}
{'loss': 0.3735, 'learning_rate': 5.011062103401645e-05, 'epoch': 5.3}
{'loss': 0.3685, 'learning_rate': 5.006732029543326e-05, 'epoch': 5.3}
{'loss': 0.3638, 'learning_rate': 5.00240195568501e-05, 'epoch': 5.3}
{'loss': 0.3527, 'learning_rate': 4.998071881826693e-05, 'epoch': 5.31}
{'loss': 0.3564, 'learning_rate': 4.993741807968376e-05, 'epoch': 5.31}
{'loss': 0.3853, 'learning_rate': 4.9894117341100595e-05, 'epoch': 5.32}
{'loss': 0.3991, 'learning_rate': 4.985168261728909e-05, 'epoch': 5.32}
{'loss': 0.3635, 'learning_rate': 4.980838187870592e-05, 'epoch': 5.33}
{'loss': 0.3653, 'learning_rate': 4.976508114012275e-05, 'epoch': 5.33}
{'loss': 0.3754, 'learning_rate': 4.972178040153959e-05, 'epoch': 5.33}
{'loss': 0.3793, 'learning_rate': 4.9678479662956416e-05, 'epoch': 5.34}
{'loss': 0.3954, 'learning_rate': 4.963517892437325e-05, 'epoch': 5.34}
{'loss': 0.3827, 'learning_rate': 4.9591878185790086e-05, 'epoch': 5.35}
{'loss': 0.3527, 'learning_rate': 4.954857744720691e-05, 'epoch': 5.35}
{'loss': 0.354, 'learning_rate': 4.950527670862374e-05, 'epoch': 5.35}
{'loss': 0.3851, 'learning_rate': 4.9461975970040576e-05, 'epoch': 5.36}
{'loss': 0.3478, 'learning_rate': 4.9418675231457404e-05, 'epoch': 5.36}
{'loss': 0.3994, 'learning_rate': 4.937537449287424e-05, 'epoch': 5.37}
{'loss': 0.3838, 'learning_rate': 4.933207375429106e-05, 'epoch': 5.37}
{'loss': 0.3586, 'learning_rate': 4.92887730157079e-05, 'epoch': 5.37}
{'loss': 0.3764, 'learning_rate': 4.9245472277124736e-05, 'epoch': 5.38}
{'loss': 0.3329, 'learning_rate': 4.920217153854156e-05, 'epoch': 5.38}
{'loss': 0.3783, 'learning_rate': 4.915887079995839e-05, 'epoch': 5.39}
{'loss': 0.3827, 'learning_rate': 4.911557006137523e-05, 'epoch': 5.39}
{'loss': 0.3859, 'learning_rate': 4.9072269322792055e-05, 'epoch': 5.39}
{'loss': 0.3367, 'learning_rate': 4.902896858420889e-05, 'epoch': 5.4}
{'loss': 0.3997, 'learning_rate': 4.8985667845625725e-05, 'epoch': 5.4}
{'loss': 0.374, 'learning_rate': 4.8942367107042546e-05, 'epoch': 5.41}
{'loss': 0.3886, 'learning_rate': 4.889906636845938e-05, 'epoch': 5.41}
{'loss': 0.405, 'learning_rate': 4.885576562987621e-05, 'epoch': 5.41}
{'loss': 0.3729, 'learning_rate': 4.881246489129304e-05, 'epoch': 5.42}
{'loss': 0.3894, 'learning_rate': 4.876916415270988e-05, 'epoch': 5.42}
{'loss': 0.3884, 'learning_rate': 4.8725863414126706e-05, 'epoch': 5.43}
{'loss': 0.3641, 'learning_rate': 4.868256267554354e-05, 'epoch': 5.43}
{'loss': 0.3517, 'learning_rate': 4.8639261936960376e-05, 'epoch': 5.44}
{'loss': 0.3773, 'learning_rate': 4.85959611983772e-05, 'epoch': 5.44}
{'loss': 0.364, 'learning_rate': 4.855266045979403e-05, 'epoch': 5.44}
{'loss': 0.39, 'learning_rate': 4.8509359721210866e-05, 'epoch': 5.45}
{'loss': 0.3646, 'learning_rate': 4.8466058982627694e-05, 'epoch': 5.45}
{'loss': 0.3584, 'learning_rate': 4.842275824404453e-05, 'epoch': 5.46}
{'loss': 0.3922, 'learning_rate': 4.837945750546135e-05, 'epoch': 5.46}
{'loss': 0.3756, 'learning_rate': 4.8336156766878185e-05, 'epoch': 5.46}
{'loss': 0.3678, 'learning_rate': 4.8292856028295027e-05, 'epoch': 5.47}
{'loss': 0.3891, 'learning_rate': 4.824955528971185e-05, 'epoch': 5.47}
{'loss': 0.3866, 'learning_rate': 4.820625455112868e-05, 'epoch': 5.48}
{'loss': 0.4147, 'learning_rate': 4.816295381254552e-05, 'epoch': 5.48}
{'loss': 0.3521, 'learning_rate': 4.8119653073962345e-05, 'epoch': 5.48}
{'loss': 0.3584, 'learning_rate': 4.807635233537918e-05, 'epoch': 5.49}
{'loss': 0.3377, 'learning_rate': 4.803478362633934e-05, 'epoch': 5.49}
{'loss': 0.3872, 'learning_rate': 4.7991482887756164e-05, 'epoch': 5.5}
{'loss': 0.3497, 'learning_rate': 4.7948182149173e-05, 'epoch': 5.5}
{'loss': 0.376, 'learning_rate': 4.7904881410589833e-05, 'epoch': 5.5}
{'loss': 0.4047, 'learning_rate': 4.786158067200666e-05, 'epoch': 5.51}
{'loss': 0.3587, 'learning_rate': 4.7818279933423496e-05, 'epoch': 5.51}
{'loss': 0.3691, 'learning_rate': 4.777497919484032e-05, 'epoch': 5.52}
{'loss': 0.3669, 'learning_rate': 4.773167845625715e-05, 'epoch': 5.52}
{'loss': 0.3746, 'learning_rate': 4.768837771767399e-05, 'epoch': 5.52}
{'loss': 0.3829, 'learning_rate': 4.7645076979090815e-05, 'epoch': 5.53}
{'loss': 0.3793, 'learning_rate': 4.760177624050765e-05, 'epoch': 5.53}
{'loss': 0.3608, 'learning_rate': 4.7558475501924484e-05, 'epoch': 5.54}
{'loss': 0.3671, 'learning_rate': 4.7515174763341306e-05, 'epoch': 5.54}
{'loss': 0.3831, 'learning_rate': 4.747187402475815e-05, 'epoch': 5.55}
{'loss': 0.3788, 'learning_rate': 4.742857328617498e-05, 'epoch': 5.55}
{'loss': 0.3817, 'learning_rate': 4.73852725475918e-05, 'epoch': 5.55}
{'loss': 0.3964, 'learning_rate': 4.734197180900864e-05, 'epoch': 5.56}
{'loss': 0.3586, 'learning_rate': 4.729867107042547e-05, 'epoch': 5.56}
{'loss': 0.3882, 'learning_rate': 4.72553703318423e-05, 'epoch': 5.57}
{'loss': 0.3644, 'learning_rate': 4.7212069593259135e-05, 'epoch': 5.57}
{'loss': 0.4187, 'learning_rate': 4.7168768854675956e-05, 'epoch': 5.57}
{'loss': 0.391, 'learning_rate': 4.712546811609279e-05, 'epoch': 5.58}
{'loss': 0.357, 'learning_rate': 4.7082167377509626e-05, 'epoch': 5.58}
{'loss': 0.3862, 'learning_rate': 4.7038866638926454e-05, 'epoch': 5.59}
{'loss': 0.3337, 'learning_rate': 4.699556590034329e-05, 'epoch': 5.59}
{'loss': 0.3926, 'learning_rate': 4.6952265161760123e-05, 'epoch': 5.59}
{'loss': 0.3727, 'learning_rate': 4.690896442317695e-05, 'epoch': 5.6}
{'loss': 0.4051, 'learning_rate': 4.6865663684593786e-05, 'epoch': 5.6}
{'loss': 0.3658, 'learning_rate': 4.682236294601062e-05, 'epoch': 5.61}
{'loss': 0.3727, 'learning_rate': 4.677906220742744e-05, 'epoch': 5.61}
{'loss': 0.3567, 'learning_rate': 4.673576146884428e-05, 'epoch': 5.61}
{'loss': 0.3938, 'learning_rate': 4.6692460730261105e-05, 'epoch': 5.62}
{'loss': 0.363, 'learning_rate': 4.664915999167794e-05, 'epoch': 5.62}
{'loss': 0.3834, 'learning_rate': 4.6605859253094774e-05, 'epoch': 5.63}
{'loss': 0.3702, 'learning_rate': 4.6562558514511596e-05, 'epoch': 5.63}
{'loss': 0.3557, 'learning_rate': 4.651925777592843e-05, 'epoch': 5.63}
{'loss': 0.3745, 'learning_rate': 4.647595703734527e-05, 'epoch': 5.64}
{'loss': 0.3725, 'learning_rate': 4.643265629876209e-05, 'epoch': 5.64}
{'loss': 0.3871, 'learning_rate': 4.638935556017893e-05, 'epoch': 5.65}
{'loss': 0.3914, 'learning_rate': 4.634605482159576e-05, 'epoch': 5.65}
{'loss': 0.4039, 'learning_rate': 4.630275408301259e-05, 'epoch': 5.66}
{'loss': 0.3749, 'learning_rate': 4.6260319359201086e-05, 'epoch': 5.66}
{'loss': 0.3642, 'learning_rate': 4.621701862061792e-05, 'epoch': 5.66}
{'loss': 0.3738, 'learning_rate': 4.617371788203475e-05, 'epoch': 5.67}
{'loss': 0.3792, 'learning_rate': 4.6130417143451583e-05, 'epoch': 5.67}
{'loss': 0.3733, 'learning_rate': 4.6087116404868405e-05, 'epoch': 5.68}
{'loss': 0.3971, 'learning_rate': 4.604381566628524e-05, 'epoch': 5.68}
{'loss': 0.3692, 'learning_rate': 4.6000514927702074e-05, 'epoch': 5.68}
{'loss': 0.3617, 'learning_rate': 4.59572141891189e-05, 'epoch': 5.69}
{'loss': 0.3348, 'learning_rate': 4.591391345053574e-05, 'epoch': 5.69}
{'loss': 0.3819, 'learning_rate': 4.587061271195257e-05, 'epoch': 5.7}
{'loss': 0.401, 'learning_rate': 4.582731197336939e-05, 'epoch': 5.7}
{'loss': 0.3664, 'learning_rate': 4.5784011234786234e-05, 'epoch': 5.7}
{'loss': 0.3779, 'learning_rate': 4.574071049620307e-05, 'epoch': 5.71}
{'loss': 0.3639, 'learning_rate': 4.569740975761989e-05, 'epoch': 5.71}
{'loss': 0.393, 'learning_rate': 4.5654109019036725e-05, 'epoch': 5.72}
{'loss': 0.3613, 'learning_rate': 4.561080828045355e-05, 'epoch': 5.72}
{'loss': 0.3945, 'learning_rate': 4.556750754187039e-05, 'epoch': 5.72}
{'loss': 0.4249, 'learning_rate': 4.552420680328722e-05, 'epoch': 5.73}
{'loss': 0.3782, 'learning_rate': 4.5480906064704044e-05, 'epoch': 5.73}
{'loss': 0.3873, 'learning_rate': 4.543760532612088e-05, 'epoch': 5.74}
{'loss': 0.3776, 'learning_rate': 4.539430458753771e-05, 'epoch': 5.74}
{'loss': 0.3734, 'learning_rate': 4.535100384895454e-05, 'epoch': 5.74}
{'loss': 0.3885, 'learning_rate': 4.5307703110371376e-05, 'epoch': 5.75}
{'loss': 0.3781, 'learning_rate': 4.526440237178821e-05, 'epoch': 5.75}
{'loss': 0.3908, 'learning_rate': 4.522110163320504e-05, 'epoch': 5.76}
{'loss': 0.4143, 'learning_rate': 4.5177800894621874e-05, 'epoch': 5.76}
{'loss': 0.3706, 'learning_rate': 4.5134500156038695e-05, 'epoch': 5.77}
{'loss': 0.38, 'learning_rate': 4.509119941745553e-05, 'epoch': 5.77}
{'loss': 0.3902, 'learning_rate': 4.5047898678872364e-05, 'epoch': 5.77}
{'loss': 0.3462, 'learning_rate': 4.500459794028919e-05, 'epoch': 5.78}
{'loss': 0.3697, 'learning_rate': 4.496129720170603e-05, 'epoch': 5.78}
{'loss': 0.4113, 'learning_rate': 4.491799646312286e-05, 'epoch': 5.79}
{'loss': 0.4119, 'learning_rate': 4.487469572453968e-05, 'epoch': 5.79}
{'loss': 0.4003, 'learning_rate': 4.483139498595652e-05, 'epoch': 5.79}
{'loss': 0.393, 'learning_rate': 4.478809424737336e-05, 'epoch': 5.8}
{'loss': 0.3652, 'learning_rate': 4.474479350879018e-05, 'epoch': 5.8}
{'loss': 0.3806, 'learning_rate': 4.4701492770207015e-05, 'epoch': 5.81}
{'loss': 0.3743, 'learning_rate': 4.465819203162385e-05, 'epoch': 5.81}
{'loss': 0.3524, 'learning_rate': 4.461489129304068e-05, 'epoch': 5.81}
{'loss': 0.3806, 'learning_rate': 4.457159055445751e-05, 'epoch': 5.82}
{'loss': 0.3912, 'learning_rate': 4.4528289815874334e-05, 'epoch': 5.82}
{'loss': 0.3657, 'learning_rate': 4.448498907729117e-05, 'epoch': 5.83}
{'loss': 0.3549, 'learning_rate': 4.4441688338708003e-05, 'epoch': 5.83}
{'loss': 0.3661, 'learning_rate': 4.439838760012483e-05, 'epoch': 5.83}
{'loss': 0.3895, 'learning_rate': 4.4355086861541666e-05, 'epoch': 5.84}
{'loss': 0.3614, 'learning_rate': 4.43117861229585e-05, 'epoch': 5.84}
{'loss': 0.3977, 'learning_rate': 4.426848538437532e-05, 'epoch': 5.85}
{'loss': 0.3529, 'learning_rate': 4.4225184645792164e-05, 'epoch': 5.85}
{'loss': 0.3413, 'learning_rate': 4.4181883907209e-05, 'epoch': 5.85}
{'loss': 0.3798, 'learning_rate': 4.413858316862582e-05, 'epoch': 5.86}
{'loss': 0.3868, 'learning_rate': 4.4095282430042654e-05, 'epoch': 5.86}
{'loss': 0.414, 'learning_rate': 4.405198169145948e-05, 'epoch': 5.87}
{'loss': 0.3877, 'learning_rate': 4.400868095287632e-05, 'epoch': 5.87}
{'loss': 0.3492, 'learning_rate': 4.396538021429315e-05, 'epoch': 5.88}
{'loss': 0.3685, 'learning_rate': 4.392207947570997e-05, 'epoch': 5.88}
{'loss': 0.3754, 'learning_rate': 4.387877873712681e-05, 'epoch': 5.88}
{'loss': 0.3566, 'learning_rate': 4.383547799854365e-05, 'epoch': 5.89}
{'loss': 0.3877, 'learning_rate': 4.379217725996047e-05, 'epoch': 5.89}
{'loss': 0.3619, 'learning_rate': 4.3748876521377305e-05, 'epoch': 5.9}
{'loss': 0.3831, 'learning_rate': 4.370557578279414e-05, 'epoch': 5.9}
{'loss': 0.3609, 'learning_rate': 4.366227504421097e-05, 'epoch': 5.9}
{'loss': 0.3668, 'learning_rate': 4.36189743056278e-05, 'epoch': 5.91}
{'loss': 0.3487, 'learning_rate': 4.357567356704464e-05, 'epoch': 5.91}
{'loss': 0.336, 'learning_rate': 4.353237282846146e-05, 'epoch': 5.92}
{'loss': 0.3644, 'learning_rate': 4.3489072089878293e-05, 'epoch': 5.92}
{'loss': 0.3532, 'learning_rate': 4.344577135129512e-05, 'epoch': 5.92}
{'loss': 0.3754, 'learning_rate': 4.3402470612711956e-05, 'epoch': 5.93}
{'loss': 0.3625, 'learning_rate': 4.335916987412879e-05, 'epoch': 5.93}
{'loss': 0.3542, 'learning_rate': 4.331586913554561e-05, 'epoch': 5.94}
{'loss': 0.3784, 'learning_rate': 4.3272568396962454e-05, 'epoch': 5.94}
{'loss': 0.3449, 'learning_rate': 4.322926765837929e-05, 'epoch': 5.94}
{'loss': 0.3356, 'learning_rate': 4.318596691979611e-05, 'epoch': 5.95}
{'loss': 0.3527, 'learning_rate': 4.3142666181212944e-05, 'epoch': 5.95}
{'loss': 0.397, 'learning_rate': 4.309936544262978e-05, 'epoch': 5.96}
{'loss': 0.377, 'learning_rate': 4.305606470404661e-05, 'epoch': 5.96}
{'loss': 0.3545, 'learning_rate': 4.301276396546344e-05, 'epoch': 5.96}
{'loss': 0.4039, 'learning_rate': 4.296946322688026e-05, 'epoch': 5.97}
{'loss': 0.3894, 'learning_rate': 4.29261624882971e-05, 'epoch': 5.97}
{'loss': 0.3589, 'learning_rate': 4.288286174971393e-05, 'epoch': 5.98}
{'loss': 0.4008, 'learning_rate': 4.283956101113076e-05, 'epoch': 5.98}
{'loss': 0.3989, 'learning_rate': 4.2796260272547595e-05, 'epoch': 5.99}
{'loss': 0.4083, 'learning_rate': 4.275295953396443e-05, 'epoch': 5.99}
{'loss': 0.3921, 'learning_rate': 4.271052481015292e-05, 'epoch': 5.99}
{'loss': 0.3679, 'learning_rate': 4.2667224071569753e-05, 'epoch': 6.0}
[INFO|trainer.py:520] 2026-10-04 15:22:21,289 >> The following columns in the evaluation set  don't have a corresponding argument in `PETLEncModel.forward` and have been ignored: hypothesis, premise, idx.
[INFO|trainer.py:2179] 2026-10-04 15:22:21,291 >> ***** Running Evaluation *****
[INFO|trainer.py:2181] 2026-10-04 15:22:21,291 >>   Num examples = 9815
[INFO|trainer.py:2184] 2026-10-04 15:22:21,291 >>   Batch size = 32
{'eval_loss': 0.35582292079925537, 'eval_accuracy': 0.867142129393785, 'eval_runtime': 11.9735, 'eval_samples_per_second': 819.724, 'eval_steps_per_second': 25.64, 'epoch': 6.0}
[INFO|trainer.py:1933] 2026-10-04 15:22:33,266 >> Saving model checkpoint to checkpoints/glue/mnli/20261004/glue.mnli.lora.am_lora.ao_none.fm_none.fo_none.abn.fbn.ac_add.fl_none.finit_bert.fs_1.unfrz_ef_.ne10.warm0.06.wd0.1.seed42./checkpoint-73632
[INFO|configuration_utils.py:364] 2026-10-04 15:22:33,268 >> Configuration saved in checkpoints/glue/mnli/20261004/glue.mnli.lora.am_lora.ao_none.fm_none.fo_none.abn.fbn.ac_add.fl_none.finit_bert.fs_1.unfrz_ef_.ne10.warm0.06.wd0.1.seed42./checkpoint-73632/config.json
[INFO|modeling_utils.py:898] 2026-10-04 15:22:33,528 >> Model weights saved in checkpoints/glue/mnli/20261004/glue.mnli.lora.am_lora.ao_none.fm_none.fo_none.abn.fbn.ac_add.fl_none.finit_bert.fs_1.unfrz_ef_.ne10.warm0.06.wd0.1.seed42./checkpoint-73632/pytorch_model.bin
[INFO|tokenization_utils_base.py:1948] 2026-10-04 15:22:33,529 >> tokenizer config file saved in checkpoints/glue/mnli/20261004/glue.mnli.lora.am_lora.ao_none.fm_none.fo_none.abn.fbn.ac_add.fl_none.finit_bert.fs_1.unfrz_ef_.ne10.warm0.06.wd0.1.seed42./checkpoint-73632/tokenizer_config.json
[INFO|tokenization_utils_base.py:1954] 2026-10-04 15:22:33,530 >> Special tokens file saved in checkpoints/glue/mnli/20261004/glue.mnli.lora.am_lora.ao_none.fm_none.fo_none.abn.fbn.ac_add.fl_none.finit_bert.fs_1.unfrz_ef_.ne10.warm0.06.wd0.1.seed42./checkpoint-73632/special_tokens_map.json
[INFO|trainer.py:2009] 2026-10-04 15:22:33,599 >> Deleting older checkpoint [checkpoints/glue/mnli/20261004/glue.mnli.lora.am_lora.ao_none.fm_none.fo_none.abn.fbn.ac_add.fl_none.finit_bert.fs_1.unfrz_ef_.ne10.warm0.06.wd0.1.seed42./checkpoint-49088] due to args.save_total_limit
/work/unify-parameter-efficient-tuning/src/transformers/trainer.py:1784: FutureWarning: `torch.cuda.amp.autocast(args...)` is deprecated. Please use `torch.amp.autocast('cuda', args...)` instead.
  with autocast():
{'loss': 0.3702, 'learning_rate': 4.262392333298659e-05, 'epoch': 6.0}
{'loss': 0.3841, 'learning_rate': 4.2580622594403416e-05, 'epoch': 6.01}
{'loss': 0.3897, 'learning_rate': 4.253732185582025e-05, 'epoch': 6.01}
{'loss': 0.3676, 'learning_rate': 4.2494021117237086e-05, 'epoch': 6.01}
{'loss': 0.3567, 'learning_rate': 4.245072037865391e-05, 'epoch': 6.02}
{'loss': 0.3754, 'learning_rate': 4.240741964007074e-05, 'epoch': 6.02}
{'loss': 0.3409, 'learning_rate': 4.236411890148757e-05, 'epoch': 6.03}
{'loss': 0.3751, 'learning_rate': 4.2320818162904404e-05, 'epoch': 6.03}
{'loss': 0.3492, 'learning_rate': 4.227751742432124e-05, 'epoch': 6.03}
{'loss': 0.3576, 'learning_rate': 4.223421668573806e-05, 'epoch': 6.04}
{'loss': 0.3638, 'learning_rate': 4.2190915947154895e-05, 'epoch': 6.04}
{'loss': 0.3599, 'learning_rate': 4.214761520857174e-05, 'epoch': 6.05}
{'loss': 0.3577, 'learning_rate': 4.210431446998856e-05, 'epoch': 6.05}
{'loss': 0.3879, 'learning_rate': 4.206101373140539e-05, 'epoch': 6.05}
{'loss': 0.3733, 'learning_rate': 4.201771299282223e-05, 'epoch': 6.06}
{'loss': 0.3714, 'learning_rate': 4.1974412254239055e-05, 'epoch': 6.06}
{'loss': 0.3578, 'learning_rate': 4.193111151565589e-05, 'epoch': 6.07}
{'loss': 0.3554, 'learning_rate': 4.188781077707271e-05, 'epoch': 6.07}
{'loss': 0.3807, 'learning_rate': 4.1844510038489546e-05, 'epoch': 6.07}
{'loss': 0.3821, 'learning_rate': 4.180120929990638e-05, 'epoch': 6.08}
{'loss': 0.3517, 'learning_rate': 4.175790856132321e-05, 'epoch': 6.08}
{'loss': 0.3464, 'learning_rate': 4.1714607822740044e-05, 'epoch': 6.09}
{'loss': 0.3776, 'learning_rate': 4.167130708415688e-05, 'epoch': 6.09}
{'loss': 0.349, 'learning_rate': 4.16280063455737e-05, 'epoch': 6.1}
{'loss': 0.4061, 'learning_rate': 4.158470560699054e-05, 'epoch': 6.1}
{'loss': 0.345, 'learning_rate': 4.1541404868407376e-05, 'epoch': 6.1}
{'loss': 0.3767, 'learning_rate': 4.14981041298242e-05, 'epoch': 6.11}
{'loss': 0.3862, 'learning_rate': 4.145480339124103e-05, 'epoch': 6.11}
{'loss': 0.3667, 'learning_rate': 4.141150265265786e-05, 'epoch': 6.12}
{'loss': 0.3735, 'learning_rate': 4.1368201914074694e-05, 'epoch': 6.12}
{'loss': 0.3677, 'learning_rate': 4.132490117549153e-05, 'epoch': 6.12}
{'loss': 0.4005, 'learning_rate': 4.128160043690835e-05, 'epoch': 6.13}
{'loss': 0.3814, 'learning_rate': 4.1238299698325185e-05, 'epoch': 6.13}
{'loss': 0.3964, 'learning_rate': 4.119499895974202e-05, 'epoch': 6.14}
{'loss': 0.3641, 'learning_rate': 4.115169822115885e-05, 'epoch': 6.14}
{'loss': 0.3673, 'learning_rate': 4.110839748257568e-05, 'epoch': 6.14}
{'loss': 0.3459, 'learning_rate': 4.106509674399252e-05, 'epoch': 6.15}
{'loss': 0.3551, 'learning_rate': 4.1021796005409345e-05, 'epoch': 6.15}
{'loss': 0.3669, 'learning_rate': 4.097936128159784e-05, 'epoch': 6.16}
{'loss': 0.3603, 'learning_rate': 4.0936060543014676e-05, 'epoch': 6.16}
{'loss': 0.373, 'learning_rate': 4.0892759804431503e-05, 'epoch': 6.16}
{'loss': 0.3582, 'learning_rate': 4.084945906584834e-05, 'epoch': 6.17}
{'loss': 0.3886, 'learning_rate': 4.080615832726516e-05, 'epoch': 6.17}
{'loss': 0.3722, 'learning_rate': 4.0762857588681994e-05, 'epoch': 6.18}
{'loss': 0.35, 'learning_rate': 4.071955685009883e-05, 'epoch': 6.18}
{'loss': 0.3913, 'learning_rate': 4.067625611151566e-05, 'epoch': 6.18}
{'loss': 0.3648, 'learning_rate': 4.063295537293249e-05, 'epoch': 6.19}
{'loss': 0.3806, 'learning_rate': 4.0589654634349326e-05, 'epoch': 6.19}
{'loss': 0.3674, 'learning_rate': 4.054635389576615e-05, 'epoch': 6.2}
{'loss': 0.3878, 'learning_rate': 4.050305315718298e-05, 'epoch': 6.2}
{'loss': 0.3694, 'learning_rate': 4.0459752418599824e-05, 'epoch': 6.21}
{'loss': 0.359, 'learning_rate': 4.0416451680016645e-05, 'epoch': 6.21}
{'loss': 0.3823, 'learning_rate': 4.037315094143348e-05, 'epoch': 6.21}
{'loss': 0.3889, 'learning_rate': 4.032985020285031e-05, 'epoch': 6.22}
{'loss': 0.3279, 'learning_rate': 4.028654946426714e-05, 'epoch': 6.22}
{'loss': 0.3561, 'learning_rate': 4.024324872568398e-05, 'epoch': 6.23}
{'loss': 0.3912, 'learning_rate': 4.01999479871008e-05, 'epoch': 6.23}
{'loss': 0.4006, 'learning_rate': 4.015664724851763e-05, 'epoch': 6.23}
{'loss': 0.3415, 'learning_rate': 4.011334650993447e-05, 'epoch': 6.24}
{'loss': 0.3719, 'learning_rate': 4.0070045771351296e-05, 'epoch': 6.24}
{'loss': 0.3677, 'learning_rate': 4.002674503276813e-05, 'epoch': 6.25}
{'loss': 0.3492, 'learning_rate': 3.9983444294184966e-05, 'epoch': 6.25}
{'loss': 0.3612, 'learning_rate': 3.994014355560179e-05, 'epoch': 6.25}
{'loss': 0.3702, 'learning_rate': 3.989684281701863e-05, 'epoch': 6.26}
{'loss': 0.364, 'learning_rate': 3.985354207843546e-05, 'epoch': 6.26}
{'loss': 0.3744, 'learning_rate': 3.9810241339852284e-05, 'epoch': 6.27}
{'loss': 0.3623, 'learning_rate': 3.976694060126912e-05, 'epoch': 6.27}
{'loss': 0.3515, 'learning_rate': 3.972363986268595e-05, 'epoch': 6.27}
{'loss': 0.3621, 'learning_rate': 3.968033912410278e-05, 'epoch': 6.28}
{'loss': 0.3712, 'learning_rate': 3.9637038385519617e-05, 'epoch': 6.28}
{'loss': 0.3402, 'learning_rate': 3.959373764693644e-05, 'epoch': 6.29}
{'loss': 0.3931, 'learning_rate': 3.955043690835327e-05, 'epoch': 6.29}
{'loss': 0.3518, 'learning_rate': 3.950713616977011e-05, 'epoch': 6.29}
{'loss': 0.4021, 'learning_rate': 3.9463835431186935e-05, 'epoch': 6.3}
{'loss': 0.3588, 'learning_rate': 3.942053469260377e-05, 'epoch': 6.3}
{'loss': 0.3734, 'learning_rate': 3.9377233954020605e-05, 'epoch': 6.31}
{'loss': 0.3678, 'learning_rate': 3.933393321543743e-05, 'epoch': 6.31}
{'loss': 0.3691, 'learning_rate': 3.929063247685427e-05, 'epoch': 6.32}
{'loss': 0.3881, 'learning_rate': 3.924733173827109e-05, 'epoch': 6.32}
{'loss': 0.3814, 'learning_rate': 3.9204030999687923e-05, 'epoch': 6.32}
{'loss': 0.3633, 'learning_rate': 3.9161596275876426e-05, 'epoch': 6.33}
{'loss': 0.3721, 'learning_rate': 3.911829553729325e-05, 'epoch': 6.33}
{'loss': 0.354, 'learning_rate': 3.907499479871008e-05, 'epoch': 6.34}
{'loss': 0.3646, 'learning_rate': 3.9031694060126916e-05, 'epoch': 6.34}
{'loss': 0.3752, 'learning_rate': 3.8988393321543744e-05, 'epoch': 6.34}
{'loss': 0.3832, 'learning_rate': 3.894509258296058e-05, 'epoch': 6.35}
{'loss': 0.3892, 'learning_rate': 3.8901791844377414e-05, 'epoch': 6.35}
{'loss': 0.3728, 'learning_rate': 3.8858491105794235e-05, 'epoch': 6.36}
{'loss': 0.3746, 'learning_rate': 3.881519036721107e-05, 'epoch': 6.36}
{'loss': 0.3776, 'learning_rate': 3.877188962862791e-05, 'epoch': 6.36}
{'loss': 0.3633, 'learning_rate': 3.872858889004473e-05, 'epoch': 6.37}
{'loss': 0.3324, 'learning_rate': 3.868528815146157e-05, 'epoch': 6.37}
{'loss': 0.3725, 'learning_rate': 3.8641987412878395e-05, 'epoch': 6.38}
{'loss': 0.36, 'learning_rate': 3.859868667429523e-05, 'epoch': 6.38}
{'loss': 0.393, 'learning_rate': 3.8555385935712065e-05, 'epoch': 6.38}
{'loss': 0.3549, 'learning_rate': 3.8512085197128886e-05, 'epoch': 6.39}
{'loss': 0.3632, 'learning_rate': 3.846878445854572e-05, 'epoch': 6.39}
{'loss': 0.3869, 'learning_rate': 3.8425483719962555e-05, 'epoch': 6.4}
{'loss': 0.3736, 'learning_rate': 3.8382182981379383e-05, 'epoch': 6.4}
{'loss': 0.3562, 'learning_rate': 3.833888224279622e-05, 'epoch': 6.4}
{'loss': 0.3753, 'learning_rate': 3.829558150421305e-05, 'epoch': 6.41}
{'loss': 0.365, 'learning_rate': 3.825228076562988e-05, 'epoch': 6.41}
{'loss': 0.371, 'learning_rate': 3.8208980027046716e-05, 'epoch': 6.42}
{'loss': 0.3563, 'learning_rate': 3.816567928846354e-05, 'epoch': 6.42}
{'loss': 0.374, 'learning_rate': 3.812237854988037e-05, 'epoch': 6.43}
{'loss': 0.3496, 'learning_rate': 3.8079077811297206e-05, 'epoch': 6.43}
{'loss': 0.3651, 'learning_rate': 3.8035777072714034e-05, 'epoch': 6.43}
{'loss': 0.3656, 'learning_rate': 3.799247633413087e-05, 'epoch': 6.44}
{'loss': 0.3386, 'learning_rate': 3.7949175595547704e-05, 'epoch': 6.44}
{'loss': 0.3616, 'learning_rate': 3.7905874856964525e-05, 'epoch': 6.45}
{'loss': 0.3567, 'learning_rate': 3.786257411838136e-05, 'epoch': 6.45}
{'loss': 0.3866, 'learning_rate': 3.78192733797982e-05, 'epoch': 6.45}
{'loss': 0.3908, 'learning_rate': 3.777597264121502e-05, 'epoch': 6.46}
{'loss': 0.3516, 'learning_rate': 3.773267190263186e-05, 'epoch': 6.46}
{'loss': 0.3735, 'learning_rate': 3.7689371164048685e-05, 'epoch': 6.47}
{'loss': 0.3728, 'learning_rate': 3.764607042546552e-05, 'epoch': 6.47}
{'loss': 0.3344, 'learning_rate': 3.7602769686882355e-05, 'epoch': 6.47}
{'loss': 0.3612, 'learning_rate': 3.7559468948299176e-05, 'epoch': 6.48}
{'loss': 0.4032, 'learning_rate': 3.751616820971601e-05, 'epoch': 6.48}
{'loss': 0.3463, 'learning_rate': 3.7472867471132846e-05, 'epoch': 6.49}
{'loss': 0.3519, 'learning_rate': 3.7429566732549673e-05, 'epoch': 6.49}
{'loss': 0.3547, 'learning_rate': 3.738713200873817e-05, 'epoch': 6.49}
{'loss': 0.3641, 'learning_rate': 3.7343831270155004e-05, 'epoch': 6.5}
{'loss': 0.384, 'learning_rate': 3.730053053157183e-05, 'epoch': 6.5}
{'loss': 0.3751, 'learning_rate': 3.7257229792988666e-05, 'epoch': 6.51}
{'loss': 0.3484, 'learning_rate': 3.72139290544055e-05, 'epoch': 6.51}
{'loss': 0.3531, 'learning_rate': 3.717062831582232e-05, 'epoch': 6.51}
{'loss': 0.3759, 'learning_rate': 3.7127327577239164e-05, 'epoch': 6.52}
{'loss': 0.3489, 'learning_rate': 3.7084026838655985e-05, 'epoch': 6.52}
{'loss': 0.3586, 'learning_rate': 3.704072610007282e-05, 'epoch': 6.53}
{'loss': 0.4032, 'learning_rate': 3.6997425361489655e-05, 'epoch': 6.53}
{'loss': 0.3631, 'learning_rate': 3.695412462290648e-05, 'epoch': 6.54}
{'loss': 0.3514, 'learning_rate': 3.691082388432332e-05, 'epoch': 6.54}
{'loss': 0.3742, 'learning_rate': 3.686752314574015e-05, 'epoch': 6.54}
{'loss': 0.3531, 'learning_rate': 3.682422240715697e-05, 'epoch': 6.55}
{'loss': 0.3794, 'learning_rate': 3.678092166857381e-05, 'epoch': 6.55}
{'loss': 0.3715, 'learning_rate': 3.673762092999064e-05, 'epoch': 6.56}
{'loss': 0.3746, 'learning_rate': 3.669432019140747e-05, 'epoch': 6.56}
{'loss': 0.3643, 'learning_rate': 3.6651019452824305e-05, 'epoch': 6.56}
{'loss': 0.3732, 'learning_rate': 3.660771871424113e-05, 'epoch': 6.57}
{'loss': 0.3547, 'learning_rate': 3.656441797565797e-05, 'epoch': 6.57}
{'loss': 0.3542, 'learning_rate': 3.65211172370748e-05, 'epoch': 6.58}
{'loss': 0.3621, 'learning_rate': 3.6477816498491624e-05, 'epoch': 6.58}
{'loss': 0.3928, 'learning_rate': 3.643451575990846e-05, 'epoch': 6.58}
{'loss': 0.3342, 'learning_rate': 3.6391215021325294e-05, 'epoch': 6.59}
{'loss': 0.3668, 'learning_rate': 3.634791428274212e-05, 'epoch': 6.59}
{'loss': 0.3444, 'learning_rate': 3.6304613544158956e-05, 'epoch': 6.6}
{'loss': 0.3633, 'learning_rate': 3.626131280557579e-05, 'epoch': 6.6}
{'loss': 0.3618, 'learning_rate': 3.621801206699261e-05, 'epoch': 6.6}
{'loss': 0.3723, 'learning_rate': 3.617471132840945e-05, 'epoch': 6.61}
{'loss': 0.3519, 'learning_rate': 3.613141058982629e-05, 'epoch': 6.61}
{'loss': 0.3987, 'learning_rate': 3.608810985124311e-05, 'epoch': 6.62}
{'loss': 0.3411, 'learning_rate': 3.6044809112659945e-05, 'epoch': 6.62}
{'loss': 0.3584, 'learning_rate': 3.600150837407677e-05, 'epoch': 6.62}
{'loss': 0.3458, 'learning_rate': 3.595820763549361e-05, 'epoch': 6.63}
{'loss': 0.3652, 'learning_rate': 3.591490689691044e-05, 'epoch': 6.63}
{'loss': 0.3524, 'learning_rate': 3.587247217309893e-05, 'epoch': 6.64}
{'loss': 0.341, 'learning_rate': 3.5829171434515765e-05, 'epoch': 6.64}
{'loss': 0.3697, 'learning_rate': 3.57858706959326e-05, 'epoch': 6.65}
{'loss': 0.3859, 'learning_rate': 3.574256995734942e-05, 'epoch': 6.65}
{'loss': 0.3398, 'learning_rate': 3.5699269218766256e-05, 'epoch': 6.65}
{'loss': 0.3857, 'learning_rate': 3.565596848018309e-05, 'epoch': 6.66}
{'loss': 0.3624, 'learning_rate': 3.561266774159992e-05, 'epoch': 6.66}
{'loss': 0.4027, 'learning_rate': 3.5569367003016754e-05, 'epoch': 6.67}
{'loss': 0.372, 'learning_rate': 3.5526066264433575e-05, 'epoch': 6.67}
{'loss': 0.3517, 'learning_rate': 3.548276552585041e-05, 'epoch': 6.67}
{'loss': 0.3767, 'learning_rate': 3.543946478726725e-05, 'epoch': 6.68}
{'loss': 0.3611, 'learning_rate': 3.539616404868407e-05, 'epoch': 6.68}
{'loss': 0.3651, 'learning_rate': 3.535286331010091e-05, 'epoch': 6.69}
{'loss': 0.3471, 'learning_rate': 3.530956257151774e-05, 'epoch': 6.69}
{'loss': 0.39, 'learning_rate': 3.526626183293457e-05, 'epoch': 6.69}
{'loss': 0.3671, 'learning_rate': 3.5222961094351405e-05, 'epoch': 6.7}
{'loss': 0.3869, 'learning_rate': 3.517966035576824e-05, 'epoch': 6.7}
{'loss': 0.3752, 'learning_rate': 3.513635961718506e-05, 'epoch': 6.71}
{'loss': 0.3722, 'learning_rate': 3.5093058878601895e-05, 'epoch': 6.71}
{'loss': 0.3433, 'learning_rate': 3.504975814001873e-05, 'epoch': 6.71}
{'loss': 0.3675, 'learning_rate': 3.500645740143556e-05, 'epoch': 6.72}
{'loss': 0.3662, 'learning_rate': 3.496315666285239e-05, 'epoch': 6.72}
{'loss': 0.3458, 'learning_rate': 3.4919855924269214e-05, 'epoch': 6.73}
{'loss': 0.3701, 'learning_rate': 3.4876555185686056e-05, 'epoch': 6.73}
{'loss': 0.4076, 'learning_rate': 3.483325444710289e-05, 'epoch': 6.73}
{'loss': 0.3826, 'learning_rate': 3.478995370851971e-05, 'epoch': 6.74}
{'loss': 0.3756, 'learning_rate': 3.4746652969936546e-05, 'epoch': 6.74}
{'loss': 0.382, 'learning_rate': 3.470335223135338e-05, 'epoch': 6.75}
{'loss': 0.3705, 'learning_rate': 3.466005149277021e-05, 'epoch': 6.75}
{'loss': 0.3844, 'learning_rate': 3.4616750754187044e-05, 'epoch': 6.76}
{'loss': 0.3573, 'learning_rate': 3.457345001560388e-05, 'epoch': 6.76}
{'loss': 0.3814, 'learning_rate': 3.45301492770207e-05, 'epoch': 6.76}
{'loss': 0.3793, 'learning_rate': 3.4486848538437534e-05, 'epoch': 6.77}
{'loss': 0.3524, 'learning_rate': 3.444354779985436e-05, 'epoch': 6.77}
{'loss': 0.3524, 'learning_rate': 3.44002470612712e-05, 'epoch': 6.78}
{'loss': 0.3661, 'learning_rate': 3.435694632268803e-05, 'epoch': 6.78}
{'loss': 0.3846, 'learning_rate': 3.431364558410486e-05, 'epoch': 6.78}
{'loss': 0.3615, 'learning_rate': 3.4270344845521695e-05, 'epoch': 6.79}
{'loss': 0.3986, 'learning_rate': 3.422704410693853e-05, 'epoch': 6.79}
{'loss': 0.3941, 'learning_rate': 3.418374336835535e-05, 'epoch': 6.8}
{'loss': 0.3586, 'learning_rate': 3.4140442629772185e-05, 'epoch': 6.8}
{'loss': 0.3493, 'learning_rate': 3.409714189118902e-05, 'epoch': 6.8}
{'loss': 0.395, 'learning_rate': 3.405384115260585e-05, 'epoch': 6.81}
{'loss': 0.3814, 'learning_rate': 3.401054041402268e-05, 'epoch': 6.81}
{'loss': 0.3393, 'learning_rate': 3.3967239675439504e-05, 'epoch': 6.82}
{'loss': 0.3601, 'learning_rate': 3.392393893685634e-05, 'epoch': 6.82}
{'loss': 0.3707, 'learning_rate': 3.388063819827318e-05, 'epoch': 6.82}
{'loss': 0.3698, 'learning_rate': 3.383733745969e-05, 'epoch': 6.83}
{'loss': 0.3397, 'learning_rate': 3.3794036721106836e-05, 'epoch': 6.83}
{'loss': 0.4103, 'learning_rate': 3.375073598252367e-05, 'epoch': 6.84}
{'loss': 0.3482, 'learning_rate': 3.37074352439405e-05, 'epoch': 6.84}
{'loss': 0.3326, 'learning_rate': 3.3664134505357334e-05, 'epoch': 6.84}
{'loss': 0.3621, 'learning_rate': 3.362083376677417e-05, 'epoch': 6.85}
{'loss': 0.3866, 'learning_rate': 3.357753302819099e-05, 'epoch': 6.85}
{'loss': 0.3472, 'learning_rate': 3.3534232289607825e-05, 'epoch': 6.86}
{'loss': 0.3867, 'learning_rate': 3.349093155102466e-05, 'epoch': 6.86}
{'loss': 0.358, 'learning_rate': 3.344763081244149e-05, 'epoch': 6.87}
{'loss': 0.3336, 'learning_rate': 3.340433007385832e-05, 'epoch': 6.87}
{'loss': 0.3762, 'learning_rate': 3.336102933527514e-05, 'epoch': 6.87}
{'loss': 0.3896, 'learning_rate': 3.3317728596691985e-05, 'epoch': 6.88}
{'loss': 0.3698, 'learning_rate': 3.327442785810882e-05, 'epoch': 6.88}
{'loss': 0.3543, 'learning_rate': 3.323112711952564e-05, 'epoch': 6.89}
{'loss': 0.3413, 'learning_rate': 3.3187826380942475e-05, 'epoch': 6.89}
{'loss': 0.3419, 'learning_rate': 3.314452564235931e-05, 'epoch': 6.89}
{'loss': 0.3855, 'learning_rate': 3.310122490377614e-05, 'epoch': 6.9}
{'loss': 0.3753, 'learning_rate': 3.305792416519297e-05, 'epoch': 6.9}
{'loss': 0.3418, 'learning_rate': 3.301462342660981e-05, 'epoch': 6.91}
{'loss': 0.3937, 'learning_rate': 3.297132268802663e-05, 'epoch': 6.91}
{'loss': 0.381, 'learning_rate': 3.292802194944347e-05, 'epoch': 6.91}
{'loss': 0.3506, 'learning_rate': 3.288472121086029e-05, 'epoch': 6.92}
{'loss': 0.3524, 'learning_rate': 3.2841420472277126e-05, 'epoch': 6.92}
{'loss': 0.3825, 'learning_rate': 3.279811973369396e-05, 'epoch': 6.93}
{'loss': 0.34, 'learning_rate': 3.275481899511079e-05, 'epoch': 6.93}
{'loss': 0.365, 'learning_rate': 3.2711518256527624e-05, 'epoch': 6.93}
{'loss': 0.3289, 'learning_rate': 3.266821751794446e-05, 'epoch': 6.94}
{'loss': 0.3392, 'learning_rate': 3.262491677936128e-05, 'epoch': 6.94}
{'loss': 0.3731, 'learning_rate': 3.2581616040778115e-05, 'epoch': 6.95}
{'loss': 0.3738, 'learning_rate': 3.253831530219495e-05, 'epoch': 6.95}
{'loss': 0.3765, 'learning_rate': 3.249501456361178e-05, 'epoch': 6.95}
{'loss': 0.3944, 'learning_rate': 3.245171382502861e-05, 'epoch': 6.96}
{'loss': 0.3842, 'learning_rate': 3.240841308644543e-05, 'epoch': 6.96}
{'loss': 0.3924, 'learning_rate': 3.2365978362633935e-05, 'epoch': 6.97}
{'loss': 0.3536, 'learning_rate': 3.232267762405077e-05, 'epoch': 6.97}
{'loss': 0.3884, 'learning_rate': 3.227937688546759e-05, 'epoch': 6.98}
{'loss': 0.3817, 'learning_rate': 3.223607614688443e-05, 'epoch': 6.98}
{'loss': 0.3635, 'learning_rate': 3.219277540830127e-05, 'epoch': 6.98}
{'loss': 0.3761, 'learning_rate': 3.214947466971809e-05, 'epoch': 6.99}
{'loss': 0.3786, 'learning_rate': 3.2106173931134924e-05, 'epoch': 6.99}
{'loss': 0.346, 'learning_rate': 3.206287319255176e-05, 'epoch': 7.0}
{'loss': 0.3567, 'learning_rate': 3.2019572453968586e-05, 'epoch': 7.0}
[INFO|trainer.py:520] 2026-10-04 15:28:47,003 >> The following columns in the evaluation set  don't have a corresponding argument in `PETLEncModel.forward` and have been ignored: hypothesis, premise, idx.
[INFO|trainer.py:2179] 2026-10-04 15:28:47,005 >> ***** Running Evaluation *****
[INFO|trainer.py:2181] 2026-10-04 15:28:47,005 >>   Num examples = 9815
[INFO|trainer.py:2184] 2026-10-04 15:28:47,005 >>   Batch size = 32
{'eval_loss': 0.3519444763660431, 'eval_accuracy': 0.8681609780947529, 'eval_runtime': 12.0606, 'eval_samples_per_second': 813.805, 'eval_steps_per_second': 25.455, 'epoch': 7.0}
[INFO|trainer.py:1933] 2026-10-04 15:28:59,066 >> Saving model checkpoint to checkpoints/glue/mnli/20261004/glue.mnli.lora.am_lora.ao_none.fm_none.fo_none.abn.fbn.ac_add.fl_none.finit_bert.fs_1.unfrz_ef_.ne10.warm0.06.wd0.1.seed42./checkpoint-85904
[INFO|configuration_utils.py:364] 2026-10-04 15:28:59,068 >> Configuration saved in checkpoints/glue/mnli/20261004/glue.mnli.lora.am_lora.ao_none.fm_none.fo_none.abn.fbn.ac_add.fl_none.finit_bert.fs_1.unfrz_ef_.ne10.warm0.06.wd0.1.seed42./checkpoint-85904/config.json
[INFO|modeling_utils.py:898] 2026-10-04 15:28:59,318 >> Model weights saved in checkpoints/glue/mnli/20261004/glue.mnli.lora.am_lora.ao_none.fm_none.fo_none.abn.fbn.ac_add.fl_none.finit_bert.fs_1.unfrz_ef_.ne10.warm0.06.wd0.1.seed42./checkpoint-85904/pytorch_model.bin
[INFO|tokenization_utils_base.py:1948] 2026-10-04 15:28:59,320 >> tokenizer config file saved in checkpoints/glue/mnli/20261004/glue.mnli.lora.am_lora.ao_none.fm_none.fo_none.abn.fbn.ac_add.fl_none.finit_bert.fs_1.unfrz_ef_.ne10.warm0.06.wd0.1.seed42./checkpoint-85904/tokenizer_config.json
[INFO|tokenization_utils_base.py:1954] 2026-10-04 15:28:59,322 >> Special tokens file saved in checkpoints/glue/mnli/20261004/glue.mnli.lora.am_lora.ao_none.fm_none.fo_none.abn.fbn.ac_add.fl_none.finit_bert.fs_1.unfrz_ef_.ne10.warm0.06.wd0.1.seed42./checkpoint-85904/special_tokens_map.json
[INFO|trainer.py:2009] 2026-10-04 15:28:59,391 >> Deleting older checkpoint [checkpoints/glue/mnli/20261004/glue.mnli.lora.am_lora.ao_none.fm_none.fo_none.abn.fbn.ac_add.fl_none.finit_bert.fs_1.unfrz_ef_.ne10.warm0.06.wd0.1.seed42./checkpoint-61360] due to args.save_total_limit
/work/unify-parameter-efficient-tuning/src/transformers/trainer.py:1784: FutureWarning: `torch.cuda.amp.autocast(args...)` is deprecated. Please use `torch.amp.autocast('cuda', args...)` instead.
  with autocast():
{'loss': 0.3797, 'learning_rate': 3.197627171538542e-05, 'epoch': 7.0}
{'loss': 0.4042, 'learning_rate': 3.1932970976802256e-05, 'epoch': 7.01}
{'loss': 0.3645, 'learning_rate': 3.188967023821908e-05, 'epoch': 7.01}
{'loss': 0.349, 'learning_rate': 3.184636949963591e-05, 'epoch': 7.02}
{'loss': 0.378, 'learning_rate': 3.180306876105274e-05, 'epoch': 7.02}
{'loss': 0.3432, 'learning_rate': 3.1759768022469575e-05, 'epoch': 7.02}
{'loss': 0.368, 'learning_rate': 3.171646728388641e-05, 'epoch': 7.03}
{'loss': 0.4011, 'learning_rate': 3.167316654530324e-05, 'epoch': 7.03}
{'loss': 0.3234, 'learning_rate': 3.162986580672007e-05, 'epoch': 7.04}
{'loss': 0.3484, 'learning_rate': 3.158656506813691e-05, 'epoch': 7.04}
{'loss': 0.3503, 'learning_rate': 3.154326432955373e-05, 'epoch': 7.04}
{'loss': 0.3499, 'learning_rate': 3.149996359097056e-05, 'epoch': 7.05}
{'loss': 0.3614, 'learning_rate': 3.14566628523874e-05, 'epoch': 7.05}
{'loss': 0.3519, 'learning_rate': 3.1413362113804225e-05, 'epoch': 7.06}
{'loss': 0.3674, 'learning_rate': 3.137006137522106e-05, 'epoch': 7.06}
{'loss': 0.3572, 'learning_rate': 3.1326760636637895e-05, 'epoch': 7.06}
{'loss': 0.3314, 'learning_rate': 3.1283459898054716e-05, 'epoch': 7.07}
{'loss': 0.3329, 'learning_rate': 3.124015915947156e-05, 'epoch': 7.07}
{'loss': 0.3439, 'learning_rate': 3.119685842088838e-05, 'epoch': 7.08}
{'loss': 0.3679, 'learning_rate': 3.1153557682305214e-05, 'epoch': 7.08}
{'loss': 0.3459, 'learning_rate': 3.111025694372205e-05, 'epoch': 7.09}
{'loss': 0.4083, 'learning_rate': 3.1066956205138876e-05, 'epoch': 7.09}
{'loss': 0.3558, 'learning_rate': 3.102365546655571e-05, 'epoch': 7.09}
{'loss': 0.3434, 'learning_rate': 3.0980354727972546e-05, 'epoch': 7.1}
{'loss': 0.3542, 'learning_rate': 3.093705398938937e-05, 'epoch': 7.1}
{'loss': 0.3787, 'learning_rate': 3.08937532508062e-05, 'epoch': 7.11}
{'loss': 0.3896, 'learning_rate': 3.085045251222304e-05, 'epoch': 7.11}
{'loss': 0.3838, 'learning_rate': 3.0807151773639865e-05, 'epoch': 7.11}
{'loss': 0.3541, 'learning_rate': 3.07638510350567e-05, 'epoch': 7.12}
{'loss': 0.3368, 'learning_rate': 3.072055029647352e-05, 'epoch': 7.12}
{'loss': 0.3657, 'learning_rate': 3.067724955789036e-05, 'epoch': 7.13}
{'loss': 0.369, 'learning_rate': 3.063481483407886e-05, 'epoch': 7.13}
{'loss': 0.3461, 'learning_rate': 3.059151409549568e-05, 'epoch': 7.13}
{'loss': 0.3382, 'learning_rate': 3.0548213356912513e-05, 'epoch': 7.14}
{'loss': 0.363, 'learning_rate': 3.0504912618329345e-05, 'epoch': 7.14}
{'loss': 0.382, 'learning_rate': 3.0461611879746173e-05, 'epoch': 7.15}
{'loss': 0.3553, 'learning_rate': 3.0418311141163008e-05, 'epoch': 7.15}
{'loss': 0.3612, 'learning_rate': 3.0375010402579846e-05, 'epoch': 7.15}
{'loss': 0.3559, 'learning_rate': 3.0331709663996667e-05, 'epoch': 7.16}
{'loss': 0.3667, 'learning_rate': 3.02884089254135e-05, 'epoch': 7.16}
{'loss': 0.3633, 'learning_rate': 3.024510818683034e-05, 'epoch': 7.17}
{'loss': 0.3479, 'learning_rate': 3.0201807448247164e-05, 'epoch': 7.17}
{'loss': 0.3906, 'learning_rate': 3.0158506709663996e-05, 'epoch': 7.17}
{'loss': 0.354, 'learning_rate': 3.0115205971080824e-05, 'epoch': 7.18}
{'loss': 0.3768, 'learning_rate': 3.0071905232497662e-05, 'epoch': 7.18}
{'loss': 0.3468, 'learning_rate': 3.0028604493914493e-05, 'epoch': 7.19}
{'loss': 0.3423, 'learning_rate': 2.9985303755331318e-05, 'epoch': 7.19}
{'loss': 0.346, 'learning_rate': 2.9942003016748156e-05, 'epoch': 7.2}
{'loss': 0.3727, 'learning_rate': 2.9898702278164987e-05, 'epoch': 7.2}
{'loss': 0.3517, 'learning_rate': 2.9855401539581812e-05, 'epoch': 7.2}
{'loss': 0.3522, 'learning_rate': 2.981210080099865e-05, 'epoch': 7.21}
{'loss': 0.3349, 'learning_rate': 2.9768800062415485e-05, 'epoch': 7.21}
{'loss': 0.3446, 'learning_rate': 2.9725499323832313e-05, 'epoch': 7.22}
{'loss': 0.361, 'learning_rate': 2.9682198585249144e-05, 'epoch': 7.22}
{'loss': 0.3601, 'learning_rate': 2.963889784666597e-05, 'epoch': 7.22}
{'loss': 0.3666, 'learning_rate': 2.95955971080828e-05, 'epoch': 7.23}
{'loss': 0.3667, 'learning_rate': 2.9552296369499638e-05, 'epoch': 7.23}
{'loss': 0.3689, 'learning_rate': 2.9508995630916463e-05, 'epoch': 7.24}
{'loss': 0.3548, 'learning_rate': 2.9465694892333294e-05, 'epoch': 7.24}
{'loss': 0.321, 'learning_rate': 2.9422394153750132e-05, 'epoch': 7.24}
{'loss': 0.3567, 'learning_rate': 2.9379093415166957e-05, 'epoch': 7.25}
{'loss': 0.3596, 'learning_rate': 2.933579267658379e-05, 'epoch': 7.25}
{'loss': 0.384, 'learning_rate': 2.9292491938000633e-05, 'epoch': 7.26}
{'loss': 0.3606, 'learning_rate': 2.9249191199417454e-05, 'epoch': 7.26}
{'loss': 0.382, 'learning_rate': 2.920589046083429e-05, 'epoch': 7.26}
{'loss': 0.3457, 'learning_rate': 2.9162589722251117e-05, 'epoch': 7.27}
{'loss': 0.3178, 'learning_rate': 2.911928898366795e-05, 'epoch': 7.27}
{'loss': 0.335, 'learning_rate': 2.9075988245084783e-05, 'epoch': 7.28}
{'loss': 0.3391, 'learning_rate': 2.903268750650161e-05, 'epoch': 7.28}
{'loss': 0.3576, 'learning_rate': 2.8989386767918443e-05, 'epoch': 7.28}
{'loss': 0.3772, 'learning_rate': 2.8946086029335277e-05, 'epoch': 7.29}
{'loss': 0.3191, 'learning_rate': 2.8902785290752105e-05, 'epoch': 7.29}
{'loss': 0.3607, 'learning_rate': 2.8860350566940604e-05, 'epoch': 7.3}
{'loss': 0.423, 'learning_rate': 2.8817049828357436e-05, 'epoch': 7.3}
{'loss': 0.3758, 'learning_rate': 2.8774615104545927e-05, 'epoch': 7.31}
{'loss': 0.3626, 'learning_rate': 2.873131436596276e-05, 'epoch': 7.31}
{'loss': 0.3807, 'learning_rate': 2.8688013627379594e-05, 'epoch': 7.31}
{'loss': 0.3659, 'learning_rate': 2.8644712888796415e-05, 'epoch': 7.32}
{'loss': 0.3459, 'learning_rate': 2.8601412150213253e-05, 'epoch': 7.32}
{'loss': 0.3246, 'learning_rate': 2.8558111411630078e-05, 'epoch': 7.33}
{'loss': 0.3704, 'learning_rate': 2.8514810673046916e-05, 'epoch': 7.33}
{'loss': 0.3869, 'learning_rate': 2.8471509934463754e-05, 'epoch': 7.33}
{'loss': 0.3458, 'learning_rate': 2.842820919588057e-05, 'epoch': 7.34}
{'loss': 0.4001, 'learning_rate': 2.838490845729741e-05, 'epoch': 7.34}
{'loss': 0.3843, 'learning_rate': 2.8341607718714248e-05, 'epoch': 7.35}
{'loss': 0.3385, 'learning_rate': 2.8298306980131066e-05, 'epoch': 7.35}
{'loss': 0.3539, 'learning_rate': 2.8255006241547904e-05, 'epoch': 7.35}
{'loss': 0.3575, 'learning_rate': 2.8211705502964735e-05, 'epoch': 7.36}
{'loss': 0.341, 'learning_rate': 2.8168404764381563e-05, 'epoch': 7.36}
{'loss': 0.3659, 'learning_rate': 2.8125104025798398e-05, 'epoch': 7.37}
{'loss': 0.3516, 'learning_rate': 2.8081803287215236e-05, 'epoch': 7.37}
{'loss': 0.3693, 'learning_rate': 2.8038502548632057e-05, 'epoch': 7.37}
{'loss': 0.3617, 'learning_rate': 2.7995201810048892e-05, 'epoch': 7.38}
{'loss': 0.3633, 'learning_rate': 2.795190107146572e-05, 'epoch': 7.38}
{'loss': 0.3765, 'learning_rate': 2.7908600332882555e-05, 'epoch': 7.39}
{'loss': 0.3516, 'learning_rate': 2.7865299594299386e-05, 'epoch': 7.39}
{'loss': 0.3315, 'learning_rate': 2.7821998855716214e-05, 'epoch': 7.39}
{'loss': 0.3565, 'learning_rate': 2.7778698117133052e-05, 'epoch': 7.4}
{'loss': 0.3719, 'learning_rate': 2.7735397378549884e-05, 'epoch': 7.4}
{'loss': 0.3766, 'learning_rate': 2.7692096639966708e-05, 'epoch': 7.41}
{'loss': 0.3707, 'learning_rate': 2.7648795901383546e-05, 'epoch': 7.41}
{'loss': 0.3503, 'learning_rate': 2.7605495162800378e-05, 'epoch': 7.42}
{'loss': 0.3512, 'learning_rate': 2.7562194424217202e-05, 'epoch': 7.42}
{'loss': 0.3752, 'learning_rate': 2.751889368563404e-05, 'epoch': 7.42}
{'loss': 0.3626, 'learning_rate': 2.747559294705086e-05, 'epoch': 7.43}
{'loss': 0.3745, 'learning_rate': 2.7432292208467703e-05, 'epoch': 7.43}
{'loss': 0.3798, 'learning_rate': 2.7388991469884535e-05, 'epoch': 7.44}
{'loss': 0.3791, 'learning_rate': 2.734569073130136e-05, 'epoch': 7.44}
{'loss': 0.3793, 'learning_rate': 2.730238999271819e-05, 'epoch': 7.44}
{'loss': 0.3399, 'learning_rate': 2.725908925413503e-05, 'epoch': 7.45}
{'loss': 0.3554, 'learning_rate': 2.7215788515551853e-05, 'epoch': 7.45}
{'loss': 0.3298, 'learning_rate': 2.7172487776968685e-05, 'epoch': 7.46}
{'loss': 0.3609, 'learning_rate': 2.7129187038385523e-05, 'epoch': 7.46}
{'loss': 0.3505, 'learning_rate': 2.7085886299802347e-05, 'epoch': 7.46}
{'loss': 0.4083, 'learning_rate': 2.704258556121918e-05, 'epoch': 7.47}
{'loss': 0.3526, 'learning_rate': 2.6999284822636007e-05, 'epoch': 7.47}
{'loss': 0.3643, 'learning_rate': 2.6955984084052845e-05, 'epoch': 7.48}
{'loss': 0.3717, 'learning_rate': 2.691268334546968e-05, 'epoch': 7.48}
{'loss': 0.347, 'learning_rate': 2.6869382606886508e-05, 'epoch': 7.48}
{'loss': 0.3431, 'learning_rate': 2.682608186830334e-05, 'epoch': 7.49}
{'loss': 0.3898, 'learning_rate': 2.6782781129720174e-05, 'epoch': 7.49}
{'loss': 0.3739, 'learning_rate': 2.6739480391137002e-05, 'epoch': 7.5}
{'loss': 0.3579, 'learning_rate': 2.6696179652553833e-05, 'epoch': 7.5}
{'loss': 0.3917, 'learning_rate': 2.6652878913970668e-05, 'epoch': 7.5}
{'loss': 0.3661, 'learning_rate': 2.6609578175387496e-05, 'epoch': 7.51}
{'loss': 0.347, 'learning_rate': 2.6566277436804327e-05, 'epoch': 7.51}
{'loss': 0.3441, 'learning_rate': 2.6522976698221162e-05, 'epoch': 7.52}
{'loss': 0.3421, 'learning_rate': 2.6479675959637983e-05, 'epoch': 7.52}
{'loss': 0.3588, 'learning_rate': 2.6436375221054828e-05, 'epoch': 7.53}
{'loss': 0.3479, 'learning_rate': 2.6393074482471646e-05, 'epoch': 7.53}
{'loss': 0.3789, 'learning_rate': 2.6349773743888484e-05, 'epoch': 7.53}
{'loss': 0.352, 'learning_rate': 2.6306473005305322e-05, 'epoch': 7.54}
{'loss': 0.356, 'learning_rate': 2.626317226672214e-05, 'epoch': 7.54}
{'loss': 0.3734, 'learning_rate': 2.6219871528138978e-05, 'epoch': 7.55}
{'loss': 0.3848, 'learning_rate': 2.6176570789555816e-05, 'epoch': 7.55}
{'loss': 0.329, 'learning_rate': 2.6133270050972637e-05, 'epoch': 7.55}
{'loss': 0.3641, 'learning_rate': 2.6089969312389472e-05, 'epoch': 7.56}
{'loss': 0.334, 'learning_rate': 2.604666857380631e-05, 'epoch': 7.56}
{'loss': 0.3818, 'learning_rate': 2.600336783522313e-05, 'epoch': 7.57}
{'loss': 0.3555, 'learning_rate': 2.5960067096639966e-05, 'epoch': 7.57}
{'loss': 0.3565, 'learning_rate': 2.5916766358056794e-05, 'epoch': 7.57}
{'loss': 0.3442, 'learning_rate': 2.587346561947363e-05, 'epoch': 7.58}
{'loss': 0.3542, 'learning_rate': 2.583016488089046e-05, 'epoch': 7.58}
{'loss': 0.3568, 'learning_rate': 2.578686414230729e-05, 'epoch': 7.59}
{'loss': 0.3672, 'learning_rate': 2.5743563403724123e-05, 'epoch': 7.59}
{'loss': 0.376, 'learning_rate': 2.5700262665140955e-05, 'epoch': 7.59}
{'loss': 0.3949, 'learning_rate': 2.5656961926557783e-05, 'epoch': 7.6}
{'loss': 0.3561, 'learning_rate': 2.561366118797462e-05, 'epoch': 7.6}
{'loss': 0.3668, 'learning_rate': 2.5570360449391452e-05, 'epoch': 7.61}
{'loss': 0.3522, 'learning_rate': 2.5527059710808277e-05, 'epoch': 7.61}
{'loss': 0.3815, 'learning_rate': 2.5483758972225115e-05, 'epoch': 7.61}
{'loss': 0.3447, 'learning_rate': 2.5440458233641933e-05, 'epoch': 7.62}
{'loss': 0.3466, 'learning_rate': 2.5397157495058778e-05, 'epoch': 7.62}
{'loss': 0.3542, 'learning_rate': 2.535385675647561e-05, 'epoch': 7.63}
{'loss': 0.3693, 'learning_rate': 2.5310556017892433e-05, 'epoch': 7.63}
{'loss': 0.3725, 'learning_rate': 2.5268121294080932e-05, 'epoch': 7.64}
{'loss': 0.3661, 'learning_rate': 2.522482055549777e-05, 'epoch': 7.64}
{'loss': 0.3714, 'learning_rate': 2.5181519816914588e-05, 'epoch': 7.64}
{'loss': 0.3737, 'learning_rate': 2.5138219078331426e-05, 'epoch': 7.65}
{'loss': 0.3461, 'learning_rate': 2.5094918339748264e-05, 'epoch': 7.65}
{'loss': 0.3898, 'learning_rate': 2.5051617601165082e-05, 'epoch': 7.66}
{'loss': 0.3577, 'learning_rate': 2.500831686258192e-05, 'epoch': 7.66}
{'loss': 0.3501, 'learning_rate': 2.4965016123998755e-05, 'epoch': 7.66}
{'loss': 0.3526, 'learning_rate': 2.492171538541558e-05, 'epoch': 7.67}
{'loss': 0.3923, 'learning_rate': 2.4878414646832415e-05, 'epoch': 7.67}
{'loss': 0.3647, 'learning_rate': 2.483511390824924e-05, 'epoch': 7.68}
{'loss': 0.3479, 'learning_rate': 2.4791813169666077e-05, 'epoch': 7.68}
{'loss': 0.3753, 'learning_rate': 2.4748512431082912e-05, 'epoch': 7.68}
{'loss': 0.3479, 'learning_rate': 2.4705211692499737e-05, 'epoch': 7.69}
{'loss': 0.3614, 'learning_rate': 2.466191095391657e-05, 'epoch': 7.69}
{'loss': 0.3602, 'learning_rate': 2.4618610215333406e-05, 'epoch': 7.7}
{'loss': 0.3627, 'learning_rate': 2.457530947675023e-05, 'epoch': 7.7}
{'loss': 0.3668, 'learning_rate': 2.4532008738167065e-05, 'epoch': 7.7}
{'loss': 0.3614, 'learning_rate': 2.4489574014355564e-05, 'epoch': 7.71}
{'loss': 0.3672, 'learning_rate': 2.444627327577239e-05, 'epoch': 7.71}
{'loss': 0.3535, 'learning_rate': 2.4402972537189224e-05, 'epoch': 7.72}
{'loss': 0.3517, 'learning_rate': 2.4359671798606058e-05, 'epoch': 7.72}
{'loss': 0.3544, 'learning_rate': 2.4316371060022883e-05, 'epoch': 7.72}
{'loss': 0.3525, 'learning_rate': 2.4273070321439718e-05, 'epoch': 7.73}
{'loss': 0.3707, 'learning_rate': 2.4229769582856542e-05, 'epoch': 7.73}
{'loss': 0.3779, 'learning_rate': 2.4186468844273377e-05, 'epoch': 7.74}
{'loss': 0.4115, 'learning_rate': 2.4143168105690215e-05, 'epoch': 7.74}
{'loss': 0.3622, 'learning_rate': 2.409986736710704e-05, 'epoch': 7.75}
{'loss': 0.3355, 'learning_rate': 2.4056566628523874e-05, 'epoch': 7.75}
{'loss': 0.3584, 'learning_rate': 2.401326588994071e-05, 'epoch': 7.75}
{'loss': 0.33, 'learning_rate': 2.3969965151357534e-05, 'epoch': 7.76}
{'loss': 0.3381, 'learning_rate': 2.392666441277437e-05, 'epoch': 7.76}
{'loss': 0.3782, 'learning_rate': 2.3883363674191203e-05, 'epoch': 7.77}
{'loss': 0.3623, 'learning_rate': 2.3840062935608028e-05, 'epoch': 7.77}
{'loss': 0.3653, 'learning_rate': 2.3796762197024863e-05, 'epoch': 7.77}
{'loss': 0.34, 'learning_rate': 2.3753461458441687e-05, 'epoch': 7.78}
{'loss': 0.3595, 'learning_rate': 2.3710160719858522e-05, 'epoch': 7.78}
{'loss': 0.3607, 'learning_rate': 2.366685998127536e-05, 'epoch': 7.79}
{'loss': 0.3317, 'learning_rate': 2.362355924269218e-05, 'epoch': 7.79}
{'loss': 0.3398, 'learning_rate': 2.358025850410902e-05, 'epoch': 7.79}
{'loss': 0.3671, 'learning_rate': 2.3536957765525854e-05, 'epoch': 7.8}
{'loss': 0.3794, 'learning_rate': 2.349365702694268e-05, 'epoch': 7.8}
{'loss': 0.3159, 'learning_rate': 2.3450356288359514e-05, 'epoch': 7.81}
{'loss': 0.344, 'learning_rate': 2.340705554977635e-05, 'epoch': 7.81}
{'loss': 0.3362, 'learning_rate': 2.3363754811193173e-05, 'epoch': 7.81}
{'loss': 0.3916, 'learning_rate': 2.3320454072610008e-05, 'epoch': 7.82}
{'loss': 0.3661, 'learning_rate': 2.3277153334026832e-05, 'epoch': 7.82}
{'loss': 0.3368, 'learning_rate': 2.3233852595443667e-05, 'epoch': 7.83}
{'loss': 0.3562, 'learning_rate': 2.3190551856860505e-05, 'epoch': 7.83}
{'loss': 0.358, 'learning_rate': 2.3147251118277326e-05, 'epoch': 7.83}
{'loss': 0.354, 'learning_rate': 2.3103950379694165e-05, 'epoch': 7.84}
{'loss': 0.3603, 'learning_rate': 2.3060649641111e-05, 'epoch': 7.84}
{'loss': 0.3187, 'learning_rate': 2.3017348902527824e-05, 'epoch': 7.85}
{'loss': 0.3678, 'learning_rate': 2.297404816394466e-05, 'epoch': 7.85}
{'loss': 0.3507, 'learning_rate': 2.2930747425361493e-05, 'epoch': 7.86}
{'loss': 0.3364, 'learning_rate': 2.2887446686778318e-05, 'epoch': 7.86}
{'loss': 0.362, 'learning_rate': 2.2844145948195153e-05, 'epoch': 7.86}
{'loss': 0.3835, 'learning_rate': 2.2800845209611988e-05, 'epoch': 7.87}
{'loss': 0.3643, 'learning_rate': 2.2757544471028812e-05, 'epoch': 7.87}
{'loss': 0.3366, 'learning_rate': 2.2714243732445647e-05, 'epoch': 7.88}
{'loss': 0.3339, 'learning_rate': 2.267094299386247e-05, 'epoch': 7.88}
{'loss': 0.3479, 'learning_rate': 2.262764225527931e-05, 'epoch': 7.88}
{'loss': 0.3639, 'learning_rate': 2.2584341516696144e-05, 'epoch': 7.89}
{'loss': 0.3609, 'learning_rate': 2.254104077811297e-05, 'epoch': 7.89}
{'loss': 0.3975, 'learning_rate': 2.2497740039529804e-05, 'epoch': 7.9}
{'loss': 0.3375, 'learning_rate': 2.245443930094664e-05, 'epoch': 7.9}
{'loss': 0.3816, 'learning_rate': 2.2411138562363463e-05, 'epoch': 7.9}
{'loss': 0.3489, 'learning_rate': 2.2367837823780298e-05, 'epoch': 7.91}
{'loss': 0.3641, 'learning_rate': 2.2324537085197133e-05, 'epoch': 7.91}
{'loss': 0.359, 'learning_rate': 2.2281236346613957e-05, 'epoch': 7.92}
{'loss': 0.3495, 'learning_rate': 2.2237935608030792e-05, 'epoch': 7.92}
{'loss': 0.3437, 'learning_rate': 2.2194634869447617e-05, 'epoch': 7.92}
{'loss': 0.3881, 'learning_rate': 2.215133413086445e-05, 'epoch': 7.93}
{'loss': 0.3688, 'learning_rate': 2.210889940705295e-05, 'epoch': 7.93}
{'loss': 0.3299, 'learning_rate': 2.2065598668469775e-05, 'epoch': 7.94}
{'loss': 0.3745, 'learning_rate': 2.202229792988661e-05, 'epoch': 7.94}
{'loss': 0.3597, 'learning_rate': 2.1978997191303447e-05, 'epoch': 7.94}
{'loss': 0.3386, 'learning_rate': 2.1935696452720272e-05, 'epoch': 7.95}
{'loss': 0.3612, 'learning_rate': 2.1892395714137107e-05, 'epoch': 7.95}
{'loss': 0.3663, 'learning_rate': 2.184909497555394e-05, 'epoch': 7.96}
{'loss': 0.3721, 'learning_rate': 2.1805794236970766e-05, 'epoch': 7.96}
{'loss': 0.3361, 'learning_rate': 2.17624934983876e-05, 'epoch': 7.97}
{'loss': 0.3541, 'learning_rate': 2.1719192759804436e-05, 'epoch': 7.97}
{'loss': 0.3841, 'learning_rate': 2.167589202122126e-05, 'epoch': 7.97}
{'loss': 0.3375, 'learning_rate': 2.1632591282638095e-05, 'epoch': 7.98}
{'loss': 0.3666, 'learning_rate': 2.158929054405492e-05, 'epoch': 7.98}
{'loss': 0.356, 'learning_rate': 2.1545989805471754e-05, 'epoch': 7.99}
{'loss': 0.3743, 'learning_rate': 2.1502689066888593e-05, 'epoch': 7.99}
{'loss': 0.3804, 'learning_rate': 2.1459388328305414e-05, 'epoch': 7.99}
{'loss': 0.3475, 'learning_rate': 2.1416087589722252e-05, 'epoch': 8.0}
[INFO|trainer.py:520] 2026-10-04 15:35:09,391 >> The following columns in the evaluation set  don't have a corresponding argument in `PETLEncModel.forward` and have been ignored: hypothesis, premise, idx.
[INFO|trainer.py:2179] 2026-10-04 15:35:09,393 >> ***** Running Evaluation *****
[INFO|trainer.py:2181] 2026-10-04 15:35:09,393 >>   Num examples = 9815
[INFO|trainer.py:2184] 2026-10-04 15:35:09,393 >>   Batch size = 32
{'eval_loss': 0.3551042377948761, 'eval_accuracy': 0.8661232806928171, 'eval_runtime': 11.9835, 'eval_samples_per_second': 819.041, 'eval_steps_per_second': 25.618, 'epoch': 8.0}
[INFO|trainer.py:1933] 2026-10-04 15:35:21,377 >> Saving model checkpoint to checkpoints/glue/mnli/20261004/glue.mnli.lora.am_lora.ao_none.fm_none.fo_none.abn.fbn.ac_add.fl_none.finit_bert.fs_1.unfrz_ef_.ne10.warm0.06.wd0.1.seed42./checkpoint-98176
[INFO|configuration_utils.py:364] 2026-10-04 15:35:21,379 >> Configuration saved in checkpoints/glue/mnli/20261004/glue.mnli.lora.am_lora.ao_none.fm_none.fo_none.abn.fbn.ac_add.fl_none.finit_bert.fs_1.unfrz_ef_.ne10.warm0.06.wd0.1.seed42./checkpoint-98176/config.json
[INFO|modeling_utils.py:898] 2026-10-04 15:35:21,633 >> Model weights saved in checkpoints/glue/mnli/20261004/glue.mnli.lora.am_lora.ao_none.fm_none.fo_none.abn.fbn.ac_add.fl_none.finit_bert.fs_1.unfrz_ef_.ne10.warm0.06.wd0.1.seed42./checkpoint-98176/pytorch_model.bin
[INFO|tokenization_utils_base.py:1948] 2026-10-04 15:35:21,635 >> tokenizer config file saved in checkpoints/glue/mnli/20261004/glue.mnli.lora.am_lora.ao_none.fm_none.fo_none.abn.fbn.ac_add.fl_none.finit_bert.fs_1.unfrz_ef_.ne10.warm0.06.wd0.1.seed42./checkpoint-98176/tokenizer_config.json
[INFO|tokenization_utils_base.py:1954] 2026-10-04 15:35:21,635 >> Special tokens file saved in checkpoints/glue/mnli/20261004/glue.mnli.lora.am_lora.ao_none.fm_none.fo_none.abn.fbn.ac_add.fl_none.finit_bert.fs_1.unfrz_ef_.ne10.warm0.06.wd0.1.seed42./checkpoint-98176/special_tokens_map.json
[INFO|trainer.py:2009] 2026-10-04 15:35:21,702 >> Deleting older checkpoint [checkpoints/glue/mnli/20261004/glue.mnli.lora.am_lora.ao_none.fm_none.fo_none.abn.fbn.ac_add.fl_none.finit_bert.fs_1.unfrz_ef_.ne10.warm0.06.wd0.1.seed42./checkpoint-73632] due to args.save_total_limit
/work/unify-parameter-efficient-tuning/src/transformers/trainer.py:1784: FutureWarning: `torch.cuda.amp.autocast(args...)` is deprecated. Please use `torch.amp.autocast('cuda', args...)` instead.
  with autocast():
{'loss': 0.3411, 'learning_rate': 2.1372786851139087e-05, 'epoch': 8.0}
{'loss': 0.3532, 'learning_rate': 2.132948611255591e-05, 'epoch': 8.01}
{'loss': 0.3759, 'learning_rate': 2.1286185373972746e-05, 'epoch': 8.01}
{'loss': 0.3563, 'learning_rate': 2.124288463538958e-05, 'epoch': 8.01}
{'loss': 0.3471, 'learning_rate': 2.1199583896806405e-05, 'epoch': 8.02}
{'loss': 0.3581, 'learning_rate': 2.115628315822324e-05, 'epoch': 8.02}
{'loss': 0.3535, 'learning_rate': 2.1112982419640065e-05, 'epoch': 8.03}
{'loss': 0.3762, 'learning_rate': 2.10696816810569e-05, 'epoch': 8.03}
{'loss': 0.3554, 'learning_rate': 2.1026380942473734e-05, 'epoch': 8.03}
{'loss': 0.3725, 'learning_rate': 2.098308020389056e-05, 'epoch': 8.04}
{'loss': 0.3007, 'learning_rate': 2.0939779465307397e-05, 'epoch': 8.04}
{'loss': 0.3276, 'learning_rate': 2.089647872672423e-05, 'epoch': 8.05}
{'loss': 0.3304, 'learning_rate': 2.0853177988141056e-05, 'epoch': 8.05}
{'loss': 0.343, 'learning_rate': 2.080987724955789e-05, 'epoch': 8.05}
{'loss': 0.3677, 'learning_rate': 2.0766576510974726e-05, 'epoch': 8.06}
{'loss': 0.3578, 'learning_rate': 2.072327577239155e-05, 'epoch': 8.06}
{'loss': 0.3718, 'learning_rate': 2.0679975033808385e-05, 'epoch': 8.07}
{'loss': 0.3396, 'learning_rate': 2.063667429522521e-05, 'epoch': 8.07}
{'loss': 0.3361, 'learning_rate': 2.0593373556642044e-05, 'epoch': 8.08}
{'loss': 0.3816, 'learning_rate': 2.055007281805888e-05, 'epoch': 8.08}
{'loss': 0.3583, 'learning_rate': 2.0506772079475704e-05, 'epoch': 8.08}
{'loss': 0.3588, 'learning_rate': 2.0463471340892542e-05, 'epoch': 8.09}
{'loss': 0.3435, 'learning_rate': 2.0420170602309377e-05, 'epoch': 8.09}
{'loss': 0.3575, 'learning_rate': 2.03768698637262e-05, 'epoch': 8.1}
{'loss': 0.3852, 'learning_rate': 2.0333569125143036e-05, 'epoch': 8.1}
{'loss': 0.3626, 'learning_rate': 2.029026838655987e-05, 'epoch': 8.1}
{'loss': 0.3501, 'learning_rate': 2.0246967647976695e-05, 'epoch': 8.11}
{'loss': 0.3567, 'learning_rate': 2.020366690939353e-05, 'epoch': 8.11}
{'loss': 0.3684, 'learning_rate': 2.0160366170810365e-05, 'epoch': 8.12}
{'loss': 0.3619, 'learning_rate': 2.011706543222719e-05, 'epoch': 8.12}
{'loss': 0.3329, 'learning_rate': 2.0073764693644024e-05, 'epoch': 8.12}
{'loss': 0.3725, 'learning_rate': 2.003046395506085e-05, 'epoch': 8.13}
{'loss': 0.3409, 'learning_rate': 1.9987163216477684e-05, 'epoch': 8.13}
{'loss': 0.3663, 'learning_rate': 1.9943862477894522e-05, 'epoch': 8.14}
{'loss': 0.3752, 'learning_rate': 1.9900561739311346e-05, 'epoch': 8.14}
{'loss': 0.3548, 'learning_rate': 1.985812701549984e-05, 'epoch': 8.14}
{'loss': 0.3525, 'learning_rate': 1.981482627691668e-05, 'epoch': 8.15}
{'loss': 0.3426, 'learning_rate': 1.9771525538333504e-05, 'epoch': 8.15}
{'loss': 0.3619, 'learning_rate': 1.972822479975034e-05, 'epoch': 8.16}
{'loss': 0.3683, 'learning_rate': 1.9684924061167174e-05, 'epoch': 8.16}
{'loss': 0.3567, 'learning_rate': 1.9641623322584e-05, 'epoch': 8.16}
{'loss': 0.3467, 'learning_rate': 1.9598322584000833e-05, 'epoch': 8.17}
{'loss': 0.3266, 'learning_rate': 1.9555021845417658e-05, 'epoch': 8.17}
{'loss': 0.3598, 'learning_rate': 1.9511721106834493e-05, 'epoch': 8.18}
{'loss': 0.3404, 'learning_rate': 1.9468420368251327e-05, 'epoch': 8.18}
{'loss': 0.3574, 'learning_rate': 1.9425119629668152e-05, 'epoch': 8.19}
{'loss': 0.3329, 'learning_rate': 1.9381818891084987e-05, 'epoch': 8.19}
{'loss': 0.3532, 'learning_rate': 1.9338518152501825e-05, 'epoch': 8.19}
{'loss': 0.3441, 'learning_rate': 1.9295217413918646e-05, 'epoch': 8.2}
{'loss': 0.3475, 'learning_rate': 1.9251916675335484e-05, 'epoch': 8.2}
{'loss': 0.3543, 'learning_rate': 1.920861593675232e-05, 'epoch': 8.21}
{'loss': 0.3288, 'learning_rate': 1.9165315198169144e-05, 'epoch': 8.21}
{'loss': 0.366, 'learning_rate': 1.912201445958598e-05, 'epoch': 8.21}
{'loss': 0.3472, 'learning_rate': 1.9078713721002813e-05, 'epoch': 8.22}
{'loss': 0.3399, 'learning_rate': 1.9035412982419638e-05, 'epoch': 8.22}
{'loss': 0.3482, 'learning_rate': 1.8992112243836472e-05, 'epoch': 8.23}
{'loss': 0.3359, 'learning_rate': 1.8948811505253297e-05, 'epoch': 8.23}
{'loss': 0.3457, 'learning_rate': 1.8905510766670132e-05, 'epoch': 8.23}
{'loss': 0.355, 'learning_rate': 1.8862210028086967e-05, 'epoch': 8.24}
{'loss': 0.3524, 'learning_rate': 1.881890928950379e-05, 'epoch': 8.24}
{'loss': 0.3581, 'learning_rate': 1.877560855092063e-05, 'epoch': 8.25}
{'loss': 0.3698, 'learning_rate': 1.8732307812337464e-05, 'epoch': 8.25}
{'loss': 0.3532, 'learning_rate': 1.868900707375429e-05, 'epoch': 8.25}
{'loss': 0.3957, 'learning_rate': 1.8645706335171123e-05, 'epoch': 8.26}
{'loss': 0.3581, 'learning_rate': 1.8602405596587958e-05, 'epoch': 8.26}
{'loss': 0.3747, 'learning_rate': 1.8559104858004783e-05, 'epoch': 8.27}
{'loss': 0.3928, 'learning_rate': 1.8515804119421617e-05, 'epoch': 8.27}
{'loss': 0.373, 'learning_rate': 1.8472503380838442e-05, 'epoch': 8.27}
{'loss': 0.3358, 'learning_rate': 1.8429202642255277e-05, 'epoch': 8.28}
{'loss': 0.3448, 'learning_rate': 1.838590190367211e-05, 'epoch': 8.28}
{'loss': 0.3469, 'learning_rate': 1.8342601165088936e-05, 'epoch': 8.29}
{'loss': 0.3551, 'learning_rate': 1.829930042650577e-05, 'epoch': 8.29}
{'loss': 0.3642, 'learning_rate': 1.825599968792261e-05, 'epoch': 8.3}
{'loss': 0.3532, 'learning_rate': 1.8212698949339434e-05, 'epoch': 8.3}
{'loss': 0.3449, 'learning_rate': 1.816939821075627e-05, 'epoch': 8.3}
{'loss': 0.3863, 'learning_rate': 1.8126097472173103e-05, 'epoch': 8.31}
{'loss': 0.3549, 'learning_rate': 1.8082796733589928e-05, 'epoch': 8.31}
{'loss': 0.3213, 'learning_rate': 1.8039495995006763e-05, 'epoch': 8.32}
{'loss': 0.3618, 'learning_rate': 1.7996195256423597e-05, 'epoch': 8.32}
{'loss': 0.3416, 'learning_rate': 1.7952894517840422e-05, 'epoch': 8.32}
{'loss': 0.3842, 'learning_rate': 1.7909593779257257e-05, 'epoch': 8.33}
{'loss': 0.3458, 'learning_rate': 1.786629304067408e-05, 'epoch': 8.33}
{'loss': 0.3515, 'learning_rate': 1.7822992302090916e-05, 'epoch': 8.34}
{'loss': 0.3667, 'learning_rate': 1.7779691563507754e-05, 'epoch': 8.34}
{'loss': 0.3713, 'learning_rate': 1.773639082492458e-05, 'epoch': 8.34}
{'loss': 0.3675, 'learning_rate': 1.7693090086341413e-05, 'epoch': 8.35}
{'loss': 0.3662, 'learning_rate': 1.7649789347758248e-05, 'epoch': 8.35}
{'loss': 0.3437, 'learning_rate': 1.7606488609175073e-05, 'epoch': 8.36}
{'loss': 0.3323, 'learning_rate': 1.7563187870591908e-05, 'epoch': 8.36}
{'loss': 0.3644, 'learning_rate': 1.7519887132008742e-05, 'epoch': 8.36}
{'loss': 0.3618, 'learning_rate': 1.7476586393425567e-05, 'epoch': 8.37}
{'loss': 0.371, 'learning_rate': 1.74332856548424e-05, 'epoch': 8.37}
{'loss': 0.3284, 'learning_rate': 1.7389984916259226e-05, 'epoch': 8.38}
{'loss': 0.3344, 'learning_rate': 1.734668417767606e-05, 'epoch': 8.38}
{'loss': 0.393, 'learning_rate': 1.73033834390929e-05, 'epoch': 8.38}
{'loss': 0.3597, 'learning_rate': 1.726008270050972e-05, 'epoch': 8.39}
{'loss': 0.3442, 'learning_rate': 1.721678196192656e-05, 'epoch': 8.39}
{'loss': 0.3767, 'learning_rate': 1.7173481223343393e-05, 'epoch': 8.4}
{'loss': 0.3494, 'learning_rate': 1.7130180484760218e-05, 'epoch': 8.4}
{'loss': 0.3594, 'learning_rate': 1.7086879746177053e-05, 'epoch': 8.41}
{'loss': 0.3396, 'learning_rate': 1.7043579007593887e-05, 'epoch': 8.41}
{'loss': 0.3608, 'learning_rate': 1.7000278269010712e-05, 'epoch': 8.41}
{'loss': 0.3456, 'learning_rate': 1.6956977530427547e-05, 'epoch': 8.42}
{'loss': 0.3566, 'learning_rate': 1.691367679184437e-05, 'epoch': 8.42}
{'loss': 0.3669, 'learning_rate': 1.6870376053261206e-05, 'epoch': 8.43}
{'loss': 0.3718, 'learning_rate': 1.682707531467804e-05, 'epoch': 8.43}
{'loss': 0.3638, 'learning_rate': 1.6783774576094865e-05, 'epoch': 8.43}
{'loss': 0.378, 'learning_rate': 1.6740473837511704e-05, 'epoch': 8.44}
{'loss': 0.3701, 'learning_rate': 1.6697173098928538e-05, 'epoch': 8.44}
{'loss': 0.3574, 'learning_rate': 1.6653872360345363e-05, 'epoch': 8.45}
{'loss': 0.3441, 'learning_rate': 1.6610571621762198e-05, 'epoch': 8.45}
{'loss': 0.3316, 'learning_rate': 1.6567270883179032e-05, 'epoch': 8.45}
{'loss': 0.3087, 'learning_rate': 1.6523970144595857e-05, 'epoch': 8.46}
{'loss': 0.381, 'learning_rate': 1.6480669406012692e-05, 'epoch': 8.46}
{'loss': 0.3483, 'learning_rate': 1.6437368667429526e-05, 'epoch': 8.47}
{'loss': 0.3592, 'learning_rate': 1.639406792884635e-05, 'epoch': 8.47}
{'loss': 0.3943, 'learning_rate': 1.635163320503485e-05, 'epoch': 8.47}
{'loss': 0.3785, 'learning_rate': 1.6308332466451674e-05, 'epoch': 8.48}
{'loss': 0.3469, 'learning_rate': 1.626503172786851e-05, 'epoch': 8.48}
{'loss': 0.3311, 'learning_rate': 1.6221730989285344e-05, 'epoch': 8.49}
{'loss': 0.3411, 'learning_rate': 1.617843025070217e-05, 'epoch': 8.49}
{'loss': 0.3489, 'learning_rate': 1.6135129512119003e-05, 'epoch': 8.49}
{'loss': 0.353, 'learning_rate': 1.609182877353584e-05, 'epoch': 8.5}
{'loss': 0.3881, 'learning_rate': 1.6048528034952666e-05, 'epoch': 8.5}
{'loss': 0.3742, 'learning_rate': 1.60052272963695e-05, 'epoch': 8.51}
{'loss': 0.368, 'learning_rate': 1.5961926557786336e-05, 'epoch': 8.51}
{'loss': 0.3489, 'learning_rate': 1.5919491833974824e-05, 'epoch': 8.52}
{'loss': 0.3614, 'learning_rate': 1.587619109539166e-05, 'epoch': 8.52}
{'loss': 0.3771, 'learning_rate': 1.5832890356808494e-05, 'epoch': 8.52}
{'loss': 0.3752, 'learning_rate': 1.5789589618225318e-05, 'epoch': 8.53}
{'loss': 0.3514, 'learning_rate': 1.5746288879642153e-05, 'epoch': 8.53}
{'loss': 0.3814, 'learning_rate': 1.5702988141058978e-05, 'epoch': 8.54}
{'loss': 0.3384, 'learning_rate': 1.5659687402475812e-05, 'epoch': 8.54}
{'loss': 0.354, 'learning_rate': 1.5616386663892647e-05, 'epoch': 8.54}
{'loss': 0.3571, 'learning_rate': 1.557308592530947e-05, 'epoch': 8.55}
{'loss': 0.3194, 'learning_rate': 1.5529785186726306e-05, 'epoch': 8.55}
{'loss': 0.3471, 'learning_rate': 1.5486484448143145e-05, 'epoch': 8.56}
{'loss': 0.3407, 'learning_rate': 1.5443183709559966e-05, 'epoch': 8.56}
{'loss': 0.3806, 'learning_rate': 1.5399882970976804e-05, 'epoch': 8.56}
{'loss': 0.3406, 'learning_rate': 1.535658223239364e-05, 'epoch': 8.57}
{'loss': 0.3584, 'learning_rate': 1.5313281493810463e-05, 'epoch': 8.57}
{'loss': 0.3185, 'learning_rate': 1.5269980755227298e-05, 'epoch': 8.58}
{'loss': 0.3597, 'learning_rate': 1.5226680016644124e-05, 'epoch': 8.58}
{'loss': 0.3345, 'learning_rate': 1.5183379278060957e-05, 'epoch': 8.58}
{'loss': 0.3511, 'learning_rate': 1.5140078539477795e-05, 'epoch': 8.59}
{'loss': 0.3265, 'learning_rate': 1.5096777800894618e-05, 'epoch': 8.59}
{'loss': 0.3417, 'learning_rate': 1.5053477062311455e-05, 'epoch': 8.6}
{'loss': 0.3473, 'learning_rate': 1.501017632372829e-05, 'epoch': 8.6}
{'loss': 0.3395, 'learning_rate': 1.4966875585145116e-05, 'epoch': 8.6}
{'loss': 0.3431, 'learning_rate': 1.4923574846561949e-05, 'epoch': 8.61}
{'loss': 0.3549, 'learning_rate': 1.4880274107978787e-05, 'epoch': 8.61}
{'loss': 0.3608, 'learning_rate': 1.4836973369395607e-05, 'epoch': 8.62}
{'loss': 0.3401, 'learning_rate': 1.4793672630812445e-05, 'epoch': 8.62}
{'loss': 0.3728, 'learning_rate': 1.475037189222927e-05, 'epoch': 8.63}
{'loss': 0.3631, 'learning_rate': 1.4707071153646104e-05, 'epoch': 8.63}
{'loss': 0.3317, 'learning_rate': 1.4663770415062939e-05, 'epoch': 8.63}
{'loss': 0.3649, 'learning_rate': 1.4620469676479765e-05, 'epoch': 8.64}
{'loss': 0.3698, 'learning_rate': 1.4577168937896598e-05, 'epoch': 8.64}
{'loss': 0.3512, 'learning_rate': 1.4533868199313436e-05, 'epoch': 8.65}
{'loss': 0.3659, 'learning_rate': 1.449056746073026e-05, 'epoch': 8.65}
{'loss': 0.3524, 'learning_rate': 1.4447266722147092e-05, 'epoch': 8.65}
{'loss': 0.3775, 'learning_rate': 1.4403965983563927e-05, 'epoch': 8.66}
{'loss': 0.3482, 'learning_rate': 1.4360665244980753e-05, 'epoch': 8.66}
{'loss': 0.35, 'learning_rate': 1.431736450639759e-05, 'epoch': 8.67}
{'loss': 0.3544, 'learning_rate': 1.4274063767814425e-05, 'epoch': 8.67}
{'loss': 0.343, 'learning_rate': 1.423076302923125e-05, 'epoch': 8.67}
{'loss': 0.3533, 'learning_rate': 1.4187462290648086e-05, 'epoch': 8.68}
{'loss': 0.3726, 'learning_rate': 1.4144161552064908e-05, 'epoch': 8.68}
{'loss': 0.3633, 'learning_rate': 1.4100860813481742e-05, 'epoch': 8.69}
{'loss': 0.366, 'learning_rate': 1.405756007489858e-05, 'epoch': 8.69}
{'loss': 0.3263, 'learning_rate': 1.4014259336315406e-05, 'epoch': 8.69}
{'loss': 0.3394, 'learning_rate': 1.3970958597732239e-05, 'epoch': 8.7}
{'loss': 0.3473, 'learning_rate': 1.3927657859149074e-05, 'epoch': 8.7}
{'loss': 0.3548, 'learning_rate': 1.38843571205659e-05, 'epoch': 8.71}
{'loss': 0.331, 'learning_rate': 1.3841056381982733e-05, 'epoch': 8.71}
{'loss': 0.369, 'learning_rate': 1.3797755643399571e-05, 'epoch': 8.71}
{'loss': 0.3398, 'learning_rate': 1.3754454904816394e-05, 'epoch': 8.72}
{'loss': 0.3298, 'learning_rate': 1.3711154166233229e-05, 'epoch': 8.72}
{'loss': 0.3465, 'learning_rate': 1.3667853427650054e-05, 'epoch': 8.73}
{'loss': 0.3386, 'learning_rate': 1.3624552689066888e-05, 'epoch': 8.73}
{'loss': 0.362, 'learning_rate': 1.3581251950483725e-05, 'epoch': 8.74}
{'loss': 0.3456, 'learning_rate': 1.353795121190055e-05, 'epoch': 8.74}
{'loss': 0.3576, 'learning_rate': 1.3494650473317382e-05, 'epoch': 8.74}
{'loss': 0.3568, 'learning_rate': 1.345134973473422e-05, 'epoch': 8.75}
{'loss': 0.3327, 'learning_rate': 1.3408048996151043e-05, 'epoch': 8.75}
{'loss': 0.3604, 'learning_rate': 1.3364748257567876e-05, 'epoch': 8.76}
{'loss': 0.351, 'learning_rate': 1.3321447518984715e-05, 'epoch': 8.76}
{'loss': 0.3481, 'learning_rate': 1.3278146780401538e-05, 'epoch': 8.76}
{'loss': 0.3596, 'learning_rate': 1.3234846041818374e-05, 'epoch': 8.77}
{'loss': 0.3705, 'learning_rate': 1.3191545303235197e-05, 'epoch': 8.77}
{'loss': 0.3399, 'learning_rate': 1.3148244564652032e-05, 'epoch': 8.78}
{'loss': 0.3632, 'learning_rate': 1.310494382606887e-05, 'epoch': 8.78}
{'loss': 0.3867, 'learning_rate': 1.3061643087485693e-05, 'epoch': 8.78}
{'loss': 0.3451, 'learning_rate': 1.3018342348902529e-05, 'epoch': 8.79}
{'loss': 0.3542, 'learning_rate': 1.2975041610319364e-05, 'epoch': 8.79}
{'loss': 0.3866, 'learning_rate': 1.293174087173619e-05, 'epoch': 8.8}
{'loss': 0.3358, 'learning_rate': 1.2888440133153023e-05, 'epoch': 8.8}
{'loss': 0.3607, 'learning_rate': 1.2845139394569861e-05, 'epoch': 8.8}
{'loss': 0.3195, 'learning_rate': 1.2801838655986684e-05, 'epoch': 8.81}
{'loss': 0.3527, 'learning_rate': 1.2758537917403517e-05, 'epoch': 8.81}
{'loss': 0.3554, 'learning_rate': 1.2715237178820355e-05, 'epoch': 8.82}
{'loss': 0.3788, 'learning_rate': 1.2671936440237178e-05, 'epoch': 8.82}
{'loss': 0.3743, 'learning_rate': 1.2628635701654013e-05, 'epoch': 8.82}
{'loss': 0.3465, 'learning_rate': 1.2585334963070838e-05, 'epoch': 8.83}
{'loss': 0.3485, 'learning_rate': 1.2542034224487672e-05, 'epoch': 8.83}
{'loss': 0.3727, 'learning_rate': 1.2498733485904509e-05, 'epoch': 8.84}
{'loss': 0.3333, 'learning_rate': 1.2455432747321333e-05, 'epoch': 8.84}
{'loss': 0.3366, 'learning_rate': 1.2412132008738168e-05, 'epoch': 8.85}
{'loss': 0.3436, 'learning_rate': 1.2369697284926667e-05, 'epoch': 8.85}
{'loss': 0.3457, 'learning_rate': 1.2326396546343492e-05, 'epoch': 8.85}
{'loss': 0.3501, 'learning_rate': 1.2283095807760326e-05, 'epoch': 8.86}
{'loss': 0.3737, 'learning_rate': 1.2239795069177161e-05, 'epoch': 8.86}
{'loss': 0.3728, 'learning_rate': 1.2196494330593986e-05, 'epoch': 8.87}
{'loss': 0.3558, 'learning_rate': 1.2153193592010822e-05, 'epoch': 8.87}
{'loss': 0.3673, 'learning_rate': 1.2109892853427645e-05, 'epoch': 8.87}
{'loss': 0.3561, 'learning_rate': 1.2066592114844481e-05, 'epoch': 8.88}
{'loss': 0.3998, 'learning_rate': 1.2023291376261316e-05, 'epoch': 8.88}
{'loss': 0.3556, 'learning_rate': 1.197999063767814e-05, 'epoch': 8.89}
{'loss': 0.3352, 'learning_rate': 1.1936689899094976e-05, 'epoch': 8.89}
{'loss': 0.3586, 'learning_rate': 1.1893389160511812e-05, 'epoch': 8.89}
{'loss': 0.329, 'learning_rate': 1.1850088421928635e-05, 'epoch': 8.9}
{'loss': 0.3361, 'learning_rate': 1.1806787683345471e-05, 'epoch': 8.9}
{'loss': 0.3771, 'learning_rate': 1.1763486944762306e-05, 'epoch': 8.91}
{'loss': 0.3499, 'learning_rate': 1.172018620617913e-05, 'epoch': 8.91}
{'loss': 0.3391, 'learning_rate': 1.1676885467595965e-05, 'epoch': 8.91}
{'loss': 0.3334, 'learning_rate': 1.1633584729012802e-05, 'epoch': 8.92}
{'loss': 0.3462, 'learning_rate': 1.1590283990429627e-05, 'epoch': 8.92}
{'loss': 0.3816, 'learning_rate': 1.1546983251846461e-05, 'epoch': 8.93}
{'loss': 0.3193, 'learning_rate': 1.1503682513263286e-05, 'epoch': 8.93}
{'loss': 0.3405, 'learning_rate': 1.146038177468012e-05, 'epoch': 8.93}
{'loss': 0.36, 'learning_rate': 1.1417081036096957e-05, 'epoch': 8.94}
{'loss': 0.3423, 'learning_rate': 1.137378029751378e-05, 'epoch': 8.94}
{'loss': 0.3194, 'learning_rate': 1.1330479558930616e-05, 'epoch': 8.95}
{'loss': 0.3208, 'learning_rate': 1.1287178820347451e-05, 'epoch': 8.95}
{'loss': 0.3342, 'learning_rate': 1.1243878081764276e-05, 'epoch': 8.96}
{'loss': 0.3386, 'learning_rate': 1.120057734318111e-05, 'epoch': 8.96}
{'loss': 0.3501, 'learning_rate': 1.1157276604597947e-05, 'epoch': 8.96}
{'loss': 0.3516, 'learning_rate': 1.111397586601477e-05, 'epoch': 8.97}
{'loss': 0.3348, 'learning_rate': 1.1070675127431606e-05, 'epoch': 8.97}
{'loss': 0.3249, 'learning_rate': 1.1027374388848431e-05, 'epoch': 8.98}
{'loss': 0.3373, 'learning_rate': 1.0984073650265266e-05, 'epoch': 8.98}
{'loss': 0.3375, 'learning_rate': 1.09407729116821e-05, 'epoch': 8.98}
{'loss': 0.3496, 'learning_rate': 1.0897472173098925e-05, 'epoch': 8.99}
{'loss': 0.3279, 'learning_rate': 1.0854171434515761e-05, 'epoch': 8.99}
{'loss': 0.3234, 'learning_rate': 1.0810870695932596e-05, 'epoch': 9.0}
[INFO|trainer.py:520] 2026-10-04 15:41:34,633 >> The following columns in the evaluation set  don't have a corresponding argument in `PETLEncModel.forward` and have been ignored: hypothesis, premise, idx.
[INFO|trainer.py:2179] 2026-10-04 15:41:34,635 >> ***** Running Evaluation *****
[INFO|trainer.py:2181] 2026-10-04 15:41:34,635 >>   Num examples = 9815
[INFO|trainer.py:2184] 2026-10-04 15:41:34,635 >>   Batch size = 32
{'eval_loss': 0.36044639348983765, 'eval_accuracy': 0.8691798267957208, 'eval_runtime': 11.9454, 'eval_samples_per_second': 821.658, 'eval_steps_per_second': 25.7, 'epoch': 9.0}
[INFO|trainer.py:1933] 2026-10-04 15:41:46,581 >> Saving model checkpoint to checkpoints/glue/mnli/20261004/glue.mnli.lora.am_lora.ao_none.fm_none.fo_none.abn.fbn.ac_add.fl_none.finit_bert.fs_1.unfrz_ef_.ne10.warm0.06.wd0.1.seed42./checkpoint-110448
[INFO|configuration_utils.py:364] 2026-10-04 15:41:46,583 >> Configuration saved in checkpoints/glue/mnli/20261004/glue.mnli.lora.am_lora.ao_none.fm_none.fo_none.abn.fbn.ac_add.fl_none.finit_bert.fs_1.unfrz_ef_.ne10.warm0.06.wd0.1.seed42./checkpoint-110448/config.json
[INFO|modeling_utils.py:898] 2026-10-04 15:41:46,824 >> Model weights saved in checkpoints/glue/mnli/20261004/glue.mnli.lora.am_lora.ao_none.fm_none.fo_none.abn.fbn.ac_add.fl_none.finit_bert.fs_1.unfrz_ef_.ne10.warm0.06.wd0.1.seed42./checkpoint-110448/pytorch_model.bin
[INFO|tokenization_utils_base.py:1948] 2026-10-04 15:41:46,825 >> tokenizer config file saved in checkpoints/glue/mnli/20261004/glue.mnli.lora.am_lora.ao_none.fm_none.fo_none.abn.fbn.ac_add.fl_none.finit_bert.fs_1.unfrz_ef_.ne10.warm0.06.wd0.1.seed42./checkpoint-110448/tokenizer_config.json
[INFO|tokenization_utils_base.py:1954] 2026-10-04 15:41:46,826 >> Special tokens file saved in checkpoints/glue/mnli/20261004/glue.mnli.lora.am_lora.ao_none.fm_none.fo_none.abn.fbn.ac_add.fl_none.finit_bert.fs_1.unfrz_ef_.ne10.warm0.06.wd0.1.seed42./checkpoint-110448/special_tokens_map.json
[INFO|trainer.py:2009] 2026-10-04 15:41:46,897 >> Deleting older checkpoint [checkpoints/glue/mnli/20261004/glue.mnli.lora.am_lora.ao_none.fm_none.fo_none.abn.fbn.ac_add.fl_none.finit_bert.fs_1.unfrz_ef_.ne10.warm0.06.wd0.1.seed42./checkpoint-85904] due to args.save_total_limit
/work/unify-parameter-efficient-tuning/src/transformers/trainer.py:1784: FutureWarning: `torch.cuda.amp.autocast(args...)` is deprecated. Please use `torch.amp.autocast('cuda', args...)` instead.
  with autocast():
{'loss': 0.322, 'learning_rate': 1.076756995734942e-05, 'epoch': 9.0}
{'loss': 0.3684, 'learning_rate': 1.0724269218766256e-05, 'epoch': 9.0}
{'loss': 0.3562, 'learning_rate': 1.068096848018309e-05, 'epoch': 9.01}
{'loss': 0.3461, 'learning_rate': 1.0638533756371579e-05, 'epoch': 9.01}
{'loss': 0.3154, 'learning_rate': 1.0595233017788414e-05, 'epoch': 9.02}
{'loss': 0.3378, 'learning_rate': 1.0551932279205248e-05, 'epoch': 9.02}
{'loss': 0.3696, 'learning_rate': 1.0508631540622073e-05, 'epoch': 9.02}
{'loss': 0.3433, 'learning_rate': 1.046533080203891e-05, 'epoch': 9.03}
{'loss': 0.3526, 'learning_rate': 1.0422030063455732e-05, 'epoch': 9.03}
{'loss': 0.3995, 'learning_rate': 1.0378729324872569e-05, 'epoch': 9.04}
{'loss': 0.334, 'learning_rate': 1.0335428586289404e-05, 'epoch': 9.04}
{'loss': 0.3476, 'learning_rate': 1.0292127847706228e-05, 'epoch': 9.04}
{'loss': 0.3286, 'learning_rate': 1.0248827109123063e-05, 'epoch': 9.05}
{'loss': 0.3388, 'learning_rate': 1.02055263705399e-05, 'epoch': 9.05}
{'loss': 0.3264, 'learning_rate': 1.0162225631956724e-05, 'epoch': 9.06}
{'loss': 0.338, 'learning_rate': 1.0118924893373559e-05, 'epoch': 9.06}
{'loss': 0.368, 'learning_rate': 1.0075624154790393e-05, 'epoch': 9.07}
{'loss': 0.3411, 'learning_rate': 1.0032323416207218e-05, 'epoch': 9.07}
{'loss': 0.3451, 'learning_rate': 9.989022677624054e-06, 'epoch': 9.07}
{'loss': 0.3316, 'learning_rate': 9.945721939040877e-06, 'epoch': 9.08}
{'loss': 0.3324, 'learning_rate': 9.902421200457714e-06, 'epoch': 9.08}
{'loss': 0.3316, 'learning_rate': 9.859120461874549e-06, 'epoch': 9.09}
{'loss': 0.359, 'learning_rate': 9.815819723291373e-06, 'epoch': 9.09}
{'loss': 0.3412, 'learning_rate': 9.772518984708208e-06, 'epoch': 9.09}
{'loss': 0.3576, 'learning_rate': 9.729218246125044e-06, 'epoch': 9.1}
{'loss': 0.3422, 'learning_rate': 9.685917507541867e-06, 'epoch': 9.1}
{'loss': 0.3227, 'learning_rate': 9.642616768958704e-06, 'epoch': 9.11}
{'loss': 0.3824, 'learning_rate': 9.599316030375538e-06, 'epoch': 9.11}
{'loss': 0.351, 'learning_rate': 9.556015291792363e-06, 'epoch': 9.11}
{'loss': 0.3781, 'learning_rate': 9.512714553209198e-06, 'epoch': 9.12}
{'loss': 0.3526, 'learning_rate': 9.469413814626022e-06, 'epoch': 9.12}
{'loss': 0.3154, 'learning_rate': 9.426113076042859e-06, 'epoch': 9.13}
{'loss': 0.3737, 'learning_rate': 9.382812337459694e-06, 'epoch': 9.13}
{'loss': 0.3663, 'learning_rate': 9.339511598876518e-06, 'epoch': 9.13}
{'loss': 0.3705, 'learning_rate': 9.296210860293353e-06, 'epoch': 9.14}
{'loss': 0.3239, 'learning_rate': 9.252910121710188e-06, 'epoch': 9.14}
{'loss': 0.3805, 'learning_rate': 9.209609383127012e-06, 'epoch': 9.15}
{'loss': 0.3312, 'learning_rate': 9.166308644543849e-06, 'epoch': 9.15}
{'loss': 0.3196, 'learning_rate': 9.123007905960684e-06, 'epoch': 9.15}
{'loss': 0.3658, 'learning_rate': 9.079707167377508e-06, 'epoch': 9.16}
{'loss': 0.32, 'learning_rate': 9.036406428794343e-06, 'epoch': 9.16}
{'loss': 0.3682, 'learning_rate': 8.99310569021118e-06, 'epoch': 9.17}
{'loss': 0.3548, 'learning_rate': 8.949804951628002e-06, 'epoch': 9.17}
{'loss': 0.3553, 'learning_rate': 8.906504213044839e-06, 'epoch': 9.18}
{'loss': 0.3712, 'learning_rate': 8.864069489233326e-06, 'epoch': 9.18}
{'loss': 0.3365, 'learning_rate': 8.82076875065016e-06, 'epoch': 9.18}
{'loss': 0.3601, 'learning_rate': 8.778334026838659e-06, 'epoch': 9.19}
{'loss': 0.3373, 'learning_rate': 8.735033288255484e-06, 'epoch': 9.19}
{'loss': 0.3428, 'learning_rate': 8.691732549672318e-06, 'epoch': 9.2}
{'loss': 0.3703, 'learning_rate': 8.648431811089155e-06, 'epoch': 9.2}
{'loss': 0.3448, 'learning_rate': 8.60513107250598e-06, 'epoch': 9.2}
{'loss': 0.3314, 'learning_rate': 8.561830333922814e-06, 'epoch': 9.21}
{'loss': 0.3301, 'learning_rate': 8.518529595339649e-06, 'epoch': 9.21}
{'loss': 0.3534, 'learning_rate': 8.475228856756474e-06, 'epoch': 9.22}
{'loss': 0.354, 'learning_rate': 8.43192811817331e-06, 'epoch': 9.22}
{'loss': 0.3671, 'learning_rate': 8.388627379590145e-06, 'epoch': 9.22}
{'loss': 0.3555, 'learning_rate': 8.34532664100697e-06, 'epoch': 9.23}
{'loss': 0.3521, 'learning_rate': 8.302025902423804e-06, 'epoch': 9.23}
{'loss': 0.3501, 'learning_rate': 8.258725163840629e-06, 'epoch': 9.24}
{'loss': 0.3725, 'learning_rate': 8.215424425257463e-06, 'epoch': 9.24}
{'loss': 0.3435, 'learning_rate': 8.1721236866743e-06, 'epoch': 9.24}
{'loss': 0.3329, 'learning_rate': 8.128822948091123e-06, 'epoch': 9.25}
{'loss': 0.3583, 'learning_rate': 8.08552220950796e-06, 'epoch': 9.25}
{'loss': 0.3407, 'learning_rate': 8.042221470924794e-06, 'epoch': 9.26}
{'loss': 0.3375, 'learning_rate': 7.998920732341619e-06, 'epoch': 9.26}
{'loss': 0.3631, 'learning_rate': 7.955619993758453e-06, 'epoch': 9.26}
{'loss': 0.3664, 'learning_rate': 7.91231925517529e-06, 'epoch': 9.27}
{'loss': 0.362, 'learning_rate': 7.869018516592114e-06, 'epoch': 9.27}
{'loss': 0.3308, 'learning_rate': 7.825717778008949e-06, 'epoch': 9.28}
{'loss': 0.348, 'learning_rate': 7.782417039425774e-06, 'epoch': 9.28}
{'loss': 0.3235, 'learning_rate': 7.739116300842608e-06, 'epoch': 9.29}
{'loss': 0.3722, 'learning_rate': 7.695815562259443e-06, 'epoch': 9.29}
{'loss': 0.3297, 'learning_rate': 7.652514823676268e-06, 'epoch': 9.29}
{'loss': 0.3599, 'learning_rate': 7.6092140850931026e-06, 'epoch': 9.3}
{'loss': 0.3679, 'learning_rate': 7.565913346509938e-06, 'epoch': 9.3}
{'loss': 0.3817, 'learning_rate': 7.522612607926763e-06, 'epoch': 9.31}
{'loss': 0.3229, 'learning_rate': 7.479311869343597e-06, 'epoch': 9.31}
{'loss': 0.3649, 'learning_rate': 7.436011130760433e-06, 'epoch': 9.31}
{'loss': 0.3549, 'learning_rate': 7.392710392177257e-06, 'epoch': 9.32}
{'loss': 0.3308, 'learning_rate': 7.349409653594093e-06, 'epoch': 9.32}
{'loss': 0.3374, 'learning_rate': 7.306108915010917e-06, 'epoch': 9.33}
{'loss': 0.3377, 'learning_rate': 7.262808176427753e-06, 'epoch': 9.33}
{'loss': 0.3614, 'learning_rate': 7.219507437844589e-06, 'epoch': 9.33}
{'loss': 0.3353, 'learning_rate': 7.176206699261412e-06, 'epoch': 9.34}
{'loss': 0.3742, 'learning_rate': 7.132905960678248e-06, 'epoch': 9.34}
{'loss': 0.333, 'learning_rate': 7.089605222095083e-06, 'epoch': 9.35}
{'loss': 0.3313, 'learning_rate': 7.046304483511906e-06, 'epoch': 9.35}
{'loss': 0.3305, 'learning_rate': 7.003003744928742e-06, 'epoch': 9.35}
{'loss': 0.3325, 'learning_rate': 6.959703006345577e-06, 'epoch': 9.36}
{'loss': 0.3707, 'learning_rate': 6.916402267762402e-06, 'epoch': 9.36}
{'loss': 0.3352, 'learning_rate': 6.8731015291792375e-06, 'epoch': 9.37}
{'loss': 0.3666, 'learning_rate': 6.829800790596073e-06, 'epoch': 9.37}
{'loss': 0.3314, 'learning_rate': 6.786500052012898e-06, 'epoch': 9.38}
{'loss': 0.3777, 'learning_rate': 6.7431993134297325e-06, 'epoch': 9.38}
{'loss': 0.3529, 'learning_rate': 6.699898574846557e-06, 'epoch': 9.38}
{'loss': 0.3239, 'learning_rate': 6.656597836263393e-06, 'epoch': 9.39}
{'loss': 0.3037, 'learning_rate': 6.613297097680228e-06, 'epoch': 9.39}
{'loss': 0.3561, 'learning_rate': 6.569996359097053e-06, 'epoch': 9.4}
{'loss': 0.3804, 'learning_rate': 6.5266956205138884e-06, 'epoch': 9.4}
{'loss': 0.3495, 'learning_rate': 6.483394881930724e-06, 'epoch': 9.4}
{'loss': 0.3842, 'learning_rate': 6.440094143347547e-06, 'epoch': 9.41}
{'loss': 0.3256, 'learning_rate': 6.3967934047643825e-06, 'epoch': 9.41}
{'loss': 0.3571, 'learning_rate': 6.353492666181218e-06, 'epoch': 9.42}
{'loss': 0.3327, 'learning_rate': 6.310191927598041e-06, 'epoch': 9.42}
{'loss': 0.3513, 'learning_rate': 6.2668911890148775e-06, 'epoch': 9.42}
{'loss': 0.3465, 'learning_rate': 6.223590450431702e-06, 'epoch': 9.43}
{'loss': 0.3653, 'learning_rate': 6.180289711848537e-06, 'epoch': 9.43}
{'loss': 0.3444, 'learning_rate': 6.1369889732653724e-06, 'epoch': 9.44}
{'loss': 0.3467, 'learning_rate': 6.093688234682197e-06, 'epoch': 9.44}
{'loss': 0.3493, 'learning_rate': 6.050387496099033e-06, 'epoch': 9.44}
{'loss': 0.3511, 'learning_rate': 6.007086757515867e-06, 'epoch': 9.45}
{'loss': 0.344, 'learning_rate': 5.963786018932692e-06, 'epoch': 9.45}
{'loss': 0.3698, 'learning_rate': 5.920485280349528e-06, 'epoch': 9.46}
{'loss': 0.325, 'learning_rate': 5.877184541766362e-06, 'epoch': 9.46}
{'loss': 0.3449, 'learning_rate': 5.833883803183187e-06, 'epoch': 9.46}
{'loss': 0.3629, 'learning_rate': 5.7905830646000225e-06, 'epoch': 9.47}
{'loss': 0.3528, 'learning_rate': 5.747282326016858e-06, 'epoch': 9.47}
{'loss': 0.3746, 'learning_rate': 5.703981587433682e-06, 'epoch': 9.48}
{'loss': 0.368, 'learning_rate': 5.661546863622181e-06, 'epoch': 9.48}
{'loss': 0.3752, 'learning_rate': 5.618246125039004e-06, 'epoch': 9.49}
{'loss': 0.3533, 'learning_rate': 5.57494538645584e-06, 'epoch': 9.49}
{'loss': 0.3269, 'learning_rate': 5.5316446478726756e-06, 'epoch': 9.49}
{'loss': 0.323, 'learning_rate': 5.4883439092895e-06, 'epoch': 9.5}
{'loss': 0.3546, 'learning_rate': 5.445043170706335e-06, 'epoch': 9.5}
{'loss': 0.327, 'learning_rate': 5.4017424321231705e-06, 'epoch': 9.51}
{'loss': 0.3572, 'learning_rate': 5.358441693539995e-06, 'epoch': 9.51}
{'loss': 0.3631, 'learning_rate': 5.31514095495683e-06, 'epoch': 9.51}
{'loss': 0.3341, 'learning_rate': 5.2718402163736655e-06, 'epoch': 9.52}
{'loss': 0.3406, 'learning_rate': 5.22853947779049e-06, 'epoch': 9.52}
{'loss': 0.3542, 'learning_rate': 5.185238739207326e-06, 'epoch': 9.53}
{'loss': 0.3554, 'learning_rate': 5.141938000624149e-06, 'epoch': 9.53}
{'loss': 0.3387, 'learning_rate': 5.098637262040985e-06, 'epoch': 9.53}
{'loss': 0.3492, 'learning_rate': 5.055336523457821e-06, 'epoch': 9.54}
{'loss': 0.3277, 'learning_rate': 5.012035784874644e-06, 'epoch': 9.54}
{'loss': 0.3652, 'learning_rate': 4.96873504629148e-06, 'epoch': 9.55}
{'loss': 0.3684, 'learning_rate': 4.9254343077083156e-06, 'epoch': 9.55}
{'loss': 0.3564, 'learning_rate': 4.882133569125139e-06, 'epoch': 9.55}
{'loss': 0.3428, 'learning_rate': 4.838832830541975e-06, 'epoch': 9.56}
{'loss': 0.344, 'learning_rate': 4.7955320919588105e-06, 'epoch': 9.56}
{'loss': 0.3373, 'learning_rate': 4.752231353375634e-06, 'epoch': 9.57}
{'loss': 0.3399, 'learning_rate': 4.70893061479247e-06, 'epoch': 9.57}
{'loss': 0.3339, 'learning_rate': 4.6656298762093055e-06, 'epoch': 9.57}
{'loss': 0.3584, 'learning_rate': 4.62232913762613e-06, 'epoch': 9.58}
{'loss': 0.3479, 'learning_rate': 4.579028399042965e-06, 'epoch': 9.58}
{'loss': 0.3775, 'learning_rate': 4.535727660459789e-06, 'epoch': 9.59}
{'loss': 0.3311, 'learning_rate': 4.492426921876625e-06, 'epoch': 9.59}
{'loss': 0.3581, 'learning_rate': 4.44912618329346e-06, 'epoch': 9.6}
{'loss': 0.3398, 'learning_rate': 4.405825444710284e-06, 'epoch': 9.6}
{'loss': 0.3742, 'learning_rate': 4.36252470612712e-06, 'epoch': 9.6}
{'loss': 0.3293, 'learning_rate': 4.3192239675439555e-06, 'epoch': 9.61}
{'loss': 0.3557, 'learning_rate': 4.275923228960779e-06, 'epoch': 9.61}
{'loss': 0.3611, 'learning_rate': 4.232622490377615e-06, 'epoch': 9.62}
{'loss': 0.3825, 'learning_rate': 4.1893217517944505e-06, 'epoch': 9.62}
{'loss': 0.3612, 'learning_rate': 4.146021013211274e-06, 'epoch': 9.62}
{'loss': 0.3623, 'learning_rate': 4.10272027462811e-06, 'epoch': 9.63}
{'loss': 0.3301, 'learning_rate': 4.0594195360449344e-06, 'epoch': 9.63}
{'loss': 0.366, 'learning_rate': 4.016118797461769e-06, 'epoch': 9.64}
{'loss': 0.3389, 'learning_rate': 3.972818058878605e-06, 'epoch': 9.64}
{'loss': 0.3572, 'learning_rate': 3.929517320295429e-06, 'epoch': 9.64}
{'loss': 0.3301, 'learning_rate': 3.886216581712265e-06, 'epoch': 9.65}
{'loss': 0.3467, 'learning_rate': 3.8429158431291e-06, 'epoch': 9.65}
{'loss': 0.3499, 'learning_rate': 3.799615104545924e-06, 'epoch': 9.66}
{'loss': 0.3687, 'learning_rate': 3.757180380734423e-06, 'epoch': 9.66}
{'loss': 0.3595, 'learning_rate': 3.713879642151258e-06, 'epoch': 9.66}
{'loss': 0.3592, 'learning_rate': 3.6705789035680824e-06, 'epoch': 9.67}
{'loss': 0.3558, 'learning_rate': 3.627278164984917e-06, 'epoch': 9.67}
{'loss': 0.3552, 'learning_rate': 3.5839774264017528e-06, 'epoch': 9.68}
{'loss': 0.3806, 'learning_rate': 3.5415427025902405e-06, 'epoch': 9.68}
{'loss': 0.3217, 'learning_rate': 3.4982419640070757e-06, 'epoch': 9.68}
{'loss': 0.3492, 'learning_rate': 3.4549412254239003e-06, 'epoch': 9.69}
{'loss': 0.3544, 'learning_rate': 3.411640486840736e-06, 'epoch': 9.69}
{'loss': 0.3517, 'learning_rate': 3.3683397482575715e-06, 'epoch': 9.7}
{'loss': 0.3453, 'learning_rate': 3.3250390096743952e-06, 'epoch': 9.7}
{'loss': 0.3574, 'learning_rate': 3.2817382710912304e-06, 'epoch': 9.71}
{'loss': 0.3529, 'learning_rate': 3.238437532508066e-06, 'epoch': 9.71}
{'loss': 0.3546, 'learning_rate': 3.19513679392489e-06, 'epoch': 9.71}
{'loss': 0.3078, 'learning_rate': 3.1518360553417254e-06, 'epoch': 9.72}
{'loss': 0.3413, 'learning_rate': 3.108535316758561e-06, 'epoch': 9.72}
{'loss': 0.3333, 'learning_rate': 3.065234578175385e-06, 'epoch': 9.73}
{'loss': 0.3334, 'learning_rate': 3.0219338395922207e-06, 'epoch': 9.73}
{'loss': 0.3296, 'learning_rate': 2.978633101009045e-06, 'epoch': 9.73}
{'loss': 0.3599, 'learning_rate': 2.93533236242588e-06, 'epoch': 9.74}
{'loss': 0.3678, 'learning_rate': 2.8920316238427157e-06, 'epoch': 9.74}
{'loss': 0.3784, 'learning_rate': 2.84873088525954e-06, 'epoch': 9.75}
{'loss': 0.3735, 'learning_rate': 2.8054301466763754e-06, 'epoch': 9.75}
{'loss': 0.3332, 'learning_rate': 2.7621294080932106e-06, 'epoch': 9.75}
{'loss': 0.3602, 'learning_rate': 2.718828669510035e-06, 'epoch': 9.76}
{'loss': 0.37, 'learning_rate': 2.6755279309268704e-06, 'epoch': 9.76}
{'loss': 0.3839, 'learning_rate': 2.6322271923437056e-06, 'epoch': 9.77}
{'loss': 0.3384, 'learning_rate': 2.58892645376053e-06, 'epoch': 9.77}
{'loss': 0.3403, 'learning_rate': 2.5456257151773653e-06, 'epoch': 9.77}
{'loss': 0.3773, 'learning_rate': 2.502324976594201e-06, 'epoch': 9.78}
{'loss': 0.3349, 'learning_rate': 2.459024238011025e-06, 'epoch': 9.78}
{'loss': 0.3743, 'learning_rate': 2.4157234994278603e-06, 'epoch': 9.79}
{'loss': 0.3703, 'learning_rate': 2.372422760844685e-06, 'epoch': 9.79}
{'loss': 0.3559, 'learning_rate': 2.32912202226152e-06, 'epoch': 9.79}
{'loss': 0.3705, 'learning_rate': 2.2858212836783557e-06, 'epoch': 9.8}
{'loss': 0.3523, 'learning_rate': 2.24252054509518e-06, 'epoch': 9.8}
{'loss': 0.3584, 'learning_rate': 2.199219806512015e-06, 'epoch': 9.81}
{'loss': 0.3466, 'learning_rate': 2.1559190679288506e-06, 'epoch': 9.81}
{'loss': 0.3205, 'learning_rate': 2.1126183293456748e-06, 'epoch': 9.82}
{'loss': 0.3428, 'learning_rate': 2.06931759076251e-06, 'epoch': 9.82}
{'loss': 0.3352, 'learning_rate': 2.0260168521793456e-06, 'epoch': 9.82}
{'loss': 0.3554, 'learning_rate': 1.9827161135961697e-06, 'epoch': 9.83}
{'loss': 0.3512, 'learning_rate': 1.9394153750130053e-06, 'epoch': 9.83}
{'loss': 0.3459, 'learning_rate': 1.8961146364298295e-06, 'epoch': 9.84}
{'loss': 0.3632, 'learning_rate': 1.852813897846665e-06, 'epoch': 9.84}
{'loss': 0.3471, 'learning_rate': 1.8095131592635e-06, 'epoch': 9.84}
{'loss': 0.3529, 'learning_rate': 1.7662124206803242e-06, 'epoch': 9.85}
{'loss': 0.3396, 'learning_rate': 1.72291168209716e-06, 'epoch': 9.85}
{'loss': 0.351, 'learning_rate': 1.6796109435139952e-06, 'epoch': 9.86}
{'loss': 0.3674, 'learning_rate': 1.6363102049308198e-06, 'epoch': 9.86}
{'loss': 0.3412, 'learning_rate': 1.593009466347655e-06, 'epoch': 9.86}
{'loss': 0.3327, 'learning_rate': 1.5497087277644906e-06, 'epoch': 9.87}
{'loss': 0.3414, 'learning_rate': 1.5064079891813148e-06, 'epoch': 9.87}
{'loss': 0.3433, 'learning_rate': 1.46310725059815e-06, 'epoch': 9.88}
{'loss': 0.3689, 'learning_rate': 1.4198065120149745e-06, 'epoch': 9.88}
{'loss': 0.3225, 'learning_rate': 1.3765057734318097e-06, 'epoch': 9.88}
{'loss': 0.3699, 'learning_rate': 1.3332050348486453e-06, 'epoch': 9.89}
{'loss': 0.3794, 'learning_rate': 1.2899042962654695e-06, 'epoch': 9.89}
{'loss': 0.337, 'learning_rate': 1.2466035576823047e-06, 'epoch': 9.9}
{'loss': 0.3384, 'learning_rate': 1.2033028190991403e-06, 'epoch': 9.9}
{'loss': 0.3439, 'learning_rate': 1.1600020805159644e-06, 'epoch': 9.9}
{'loss': 0.3443, 'learning_rate': 1.1167013419328e-06, 'epoch': 9.91}
{'loss': 0.3423, 'learning_rate': 1.0734006033496352e-06, 'epoch': 9.91}
{'loss': 0.3108, 'learning_rate': 1.0300998647664594e-06, 'epoch': 9.92}
{'loss': 0.3429, 'learning_rate': 9.86799126183295e-07, 'epoch': 9.92}
{'loss': 0.3716, 'learning_rate': 9.434983876001303e-07, 'epoch': 9.93}
{'loss': 0.3586, 'learning_rate': 9.001976490169547e-07, 'epoch': 9.93}
{'loss': 0.3101, 'learning_rate': 8.568969104337899e-07, 'epoch': 9.93}
{'loss': 0.3569, 'learning_rate': 8.135961718506143e-07, 'epoch': 9.94}
{'loss': 0.3292, 'learning_rate': 7.702954332674496e-07, 'epoch': 9.94}
{'loss': 0.3204, 'learning_rate': 7.26994694684285e-07, 'epoch': 9.95}
{'loss': 0.3651, 'learning_rate': 6.836939561011093e-07, 'epoch': 9.95}
{'loss': 0.3374, 'learning_rate': 6.403932175179447e-07, 'epoch': 9.95}
{'loss': 0.3681, 'learning_rate': 5.970924789347799e-07, 'epoch': 9.96}
{'loss': 0.382, 'learning_rate': 5.537917403516042e-07, 'epoch': 9.96}
{'loss': 0.3458, 'learning_rate': 5.104910017684396e-07, 'epoch': 9.97}
{'loss': 0.3624, 'learning_rate': 4.6719026318527505e-07, 'epoch': 9.97}
{'loss': 0.366, 'learning_rate': 4.2388952460209933e-07, 'epoch': 9.97}
{'loss': 0.3254, 'learning_rate': 3.805887860189347e-07, 'epoch': 9.98}
{'loss': 0.32, 'learning_rate': 3.37288047435759e-07, 'epoch': 9.98}
{'loss': 0.326, 'learning_rate': 2.9398730885259433e-07, 'epoch': 9.99}
{'loss': 0.3632, 'learning_rate': 2.506865702694297e-07, 'epoch': 9.99}
{'loss': 0.3695, 'learning_rate': 2.0738583168625402e-07, 'epoch': 9.99}
{'loss': 0.34, 'learning_rate': 1.6408509310308939e-07, 'epoch': 10.0}
[INFO|trainer.py:520] 2026-10-04 15:48:02,534 >> The following columns in the evaluation set  don't have a corresponding argument in `PETLEncModel.forward` and have been ignored: hypothesis, premise, idx.
[INFO|trainer.py:2179] 2026-10-04 15:48:02,536 >> ***** Running Evaluation *****
[INFO|trainer.py:2181] 2026-10-04 15:48:02,536 >>   Num examples = 9815
[INFO|trainer.py:2184] 2026-10-04 15:48:02,536 >>   Batch size = 32
{'eval_loss': 0.3552611470222473, 'eval_accuracy': 0.8678553234844626, 'eval_runtime': 12.1747, 'eval_samples_per_second': 806.182, 'eval_steps_per_second': 25.216, 'epoch': 10.0}
[INFO|trainer.py:1933] 2026-10-04 15:48:14,712 >> Saving model checkpoint to checkpoints/glue/mnli/20261004/glue.mnli.lora.am_lora.ao_none.fm_none.fo_none.abn.fbn.ac_add.fl_none.finit_bert.fs_1.unfrz_ef_.ne10.warm0.06.wd0.1.seed42./checkpoint-122720
[INFO|configuration_utils.py:364] 2026-10-04 15:48:14,713 >> Configuration saved in checkpoints/glue/mnli/20261004/glue.mnli.lora.am_lora.ao_none.fm_none.fo_none.abn.fbn.ac_add.fl_none.finit_bert.fs_1.unfrz_ef_.ne10.warm0.06.wd0.1.seed42./checkpoint-122720/config.json
[INFO|modeling_utils.py:898] 2026-10-04 15:48:14,985 >> Model weights saved in checkpoints/glue/mnli/20261004/glue.mnli.lora.am_lora.ao_none.fm_none.fo_none.abn.fbn.ac_add.fl_none.finit_bert.fs_1.unfrz_ef_.ne10.warm0.06.wd0.1.seed42./checkpoint-122720/pytorch_model.bin
[INFO|tokenization_utils_base.py:1948] 2026-10-04 15:48:14,987 >> tokenizer config file saved in checkpoints/glue/mnli/20261004/glue.mnli.lora.am_lora.ao_none.fm_none.fo_none.abn.fbn.ac_add.fl_none.finit_bert.fs_1.unfrz_ef_.ne10.warm0.06.wd0.1.seed42./checkpoint-122720/tokenizer_config.json
[INFO|tokenization_utils_base.py:1954] 2026-10-04 15:48:14,987 >> Special tokens file saved in checkpoints/glue/mnli/20261004/glue.mnli.lora.am_lora.ao_none.fm_none.fo_none.abn.fbn.ac_add.fl_none.finit_bert.fs_1.unfrz_ef_.ne10.warm0.06.wd0.1.seed42./checkpoint-122720/special_tokens_map.json
[INFO|trainer.py:2009] 2026-10-04 15:48:15,068 >> Deleting older checkpoint [checkpoints/glue/mnli/20261004/glue.mnli.lora.am_lora.ao_none.fm_none.fo_none.abn.fbn.ac_add.fl_none.finit_bert.fs_1.unfrz_ef_.ne10.warm0.06.wd0.1.seed42./checkpoint-98176] due to args.save_total_limit
[INFO|trainer.py:1382] 2026-10-04 15:48:15,077 >> 

Training completed. Do not forget to share your model on huggingface.co/models =)


[INFO|trainer.py:1390] 2026-10-04 15:48:15,077 >> Loading best model from checkpoints/glue/mnli/20261004/glue.mnli.lora.am_lora.ao_none.fm_none.fo_none.abn.fbn.ac_add.fl_none.finit_bert.fs_1.unfrz_ef_.ne10.warm0.06.wd0.1.seed42./checkpoint-110448 (score: 0.8691798267957208).
{'train_runtime': 3776.3766, 'train_samples_per_second': 1039.891, 'train_steps_per_second': 32.497, 'train_loss': 0.411588646185911, 'epoch': 10.0}
[INFO|trainer.py:1933] 2026-10-04 15:48:15,476 >> Saving model checkpoint to checkpoints/glue/mnli/20261004/glue.mnli.lora.am_lora.ao_none.fm_none.fo_none.abn.fbn.ac_add.fl_none.finit_bert.fs_1.unfrz_ef_.ne10.warm0.06.wd0.1.seed42.
[INFO|configuration_utils.py:364] 2026-10-04 15:48:15,484 >> Configuration saved in checkpoints/glue/mnli/20261004/glue.mnli.lora.am_lora.ao_none.fm_none.fo_none.abn.fbn.ac_add.fl_none.finit_bert.fs_1.unfrz_ef_.ne10.warm0.06.wd0.1.seed42./config.json
[INFO|modeling_utils.py:898] 2026-10-04 15:48:15,744 >> Model weights saved in checkpoints/glue/mnli/20261004/glue.mnli.lora.am_lora.ao_none.fm_none.fo_none.abn.fbn.ac_add.fl_none.finit_bert.fs_1.unfrz_ef_.ne10.warm0.06.wd0.1.seed42./pytorch_model.bin
[INFO|tokenization_utils_base.py:1948] 2026-10-04 15:48:15,745 >> tokenizer config file saved in checkpoints/glue/mnli/20261004/glue.mnli.lora.am_lora.ao_none.fm_none.fo_none.abn.fbn.ac_add.fl_none.finit_bert.fs_1.unfrz_ef_.ne10.warm0.06.wd0.1.seed42./tokenizer_config.json
[INFO|tokenization_utils_base.py:1954] 2026-10-04 15:48:15,746 >> Special tokens file saved in checkpoints/glue/mnli/20261004/glue.mnli.lora.am_lora.ao_none.fm_none.fo_none.abn.fbn.ac_add.fl_none.finit_bert.fs_1.unfrz_ef_.ne10.warm0.06.wd0.1.seed42./special_tokens_map.json
***** train metrics *****
  epoch                    =       10.0
  train_loss               =     0.4116
  train_runtime            = 1:02:56.37
  train_samples            =     392702
  train_samples_per_second =   1039.891
  train_steps_per_second   =     32.497
10/04/2026 15:48:15 - INFO - __main__ -   *** Evaluate ***
[INFO|trainer.py:520] 2026-10-04 15:48:15,814 >> The following columns in the evaluation set  don't have a corresponding argument in `PETLEncModel.forward` and have been ignored: hypothesis, premise, idx.
[INFO|trainer.py:2179] 2026-10-04 15:48:15,816 >> ***** Running Evaluation *****
[INFO|trainer.py:2181] 2026-10-04 15:48:15,816 >>   Num examples = 9815
[INFO|trainer.py:2184] 2026-10-04 15:48:15,816 >>   Batch size = 32
{'eval_loss': 0.36044639348983765, 'eval_accuracy': 0.8691798267957208, 'eval_runtime': 12.0013, 'eval_samples_per_second': 817.827, 'eval_steps_per_second': 25.581, 'epoch': 10.0}
***** eval metrics *****
  epoch                   =       10.0
  eval_accuracy           =     0.8692
  eval_loss               =     0.3604
  eval_runtime            = 0:00:12.00
  eval_samples            =       9815
  eval_samples_per_second =    817.827
  eval_steps_per_second   =     25.581
[INFO|trainer.py:520] 2026-10-04 15:48:27,819 >> The following columns in the evaluation set  don't have a corresponding argument in `PETLEncModel.forward` and have been ignored: hypothesis, premise, idx.
[INFO|trainer.py:2179] 2026-10-04 15:48:27,820 >> ***** Running Evaluation *****
[INFO|trainer.py:2181] 2026-10-04 15:48:27,820 >>   Num examples = 9832
[INFO|trainer.py:2184] 2026-10-04 15:48:27,820 >>   Batch size = 32
{'eval_loss': 0.3665516674518585, 'eval_accuracy': 0.8658462164361269, 'eval_runtime': 12.1865, 'eval_samples_per_second': 806.793, 'eval_steps_per_second': 25.274, 'epoch': 10.0}
***** eval metrics *****
  epoch                   =       10.0
  eval_accuracy           =     0.8658
  eval_loss               =     0.3666
  eval_runtime            = 0:00:12.18
  eval_samples            =       9815
  eval_samples_per_second =    806.793
  eval_steps_per_second   =     25.274
