checkpoints/glue/mnli/20261004/glue.mnli.mam.am_prefix.ao_concat.fm_adapter.fo_parallel.abn.fbn.ac_add.fl_none.finit_lora.fs_2.unfrz_ef_.ne10.warm0.06.wd0.1.seed4.
10/04/2026 15:02:47 - WARNING - __main__ -   Process rank: -1, device: cuda:0, n_gpu: 1distributed training: False, 16-bits training: True
10/04/2026 15:02:47 - INFO - __main__ -   Training/evaluation parameters TrainingArguments(
_n_gpu=1,
adafactor=False,
adam_beta1=0.9,
adam_beta2=0.98,
adam_epsilon=1e-06,
dataloader_drop_last=False,
dataloader_num_workers=0,
dataloader_pin_memory=True,
ddp_find_unused_parameters=False,
debug=[],
deepspeed=None,
disable_tqdm=True,
do_eval=True,
do_predict=False,
do_train=True,
eval_accumulation_steps=None,
eval_steps=5000,
evaluation_strategy=IntervalStrategy.EPOCH,
fp16=True,
fp16_backend=auto,
fp16_full_eval=False,
fp16_opt_level=O1,
gradient_accumulation_steps=1,
greater_is_better=True,
group_by_length=False,
ignore_data_skip=False,
label_names=None,
label_smoothing_factor=0.0,
learning_rate=0.0001,
length_column_name=length,
load_best_model_at_end=True,
local_rank=-1,
log_level=-1,
log_level_replica=-1,
log_on_each_node=True,
logging_dir=checkpoints/glue/mnli/20261004/glue.mnli.mam.am_prefix.ao_concat.fm_adapter.fo_parallel.abn.fbn.ac_add.fl_none.finit_lora.fs_2.unfrz_ef_.ne10.warm0.06.wd0.1.seed4./runs/Oct04_15-02-47_j-12410940-job-0,
logging_first_step=False,
logging_steps=50,
logging_strategy=IntervalStrategy.STEPS,
lr_scheduler_type=SchedulerType.POLYNOMIAL,
max_grad_norm=1.0,
max_steps=-1,
metric_for_best_model=accuracy,
mp_parameters=,
no_cuda=False,
num_train_epochs=10.0,
output_dir=checkpoints/glue/mnli/20261004/glue.mnli.mam.am_prefix.ao_concat.fm_adapter.fo_parallel.abn.fbn.ac_add.fl_none.finit_lora.fs_2.unfrz_ef_.ne10.warm0.06.wd0.1.seed4.,
overwrite_output_dir=True,
past_index=-1,
per_device_eval_batch_size=32,
per_device_train_batch_size=32,
prediction_loss_only=False,
push_to_hub=False,
push_to_hub_model_id=glue.mnli.mam.am_prefix.ao_concat.fm_adapter.fo_parallel.abn.fbn.ac_add.fl_none.finit_lora.fs_2.unfrz_ef_.ne10.warm0.06.wd0.1.seed4.,
push_to_hub_organization=None,
push_to_hub_token=None,
remove_unused_columns=True,
report_to=[],
resume_from_checkpoint=None,
run_name=mnli.20261004.glue.mnli.mam.am_prefix.ao_concat.fm_adapter.fo_parallel.abn.fbn.ac_add.fl_none.finit_lora.fs_2.unfrz_ef_.ne10.warm0.06.wd0.1.seed4.,
save_steps=5000,
save_strategy=IntervalStrategy.EPOCH,
save_total_limit=2,
seed=4,
sharded_ddp=[],
skip_memory_metrics=True,
tpu_metrics_debug=False,
tpu_num_cores=None,
use_legacy_prediction_loop=False,
warmup_ratio=0.06,
warmup_steps=0,
weight_decay=0.1,
)
10/04/2026 15:02:48 - WARNING - datasets.builder -   Reusing dataset glue (checkpoints/hf_model/glue/mnli/1.0.0/dacbe3125aa31d7f70367a07a8a9e72a5a0bfeb5fc42e75c9db75b96da6053ad)
[INFO|configuration_utils.py:528] 2026-10-04 15:02:48,757 >> loading configuration file /work/unify-parameter-efficient-tuning/_setup/models/roberta-base/config.json
[INFO|configuration_utils.py:566] 2026-10-04 15:02:48,758 >> Model config RobertaConfig {
  "architectures": [
    "RobertaForMaskedLM"
  ],
  "attention_probs_dropout_prob": 0.1,
  "bos_token_id": 0,
  "eos_token_id": 2,
  "finetuning_task": "mnli",
  "gradient_checkpointing": false,
  "hidden_act": "gelu",
  "hidden_dropout_prob": 0.1,
  "hidden_size": 768,
  "id2label": {
    "0": "LABEL_0",
    "1": "LABEL_1",
    "2": "LABEL_2"
  },
  "initializer_range": 0.02,
  "intermediate_size": 3072,
  "label2id": {
    "LABEL_0": 0,
    "LABEL_1": 1,
    "LABEL_2": 2
  },
  "layer_norm_eps": 1e-05,
  "max_position_embeddings": 514,
  "model_type": "roberta",
  "num_attention_heads": 12,
  "num_hidden_layers": 12,
  "pad_token_id": 1,
  "position_embedding_type": "absolute",
  "transformers_version": "4.9.0.dev0",
  "type_vocab_size": 1,
  "use_cache": true,
  "vocab_size": 50265
}

[INFO|tokenization_auto.py:427] 2026-10-04 15:02:48,758 >> Could not locate the tokenizer configuration file, will try to use the model config instead.
[INFO|configuration_utils.py:528] 2026-10-04 15:02:48,758 >> loading configuration file /work/unify-parameter-efficient-tuning/_setup/models/roberta-base/config.json
[INFO|configuration_utils.py:566] 2026-10-04 15:02:48,758 >> Model config RobertaConfig {
  "architectures": [
    "RobertaForMaskedLM"
  ],
  "attention_probs_dropout_prob": 0.1,
  "bos_token_id": 0,
  "eos_token_id": 2,
  "gradient_checkpointing": false,
  "hidden_act": "gelu",
  "hidden_dropout_prob": 0.1,
  "hidden_size": 768,
  "initializer_range": 0.02,
  "intermediate_size": 3072,
  "layer_norm_eps": 1e-05,
  "max_position_embeddings": 514,
  "model_type": "roberta",
  "num_attention_heads": 12,
  "num_hidden_layers": 12,
  "pad_token_id": 1,
  "position_embedding_type": "absolute",
  "transformers_version": "4.9.0.dev0",
  "type_vocab_size": 1,
  "use_cache": true,
  "vocab_size": 50265
}

[INFO|tokenization_utils_base.py:1651] 2026-10-04 15:02:48,758 >> Didn't find file /work/unify-parameter-efficient-tuning/_setup/models/roberta-base/added_tokens.json. We won't load it.
[INFO|tokenization_utils_base.py:1651] 2026-10-04 15:02:48,758 >> Didn't find file /work/unify-parameter-efficient-tuning/_setup/models/roberta-base/special_tokens_map.json. We won't load it.
[INFO|tokenization_utils_base.py:1651] 2026-10-04 15:02:48,758 >> Didn't find file /work/unify-parameter-efficient-tuning/_setup/models/roberta-base/tokenizer_config.json. We won't load it.
[INFO|tokenization_utils_base.py:1715] 2026-10-04 15:02:48,758 >> loading file /work/unify-parameter-efficient-tuning/_setup/models/roberta-base/vocab.json
[INFO|tokenization_utils_base.py:1715] 2026-10-04 15:02:48,758 >> loading file /work/unify-parameter-efficient-tuning/_setup/models/roberta-base/merges.txt
[INFO|tokenization_utils_base.py:1715] 2026-10-04 15:02:48,758 >> loading file /work/unify-parameter-efficient-tuning/_setup/models/roberta-base/tokenizer.json
[INFO|tokenization_utils_base.py:1715] 2026-10-04 15:02:48,758 >> loading file None
[INFO|tokenization_utils_base.py:1715] 2026-10-04 15:02:48,758 >> loading file None
[INFO|tokenization_utils_base.py:1715] 2026-10-04 15:02:48,758 >> loading file None
[INFO|modeling_utils.py:1159] 2026-10-04 15:02:48,793 >> loading weights file /work/unify-parameter-efficient-tuning/_setup/models/roberta-base/pytorch_model.bin
============================ init weights is called! ====================================
============================ init weights is called! ====================================
[WARNING|modeling_utils.py:1336] 2026-10-04 15:02:50,016 >> Some weights of the model checkpoint at /work/unify-parameter-efficient-tuning/_setup/models/roberta-base were not used when initializing RobertaForSequenceClassification: ['lm_head.dense.bias', 'lm_head.bias', 'lm_head.layer_norm.bias', 'lm_head.dense.weight', 'lm_head.decoder.weight', 'lm_head.layer_norm.weight', 'roberta.pooler.dense.weight', 'roberta.pooler.dense.bias']
- This IS expected if you are initializing RobertaForSequenceClassification from the checkpoint of a model trained on another task or with another architecture (e.g. initializing a BertForSequenceClassification model from a BertForPreTraining model).
- This IS NOT expected if you are initializing RobertaForSequenceClassification from the checkpoint of a model that you expect to be exactly identical (initializing a BertForSequenceClassification model from a BertForSequenceClassification model).
[WARNING|modeling_utils.py:1347] 2026-10-04 15:02:50,017 >> Some weights of RobertaForSequenceClassification were not initialized from the model checkpoint at /work/unify-parameter-efficient-tuning/_setup/models/roberta-base and are newly initialized: ['classifier.dense.bias', 'classifier.dense.weight', 'classifier.out_proj.bias', 'classifier.out_proj.weight']
You should probably TRAIN this model on a down-stream task to be able to use it for predictions and inference.
tune roberta.encoder.layer.0.output.ef_ffn_adapter.down_proj.weight
tune roberta.encoder.layer.0.output.ef_ffn_adapter.down_proj.bias
tune roberta.encoder.layer.0.output.ef_ffn_adapter.up_proj.weight
tune roberta.encoder.layer.0.output.ef_ffn_adapter.up_proj.bias
tune roberta.encoder.layer.0.ef_ffn_adapter.down_proj.weight
tune roberta.encoder.layer.0.ef_ffn_adapter.down_proj.bias
tune roberta.encoder.layer.0.ef_ffn_adapter.up_proj.weight
tune roberta.encoder.layer.0.ef_ffn_adapter.up_proj.bias
tune roberta.encoder.layer.1.output.ef_ffn_adapter.down_proj.weight
tune roberta.encoder.layer.1.output.ef_ffn_adapter.down_proj.bias
tune roberta.encoder.layer.1.output.ef_ffn_adapter.up_proj.weight
tune roberta.encoder.layer.1.output.ef_ffn_adapter.up_proj.bias
tune roberta.encoder.layer.1.ef_ffn_adapter.down_proj.weight
tune roberta.encoder.layer.1.ef_ffn_adapter.down_proj.bias
tune roberta.encoder.layer.1.ef_ffn_adapter.up_proj.weight
tune roberta.encoder.layer.1.ef_ffn_adapter.up_proj.bias
tune roberta.encoder.layer.2.output.ef_ffn_adapter.down_proj.weight
tune roberta.encoder.layer.2.output.ef_ffn_adapter.down_proj.bias
tune roberta.encoder.layer.2.output.ef_ffn_adapter.up_proj.weight
tune roberta.encoder.layer.2.output.ef_ffn_adapter.up_proj.bias
tune roberta.encoder.layer.2.ef_ffn_adapter.down_proj.weight
tune roberta.encoder.layer.2.ef_ffn_adapter.down_proj.bias
tune roberta.encoder.layer.2.ef_ffn_adapter.up_proj.weight
tune roberta.encoder.layer.2.ef_ffn_adapter.up_proj.bias
tune roberta.encoder.layer.3.output.ef_ffn_adapter.down_proj.weight
tune roberta.encoder.layer.3.output.ef_ffn_adapter.down_proj.bias
tune roberta.encoder.layer.3.output.ef_ffn_adapter.up_proj.weight
tune roberta.encoder.layer.3.output.ef_ffn_adapter.up_proj.bias
tune roberta.encoder.layer.3.ef_ffn_adapter.down_proj.weight
tune roberta.encoder.layer.3.ef_ffn_adapter.down_proj.bias
tune roberta.encoder.layer.3.ef_ffn_adapter.up_proj.weight
tune roberta.encoder.layer.3.ef_ffn_adapter.up_proj.bias
tune roberta.encoder.layer.4.output.ef_ffn_adapter.down_proj.weight
tune roberta.encoder.layer.4.output.ef_ffn_adapter.down_proj.bias
tune roberta.encoder.layer.4.output.ef_ffn_adapter.up_proj.weight
tune roberta.encoder.layer.4.output.ef_ffn_adapter.up_proj.bias
tune roberta.encoder.layer.4.ef_ffn_adapter.down_proj.weight
tune roberta.encoder.layer.4.ef_ffn_adapter.down_proj.bias
tune roberta.encoder.layer.4.ef_ffn_adapter.up_proj.weight
tune roberta.encoder.layer.4.ef_ffn_adapter.up_proj.bias
tune roberta.encoder.layer.5.output.ef_ffn_adapter.down_proj.weight
tune roberta.encoder.layer.5.output.ef_ffn_adapter.down_proj.bias
tune roberta.encoder.layer.5.output.ef_ffn_adapter.up_proj.weight
tune roberta.encoder.layer.5.output.ef_ffn_adapter.up_proj.bias
tune roberta.encoder.layer.5.ef_ffn_adapter.down_proj.weight
tune roberta.encoder.layer.5.ef_ffn_adapter.down_proj.bias
tune roberta.encoder.layer.5.ef_ffn_adapter.up_proj.weight
tune roberta.encoder.layer.5.ef_ffn_adapter.up_proj.bias
tune roberta.encoder.layer.6.output.ef_ffn_adapter.down_proj.weight
tune roberta.encoder.layer.6.output.ef_ffn_adapter.down_proj.bias
tune roberta.encoder.layer.6.output.ef_ffn_adapter.up_proj.weight
tune roberta.encoder.layer.6.output.ef_ffn_adapter.up_proj.bias
tune roberta.encoder.layer.6.ef_ffn_adapter.down_proj.weight
tune roberta.encoder.layer.6.ef_ffn_adapter.down_proj.bias
tune roberta.encoder.layer.6.ef_ffn_adapter.up_proj.weight
tune roberta.encoder.layer.6.ef_ffn_adapter.up_proj.bias
tune roberta.encoder.layer.7.output.ef_ffn_adapter.down_proj.weight
tune roberta.encoder.layer.7.output.ef_ffn_adapter.down_proj.bias
tune roberta.encoder.layer.7.output.ef_ffn_adapter.up_proj.weight
tune roberta.encoder.layer.7.output.ef_ffn_adapter.up_proj.bias
tune roberta.encoder.layer.7.ef_ffn_adapter.down_proj.weight
tune roberta.encoder.layer.7.ef_ffn_adapter.down_proj.bias
tune roberta.encoder.layer.7.ef_ffn_adapter.up_proj.weight
tune roberta.encoder.layer.7.ef_ffn_adapter.up_proj.bias
tune roberta.encoder.layer.8.output.ef_ffn_adapter.down_proj.weight
tune roberta.encoder.layer.8.output.ef_ffn_adapter.down_proj.bias
tune roberta.encoder.layer.8.output.ef_ffn_adapter.up_proj.weight
tune roberta.encoder.layer.8.output.ef_ffn_adapter.up_proj.bias
tune roberta.encoder.layer.8.ef_ffn_adapter.down_proj.weight
tune roberta.encoder.layer.8.ef_ffn_adapter.down_proj.bias
tune roberta.encoder.layer.8.ef_ffn_adapter.up_proj.weight
tune roberta.encoder.layer.8.ef_ffn_adapter.up_proj.bias
tune roberta.encoder.layer.9.output.ef_ffn_adapter.down_proj.weight
tune roberta.encoder.layer.9.output.ef_ffn_adapter.down_proj.bias
tune roberta.encoder.layer.9.output.ef_ffn_adapter.up_proj.weight
tune roberta.encoder.layer.9.output.ef_ffn_adapter.up_proj.bias
tune roberta.encoder.layer.9.ef_ffn_adapter.down_proj.weight
tune roberta.encoder.layer.9.ef_ffn_adapter.down_proj.bias
tune roberta.encoder.layer.9.ef_ffn_adapter.up_proj.weight
tune roberta.encoder.layer.9.ef_ffn_adapter.up_proj.bias
tune roberta.encoder.layer.10.output.ef_ffn_adapter.down_proj.weight
tune roberta.encoder.layer.10.output.ef_ffn_adapter.down_proj.bias
tune roberta.encoder.layer.10.output.ef_ffn_adapter.up_proj.weight
tune roberta.encoder.layer.10.output.ef_ffn_adapter.up_proj.bias
tune roberta.encoder.layer.10.ef_ffn_adapter.down_proj.weight
tune roberta.encoder.layer.10.ef_ffn_adapter.down_proj.bias
tune roberta.encoder.layer.10.ef_ffn_adapter.up_proj.weight
tune roberta.encoder.layer.10.ef_ffn_adapter.up_proj.bias
tune roberta.encoder.layer.11.output.ef_ffn_adapter.down_proj.weight
tune roberta.encoder.layer.11.output.ef_ffn_adapter.down_proj.bias
tune roberta.encoder.layer.11.output.ef_ffn_adapter.up_proj.weight
tune roberta.encoder.layer.11.output.ef_ffn_adapter.up_proj.bias
tune roberta.encoder.layer.11.ef_ffn_adapter.down_proj.weight
tune roberta.encoder.layer.11.ef_ffn_adapter.down_proj.bias
tune roberta.encoder.layer.11.ef_ffn_adapter.up_proj.weight
tune roberta.encoder.layer.11.ef_ffn_adapter.up_proj.bias
10/04/2026 15:02:50 - WARNING - datasets.fingerprint -   Parameter 'function'=<function main.<locals>.preprocess_function at 0x7f1a59261e50> of the transform datasets.arrow_dataset.Dataset._map_single couldn't be hashed properly, a random hash was used instead. Make sure your transforms and parameters are serializable with pickle or dill for the dataset fingerprinting and caching to work. If you reuse this transform, the caching mechanism will consider it to be different from the previous calls and recompute everything. This warning is only showed once. Subsequent hashing failures won't be showed.
10/04/2026 15:02:50 - WARNING - datasets.arrow_dataset -   Loading cached processed dataset at checkpoints/hf_model/glue/mnli/1.0.0/dacbe3125aa31d7f70367a07a8a9e72a5a0bfeb5fc42e75c9db75b96da6053ad/cache-4da4f9fc3c6da5d7.arrow
10/04/2026 15:02:50 - WARNING - datasets.arrow_dataset -   Loading cached processed dataset at checkpoints/hf_model/glue/mnli/1.0.0/dacbe3125aa31d7f70367a07a8a9e72a5a0bfeb5fc42e75c9db75b96da6053ad/cache-b8a1abcd1a6916c7.arrow
10/04/2026 15:02:50 - WARNING - datasets.arrow_dataset -   Loading cached processed dataset at checkpoints/hf_model/glue/mnli/1.0.0/dacbe3125aa31d7f70367a07a8a9e72a5a0bfeb5fc42e75c9db75b96da6053ad/cache-7a97c643656412a9.arrow
10/04/2026 15:02:50 - WARNING - datasets.arrow_dataset -   Loading cached processed dataset at checkpoints/hf_model/glue/mnli/1.0.0/dacbe3125aa31d7f70367a07a8a9e72a5a0bfeb5fc42e75c9db75b96da6053ad/cache-1710cf5327ac435a.arrow
10/04/2026 15:02:50 - WARNING - datasets.arrow_dataset -   Loading cached processed dataset at checkpoints/hf_model/glue/mnli/1.0.0/dacbe3125aa31d7f70367a07a8a9e72a5a0bfeb5fc42e75c9db75b96da6053ad/cache-0512bd1311072231.arrow
10/04/2026 15:02:50 - INFO - __main__ -   Sample 210549 of the training set: {'attention_mask': [1, 1, 1, 1, 1, 1, 1, 1, 1, 1, 1, 1, 1, 1, 1, 1, 1, 1, 1, 1, 1, 1, 1, 1, 1, 1, 1, 1, 1, 1, 1, 1, 1, 1, 1, 1, 1, 1, 1, 1, 1, 1, 1, 1, 1, 1, 1, 1, 1, 1, 1, 1, 1, 1, 1, 1, 1, 1, 1, 1, 1, 1, 1, 1, 1, 1, 1, 1, 1, 1], 'hypothesis': "I don't think companies should have to take the strain and responsibility of paying for the person's healthcare. ", 'idx': 210549, 'input_ids': [0, 2678, 939, 216, 939, 216, 14223, 11380, 24, 18, 1528, 8, 939, 218, 75, 206, 14, 14, 6976, 197, 28, 342, 15, 451, 1169, 939, 218, 75, 206, 14, 51, 197, 33, 7, 6876, 5, 2640, 9, 2746, 13, 5, 621, 18, 474, 575, 2, 2, 100, 218, 75, 206, 451, 197, 33, 7, 185, 5, 8793, 8, 2640, 9, 2746, 13, 5, 621, 18, 3717, 4, 1437, 2], 'label': 0, 'premise': "oh i know i know oh yeah it's true and i don't think that that burden should be put on companies either i don't think that they should have to assume the responsibility of paying for the person's health care"}.
10/04/2026 15:02:50 - INFO - __main__ -   Sample 288044 of the training set: {'attention_mask': [1, 1, 1, 1, 1, 1, 1, 1, 1, 1, 1, 1, 1, 1, 1, 1, 1, 1, 1, 1, 1, 1], 'hypothesis': 'I have taken gun management 101.', 'idx': 288044, 'input_ids': [0, 42803, 939, 33, 33, 1751, 1751, 33, 33, 1751, 1052, 6560, 2, 2, 100, 33, 551, 1751, 1052, 6560, 4, 2], 'label': 0, 'premise': 'yeah i have have gun gun have have gun management 101'}.
10/04/2026 15:02:50 - INFO - __main__ -   Sample 151716 of the training set: {'attention_mask': [1, 1, 1, 1, 1, 1, 1, 1, 1, 1, 1, 1, 1, 1, 1], 'hypothesis': 'His hold tightened.', 'idx': 151716, 'input_ids': [0, 9962, 946, 56, 7185, 10, 410, 4, 2, 2, 9962, 946, 21287, 4, 2], 'label': 2, 'premise': 'His hold had slipped a little.'}.
[INFO|trainer.py:420] 2026-10-04 15:02:51,569 >> Using amp fp16 backend
/work/unify-parameter-efficient-tuning/src/transformers/trainer.py:430: FutureWarning: `torch.cuda.amp.GradScaler(args...)` is deprecated. Please use `torch.amp.GradScaler('cuda', args...)` instead.
  self.scaler = torch.cuda.amp.GradScaler()
[INFO|trainer.py:520] 2026-10-04 15:02:51,570 >> The following columns in the training set  don't have a corresponding argument in `PETLEncModel.forward` and have been ignored: idx, hypothesis, premise.
[INFO|trainer.py:1183] 2026-10-04 15:02:52,302 >> ***** Running training *****
[INFO|trainer.py:1184] 2026-10-04 15:02:52,302 >>   Num examples = 392702
[INFO|trainer.py:1185] 2026-10-04 15:02:52,302 >>   Num Epochs = 10
[INFO|trainer.py:1186] 2026-10-04 15:02:52,302 >>   Instantaneous batch size per device = 32
[INFO|trainer.py:1187] 2026-10-04 15:02:52,302 >>   Total train batch size (w. parallel, distributed & accumulation) = 32
[INFO|trainer.py:1188] 2026-10-04 15:02:52,302 >>   Gradient Accumulation steps = 1
[INFO|trainer.py:1189] 2026-10-04 15:02:52,302 >>   Total optimization steps = 122720
/work/unify-parameter-efficient-tuning/src/transformers/trainer.py:1784: FutureWarning: `torch.cuda.amp.autocast(args...)` is deprecated. Please use `torch.amp.autocast('cuda', args...)` instead.
  with autocast():
{'loss': 1.1025, 'learning_rate': 6.789788158609453e-07, 'epoch': 0.0}
{'loss': 1.1059, 'learning_rate': 1.3579576317218905e-06, 'epoch': 0.01}
{'loss': 1.1033, 'learning_rate': 2.0369364475828354e-06, 'epoch': 0.01}
{'loss': 1.1003, 'learning_rate': 2.715915263443781e-06, 'epoch': 0.02}
{'loss': 1.1022, 'learning_rate': 3.3948940793047257e-06, 'epoch': 0.02}
{'loss': 1.1005, 'learning_rate': 4.073872895165671e-06, 'epoch': 0.02}
{'loss': 1.0996, 'learning_rate': 4.752851711026616e-06, 'epoch': 0.03}
{'loss': 1.1007, 'learning_rate': 5.431830526887562e-06, 'epoch': 0.03}
{'loss': 1.1052, 'learning_rate': 6.110809342748506e-06, 'epoch': 0.04}
{'loss': 1.0988, 'learning_rate': 6.7897881586094514e-06, 'epoch': 0.04}
{'loss': 1.0991, 'learning_rate': 7.468766974470397e-06, 'epoch': 0.04}
{'loss': 1.0989, 'learning_rate': 8.147745790331342e-06, 'epoch': 0.05}
{'loss': 1.0996, 'learning_rate': 8.826724606192287e-06, 'epoch': 0.05}
{'loss': 1.099, 'learning_rate': 9.505703422053232e-06, 'epoch': 0.06}
{'loss': 1.0998, 'learning_rate': 1.0184682237914179e-05, 'epoch': 0.06}
{'loss': 1.1015, 'learning_rate': 1.0863661053775124e-05, 'epoch': 0.07}
{'loss': 1.0984, 'learning_rate': 1.1542639869636067e-05, 'epoch': 0.07}
{'loss': 1.1017, 'learning_rate': 1.2221618685497013e-05, 'epoch': 0.07}
{'loss': 1.1039, 'learning_rate': 1.2900597501357958e-05, 'epoch': 0.08}
{'loss': 1.1019, 'learning_rate': 1.3579576317218903e-05, 'epoch': 0.08}
{'loss': 1.0993, 'learning_rate': 1.4258555133079848e-05, 'epoch': 0.09}
{'loss': 1.1017, 'learning_rate': 1.4937533948940793e-05, 'epoch': 0.09}
{'loss': 1.1003, 'learning_rate': 1.561651276480174e-05, 'epoch': 0.09}
{'loss': 1.0978, 'learning_rate': 1.6295491580662683e-05, 'epoch': 0.1}
{'loss': 1.1007, 'learning_rate': 1.6974470396523627e-05, 'epoch': 0.1}
{'loss': 1.1004, 'learning_rate': 1.7653449212384574e-05, 'epoch': 0.11}
{'loss': 1.1, 'learning_rate': 1.8332428028245517e-05, 'epoch': 0.11}
{'loss': 1.0969, 'learning_rate': 1.9011406844106464e-05, 'epoch': 0.11}
{'loss': 1.0964, 'learning_rate': 1.9690385659967407e-05, 'epoch': 0.12}
{'loss': 1.0983, 'learning_rate': 2.0369364475828358e-05, 'epoch': 0.12}
{'loss': 1.0956, 'learning_rate': 2.10483432916893e-05, 'epoch': 0.13}
{'loss': 1.0822, 'learning_rate': 2.1727322107550248e-05, 'epoch': 0.13}
{'loss': 1.0553, 'learning_rate': 2.240630092341119e-05, 'epoch': 0.13}
{'loss': 1.0228, 'learning_rate': 2.3085279739272135e-05, 'epoch': 0.14}
{'loss': 0.9821, 'learning_rate': 2.3764258555133082e-05, 'epoch': 0.14}
{'loss': 0.9269, 'learning_rate': 2.4443237370994025e-05, 'epoch': 0.15}
{'loss': 0.8957, 'learning_rate': 2.512221618685497e-05, 'epoch': 0.15}
{'loss': 0.8304, 'learning_rate': 2.5801195002715915e-05, 'epoch': 0.15}
{'loss': 0.8437, 'learning_rate': 2.646659424225964e-05, 'epoch': 0.16}
{'loss': 0.7936, 'learning_rate': 2.7145573058120588e-05, 'epoch': 0.16}
{'loss': 0.7904, 'learning_rate': 2.781097229766431e-05, 'epoch': 0.17}
{'loss': 0.7852, 'learning_rate': 2.848995111352526e-05, 'epoch': 0.17}
{'loss': 0.7635, 'learning_rate': 2.9168929929386207e-05, 'epoch': 0.18}
{'loss': 0.7048, 'learning_rate': 2.984790874524715e-05, 'epoch': 0.18}
{'loss': 0.7419, 'learning_rate': 3.05268875611081e-05, 'epoch': 0.18}
{'loss': 0.6912, 'learning_rate': 3.120586637696904e-05, 'epoch': 0.19}
{'loss': 0.6764, 'learning_rate': 3.1884845192829984e-05, 'epoch': 0.19}
{'loss': 0.7004, 'learning_rate': 3.256382400869093e-05, 'epoch': 0.2}
{'loss': 0.6935, 'learning_rate': 3.324280282455188e-05, 'epoch': 0.2}
{'loss': 0.6745, 'learning_rate': 3.392178164041282e-05, 'epoch': 0.2}
{'loss': 0.6864, 'learning_rate': 3.4600760456273765e-05, 'epoch': 0.21}
{'loss': 0.6418, 'learning_rate': 3.527973927213471e-05, 'epoch': 0.21}
{'loss': 0.6619, 'learning_rate': 3.595871808799566e-05, 'epoch': 0.22}
{'loss': 0.6831, 'learning_rate': 3.66376969038566e-05, 'epoch': 0.22}
{'loss': 0.6716, 'learning_rate': 3.7316675719717546e-05, 'epoch': 0.22}
{'loss': 0.6399, 'learning_rate': 3.799565453557849e-05, 'epoch': 0.23}
{'loss': 0.6298, 'learning_rate': 3.867463335143944e-05, 'epoch': 0.23}
{'loss': 0.6235, 'learning_rate': 3.935361216730038e-05, 'epoch': 0.24}
{'loss': 0.6356, 'learning_rate': 4.0032590983161326e-05, 'epoch': 0.24}
{'loss': 0.6166, 'learning_rate': 4.071156979902227e-05, 'epoch': 0.24}
{'loss': 0.6131, 'learning_rate': 4.139054861488322e-05, 'epoch': 0.25}
{'loss': 0.5886, 'learning_rate': 4.206952743074416e-05, 'epoch': 0.25}
{'loss': 0.6295, 'learning_rate': 4.274850624660511e-05, 'epoch': 0.26}
{'loss': 0.6481, 'learning_rate': 4.341390548614883e-05, 'epoch': 0.26}
{'loss': 0.6227, 'learning_rate': 4.409288430200978e-05, 'epoch': 0.26}
{'loss': 0.587, 'learning_rate': 4.477186311787073e-05, 'epoch': 0.27}
{'loss': 0.6151, 'learning_rate': 4.545084193373167e-05, 'epoch': 0.27}
{'loss': 0.599, 'learning_rate': 4.6129820749592616e-05, 'epoch': 0.28}
{'loss': 0.5866, 'learning_rate': 4.6808799565453556e-05, 'epoch': 0.28}
{'loss': 0.6039, 'learning_rate': 4.748777838131451e-05, 'epoch': 0.29}
{'loss': 0.5854, 'learning_rate': 4.816675719717545e-05, 'epoch': 0.29}
{'loss': 0.5673, 'learning_rate': 4.88457360130364e-05, 'epoch': 0.29}
{'loss': 0.5733, 'learning_rate': 4.952471482889734e-05, 'epoch': 0.3}
{'loss': 0.5913, 'learning_rate': 5.020369364475829e-05, 'epoch': 0.3}
{'loss': 0.6064, 'learning_rate': 5.088267246061923e-05, 'epoch': 0.31}
{'loss': 0.5766, 'learning_rate': 5.156165127648017e-05, 'epoch': 0.31}
{'loss': 0.5761, 'learning_rate': 5.2240630092341124e-05, 'epoch': 0.31}
{'loss': 0.5706, 'learning_rate': 5.2919608908202064e-05, 'epoch': 0.32}
{'loss': 0.5887, 'learning_rate': 5.359858772406301e-05, 'epoch': 0.32}
{'loss': 0.5987, 'learning_rate': 5.427756653992395e-05, 'epoch': 0.33}
{'loss': 0.551, 'learning_rate': 5.4956545355784905e-05, 'epoch': 0.33}
{'loss': 0.582, 'learning_rate': 5.5635524171645845e-05, 'epoch': 0.33}
{'loss': 0.5714, 'learning_rate': 5.631450298750679e-05, 'epoch': 0.34}
{'loss': 0.6019, 'learning_rate': 5.6993481803367745e-05, 'epoch': 0.34}
{'loss': 0.5797, 'learning_rate': 5.7672460619228685e-05, 'epoch': 0.35}
{'loss': 0.5717, 'learning_rate': 5.8351439435089625e-05, 'epoch': 0.35}
{'loss': 0.5852, 'learning_rate': 5.903041825095057e-05, 'epoch': 0.35}
{'loss': 0.5932, 'learning_rate': 5.9709397066811526e-05, 'epoch': 0.36}
{'loss': 0.5613, 'learning_rate': 6.0388375882672466e-05, 'epoch': 0.36}
{'loss': 0.5786, 'learning_rate': 6.10673546985334e-05, 'epoch': 0.37}
{'loss': 0.5532, 'learning_rate': 6.174633351439435e-05, 'epoch': 0.37}
{'loss': 0.5586, 'learning_rate': 6.24253123302553e-05, 'epoch': 0.37}
{'loss': 0.5574, 'learning_rate': 6.310429114611625e-05, 'epoch': 0.38}
{'loss': 0.5484, 'learning_rate': 6.37832699619772e-05, 'epoch': 0.38}
{'loss': 0.53, 'learning_rate': 6.446224877783813e-05, 'epoch': 0.39}
{'loss': 0.5859, 'learning_rate': 6.514122759369909e-05, 'epoch': 0.39}
{'loss': 0.5247, 'learning_rate': 6.582020640956002e-05, 'epoch': 0.4}
{'loss': 0.5644, 'learning_rate': 6.649918522542097e-05, 'epoch': 0.4}
{'loss': 0.5351, 'learning_rate': 6.717816404128191e-05, 'epoch': 0.4}
{'loss': 0.5492, 'learning_rate': 6.785714285714286e-05, 'epoch': 0.41}
{'loss': 0.5608, 'learning_rate': 6.853612167300381e-05, 'epoch': 0.41}
{'loss': 0.5055, 'learning_rate': 6.921510048886475e-05, 'epoch': 0.42}
{'loss': 0.5206, 'learning_rate': 6.98940793047257e-05, 'epoch': 0.42}
{'loss': 0.5665, 'learning_rate': 7.057305812058665e-05, 'epoch': 0.42}
{'loss': 0.5553, 'learning_rate': 7.125203693644758e-05, 'epoch': 0.43}
{'loss': 0.5231, 'learning_rate': 7.193101575230853e-05, 'epoch': 0.43}
{'loss': 0.5263, 'learning_rate': 7.260999456816948e-05, 'epoch': 0.44}
{'loss': 0.5517, 'learning_rate': 7.328897338403042e-05, 'epoch': 0.44}
{'loss': 0.5256, 'learning_rate': 7.396795219989137e-05, 'epoch': 0.44}
{'loss': 0.5483, 'learning_rate': 7.46469310157523e-05, 'epoch': 0.45}
{'loss': 0.5494, 'learning_rate': 7.532590983161326e-05, 'epoch': 0.45}
{'loss': 0.5413, 'learning_rate': 7.600488864747421e-05, 'epoch': 0.46}
{'loss': 0.5113, 'learning_rate': 7.668386746333514e-05, 'epoch': 0.46}
{'loss': 0.5404, 'learning_rate': 7.736284627919609e-05, 'epoch': 0.46}
{'loss': 0.5282, 'learning_rate': 7.804182509505704e-05, 'epoch': 0.47}
{'loss': 0.5071, 'learning_rate': 7.872080391091798e-05, 'epoch': 0.47}
{'loss': 0.5705, 'learning_rate': 7.939978272677893e-05, 'epoch': 0.48}
{'loss': 0.5393, 'learning_rate': 8.007876154263986e-05, 'epoch': 0.48}
{'loss': 0.534, 'learning_rate': 8.075774035850082e-05, 'epoch': 0.48}
{'loss': 0.5293, 'learning_rate': 8.143671917436177e-05, 'epoch': 0.49}
{'loss': 0.5282, 'learning_rate': 8.21156979902227e-05, 'epoch': 0.49}
{'loss': 0.5095, 'learning_rate': 8.279467680608365e-05, 'epoch': 0.5}
{'loss': 0.5708, 'learning_rate': 8.34736556219446e-05, 'epoch': 0.5}
{'loss': 0.5636, 'learning_rate': 8.415263443780554e-05, 'epoch': 0.51}
{'loss': 0.5612, 'learning_rate': 8.483161325366649e-05, 'epoch': 0.51}
{'loss': 0.531, 'learning_rate': 8.551059206952744e-05, 'epoch': 0.51}
{'loss': 0.5337, 'learning_rate': 8.618957088538838e-05, 'epoch': 0.52}
{'loss': 0.5113, 'learning_rate': 8.686854970124932e-05, 'epoch': 0.52}
{'loss': 0.5143, 'learning_rate': 8.754752851711026e-05, 'epoch': 0.53}
{'loss': 0.5178, 'learning_rate': 8.822650733297123e-05, 'epoch': 0.53}
{'loss': 0.4952, 'learning_rate': 8.890548614883216e-05, 'epoch': 0.53}
{'loss': 0.547, 'learning_rate': 8.95844649646931e-05, 'epoch': 0.54}
{'loss': 0.5203, 'learning_rate': 9.026344378055405e-05, 'epoch': 0.54}
{'loss': 0.5181, 'learning_rate': 9.0942422596415e-05, 'epoch': 0.55}
{'loss': 0.5336, 'learning_rate': 9.162140141227595e-05, 'epoch': 0.55}
{'loss': 0.5096, 'learning_rate': 9.230038022813688e-05, 'epoch': 0.55}
{'loss': 0.5294, 'learning_rate': 9.297935904399783e-05, 'epoch': 0.56}
{'loss': 0.5351, 'learning_rate': 9.365833785985879e-05, 'epoch': 0.56}
{'loss': 0.5384, 'learning_rate': 9.433731667571972e-05, 'epoch': 0.57}
{'loss': 0.5451, 'learning_rate': 9.501629549158067e-05, 'epoch': 0.57}
{'loss': 0.5045, 'learning_rate': 9.569527430744161e-05, 'epoch': 0.57}
{'loss': 0.5206, 'learning_rate': 9.637425312330256e-05, 'epoch': 0.58}
{'loss': 0.5242, 'learning_rate': 9.705323193916351e-05, 'epoch': 0.58}
{'loss': 0.5239, 'learning_rate': 9.773221075502444e-05, 'epoch': 0.59}
{'loss': 0.5202, 'learning_rate': 9.84111895708854e-05, 'epoch': 0.59}
{'loss': 0.5156, 'learning_rate': 9.909016838674633e-05, 'epoch': 0.59}
{'loss': 0.5002, 'learning_rate': 9.975556762629007e-05, 'epoch': 0.6}
{'loss': 0.517, 'learning_rate': 9.997228752730677e-05, 'epoch': 0.6}
{'loss': 0.4719, 'learning_rate': 9.99289867887236e-05, 'epoch': 0.61}
{'loss': 0.5311, 'learning_rate': 9.988568605014044e-05, 'epoch': 0.61}
{'loss': 0.4956, 'learning_rate': 9.984238531155728e-05, 'epoch': 0.62}
{'loss': 0.5181, 'learning_rate': 9.979908457297411e-05, 'epoch': 0.62}
{'loss': 0.5441, 'learning_rate': 9.975578383439093e-05, 'epoch': 0.62}
{'loss': 0.5143, 'learning_rate': 9.971334911057943e-05, 'epoch': 0.63}
{'loss': 0.5162, 'learning_rate': 9.967004837199627e-05, 'epoch': 0.63}
{'loss': 0.5171, 'learning_rate': 9.962674763341309e-05, 'epoch': 0.64}
{'loss': 0.5078, 'learning_rate': 9.958344689482992e-05, 'epoch': 0.64}
{'loss': 0.5243, 'learning_rate': 9.954014615624676e-05, 'epoch': 0.64}
{'loss': 0.5479, 'learning_rate': 9.949684541766358e-05, 'epoch': 0.65}
{'loss': 0.5195, 'learning_rate': 9.945354467908041e-05, 'epoch': 0.65}
{'loss': 0.5514, 'learning_rate': 9.941024394049725e-05, 'epoch': 0.66}
{'loss': 0.5105, 'learning_rate': 9.936694320191408e-05, 'epoch': 0.66}
{'loss': 0.4875, 'learning_rate': 9.932364246333092e-05, 'epoch': 0.66}
{'loss': 0.5038, 'learning_rate': 9.928034172474774e-05, 'epoch': 0.67}
{'loss': 0.5122, 'learning_rate': 9.923704098616457e-05, 'epoch': 0.67}
{'loss': 0.5065, 'learning_rate': 9.919374024758141e-05, 'epoch': 0.68}
{'loss': 0.5079, 'learning_rate': 9.915043950899823e-05, 'epoch': 0.68}
{'loss': 0.462, 'learning_rate': 9.910713877041507e-05, 'epoch': 0.68}
{'loss': 0.5167, 'learning_rate': 9.90638380318319e-05, 'epoch': 0.69}
{'loss': 0.5441, 'learning_rate': 9.902053729324872e-05, 'epoch': 0.69}
{'loss': 0.5098, 'learning_rate': 9.897723655466557e-05, 'epoch': 0.7}
{'loss': 0.4998, 'learning_rate': 9.893393581608239e-05, 'epoch': 0.7}
{'loss': 0.5045, 'learning_rate': 9.889063507749923e-05, 'epoch': 0.7}
{'loss': 0.5269, 'learning_rate': 9.884733433891606e-05, 'epoch': 0.71}
{'loss': 0.5393, 'learning_rate': 9.880403360033288e-05, 'epoch': 0.71}
{'loss': 0.5043, 'learning_rate': 9.876073286174972e-05, 'epoch': 0.72}
{'loss': 0.5094, 'learning_rate': 9.871743212316655e-05, 'epoch': 0.72}
{'loss': 0.5026, 'learning_rate': 9.867413138458337e-05, 'epoch': 0.73}
{'loss': 0.5106, 'learning_rate': 9.863083064600021e-05, 'epoch': 0.73}
{'loss': 0.4991, 'learning_rate': 9.858752990741704e-05, 'epoch': 0.73}
{'loss': 0.4856, 'learning_rate': 9.854422916883388e-05, 'epoch': 0.74}
{'loss': 0.4822, 'learning_rate': 9.850092843025071e-05, 'epoch': 0.74}
{'loss': 0.4881, 'learning_rate': 9.845762769166755e-05, 'epoch': 0.75}
{'loss': 0.481, 'learning_rate': 9.841432695308437e-05, 'epoch': 0.75}
{'loss': 0.5037, 'learning_rate': 9.83710262145012e-05, 'epoch': 0.75}
{'loss': 0.4643, 'learning_rate': 9.832772547591802e-05, 'epoch': 0.76}
{'loss': 0.5158, 'learning_rate': 9.828442473733486e-05, 'epoch': 0.76}
{'loss': 0.4891, 'learning_rate': 9.824112399875169e-05, 'epoch': 0.77}
{'loss': 0.483, 'learning_rate': 9.819782326016853e-05, 'epoch': 0.77}
{'loss': 0.4708, 'learning_rate': 9.815452252158536e-05, 'epoch': 0.77}
{'loss': 0.4914, 'learning_rate': 9.81112217830022e-05, 'epoch': 0.78}
{'loss': 0.4925, 'learning_rate': 9.806792104441902e-05, 'epoch': 0.78}
{'loss': 0.4979, 'learning_rate': 9.802462030583585e-05, 'epoch': 0.79}
{'loss': 0.532, 'learning_rate': 9.798131956725269e-05, 'epoch': 0.79}
{'loss': 0.4849, 'learning_rate': 9.793801882866951e-05, 'epoch': 0.79}
{'loss': 0.5012, 'learning_rate': 9.789471809008634e-05, 'epoch': 0.8}
{'loss': 0.4971, 'learning_rate': 9.785141735150318e-05, 'epoch': 0.8}
{'loss': 0.4574, 'learning_rate': 9.780811661292001e-05, 'epoch': 0.81}
{'loss': 0.4886, 'learning_rate': 9.776481587433685e-05, 'epoch': 0.81}
{'loss': 0.5022, 'learning_rate': 9.772151513575367e-05, 'epoch': 0.81}
{'loss': 0.5012, 'learning_rate': 9.76782143971705e-05, 'epoch': 0.82}
{'loss': 0.4721, 'learning_rate': 9.763491365858734e-05, 'epoch': 0.82}
{'loss': 0.4471, 'learning_rate': 9.759161292000416e-05, 'epoch': 0.83}
{'loss': 0.4946, 'learning_rate': 9.7548312181421e-05, 'epoch': 0.83}
{'loss': 0.4962, 'learning_rate': 9.750501144283783e-05, 'epoch': 0.84}
{'loss': 0.4846, 'learning_rate': 9.746171070425465e-05, 'epoch': 0.84}
{'loss': 0.4892, 'learning_rate': 9.74184099656715e-05, 'epoch': 0.84}
{'loss': 0.4744, 'learning_rate': 9.737510922708832e-05, 'epoch': 0.85}
{'loss': 0.4678, 'learning_rate': 9.733180848850516e-05, 'epoch': 0.85}
{'loss': 0.5041, 'learning_rate': 9.728850774992199e-05, 'epoch': 0.86}
{'loss': 0.4676, 'learning_rate': 9.724520701133881e-05, 'epoch': 0.86}
{'loss': 0.4881, 'learning_rate': 9.720190627275565e-05, 'epoch': 0.86}
{'loss': 0.4926, 'learning_rate': 9.715860553417248e-05, 'epoch': 0.87}
{'loss': 0.4437, 'learning_rate': 9.71153047955893e-05, 'epoch': 0.87}
{'loss': 0.4918, 'learning_rate': 9.707200405700614e-05, 'epoch': 0.88}
{'loss': 0.4771, 'learning_rate': 9.702870331842297e-05, 'epoch': 0.88}
{'loss': 0.4607, 'learning_rate': 9.69854025798398e-05, 'epoch': 0.88}
{'loss': 0.4635, 'learning_rate': 9.694210184125664e-05, 'epoch': 0.89}
{'loss': 0.4637, 'learning_rate': 9.689880110267348e-05, 'epoch': 0.89}
{'loss': 0.4791, 'learning_rate': 9.68555003640903e-05, 'epoch': 0.9}
{'loss': 0.4914, 'learning_rate': 9.681219962550713e-05, 'epoch': 0.9}
{'loss': 0.4856, 'learning_rate': 9.676889888692395e-05, 'epoch': 0.9}
{'loss': 0.4666, 'learning_rate': 9.672559814834079e-05, 'epoch': 0.91}
{'loss': 0.493, 'learning_rate': 9.668229740975762e-05, 'epoch': 0.91}
{'loss': 0.4756, 'learning_rate': 9.663899667117446e-05, 'epoch': 0.92}
{'loss': 0.4857, 'learning_rate': 9.659569593259129e-05, 'epoch': 0.92}
{'loss': 0.4736, 'learning_rate': 9.655239519400813e-05, 'epoch': 0.92}
{'loss': 0.4782, 'learning_rate': 9.650909445542495e-05, 'epoch': 0.93}
{'loss': 0.4342, 'learning_rate': 9.646579371684178e-05, 'epoch': 0.93}
{'loss': 0.4932, 'learning_rate': 9.642249297825862e-05, 'epoch': 0.94}
{'loss': 0.4709, 'learning_rate': 9.637919223967544e-05, 'epoch': 0.94}
{'loss': 0.4527, 'learning_rate': 9.633589150109227e-05, 'epoch': 0.95}
{'loss': 0.5072, 'learning_rate': 9.629259076250911e-05, 'epoch': 0.95}
{'loss': 0.4843, 'learning_rate': 9.62501560386976e-05, 'epoch': 0.95}
{'loss': 0.5057, 'learning_rate': 9.620685530011443e-05, 'epoch': 0.96}
{'loss': 0.504, 'learning_rate': 9.616355456153127e-05, 'epoch': 0.96}
{'loss': 0.4634, 'learning_rate': 9.61202538229481e-05, 'epoch': 0.97}
{'loss': 0.4659, 'learning_rate': 9.607695308436494e-05, 'epoch': 0.97}
{'loss': 0.4937, 'learning_rate': 9.603365234578176e-05, 'epoch': 0.97}
{'loss': 0.4788, 'learning_rate': 9.599035160719859e-05, 'epoch': 0.98}
{'loss': 0.4549, 'learning_rate': 9.594705086861543e-05, 'epoch': 0.98}
{'loss': 0.5067, 'learning_rate': 9.590375013003225e-05, 'epoch': 0.99}
{'loss': 0.501, 'learning_rate': 9.586044939144908e-05, 'epoch': 0.99}
{'loss': 0.452, 'learning_rate': 9.58171486528659e-05, 'epoch': 0.99}
{'loss': 0.4754, 'learning_rate': 9.577384791428275e-05, 'epoch': 1.0}
[INFO|trainer.py:520] 2026-10-04 15:12:33,771 >> The following columns in the evaluation set  don't have a corresponding argument in `PETLEncModel.forward` and have been ignored: idx, hypothesis, premise.
[INFO|trainer.py:2179] 2026-10-04 15:12:33,774 >> ***** Running Evaluation *****
[INFO|trainer.py:2181] 2026-10-04 15:12:33,774 >>   Num examples = 9815
[INFO|trainer.py:2184] 2026-10-04 15:12:33,774 >>   Batch size = 32
{'eval_loss': 0.4153769612312317, 'eval_accuracy': 0.8421803362200713, 'eval_runtime': 16.014, 'eval_samples_per_second': 612.9, 'eval_steps_per_second': 19.171, 'epoch': 1.0}
[INFO|trainer.py:1933] 2026-10-04 15:12:49,789 >> Saving model checkpoint to checkpoints/glue/mnli/20261004/glue.mnli.mam.am_prefix.ao_concat.fm_adapter.fo_parallel.abn.fbn.ac_add.fl_none.finit_lora.fs_2.unfrz_ef_.ne10.warm0.06.wd0.1.seed4./checkpoint-12272
[INFO|configuration_utils.py:364] 2026-10-04 15:12:49,790 >> Configuration saved in checkpoints/glue/mnli/20261004/glue.mnli.mam.am_prefix.ao_concat.fm_adapter.fo_parallel.abn.fbn.ac_add.fl_none.finit_lora.fs_2.unfrz_ef_.ne10.warm0.06.wd0.1.seed4./checkpoint-12272/config.json
[INFO|modeling_utils.py:898] 2026-10-04 15:12:50,202 >> Model weights saved in checkpoints/glue/mnli/20261004/glue.mnli.mam.am_prefix.ao_concat.fm_adapter.fo_parallel.abn.fbn.ac_add.fl_none.finit_lora.fs_2.unfrz_ef_.ne10.warm0.06.wd0.1.seed4./checkpoint-12272/pytorch_model.bin
[INFO|tokenization_utils_base.py:1948] 2026-10-04 15:12:50,204 >> tokenizer config file saved in checkpoints/glue/mnli/20261004/glue.mnli.mam.am_prefix.ao_concat.fm_adapter.fo_parallel.abn.fbn.ac_add.fl_none.finit_lora.fs_2.unfrz_ef_.ne10.warm0.06.wd0.1.seed4./checkpoint-12272/tokenizer_config.json
[INFO|tokenization_utils_base.py:1954] 2026-10-04 15:12:50,204 >> Special tokens file saved in checkpoints/glue/mnli/20261004/glue.mnli.mam.am_prefix.ao_concat.fm_adapter.fo_parallel.abn.fbn.ac_add.fl_none.finit_lora.fs_2.unfrz_ef_.ne10.warm0.06.wd0.1.seed4./checkpoint-12272/special_tokens_map.json
/work/unify-parameter-efficient-tuning/src/transformers/trainer.py:1784: FutureWarning: `torch.cuda.amp.autocast(args...)` is deprecated. Please use `torch.amp.autocast('cuda', args...)` instead.
  with autocast():
{'loss': 0.4561, 'learning_rate': 9.573054717569959e-05, 'epoch': 1.0}
{'loss': 0.4668, 'learning_rate': 9.568724643711641e-05, 'epoch': 1.01}
{'loss': 0.4554, 'learning_rate': 9.564394569853324e-05, 'epoch': 1.01}
{'loss': 0.4742, 'learning_rate': 9.560064495995008e-05, 'epoch': 1.01}
{'loss': 0.4603, 'learning_rate': 9.55573442213669e-05, 'epoch': 1.02}
{'loss': 0.4391, 'learning_rate': 9.551404348278373e-05, 'epoch': 1.02}
{'loss': 0.4717, 'learning_rate': 9.547074274420057e-05, 'epoch': 1.03}
{'loss': 0.3927, 'learning_rate': 9.542744200561739e-05, 'epoch': 1.03}
{'loss': 0.4417, 'learning_rate': 9.538414126703422e-05, 'epoch': 1.03}
{'loss': 0.4594, 'learning_rate': 9.534084052845107e-05, 'epoch': 1.04}
{'loss': 0.4475, 'learning_rate': 9.52975397898679e-05, 'epoch': 1.04}
{'loss': 0.4773, 'learning_rate': 9.525423905128473e-05, 'epoch': 1.05}
{'loss': 0.448, 'learning_rate': 9.521093831270156e-05, 'epoch': 1.05}
{'loss': 0.4326, 'learning_rate': 9.516763757411838e-05, 'epoch': 1.06}
{'loss': 0.4435, 'learning_rate': 9.512433683553522e-05, 'epoch': 1.06}
{'loss': 0.4767, 'learning_rate': 9.508103609695204e-05, 'epoch': 1.06}
{'loss': 0.4664, 'learning_rate': 9.503773535836887e-05, 'epoch': 1.07}
{'loss': 0.431, 'learning_rate': 9.499443461978571e-05, 'epoch': 1.07}
{'loss': 0.4842, 'learning_rate': 9.495113388120254e-05, 'epoch': 1.08}
{'loss': 0.4549, 'learning_rate': 9.490783314261938e-05, 'epoch': 1.08}
{'loss': 0.4598, 'learning_rate': 9.486453240403621e-05, 'epoch': 1.08}
{'loss': 0.4963, 'learning_rate': 9.482123166545303e-05, 'epoch': 1.09}
{'loss': 0.4573, 'learning_rate': 9.477793092686987e-05, 'epoch': 1.09}
{'loss': 0.4267, 'learning_rate': 9.473463018828669e-05, 'epoch': 1.1}
{'loss': 0.4753, 'learning_rate': 9.469132944970353e-05, 'epoch': 1.1}
{'loss': 0.4805, 'learning_rate': 9.464802871112036e-05, 'epoch': 1.1}
{'loss': 0.4467, 'learning_rate': 9.46047279725372e-05, 'epoch': 1.11}
{'loss': 0.4239, 'learning_rate': 9.456142723395403e-05, 'epoch': 1.11}
{'loss': 0.4578, 'learning_rate': 9.451899251014252e-05, 'epoch': 1.12}
{'loss': 0.4588, 'learning_rate': 9.447569177155935e-05, 'epoch': 1.12}
{'loss': 0.4532, 'learning_rate': 9.443239103297619e-05, 'epoch': 1.12}
{'loss': 0.4318, 'learning_rate': 9.438909029439302e-05, 'epoch': 1.13}
{'loss': 0.484, 'learning_rate': 9.434578955580984e-05, 'epoch': 1.13}
{'loss': 0.467, 'learning_rate': 9.430248881722668e-05, 'epoch': 1.14}
{'loss': 0.4636, 'learning_rate': 9.425918807864351e-05, 'epoch': 1.14}
{'loss': 0.4449, 'learning_rate': 9.421588734006033e-05, 'epoch': 1.14}
{'loss': 0.4232, 'learning_rate': 9.417258660147717e-05, 'epoch': 1.15}
{'loss': 0.4278, 'learning_rate': 9.412928586289399e-05, 'epoch': 1.15}
{'loss': 0.4573, 'learning_rate': 9.408598512431084e-05, 'epoch': 1.16}
{'loss': 0.4595, 'learning_rate': 9.404268438572767e-05, 'epoch': 1.16}
{'loss': 0.4721, 'learning_rate': 9.39993836471445e-05, 'epoch': 1.17}
{'loss': 0.411, 'learning_rate': 9.395608290856133e-05, 'epoch': 1.17}
{'loss': 0.46, 'learning_rate': 9.391278216997816e-05, 'epoch': 1.17}
{'loss': 0.4494, 'learning_rate': 9.386948143139499e-05, 'epoch': 1.18}
{'loss': 0.4589, 'learning_rate': 9.382618069281182e-05, 'epoch': 1.18}
{'loss': 0.4628, 'learning_rate': 9.378287995422866e-05, 'epoch': 1.19}
{'loss': 0.4606, 'learning_rate': 9.373957921564548e-05, 'epoch': 1.19}
{'loss': 0.4088, 'learning_rate': 9.369627847706231e-05, 'epoch': 1.19}
{'loss': 0.4379, 'learning_rate': 9.365297773847916e-05, 'epoch': 1.2}
{'loss': 0.4674, 'learning_rate': 9.360967699989598e-05, 'epoch': 1.2}
{'loss': 0.4426, 'learning_rate': 9.356637626131282e-05, 'epoch': 1.21}
{'loss': 0.4472, 'learning_rate': 9.352307552272964e-05, 'epoch': 1.21}
{'loss': 0.4519, 'learning_rate': 9.347977478414647e-05, 'epoch': 1.21}
{'loss': 0.4615, 'learning_rate': 9.34364740455633e-05, 'epoch': 1.22}
{'loss': 0.4548, 'learning_rate': 9.339317330698013e-05, 'epoch': 1.22}
{'loss': 0.4736, 'learning_rate': 9.334987256839696e-05, 'epoch': 1.23}
{'loss': 0.4857, 'learning_rate': 9.33065718298138e-05, 'epoch': 1.23}
{'loss': 0.4528, 'learning_rate': 9.326327109123063e-05, 'epoch': 1.23}
{'loss': 0.4713, 'learning_rate': 9.321997035264747e-05, 'epoch': 1.24}
{'loss': 0.4864, 'learning_rate': 9.317666961406429e-05, 'epoch': 1.24}
{'loss': 0.4487, 'learning_rate': 9.313336887548112e-05, 'epoch': 1.25}
{'loss': 0.4423, 'learning_rate': 9.309006813689796e-05, 'epoch': 1.25}
{'loss': 0.4733, 'learning_rate': 9.304676739831478e-05, 'epoch': 1.25}
{'loss': 0.4564, 'learning_rate': 9.300346665973161e-05, 'epoch': 1.26}
{'loss': 0.4869, 'learning_rate': 9.296016592114845e-05, 'epoch': 1.26}
{'loss': 0.4695, 'learning_rate': 9.291686518256528e-05, 'epoch': 1.27}
{'loss': 0.4573, 'learning_rate': 9.287356444398212e-05, 'epoch': 1.27}
{'loss': 0.4575, 'learning_rate': 9.283026370539895e-05, 'epoch': 1.28}
{'loss': 0.468, 'learning_rate': 9.278696296681577e-05, 'epoch': 1.28}
{'loss': 0.46, 'learning_rate': 9.274366222823261e-05, 'epoch': 1.28}
{'loss': 0.4238, 'learning_rate': 9.270036148964944e-05, 'epoch': 1.29}
{'loss': 0.4646, 'learning_rate': 9.265792676583793e-05, 'epoch': 1.29}
{'loss': 0.4615, 'learning_rate': 9.261462602725477e-05, 'epoch': 1.3}
{'loss': 0.4514, 'learning_rate': 9.257132528867159e-05, 'epoch': 1.3}
{'loss': 0.4369, 'learning_rate': 9.252802455008842e-05, 'epoch': 1.3}
{'loss': 0.4396, 'learning_rate': 9.248472381150526e-05, 'epoch': 1.31}
{'loss': 0.4977, 'learning_rate': 9.244142307292208e-05, 'epoch': 1.31}
{'loss': 0.4368, 'learning_rate': 9.239812233433893e-05, 'epoch': 1.32}
{'loss': 0.4479, 'learning_rate': 9.235482159575576e-05, 'epoch': 1.32}
{'loss': 0.4525, 'learning_rate': 9.231152085717258e-05, 'epoch': 1.32}
{'loss': 0.4465, 'learning_rate': 9.226822011858942e-05, 'epoch': 1.33}
{'loss': 0.4875, 'learning_rate': 9.222491938000625e-05, 'epoch': 1.33}
{'loss': 0.4513, 'learning_rate': 9.218161864142307e-05, 'epoch': 1.34}
{'loss': 0.4873, 'learning_rate': 9.213831790283991e-05, 'epoch': 1.34}
{'loss': 0.483, 'learning_rate': 9.209501716425674e-05, 'epoch': 1.34}
{'loss': 0.4795, 'learning_rate': 9.205171642567356e-05, 'epoch': 1.35}
{'loss': 0.4504, 'learning_rate': 9.20084156870904e-05, 'epoch': 1.35}
{'loss': 0.4426, 'learning_rate': 9.196511494850725e-05, 'epoch': 1.36}
{'loss': 0.4337, 'learning_rate': 9.192181420992407e-05, 'epoch': 1.36}
{'loss': 0.4265, 'learning_rate': 9.18785134713409e-05, 'epoch': 1.36}
{'loss': 0.434, 'learning_rate': 9.183521273275772e-05, 'epoch': 1.37}
{'loss': 0.4434, 'learning_rate': 9.179191199417456e-05, 'epoch': 1.37}
{'loss': 0.4613, 'learning_rate': 9.17486112555914e-05, 'epoch': 1.38}
{'loss': 0.4469, 'learning_rate': 9.170531051700821e-05, 'epoch': 1.38}
{'loss': 0.4536, 'learning_rate': 9.166200977842505e-05, 'epoch': 1.39}
{'loss': 0.4767, 'learning_rate': 9.161870903984188e-05, 'epoch': 1.39}
{'loss': 0.4387, 'learning_rate': 9.157627431603037e-05, 'epoch': 1.39}
{'loss': 0.4506, 'learning_rate': 9.153297357744721e-05, 'epoch': 1.4}
{'loss': 0.4434, 'learning_rate': 9.148967283886404e-05, 'epoch': 1.4}
{'loss': 0.4606, 'learning_rate': 9.144637210028088e-05, 'epoch': 1.41}
{'loss': 0.4287, 'learning_rate': 9.140307136169771e-05, 'epoch': 1.41}
{'loss': 0.443, 'learning_rate': 9.135977062311453e-05, 'epoch': 1.41}
{'loss': 0.411, 'learning_rate': 9.131646988453137e-05, 'epoch': 1.42}
{'loss': 0.4461, 'learning_rate': 9.12731691459482e-05, 'epoch': 1.42}
{'loss': 0.4876, 'learning_rate': 9.122986840736502e-05, 'epoch': 1.43}
{'loss': 0.4391, 'learning_rate': 9.118656766878186e-05, 'epoch': 1.43}
{'loss': 0.4378, 'learning_rate': 9.114326693019869e-05, 'epoch': 1.43}
{'loss': 0.4196, 'learning_rate': 9.109996619161553e-05, 'epoch': 1.44}
{'loss': 0.4304, 'learning_rate': 9.105666545303236e-05, 'epoch': 1.44}
{'loss': 0.4683, 'learning_rate': 9.101336471444918e-05, 'epoch': 1.45}
{'loss': 0.4514, 'learning_rate': 9.097006397586602e-05, 'epoch': 1.45}
{'loss': 0.4541, 'learning_rate': 9.092676323728285e-05, 'epoch': 1.45}
{'loss': 0.4306, 'learning_rate': 9.088346249869967e-05, 'epoch': 1.46}
{'loss': 0.4742, 'learning_rate': 9.084016176011651e-05, 'epoch': 1.46}
{'loss': 0.4451, 'learning_rate': 9.079686102153334e-05, 'epoch': 1.47}
{'loss': 0.4787, 'learning_rate': 9.075356028295018e-05, 'epoch': 1.47}
{'loss': 0.4638, 'learning_rate': 9.071025954436701e-05, 'epoch': 1.47}
{'loss': 0.4509, 'learning_rate': 9.066695880578385e-05, 'epoch': 1.48}
{'loss': 0.4768, 'learning_rate': 9.062365806720067e-05, 'epoch': 1.48}
{'loss': 0.4653, 'learning_rate': 9.05803573286175e-05, 'epoch': 1.49}
{'loss': 0.4348, 'learning_rate': 9.053705659003434e-05, 'epoch': 1.49}
{'loss': 0.4228, 'learning_rate': 9.049375585145116e-05, 'epoch': 1.5}
{'loss': 0.4588, 'learning_rate': 9.0450455112868e-05, 'epoch': 1.5}
{'loss': 0.4418, 'learning_rate': 9.040715437428483e-05, 'epoch': 1.5}
{'loss': 0.4442, 'learning_rate': 9.036385363570165e-05, 'epoch': 1.51}
{'loss': 0.4564, 'learning_rate': 9.03205528971185e-05, 'epoch': 1.51}
{'loss': 0.44, 'learning_rate': 9.027725215853532e-05, 'epoch': 1.52}
{'loss': 0.4446, 'learning_rate': 9.023395141995216e-05, 'epoch': 1.52}
{'loss': 0.4631, 'learning_rate': 9.019065068136899e-05, 'epoch': 1.52}
{'loss': 0.4703, 'learning_rate': 9.014734994278581e-05, 'epoch': 1.53}
{'loss': 0.4544, 'learning_rate': 9.010404920420265e-05, 'epoch': 1.53}
{'loss': 0.4464, 'learning_rate': 9.006074846561948e-05, 'epoch': 1.54}
{'loss': 0.4413, 'learning_rate': 9.00174477270363e-05, 'epoch': 1.54}
{'loss': 0.4263, 'learning_rate': 8.997414698845314e-05, 'epoch': 1.54}
{'loss': 0.4231, 'learning_rate': 8.993084624986997e-05, 'epoch': 1.55}
{'loss': 0.4576, 'learning_rate': 8.98875455112868e-05, 'epoch': 1.55}
{'loss': 0.4097, 'learning_rate': 8.984424477270364e-05, 'epoch': 1.56}
{'loss': 0.4488, 'learning_rate': 8.980094403412046e-05, 'epoch': 1.56}
{'loss': 0.4685, 'learning_rate': 8.97576432955373e-05, 'epoch': 1.56}
{'loss': 0.4636, 'learning_rate': 8.971434255695413e-05, 'epoch': 1.57}
{'loss': 0.4588, 'learning_rate': 8.967104181837095e-05, 'epoch': 1.57}
{'loss': 0.4538, 'learning_rate': 8.962774107978779e-05, 'epoch': 1.58}
{'loss': 0.454, 'learning_rate': 8.958444034120462e-05, 'epoch': 1.58}
{'loss': 0.4506, 'learning_rate': 8.954113960262146e-05, 'epoch': 1.58}
{'loss': 0.4405, 'learning_rate': 8.949783886403829e-05, 'epoch': 1.59}
{'loss': 0.4696, 'learning_rate': 8.945453812545513e-05, 'epoch': 1.59}
{'loss': 0.4535, 'learning_rate': 8.941123738687195e-05, 'epoch': 1.6}
{'loss': 0.4296, 'learning_rate': 8.936793664828878e-05, 'epoch': 1.6}
{'loss': 0.4586, 'learning_rate': 8.932463590970562e-05, 'epoch': 1.61}
{'loss': 0.4371, 'learning_rate': 8.928133517112244e-05, 'epoch': 1.61}
{'loss': 0.4346, 'learning_rate': 8.923803443253927e-05, 'epoch': 1.61}
{'loss': 0.4623, 'learning_rate': 8.919473369395611e-05, 'epoch': 1.62}
{'loss': 0.4583, 'learning_rate': 8.915143295537294e-05, 'epoch': 1.62}
{'loss': 0.4249, 'learning_rate': 8.910813221678978e-05, 'epoch': 1.63}
{'loss': 0.4417, 'learning_rate': 8.90648314782066e-05, 'epoch': 1.63}
{'loss': 0.4567, 'learning_rate': 8.902153073962343e-05, 'epoch': 1.63}
{'loss': 0.4124, 'learning_rate': 8.897823000104027e-05, 'epoch': 1.64}
{'loss': 0.4683, 'learning_rate': 8.893492926245709e-05, 'epoch': 1.64}
{'loss': 0.4576, 'learning_rate': 8.889162852387392e-05, 'epoch': 1.65}
{'loss': 0.4323, 'learning_rate': 8.884832778529075e-05, 'epoch': 1.65}
{'loss': 0.4551, 'learning_rate': 8.880502704670758e-05, 'epoch': 1.65}
{'loss': 0.4445, 'learning_rate': 8.876172630812443e-05, 'epoch': 1.66}
{'loss': 0.4437, 'learning_rate': 8.871842556954125e-05, 'epoch': 1.66}
{'loss': 0.4283, 'learning_rate': 8.867599084572974e-05, 'epoch': 1.67}
{'loss': 0.4697, 'learning_rate': 8.863269010714659e-05, 'epoch': 1.67}
{'loss': 0.4243, 'learning_rate': 8.858938936856341e-05, 'epoch': 1.67}
{'loss': 0.481, 'learning_rate': 8.854608862998024e-05, 'epoch': 1.68}
{'loss': 0.436, 'learning_rate': 8.850278789139708e-05, 'epoch': 1.68}
{'loss': 0.4326, 'learning_rate': 8.84594871528139e-05, 'epoch': 1.69}
{'loss': 0.4279, 'learning_rate': 8.841618641423073e-05, 'epoch': 1.69}
{'loss': 0.4347, 'learning_rate': 8.837288567564755e-05, 'epoch': 1.69}
{'loss': 0.4194, 'learning_rate': 8.832958493706439e-05, 'epoch': 1.7}
{'loss': 0.4399, 'learning_rate': 8.828628419848122e-05, 'epoch': 1.7}
{'loss': 0.4136, 'learning_rate': 8.824298345989806e-05, 'epoch': 1.71}
{'loss': 0.4617, 'learning_rate': 8.81996827213149e-05, 'epoch': 1.71}
{'loss': 0.4211, 'learning_rate': 8.815638198273173e-05, 'epoch': 1.72}
{'loss': 0.3891, 'learning_rate': 8.811308124414855e-05, 'epoch': 1.72}
{'loss': 0.4291, 'learning_rate': 8.806978050556538e-05, 'epoch': 1.72}
{'loss': 0.4275, 'learning_rate': 8.802647976698222e-05, 'epoch': 1.73}
{'loss': 0.4436, 'learning_rate': 8.798317902839904e-05, 'epoch': 1.73}
{'loss': 0.4506, 'learning_rate': 8.793987828981587e-05, 'epoch': 1.74}
{'loss': 0.4219, 'learning_rate': 8.789657755123271e-05, 'epoch': 1.74}
{'loss': 0.4381, 'learning_rate': 8.785327681264954e-05, 'epoch': 1.74}
{'loss': 0.4247, 'learning_rate': 8.780997607406638e-05, 'epoch': 1.75}
{'loss': 0.4216, 'learning_rate': 8.776667533548321e-05, 'epoch': 1.75}
{'loss': 0.4243, 'learning_rate': 8.772337459690004e-05, 'epoch': 1.76}
{'loss': 0.4371, 'learning_rate': 8.768007385831687e-05, 'epoch': 1.76}
{'loss': 0.4251, 'learning_rate': 8.763677311973369e-05, 'epoch': 1.76}
{'loss': 0.4633, 'learning_rate': 8.759347238115053e-05, 'epoch': 1.77}
{'loss': 0.4521, 'learning_rate': 8.755017164256736e-05, 'epoch': 1.77}
{'loss': 0.4277, 'learning_rate': 8.75068709039842e-05, 'epoch': 1.78}
{'loss': 0.4369, 'learning_rate': 8.746357016540103e-05, 'epoch': 1.78}
{'loss': 0.4403, 'learning_rate': 8.742026942681785e-05, 'epoch': 1.78}
{'loss': 0.4821, 'learning_rate': 8.737696868823469e-05, 'epoch': 1.79}
{'loss': 0.4213, 'learning_rate': 8.733366794965152e-05, 'epoch': 1.79}
{'loss': 0.4817, 'learning_rate': 8.729036721106834e-05, 'epoch': 1.8}
{'loss': 0.4438, 'learning_rate': 8.724706647248518e-05, 'epoch': 1.8}
{'loss': 0.4193, 'learning_rate': 8.720376573390201e-05, 'epoch': 1.8}
{'loss': 0.4146, 'learning_rate': 8.716046499531883e-05, 'epoch': 1.81}
{'loss': 0.4621, 'learning_rate': 8.711716425673567e-05, 'epoch': 1.81}
{'loss': 0.4219, 'learning_rate': 8.707386351815252e-05, 'epoch': 1.82}
{'loss': 0.407, 'learning_rate': 8.703056277956934e-05, 'epoch': 1.82}
{'loss': 0.4441, 'learning_rate': 8.698726204098617e-05, 'epoch': 1.83}
{'loss': 0.4611, 'learning_rate': 8.6943961302403e-05, 'epoch': 1.83}
{'loss': 0.4643, 'learning_rate': 8.690066056381983e-05, 'epoch': 1.83}
{'loss': 0.4199, 'learning_rate': 8.685735982523666e-05, 'epoch': 1.84}
{'loss': 0.412, 'learning_rate': 8.68140590866535e-05, 'epoch': 1.84}
{'loss': 0.4437, 'learning_rate': 8.677075834807032e-05, 'epoch': 1.85}
{'loss': 0.4255, 'learning_rate': 8.672745760948715e-05, 'epoch': 1.85}
{'loss': 0.4427, 'learning_rate': 8.668415687090399e-05, 'epoch': 1.85}
{'loss': 0.4081, 'learning_rate': 8.664085613232082e-05, 'epoch': 1.86}
{'loss': 0.4136, 'learning_rate': 8.659755539373766e-05, 'epoch': 1.86}
{'loss': 0.4402, 'learning_rate': 8.655425465515449e-05, 'epoch': 1.87}
{'loss': 0.408, 'learning_rate': 8.651095391657131e-05, 'epoch': 1.87}
{'loss': 0.4316, 'learning_rate': 8.646765317798815e-05, 'epoch': 1.87}
{'loss': 0.4236, 'learning_rate': 8.642435243940497e-05, 'epoch': 1.88}
{'loss': 0.4065, 'learning_rate': 8.63810517008218e-05, 'epoch': 1.88}
{'loss': 0.4449, 'learning_rate': 8.633775096223864e-05, 'epoch': 1.89}
{'loss': 0.4368, 'learning_rate': 8.629445022365547e-05, 'epoch': 1.89}
{'loss': 0.4446, 'learning_rate': 8.625114948507231e-05, 'epoch': 1.89}
{'loss': 0.429, 'learning_rate': 8.620784874648913e-05, 'epoch': 1.9}
{'loss': 0.4205, 'learning_rate': 8.616454800790596e-05, 'epoch': 1.9}
{'loss': 0.4329, 'learning_rate': 8.61212472693228e-05, 'epoch': 1.91}
{'loss': 0.4512, 'learning_rate': 8.607794653073962e-05, 'epoch': 1.91}
{'loss': 0.4177, 'learning_rate': 8.603464579215646e-05, 'epoch': 1.91}
{'loss': 0.4522, 'learning_rate': 8.599134505357329e-05, 'epoch': 1.92}
{'loss': 0.3909, 'learning_rate': 8.594804431499012e-05, 'epoch': 1.92}
{'loss': 0.4621, 'learning_rate': 8.590474357640696e-05, 'epoch': 1.93}
{'loss': 0.4186, 'learning_rate': 8.58614428378238e-05, 'epoch': 1.93}
{'loss': 0.4377, 'learning_rate': 8.581814209924062e-05, 'epoch': 1.94}
{'loss': 0.3996, 'learning_rate': 8.577484136065745e-05, 'epoch': 1.94}
{'loss': 0.4609, 'learning_rate': 8.573154062207428e-05, 'epoch': 1.94}
{'loss': 0.4346, 'learning_rate': 8.56882398834911e-05, 'epoch': 1.95}
{'loss': 0.4009, 'learning_rate': 8.564493914490794e-05, 'epoch': 1.95}
{'loss': 0.4358, 'learning_rate': 8.560163840632478e-05, 'epoch': 1.96}
{'loss': 0.4234, 'learning_rate': 8.55583376677416e-05, 'epoch': 1.96}
{'loss': 0.4447, 'learning_rate': 8.551503692915845e-05, 'epoch': 1.96}
{'loss': 0.4159, 'learning_rate': 8.547173619057527e-05, 'epoch': 1.97}
{'loss': 0.4203, 'learning_rate': 8.54284354519921e-05, 'epoch': 1.97}
{'loss': 0.4538, 'learning_rate': 8.538513471340894e-05, 'epoch': 1.98}
{'loss': 0.4176, 'learning_rate': 8.534183397482576e-05, 'epoch': 1.98}
{'loss': 0.4414, 'learning_rate': 8.529853323624259e-05, 'epoch': 1.98}
{'loss': 0.436, 'learning_rate': 8.525523249765941e-05, 'epoch': 1.99}
{'loss': 0.4624, 'learning_rate': 8.521193175907625e-05, 'epoch': 1.99}
{'loss': 0.4166, 'learning_rate': 8.516863102049308e-05, 'epoch': 2.0}
[INFO|trainer.py:520] 2026-10-04 15:22:35,369 >> The following columns in the evaluation set  don't have a corresponding argument in `PETLEncModel.forward` and have been ignored: idx, hypothesis, premise.
[INFO|trainer.py:2179] 2026-10-04 15:22:35,371 >> ***** Running Evaluation *****
[INFO|trainer.py:2181] 2026-10-04 15:22:35,371 >>   Num examples = 9815
[INFO|trainer.py:2184] 2026-10-04 15:22:35,371 >>   Batch size = 32
{'eval_loss': 0.39618468284606934, 'eval_accuracy': 0.8512480896586857, 'eval_runtime': 15.9231, 'eval_samples_per_second': 616.401, 'eval_steps_per_second': 19.28, 'epoch': 2.0}
[INFO|trainer.py:1933] 2026-10-04 15:22:51,302 >> Saving model checkpoint to checkpoints/glue/mnli/20261004/glue.mnli.mam.am_prefix.ao_concat.fm_adapter.fo_parallel.abn.fbn.ac_add.fl_none.finit_lora.fs_2.unfrz_ef_.ne10.warm0.06.wd0.1.seed4./checkpoint-24544
[INFO|configuration_utils.py:364] 2026-10-04 15:22:51,303 >> Configuration saved in checkpoints/glue/mnli/20261004/glue.mnli.mam.am_prefix.ao_concat.fm_adapter.fo_parallel.abn.fbn.ac_add.fl_none.finit_lora.fs_2.unfrz_ef_.ne10.warm0.06.wd0.1.seed4./checkpoint-24544/config.json
[INFO|modeling_utils.py:898] 2026-10-04 15:22:51,699 >> Model weights saved in checkpoints/glue/mnli/20261004/glue.mnli.mam.am_prefix.ao_concat.fm_adapter.fo_parallel.abn.fbn.ac_add.fl_none.finit_lora.fs_2.unfrz_ef_.ne10.warm0.06.wd0.1.seed4./checkpoint-24544/pytorch_model.bin
[INFO|tokenization_utils_base.py:1948] 2026-10-04 15:22:51,700 >> tokenizer config file saved in checkpoints/glue/mnli/20261004/glue.mnli.mam.am_prefix.ao_concat.fm_adapter.fo_parallel.abn.fbn.ac_add.fl_none.finit_lora.fs_2.unfrz_ef_.ne10.warm0.06.wd0.1.seed4./checkpoint-24544/tokenizer_config.json
[INFO|tokenization_utils_base.py:1954] 2026-10-04 15:22:51,700 >> Special tokens file saved in checkpoints/glue/mnli/20261004/glue.mnli.mam.am_prefix.ao_concat.fm_adapter.fo_parallel.abn.fbn.ac_add.fl_none.finit_lora.fs_2.unfrz_ef_.ne10.warm0.06.wd0.1.seed4./checkpoint-24544/special_tokens_map.json
/work/unify-parameter-efficient-tuning/src/transformers/trainer.py:1784: FutureWarning: `torch.cuda.amp.autocast(args...)` is deprecated. Please use `torch.amp.autocast('cuda', args...)` instead.
  with autocast():
{'loss': 0.4202, 'learning_rate': 8.512533028190992e-05, 'epoch': 2.0}
{'loss': 0.4103, 'learning_rate': 8.50828955580984e-05, 'epoch': 2.0}
{'loss': 0.4209, 'learning_rate': 8.503959481951524e-05, 'epoch': 2.01}
{'loss': 0.4398, 'learning_rate': 8.499629408093209e-05, 'epoch': 2.01}
{'loss': 0.4086, 'learning_rate': 8.495299334234891e-05, 'epoch': 2.02}
{'loss': 0.4219, 'learning_rate': 8.490969260376574e-05, 'epoch': 2.02}
{'loss': 0.4466, 'learning_rate': 8.486639186518257e-05, 'epoch': 2.02}
{'loss': 0.4454, 'learning_rate': 8.48230911265994e-05, 'epoch': 2.03}
{'loss': 0.4353, 'learning_rate': 8.477979038801622e-05, 'epoch': 2.03}
{'loss': 0.422, 'learning_rate': 8.473648964943306e-05, 'epoch': 2.04}
{'loss': 0.4196, 'learning_rate': 8.469318891084989e-05, 'epoch': 2.04}
{'loss': 0.4138, 'learning_rate': 8.464988817226673e-05, 'epoch': 2.05}
{'loss': 0.4119, 'learning_rate': 8.460658743368356e-05, 'epoch': 2.05}
{'loss': 0.3877, 'learning_rate': 8.45632866951004e-05, 'epoch': 2.05}
{'loss': 0.4353, 'learning_rate': 8.451998595651722e-05, 'epoch': 2.06}
{'loss': 0.4343, 'learning_rate': 8.447668521793405e-05, 'epoch': 2.06}
{'loss': 0.411, 'learning_rate': 8.443338447935089e-05, 'epoch': 2.07}
{'loss': 0.4098, 'learning_rate': 8.439008374076771e-05, 'epoch': 2.07}
{'loss': 0.4288, 'learning_rate': 8.434678300218454e-05, 'epoch': 2.07}
{'loss': 0.4218, 'learning_rate': 8.430348226360138e-05, 'epoch': 2.08}
{'loss': 0.3876, 'learning_rate': 8.426018152501821e-05, 'epoch': 2.08}
{'loss': 0.4029, 'learning_rate': 8.421688078643505e-05, 'epoch': 2.09}
{'loss': 0.4304, 'learning_rate': 8.417358004785188e-05, 'epoch': 2.09}
{'loss': 0.4133, 'learning_rate': 8.41302793092687e-05, 'epoch': 2.09}
{'loss': 0.42, 'learning_rate': 8.408697857068554e-05, 'epoch': 2.1}
{'loss': 0.3919, 'learning_rate': 8.404367783210237e-05, 'epoch': 2.1}
{'loss': 0.408, 'learning_rate': 8.40003770935192e-05, 'epoch': 2.11}
{'loss': 0.4124, 'learning_rate': 8.395707635493603e-05, 'epoch': 2.11}
{'loss': 0.425, 'learning_rate': 8.391377561635286e-05, 'epoch': 2.11}
{'loss': 0.4107, 'learning_rate': 8.38704748777697e-05, 'epoch': 2.12}
{'loss': 0.4526, 'learning_rate': 8.382717413918653e-05, 'epoch': 2.12}
{'loss': 0.4205, 'learning_rate': 8.378387340060335e-05, 'epoch': 2.13}
{'loss': 0.4112, 'learning_rate': 8.374057266202019e-05, 'epoch': 2.13}
{'loss': 0.4458, 'learning_rate': 8.369727192343701e-05, 'epoch': 2.13}
{'loss': 0.4323, 'learning_rate': 8.365397118485384e-05, 'epoch': 2.14}
{'loss': 0.3893, 'learning_rate': 8.361067044627068e-05, 'epoch': 2.14}
{'loss': 0.4139, 'learning_rate': 8.35673697076875e-05, 'epoch': 2.15}
{'loss': 0.3995, 'learning_rate': 8.352406896910434e-05, 'epoch': 2.15}
{'loss': 0.4004, 'learning_rate': 8.348076823052117e-05, 'epoch': 2.16}
{'loss': 0.4001, 'learning_rate': 8.3437467491938e-05, 'epoch': 2.16}
{'loss': 0.4491, 'learning_rate': 8.339416675335484e-05, 'epoch': 2.16}
{'loss': 0.456, 'learning_rate': 8.335086601477167e-05, 'epoch': 2.17}
{'loss': 0.424, 'learning_rate': 8.33075652761885e-05, 'epoch': 2.17}
{'loss': 0.4158, 'learning_rate': 8.326426453760533e-05, 'epoch': 2.18}
{'loss': 0.4097, 'learning_rate': 8.322096379902216e-05, 'epoch': 2.18}
{'loss': 0.4214, 'learning_rate': 8.317766306043899e-05, 'epoch': 2.18}
{'loss': 0.3999, 'learning_rate': 8.313436232185582e-05, 'epoch': 2.19}
{'loss': 0.4432, 'learning_rate': 8.309192759804431e-05, 'epoch': 2.19}
{'loss': 0.4166, 'learning_rate': 8.304862685946114e-05, 'epoch': 2.2}
{'loss': 0.448, 'learning_rate': 8.300532612087798e-05, 'epoch': 2.2}
{'loss': 0.4281, 'learning_rate': 8.296202538229481e-05, 'epoch': 2.2}
{'loss': 0.4061, 'learning_rate': 8.291872464371165e-05, 'epoch': 2.21}
{'loss': 0.4473, 'learning_rate': 8.287542390512848e-05, 'epoch': 2.21}
{'loss': 0.4269, 'learning_rate': 8.28321231665453e-05, 'epoch': 2.22}
{'loss': 0.4415, 'learning_rate': 8.278882242796214e-05, 'epoch': 2.22}
{'loss': 0.4007, 'learning_rate': 8.274552168937897e-05, 'epoch': 2.22}
{'loss': 0.4142, 'learning_rate': 8.27022209507958e-05, 'epoch': 2.23}
{'loss': 0.399, 'learning_rate': 8.265892021221263e-05, 'epoch': 2.23}
{'loss': 0.3962, 'learning_rate': 8.261561947362946e-05, 'epoch': 2.24}
{'loss': 0.4325, 'learning_rate': 8.25723187350463e-05, 'epoch': 2.24}
{'loss': 0.4433, 'learning_rate': 8.252901799646313e-05, 'epoch': 2.24}
{'loss': 0.3788, 'learning_rate': 8.248571725787997e-05, 'epoch': 2.25}
{'loss': 0.4311, 'learning_rate': 8.244241651929679e-05, 'epoch': 2.25}
{'loss': 0.4289, 'learning_rate': 8.239911578071362e-05, 'epoch': 2.26}
{'loss': 0.4214, 'learning_rate': 8.235581504213046e-05, 'epoch': 2.26}
{'loss': 0.4002, 'learning_rate': 8.231251430354728e-05, 'epoch': 2.27}
{'loss': 0.4212, 'learning_rate': 8.226921356496412e-05, 'epoch': 2.27}
{'loss': 0.4133, 'learning_rate': 8.222591282638094e-05, 'epoch': 2.27}
{'loss': 0.4335, 'learning_rate': 8.218261208779778e-05, 'epoch': 2.28}
{'loss': 0.4195, 'learning_rate': 8.21393113492146e-05, 'epoch': 2.28}
{'loss': 0.4581, 'learning_rate': 8.209601061063144e-05, 'epoch': 2.29}
{'loss': 0.41, 'learning_rate': 8.205270987204828e-05, 'epoch': 2.29}
{'loss': 0.4254, 'learning_rate': 8.20094091334651e-05, 'epoch': 2.29}
{'loss': 0.4274, 'learning_rate': 8.196610839488193e-05, 'epoch': 2.3}
{'loss': 0.4429, 'learning_rate': 8.192280765629877e-05, 'epoch': 2.3}
{'loss': 0.4126, 'learning_rate': 8.187950691771559e-05, 'epoch': 2.31}
{'loss': 0.4211, 'learning_rate': 8.183620617913242e-05, 'epoch': 2.31}
{'loss': 0.4134, 'learning_rate': 8.179290544054926e-05, 'epoch': 2.31}
{'loss': 0.3885, 'learning_rate': 8.174960470196609e-05, 'epoch': 2.32}
{'loss': 0.436, 'learning_rate': 8.170630396338293e-05, 'epoch': 2.32}
{'loss': 0.4121, 'learning_rate': 8.166300322479976e-05, 'epoch': 2.33}
{'loss': 0.3773, 'learning_rate': 8.161970248621658e-05, 'epoch': 2.33}
{'loss': 0.4296, 'learning_rate': 8.157640174763342e-05, 'epoch': 2.33}
{'loss': 0.3885, 'learning_rate': 8.153310100905025e-05, 'epoch': 2.34}
{'loss': 0.442, 'learning_rate': 8.148980027046707e-05, 'epoch': 2.34}
{'loss': 0.4082, 'learning_rate': 8.144649953188391e-05, 'epoch': 2.35}
{'loss': 0.4343, 'learning_rate': 8.140319879330074e-05, 'epoch': 2.35}
{'loss': 0.4155, 'learning_rate': 8.135989805471758e-05, 'epoch': 2.35}
{'loss': 0.4235, 'learning_rate': 8.131659731613441e-05, 'epoch': 2.36}
{'loss': 0.4028, 'learning_rate': 8.12741625923229e-05, 'epoch': 2.36}
{'loss': 0.4115, 'learning_rate': 8.123086185373974e-05, 'epoch': 2.37}
{'loss': 0.4493, 'learning_rate': 8.118756111515657e-05, 'epoch': 2.37}
{'loss': 0.4297, 'learning_rate': 8.114426037657339e-05, 'epoch': 2.38}
{'loss': 0.4356, 'learning_rate': 8.110095963799023e-05, 'epoch': 2.38}
{'loss': 0.434, 'learning_rate': 8.105765889940706e-05, 'epoch': 2.38}
{'loss': 0.4337, 'learning_rate': 8.101435816082388e-05, 'epoch': 2.39}
{'loss': 0.4181, 'learning_rate': 8.097105742224072e-05, 'epoch': 2.39}
{'loss': 0.4025, 'learning_rate': 8.092775668365755e-05, 'epoch': 2.4}
{'loss': 0.3963, 'learning_rate': 8.088445594507439e-05, 'epoch': 2.4}
{'loss': 0.4039, 'learning_rate': 8.084115520649122e-05, 'epoch': 2.4}
{'loss': 0.4511, 'learning_rate': 8.079785446790806e-05, 'epoch': 2.41}
{'loss': 0.3988, 'learning_rate': 8.075455372932488e-05, 'epoch': 2.41}
{'loss': 0.4184, 'learning_rate': 8.071125299074171e-05, 'epoch': 2.42}
{'loss': 0.3913, 'learning_rate': 8.066795225215853e-05, 'epoch': 2.42}
{'loss': 0.4573, 'learning_rate': 8.062465151357537e-05, 'epoch': 2.42}
{'loss': 0.4065, 'learning_rate': 8.05813507749922e-05, 'epoch': 2.43}
{'loss': 0.4082, 'learning_rate': 8.053805003640902e-05, 'epoch': 2.43}
{'loss': 0.4286, 'learning_rate': 8.049474929782587e-05, 'epoch': 2.44}
{'loss': 0.4029, 'learning_rate': 8.04514485592427e-05, 'epoch': 2.44}
{'loss': 0.4287, 'learning_rate': 8.040901383543118e-05, 'epoch': 2.44}
{'loss': 0.4145, 'learning_rate': 8.036571309684803e-05, 'epoch': 2.45}
{'loss': 0.4212, 'learning_rate': 8.032241235826487e-05, 'epoch': 2.45}
{'loss': 0.4132, 'learning_rate': 8.027911161968169e-05, 'epoch': 2.46}
{'loss': 0.4325, 'learning_rate': 8.023581088109852e-05, 'epoch': 2.46}
{'loss': 0.3956, 'learning_rate': 8.019251014251536e-05, 'epoch': 2.46}
{'loss': 0.4293, 'learning_rate': 8.014920940393218e-05, 'epoch': 2.47}
{'loss': 0.4504, 'learning_rate': 8.010590866534901e-05, 'epoch': 2.47}
{'loss': 0.3838, 'learning_rate': 8.006260792676583e-05, 'epoch': 2.48}
{'loss': 0.4328, 'learning_rate': 8.001930718818267e-05, 'epoch': 2.48}
{'loss': 0.3997, 'learning_rate': 7.99760064495995e-05, 'epoch': 2.49}
{'loss': 0.3941, 'learning_rate': 7.993270571101634e-05, 'epoch': 2.49}
{'loss': 0.4007, 'learning_rate': 7.988940497243317e-05, 'epoch': 2.49}
{'loss': 0.4475, 'learning_rate': 7.984610423384999e-05, 'epoch': 2.5}
{'loss': 0.4007, 'learning_rate': 7.980280349526683e-05, 'epoch': 2.5}
{'loss': 0.3808, 'learning_rate': 7.975950275668366e-05, 'epoch': 2.51}
{'loss': 0.4017, 'learning_rate': 7.971620201810048e-05, 'epoch': 2.51}
{'loss': 0.4223, 'learning_rate': 7.967290127951732e-05, 'epoch': 2.51}
{'loss': 0.4427, 'learning_rate': 7.962960054093415e-05, 'epoch': 2.52}
{'loss': 0.4525, 'learning_rate': 7.958629980235099e-05, 'epoch': 2.52}
{'loss': 0.4276, 'learning_rate': 7.954299906376782e-05, 'epoch': 2.53}
{'loss': 0.4382, 'learning_rate': 7.949969832518466e-05, 'epoch': 2.53}
{'loss': 0.4243, 'learning_rate': 7.945639758660148e-05, 'epoch': 2.53}
{'loss': 0.4072, 'learning_rate': 7.941309684801831e-05, 'epoch': 2.54}
{'loss': 0.397, 'learning_rate': 7.936979610943515e-05, 'epoch': 2.54}
{'loss': 0.419, 'learning_rate': 7.932649537085197e-05, 'epoch': 2.55}
{'loss': 0.4217, 'learning_rate': 7.92831946322688e-05, 'epoch': 2.55}
{'loss': 0.3986, 'learning_rate': 7.923989389368564e-05, 'epoch': 2.55}
{'loss': 0.4237, 'learning_rate': 7.919659315510247e-05, 'epoch': 2.56}
{'loss': 0.4149, 'learning_rate': 7.915329241651931e-05, 'epoch': 2.56}
{'loss': 0.417, 'learning_rate': 7.910999167793614e-05, 'epoch': 2.57}
{'loss': 0.3941, 'learning_rate': 7.906669093935296e-05, 'epoch': 2.57}
{'loss': 0.4101, 'learning_rate': 7.90233902007698e-05, 'epoch': 2.57}
{'loss': 0.3721, 'learning_rate': 7.898008946218662e-05, 'epoch': 2.58}
{'loss': 0.4321, 'learning_rate': 7.893678872360346e-05, 'epoch': 2.58}
{'loss': 0.4365, 'learning_rate': 7.889348798502028e-05, 'epoch': 2.59}
{'loss': 0.4232, 'learning_rate': 7.885018724643712e-05, 'epoch': 2.59}
{'loss': 0.4401, 'learning_rate': 7.880688650785396e-05, 'epoch': 2.6}
{'loss': 0.435, 'learning_rate': 7.876358576927078e-05, 'epoch': 2.6}
{'loss': 0.421, 'learning_rate': 7.872028503068762e-05, 'epoch': 2.6}
{'loss': 0.3866, 'learning_rate': 7.867698429210445e-05, 'epoch': 2.61}
{'loss': 0.3971, 'learning_rate': 7.863368355352127e-05, 'epoch': 2.61}
{'loss': 0.4165, 'learning_rate': 7.85903828149381e-05, 'epoch': 2.62}
{'loss': 0.4057, 'learning_rate': 7.854708207635494e-05, 'epoch': 2.62}
{'loss': 0.4282, 'learning_rate': 7.850378133777176e-05, 'epoch': 2.62}
{'loss': 0.4367, 'learning_rate': 7.84604805991886e-05, 'epoch': 2.63}
{'loss': 0.4269, 'learning_rate': 7.841717986060545e-05, 'epoch': 2.63}
{'loss': 0.4021, 'learning_rate': 7.837387912202227e-05, 'epoch': 2.64}
{'loss': 0.4407, 'learning_rate': 7.83305783834391e-05, 'epoch': 2.64}
{'loss': 0.4203, 'learning_rate': 7.828727764485594e-05, 'epoch': 2.64}
{'loss': 0.3666, 'learning_rate': 7.824397690627276e-05, 'epoch': 2.65}
{'loss': 0.418, 'learning_rate': 7.820067616768959e-05, 'epoch': 2.65}
{'loss': 0.4116, 'learning_rate': 7.815737542910643e-05, 'epoch': 2.66}
{'loss': 0.3798, 'learning_rate': 7.811407469052325e-05, 'epoch': 2.66}
{'loss': 0.4413, 'learning_rate': 7.807077395194008e-05, 'epoch': 2.66}
{'loss': 0.4235, 'learning_rate': 7.802747321335692e-05, 'epoch': 2.67}
{'loss': 0.4035, 'learning_rate': 7.798417247477375e-05, 'epoch': 2.67}
{'loss': 0.4568, 'learning_rate': 7.794087173619059e-05, 'epoch': 2.68}
{'loss': 0.4258, 'learning_rate': 7.789757099760741e-05, 'epoch': 2.68}
{'loss': 0.4154, 'learning_rate': 7.785427025902424e-05, 'epoch': 2.68}
{'loss': 0.3887, 'learning_rate': 7.781096952044106e-05, 'epoch': 2.69}
{'loss': 0.4272, 'learning_rate': 7.77676687818579e-05, 'epoch': 2.69}
{'loss': 0.4478, 'learning_rate': 7.772436804327473e-05, 'epoch': 2.7}
{'loss': 0.4173, 'learning_rate': 7.768106730469157e-05, 'epoch': 2.7}
{'loss': 0.411, 'learning_rate': 7.76377665661084e-05, 'epoch': 2.71}
{'loss': 0.3866, 'learning_rate': 7.759446582752524e-05, 'epoch': 2.71}
{'loss': 0.429, 'learning_rate': 7.755116508894206e-05, 'epoch': 2.71}
{'loss': 0.4196, 'learning_rate': 7.75078643503589e-05, 'epoch': 2.72}
{'loss': 0.4155, 'learning_rate': 7.746456361177573e-05, 'epoch': 2.72}
{'loss': 0.4064, 'learning_rate': 7.742126287319255e-05, 'epoch': 2.73}
{'loss': 0.4385, 'learning_rate': 7.737796213460938e-05, 'epoch': 2.73}
{'loss': 0.3954, 'learning_rate': 7.733466139602622e-05, 'epoch': 2.73}
{'loss': 0.4015, 'learning_rate': 7.729136065744305e-05, 'epoch': 2.74}
{'loss': 0.4562, 'learning_rate': 7.724805991885989e-05, 'epoch': 2.74}
{'loss': 0.4048, 'learning_rate': 7.720475918027672e-05, 'epoch': 2.75}
{'loss': 0.4177, 'learning_rate': 7.716145844169354e-05, 'epoch': 2.75}
{'loss': 0.3791, 'learning_rate': 7.711815770311038e-05, 'epoch': 2.75}
{'loss': 0.4293, 'learning_rate': 7.707485696452721e-05, 'epoch': 2.76}
{'loss': 0.4126, 'learning_rate': 7.703155622594404e-05, 'epoch': 2.76}
{'loss': 0.3883, 'learning_rate': 7.698825548736087e-05, 'epoch': 2.77}
{'loss': 0.4073, 'learning_rate': 7.694495474877769e-05, 'epoch': 2.77}
{'loss': 0.3808, 'learning_rate': 7.69025200249662e-05, 'epoch': 2.77}
{'loss': 0.4205, 'learning_rate': 7.685921928638303e-05, 'epoch': 2.78}
{'loss': 0.3979, 'learning_rate': 7.681591854779985e-05, 'epoch': 2.78}
{'loss': 0.4182, 'learning_rate': 7.677261780921668e-05, 'epoch': 2.79}
{'loss': 0.4388, 'learning_rate': 7.672931707063353e-05, 'epoch': 2.79}
{'loss': 0.4198, 'learning_rate': 7.668601633205035e-05, 'epoch': 2.79}
{'loss': 0.3987, 'learning_rate': 7.664271559346719e-05, 'epoch': 2.8}
{'loss': 0.3976, 'learning_rate': 7.659941485488402e-05, 'epoch': 2.8}
{'loss': 0.3761, 'learning_rate': 7.655611411630084e-05, 'epoch': 2.81}
{'loss': 0.3995, 'learning_rate': 7.651281337771768e-05, 'epoch': 2.81}
{'loss': 0.4267, 'learning_rate': 7.646951263913451e-05, 'epoch': 2.82}
{'loss': 0.3986, 'learning_rate': 7.642621190055134e-05, 'epoch': 2.82}
{'loss': 0.4045, 'learning_rate': 7.638291116196817e-05, 'epoch': 2.82}
{'loss': 0.4248, 'learning_rate': 7.6339610423385e-05, 'epoch': 2.83}
{'loss': 0.4132, 'learning_rate': 7.629630968480184e-05, 'epoch': 2.83}
{'loss': 0.4012, 'learning_rate': 7.625300894621866e-05, 'epoch': 2.84}
{'loss': 0.3969, 'learning_rate': 7.62097082076355e-05, 'epoch': 2.84}
{'loss': 0.4115, 'learning_rate': 7.616640746905233e-05, 'epoch': 2.84}
{'loss': 0.415, 'learning_rate': 7.612310673046915e-05, 'epoch': 2.85}
{'loss': 0.3882, 'learning_rate': 7.607980599188599e-05, 'epoch': 2.85}
{'loss': 0.423, 'learning_rate': 7.603650525330282e-05, 'epoch': 2.86}
{'loss': 0.3963, 'learning_rate': 7.599320451471966e-05, 'epoch': 2.86}
{'loss': 0.399, 'learning_rate': 7.594990377613649e-05, 'epoch': 2.86}
{'loss': 0.4322, 'learning_rate': 7.590660303755333e-05, 'epoch': 2.87}
{'loss': 0.4123, 'learning_rate': 7.586330229897015e-05, 'epoch': 2.87}
{'loss': 0.4045, 'learning_rate': 7.582000156038698e-05, 'epoch': 2.88}
{'loss': 0.404, 'learning_rate': 7.577670082180382e-05, 'epoch': 2.88}
{'loss': 0.392, 'learning_rate': 7.573340008322064e-05, 'epoch': 2.88}
{'loss': 0.42, 'learning_rate': 7.569009934463747e-05, 'epoch': 2.89}
{'loss': 0.4264, 'learning_rate': 7.56467986060543e-05, 'epoch': 2.89}
{'loss': 0.4203, 'learning_rate': 7.560349786747114e-05, 'epoch': 2.9}
{'loss': 0.4203, 'learning_rate': 7.556019712888798e-05, 'epoch': 2.9}
{'loss': 0.4258, 'learning_rate': 7.551689639030481e-05, 'epoch': 2.9}
{'loss': 0.4039, 'learning_rate': 7.547359565172163e-05, 'epoch': 2.91}
{'loss': 0.3884, 'learning_rate': 7.543029491313847e-05, 'epoch': 2.91}
{'loss': 0.3896, 'learning_rate': 7.53869941745553e-05, 'epoch': 2.92}
{'loss': 0.4217, 'learning_rate': 7.534369343597212e-05, 'epoch': 2.92}
{'loss': 0.3826, 'learning_rate': 7.530039269738896e-05, 'epoch': 2.93}
{'loss': 0.4041, 'learning_rate': 7.525709195880578e-05, 'epoch': 2.93}
{'loss': 0.4284, 'learning_rate': 7.521379122022261e-05, 'epoch': 2.93}
{'loss': 0.4245, 'learning_rate': 7.517049048163945e-05, 'epoch': 2.94}
{'loss': 0.4247, 'learning_rate': 7.512718974305628e-05, 'epoch': 2.94}
{'loss': 0.3926, 'learning_rate': 7.508475501924477e-05, 'epoch': 2.95}
{'loss': 0.4162, 'learning_rate': 7.504145428066162e-05, 'epoch': 2.95}
{'loss': 0.426, 'learning_rate': 7.499815354207844e-05, 'epoch': 2.95}
{'loss': 0.4608, 'learning_rate': 7.495485280349528e-05, 'epoch': 2.96}
{'loss': 0.4139, 'learning_rate': 7.491155206491211e-05, 'epoch': 2.96}
{'loss': 0.4495, 'learning_rate': 7.486825132632893e-05, 'epoch': 2.97}
{'loss': 0.4084, 'learning_rate': 7.482495058774575e-05, 'epoch': 2.97}
{'loss': 0.3859, 'learning_rate': 7.47816498491626e-05, 'epoch': 2.97}
{'loss': 0.415, 'learning_rate': 7.473834911057942e-05, 'epoch': 2.98}
{'loss': 0.427, 'learning_rate': 7.469504837199626e-05, 'epoch': 2.98}
{'loss': 0.419, 'learning_rate': 7.465174763341309e-05, 'epoch': 2.99}
{'loss': 0.4402, 'learning_rate': 7.460844689482993e-05, 'epoch': 2.99}
{'loss': 0.401, 'learning_rate': 7.456514615624675e-05, 'epoch': 2.99}
{'loss': 0.4296, 'learning_rate': 7.452184541766358e-05, 'epoch': 3.0}
[INFO|trainer.py:520] 2026-10-04 15:32:38,109 >> The following columns in the evaluation set  don't have a corresponding argument in `PETLEncModel.forward` and have been ignored: idx, hypothesis, premise.
[INFO|trainer.py:2179] 2026-10-04 15:32:38,111 >> ***** Running Evaluation *****
[INFO|trainer.py:2181] 2026-10-04 15:32:38,111 >>   Num examples = 9815
[INFO|trainer.py:2184] 2026-10-04 15:32:38,111 >>   Batch size = 32
{'eval_loss': 0.3707686960697174, 'eval_accuracy': 0.8583800305654611, 'eval_runtime': 15.8063, 'eval_samples_per_second': 620.954, 'eval_steps_per_second': 19.423, 'epoch': 3.0}
[INFO|trainer.py:1933] 2026-10-04 15:32:53,918 >> Saving model checkpoint to checkpoints/glue/mnli/20261004/glue.mnli.mam.am_prefix.ao_concat.fm_adapter.fo_parallel.abn.fbn.ac_add.fl_none.finit_lora.fs_2.unfrz_ef_.ne10.warm0.06.wd0.1.seed4./checkpoint-36816
[INFO|configuration_utils.py:364] 2026-10-04 15:32:53,920 >> Configuration saved in checkpoints/glue/mnli/20261004/glue.mnli.mam.am_prefix.ao_concat.fm_adapter.fo_parallel.abn.fbn.ac_add.fl_none.finit_lora.fs_2.unfrz_ef_.ne10.warm0.06.wd0.1.seed4./checkpoint-36816/config.json
[INFO|modeling_utils.py:898] 2026-10-04 15:32:54,309 >> Model weights saved in checkpoints/glue/mnli/20261004/glue.mnli.mam.am_prefix.ao_concat.fm_adapter.fo_parallel.abn.fbn.ac_add.fl_none.finit_lora.fs_2.unfrz_ef_.ne10.warm0.06.wd0.1.seed4./checkpoint-36816/pytorch_model.bin
[INFO|tokenization_utils_base.py:1948] 2026-10-04 15:32:54,310 >> tokenizer config file saved in checkpoints/glue/mnli/20261004/glue.mnli.mam.am_prefix.ao_concat.fm_adapter.fo_parallel.abn.fbn.ac_add.fl_none.finit_lora.fs_2.unfrz_ef_.ne10.warm0.06.wd0.1.seed4./checkpoint-36816/tokenizer_config.json
[INFO|tokenization_utils_base.py:1954] 2026-10-04 15:32:54,310 >> Special tokens file saved in checkpoints/glue/mnli/20261004/glue.mnli.mam.am_prefix.ao_concat.fm_adapter.fo_parallel.abn.fbn.ac_add.fl_none.finit_lora.fs_2.unfrz_ef_.ne10.warm0.06.wd0.1.seed4./checkpoint-36816/special_tokens_map.json
[INFO|trainer.py:2009] 2026-10-04 15:32:54,450 >> Deleting older checkpoint [checkpoints/glue/mnli/20261004/glue.mnli.mam.am_prefix.ao_concat.fm_adapter.fo_parallel.abn.fbn.ac_add.fl_none.finit_lora.fs_2.unfrz_ef_.ne10.warm0.06.wd0.1.seed4./checkpoint-12272] due to args.save_total_limit
/work/unify-parameter-efficient-tuning/src/transformers/trainer.py:1784: FutureWarning: `torch.cuda.amp.autocast(args...)` is deprecated. Please use `torch.amp.autocast('cuda', args...)` instead.
  with autocast():
{'loss': 0.4185, 'learning_rate': 7.447854467908042e-05, 'epoch': 3.0}
{'loss': 0.4356, 'learning_rate': 7.443524394049724e-05, 'epoch': 3.01}
{'loss': 0.4066, 'learning_rate': 7.439194320191407e-05, 'epoch': 3.01}
{'loss': 0.3754, 'learning_rate': 7.434864246333091e-05, 'epoch': 3.01}
{'loss': 0.4093, 'learning_rate': 7.430534172474774e-05, 'epoch': 3.02}
{'loss': 0.3735, 'learning_rate': 7.426204098616458e-05, 'epoch': 3.02}
{'loss': 0.4038, 'learning_rate': 7.421874024758141e-05, 'epoch': 3.03}
{'loss': 0.401, 'learning_rate': 7.417543950899823e-05, 'epoch': 3.03}
{'loss': 0.4299, 'learning_rate': 7.413213877041507e-05, 'epoch': 3.04}
{'loss': 0.3828, 'learning_rate': 7.40888380318319e-05, 'epoch': 3.04}
{'loss': 0.4116, 'learning_rate': 7.404553729324872e-05, 'epoch': 3.04}
{'loss': 0.4186, 'learning_rate': 7.400223655466556e-05, 'epoch': 3.05}
{'loss': 0.3876, 'learning_rate': 7.39589358160824e-05, 'epoch': 3.05}
{'loss': 0.4181, 'learning_rate': 7.391563507749923e-05, 'epoch': 3.06}
{'loss': 0.4074, 'learning_rate': 7.387233433891606e-05, 'epoch': 3.06}
{'loss': 0.3867, 'learning_rate': 7.38290336003329e-05, 'epoch': 3.06}
{'loss': 0.4212, 'learning_rate': 7.378573286174972e-05, 'epoch': 3.07}
{'loss': 0.4, 'learning_rate': 7.374243212316654e-05, 'epoch': 3.07}
{'loss': 0.4155, 'learning_rate': 7.369913138458339e-05, 'epoch': 3.08}
{'loss': 0.4468, 'learning_rate': 7.365583064600021e-05, 'epoch': 3.08}
{'loss': 0.3925, 'learning_rate': 7.361252990741703e-05, 'epoch': 3.08}
{'loss': 0.3734, 'learning_rate': 7.356922916883387e-05, 'epoch': 3.09}
{'loss': 0.3848, 'learning_rate': 7.352592843025071e-05, 'epoch': 3.09}
{'loss': 0.4184, 'learning_rate': 7.348262769166754e-05, 'epoch': 3.1}
{'loss': 0.3971, 'learning_rate': 7.343932695308437e-05, 'epoch': 3.1}
{'loss': 0.4026, 'learning_rate': 7.33960262145012e-05, 'epoch': 3.1}
{'loss': 0.4135, 'learning_rate': 7.335272547591803e-05, 'epoch': 3.11}
{'loss': 0.4117, 'learning_rate': 7.330942473733486e-05, 'epoch': 3.11}
{'loss': 0.3859, 'learning_rate': 7.32661239987517e-05, 'epoch': 3.12}
{'loss': 0.3989, 'learning_rate': 7.322282326016852e-05, 'epoch': 3.12}
{'loss': 0.3902, 'learning_rate': 7.317952252158535e-05, 'epoch': 3.12}
{'loss': 0.409, 'learning_rate': 7.313622178300219e-05, 'epoch': 3.13}
{'loss': 0.3895, 'learning_rate': 7.309378705919069e-05, 'epoch': 3.13}
{'loss': 0.4148, 'learning_rate': 7.305048632060751e-05, 'epoch': 3.14}
{'loss': 0.399, 'learning_rate': 7.300718558202434e-05, 'epoch': 3.14}
{'loss': 0.4033, 'learning_rate': 7.296388484344118e-05, 'epoch': 3.15}
{'loss': 0.3805, 'learning_rate': 7.292058410485801e-05, 'epoch': 3.15}
{'loss': 0.3626, 'learning_rate': 7.287728336627484e-05, 'epoch': 3.15}
{'loss': 0.4024, 'learning_rate': 7.283398262769167e-05, 'epoch': 3.16}
{'loss': 0.407, 'learning_rate': 7.27906818891085e-05, 'epoch': 3.16}
{'loss': 0.3882, 'learning_rate': 7.274738115052533e-05, 'epoch': 3.17}
{'loss': 0.4363, 'learning_rate': 7.270408041194216e-05, 'epoch': 3.17}
{'loss': 0.4116, 'learning_rate': 7.2660779673359e-05, 'epoch': 3.17}
{'loss': 0.3782, 'learning_rate': 7.261747893477583e-05, 'epoch': 3.18}
{'loss': 0.4137, 'learning_rate': 7.257417819619267e-05, 'epoch': 3.18}
{'loss': 0.4028, 'learning_rate': 7.25308774576095e-05, 'epoch': 3.19}
{'loss': 0.4064, 'learning_rate': 7.248757671902632e-05, 'epoch': 3.19}
{'loss': 0.3978, 'learning_rate': 7.244427598044316e-05, 'epoch': 3.19}
{'loss': 0.3978, 'learning_rate': 7.240097524185999e-05, 'epoch': 3.2}
{'loss': 0.4015, 'learning_rate': 7.235767450327681e-05, 'epoch': 3.2}
{'loss': 0.396, 'learning_rate': 7.231437376469365e-05, 'epoch': 3.21}
{'loss': 0.3884, 'learning_rate': 7.227107302611048e-05, 'epoch': 3.21}
{'loss': 0.3835, 'learning_rate': 7.222777228752732e-05, 'epoch': 3.21}
{'loss': 0.4029, 'learning_rate': 7.218447154894414e-05, 'epoch': 3.22}
{'loss': 0.408, 'learning_rate': 7.214117081036099e-05, 'epoch': 3.22}
{'loss': 0.4177, 'learning_rate': 7.20978700717778e-05, 'epoch': 3.23}
{'loss': 0.4114, 'learning_rate': 7.205456933319463e-05, 'epoch': 3.23}
{'loss': 0.4256, 'learning_rate': 7.201126859461148e-05, 'epoch': 3.24}
{'loss': 0.4113, 'learning_rate': 7.19679678560283e-05, 'epoch': 3.24}
{'loss': 0.4057, 'learning_rate': 7.192466711744512e-05, 'epoch': 3.24}
{'loss': 0.4231, 'learning_rate': 7.188136637886195e-05, 'epoch': 3.25}
{'loss': 0.4027, 'learning_rate': 7.18380656402788e-05, 'epoch': 3.25}
{'loss': 0.403, 'learning_rate': 7.179476490169562e-05, 'epoch': 3.26}
{'loss': 0.3824, 'learning_rate': 7.175146416311246e-05, 'epoch': 3.26}
{'loss': 0.4223, 'learning_rate': 7.170816342452929e-05, 'epoch': 3.26}
{'loss': 0.3971, 'learning_rate': 7.166486268594611e-05, 'epoch': 3.27}
{'loss': 0.4242, 'learning_rate': 7.162156194736295e-05, 'epoch': 3.27}
{'loss': 0.4166, 'learning_rate': 7.157826120877978e-05, 'epoch': 3.28}
{'loss': 0.402, 'learning_rate': 7.15349604701966e-05, 'epoch': 3.28}
{'loss': 0.3998, 'learning_rate': 7.149165973161344e-05, 'epoch': 3.28}
{'loss': 0.4243, 'learning_rate': 7.144835899303027e-05, 'epoch': 3.29}
{'loss': 0.409, 'learning_rate': 7.140505825444711e-05, 'epoch': 3.29}
{'loss': 0.4173, 'learning_rate': 7.136175751586394e-05, 'epoch': 3.3}
{'loss': 0.3992, 'learning_rate': 7.131932279205243e-05, 'epoch': 3.3}
{'loss': 0.387, 'learning_rate': 7.127602205346927e-05, 'epoch': 3.3}
{'loss': 0.4068, 'learning_rate': 7.12327213148861e-05, 'epoch': 3.31}
{'loss': 0.3591, 'learning_rate': 7.118942057630292e-05, 'epoch': 3.31}
{'loss': 0.3797, 'learning_rate': 7.114611983771976e-05, 'epoch': 3.32}
{'loss': 0.393, 'learning_rate': 7.110281909913659e-05, 'epoch': 3.32}
{'loss': 0.3584, 'learning_rate': 7.105951836055341e-05, 'epoch': 3.32}
{'loss': 0.3873, 'learning_rate': 7.101621762197025e-05, 'epoch': 3.33}
{'loss': 0.3722, 'learning_rate': 7.097291688338708e-05, 'epoch': 3.33}
{'loss': 0.3998, 'learning_rate': 7.092961614480392e-05, 'epoch': 3.34}
{'loss': 0.4087, 'learning_rate': 7.088631540622075e-05, 'epoch': 3.34}
{'loss': 0.3902, 'learning_rate': 7.084301466763759e-05, 'epoch': 3.35}
{'loss': 0.3585, 'learning_rate': 7.079971392905441e-05, 'epoch': 3.35}
{'loss': 0.4117, 'learning_rate': 7.075641319047124e-05, 'epoch': 3.35}
{'loss': 0.4152, 'learning_rate': 7.071311245188808e-05, 'epoch': 3.36}
{'loss': 0.41, 'learning_rate': 7.06698117133049e-05, 'epoch': 3.36}
{'loss': 0.3845, 'learning_rate': 7.062651097472172e-05, 'epoch': 3.37}
{'loss': 0.3988, 'learning_rate': 7.058321023613857e-05, 'epoch': 3.37}
{'loss': 0.4318, 'learning_rate': 7.05399094975554e-05, 'epoch': 3.37}
{'loss': 0.399, 'learning_rate': 7.049660875897222e-05, 'epoch': 3.38}
{'loss': 0.3856, 'learning_rate': 7.045330802038907e-05, 'epoch': 3.38}
{'loss': 0.3818, 'learning_rate': 7.04100072818059e-05, 'epoch': 3.39}
{'loss': 0.3988, 'learning_rate': 7.036670654322272e-05, 'epoch': 3.39}
{'loss': 0.3866, 'learning_rate': 7.032340580463955e-05, 'epoch': 3.39}
{'loss': 0.4188, 'learning_rate': 7.028010506605638e-05, 'epoch': 3.4}
{'loss': 0.3815, 'learning_rate': 7.02368043274732e-05, 'epoch': 3.4}
{'loss': 0.4064, 'learning_rate': 7.019350358889004e-05, 'epoch': 3.41}
{'loss': 0.3851, 'learning_rate': 7.015020285030689e-05, 'epoch': 3.41}
{'loss': 0.4101, 'learning_rate': 7.010690211172371e-05, 'epoch': 3.41}
{'loss': 0.3667, 'learning_rate': 7.006360137314054e-05, 'epoch': 3.42}
{'loss': 0.4075, 'learning_rate': 7.002030063455738e-05, 'epoch': 3.42}
{'loss': 0.3892, 'learning_rate': 6.99769998959742e-05, 'epoch': 3.43}
{'loss': 0.3673, 'learning_rate': 6.993369915739104e-05, 'epoch': 3.43}
{'loss': 0.4195, 'learning_rate': 6.989039841880787e-05, 'epoch': 3.43}
{'loss': 0.3781, 'learning_rate': 6.984709768022469e-05, 'epoch': 3.44}
{'loss': 0.4053, 'learning_rate': 6.980379694164153e-05, 'epoch': 3.44}
{'loss': 0.4057, 'learning_rate': 6.976049620305836e-05, 'epoch': 3.45}
{'loss': 0.3929, 'learning_rate': 6.97171954644752e-05, 'epoch': 3.45}
{'loss': 0.405, 'learning_rate': 6.967389472589203e-05, 'epoch': 3.46}
{'loss': 0.4213, 'learning_rate': 6.963059398730887e-05, 'epoch': 3.46}
{'loss': 0.4261, 'learning_rate': 6.958729324872569e-05, 'epoch': 3.46}
{'loss': 0.397, 'learning_rate': 6.954399251014251e-05, 'epoch': 3.47}
{'loss': 0.3814, 'learning_rate': 6.950155778633101e-05, 'epoch': 3.47}
{'loss': 0.3646, 'learning_rate': 6.945825704774784e-05, 'epoch': 3.48}
{'loss': 0.416, 'learning_rate': 6.941495630916468e-05, 'epoch': 3.48}
{'loss': 0.4159, 'learning_rate': 6.93716555705815e-05, 'epoch': 3.48}
{'loss': 0.3827, 'learning_rate': 6.932835483199834e-05, 'epoch': 3.49}
{'loss': 0.3774, 'learning_rate': 6.928505409341517e-05, 'epoch': 3.49}
{'loss': 0.3748, 'learning_rate': 6.9241753354832e-05, 'epoch': 3.5}
{'loss': 0.4077, 'learning_rate': 6.919845261624884e-05, 'epoch': 3.5}
{'loss': 0.4084, 'learning_rate': 6.915515187766567e-05, 'epoch': 3.5}
{'loss': 0.4386, 'learning_rate': 6.91118511390825e-05, 'epoch': 3.51}
{'loss': 0.3888, 'learning_rate': 6.906855040049933e-05, 'epoch': 3.51}
{'loss': 0.4124, 'learning_rate': 6.902524966191617e-05, 'epoch': 3.52}
{'loss': 0.3988, 'learning_rate': 6.898194892333299e-05, 'epoch': 3.52}
{'loss': 0.3887, 'learning_rate': 6.893864818474981e-05, 'epoch': 3.52}
{'loss': 0.3739, 'learning_rate': 6.889534744616666e-05, 'epoch': 3.53}
{'loss': 0.4104, 'learning_rate': 6.885204670758349e-05, 'epoch': 3.53}
{'loss': 0.4331, 'learning_rate': 6.880874596900031e-05, 'epoch': 3.54}
{'loss': 0.3938, 'learning_rate': 6.876544523041716e-05, 'epoch': 3.54}
{'loss': 0.3933, 'learning_rate': 6.872214449183398e-05, 'epoch': 3.54}
{'loss': 0.3818, 'learning_rate': 6.86788437532508e-05, 'epoch': 3.55}
{'loss': 0.4045, 'learning_rate': 6.863554301466764e-05, 'epoch': 3.55}
{'loss': 0.4303, 'learning_rate': 6.859224227608447e-05, 'epoch': 3.56}
{'loss': 0.407, 'learning_rate': 6.854894153750129e-05, 'epoch': 3.56}
{'loss': 0.3809, 'learning_rate': 6.850564079891814e-05, 'epoch': 3.57}
{'loss': 0.4049, 'learning_rate': 6.846234006033498e-05, 'epoch': 3.57}
{'loss': 0.4111, 'learning_rate': 6.84190393217518e-05, 'epoch': 3.57}
{'loss': 0.3877, 'learning_rate': 6.837573858316863e-05, 'epoch': 3.58}
{'loss': 0.4131, 'learning_rate': 6.833243784458547e-05, 'epoch': 3.58}
{'loss': 0.3802, 'learning_rate': 6.828913710600229e-05, 'epoch': 3.59}
{'loss': 0.4406, 'learning_rate': 6.824583636741912e-05, 'epoch': 3.59}
{'loss': 0.3871, 'learning_rate': 6.820253562883596e-05, 'epoch': 3.59}
{'loss': 0.4378, 'learning_rate': 6.815923489025278e-05, 'epoch': 3.6}
{'loss': 0.4355, 'learning_rate': 6.811593415166961e-05, 'epoch': 3.6}
{'loss': 0.354, 'learning_rate': 6.807263341308646e-05, 'epoch': 3.61}
{'loss': 0.4079, 'learning_rate': 6.802933267450328e-05, 'epoch': 3.61}
{'loss': 0.3842, 'learning_rate': 6.798603193592012e-05, 'epoch': 3.61}
{'loss': 0.4083, 'learning_rate': 6.794273119733695e-05, 'epoch': 3.62}
{'loss': 0.3933, 'learning_rate': 6.789943045875377e-05, 'epoch': 3.62}
{'loss': 0.358, 'learning_rate': 6.78561297201706e-05, 'epoch': 3.63}
{'loss': 0.3974, 'learning_rate': 6.781282898158744e-05, 'epoch': 3.63}
{'loss': 0.3806, 'learning_rate': 6.777039425777593e-05, 'epoch': 3.63}
{'loss': 0.3884, 'learning_rate': 6.772709351919277e-05, 'epoch': 3.64}
{'loss': 0.3776, 'learning_rate': 6.768379278060959e-05, 'epoch': 3.64}
{'loss': 0.3968, 'learning_rate': 6.764049204202642e-05, 'epoch': 3.65}
{'loss': 0.409, 'learning_rate': 6.759719130344326e-05, 'epoch': 3.65}
{'loss': 0.3928, 'learning_rate': 6.755389056486009e-05, 'epoch': 3.65}
{'loss': 0.376, 'learning_rate': 6.751058982627693e-05, 'epoch': 3.66}
{'loss': 0.4195, 'learning_rate': 6.746728908769376e-05, 'epoch': 3.66}
{'loss': 0.3918, 'learning_rate': 6.742398834911058e-05, 'epoch': 3.67}
{'loss': 0.4003, 'learning_rate': 6.73806876105274e-05, 'epoch': 3.67}
{'loss': 0.3744, 'learning_rate': 6.733738687194425e-05, 'epoch': 3.68}
{'loss': 0.3837, 'learning_rate': 6.729408613336107e-05, 'epoch': 3.68}
{'loss': 0.3688, 'learning_rate': 6.725078539477791e-05, 'epoch': 3.68}
{'loss': 0.3981, 'learning_rate': 6.720748465619474e-05, 'epoch': 3.69}
{'loss': 0.3852, 'learning_rate': 6.716418391761158e-05, 'epoch': 3.69}
{'loss': 0.3759, 'learning_rate': 6.71208831790284e-05, 'epoch': 3.7}
{'loss': 0.4022, 'learning_rate': 6.707758244044523e-05, 'epoch': 3.7}
{'loss': 0.3834, 'learning_rate': 6.703428170186207e-05, 'epoch': 3.7}
{'loss': 0.4209, 'learning_rate': 6.699098096327889e-05, 'epoch': 3.71}
{'loss': 0.3923, 'learning_rate': 6.694768022469572e-05, 'epoch': 3.71}
{'loss': 0.3786, 'learning_rate': 6.690437948611256e-05, 'epoch': 3.72}
{'loss': 0.3732, 'learning_rate': 6.686107874752938e-05, 'epoch': 3.72}
{'loss': 0.3856, 'learning_rate': 6.681777800894623e-05, 'epoch': 3.72}
{'loss': 0.4128, 'learning_rate': 6.677447727036306e-05, 'epoch': 3.73}
{'loss': 0.3698, 'learning_rate': 6.673117653177988e-05, 'epoch': 3.73}
{'loss': 0.3775, 'learning_rate': 6.668787579319672e-05, 'epoch': 3.74}
{'loss': 0.3777, 'learning_rate': 6.664457505461355e-05, 'epoch': 3.74}
{'loss': 0.4147, 'learning_rate': 6.660127431603038e-05, 'epoch': 3.74}
{'loss': 0.3972, 'learning_rate': 6.655797357744721e-05, 'epoch': 3.75}
{'loss': 0.3543, 'learning_rate': 6.651467283886405e-05, 'epoch': 3.75}
{'loss': 0.384, 'learning_rate': 6.647137210028087e-05, 'epoch': 3.76}
{'loss': 0.4095, 'learning_rate': 6.64280713616977e-05, 'epoch': 3.76}
{'loss': 0.378, 'learning_rate': 6.638477062311455e-05, 'epoch': 3.76}
{'loss': 0.3753, 'learning_rate': 6.634146988453137e-05, 'epoch': 3.77}
{'loss': 0.4062, 'learning_rate': 6.629816914594819e-05, 'epoch': 3.77}
{'loss': 0.4059, 'learning_rate': 6.625486840736504e-05, 'epoch': 3.78}
{'loss': 0.3873, 'learning_rate': 6.621156766878186e-05, 'epoch': 3.78}
{'loss': 0.398, 'learning_rate': 6.616826693019868e-05, 'epoch': 3.79}
{'loss': 0.3878, 'learning_rate': 6.612496619161553e-05, 'epoch': 3.79}
{'loss': 0.3942, 'learning_rate': 6.608166545303235e-05, 'epoch': 3.79}
{'loss': 0.3905, 'learning_rate': 6.603836471444919e-05, 'epoch': 3.8}
{'loss': 0.3825, 'learning_rate': 6.599506397586602e-05, 'epoch': 3.8}
{'loss': 0.4245, 'learning_rate': 6.595176323728286e-05, 'epoch': 3.81}
{'loss': 0.4235, 'learning_rate': 6.590846249869968e-05, 'epoch': 3.81}
{'loss': 0.3851, 'learning_rate': 6.586516176011651e-05, 'epoch': 3.81}
{'loss': 0.397, 'learning_rate': 6.582186102153335e-05, 'epoch': 3.82}
{'loss': 0.3981, 'learning_rate': 6.577856028295017e-05, 'epoch': 3.82}
{'loss': 0.4156, 'learning_rate': 6.5735259544367e-05, 'epoch': 3.83}
{'loss': 0.3808, 'learning_rate': 6.569282482055549e-05, 'epoch': 3.83}
{'loss': 0.4196, 'learning_rate': 6.564952408197234e-05, 'epoch': 3.83}
{'loss': 0.4225, 'learning_rate': 6.560622334338916e-05, 'epoch': 3.84}
{'loss': 0.4003, 'learning_rate': 6.5562922604806e-05, 'epoch': 3.84}
{'loss': 0.3672, 'learning_rate': 6.551962186622283e-05, 'epoch': 3.85}
{'loss': 0.4194, 'learning_rate': 6.547632112763967e-05, 'epoch': 3.85}
{'loss': 0.3921, 'learning_rate': 6.543302038905649e-05, 'epoch': 3.85}
{'loss': 0.4215, 'learning_rate': 6.538971965047332e-05, 'epoch': 3.86}
{'loss': 0.3927, 'learning_rate': 6.534641891189016e-05, 'epoch': 3.86}
{'loss': 0.4236, 'learning_rate': 6.530311817330698e-05, 'epoch': 3.87}
{'loss': 0.4009, 'learning_rate': 6.525981743472381e-05, 'epoch': 3.87}
{'loss': 0.3853, 'learning_rate': 6.521651669614065e-05, 'epoch': 3.87}
{'loss': 0.4011, 'learning_rate': 6.517321595755747e-05, 'epoch': 3.88}
{'loss': 0.3789, 'learning_rate': 6.512991521897432e-05, 'epoch': 3.88}
{'loss': 0.4108, 'learning_rate': 6.508661448039115e-05, 'epoch': 3.89}
{'loss': 0.385, 'learning_rate': 6.504331374180797e-05, 'epoch': 3.89}
{'loss': 0.4079, 'learning_rate': 6.500001300322481e-05, 'epoch': 3.9}
{'loss': 0.4187, 'learning_rate': 6.49575782794133e-05, 'epoch': 3.9}
{'loss': 0.4019, 'learning_rate': 6.491427754083013e-05, 'epoch': 3.9}
{'loss': 0.3678, 'learning_rate': 6.487097680224696e-05, 'epoch': 3.91}
{'loss': 0.4345, 'learning_rate': 6.482767606366379e-05, 'epoch': 3.91}
{'loss': 0.4022, 'learning_rate': 6.478437532508062e-05, 'epoch': 3.92}
{'loss': 0.3982, 'learning_rate': 6.474107458649746e-05, 'epoch': 3.92}
{'loss': 0.3796, 'learning_rate': 6.469777384791428e-05, 'epoch': 3.92}
{'loss': 0.3813, 'learning_rate': 6.465447310933111e-05, 'epoch': 3.93}
{'loss': 0.3978, 'learning_rate': 6.461117237074795e-05, 'epoch': 3.93}
{'loss': 0.4253, 'learning_rate': 6.456787163216478e-05, 'epoch': 3.94}
{'loss': 0.4336, 'learning_rate': 6.452457089358162e-05, 'epoch': 3.94}
{'loss': 0.3808, 'learning_rate': 6.448127015499845e-05, 'epoch': 3.94}
{'loss': 0.3477, 'learning_rate': 6.443796941641527e-05, 'epoch': 3.95}
{'loss': 0.3702, 'learning_rate': 6.43946686778321e-05, 'epoch': 3.95}
{'loss': 0.402, 'learning_rate': 6.435136793924894e-05, 'epoch': 3.96}
{'loss': 0.3812, 'learning_rate': 6.430806720066576e-05, 'epoch': 3.96}
{'loss': 0.3794, 'learning_rate': 6.42647664620826e-05, 'epoch': 3.96}
{'loss': 0.4034, 'learning_rate': 6.422146572349943e-05, 'epoch': 3.97}
{'loss': 0.3768, 'learning_rate': 6.417816498491627e-05, 'epoch': 3.97}
{'loss': 0.4393, 'learning_rate': 6.413486424633309e-05, 'epoch': 3.98}
{'loss': 0.4096, 'learning_rate': 6.409156350774994e-05, 'epoch': 3.98}
{'loss': 0.4218, 'learning_rate': 6.404826276916676e-05, 'epoch': 3.98}
{'loss': 0.386, 'learning_rate': 6.400496203058358e-05, 'epoch': 3.99}
{'loss': 0.3828, 'learning_rate': 6.396166129200043e-05, 'epoch': 3.99}
{'loss': 0.3862, 'learning_rate': 6.391836055341725e-05, 'epoch': 4.0}
[INFO|trainer.py:520] 2026-10-04 15:42:41,242 >> The following columns in the evaluation set  don't have a corresponding argument in `PETLEncModel.forward` and have been ignored: idx, hypothesis, premise.
[INFO|trainer.py:2179] 2026-10-04 15:42:41,244 >> ***** Running Evaluation *****
[INFO|trainer.py:2181] 2026-10-04 15:42:41,244 >>   Num examples = 9815
[INFO|trainer.py:2184] 2026-10-04 15:42:41,244 >>   Batch size = 32
{'eval_loss': 0.3591099977493286, 'eval_accuracy': 0.863270504330107, 'eval_runtime': 15.8649, 'eval_samples_per_second': 618.663, 'eval_steps_per_second': 19.351, 'epoch': 4.0}
[INFO|trainer.py:1933] 2026-10-04 15:42:57,110 >> Saving model checkpoint to checkpoints/glue/mnli/20261004/glue.mnli.mam.am_prefix.ao_concat.fm_adapter.fo_parallel.abn.fbn.ac_add.fl_none.finit_lora.fs_2.unfrz_ef_.ne10.warm0.06.wd0.1.seed4./checkpoint-49088
[INFO|configuration_utils.py:364] 2026-10-04 15:42:57,111 >> Configuration saved in checkpoints/glue/mnli/20261004/glue.mnli.mam.am_prefix.ao_concat.fm_adapter.fo_parallel.abn.fbn.ac_add.fl_none.finit_lora.fs_2.unfrz_ef_.ne10.warm0.06.wd0.1.seed4./checkpoint-49088/config.json
[INFO|modeling_utils.py:898] 2026-10-04 15:42:57,496 >> Model weights saved in checkpoints/glue/mnli/20261004/glue.mnli.mam.am_prefix.ao_concat.fm_adapter.fo_parallel.abn.fbn.ac_add.fl_none.finit_lora.fs_2.unfrz_ef_.ne10.warm0.06.wd0.1.seed4./checkpoint-49088/pytorch_model.bin
[INFO|tokenization_utils_base.py:1948] 2026-10-04 15:42:57,497 >> tokenizer config file saved in checkpoints/glue/mnli/20261004/glue.mnli.mam.am_prefix.ao_concat.fm_adapter.fo_parallel.abn.fbn.ac_add.fl_none.finit_lora.fs_2.unfrz_ef_.ne10.warm0.06.wd0.1.seed4./checkpoint-49088/tokenizer_config.json
[INFO|tokenization_utils_base.py:1954] 2026-10-04 15:42:57,497 >> Special tokens file saved in checkpoints/glue/mnli/20261004/glue.mnli.mam.am_prefix.ao_concat.fm_adapter.fo_parallel.abn.fbn.ac_add.fl_none.finit_lora.fs_2.unfrz_ef_.ne10.warm0.06.wd0.1.seed4./checkpoint-49088/special_tokens_map.json
[INFO|trainer.py:2009] 2026-10-04 15:42:57,625 >> Deleting older checkpoint [checkpoints/glue/mnli/20261004/glue.mnli.mam.am_prefix.ao_concat.fm_adapter.fo_parallel.abn.fbn.ac_add.fl_none.finit_lora.fs_2.unfrz_ef_.ne10.warm0.06.wd0.1.seed4./checkpoint-24544] due to args.save_total_limit
/work/unify-parameter-efficient-tuning/src/transformers/trainer.py:1784: FutureWarning: `torch.cuda.amp.autocast(args...)` is deprecated. Please use `torch.amp.autocast('cuda', args...)` instead.
  with autocast():
{'loss': 0.3929, 'learning_rate': 6.387505981483408e-05, 'epoch': 4.0}
{'loss': 0.3754, 'learning_rate': 6.383175907625092e-05, 'epoch': 4.01}
{'loss': 0.3975, 'learning_rate': 6.378845833766775e-05, 'epoch': 4.01}
{'loss': 0.3844, 'learning_rate': 6.374515759908457e-05, 'epoch': 4.01}
{'loss': 0.376, 'learning_rate': 6.370185686050141e-05, 'epoch': 4.02}
{'loss': 0.3527, 'learning_rate': 6.365855612191824e-05, 'epoch': 4.02}
{'loss': 0.3485, 'learning_rate': 6.361525538333506e-05, 'epoch': 4.03}
{'loss': 0.3928, 'learning_rate': 6.35719546447519e-05, 'epoch': 4.03}
{'loss': 0.3787, 'learning_rate': 6.352865390616873e-05, 'epoch': 4.03}
{'loss': 0.3707, 'learning_rate': 6.348535316758556e-05, 'epoch': 4.04}
{'loss': 0.3958, 'learning_rate': 6.34420524290024e-05, 'epoch': 4.04}
{'loss': 0.4007, 'learning_rate': 6.339875169041924e-05, 'epoch': 4.05}
{'loss': 0.3892, 'learning_rate': 6.335545095183606e-05, 'epoch': 4.05}
{'loss': 0.4127, 'learning_rate': 6.33121502132529e-05, 'epoch': 4.05}
{'loss': 0.3958, 'learning_rate': 6.326884947466973e-05, 'epoch': 4.06}
{'loss': 0.3882, 'learning_rate': 6.322554873608655e-05, 'epoch': 4.06}
{'loss': 0.38, 'learning_rate': 6.318224799750338e-05, 'epoch': 4.07}
{'loss': 0.3807, 'learning_rate': 6.313894725892022e-05, 'epoch': 4.07}
{'loss': 0.3999, 'learning_rate': 6.309564652033704e-05, 'epoch': 4.07}
{'loss': 0.385, 'learning_rate': 6.305234578175388e-05, 'epoch': 4.08}
{'loss': 0.3663, 'learning_rate': 6.300904504317072e-05, 'epoch': 4.08}
{'loss': 0.3391, 'learning_rate': 6.296574430458755e-05, 'epoch': 4.09}
{'loss': 0.3739, 'learning_rate': 6.292244356600437e-05, 'epoch': 4.09}
{'loss': 0.409, 'learning_rate': 6.28791428274212e-05, 'epoch': 4.09}
{'loss': 0.3785, 'learning_rate': 6.283584208883804e-05, 'epoch': 4.1}
{'loss': 0.3925, 'learning_rate': 6.279254135025486e-05, 'epoch': 4.1}
{'loss': 0.3661, 'learning_rate': 6.274924061167169e-05, 'epoch': 4.11}
{'loss': 0.3929, 'learning_rate': 6.270593987308853e-05, 'epoch': 4.11}
{'loss': 0.3691, 'learning_rate': 6.266263913450536e-05, 'epoch': 4.12}
{'loss': 0.3974, 'learning_rate': 6.26193383959222e-05, 'epoch': 4.12}
{'loss': 0.4083, 'learning_rate': 6.257603765733903e-05, 'epoch': 4.12}
{'loss': 0.4102, 'learning_rate': 6.253273691875585e-05, 'epoch': 4.13}
{'loss': 0.3751, 'learning_rate': 6.248943618017269e-05, 'epoch': 4.13}
{'loss': 0.3901, 'learning_rate': 6.244613544158952e-05, 'epoch': 4.14}
{'loss': 0.3989, 'learning_rate': 6.240283470300634e-05, 'epoch': 4.14}
{'loss': 0.3932, 'learning_rate': 6.235953396442318e-05, 'epoch': 4.14}
{'loss': 0.3915, 'learning_rate': 6.231623322584001e-05, 'epoch': 4.15}
{'loss': 0.3714, 'learning_rate': 6.227293248725685e-05, 'epoch': 4.15}
{'loss': 0.399, 'learning_rate': 6.222963174867368e-05, 'epoch': 4.16}
{'loss': 0.3984, 'learning_rate': 6.218633101009052e-05, 'epoch': 4.16}
{'loss': 0.3838, 'learning_rate': 6.214303027150734e-05, 'epoch': 4.16}
{'loss': 0.4137, 'learning_rate': 6.209972953292416e-05, 'epoch': 4.17}
{'loss': 0.3818, 'learning_rate': 6.205642879434101e-05, 'epoch': 4.17}
{'loss': 0.4045, 'learning_rate': 6.201312805575783e-05, 'epoch': 4.18}
{'loss': 0.3684, 'learning_rate': 6.196982731717465e-05, 'epoch': 4.18}
{'loss': 0.3974, 'learning_rate': 6.19265265785915e-05, 'epoch': 4.18}
{'loss': 0.3643, 'learning_rate': 6.188322584000833e-05, 'epoch': 4.19}
{'loss': 0.3688, 'learning_rate': 6.183992510142515e-05, 'epoch': 4.19}
{'loss': 0.3515, 'learning_rate': 6.179662436284199e-05, 'epoch': 4.2}
{'loss': 0.3764, 'learning_rate': 6.175332362425882e-05, 'epoch': 4.2}
{'loss': 0.3634, 'learning_rate': 6.171002288567564e-05, 'epoch': 4.2}
{'loss': 0.394, 'learning_rate': 6.166672214709248e-05, 'epoch': 4.21}
{'loss': 0.3785, 'learning_rate': 6.162342140850931e-05, 'epoch': 4.21}
{'loss': 0.3796, 'learning_rate': 6.158012066992614e-05, 'epoch': 4.22}
{'loss': 0.3577, 'learning_rate': 6.153681993134297e-05, 'epoch': 4.22}
{'loss': 0.3608, 'learning_rate': 6.149351919275982e-05, 'epoch': 4.23}
{'loss': 0.3894, 'learning_rate': 6.145195048371996e-05, 'epoch': 4.23}
{'loss': 0.3878, 'learning_rate': 6.14086497451368e-05, 'epoch': 4.23}
{'loss': 0.4093, 'learning_rate': 6.136534900655363e-05, 'epoch': 4.24}
{'loss': 0.3977, 'learning_rate': 6.132204826797045e-05, 'epoch': 4.24}
{'loss': 0.3786, 'learning_rate': 6.127874752938729e-05, 'epoch': 4.25}
{'loss': 0.4222, 'learning_rate': 6.123544679080413e-05, 'epoch': 4.25}
{'loss': 0.4042, 'learning_rate': 6.119214605222096e-05, 'epoch': 4.25}
{'loss': 0.4113, 'learning_rate': 6.114884531363779e-05, 'epoch': 4.26}
{'loss': 0.3943, 'learning_rate': 6.110554457505463e-05, 'epoch': 4.26}
{'loss': 0.4097, 'learning_rate': 6.106224383647145e-05, 'epoch': 4.27}
{'loss': 0.3759, 'learning_rate': 6.101894309788828e-05, 'epoch': 4.27}
{'loss': 0.3766, 'learning_rate': 6.0975642359305116e-05, 'epoch': 4.27}
{'loss': 0.3887, 'learning_rate': 6.0932341620721944e-05, 'epoch': 4.28}
{'loss': 0.3997, 'learning_rate': 6.088904088213877e-05, 'epoch': 4.28}
{'loss': 0.4027, 'learning_rate': 6.084574014355562e-05, 'epoch': 4.29}
{'loss': 0.3834, 'learning_rate': 6.0802439404972435e-05, 'epoch': 4.29}
{'loss': 0.3865, 'learning_rate': 6.0759138666389256e-05, 'epoch': 4.29}
{'loss': 0.3954, 'learning_rate': 6.071670394257776e-05, 'epoch': 4.3}
{'loss': 0.3892, 'learning_rate': 6.067340320399459e-05, 'epoch': 4.3}
{'loss': 0.3972, 'learning_rate': 6.0630102465411434e-05, 'epoch': 4.31}
{'loss': 0.3773, 'learning_rate': 6.0586801726828255e-05, 'epoch': 4.31}
{'loss': 0.4135, 'learning_rate': 6.05435009882451e-05, 'epoch': 4.31}
{'loss': 0.3925, 'learning_rate': 6.050020024966192e-05, 'epoch': 4.32}
{'loss': 0.378, 'learning_rate': 6.045689951107876e-05, 'epoch': 4.32}
{'loss': 0.3578, 'learning_rate': 6.0413598772495574e-05, 'epoch': 4.33}
{'loss': 0.4083, 'learning_rate': 6.037029803391242e-05, 'epoch': 4.33}
{'loss': 0.3447, 'learning_rate': 6.0326997295329244e-05, 'epoch': 4.34}
{'loss': 0.4053, 'learning_rate': 6.028369655674607e-05, 'epoch': 4.34}
{'loss': 0.3922, 'learning_rate': 6.0240395818162906e-05, 'epoch': 4.34}
{'loss': 0.3737, 'learning_rate': 6.019709507957975e-05, 'epoch': 4.35}
{'loss': 0.368, 'learning_rate': 6.015379434099656e-05, 'epoch': 4.35}
{'loss': 0.4024, 'learning_rate': 6.01104936024134e-05, 'epoch': 4.36}
{'loss': 0.3624, 'learning_rate': 6.006719286383023e-05, 'epoch': 4.36}
{'loss': 0.401, 'learning_rate': 6.002389212524706e-05, 'epoch': 4.36}
{'loss': 0.3865, 'learning_rate': 5.9980591386663895e-05, 'epoch': 4.37}
{'loss': 0.3792, 'learning_rate': 5.993729064808072e-05, 'epoch': 4.37}
{'loss': 0.4105, 'learning_rate': 5.9893989909497564e-05, 'epoch': 4.38}
{'loss': 0.35, 'learning_rate': 5.9850689170914385e-05, 'epoch': 4.38}
{'loss': 0.3896, 'learning_rate': 5.980738843233123e-05, 'epoch': 4.38}
{'loss': 0.3482, 'learning_rate': 5.976408769374805e-05, 'epoch': 4.39}
{'loss': 0.4043, 'learning_rate': 5.972078695516489e-05, 'epoch': 4.39}
{'loss': 0.4139, 'learning_rate': 5.967748621658171e-05, 'epoch': 4.4}
{'loss': 0.3698, 'learning_rate': 5.963418547799855e-05, 'epoch': 4.4}
{'loss': 0.3754, 'learning_rate': 5.9590884739415374e-05, 'epoch': 4.4}
{'loss': 0.38, 'learning_rate': 5.9547584000832215e-05, 'epoch': 4.41}
{'loss': 0.3667, 'learning_rate': 5.9504283262249036e-05, 'epoch': 4.41}
{'loss': 0.3804, 'learning_rate': 5.946098252366588e-05, 'epoch': 4.42}
{'loss': 0.3726, 'learning_rate': 5.941768178508271e-05, 'epoch': 4.42}
{'loss': 0.3881, 'learning_rate': 5.937438104649954e-05, 'epoch': 4.42}
{'loss': 0.3714, 'learning_rate': 5.933108030791636e-05, 'epoch': 4.43}
{'loss': 0.3954, 'learning_rate': 5.92877795693332e-05, 'epoch': 4.43}
{'loss': 0.3602, 'learning_rate': 5.9244478830750024e-05, 'epoch': 4.44}
{'loss': 0.3823, 'learning_rate': 5.920117809216685e-05, 'epoch': 4.44}
{'loss': 0.3999, 'learning_rate': 5.91578773535837e-05, 'epoch': 4.45}
{'loss': 0.3957, 'learning_rate': 5.9114576615000515e-05, 'epoch': 4.45}
{'loss': 0.397, 'learning_rate': 5.907127587641736e-05, 'epoch': 4.45}
{'loss': 0.4065, 'learning_rate': 5.902797513783418e-05, 'epoch': 4.46}
{'loss': 0.3884, 'learning_rate': 5.898467439925102e-05, 'epoch': 4.46}
{'loss': 0.3849, 'learning_rate': 5.894137366066784e-05, 'epoch': 4.47}
{'loss': 0.4142, 'learning_rate': 5.889807292208468e-05, 'epoch': 4.47}
{'loss': 0.3863, 'learning_rate': 5.885477218350152e-05, 'epoch': 4.47}
{'loss': 0.3805, 'learning_rate': 5.8811471444918345e-05, 'epoch': 4.48}
{'loss': 0.4051, 'learning_rate': 5.8768170706335166e-05, 'epoch': 4.48}
{'loss': 0.3858, 'learning_rate': 5.872486996775201e-05, 'epoch': 4.49}
{'loss': 0.378, 'learning_rate': 5.868156922916883e-05, 'epoch': 4.49}
{'loss': 0.3681, 'learning_rate': 5.863826849058567e-05, 'epoch': 4.49}
{'loss': 0.3779, 'learning_rate': 5.8594967752002505e-05, 'epoch': 4.5}
{'loss': 0.3987, 'learning_rate': 5.855166701341933e-05, 'epoch': 4.5}
{'loss': 0.3918, 'learning_rate': 5.850836627483617e-05, 'epoch': 4.51}
{'loss': 0.3701, 'learning_rate': 5.8465065536253e-05, 'epoch': 4.51}
{'loss': 0.3748, 'learning_rate': 5.842176479766982e-05, 'epoch': 4.51}
{'loss': 0.3857, 'learning_rate': 5.837846405908666e-05, 'epoch': 4.52}
{'loss': 0.3992, 'learning_rate': 5.833516332050349e-05, 'epoch': 4.52}
{'loss': 0.392, 'learning_rate': 5.829186258192032e-05, 'epoch': 4.53}
{'loss': 0.3959, 'learning_rate': 5.824856184333715e-05, 'epoch': 4.53}
{'loss': 0.3665, 'learning_rate': 5.820526110475399e-05, 'epoch': 4.53}
{'loss': 0.3866, 'learning_rate': 5.816196036617081e-05, 'epoch': 4.54}
{'loss': 0.3617, 'learning_rate': 5.811865962758763e-05, 'epoch': 4.54}
{'loss': 0.3957, 'learning_rate': 5.8075358889004475e-05, 'epoch': 4.55}
{'loss': 0.3667, 'learning_rate': 5.803205815042131e-05, 'epoch': 4.55}
{'loss': 0.3841, 'learning_rate': 5.798875741183814e-05, 'epoch': 4.56}
{'loss': 0.364, 'learning_rate': 5.794545667325497e-05, 'epoch': 4.56}
{'loss': 0.4005, 'learning_rate': 5.790215593467181e-05, 'epoch': 4.56}
{'loss': 0.3692, 'learning_rate': 5.785885519608862e-05, 'epoch': 4.57}
{'loss': 0.4061, 'learning_rate': 5.781555445750546e-05, 'epoch': 4.57}
{'loss': 0.389, 'learning_rate': 5.77722537189223e-05, 'epoch': 4.58}
{'loss': 0.3997, 'learning_rate': 5.7728952980339126e-05, 'epoch': 4.58}
{'loss': 0.374, 'learning_rate': 5.768565224175596e-05, 'epoch': 4.58}
{'loss': 0.3563, 'learning_rate': 5.7642351503172795e-05, 'epoch': 4.59}
{'loss': 0.3968, 'learning_rate': 5.759905076458961e-05, 'epoch': 4.59}
{'loss': 0.3792, 'learning_rate': 5.755575002600645e-05, 'epoch': 4.6}
{'loss': 0.3825, 'learning_rate': 5.75124492874233e-05, 'epoch': 4.6}
{'loss': 0.4068, 'learning_rate': 5.7469148548840114e-05, 'epoch': 4.6}
{'loss': 0.4056, 'learning_rate': 5.742584781025695e-05, 'epoch': 4.61}
{'loss': 0.3794, 'learning_rate': 5.7382547071673783e-05, 'epoch': 4.61}
{'loss': 0.3889, 'learning_rate': 5.733924633309061e-05, 'epoch': 4.62}
{'loss': 0.3913, 'learning_rate': 5.729594559450745e-05, 'epoch': 4.62}
{'loss': 0.4007, 'learning_rate': 5.7252644855924274e-05, 'epoch': 4.62}
{'loss': 0.3878, 'learning_rate': 5.72093441173411e-05, 'epoch': 4.63}
{'loss': 0.3994, 'learning_rate': 5.716604337875793e-05, 'epoch': 4.63}
{'loss': 0.3851, 'learning_rate': 5.712274264017478e-05, 'epoch': 4.64}
{'loss': 0.3681, 'learning_rate': 5.70794419015916e-05, 'epoch': 4.64}
{'loss': 0.3746, 'learning_rate': 5.7036141163008414e-05, 'epoch': 4.64}
{'loss': 0.3825, 'learning_rate': 5.6992840424425256e-05, 'epoch': 4.65}
{'loss': 0.3691, 'learning_rate': 5.6949539685842104e-05, 'epoch': 4.65}
{'loss': 0.4159, 'learning_rate': 5.690623894725892e-05, 'epoch': 4.66}
{'loss': 0.3643, 'learning_rate': 5.686293820867575e-05, 'epoch': 4.66}
{'loss': 0.4252, 'learning_rate': 5.681963747009259e-05, 'epoch': 4.67}
{'loss': 0.3902, 'learning_rate': 5.6776336731509416e-05, 'epoch': 4.67}
{'loss': 0.3358, 'learning_rate': 5.673303599292625e-05, 'epoch': 4.67}
{'loss': 0.4239, 'learning_rate': 5.668973525434309e-05, 'epoch': 4.68}
{'loss': 0.3901, 'learning_rate': 5.6646434515759907e-05, 'epoch': 4.68}
{'loss': 0.3729, 'learning_rate': 5.660313377717674e-05, 'epoch': 4.69}
{'loss': 0.4019, 'learning_rate': 5.6559833038593576e-05, 'epoch': 4.69}
{'loss': 0.3614, 'learning_rate': 5.6516532300010404e-05, 'epoch': 4.69}
{'loss': 0.3861, 'learning_rate': 5.6473231561427246e-05, 'epoch': 4.7}
{'loss': 0.3919, 'learning_rate': 5.642993082284407e-05, 'epoch': 4.7}
{'loss': 0.387, 'learning_rate': 5.638663008426091e-05, 'epoch': 4.71}
{'loss': 0.3689, 'learning_rate': 5.634332934567773e-05, 'epoch': 4.71}
{'loss': 0.3878, 'learning_rate': 5.630002860709457e-05, 'epoch': 4.71}
{'loss': 0.4185, 'learning_rate': 5.625672786851139e-05, 'epoch': 4.72}
{'loss': 0.399, 'learning_rate': 5.621342712992822e-05, 'epoch': 4.72}
{'loss': 0.3997, 'learning_rate': 5.6170126391345055e-05, 'epoch': 4.73}
{'loss': 0.3934, 'learning_rate': 5.6126825652761896e-05, 'epoch': 4.73}
{'loss': 0.4259, 'learning_rate': 5.608352491417871e-05, 'epoch': 4.73}
{'loss': 0.4121, 'learning_rate': 5.604022417559556e-05, 'epoch': 4.74}
{'loss': 0.3809, 'learning_rate': 5.599692343701238e-05, 'epoch': 4.74}
{'loss': 0.3615, 'learning_rate': 5.595362269842921e-05, 'epoch': 4.75}
{'loss': 0.3912, 'learning_rate': 5.591032195984604e-05, 'epoch': 4.75}
{'loss': 0.3921, 'learning_rate': 5.5867021221262885e-05, 'epoch': 4.75}
{'loss': 0.3869, 'learning_rate': 5.5823720482679706e-05, 'epoch': 4.76}
{'loss': 0.4075, 'learning_rate': 5.578041974409655e-05, 'epoch': 4.76}
{'loss': 0.3601, 'learning_rate': 5.573711900551337e-05, 'epoch': 4.77}
{'loss': 0.378, 'learning_rate': 5.569468428170187e-05, 'epoch': 4.77}
{'loss': 0.4073, 'learning_rate': 5.56513835431187e-05, 'epoch': 4.78}
{'loss': 0.3636, 'learning_rate': 5.560808280453552e-05, 'epoch': 4.78}
{'loss': 0.3755, 'learning_rate': 5.556478206595237e-05, 'epoch': 4.78}
{'loss': 0.3848, 'learning_rate': 5.552148132736918e-05, 'epoch': 4.79}
{'loss': 0.3766, 'learning_rate': 5.5478180588786024e-05, 'epoch': 4.79}
{'loss': 0.3897, 'learning_rate': 5.543487985020286e-05, 'epoch': 4.8}
{'loss': 0.3708, 'learning_rate': 5.539157911161969e-05, 'epoch': 4.8}
{'loss': 0.3838, 'learning_rate': 5.534827837303651e-05, 'epoch': 4.8}
{'loss': 0.3744, 'learning_rate': 5.530497763445335e-05, 'epoch': 4.81}
{'loss': 0.3773, 'learning_rate': 5.5261676895870184e-05, 'epoch': 4.81}
{'loss': 0.3717, 'learning_rate': 5.521837615728701e-05, 'epoch': 4.82}
{'loss': 0.3503, 'learning_rate': 5.5175075418703834e-05, 'epoch': 4.82}
{'loss': 0.382, 'learning_rate': 5.5131774680120675e-05, 'epoch': 4.82}
{'loss': 0.4043, 'learning_rate': 5.5088473941537496e-05, 'epoch': 4.83}
{'loss': 0.3952, 'learning_rate': 5.504517320295434e-05, 'epoch': 4.83}
{'loss': 0.3939, 'learning_rate': 5.500187246437117e-05, 'epoch': 4.84}
{'loss': 0.3914, 'learning_rate': 5.495857172578799e-05, 'epoch': 4.84}
{'loss': 0.3904, 'learning_rate': 5.491527098720483e-05, 'epoch': 4.84}
{'loss': 0.4048, 'learning_rate': 5.487197024862168e-05, 'epoch': 4.85}
{'loss': 0.3584, 'learning_rate': 5.482866951003849e-05, 'epoch': 4.85}
{'loss': 0.3971, 'learning_rate': 5.4785368771455326e-05, 'epoch': 4.86}
{'loss': 0.3981, 'learning_rate': 5.474206803287216e-05, 'epoch': 4.86}
{'loss': 0.3797, 'learning_rate': 5.469876729428899e-05, 'epoch': 4.86}
{'loss': 0.3734, 'learning_rate': 5.4655466555705824e-05, 'epoch': 4.87}
{'loss': 0.3927, 'learning_rate': 5.4612165817122665e-05, 'epoch': 4.87}
{'loss': 0.3523, 'learning_rate': 5.456886507853948e-05, 'epoch': 4.88}
{'loss': 0.3484, 'learning_rate': 5.45255643399563e-05, 'epoch': 4.88}
{'loss': 0.4205, 'learning_rate': 5.448226360137315e-05, 'epoch': 4.89}
{'loss': 0.4211, 'learning_rate': 5.443896286278998e-05, 'epoch': 4.89}
{'loss': 0.3813, 'learning_rate': 5.4395662124206805e-05, 'epoch': 4.89}
{'loss': 0.3632, 'learning_rate': 5.4352361385623626e-05, 'epoch': 4.9}
{'loss': 0.3599, 'learning_rate': 5.4309060647040475e-05, 'epoch': 4.9}
{'loss': 0.3659, 'learning_rate': 5.426575990845729e-05, 'epoch': 4.91}
{'loss': 0.4044, 'learning_rate': 5.422245916987413e-05, 'epoch': 4.91}
{'loss': 0.3851, 'learning_rate': 5.4179158431290965e-05, 'epoch': 4.91}
{'loss': 0.3823, 'learning_rate': 5.413585769270779e-05, 'epoch': 4.92}
{'loss': 0.3914, 'learning_rate': 5.409255695412463e-05, 'epoch': 4.92}
{'loss': 0.394, 'learning_rate': 5.404925621554147e-05, 'epoch': 4.93}
{'loss': 0.372, 'learning_rate': 5.4005955476958284e-05, 'epoch': 4.93}
{'loss': 0.3419, 'learning_rate': 5.396265473837512e-05, 'epoch': 4.93}
{'loss': 0.3825, 'learning_rate': 5.3919353999791953e-05, 'epoch': 4.94}
{'loss': 0.3864, 'learning_rate': 5.387605326120878e-05, 'epoch': 4.94}
{'loss': 0.4132, 'learning_rate': 5.3832752522625616e-05, 'epoch': 4.95}
{'loss': 0.3915, 'learning_rate': 5.378945178404246e-05, 'epoch': 4.95}
{'loss': 0.3647, 'learning_rate': 5.374615104545928e-05, 'epoch': 4.95}
{'loss': 0.3857, 'learning_rate': 5.370371632164778e-05, 'epoch': 4.96}
{'loss': 0.3937, 'learning_rate': 5.3660415583064595e-05, 'epoch': 4.96}
{'loss': 0.367, 'learning_rate': 5.3617114844481444e-05, 'epoch': 4.97}
{'loss': 0.3888, 'learning_rate': 5.3573814105898265e-05, 'epoch': 4.97}
{'loss': 0.3794, 'learning_rate': 5.353051336731509e-05, 'epoch': 4.97}
{'loss': 0.3654, 'learning_rate': 5.348721262873193e-05, 'epoch': 4.98}
{'loss': 0.4009, 'learning_rate': 5.344391189014877e-05, 'epoch': 4.98}
{'loss': 0.386, 'learning_rate': 5.340061115156559e-05, 'epoch': 4.99}
{'loss': 0.3706, 'learning_rate': 5.335731041298242e-05, 'epoch': 4.99}
{'loss': 0.4173, 'learning_rate': 5.331400967439926e-05, 'epoch': 5.0}
{'loss': 0.3782, 'learning_rate': 5.327070893581608e-05, 'epoch': 5.0}
[INFO|trainer.py:520] 2026-10-04 15:52:43,925 >> The following columns in the evaluation set  don't have a corresponding argument in `PETLEncModel.forward` and have been ignored: idx, hypothesis, premise.
[INFO|trainer.py:2179] 2026-10-04 15:52:43,926 >> ***** Running Evaluation *****
[INFO|trainer.py:2181] 2026-10-04 15:52:43,926 >>   Num examples = 9815
[INFO|trainer.py:2184] 2026-10-04 15:52:43,926 >>   Batch size = 32
{'eval_loss': 0.3658984303474426, 'eval_accuracy': 0.8604177279673968, 'eval_runtime': 15.9345, 'eval_samples_per_second': 615.96, 'eval_steps_per_second': 19.266, 'epoch': 5.0}
[INFO|trainer.py:1933] 2026-10-04 15:52:59,862 >> Saving model checkpoint to checkpoints/glue/mnli/20261004/glue.mnli.mam.am_prefix.ao_concat.fm_adapter.fo_parallel.abn.fbn.ac_add.fl_none.finit_lora.fs_2.unfrz_ef_.ne10.warm0.06.wd0.1.seed4./checkpoint-61360
[INFO|configuration_utils.py:364] 2026-10-04 15:52:59,863 >> Configuration saved in checkpoints/glue/mnli/20261004/glue.mnli.mam.am_prefix.ao_concat.fm_adapter.fo_parallel.abn.fbn.ac_add.fl_none.finit_lora.fs_2.unfrz_ef_.ne10.warm0.06.wd0.1.seed4./checkpoint-61360/config.json
[INFO|modeling_utils.py:898] 2026-10-04 15:53:00,270 >> Model weights saved in checkpoints/glue/mnli/20261004/glue.mnli.mam.am_prefix.ao_concat.fm_adapter.fo_parallel.abn.fbn.ac_add.fl_none.finit_lora.fs_2.unfrz_ef_.ne10.warm0.06.wd0.1.seed4./checkpoint-61360/pytorch_model.bin
[INFO|tokenization_utils_base.py:1948] 2026-10-04 15:53:00,271 >> tokenizer config file saved in checkpoints/glue/mnli/20261004/glue.mnli.mam.am_prefix.ao_concat.fm_adapter.fo_parallel.abn.fbn.ac_add.fl_none.finit_lora.fs_2.unfrz_ef_.ne10.warm0.06.wd0.1.seed4./checkpoint-61360/tokenizer_config.json
[INFO|tokenization_utils_base.py:1954] 2026-10-04 15:53:00,272 >> Special tokens file saved in checkpoints/glue/mnli/20261004/glue.mnli.mam.am_prefix.ao_concat.fm_adapter.fo_parallel.abn.fbn.ac_add.fl_none.finit_lora.fs_2.unfrz_ef_.ne10.warm0.06.wd0.1.seed4./checkpoint-61360/special_tokens_map.json
[INFO|trainer.py:2009] 2026-10-04 15:53:00,414 >> Deleting older checkpoint [checkpoints/glue/mnli/20261004/glue.mnli.mam.am_prefix.ao_concat.fm_adapter.fo_parallel.abn.fbn.ac_add.fl_none.finit_lora.fs_2.unfrz_ef_.ne10.warm0.06.wd0.1.seed4./checkpoint-36816] due to args.save_total_limit
/work/unify-parameter-efficient-tuning/src/transformers/trainer.py:1784: FutureWarning: `torch.cuda.amp.autocast(args...)` is deprecated. Please use `torch.amp.autocast('cuda', args...)` instead.
  with autocast():
{'loss': 0.3971, 'learning_rate': 5.322740819723292e-05, 'epoch': 5.0}
{'loss': 0.3717, 'learning_rate': 5.318410745864976e-05, 'epoch': 5.01}
{'loss': 0.3552, 'learning_rate': 5.3140806720066585e-05, 'epoch': 5.01}
{'loss': 0.381, 'learning_rate': 5.309750598148341e-05, 'epoch': 5.02}
{'loss': 0.3657, 'learning_rate': 5.305420524290025e-05, 'epoch': 5.02}
{'loss': 0.3314, 'learning_rate': 5.301090450431707e-05, 'epoch': 5.02}
{'loss': 0.3832, 'learning_rate': 5.29676037657339e-05, 'epoch': 5.03}
{'loss': 0.3919, 'learning_rate': 5.2924303027150746e-05, 'epoch': 5.03}
{'loss': 0.3658, 'learning_rate': 5.2881002288567574e-05, 'epoch': 5.04}
{'loss': 0.3577, 'learning_rate': 5.2837701549984395e-05, 'epoch': 5.04}
{'loss': 0.3909, 'learning_rate': 5.2794400811401236e-05, 'epoch': 5.04}
{'loss': 0.3499, 'learning_rate': 5.275110007281806e-05, 'epoch': 5.05}
{'loss': 0.3473, 'learning_rate': 5.2707799334234886e-05, 'epoch': 5.05}
{'loss': 0.3791, 'learning_rate': 5.266449859565172e-05, 'epoch': 5.06}
{'loss': 0.3558, 'learning_rate': 5.262119785706856e-05, 'epoch': 5.06}
{'loss': 0.4041, 'learning_rate': 5.257789711848538e-05, 'epoch': 5.06}
{'loss': 0.3854, 'learning_rate': 5.253459637990221e-05, 'epoch': 5.07}
{'loss': 0.373, 'learning_rate': 5.249129564131905e-05, 'epoch': 5.07}
{'loss': 0.3716, 'learning_rate': 5.2447994902735874e-05, 'epoch': 5.08}
{'loss': 0.3938, 'learning_rate': 5.2404694164152715e-05, 'epoch': 5.08}
{'loss': 0.3634, 'learning_rate': 5.236139342556955e-05, 'epoch': 5.08}
{'loss': 0.3556, 'learning_rate': 5.231809268698638e-05, 'epoch': 5.09}
{'loss': 0.3418, 'learning_rate': 5.22747919484032e-05, 'epoch': 5.09}
{'loss': 0.4055, 'learning_rate': 5.223149120982004e-05, 'epoch': 5.1}
{'loss': 0.393, 'learning_rate': 5.218819047123686e-05, 'epoch': 5.1}
{'loss': 0.4172, 'learning_rate': 5.2144889732653703e-05, 'epoch': 5.11}
{'loss': 0.3786, 'learning_rate': 5.210158899407054e-05, 'epoch': 5.11}
{'loss': 0.386, 'learning_rate': 5.2058288255487366e-05, 'epoch': 5.11}
{'loss': 0.3701, 'learning_rate': 5.20149875169042e-05, 'epoch': 5.12}
{'loss': 0.3688, 'learning_rate': 5.197255279309269e-05, 'epoch': 5.12}
{'loss': 0.3833, 'learning_rate': 5.1929252054509524e-05, 'epoch': 5.13}
{'loss': 0.3467, 'learning_rate': 5.188595131592636e-05, 'epoch': 5.13}
{'loss': 0.367, 'learning_rate': 5.184265057734318e-05, 'epoch': 5.13}
{'loss': 0.3842, 'learning_rate': 5.1799349838760015e-05, 'epoch': 5.14}
{'loss': 0.3527, 'learning_rate': 5.175604910017685e-05, 'epoch': 5.14}
{'loss': 0.371, 'learning_rate': 5.171274836159368e-05, 'epoch': 5.15}
{'loss': 0.3681, 'learning_rate': 5.166944762301051e-05, 'epoch': 5.15}
{'loss': 0.3779, 'learning_rate': 5.1626146884427354e-05, 'epoch': 5.15}
{'loss': 0.4, 'learning_rate': 5.158284614584417e-05, 'epoch': 5.16}
{'loss': 0.3817, 'learning_rate': 5.1539545407261e-05, 'epoch': 5.16}
{'loss': 0.3664, 'learning_rate': 5.149624466867784e-05, 'epoch': 5.17}
{'loss': 0.3783, 'learning_rate': 5.1452943930094666e-05, 'epoch': 5.17}
{'loss': 0.4244, 'learning_rate': 5.1409643191511494e-05, 'epoch': 5.17}
{'loss': 0.374, 'learning_rate': 5.136634245292834e-05, 'epoch': 5.18}
{'loss': 0.4133, 'learning_rate': 5.1323041714345163e-05, 'epoch': 5.18}
{'loss': 0.3611, 'learning_rate': 5.127974097576198e-05, 'epoch': 5.19}
{'loss': 0.3648, 'learning_rate': 5.1236440237178826e-05, 'epoch': 5.19}
{'loss': 0.4062, 'learning_rate': 5.1193139498595654e-05, 'epoch': 5.19}
{'loss': 0.3699, 'learning_rate': 5.114983876001248e-05, 'epoch': 5.2}
{'loss': 0.3839, 'learning_rate': 5.110653802142932e-05, 'epoch': 5.2}
{'loss': 0.3665, 'learning_rate': 5.106323728284615e-05, 'epoch': 5.21}
{'loss': 0.3859, 'learning_rate': 5.101993654426297e-05, 'epoch': 5.21}
{'loss': 0.4011, 'learning_rate': 5.097663580567981e-05, 'epoch': 5.22}
{'loss': 0.359, 'learning_rate': 5.093333506709664e-05, 'epoch': 5.22}
{'loss': 0.3528, 'learning_rate': 5.089003432851347e-05, 'epoch': 5.22}
{'loss': 0.3618, 'learning_rate': 5.0846733589930305e-05, 'epoch': 5.23}
{'loss': 0.3689, 'learning_rate': 5.080343285134715e-05, 'epoch': 5.23}
{'loss': 0.3472, 'learning_rate': 5.076013211276397e-05, 'epoch': 5.24}
{'loss': 0.3759, 'learning_rate': 5.071683137418081e-05, 'epoch': 5.24}
{'loss': 0.3584, 'learning_rate': 5.067353063559763e-05, 'epoch': 5.24}
{'loss': 0.3398, 'learning_rate': 5.063022989701446e-05, 'epoch': 5.25}
{'loss': 0.3815, 'learning_rate': 5.058692915843129e-05, 'epoch': 5.25}
{'loss': 0.3606, 'learning_rate': 5.0543628419848135e-05, 'epoch': 5.26}
{'loss': 0.3829, 'learning_rate': 5.0500327681264956e-05, 'epoch': 5.26}
{'loss': 0.3486, 'learning_rate': 5.04570269426818e-05, 'epoch': 5.26}
{'loss': 0.3389, 'learning_rate': 5.041372620409862e-05, 'epoch': 5.27}
{'loss': 0.3492, 'learning_rate': 5.037042546551546e-05, 'epoch': 5.27}
{'loss': 0.3694, 'learning_rate': 5.0327124726932275e-05, 'epoch': 5.28}
{'loss': 0.3909, 'learning_rate': 5.028382398834912e-05, 'epoch': 5.28}
{'loss': 0.3529, 'learning_rate': 5.0240523249765944e-05, 'epoch': 5.28}
{'loss': 0.3612, 'learning_rate': 5.019722251118277e-05, 'epoch': 5.29}
{'loss': 0.4044, 'learning_rate': 5.015392177259961e-05, 'epoch': 5.29}
{'loss': 0.3808, 'learning_rate': 5.011062103401645e-05, 'epoch': 5.3}
{'loss': 0.3532, 'learning_rate': 5.006732029543326e-05, 'epoch': 5.3}
{'loss': 0.3741, 'learning_rate': 5.00240195568501e-05, 'epoch': 5.3}
{'loss': 0.3851, 'learning_rate': 4.998071881826693e-05, 'epoch': 5.31}
{'loss': 0.4156, 'learning_rate': 4.993741807968376e-05, 'epoch': 5.31}
{'loss': 0.3791, 'learning_rate': 4.9894117341100595e-05, 'epoch': 5.32}
{'loss': 0.3644, 'learning_rate': 4.985081660251743e-05, 'epoch': 5.32}
{'loss': 0.3747, 'learning_rate': 4.980751586393426e-05, 'epoch': 5.33}
{'loss': 0.3644, 'learning_rate': 4.976421512535109e-05, 'epoch': 5.33}
{'loss': 0.3705, 'learning_rate': 4.972091438676793e-05, 'epoch': 5.33}
{'loss': 0.3714, 'learning_rate': 4.967761364818475e-05, 'epoch': 5.34}
{'loss': 0.3734, 'learning_rate': 4.963431290960158e-05, 'epoch': 5.34}
{'loss': 0.3674, 'learning_rate': 4.959101217101842e-05, 'epoch': 5.35}
{'loss': 0.371, 'learning_rate': 4.9547711432435246e-05, 'epoch': 5.35}
{'loss': 0.3905, 'learning_rate': 4.950441069385208e-05, 'epoch': 5.35}
{'loss': 0.4095, 'learning_rate': 4.94611099552689e-05, 'epoch': 5.36}
{'loss': 0.3797, 'learning_rate': 4.9417809216685744e-05, 'epoch': 5.36}
{'loss': 0.3414, 'learning_rate': 4.937450847810258e-05, 'epoch': 5.37}
{'loss': 0.3889, 'learning_rate': 4.93312077395194e-05, 'epoch': 5.37}
{'loss': 0.3758, 'learning_rate': 4.9287907000936234e-05, 'epoch': 5.37}
{'loss': 0.3749, 'learning_rate': 4.924460626235307e-05, 'epoch': 5.38}
{'loss': 0.404, 'learning_rate': 4.92013055237699e-05, 'epoch': 5.38}
{'loss': 0.3646, 'learning_rate': 4.915800478518673e-05, 'epoch': 5.39}
{'loss': 0.3756, 'learning_rate': 4.9114704046603567e-05, 'epoch': 5.39}
{'loss': 0.3781, 'learning_rate': 4.907140330802039e-05, 'epoch': 5.39}
{'loss': 0.3873, 'learning_rate': 4.902810256943722e-05, 'epoch': 5.4}
{'loss': 0.3909, 'learning_rate': 4.8984801830854064e-05, 'epoch': 5.4}
{'loss': 0.3727, 'learning_rate': 4.8941501092270885e-05, 'epoch': 5.41}
{'loss': 0.3778, 'learning_rate': 4.889820035368772e-05, 'epoch': 5.41}
{'loss': 0.3679, 'learning_rate': 4.885489961510455e-05, 'epoch': 5.41}
{'loss': 0.3824, 'learning_rate': 4.881159887652138e-05, 'epoch': 5.42}
{'loss': 0.3761, 'learning_rate': 4.876829813793822e-05, 'epoch': 5.42}
{'loss': 0.3604, 'learning_rate': 4.872499739935504e-05, 'epoch': 5.43}
{'loss': 0.3513, 'learning_rate': 4.8681696660771873e-05, 'epoch': 5.43}
{'loss': 0.3883, 'learning_rate': 4.863839592218871e-05, 'epoch': 5.44}
{'loss': 0.3992, 'learning_rate': 4.8595095183605536e-05, 'epoch': 5.44}
{'loss': 0.3814, 'learning_rate': 4.855179444502237e-05, 'epoch': 5.44}
{'loss': 0.3714, 'learning_rate': 4.8508493706439206e-05, 'epoch': 5.45}
{'loss': 0.3673, 'learning_rate': 4.846519296785603e-05, 'epoch': 5.45}
{'loss': 0.3711, 'learning_rate': 4.842189222927287e-05, 'epoch': 5.46}
{'loss': 0.3605, 'learning_rate': 4.837859149068969e-05, 'epoch': 5.46}
{'loss': 0.392, 'learning_rate': 4.8335290752106524e-05, 'epoch': 5.46}
{'loss': 0.395, 'learning_rate': 4.829199001352336e-05, 'epoch': 5.47}
{'loss': 0.3806, 'learning_rate': 4.824868927494019e-05, 'epoch': 5.47}
{'loss': 0.3396, 'learning_rate': 4.820538853635702e-05, 'epoch': 5.48}
{'loss': 0.3795, 'learning_rate': 4.816208779777386e-05, 'epoch': 5.48}
{'loss': 0.3711, 'learning_rate': 4.811878705919068e-05, 'epoch': 5.48}
{'loss': 0.4057, 'learning_rate': 4.807548632060751e-05, 'epoch': 5.49}
{'loss': 0.3911, 'learning_rate': 4.803218558202435e-05, 'epoch': 5.49}
{'loss': 0.371, 'learning_rate': 4.7988884843441175e-05, 'epoch': 5.5}
{'loss': 0.403, 'learning_rate': 4.794558410485801e-05, 'epoch': 5.5}
{'loss': 0.3921, 'learning_rate': 4.790228336627483e-05, 'epoch': 5.5}
{'loss': 0.3497, 'learning_rate': 4.785898262769167e-05, 'epoch': 5.51}
{'loss': 0.355, 'learning_rate': 4.781568188910851e-05, 'epoch': 5.51}
{'loss': 0.3911, 'learning_rate': 4.777238115052533e-05, 'epoch': 5.52}
{'loss': 0.393, 'learning_rate': 4.7729080411942164e-05, 'epoch': 5.52}
{'loss': 0.3566, 'learning_rate': 4.7685779673359e-05, 'epoch': 5.52}
{'loss': 0.3558, 'learning_rate': 4.7642478934775826e-05, 'epoch': 5.53}
{'loss': 0.3602, 'learning_rate': 4.759917819619266e-05, 'epoch': 5.53}
{'loss': 0.3731, 'learning_rate': 4.7555877457609496e-05, 'epoch': 5.54}
{'loss': 0.366, 'learning_rate': 4.751257671902632e-05, 'epoch': 5.54}
{'loss': 0.3539, 'learning_rate': 4.746927598044315e-05, 'epoch': 5.55}
{'loss': 0.3577, 'learning_rate': 4.742597524185999e-05, 'epoch': 5.55}
{'loss': 0.3536, 'learning_rate': 4.7382674503276814e-05, 'epoch': 5.55}
{'loss': 0.3463, 'learning_rate': 4.733937376469365e-05, 'epoch': 5.56}
{'loss': 0.3605, 'learning_rate': 4.729607302611048e-05, 'epoch': 5.56}
{'loss': 0.3798, 'learning_rate': 4.725277228752731e-05, 'epoch': 5.57}
{'loss': 0.3727, 'learning_rate': 4.720947154894415e-05, 'epoch': 5.57}
{'loss': 0.3659, 'learning_rate': 4.716617081036097e-05, 'epoch': 5.57}
{'loss': 0.4126, 'learning_rate': 4.71228700717778e-05, 'epoch': 5.58}
{'loss': 0.3456, 'learning_rate': 4.707956933319464e-05, 'epoch': 5.58}
{'loss': 0.4073, 'learning_rate': 4.7036268594611465e-05, 'epoch': 5.59}
{'loss': 0.3473, 'learning_rate': 4.69929678560283e-05, 'epoch': 5.59}
{'loss': 0.3352, 'learning_rate': 4.6949667117445135e-05, 'epoch': 5.59}
{'loss': 0.3678, 'learning_rate': 4.6906366378861956e-05, 'epoch': 5.6}
{'loss': 0.3878, 'learning_rate': 4.68630656402788e-05, 'epoch': 5.6}
{'loss': 0.3699, 'learning_rate': 4.681976490169562e-05, 'epoch': 5.61}
{'loss': 0.3728, 'learning_rate': 4.6776464163112454e-05, 'epoch': 5.61}
{'loss': 0.4098, 'learning_rate': 4.6734029439300956e-05, 'epoch': 5.61}
{'loss': 0.3989, 'learning_rate': 4.669072870071778e-05, 'epoch': 5.62}
{'loss': 0.3675, 'learning_rate': 4.664742796213461e-05, 'epoch': 5.62}
{'loss': 0.3689, 'learning_rate': 4.6604127223551446e-05, 'epoch': 5.63}
{'loss': 0.4303, 'learning_rate': 4.6560826484968274e-05, 'epoch': 5.63}
{'loss': 0.3857, 'learning_rate': 4.651752574638511e-05, 'epoch': 5.63}
{'loss': 0.3593, 'learning_rate': 4.6474225007801944e-05, 'epoch': 5.64}
{'loss': 0.3536, 'learning_rate': 4.6430924269218765e-05, 'epoch': 5.64}
{'loss': 0.3327, 'learning_rate': 4.63876235306356e-05, 'epoch': 5.65}
{'loss': 0.3706, 'learning_rate': 4.6344322792052435e-05, 'epoch': 5.65}
{'loss': 0.3747, 'learning_rate': 4.630102205346926e-05, 'epoch': 5.66}
{'loss': 0.3987, 'learning_rate': 4.62577213148861e-05, 'epoch': 5.66}
{'loss': 0.3543, 'learning_rate': 4.621442057630292e-05, 'epoch': 5.66}
{'loss': 0.3716, 'learning_rate': 4.617111983771976e-05, 'epoch': 5.67}
{'loss': 0.3623, 'learning_rate': 4.6127819099136595e-05, 'epoch': 5.67}
{'loss': 0.3694, 'learning_rate': 4.6084518360553416e-05, 'epoch': 5.68}
{'loss': 0.3524, 'learning_rate': 4.604121762197025e-05, 'epoch': 5.68}
{'loss': 0.3679, 'learning_rate': 4.5997916883387086e-05, 'epoch': 5.68}
{'loss': 0.3603, 'learning_rate': 4.5954616144803914e-05, 'epoch': 5.69}
{'loss': 0.3762, 'learning_rate': 4.591131540622075e-05, 'epoch': 5.69}
{'loss': 0.3587, 'learning_rate': 4.586801466763758e-05, 'epoch': 5.7}
{'loss': 0.3667, 'learning_rate': 4.5824713929054404e-05, 'epoch': 5.7}
{'loss': 0.3381, 'learning_rate': 4.578141319047124e-05, 'epoch': 5.7}
{'loss': 0.3472, 'learning_rate': 4.573811245188807e-05, 'epoch': 5.71}
{'loss': 0.3955, 'learning_rate': 4.56948117133049e-05, 'epoch': 5.71}
{'loss': 0.3995, 'learning_rate': 4.5651510974721737e-05, 'epoch': 5.72}
{'loss': 0.3968, 'learning_rate': 4.5608210236138565e-05, 'epoch': 5.72}
{'loss': 0.3605, 'learning_rate': 4.55649094975554e-05, 'epoch': 5.72}
{'loss': 0.3818, 'learning_rate': 4.5521608758972234e-05, 'epoch': 5.73}
{'loss': 0.3589, 'learning_rate': 4.5478308020389055e-05, 'epoch': 5.73}
{'loss': 0.3864, 'learning_rate': 4.543500728180589e-05, 'epoch': 5.74}
{'loss': 0.3755, 'learning_rate': 4.5391706543222725e-05, 'epoch': 5.74}
{'loss': 0.3569, 'learning_rate': 4.534840580463955e-05, 'epoch': 5.74}
{'loss': 0.4079, 'learning_rate': 4.530510506605639e-05, 'epoch': 5.75}
{'loss': 0.3968, 'learning_rate': 4.526180432747322e-05, 'epoch': 5.75}
{'loss': 0.3546, 'learning_rate': 4.5218503588890043e-05, 'epoch': 5.76}
{'loss': 0.3494, 'learning_rate': 4.5175202850306885e-05, 'epoch': 5.76}
{'loss': 0.3902, 'learning_rate': 4.5131902111723706e-05, 'epoch': 5.77}
{'loss': 0.3928, 'learning_rate': 4.508860137314054e-05, 'epoch': 5.77}
{'loss': 0.3596, 'learning_rate': 4.5045300634557376e-05, 'epoch': 5.77}
{'loss': 0.3834, 'learning_rate': 4.5002865910745864e-05, 'epoch': 5.78}
{'loss': 0.3833, 'learning_rate': 4.49595651721627e-05, 'epoch': 5.78}
{'loss': 0.366, 'learning_rate': 4.4916264433579534e-05, 'epoch': 5.79}
{'loss': 0.369, 'learning_rate': 4.487296369499636e-05, 'epoch': 5.79}
{'loss': 0.3542, 'learning_rate': 4.4829662956413197e-05, 'epoch': 5.79}
{'loss': 0.3714, 'learning_rate': 4.478636221783003e-05, 'epoch': 5.8}
{'loss': 0.3721, 'learning_rate': 4.474306147924685e-05, 'epoch': 5.8}
{'loss': 0.3798, 'learning_rate': 4.469976074066369e-05, 'epoch': 5.81}
{'loss': 0.4005, 'learning_rate': 4.4656460002080515e-05, 'epoch': 5.81}
{'loss': 0.4006, 'learning_rate': 4.461315926349735e-05, 'epoch': 5.81}
{'loss': 0.3185, 'learning_rate': 4.4569858524914185e-05, 'epoch': 5.82}
{'loss': 0.347, 'learning_rate': 4.4526557786331006e-05, 'epoch': 5.82}
{'loss': 0.3788, 'learning_rate': 4.448325704774785e-05, 'epoch': 5.83}
{'loss': 0.3908, 'learning_rate': 4.443995630916468e-05, 'epoch': 5.83}
{'loss': 0.3992, 'learning_rate': 4.4396655570581503e-05, 'epoch': 5.83}
{'loss': 0.3461, 'learning_rate': 4.435335483199834e-05, 'epoch': 5.84}
{'loss': 0.373, 'learning_rate': 4.431005409341517e-05, 'epoch': 5.84}
{'loss': 0.3745, 'learning_rate': 4.4266753354832e-05, 'epoch': 5.85}
{'loss': 0.3559, 'learning_rate': 4.4223452616248836e-05, 'epoch': 5.85}
{'loss': 0.336, 'learning_rate': 4.418015187766567e-05, 'epoch': 5.85}
{'loss': 0.3951, 'learning_rate': 4.413685113908249e-05, 'epoch': 5.86}
{'loss': 0.3811, 'learning_rate': 4.4093550400499326e-05, 'epoch': 5.86}
{'loss': 0.3866, 'learning_rate': 4.4050249661916154e-05, 'epoch': 5.87}
{'loss': 0.3588, 'learning_rate': 4.400694892333299e-05, 'epoch': 5.87}
{'loss': 0.3845, 'learning_rate': 4.3963648184749824e-05, 'epoch': 5.88}
{'loss': 0.4053, 'learning_rate': 4.392034744616665e-05, 'epoch': 5.88}
{'loss': 0.3474, 'learning_rate': 4.3877046707583487e-05, 'epoch': 5.88}
{'loss': 0.3751, 'learning_rate': 4.383374596900032e-05, 'epoch': 5.89}
{'loss': 0.3754, 'learning_rate': 4.379044523041714e-05, 'epoch': 5.89}
{'loss': 0.3817, 'learning_rate': 4.374714449183398e-05, 'epoch': 5.9}
{'loss': 0.3808, 'learning_rate': 4.370384375325081e-05, 'epoch': 5.9}
{'loss': 0.381, 'learning_rate': 4.366054301466764e-05, 'epoch': 5.9}
{'loss': 0.3918, 'learning_rate': 4.3617242276084475e-05, 'epoch': 5.91}
{'loss': 0.3785, 'learning_rate': 4.3573941537501296e-05, 'epoch': 5.91}
{'loss': 0.4038, 'learning_rate': 4.353064079891814e-05, 'epoch': 5.92}
{'loss': 0.3652, 'learning_rate': 4.348734006033497e-05, 'epoch': 5.92}
{'loss': 0.3611, 'learning_rate': 4.3444039321751793e-05, 'epoch': 5.92}
{'loss': 0.3743, 'learning_rate': 4.340073858316863e-05, 'epoch': 5.93}
{'loss': 0.3589, 'learning_rate': 4.335743784458546e-05, 'epoch': 5.93}
{'loss': 0.3825, 'learning_rate': 4.331413710600229e-05, 'epoch': 5.94}
{'loss': 0.3756, 'learning_rate': 4.3270836367419126e-05, 'epoch': 5.94}
{'loss': 0.4042, 'learning_rate': 4.322840164360762e-05, 'epoch': 5.94}
{'loss': 0.3658, 'learning_rate': 4.318510090502445e-05, 'epoch': 5.95}
{'loss': 0.3642, 'learning_rate': 4.3141800166441284e-05, 'epoch': 5.95}
{'loss': 0.4013, 'learning_rate': 4.309849942785812e-05, 'epoch': 5.96}
{'loss': 0.3723, 'learning_rate': 4.305519868927494e-05, 'epoch': 5.96}
{'loss': 0.3425, 'learning_rate': 4.3011897950691775e-05, 'epoch': 5.96}
{'loss': 0.3521, 'learning_rate': 4.29685972121086e-05, 'epoch': 5.97}
{'loss': 0.3761, 'learning_rate': 4.292529647352544e-05, 'epoch': 5.97}
{'loss': 0.3663, 'learning_rate': 4.288199573494227e-05, 'epoch': 5.98}
{'loss': 0.3502, 'learning_rate': 4.28386949963591e-05, 'epoch': 5.98}
{'loss': 0.3524, 'learning_rate': 4.2795394257775935e-05, 'epoch': 5.99}
{'loss': 0.3669, 'learning_rate': 4.275209351919277e-05, 'epoch': 5.99}
{'loss': 0.3809, 'learning_rate': 4.270879278060959e-05, 'epoch': 5.99}
{'loss': 0.3448, 'learning_rate': 4.2665492042026425e-05, 'epoch': 6.0}
[INFO|trainer.py:520] 2026-10-04 16:02:50,827 >> The following columns in the evaluation set  don't have a corresponding argument in `PETLEncModel.forward` and have been ignored: idx, hypothesis, premise.
[INFO|trainer.py:2179] 2026-10-04 16:02:50,829 >> ***** Running Evaluation *****
[INFO|trainer.py:2181] 2026-10-04 16:02:50,829 >>   Num examples = 9815
[INFO|trainer.py:2184] 2026-10-04 16:02:50,829 >>   Batch size = 32
{'eval_loss': 0.36484676599502563, 'eval_accuracy': 0.8691798267957208, 'eval_runtime': 15.8488, 'eval_samples_per_second': 619.289, 'eval_steps_per_second': 19.371, 'epoch': 6.0}
[INFO|trainer.py:1933] 2026-10-04 16:03:06,678 >> Saving model checkpoint to checkpoints/glue/mnli/20261004/glue.mnli.mam.am_prefix.ao_concat.fm_adapter.fo_parallel.abn.fbn.ac_add.fl_none.finit_lora.fs_2.unfrz_ef_.ne10.warm0.06.wd0.1.seed4./checkpoint-73632
[INFO|configuration_utils.py:364] 2026-10-04 16:03:06,680 >> Configuration saved in checkpoints/glue/mnli/20261004/glue.mnli.mam.am_prefix.ao_concat.fm_adapter.fo_parallel.abn.fbn.ac_add.fl_none.finit_lora.fs_2.unfrz_ef_.ne10.warm0.06.wd0.1.seed4./checkpoint-73632/config.json
[INFO|modeling_utils.py:898] 2026-10-04 16:03:07,030 >> Model weights saved in checkpoints/glue/mnli/20261004/glue.mnli.mam.am_prefix.ao_concat.fm_adapter.fo_parallel.abn.fbn.ac_add.fl_none.finit_lora.fs_2.unfrz_ef_.ne10.warm0.06.wd0.1.seed4./checkpoint-73632/pytorch_model.bin
[INFO|tokenization_utils_base.py:1948] 2026-10-04 16:03:07,031 >> tokenizer config file saved in checkpoints/glue/mnli/20261004/glue.mnli.mam.am_prefix.ao_concat.fm_adapter.fo_parallel.abn.fbn.ac_add.fl_none.finit_lora.fs_2.unfrz_ef_.ne10.warm0.06.wd0.1.seed4./checkpoint-73632/tokenizer_config.json
[INFO|tokenization_utils_base.py:1954] 2026-10-04 16:03:07,031 >> Special tokens file saved in checkpoints/glue/mnli/20261004/glue.mnli.mam.am_prefix.ao_concat.fm_adapter.fo_parallel.abn.fbn.ac_add.fl_none.finit_lora.fs_2.unfrz_ef_.ne10.warm0.06.wd0.1.seed4./checkpoint-73632/special_tokens_map.json
[INFO|trainer.py:2009] 2026-10-04 16:03:07,159 >> Deleting older checkpoint [checkpoints/glue/mnli/20261004/glue.mnli.mam.am_prefix.ao_concat.fm_adapter.fo_parallel.abn.fbn.ac_add.fl_none.finit_lora.fs_2.unfrz_ef_.ne10.warm0.06.wd0.1.seed4./checkpoint-49088] due to args.save_total_limit
/work/unify-parameter-efficient-tuning/src/transformers/trainer.py:1784: FutureWarning: `torch.cuda.amp.autocast(args...)` is deprecated. Please use `torch.amp.autocast('cuda', args...)` instead.
  with autocast():
{'loss': 0.3446, 'learning_rate': 4.262219130344326e-05, 'epoch': 6.0}
{'loss': 0.3765, 'learning_rate': 4.257889056486009e-05, 'epoch': 6.01}
{'loss': 0.3559, 'learning_rate': 4.253558982627692e-05, 'epoch': 6.01}
{'loss': 0.3622, 'learning_rate': 4.2492289087693744e-05, 'epoch': 6.01}
{'loss': 0.3703, 'learning_rate': 4.244898834911058e-05, 'epoch': 6.02}
{'loss': 0.3617, 'learning_rate': 4.240568761052742e-05, 'epoch': 6.02}
{'loss': 0.3952, 'learning_rate': 4.236238687194424e-05, 'epoch': 6.03}
{'loss': 0.3411, 'learning_rate': 4.2319086133361076e-05, 'epoch': 6.03}
{'loss': 0.3709, 'learning_rate': 4.227578539477791e-05, 'epoch': 6.03}
{'loss': 0.3296, 'learning_rate': 4.223248465619474e-05, 'epoch': 6.04}
{'loss': 0.3751, 'learning_rate': 4.2189183917611574e-05, 'epoch': 6.04}
{'loss': 0.3777, 'learning_rate': 4.214588317902841e-05, 'epoch': 6.05}
{'loss': 0.3922, 'learning_rate': 4.210258244044523e-05, 'epoch': 6.05}
{'loss': 0.3368, 'learning_rate': 4.2059281701862065e-05, 'epoch': 6.05}
{'loss': 0.4191, 'learning_rate': 4.201598096327889e-05, 'epoch': 6.06}
{'loss': 0.3463, 'learning_rate': 4.197268022469573e-05, 'epoch': 6.06}
{'loss': 0.3692, 'learning_rate': 4.192937948611256e-05, 'epoch': 6.07}
{'loss': 0.3551, 'learning_rate': 4.188607874752938e-05, 'epoch': 6.07}
{'loss': 0.3276, 'learning_rate': 4.1842778008946225e-05, 'epoch': 6.07}
{'loss': 0.3496, 'learning_rate': 4.179947727036306e-05, 'epoch': 6.08}
{'loss': 0.4023, 'learning_rate': 4.175617653177988e-05, 'epoch': 6.08}
{'loss': 0.3391, 'learning_rate': 4.1712875793196716e-05, 'epoch': 6.09}
{'loss': 0.3318, 'learning_rate': 4.166957505461355e-05, 'epoch': 6.09}
{'loss': 0.3585, 'learning_rate': 4.162627431603038e-05, 'epoch': 6.1}
{'loss': 0.3523, 'learning_rate': 4.158297357744721e-05, 'epoch': 6.1}
{'loss': 0.3276, 'learning_rate': 4.153967283886405e-05, 'epoch': 6.1}
{'loss': 0.3531, 'learning_rate': 4.149637210028087e-05, 'epoch': 6.11}
{'loss': 0.3935, 'learning_rate': 4.145393737646937e-05, 'epoch': 6.11}
{'loss': 0.361, 'learning_rate': 4.141063663788619e-05, 'epoch': 6.12}
{'loss': 0.3484, 'learning_rate': 4.136733589930303e-05, 'epoch': 6.12}
{'loss': 0.3725, 'learning_rate': 4.132403516071986e-05, 'epoch': 6.12}
{'loss': 0.3962, 'learning_rate': 4.128073442213669e-05, 'epoch': 6.13}
{'loss': 0.3628, 'learning_rate': 4.1237433683553525e-05, 'epoch': 6.13}
{'loss': 0.3915, 'learning_rate': 4.119413294497036e-05, 'epoch': 6.14}
{'loss': 0.3438, 'learning_rate': 4.115083220638719e-05, 'epoch': 6.14}
{'loss': 0.3632, 'learning_rate': 4.110753146780402e-05, 'epoch': 6.14}
{'loss': 0.3532, 'learning_rate': 4.106423072922086e-05, 'epoch': 6.15}
{'loss': 0.3793, 'learning_rate': 4.102092999063768e-05, 'epoch': 6.15}
{'loss': 0.3715, 'learning_rate': 4.097762925205451e-05, 'epoch': 6.16}
{'loss': 0.3737, 'learning_rate': 4.093432851347134e-05, 'epoch': 6.16}
{'loss': 0.3543, 'learning_rate': 4.0891027774888176e-05, 'epoch': 6.16}
{'loss': 0.3651, 'learning_rate': 4.084772703630501e-05, 'epoch': 6.17}
{'loss': 0.3655, 'learning_rate': 4.080442629772183e-05, 'epoch': 6.17}
{'loss': 0.3585, 'learning_rate': 4.0761125559138666e-05, 'epoch': 6.18}
{'loss': 0.3725, 'learning_rate': 4.071782482055551e-05, 'epoch': 6.18}
{'loss': 0.366, 'learning_rate': 4.067452408197233e-05, 'epoch': 6.18}
{'loss': 0.3867, 'learning_rate': 4.0631223343389164e-05, 'epoch': 6.19}
{'loss': 0.3591, 'learning_rate': 4.0587922604806e-05, 'epoch': 6.19}
{'loss': 0.3323, 'learning_rate': 4.0544621866222826e-05, 'epoch': 6.2}
{'loss': 0.3498, 'learning_rate': 4.050132112763966e-05, 'epoch': 6.2}
{'loss': 0.3722, 'learning_rate': 4.0458020389056496e-05, 'epoch': 6.21}
{'loss': 0.3796, 'learning_rate': 4.041471965047332e-05, 'epoch': 6.21}
{'loss': 0.376, 'learning_rate': 4.037141891189015e-05, 'epoch': 6.21}
{'loss': 0.3556, 'learning_rate': 4.032811817330698e-05, 'epoch': 6.22}
{'loss': 0.3906, 'learning_rate': 4.0284817434723815e-05, 'epoch': 6.22}
{'loss': 0.3837, 'learning_rate': 4.024151669614065e-05, 'epoch': 6.23}
{'loss': 0.3879, 'learning_rate': 4.019821595755747e-05, 'epoch': 6.23}
{'loss': 0.3766, 'learning_rate': 4.015491521897431e-05, 'epoch': 6.23}
{'loss': 0.3542, 'learning_rate': 4.011161448039115e-05, 'epoch': 6.24}
{'loss': 0.3931, 'learning_rate': 4.006831374180797e-05, 'epoch': 6.24}
{'loss': 0.3602, 'learning_rate': 4.00250130032248e-05, 'epoch': 6.25}
{'loss': 0.3443, 'learning_rate': 3.998171226464164e-05, 'epoch': 6.25}
{'loss': 0.3493, 'learning_rate': 3.9938411526058466e-05, 'epoch': 6.25}
{'loss': 0.3569, 'learning_rate': 3.98951107874753e-05, 'epoch': 6.26}
{'loss': 0.3408, 'learning_rate': 3.985181004889212e-05, 'epoch': 6.26}
{'loss': 0.348, 'learning_rate': 3.9808509310308956e-05, 'epoch': 6.27}
{'loss': 0.3848, 'learning_rate': 3.976520857172579e-05, 'epoch': 6.27}
{'loss': 0.3792, 'learning_rate': 3.972277384791428e-05, 'epoch': 6.27}
{'loss': 0.3554, 'learning_rate': 3.9679473109331114e-05, 'epoch': 6.28}
{'loss': 0.3654, 'learning_rate': 3.963617237074795e-05, 'epoch': 6.28}
{'loss': 0.3621, 'learning_rate': 3.959287163216478e-05, 'epoch': 6.29}
{'loss': 0.3764, 'learning_rate': 3.954957089358161e-05, 'epoch': 6.29}
{'loss': 0.3795, 'learning_rate': 3.950627015499845e-05, 'epoch': 6.29}
{'loss': 0.3888, 'learning_rate': 3.9462969416415275e-05, 'epoch': 6.3}
{'loss': 0.3509, 'learning_rate': 3.941966867783211e-05, 'epoch': 6.3}
{'loss': 0.3788, 'learning_rate': 3.9376367939248944e-05, 'epoch': 6.31}
{'loss': 0.354, 'learning_rate': 3.9333067200665765e-05, 'epoch': 6.31}
{'loss': 0.3462, 'learning_rate': 3.92897664620826e-05, 'epoch': 6.32}
{'loss': 0.348, 'learning_rate': 3.924646572349943e-05, 'epoch': 6.32}
{'loss': 0.3239, 'learning_rate': 3.920316498491626e-05, 'epoch': 6.32}
{'loss': 0.3531, 'learning_rate': 3.91598642463331e-05, 'epoch': 6.33}
{'loss': 0.3556, 'learning_rate': 3.911656350774992e-05, 'epoch': 6.33}
{'loss': 0.4032, 'learning_rate': 3.9073262769166754e-05, 'epoch': 6.34}
{'loss': 0.3727, 'learning_rate': 3.9029962030583595e-05, 'epoch': 6.34}
{'loss': 0.38, 'learning_rate': 3.8986661292000416e-05, 'epoch': 6.34}
{'loss': 0.3567, 'learning_rate': 3.894336055341725e-05, 'epoch': 6.35}
{'loss': 0.3576, 'learning_rate': 3.8900059814834086e-05, 'epoch': 6.35}
{'loss': 0.3576, 'learning_rate': 3.8856759076250914e-05, 'epoch': 6.36}
{'loss': 0.3573, 'learning_rate': 3.881345833766775e-05, 'epoch': 6.36}
{'loss': 0.3463, 'learning_rate': 3.877015759908457e-05, 'epoch': 6.36}
{'loss': 0.3519, 'learning_rate': 3.8726856860501404e-05, 'epoch': 6.37}
{'loss': 0.3581, 'learning_rate': 3.868355612191824e-05, 'epoch': 6.37}
{'loss': 0.3511, 'learning_rate': 3.864025538333507e-05, 'epoch': 6.38}
{'loss': 0.3719, 'learning_rate': 3.85969546447519e-05, 'epoch': 6.38}
{'loss': 0.3347, 'learning_rate': 3.855365390616874e-05, 'epoch': 6.38}
{'loss': 0.3507, 'learning_rate': 3.851035316758556e-05, 'epoch': 6.39}
{'loss': 0.3714, 'learning_rate': 3.84670524290024e-05, 'epoch': 6.39}
{'loss': 0.3843, 'learning_rate': 3.8423751690419234e-05, 'epoch': 6.4}
{'loss': 0.3536, 'learning_rate': 3.8380450951836055e-05, 'epoch': 6.4}
{'loss': 0.3726, 'learning_rate': 3.833715021325289e-05, 'epoch': 6.4}
{'loss': 0.3699, 'learning_rate': 3.829384947466972e-05, 'epoch': 6.41}
{'loss': 0.3655, 'learning_rate': 3.825054873608655e-05, 'epoch': 6.41}
{'loss': 0.3726, 'learning_rate': 3.820724799750339e-05, 'epoch': 6.42}
{'loss': 0.3704, 'learning_rate': 3.816394725892021e-05, 'epoch': 6.42}
{'loss': 0.3661, 'learning_rate': 3.8120646520337044e-05, 'epoch': 6.43}
{'loss': 0.3791, 'learning_rate': 3.8077345781753885e-05, 'epoch': 6.43}
{'loss': 0.3926, 'learning_rate': 3.8034045043170706e-05, 'epoch': 6.43}
{'loss': 0.3384, 'learning_rate': 3.799074430458754e-05, 'epoch': 6.44}
{'loss': 0.369, 'learning_rate': 3.794830958077604e-05, 'epoch': 6.44}
{'loss': 0.3486, 'learning_rate': 3.7905008842192864e-05, 'epoch': 6.45}
{'loss': 0.3359, 'learning_rate': 3.78617081036097e-05, 'epoch': 6.45}
{'loss': 0.3475, 'learning_rate': 3.7818407365026534e-05, 'epoch': 6.45}
{'loss': 0.3654, 'learning_rate': 3.777510662644336e-05, 'epoch': 6.46}
{'loss': 0.3745, 'learning_rate': 3.77318058878602e-05, 'epoch': 6.46}
{'loss': 0.3727, 'learning_rate': 3.768850514927702e-05, 'epoch': 6.47}
{'loss': 0.3476, 'learning_rate': 3.764520441069385e-05, 'epoch': 6.47}
{'loss': 0.3132, 'learning_rate': 3.760190367211069e-05, 'epoch': 6.47}
{'loss': 0.359, 'learning_rate': 3.7558602933527515e-05, 'epoch': 6.48}
{'loss': 0.3998, 'learning_rate': 3.751530219494435e-05, 'epoch': 6.48}
{'loss': 0.351, 'learning_rate': 3.7472001456361185e-05, 'epoch': 6.49}
{'loss': 0.3628, 'learning_rate': 3.7428700717778006e-05, 'epoch': 6.49}
{'loss': 0.3948, 'learning_rate': 3.738539997919485e-05, 'epoch': 6.49}
{'loss': 0.358, 'learning_rate': 3.734209924061168e-05, 'epoch': 6.5}
{'loss': 0.3847, 'learning_rate': 3.7298798502028504e-05, 'epoch': 6.5}
{'loss': 0.3922, 'learning_rate': 3.725549776344534e-05, 'epoch': 6.51}
{'loss': 0.361, 'learning_rate': 3.7212197024862166e-05, 'epoch': 6.51}
{'loss': 0.3623, 'learning_rate': 3.7168896286279e-05, 'epoch': 6.51}
{'loss': 0.3855, 'learning_rate': 3.7125595547695836e-05, 'epoch': 6.52}
{'loss': 0.36, 'learning_rate': 3.708229480911266e-05, 'epoch': 6.52}
{'loss': 0.3759, 'learning_rate': 3.703899407052949e-05, 'epoch': 6.53}
{'loss': 0.3792, 'learning_rate': 3.6995693331946327e-05, 'epoch': 6.53}
{'loss': 0.3463, 'learning_rate': 3.6952392593363155e-05, 'epoch': 6.54}
{'loss': 0.3971, 'learning_rate': 3.690909185477999e-05, 'epoch': 6.54}
{'loss': 0.3612, 'learning_rate': 3.6865791116196824e-05, 'epoch': 6.54}
{'loss': 0.3465, 'learning_rate': 3.682249037761365e-05, 'epoch': 6.55}
{'loss': 0.3715, 'learning_rate': 3.677918963903049e-05, 'epoch': 6.55}
{'loss': 0.3782, 'learning_rate': 3.673588890044732e-05, 'epoch': 6.56}
{'loss': 0.366, 'learning_rate': 3.669258816186414e-05, 'epoch': 6.56}
{'loss': 0.3564, 'learning_rate': 3.664928742328098e-05, 'epoch': 6.56}
{'loss': 0.3757, 'learning_rate': 3.6605986684697805e-05, 'epoch': 6.57}
{'loss': 0.3829, 'learning_rate': 3.656268594611464e-05, 'epoch': 6.57}
{'loss': 0.3936, 'learning_rate': 3.6519385207531475e-05, 'epoch': 6.58}
{'loss': 0.3449, 'learning_rate': 3.6476084468948296e-05, 'epoch': 6.58}
{'loss': 0.3664, 'learning_rate': 3.643278373036513e-05, 'epoch': 6.58}
{'loss': 0.341, 'learning_rate': 3.638948299178197e-05, 'epoch': 6.59}
{'loss': 0.3682, 'learning_rate': 3.6346182253198794e-05, 'epoch': 6.59}
{'loss': 0.3832, 'learning_rate': 3.630288151461563e-05, 'epoch': 6.6}
{'loss': 0.3378, 'learning_rate': 3.625958077603246e-05, 'epoch': 6.6}
{'loss': 0.3731, 'learning_rate': 3.621714605222095e-05, 'epoch': 6.6}
{'loss': 0.3821, 'learning_rate': 3.6173845313637787e-05, 'epoch': 6.61}
{'loss': 0.3979, 'learning_rate': 3.6130544575054615e-05, 'epoch': 6.61}
{'loss': 0.3378, 'learning_rate': 3.608724383647145e-05, 'epoch': 6.62}
{'loss': 0.392, 'learning_rate': 3.6043943097888284e-05, 'epoch': 6.62}
{'loss': 0.3661, 'learning_rate': 3.6000642359305105e-05, 'epoch': 6.62}
{'loss': 0.3299, 'learning_rate': 3.595734162072194e-05, 'epoch': 6.63}
{'loss': 0.3686, 'learning_rate': 3.5914040882138775e-05, 'epoch': 6.63}
{'loss': 0.3631, 'learning_rate': 3.58707401435556e-05, 'epoch': 6.64}
{'loss': 0.3587, 'learning_rate': 3.582743940497244e-05, 'epoch': 6.64}
{'loss': 0.395, 'learning_rate': 3.578413866638927e-05, 'epoch': 6.65}
{'loss': 0.3609, 'learning_rate': 3.5740837927806093e-05, 'epoch': 6.65}
{'loss': 0.3715, 'learning_rate': 3.5697537189222935e-05, 'epoch': 6.65}
{'loss': 0.3703, 'learning_rate': 3.565423645063977e-05, 'epoch': 6.66}
{'loss': 0.3258, 'learning_rate': 3.561093571205659e-05, 'epoch': 6.66}
{'loss': 0.3801, 'learning_rate': 3.5567634973473426e-05, 'epoch': 6.67}
{'loss': 0.3615, 'learning_rate': 3.5524334234890254e-05, 'epoch': 6.67}
{'loss': 0.3583, 'learning_rate': 3.548103349630709e-05, 'epoch': 6.67}
{'loss': 0.3429, 'learning_rate': 3.543773275772392e-05, 'epoch': 6.68}
{'loss': 0.3789, 'learning_rate': 3.5394432019140744e-05, 'epoch': 6.68}
{'loss': 0.3528, 'learning_rate': 3.535113128055758e-05, 'epoch': 6.69}
{'loss': 0.3538, 'learning_rate': 3.5307830541974414e-05, 'epoch': 6.69}
{'loss': 0.3604, 'learning_rate': 3.526452980339124e-05, 'epoch': 6.69}
{'loss': 0.3641, 'learning_rate': 3.5221229064808077e-05, 'epoch': 6.7}
{'loss': 0.3758, 'learning_rate': 3.517792832622491e-05, 'epoch': 6.7}
{'loss': 0.3622, 'learning_rate': 3.513462758764174e-05, 'epoch': 6.71}
{'loss': 0.3619, 'learning_rate': 3.5091326849058574e-05, 'epoch': 6.71}
{'loss': 0.3676, 'learning_rate': 3.5048892125247056e-05, 'epoch': 6.71}
{'loss': 0.3541, 'learning_rate': 3.50055913866639e-05, 'epoch': 6.72}
{'loss': 0.4045, 'learning_rate': 3.496229064808073e-05, 'epoch': 6.72}
{'loss': 0.3161, 'learning_rate': 3.491898990949755e-05, 'epoch': 6.73}
{'loss': 0.3722, 'learning_rate': 3.487568917091439e-05, 'epoch': 6.73}
{'loss': 0.3887, 'learning_rate': 3.483238843233122e-05, 'epoch': 6.73}
{'loss': 0.3401, 'learning_rate': 3.478908769374805e-05, 'epoch': 6.74}
{'loss': 0.3615, 'learning_rate': 3.4745786955164886e-05, 'epoch': 6.74}
{'loss': 0.4012, 'learning_rate': 3.470248621658172e-05, 'epoch': 6.75}
{'loss': 0.3511, 'learning_rate': 3.465918547799854e-05, 'epoch': 6.75}
{'loss': 0.3874, 'learning_rate': 3.4615884739415376e-05, 'epoch': 6.76}
{'loss': 0.3537, 'learning_rate': 3.457258400083222e-05, 'epoch': 6.76}
{'loss': 0.3575, 'learning_rate': 3.452928326224904e-05, 'epoch': 6.76}
{'loss': 0.3555, 'learning_rate': 3.4485982523665874e-05, 'epoch': 6.77}
{'loss': 0.3794, 'learning_rate': 3.44426817850827e-05, 'epoch': 6.77}
{'loss': 0.3581, 'learning_rate': 3.4399381046499537e-05, 'epoch': 6.78}
{'loss': 0.3554, 'learning_rate': 3.435608030791637e-05, 'epoch': 6.78}
{'loss': 0.3999, 'learning_rate': 3.431277956933319e-05, 'epoch': 6.78}
{'loss': 0.3515, 'learning_rate': 3.426947883075003e-05, 'epoch': 6.79}
{'loss': 0.3693, 'learning_rate': 3.422617809216686e-05, 'epoch': 6.79}
{'loss': 0.3793, 'learning_rate': 3.418287735358369e-05, 'epoch': 6.8}
{'loss': 0.3766, 'learning_rate': 3.4139576615000525e-05, 'epoch': 6.8}
{'loss': 0.3575, 'learning_rate': 3.409627587641736e-05, 'epoch': 6.8}
{'loss': 0.3518, 'learning_rate': 3.405297513783418e-05, 'epoch': 6.81}
{'loss': 0.3559, 'learning_rate': 3.400967439925102e-05, 'epoch': 6.81}
{'loss': 0.3566, 'learning_rate': 3.3966373660667843e-05, 'epoch': 6.82}
{'loss': 0.3579, 'learning_rate': 3.392307292208468e-05, 'epoch': 6.82}
{'loss': 0.3634, 'learning_rate': 3.387977218350151e-05, 'epoch': 6.82}
{'loss': 0.35, 'learning_rate': 3.383647144491834e-05, 'epoch': 6.83}
{'loss': 0.3574, 'learning_rate': 3.3793170706335176e-05, 'epoch': 6.83}
{'loss': 0.386, 'learning_rate': 3.374986996775201e-05, 'epoch': 6.84}
{'loss': 0.3682, 'learning_rate': 3.370656922916883e-05, 'epoch': 6.84}
{'loss': 0.4061, 'learning_rate': 3.3663268490585666e-05, 'epoch': 6.84}
{'loss': 0.3488, 'learning_rate': 3.36199677520025e-05, 'epoch': 6.85}
{'loss': 0.3565, 'learning_rate': 3.357666701341933e-05, 'epoch': 6.85}
{'loss': 0.3598, 'learning_rate': 3.3533366274836164e-05, 'epoch': 6.86}
{'loss': 0.3589, 'learning_rate': 3.3490065536252985e-05, 'epoch': 6.86}
{'loss': 0.3666, 'learning_rate': 3.344676479766983e-05, 'epoch': 6.87}
{'loss': 0.3621, 'learning_rate': 3.340346405908666e-05, 'epoch': 6.87}
{'loss': 0.382, 'learning_rate': 3.336016332050348e-05, 'epoch': 6.87}
{'loss': 0.359, 'learning_rate': 3.331686258192032e-05, 'epoch': 6.88}
{'loss': 0.3805, 'learning_rate': 3.327356184333715e-05, 'epoch': 6.88}
{'loss': 0.3366, 'learning_rate': 3.323026110475398e-05, 'epoch': 6.89}
{'loss': 0.3512, 'learning_rate': 3.3187826380942475e-05, 'epoch': 6.89}
{'loss': 0.3677, 'learning_rate': 3.314452564235931e-05, 'epoch': 6.89}
{'loss': 0.3447, 'learning_rate': 3.310122490377614e-05, 'epoch': 6.9}
{'loss': 0.377, 'learning_rate': 3.305792416519297e-05, 'epoch': 6.9}
{'loss': 0.352, 'learning_rate': 3.301462342660981e-05, 'epoch': 6.91}
{'loss': 0.3612, 'learning_rate': 3.297132268802663e-05, 'epoch': 6.91}
{'loss': 0.3656, 'learning_rate': 3.292802194944347e-05, 'epoch': 6.91}
{'loss': 0.3701, 'learning_rate': 3.288472121086029e-05, 'epoch': 6.92}
{'loss': 0.3451, 'learning_rate': 3.2841420472277126e-05, 'epoch': 6.92}
{'loss': 0.3789, 'learning_rate': 3.279811973369396e-05, 'epoch': 6.93}
{'loss': 0.3596, 'learning_rate': 3.275481899511079e-05, 'epoch': 6.93}
{'loss': 0.3631, 'learning_rate': 3.2711518256527624e-05, 'epoch': 6.93}
{'loss': 0.3584, 'learning_rate': 3.266821751794446e-05, 'epoch': 6.94}
{'loss': 0.3559, 'learning_rate': 3.262491677936128e-05, 'epoch': 6.94}
{'loss': 0.3383, 'learning_rate': 3.2581616040778115e-05, 'epoch': 6.95}
{'loss': 0.3805, 'learning_rate': 3.253831530219495e-05, 'epoch': 6.95}
{'loss': 0.3925, 'learning_rate': 3.249501456361178e-05, 'epoch': 6.95}
{'loss': 0.3459, 'learning_rate': 3.245171382502861e-05, 'epoch': 6.96}
{'loss': 0.3676, 'learning_rate': 3.240841308644543e-05, 'epoch': 6.96}
{'loss': 0.3583, 'learning_rate': 3.2365112347862275e-05, 'epoch': 6.97}
{'loss': 0.3856, 'learning_rate': 3.232181160927911e-05, 'epoch': 6.97}
{'loss': 0.3493, 'learning_rate': 3.227851087069593e-05, 'epoch': 6.98}
{'loss': 0.3795, 'learning_rate': 3.2235210132112766e-05, 'epoch': 6.98}
{'loss': 0.3624, 'learning_rate': 3.21919093935296e-05, 'epoch': 6.98}
{'loss': 0.3485, 'learning_rate': 3.214860865494643e-05, 'epoch': 6.99}
{'loss': 0.3904, 'learning_rate': 3.210530791636326e-05, 'epoch': 6.99}
{'loss': 0.3795, 'learning_rate': 3.20620071777801e-05, 'epoch': 7.0}
{'loss': 0.368, 'learning_rate': 3.201870643919692e-05, 'epoch': 7.0}
[INFO|trainer.py:520] 2026-10-04 16:12:52,408 >> The following columns in the evaluation set  don't have a corresponding argument in `PETLEncModel.forward` and have been ignored: idx, hypothesis, premise.
[INFO|trainer.py:2179] 2026-10-04 16:12:52,410 >> ***** Running Evaluation *****
[INFO|trainer.py:2181] 2026-10-04 16:12:52,410 >>   Num examples = 9815
[INFO|trainer.py:2184] 2026-10-04 16:12:52,410 >>   Batch size = 32
{'eval_loss': 0.3500811755657196, 'eval_accuracy': 0.8713194090677534, 'eval_runtime': 15.8688, 'eval_samples_per_second': 618.509, 'eval_steps_per_second': 19.346, 'epoch': 7.0}
[INFO|trainer.py:1933] 2026-10-04 16:13:08,279 >> Saving model checkpoint to checkpoints/glue/mnli/20261004/glue.mnli.mam.am_prefix.ao_concat.fm_adapter.fo_parallel.abn.fbn.ac_add.fl_none.finit_lora.fs_2.unfrz_ef_.ne10.warm0.06.wd0.1.seed4./checkpoint-85904
[INFO|configuration_utils.py:364] 2026-10-04 16:13:08,281 >> Configuration saved in checkpoints/glue/mnli/20261004/glue.mnli.mam.am_prefix.ao_concat.fm_adapter.fo_parallel.abn.fbn.ac_add.fl_none.finit_lora.fs_2.unfrz_ef_.ne10.warm0.06.wd0.1.seed4./checkpoint-85904/config.json
[INFO|modeling_utils.py:898] 2026-10-04 16:13:08,632 >> Model weights saved in checkpoints/glue/mnli/20261004/glue.mnli.mam.am_prefix.ao_concat.fm_adapter.fo_parallel.abn.fbn.ac_add.fl_none.finit_lora.fs_2.unfrz_ef_.ne10.warm0.06.wd0.1.seed4./checkpoint-85904/pytorch_model.bin
[INFO|tokenization_utils_base.py:1948] 2026-10-04 16:13:08,633 >> tokenizer config file saved in checkpoints/glue/mnli/20261004/glue.mnli.mam.am_prefix.ao_concat.fm_adapter.fo_parallel.abn.fbn.ac_add.fl_none.finit_lora.fs_2.unfrz_ef_.ne10.warm0.06.wd0.1.seed4./checkpoint-85904/tokenizer_config.json
[INFO|tokenization_utils_base.py:1954] 2026-10-04 16:13:08,633 >> Special tokens file saved in checkpoints/glue/mnli/20261004/glue.mnli.mam.am_prefix.ao_concat.fm_adapter.fo_parallel.abn.fbn.ac_add.fl_none.finit_lora.fs_2.unfrz_ef_.ne10.warm0.06.wd0.1.seed4./checkpoint-85904/special_tokens_map.json
[INFO|trainer.py:2009] 2026-10-04 16:13:08,760 >> Deleting older checkpoint [checkpoints/glue/mnli/20261004/glue.mnli.mam.am_prefix.ao_concat.fm_adapter.fo_parallel.abn.fbn.ac_add.fl_none.finit_lora.fs_2.unfrz_ef_.ne10.warm0.06.wd0.1.seed4./checkpoint-61360] due to args.save_total_limit
/work/unify-parameter-efficient-tuning/src/transformers/trainer.py:1784: FutureWarning: `torch.cuda.amp.autocast(args...)` is deprecated. Please use `torch.amp.autocast('cuda', args...)` instead.
  with autocast():
{'loss': 0.3561, 'learning_rate': 3.1975405700613754e-05, 'epoch': 7.0}
{'loss': 0.376, 'learning_rate': 3.1932104962030595e-05, 'epoch': 7.01}
{'loss': 0.3318, 'learning_rate': 3.1888804223447416e-05, 'epoch': 7.01}
{'loss': 0.342, 'learning_rate': 3.184550348486425e-05, 'epoch': 7.02}
{'loss': 0.3344, 'learning_rate': 3.180220274628108e-05, 'epoch': 7.02}
{'loss': 0.3411, 'learning_rate': 3.1758902007697914e-05, 'epoch': 7.02}
{'loss': 0.3674, 'learning_rate': 3.171560126911475e-05, 'epoch': 7.03}
{'loss': 0.3542, 'learning_rate': 3.167230053053157e-05, 'epoch': 7.03}
{'loss': 0.3374, 'learning_rate': 3.1628999791948405e-05, 'epoch': 7.04}
{'loss': 0.3684, 'learning_rate': 3.158569905336524e-05, 'epoch': 7.04}
{'loss': 0.3526, 'learning_rate': 3.154239831478207e-05, 'epoch': 7.04}
{'loss': 0.3648, 'learning_rate': 3.14990975761989e-05, 'epoch': 7.05}
{'loss': 0.3496, 'learning_rate': 3.145579683761574e-05, 'epoch': 7.05}
{'loss': 0.3207, 'learning_rate': 3.141249609903256e-05, 'epoch': 7.06}
{'loss': 0.3409, 'learning_rate': 3.13691953604494e-05, 'epoch': 7.06}
{'loss': 0.3621, 'learning_rate': 3.132589462186622e-05, 'epoch': 7.06}
{'loss': 0.3832, 'learning_rate': 3.1282593883283056e-05, 'epoch': 7.07}
{'loss': 0.379, 'learning_rate': 3.123929314469989e-05, 'epoch': 7.07}
{'loss': 0.356, 'learning_rate': 3.119599240611672e-05, 'epoch': 7.08}
{'loss': 0.3801, 'learning_rate': 3.115269166753355e-05, 'epoch': 7.08}
{'loss': 0.3453, 'learning_rate': 3.110939092895039e-05, 'epoch': 7.09}
{'loss': 0.3348, 'learning_rate': 3.106609019036721e-05, 'epoch': 7.09}
{'loss': 0.3431, 'learning_rate': 3.1022789451784044e-05, 'epoch': 7.09}
{'loss': 0.3466, 'learning_rate': 3.097948871320088e-05, 'epoch': 7.1}
{'loss': 0.3601, 'learning_rate': 3.0936187974617707e-05, 'epoch': 7.1}
{'loss': 0.3518, 'learning_rate': 3.089288723603454e-05, 'epoch': 7.11}
{'loss': 0.3695, 'learning_rate': 3.0849586497451376e-05, 'epoch': 7.11}
{'loss': 0.3548, 'learning_rate': 3.0806285758868204e-05, 'epoch': 7.11}
{'loss': 0.3596, 'learning_rate': 3.076298502028504e-05, 'epoch': 7.12}
{'loss': 0.3296, 'learning_rate': 3.071968428170186e-05, 'epoch': 7.12}
{'loss': 0.3591, 'learning_rate': 3.0676383543118695e-05, 'epoch': 7.13}
{'loss': 0.3592, 'learning_rate': 3.063308280453553e-05, 'epoch': 7.13}
{'loss': 0.3555, 'learning_rate': 3.058978206595235e-05, 'epoch': 7.13}
{'loss': 0.3385, 'learning_rate': 3.054648132736919e-05, 'epoch': 7.14}
{'loss': 0.3477, 'learning_rate': 3.0503180588786024e-05, 'epoch': 7.14}
{'loss': 0.3561, 'learning_rate': 3.0459879850202848e-05, 'epoch': 7.15}
{'loss': 0.3675, 'learning_rate': 3.041657911161968e-05, 'epoch': 7.15}
{'loss': 0.35, 'learning_rate': 3.0373278373036518e-05, 'epoch': 7.15}
{'loss': 0.3629, 'learning_rate': 3.0329977634453342e-05, 'epoch': 7.16}
{'loss': 0.3879, 'learning_rate': 3.0286676895870174e-05, 'epoch': 7.16}
{'loss': 0.3498, 'learning_rate': 3.0243376157287e-05, 'epoch': 7.17}
{'loss': 0.344, 'learning_rate': 3.020007541870384e-05, 'epoch': 7.17}
{'loss': 0.3396, 'learning_rate': 3.0157640694892335e-05, 'epoch': 7.17}
{'loss': 0.3307, 'learning_rate': 3.0114339956309163e-05, 'epoch': 7.18}
{'loss': 0.3725, 'learning_rate': 3.0071039217725994e-05, 'epoch': 7.18}
{'loss': 0.3562, 'learning_rate': 3.002773847914283e-05, 'epoch': 7.19}
{'loss': 0.3321, 'learning_rate': 2.9984437740559657e-05, 'epoch': 7.19}
{'loss': 0.3677, 'learning_rate': 2.9941137001976492e-05, 'epoch': 7.2}
{'loss': 0.3072, 'learning_rate': 2.9897836263393327e-05, 'epoch': 7.2}
{'loss': 0.3625, 'learning_rate': 2.985453552481015e-05, 'epoch': 7.2}
{'loss': 0.3611, 'learning_rate': 2.981123478622699e-05, 'epoch': 7.21}
{'loss': 0.3238, 'learning_rate': 2.976793404764382e-05, 'epoch': 7.21}
{'loss': 0.3406, 'learning_rate': 2.9724633309060645e-05, 'epoch': 7.22}
{'loss': 0.326, 'learning_rate': 2.9681332570477484e-05, 'epoch': 7.22}
{'loss': 0.3648, 'learning_rate': 2.96380318318943e-05, 'epoch': 7.22}
{'loss': 0.3731, 'learning_rate': 2.959473109331114e-05, 'epoch': 7.23}
{'loss': 0.3449, 'learning_rate': 2.9551430354727978e-05, 'epoch': 7.23}
{'loss': 0.3681, 'learning_rate': 2.95081296161448e-05, 'epoch': 7.24}
{'loss': 0.365, 'learning_rate': 2.9464828877561634e-05, 'epoch': 7.24}
{'loss': 0.3792, 'learning_rate': 2.9421528138978472e-05, 'epoch': 7.24}
{'loss': 0.3673, 'learning_rate': 2.9378227400395296e-05, 'epoch': 7.25}
{'loss': 0.3522, 'learning_rate': 2.9334926661812128e-05, 'epoch': 7.25}
{'loss': 0.3284, 'learning_rate': 2.9291625923228966e-05, 'epoch': 7.26}
{'loss': 0.3573, 'learning_rate': 2.924832518464579e-05, 'epoch': 7.26}
{'loss': 0.3236, 'learning_rate': 2.9205024446062622e-05, 'epoch': 7.26}
{'loss': 0.4006, 'learning_rate': 2.916172370747945e-05, 'epoch': 7.27}
{'loss': 0.3163, 'learning_rate': 2.9118422968896285e-05, 'epoch': 7.27}
{'loss': 0.3688, 'learning_rate': 2.907512223031312e-05, 'epoch': 7.28}
{'loss': 0.3661, 'learning_rate': 2.9031821491729944e-05, 'epoch': 7.28}
{'loss': 0.3363, 'learning_rate': 2.8988520753146782e-05, 'epoch': 7.28}
{'loss': 0.3587, 'learning_rate': 2.8945220014563617e-05, 'epoch': 7.29}
{'loss': 0.3752, 'learning_rate': 2.8901919275980438e-05, 'epoch': 7.29}
{'loss': 0.3631, 'learning_rate': 2.8858618537397276e-05, 'epoch': 7.3}
{'loss': 0.364, 'learning_rate': 2.881531779881411e-05, 'epoch': 7.3}
{'loss': 0.3636, 'learning_rate': 2.877201706023094e-05, 'epoch': 7.31}
{'loss': 0.3534, 'learning_rate': 2.872871632164777e-05, 'epoch': 7.31}
{'loss': 0.3647, 'learning_rate': 2.8685415583064595e-05, 'epoch': 7.31}
{'loss': 0.3458, 'learning_rate': 2.8642114844481426e-05, 'epoch': 7.32}
{'loss': 0.3535, 'learning_rate': 2.8598814105898264e-05, 'epoch': 7.32}
{'loss': 0.3417, 'learning_rate': 2.855551336731509e-05, 'epoch': 7.33}
{'loss': 0.3343, 'learning_rate': 2.851221262873192e-05, 'epoch': 7.33}
{'loss': 0.3658, 'learning_rate': 2.8468911890148765e-05, 'epoch': 7.33}
{'loss': 0.3504, 'learning_rate': 2.8425611151565583e-05, 'epoch': 7.34}
{'loss': 0.3725, 'learning_rate': 2.838231041298242e-05, 'epoch': 7.34}
{'loss': 0.3799, 'learning_rate': 2.833900967439926e-05, 'epoch': 7.35}
{'loss': 0.347, 'learning_rate': 2.8295708935816077e-05, 'epoch': 7.35}
{'loss': 0.3277, 'learning_rate': 2.8252408197232915e-05, 'epoch': 7.35}
{'loss': 0.3512, 'learning_rate': 2.8209107458649753e-05, 'epoch': 7.36}
{'loss': 0.3495, 'learning_rate': 2.8165806720066575e-05, 'epoch': 7.36}
{'loss': 0.3856, 'learning_rate': 2.812250598148341e-05, 'epoch': 7.37}
{'loss': 0.3479, 'learning_rate': 2.8079205242900237e-05, 'epoch': 7.37}
{'loss': 0.36, 'learning_rate': 2.803590450431707e-05, 'epoch': 7.37}
{'loss': 0.3463, 'learning_rate': 2.7992603765733904e-05, 'epoch': 7.38}
{'loss': 0.376, 'learning_rate': 2.794930302715073e-05, 'epoch': 7.38}
{'loss': 0.324, 'learning_rate': 2.7906002288567566e-05, 'epoch': 7.39}
{'loss': 0.3531, 'learning_rate': 2.7862701549984398e-05, 'epoch': 7.39}
{'loss': 0.369, 'learning_rate': 2.7819400811401226e-05, 'epoch': 7.39}
{'loss': 0.3575, 'learning_rate': 2.777610007281806e-05, 'epoch': 7.4}
{'loss': 0.3553, 'learning_rate': 2.7732799334234895e-05, 'epoch': 7.4}
{'loss': 0.3604, 'learning_rate': 2.768949859565172e-05, 'epoch': 7.41}
{'loss': 0.349, 'learning_rate': 2.7646197857068558e-05, 'epoch': 7.41}
{'loss': 0.348, 'learning_rate': 2.7602897118485376e-05, 'epoch': 7.42}
{'loss': 0.3339, 'learning_rate': 2.7559596379902214e-05, 'epoch': 7.42}
{'loss': 0.3674, 'learning_rate': 2.7516295641319052e-05, 'epoch': 7.42}
{'loss': 0.3534, 'learning_rate': 2.747299490273587e-05, 'epoch': 7.43}
{'loss': 0.344, 'learning_rate': 2.7429694164152708e-05, 'epoch': 7.43}
{'loss': 0.3664, 'learning_rate': 2.7386393425569546e-05, 'epoch': 7.44}
{'loss': 0.372, 'learning_rate': 2.734309268698637e-05, 'epoch': 7.44}
{'loss': 0.3663, 'learning_rate': 2.7299791948403202e-05, 'epoch': 7.44}
{'loss': 0.3301, 'learning_rate': 2.725649120982004e-05, 'epoch': 7.45}
{'loss': 0.3967, 'learning_rate': 2.7213190471236865e-05, 'epoch': 7.45}
{'loss': 0.3601, 'learning_rate': 2.7169889732653696e-05, 'epoch': 7.46}
{'loss': 0.3658, 'learning_rate': 2.7126588994070524e-05, 'epoch': 7.46}
{'loss': 0.3527, 'learning_rate': 2.708328825548736e-05, 'epoch': 7.46}
{'loss': 0.353, 'learning_rate': 2.703998751690419e-05, 'epoch': 7.47}
{'loss': 0.391, 'learning_rate': 2.6996686778321018e-05, 'epoch': 7.47}
{'loss': 0.3555, 'learning_rate': 2.6953386039737853e-05, 'epoch': 7.48}
{'loss': 0.3778, 'learning_rate': 2.691008530115469e-05, 'epoch': 7.48}
{'loss': 0.3368, 'learning_rate': 2.6866784562571512e-05, 'epoch': 7.48}
{'loss': 0.3667, 'learning_rate': 2.682348382398835e-05, 'epoch': 7.49}
{'loss': 0.3393, 'learning_rate': 2.6780183085405185e-05, 'epoch': 7.49}
{'loss': 0.3207, 'learning_rate': 2.6736882346822013e-05, 'epoch': 7.5}
{'loss': 0.3603, 'learning_rate': 2.669444762301051e-05, 'epoch': 7.5}
{'loss': 0.3607, 'learning_rate': 2.665114688442734e-05, 'epoch': 7.5}
{'loss': 0.4005, 'learning_rate': 2.6607846145844168e-05, 'epoch': 7.51}
{'loss': 0.3781, 'learning_rate': 2.6564545407261006e-05, 'epoch': 7.51}
{'loss': 0.361, 'learning_rate': 2.6521244668677824e-05, 'epoch': 7.52}
{'loss': 0.3612, 'learning_rate': 2.6477943930094662e-05, 'epoch': 7.52}
{'loss': 0.3508, 'learning_rate': 2.64346431915115e-05, 'epoch': 7.53}
{'loss': 0.3912, 'learning_rate': 2.6391342452928318e-05, 'epoch': 7.53}
{'loss': 0.346, 'learning_rate': 2.6348041714345156e-05, 'epoch': 7.53}
{'loss': 0.3613, 'learning_rate': 2.6304740975761994e-05, 'epoch': 7.54}
{'loss': 0.3635, 'learning_rate': 2.6261440237178815e-05, 'epoch': 7.54}
{'loss': 0.3524, 'learning_rate': 2.6218139498595657e-05, 'epoch': 7.55}
{'loss': 0.3614, 'learning_rate': 2.617483876001249e-05, 'epoch': 7.55}
{'loss': 0.3529, 'learning_rate': 2.6131538021429313e-05, 'epoch': 7.55}
{'loss': 0.367, 'learning_rate': 2.6088237282846144e-05, 'epoch': 7.56}
{'loss': 0.3569, 'learning_rate': 2.6044936544262972e-05, 'epoch': 7.56}
{'loss': 0.3457, 'learning_rate': 2.6001635805679807e-05, 'epoch': 7.57}
{'loss': 0.3668, 'learning_rate': 2.595833506709664e-05, 'epoch': 7.57}
{'loss': 0.3707, 'learning_rate': 2.5915034328513466e-05, 'epoch': 7.57}
{'loss': 0.343, 'learning_rate': 2.58717335899303e-05, 'epoch': 7.58}
{'loss': 0.3426, 'learning_rate': 2.5828432851347132e-05, 'epoch': 7.58}
{'loss': 0.383, 'learning_rate': 2.578513211276396e-05, 'epoch': 7.59}
{'loss': 0.3417, 'learning_rate': 2.57418313741808e-05, 'epoch': 7.59}
{'loss': 0.3497, 'learning_rate': 2.5698530635597633e-05, 'epoch': 7.59}
{'loss': 0.3243, 'learning_rate': 2.565522989701446e-05, 'epoch': 7.6}
{'loss': 0.3587, 'learning_rate': 2.5611929158431293e-05, 'epoch': 7.6}
{'loss': 0.3591, 'learning_rate': 2.5568628419848127e-05, 'epoch': 7.61}
{'loss': 0.3557, 'learning_rate': 2.5525327681264955e-05, 'epoch': 7.61}
{'loss': 0.346, 'learning_rate': 2.5482026942681787e-05, 'epoch': 7.61}
{'loss': 0.3656, 'learning_rate': 2.543872620409861e-05, 'epoch': 7.62}
{'loss': 0.3578, 'learning_rate': 2.539542546551545e-05, 'epoch': 7.62}
{'loss': 0.3862, 'learning_rate': 2.535212472693228e-05, 'epoch': 7.63}
{'loss': 0.3386, 'learning_rate': 2.5308823988349106e-05, 'epoch': 7.63}
{'loss': 0.3705, 'learning_rate': 2.5265523249765937e-05, 'epoch': 7.64}
{'loss': 0.3634, 'learning_rate': 2.5222222511182782e-05, 'epoch': 7.64}
{'loss': 0.333, 'learning_rate': 2.51789217725996e-05, 'epoch': 7.64}
{'loss': 0.3419, 'learning_rate': 2.5135621034016438e-05, 'epoch': 7.65}
{'loss': 0.3635, 'learning_rate': 2.5092320295433276e-05, 'epoch': 7.65}
{'loss': 0.3415, 'learning_rate': 2.5049019556850094e-05, 'epoch': 7.66}
{'loss': 0.3545, 'learning_rate': 2.5005718818266932e-05, 'epoch': 7.66}
{'loss': 0.341, 'learning_rate': 2.4962418079683756e-05, 'epoch': 7.66}
{'loss': 0.3595, 'learning_rate': 2.4919983355872255e-05, 'epoch': 7.67}
{'loss': 0.3864, 'learning_rate': 2.487668261728909e-05, 'epoch': 7.67}
{'loss': 0.323, 'learning_rate': 2.4833381878705915e-05, 'epoch': 7.68}
{'loss': 0.3622, 'learning_rate': 2.479008114012275e-05, 'epoch': 7.68}
{'loss': 0.3349, 'learning_rate': 2.4746780401539584e-05, 'epoch': 7.68}
{'loss': 0.3831, 'learning_rate': 2.470347966295641e-05, 'epoch': 7.69}
{'loss': 0.4038, 'learning_rate': 2.4660178924373243e-05, 'epoch': 7.69}
{'loss': 0.3707, 'learning_rate': 2.461687818579008e-05, 'epoch': 7.7}
{'loss': 0.3884, 'learning_rate': 2.4573577447206903e-05, 'epoch': 7.7}
{'loss': 0.3288, 'learning_rate': 2.453027670862374e-05, 'epoch': 7.7}
{'loss': 0.3501, 'learning_rate': 2.4486975970040576e-05, 'epoch': 7.71}
{'loss': 0.3361, 'learning_rate': 2.44436752314574e-05, 'epoch': 7.71}
{'loss': 0.3714, 'learning_rate': 2.4400374492874235e-05, 'epoch': 7.72}
{'loss': 0.3753, 'learning_rate': 2.435707375429106e-05, 'epoch': 7.72}
{'loss': 0.345, 'learning_rate': 2.4313773015707894e-05, 'epoch': 7.72}
{'loss': 0.3273, 'learning_rate': 2.427047227712473e-05, 'epoch': 7.73}
{'loss': 0.3635, 'learning_rate': 2.4227171538541554e-05, 'epoch': 7.73}
{'loss': 0.3127, 'learning_rate': 2.418387079995839e-05, 'epoch': 7.74}
{'loss': 0.3761, 'learning_rate': 2.4140570061375223e-05, 'epoch': 7.74}
{'loss': 0.363, 'learning_rate': 2.4097269322792048e-05, 'epoch': 7.75}
{'loss': 0.3628, 'learning_rate': 2.4053968584208886e-05, 'epoch': 7.75}
{'loss': 0.3657, 'learning_rate': 2.401066784562572e-05, 'epoch': 7.75}
{'loss': 0.3373, 'learning_rate': 2.3967367107042545e-05, 'epoch': 7.76}
{'loss': 0.3586, 'learning_rate': 2.392406636845938e-05, 'epoch': 7.76}
{'loss': 0.3504, 'learning_rate': 2.3880765629876205e-05, 'epoch': 7.77}
{'loss': 0.3364, 'learning_rate': 2.383746489129304e-05, 'epoch': 7.77}
{'loss': 0.3658, 'learning_rate': 2.3794164152709874e-05, 'epoch': 7.77}
{'loss': 0.3812, 'learning_rate': 2.37508634141267e-05, 'epoch': 7.78}
{'loss': 0.3687, 'learning_rate': 2.3707562675543533e-05, 'epoch': 7.78}
{'loss': 0.3368, 'learning_rate': 2.3664261936960368e-05, 'epoch': 7.79}
{'loss': 0.3553, 'learning_rate': 2.3620961198377193e-05, 'epoch': 7.79}
{'loss': 0.3163, 'learning_rate': 2.3577660459794028e-05, 'epoch': 7.79}
{'loss': 0.3498, 'learning_rate': 2.3534359721210866e-05, 'epoch': 7.8}
{'loss': 0.3669, 'learning_rate': 2.349105898262769e-05, 'epoch': 7.8}
{'loss': 0.3583, 'learning_rate': 2.3447758244044525e-05, 'epoch': 7.81}
{'loss': 0.3719, 'learning_rate': 2.340445750546135e-05, 'epoch': 7.81}
{'loss': 0.3472, 'learning_rate': 2.3361156766878184e-05, 'epoch': 7.81}
{'loss': 0.3269, 'learning_rate': 2.331785602829502e-05, 'epoch': 7.82}
{'loss': 0.3538, 'learning_rate': 2.3274555289711844e-05, 'epoch': 7.82}
{'loss': 0.3617, 'learning_rate': 2.323125455112868e-05, 'epoch': 7.83}
{'loss': 0.384, 'learning_rate': 2.3188819827317177e-05, 'epoch': 7.83}
{'loss': 0.3541, 'learning_rate': 2.3145519088734002e-05, 'epoch': 7.83}
{'loss': 0.349, 'learning_rate': 2.3102218350150837e-05, 'epoch': 7.84}
{'loss': 0.3532, 'learning_rate': 2.305891761156767e-05, 'epoch': 7.84}
{'loss': 0.336, 'learning_rate': 2.3015616872984496e-05, 'epoch': 7.85}
{'loss': 0.3448, 'learning_rate': 2.297231613440133e-05, 'epoch': 7.85}
{'loss': 0.3457, 'learning_rate': 2.292901539581817e-05, 'epoch': 7.86}
{'loss': 0.3694, 'learning_rate': 2.2885714657234993e-05, 'epoch': 7.86}
{'loss': 0.3558, 'learning_rate': 2.2842413918651828e-05, 'epoch': 7.86}
{'loss': 0.3799, 'learning_rate': 2.2799113180068653e-05, 'epoch': 7.87}
{'loss': 0.3631, 'learning_rate': 2.2755812441485488e-05, 'epoch': 7.87}
{'loss': 0.3297, 'learning_rate': 2.2712511702902322e-05, 'epoch': 7.88}
{'loss': 0.3941, 'learning_rate': 2.2669210964319147e-05, 'epoch': 7.88}
{'loss': 0.3337, 'learning_rate': 2.262591022573598e-05, 'epoch': 7.88}
{'loss': 0.3379, 'learning_rate': 2.2582609487152816e-05, 'epoch': 7.89}
{'loss': 0.3291, 'learning_rate': 2.253930874856964e-05, 'epoch': 7.89}
{'loss': 0.3475, 'learning_rate': 2.2496008009986476e-05, 'epoch': 7.9}
{'loss': 0.3509, 'learning_rate': 2.2452707271403314e-05, 'epoch': 7.9}
{'loss': 0.3602, 'learning_rate': 2.2409406532820135e-05, 'epoch': 7.9}
{'loss': 0.3351, 'learning_rate': 2.2366105794236973e-05, 'epoch': 7.91}
{'loss': 0.3665, 'learning_rate': 2.2322805055653798e-05, 'epoch': 7.91}
{'loss': 0.3574, 'learning_rate': 2.2279504317070633e-05, 'epoch': 7.92}
{'loss': 0.3226, 'learning_rate': 2.2236203578487467e-05, 'epoch': 7.92}
{'loss': 0.349, 'learning_rate': 2.2192902839904292e-05, 'epoch': 7.92}
{'loss': 0.3604, 'learning_rate': 2.2149602101321127e-05, 'epoch': 7.93}
{'loss': 0.3467, 'learning_rate': 2.210630136273796e-05, 'epoch': 7.93}
{'loss': 0.3636, 'learning_rate': 2.2063000624154786e-05, 'epoch': 7.94}
{'loss': 0.3619, 'learning_rate': 2.201969988557162e-05, 'epoch': 7.94}
{'loss': 0.353, 'learning_rate': 2.1976399146988456e-05, 'epoch': 7.94}
{'loss': 0.3708, 'learning_rate': 2.193309840840528e-05, 'epoch': 7.95}
{'loss': 0.3471, 'learning_rate': 2.1889797669822118e-05, 'epoch': 7.95}
{'loss': 0.3481, 'learning_rate': 2.1846496931238953e-05, 'epoch': 7.96}
{'loss': 0.3492, 'learning_rate': 2.1803196192655778e-05, 'epoch': 7.96}
{'loss': 0.3563, 'learning_rate': 2.1759895454072612e-05, 'epoch': 7.97}
{'loss': 0.3382, 'learning_rate': 2.1716594715489437e-05, 'epoch': 7.97}
{'loss': 0.332, 'learning_rate': 2.1673293976906272e-05, 'epoch': 7.97}
{'loss': 0.3649, 'learning_rate': 2.1629993238323106e-05, 'epoch': 7.98}
{'loss': 0.348, 'learning_rate': 2.158669249973993e-05, 'epoch': 7.98}
{'loss': 0.3767, 'learning_rate': 2.1543391761156766e-05, 'epoch': 7.99}
{'loss': 0.335, 'learning_rate': 2.15000910225736e-05, 'epoch': 7.99}
{'loss': 0.3554, 'learning_rate': 2.145765629876209e-05, 'epoch': 7.99}
{'loss': 0.3639, 'learning_rate': 2.1414355560178924e-05, 'epoch': 8.0}
[INFO|trainer.py:520] 2026-10-04 16:22:53,975 >> The following columns in the evaluation set  don't have a corresponding argument in `PETLEncModel.forward` and have been ignored: idx, hypothesis, premise.
[INFO|trainer.py:2179] 2026-10-04 16:22:53,977 >> ***** Running Evaluation *****
[INFO|trainer.py:2181] 2026-10-04 16:22:53,977 >>   Num examples = 9815
[INFO|trainer.py:2184] 2026-10-04 16:22:53,977 >>   Batch size = 32
{'eval_loss': 0.35415953397750854, 'eval_accuracy': 0.8724401426388181, 'eval_runtime': 15.6512, 'eval_samples_per_second': 627.11, 'eval_steps_per_second': 19.615, 'epoch': 8.0}
[INFO|trainer.py:1933] 2026-10-04 16:23:09,629 >> Saving model checkpoint to checkpoints/glue/mnli/20261004/glue.mnli.mam.am_prefix.ao_concat.fm_adapter.fo_parallel.abn.fbn.ac_add.fl_none.finit_lora.fs_2.unfrz_ef_.ne10.warm0.06.wd0.1.seed4./checkpoint-98176
[INFO|configuration_utils.py:364] 2026-10-04 16:23:09,630 >> Configuration saved in checkpoints/glue/mnli/20261004/glue.mnli.mam.am_prefix.ao_concat.fm_adapter.fo_parallel.abn.fbn.ac_add.fl_none.finit_lora.fs_2.unfrz_ef_.ne10.warm0.06.wd0.1.seed4./checkpoint-98176/config.json
[INFO|modeling_utils.py:898] 2026-10-04 16:23:09,975 >> Model weights saved in checkpoints/glue/mnli/20261004/glue.mnli.mam.am_prefix.ao_concat.fm_adapter.fo_parallel.abn.fbn.ac_add.fl_none.finit_lora.fs_2.unfrz_ef_.ne10.warm0.06.wd0.1.seed4./checkpoint-98176/pytorch_model.bin
[INFO|tokenization_utils_base.py:1948] 2026-10-04 16:23:09,976 >> tokenizer config file saved in checkpoints/glue/mnli/20261004/glue.mnli.mam.am_prefix.ao_concat.fm_adapter.fo_parallel.abn.fbn.ac_add.fl_none.finit_lora.fs_2.unfrz_ef_.ne10.warm0.06.wd0.1.seed4./checkpoint-98176/tokenizer_config.json
[INFO|tokenization_utils_base.py:1954] 2026-10-04 16:23:09,976 >> Special tokens file saved in checkpoints/glue/mnli/20261004/glue.mnli.mam.am_prefix.ao_concat.fm_adapter.fo_parallel.abn.fbn.ac_add.fl_none.finit_lora.fs_2.unfrz_ef_.ne10.warm0.06.wd0.1.seed4./checkpoint-98176/special_tokens_map.json
[INFO|trainer.py:2009] 2026-10-04 16:23:10,104 >> Deleting older checkpoint [checkpoints/glue/mnli/20261004/glue.mnli.mam.am_prefix.ao_concat.fm_adapter.fo_parallel.abn.fbn.ac_add.fl_none.finit_lora.fs_2.unfrz_ef_.ne10.warm0.06.wd0.1.seed4./checkpoint-73632] due to args.save_total_limit
/work/unify-parameter-efficient-tuning/src/transformers/trainer.py:1784: FutureWarning: `torch.cuda.amp.autocast(args...)` is deprecated. Please use `torch.amp.autocast('cuda', args...)` instead.
  with autocast():
{'loss': 0.3544, 'learning_rate': 2.137105482159576e-05, 'epoch': 8.0}
{'loss': 0.3483, 'learning_rate': 2.1327754083012583e-05, 'epoch': 8.01}
{'loss': 0.336, 'learning_rate': 2.1284453344429418e-05, 'epoch': 8.01}
{'loss': 0.3384, 'learning_rate': 2.1241152605846243e-05, 'epoch': 8.01}
{'loss': 0.3, 'learning_rate': 2.119785186726308e-05, 'epoch': 8.02}
{'loss': 0.328, 'learning_rate': 2.1154551128679915e-05, 'epoch': 8.02}
{'loss': 0.3394, 'learning_rate': 2.111125039009674e-05, 'epoch': 8.03}
{'loss': 0.3342, 'learning_rate': 2.1067949651513575e-05, 'epoch': 8.03}
{'loss': 0.3687, 'learning_rate': 2.102464891293041e-05, 'epoch': 8.03}
{'loss': 0.3562, 'learning_rate': 2.0981348174347234e-05, 'epoch': 8.04}
{'loss': 0.3282, 'learning_rate': 2.093804743576407e-05, 'epoch': 8.04}
{'loss': 0.3694, 'learning_rate': 2.0894746697180904e-05, 'epoch': 8.05}
{'loss': 0.3528, 'learning_rate': 2.0851445958597728e-05, 'epoch': 8.05}
{'loss': 0.343, 'learning_rate': 2.0808145220014563e-05, 'epoch': 8.05}
{'loss': 0.3536, 'learning_rate': 2.07648444814314e-05, 'epoch': 8.06}
{'loss': 0.3566, 'learning_rate': 2.0721543742848222e-05, 'epoch': 8.06}
{'loss': 0.3379, 'learning_rate': 2.067824300426506e-05, 'epoch': 8.07}
{'loss': 0.327, 'learning_rate': 2.0634942265681885e-05, 'epoch': 8.07}
{'loss': 0.3606, 'learning_rate': 2.059164152709872e-05, 'epoch': 8.08}
{'loss': 0.3366, 'learning_rate': 2.0548340788515555e-05, 'epoch': 8.08}
{'loss': 0.3051, 'learning_rate': 2.050504004993238e-05, 'epoch': 8.08}
{'loss': 0.346, 'learning_rate': 2.0461739311349214e-05, 'epoch': 8.09}
{'loss': 0.3285, 'learning_rate': 2.041843857276605e-05, 'epoch': 8.09}
{'loss': 0.3657, 'learning_rate': 2.0375137834182873e-05, 'epoch': 8.1}
{'loss': 0.3187, 'learning_rate': 2.0331837095599708e-05, 'epoch': 8.1}
{'loss': 0.3717, 'learning_rate': 2.0288536357016546e-05, 'epoch': 8.1}
{'loss': 0.3612, 'learning_rate': 2.0245235618433367e-05, 'epoch': 8.11}
{'loss': 0.3707, 'learning_rate': 2.0201934879850206e-05, 'epoch': 8.11}
{'loss': 0.3563, 'learning_rate': 2.015863414126703e-05, 'epoch': 8.12}
{'loss': 0.3253, 'learning_rate': 2.0115333402683865e-05, 'epoch': 8.12}
{'loss': 0.3276, 'learning_rate': 2.00720326641007e-05, 'epoch': 8.12}
{'loss': 0.3356, 'learning_rate': 2.0028731925517524e-05, 'epoch': 8.13}
{'loss': 0.3219, 'learning_rate': 1.998543118693436e-05, 'epoch': 8.13}
{'loss': 0.327, 'learning_rate': 1.9942130448351194e-05, 'epoch': 8.14}
{'loss': 0.3704, 'learning_rate': 1.989882970976802e-05, 'epoch': 8.14}
{'loss': 0.3574, 'learning_rate': 1.9855528971184853e-05, 'epoch': 8.14}
{'loss': 0.3534, 'learning_rate': 1.9812228232601688e-05, 'epoch': 8.15}
{'loss': 0.3565, 'learning_rate': 1.9768927494018512e-05, 'epoch': 8.15}
{'loss': 0.3809, 'learning_rate': 1.972649277020701e-05, 'epoch': 8.16}
{'loss': 0.3679, 'learning_rate': 1.9683192031623846e-05, 'epoch': 8.16}
{'loss': 0.3606, 'learning_rate': 1.963989129304067e-05, 'epoch': 8.16}
{'loss': 0.3489, 'learning_rate': 1.959659055445751e-05, 'epoch': 8.17}
{'loss': 0.3689, 'learning_rate': 1.955328981587433e-05, 'epoch': 8.17}
{'loss': 0.3536, 'learning_rate': 1.9509989077291168e-05, 'epoch': 8.18}
{'loss': 0.3358, 'learning_rate': 1.9466688338708003e-05, 'epoch': 8.18}
{'loss': 0.3688, 'learning_rate': 1.9423387600124827e-05, 'epoch': 8.19}
{'loss': 0.3646, 'learning_rate': 1.9380086861541662e-05, 'epoch': 8.19}
{'loss': 0.3517, 'learning_rate': 1.9336786122958497e-05, 'epoch': 8.19}
{'loss': 0.3171, 'learning_rate': 1.929348538437532e-05, 'epoch': 8.2}
{'loss': 0.3166, 'learning_rate': 1.9250184645792156e-05, 'epoch': 8.2}
{'loss': 0.3365, 'learning_rate': 1.920688390720899e-05, 'epoch': 8.21}
{'loss': 0.3252, 'learning_rate': 1.9163583168625816e-05, 'epoch': 8.21}
{'loss': 0.3517, 'learning_rate': 1.912028243004265e-05, 'epoch': 8.21}
{'loss': 0.352, 'learning_rate': 1.9076981691459475e-05, 'epoch': 8.22}
{'loss': 0.3341, 'learning_rate': 1.9033680952876313e-05, 'epoch': 8.22}
{'loss': 0.3411, 'learning_rate': 1.8990380214293148e-05, 'epoch': 8.23}
{'loss': 0.3413, 'learning_rate': 1.8947079475709972e-05, 'epoch': 8.23}
{'loss': 0.3186, 'learning_rate': 1.8903778737126807e-05, 'epoch': 8.23}
{'loss': 0.3515, 'learning_rate': 1.8860477998543642e-05, 'epoch': 8.24}
{'loss': 0.3372, 'learning_rate': 1.8817177259960467e-05, 'epoch': 8.24}
{'loss': 0.3794, 'learning_rate': 1.87738765213773e-05, 'epoch': 8.25}
{'loss': 0.3467, 'learning_rate': 1.8730575782794136e-05, 'epoch': 8.25}
{'loss': 0.3335, 'learning_rate': 1.868727504421096e-05, 'epoch': 8.25}
{'loss': 0.3723, 'learning_rate': 1.8643974305627795e-05, 'epoch': 8.26}
{'loss': 0.3211, 'learning_rate': 1.8600673567044634e-05, 'epoch': 8.26}
{'loss': 0.3586, 'learning_rate': 1.8557372828461455e-05, 'epoch': 8.27}
{'loss': 0.332, 'learning_rate': 1.8514072089878293e-05, 'epoch': 8.27}
{'loss': 0.3575, 'learning_rate': 1.8470771351295117e-05, 'epoch': 8.27}
{'loss': 0.3217, 'learning_rate': 1.8427470612711952e-05, 'epoch': 8.28}
{'loss': 0.3407, 'learning_rate': 1.8384169874128787e-05, 'epoch': 8.28}
{'loss': 0.3631, 'learning_rate': 1.834086913554561e-05, 'epoch': 8.29}
{'loss': 0.3387, 'learning_rate': 1.8297568396962446e-05, 'epoch': 8.29}
{'loss': 0.3463, 'learning_rate': 1.825426765837928e-05, 'epoch': 8.3}
{'loss': 0.3645, 'learning_rate': 1.8210966919796106e-05, 'epoch': 8.3}
{'loss': 0.3369, 'learning_rate': 1.816766618121294e-05, 'epoch': 8.3}
{'loss': 0.3594, 'learning_rate': 1.8124365442629775e-05, 'epoch': 8.31}
{'loss': 0.3682, 'learning_rate': 1.80810647040466e-05, 'epoch': 8.31}
{'loss': 0.3522, 'learning_rate': 1.8037763965463438e-05, 'epoch': 8.32}
{'loss': 0.3483, 'learning_rate': 1.799446322688026e-05, 'epoch': 8.32}
{'loss': 0.348, 'learning_rate': 1.7952028503068758e-05, 'epoch': 8.32}
{'loss': 0.3299, 'learning_rate': 1.7908727764485596e-05, 'epoch': 8.33}
{'loss': 0.3533, 'learning_rate': 1.7865427025902417e-05, 'epoch': 8.33}
{'loss': 0.3452, 'learning_rate': 1.7822126287319255e-05, 'epoch': 8.34}
{'loss': 0.3393, 'learning_rate': 1.777882554873609e-05, 'epoch': 8.34}
{'loss': 0.3521, 'learning_rate': 1.7735524810152915e-05, 'epoch': 8.34}
{'loss': 0.3587, 'learning_rate': 1.769222407156975e-05, 'epoch': 8.35}
{'loss': 0.3383, 'learning_rate': 1.7648923332986584e-05, 'epoch': 8.35}
{'loss': 0.343, 'learning_rate': 1.760562259440341e-05, 'epoch': 8.36}
{'loss': 0.3544, 'learning_rate': 1.7562321855820244e-05, 'epoch': 8.36}
{'loss': 0.3364, 'learning_rate': 1.751902111723708e-05, 'epoch': 8.36}
{'loss': 0.3439, 'learning_rate': 1.7475720378653903e-05, 'epoch': 8.37}
{'loss': 0.3853, 'learning_rate': 1.743241964007074e-05, 'epoch': 8.37}
{'loss': 0.3409, 'learning_rate': 1.7389118901487562e-05, 'epoch': 8.38}
{'loss': 0.3234, 'learning_rate': 1.73458181629044e-05, 'epoch': 8.38}
{'loss': 0.3529, 'learning_rate': 1.7302517424321235e-05, 'epoch': 8.38}
{'loss': 0.3369, 'learning_rate': 1.725921668573806e-05, 'epoch': 8.39}
{'loss': 0.352, 'learning_rate': 1.7215915947154895e-05, 'epoch': 8.39}
{'loss': 0.3398, 'learning_rate': 1.717261520857173e-05, 'epoch': 8.4}
{'loss': 0.3432, 'learning_rate': 1.7129314469988554e-05, 'epoch': 8.4}
{'loss': 0.3521, 'learning_rate': 1.708601373140539e-05, 'epoch': 8.41}
{'loss': 0.3608, 'learning_rate': 1.7042712992822223e-05, 'epoch': 8.41}
{'loss': 0.3416, 'learning_rate': 1.6999412254239048e-05, 'epoch': 8.41}
{'loss': 0.3435, 'learning_rate': 1.6956111515655883e-05, 'epoch': 8.42}
{'loss': 0.3318, 'learning_rate': 1.6912810777072707e-05, 'epoch': 8.42}
{'loss': 0.3444, 'learning_rate': 1.6869510038489545e-05, 'epoch': 8.43}
{'loss': 0.3138, 'learning_rate': 1.682620929990638e-05, 'epoch': 8.43}
{'loss': 0.3761, 'learning_rate': 1.6782908561323205e-05, 'epoch': 8.43}
{'loss': 0.3567, 'learning_rate': 1.673960782274004e-05, 'epoch': 8.44}
{'loss': 0.3471, 'learning_rate': 1.6696307084156874e-05, 'epoch': 8.44}
{'loss': 0.341, 'learning_rate': 1.66530063455737e-05, 'epoch': 8.45}
{'loss': 0.3415, 'learning_rate': 1.6609705606990534e-05, 'epoch': 8.45}
{'loss': 0.3446, 'learning_rate': 1.656640486840737e-05, 'epoch': 8.45}
{'loss': 0.3429, 'learning_rate': 1.6523104129824193e-05, 'epoch': 8.46}
{'loss': 0.3735, 'learning_rate': 1.6479803391241028e-05, 'epoch': 8.46}
{'loss': 0.3274, 'learning_rate': 1.6436502652657852e-05, 'epoch': 8.47}
{'loss': 0.3354, 'learning_rate': 1.6393201914074687e-05, 'epoch': 8.47}
{'loss': 0.3135, 'learning_rate': 1.6349901175491525e-05, 'epoch': 8.47}
{'loss': 0.346, 'learning_rate': 1.630660043690835e-05, 'epoch': 8.48}
{'loss': 0.3448, 'learning_rate': 1.6263299698325185e-05, 'epoch': 8.48}
{'loss': 0.3691, 'learning_rate': 1.6220864974513683e-05, 'epoch': 8.49}
{'loss': 0.3434, 'learning_rate': 1.6177564235930508e-05, 'epoch': 8.49}
{'loss': 0.3359, 'learning_rate': 1.6134263497347343e-05, 'epoch': 8.49}
{'loss': 0.3472, 'learning_rate': 1.6090962758764177e-05, 'epoch': 8.5}
{'loss': 0.3203, 'learning_rate': 1.6047662020181002e-05, 'epoch': 8.5}
{'loss': 0.3625, 'learning_rate': 1.6004361281597837e-05, 'epoch': 8.51}
{'loss': 0.33, 'learning_rate': 1.596106054301467e-05, 'epoch': 8.51}
{'loss': 0.357, 'learning_rate': 1.5917759804431496e-05, 'epoch': 8.52}
{'loss': 0.3852, 'learning_rate': 1.587445906584833e-05, 'epoch': 8.52}
{'loss': 0.3618, 'learning_rate': 1.5831158327265155e-05, 'epoch': 8.52}
{'loss': 0.3503, 'learning_rate': 1.578785758868199e-05, 'epoch': 8.53}
{'loss': 0.3392, 'learning_rate': 1.574455685009883e-05, 'epoch': 8.53}
{'loss': 0.3621, 'learning_rate': 1.570125611151565e-05, 'epoch': 8.54}
{'loss': 0.3199, 'learning_rate': 1.5657955372932488e-05, 'epoch': 8.54}
{'loss': 0.3707, 'learning_rate': 1.5614654634349322e-05, 'epoch': 8.54}
{'loss': 0.3365, 'learning_rate': 1.5571353895766147e-05, 'epoch': 8.55}
{'loss': 0.347, 'learning_rate': 1.5528053157182982e-05, 'epoch': 8.55}
{'loss': 0.3314, 'learning_rate': 1.5484752418599817e-05, 'epoch': 8.56}
{'loss': 0.3441, 'learning_rate': 1.544145168001664e-05, 'epoch': 8.56}
{'loss': 0.343, 'learning_rate': 1.5398150941433476e-05, 'epoch': 8.56}
{'loss': 0.3398, 'learning_rate': 1.53548502028503e-05, 'epoch': 8.57}
{'loss': 0.3557, 'learning_rate': 1.531154946426714e-05, 'epoch': 8.57}
{'loss': 0.3343, 'learning_rate': 1.5268248725683973e-05, 'epoch': 8.58}
{'loss': 0.3528, 'learning_rate': 1.5224947987100798e-05, 'epoch': 8.58}
{'loss': 0.3222, 'learning_rate': 1.5181647248517633e-05, 'epoch': 8.58}
{'loss': 0.3466, 'learning_rate': 1.5139212524706131e-05, 'epoch': 8.59}
{'loss': 0.3287, 'learning_rate': 1.5095911786122958e-05, 'epoch': 8.59}
{'loss': 0.3347, 'learning_rate': 1.505261104753979e-05, 'epoch': 8.6}
{'loss': 0.3248, 'learning_rate': 1.5009310308956629e-05, 'epoch': 8.6}
{'loss': 0.3538, 'learning_rate': 1.4966009570373452e-05, 'epoch': 8.6}
{'loss': 0.3763, 'learning_rate': 1.4922708831790285e-05, 'epoch': 8.61}
{'loss': 0.3814, 'learning_rate': 1.487940809320712e-05, 'epoch': 8.61}
{'loss': 0.3807, 'learning_rate': 1.4836107354623946e-05, 'epoch': 8.62}
{'loss': 0.356, 'learning_rate': 1.479280661604078e-05, 'epoch': 8.62}
{'loss': 0.3407, 'learning_rate': 1.4749505877457605e-05, 'epoch': 8.63}
{'loss': 0.3732, 'learning_rate': 1.470620513887444e-05, 'epoch': 8.63}
{'loss': 0.3411, 'learning_rate': 1.4662904400291278e-05, 'epoch': 8.63}
{'loss': 0.3221, 'learning_rate': 1.4619603661708101e-05, 'epoch': 8.64}
{'loss': 0.3422, 'learning_rate': 1.4576302923124934e-05, 'epoch': 8.64}
{'loss': 0.3476, 'learning_rate': 1.4533002184541772e-05, 'epoch': 8.65}
{'loss': 0.3308, 'learning_rate': 1.4489701445958595e-05, 'epoch': 8.65}
{'loss': 0.3431, 'learning_rate': 1.4446400707375432e-05, 'epoch': 8.65}
{'loss': 0.3318, 'learning_rate': 1.4403099968792266e-05, 'epoch': 8.66}
{'loss': 0.3349, 'learning_rate': 1.4359799230209093e-05, 'epoch': 8.66}
{'loss': 0.3877, 'learning_rate': 1.4316498491625926e-05, 'epoch': 8.67}
{'loss': 0.3434, 'learning_rate': 1.427319775304275e-05, 'epoch': 8.67}
{'loss': 0.3724, 'learning_rate': 1.4229897014459583e-05, 'epoch': 8.67}
{'loss': 0.3253, 'learning_rate': 1.4186596275876422e-05, 'epoch': 8.68}
{'loss': 0.3334, 'learning_rate': 1.4143295537293246e-05, 'epoch': 8.68}
{'loss': 0.3133, 'learning_rate': 1.4099994798710081e-05, 'epoch': 8.69}
{'loss': 0.3576, 'learning_rate': 1.4056694060126916e-05, 'epoch': 8.69}
{'loss': 0.3361, 'learning_rate': 1.4013393321543742e-05, 'epoch': 8.69}
{'loss': 0.3354, 'learning_rate': 1.3970092582960575e-05, 'epoch': 8.7}
{'loss': 0.3787, 'learning_rate': 1.3926791844377413e-05, 'epoch': 8.7}
{'loss': 0.3713, 'learning_rate': 1.3883491105794236e-05, 'epoch': 8.71}
{'loss': 0.3701, 'learning_rate': 1.384019036721107e-05, 'epoch': 8.71}
{'loss': 0.331, 'learning_rate': 1.3796889628627904e-05, 'epoch': 8.71}
{'loss': 0.3355, 'learning_rate': 1.375358889004473e-05, 'epoch': 8.72}
{'loss': 0.3608, 'learning_rate': 1.3710288151461567e-05, 'epoch': 8.72}
{'loss': 0.324, 'learning_rate': 1.366698741287839e-05, 'epoch': 8.73}
{'loss': 0.3478, 'learning_rate': 1.3623686674295224e-05, 'epoch': 8.73}
{'loss': 0.3457, 'learning_rate': 1.3580385935712062e-05, 'epoch': 8.74}
{'loss': 0.3592, 'learning_rate': 1.3537085197128885e-05, 'epoch': 8.74}
{'loss': 0.3405, 'learning_rate': 1.3493784458545718e-05, 'epoch': 8.74}
{'loss': 0.3561, 'learning_rate': 1.3450483719962557e-05, 'epoch': 8.75}
{'loss': 0.3211, 'learning_rate': 1.340718298137938e-05, 'epoch': 8.75}
{'loss': 0.34, 'learning_rate': 1.3363882242796216e-05, 'epoch': 8.76}
{'loss': 0.3514, 'learning_rate': 1.332058150421305e-05, 'epoch': 8.76}
{'loss': 0.3479, 'learning_rate': 1.3277280765629877e-05, 'epoch': 8.76}
{'loss': 0.3458, 'learning_rate': 1.323398002704671e-05, 'epoch': 8.77}
{'loss': 0.3545, 'learning_rate': 1.3190679288463535e-05, 'epoch': 8.77}
{'loss': 0.3609, 'learning_rate': 1.3147378549880371e-05, 'epoch': 8.78}
{'loss': 0.3353, 'learning_rate': 1.3104077811297206e-05, 'epoch': 8.78}
{'loss': 0.3415, 'learning_rate': 1.306077707271403e-05, 'epoch': 8.78}
{'loss': 0.3645, 'learning_rate': 1.3017476334130865e-05, 'epoch': 8.79}
{'loss': 0.34, 'learning_rate': 1.29741755955477e-05, 'epoch': 8.79}
{'loss': 0.3033, 'learning_rate': 1.2930874856964526e-05, 'epoch': 8.8}
{'loss': 0.3257, 'learning_rate': 1.288757411838136e-05, 'epoch': 8.8}
{'loss': 0.3484, 'learning_rate': 1.2844273379798197e-05, 'epoch': 8.8}
{'loss': 0.3583, 'learning_rate': 1.280097264121502e-05, 'epoch': 8.81}
{'loss': 0.3231, 'learning_rate': 1.2757671902631855e-05, 'epoch': 8.81}
{'loss': 0.3415, 'learning_rate': 1.271437116404868e-05, 'epoch': 8.82}
{'loss': 0.3728, 'learning_rate': 1.2671070425465514e-05, 'epoch': 8.82}
{'loss': 0.3151, 'learning_rate': 1.262776968688235e-05, 'epoch': 8.82}
{'loss': 0.3435, 'learning_rate': 1.2584468948299175e-05, 'epoch': 8.83}
{'loss': 0.3694, 'learning_rate': 1.2541168209716008e-05, 'epoch': 8.83}
{'loss': 0.353, 'learning_rate': 1.2497867471132845e-05, 'epoch': 8.84}
{'loss': 0.3602, 'learning_rate': 1.245456673254967e-05, 'epoch': 8.84}
{'loss': 0.3228, 'learning_rate': 1.2411265993966506e-05, 'epoch': 8.85}
{'loss': 0.3366, 'learning_rate': 1.236796525538334e-05, 'epoch': 8.85}
{'loss': 0.3658, 'learning_rate': 1.2324664516800165e-05, 'epoch': 8.85}
{'loss': 0.3482, 'learning_rate': 1.2281363778217e-05, 'epoch': 8.86}
{'loss': 0.3533, 'learning_rate': 1.2238063039633835e-05, 'epoch': 8.86}
{'loss': 0.3658, 'learning_rate': 1.219476230105066e-05, 'epoch': 8.87}
{'loss': 0.3508, 'learning_rate': 1.2151461562467496e-05, 'epoch': 8.87}
{'loss': 0.3232, 'learning_rate': 1.2108160823884319e-05, 'epoch': 8.87}
{'loss': 0.3056, 'learning_rate': 1.2064860085301155e-05, 'epoch': 8.88}
{'loss': 0.3051, 'learning_rate': 1.202155934671799e-05, 'epoch': 8.88}
{'loss': 0.3523, 'learning_rate': 1.1978258608134815e-05, 'epoch': 8.89}
{'loss': 0.3521, 'learning_rate': 1.193495786955165e-05, 'epoch': 8.89}
{'loss': 0.3423, 'learning_rate': 1.1891657130968486e-05, 'epoch': 8.89}
{'loss': 0.3439, 'learning_rate': 1.184835639238531e-05, 'epoch': 8.9}
{'loss': 0.3525, 'learning_rate': 1.1805055653802145e-05, 'epoch': 8.9}
{'loss': 0.3604, 'learning_rate': 1.176175491521898e-05, 'epoch': 8.91}
{'loss': 0.3469, 'learning_rate': 1.1718454176635804e-05, 'epoch': 8.91}
{'loss': 0.3184, 'learning_rate': 1.167515343805264e-05, 'epoch': 8.91}
{'loss': 0.353, 'learning_rate': 1.1632718714241128e-05, 'epoch': 8.92}
{'loss': 0.3587, 'learning_rate': 1.1589417975657963e-05, 'epoch': 8.92}
{'loss': 0.3636, 'learning_rate': 1.1546117237074799e-05, 'epoch': 8.93}
{'loss': 0.3444, 'learning_rate': 1.1502816498491622e-05, 'epoch': 8.93}
{'loss': 0.3719, 'learning_rate': 1.1459515759908458e-05, 'epoch': 8.93}
{'loss': 0.3303, 'learning_rate': 1.1416215021325293e-05, 'epoch': 8.94}
{'loss': 0.3512, 'learning_rate': 1.1372914282742118e-05, 'epoch': 8.94}
{'loss': 0.335, 'learning_rate': 1.1329613544158952e-05, 'epoch': 8.95}
{'loss': 0.3494, 'learning_rate': 1.1286312805575789e-05, 'epoch': 8.95}
{'loss': 0.3253, 'learning_rate': 1.1243012066992612e-05, 'epoch': 8.96}
{'loss': 0.3757, 'learning_rate': 1.1199711328409448e-05, 'epoch': 8.96}
{'loss': 0.3431, 'learning_rate': 1.1156410589826283e-05, 'epoch': 8.96}
{'loss': 0.38, 'learning_rate': 1.1113109851243108e-05, 'epoch': 8.97}
{'loss': 0.3437, 'learning_rate': 1.1069809112659942e-05, 'epoch': 8.97}
{'loss': 0.4075, 'learning_rate': 1.1027374388848431e-05, 'epoch': 8.98}
{'loss': 0.349, 'learning_rate': 1.0984073650265266e-05, 'epoch': 8.98}
{'loss': 0.3429, 'learning_rate': 1.09407729116821e-05, 'epoch': 8.98}
{'loss': 0.3386, 'learning_rate': 1.0897472173098925e-05, 'epoch': 8.99}
{'loss': 0.3394, 'learning_rate': 1.0854171434515761e-05, 'epoch': 8.99}
{'loss': 0.3531, 'learning_rate': 1.0810870695932596e-05, 'epoch': 9.0}
[INFO|trainer.py:520] 2026-10-04 16:32:53,509 >> The following columns in the evaluation set  don't have a corresponding argument in `PETLEncModel.forward` and have been ignored: idx, hypothesis, premise.
[INFO|trainer.py:2179] 2026-10-04 16:32:53,511 >> ***** Running Evaluation *****
[INFO|trainer.py:2181] 2026-10-04 16:32:53,511 >>   Num examples = 9815
[INFO|trainer.py:2184] 2026-10-04 16:32:53,511 >>   Batch size = 32
{'eval_loss': 0.351209431886673, 'eval_accuracy': 0.872032603158431, 'eval_runtime': 15.8194, 'eval_samples_per_second': 620.443, 'eval_steps_per_second': 19.407, 'epoch': 9.0}
[INFO|trainer.py:1933] 2026-10-04 16:33:09,331 >> Saving model checkpoint to checkpoints/glue/mnli/20261004/glue.mnli.mam.am_prefix.ao_concat.fm_adapter.fo_parallel.abn.fbn.ac_add.fl_none.finit_lora.fs_2.unfrz_ef_.ne10.warm0.06.wd0.1.seed4./checkpoint-110448
[INFO|configuration_utils.py:364] 2026-10-04 16:33:09,333 >> Configuration saved in checkpoints/glue/mnli/20261004/glue.mnli.mam.am_prefix.ao_concat.fm_adapter.fo_parallel.abn.fbn.ac_add.fl_none.finit_lora.fs_2.unfrz_ef_.ne10.warm0.06.wd0.1.seed4./checkpoint-110448/config.json
[INFO|modeling_utils.py:898] 2026-10-04 16:33:09,681 >> Model weights saved in checkpoints/glue/mnli/20261004/glue.mnli.mam.am_prefix.ao_concat.fm_adapter.fo_parallel.abn.fbn.ac_add.fl_none.finit_lora.fs_2.unfrz_ef_.ne10.warm0.06.wd0.1.seed4./checkpoint-110448/pytorch_model.bin
[INFO|tokenization_utils_base.py:1948] 2026-10-04 16:33:09,683 >> tokenizer config file saved in checkpoints/glue/mnli/20261004/glue.mnli.mam.am_prefix.ao_concat.fm_adapter.fo_parallel.abn.fbn.ac_add.fl_none.finit_lora.fs_2.unfrz_ef_.ne10.warm0.06.wd0.1.seed4./checkpoint-110448/tokenizer_config.json
[INFO|tokenization_utils_base.py:1954] 2026-10-04 16:33:09,683 >> Special tokens file saved in checkpoints/glue/mnli/20261004/glue.mnli.mam.am_prefix.ao_concat.fm_adapter.fo_parallel.abn.fbn.ac_add.fl_none.finit_lora.fs_2.unfrz_ef_.ne10.warm0.06.wd0.1.seed4./checkpoint-110448/special_tokens_map.json
[INFO|trainer.py:2009] 2026-10-04 16:33:09,814 >> Deleting older checkpoint [checkpoints/glue/mnli/20261004/glue.mnli.mam.am_prefix.ao_concat.fm_adapter.fo_parallel.abn.fbn.ac_add.fl_none.finit_lora.fs_2.unfrz_ef_.ne10.warm0.06.wd0.1.seed4./checkpoint-85904] due to args.save_total_limit
/work/unify-parameter-efficient-tuning/src/transformers/trainer.py:1784: FutureWarning: `torch.cuda.amp.autocast(args...)` is deprecated. Please use `torch.amp.autocast('cuda', args...)` instead.
  with autocast():
{'loss': 0.3328, 'learning_rate': 1.076756995734942e-05, 'epoch': 9.0}
{'loss': 0.3241, 'learning_rate': 1.0724269218766256e-05, 'epoch': 9.0}
{'loss': 0.3663, 'learning_rate': 1.068096848018309e-05, 'epoch': 9.01}
{'loss': 0.2958, 'learning_rate': 1.0637667741599915e-05, 'epoch': 9.01}
{'loss': 0.35, 'learning_rate': 1.0594367003016751e-05, 'epoch': 9.02}
{'loss': 0.3797, 'learning_rate': 1.0551066264433574e-05, 'epoch': 9.02}
{'loss': 0.3402, 'learning_rate': 1.050776552585041e-05, 'epoch': 9.02}
{'loss': 0.3069, 'learning_rate': 1.0464464787267245e-05, 'epoch': 9.03}
{'loss': 0.3543, 'learning_rate': 1.042116404868407e-05, 'epoch': 9.03}
{'loss': 0.3342, 'learning_rate': 1.0377863310100905e-05, 'epoch': 9.04}
{'loss': 0.3481, 'learning_rate': 1.0334562571517741e-05, 'epoch': 9.04}
{'loss': 0.3386, 'learning_rate': 1.0291261832934566e-05, 'epoch': 9.04}
{'loss': 0.3435, 'learning_rate': 1.02479610943514e-05, 'epoch': 9.05}
{'loss': 0.3021, 'learning_rate': 1.0204660355768235e-05, 'epoch': 9.05}
{'loss': 0.3429, 'learning_rate': 1.016135961718506e-05, 'epoch': 9.06}
{'loss': 0.3641, 'learning_rate': 1.0118058878601896e-05, 'epoch': 9.06}
{'loss': 0.334, 'learning_rate': 1.0074758140018731e-05, 'epoch': 9.07}
{'loss': 0.3673, 'learning_rate': 1.0031457401435556e-05, 'epoch': 9.07}
{'loss': 0.3449, 'learning_rate': 9.98815666285239e-06, 'epoch': 9.07}
{'loss': 0.3479, 'learning_rate': 9.944855924269215e-06, 'epoch': 9.08}
{'loss': 0.3562, 'learning_rate': 9.90155518568605e-06, 'epoch': 9.08}
{'loss': 0.3353, 'learning_rate': 9.858254447102886e-06, 'epoch': 9.09}
{'loss': 0.3526, 'learning_rate': 9.81495370851971e-06, 'epoch': 9.09}
{'loss': 0.3422, 'learning_rate': 9.771652969936546e-06, 'epoch': 9.09}
{'loss': 0.3827, 'learning_rate': 9.72835223135338e-06, 'epoch': 9.1}
{'loss': 0.3438, 'learning_rate': 9.685051492770205e-06, 'epoch': 9.1}
{'loss': 0.3286, 'learning_rate': 9.64175075418704e-06, 'epoch': 9.11}
{'loss': 0.3323, 'learning_rate': 9.598450015603876e-06, 'epoch': 9.11}
{'loss': 0.3252, 'learning_rate': 9.5551492770207e-06, 'epoch': 9.11}
{'loss': 0.3134, 'learning_rate': 9.511848538437536e-06, 'epoch': 9.12}
{'loss': 0.3388, 'learning_rate': 9.46854779985436e-06, 'epoch': 9.12}
{'loss': 0.3256, 'learning_rate': 9.425247061271195e-06, 'epoch': 9.13}
{'loss': 0.3073, 'learning_rate': 9.38194632268803e-06, 'epoch': 9.13}
{'loss': 0.3267, 'learning_rate': 9.338645584104854e-06, 'epoch': 9.13}
{'loss': 0.3554, 'learning_rate': 9.29534484552169e-06, 'epoch': 9.14}
{'loss': 0.3487, 'learning_rate': 9.252044106938525e-06, 'epoch': 9.14}
{'loss': 0.3438, 'learning_rate': 9.20874336835535e-06, 'epoch': 9.15}
{'loss': 0.3384, 'learning_rate': 9.165442629772185e-06, 'epoch': 9.15}
{'loss': 0.3504, 'learning_rate': 9.122141891189021e-06, 'epoch': 9.15}
{'loss': 0.3112, 'learning_rate': 9.078841152605844e-06, 'epoch': 9.16}
{'loss': 0.3258, 'learning_rate': 9.03554041402268e-06, 'epoch': 9.16}
{'loss': 0.3181, 'learning_rate': 8.992239675439505e-06, 'epoch': 9.17}
{'loss': 0.3247, 'learning_rate': 8.94893893685634e-06, 'epoch': 9.17}
{'loss': 0.3374, 'learning_rate': 8.905638198273175e-06, 'epoch': 9.18}
{'loss': 0.3445, 'learning_rate': 8.86233745969e-06, 'epoch': 9.18}
{'loss': 0.3782, 'learning_rate': 8.819036721106834e-06, 'epoch': 9.18}
{'loss': 0.3471, 'learning_rate': 8.77573598252367e-06, 'epoch': 9.19}
{'loss': 0.3727, 'learning_rate': 8.732435243940495e-06, 'epoch': 9.19}
{'loss': 0.3323, 'learning_rate': 8.68913450535733e-06, 'epoch': 9.2}
{'loss': 0.3245, 'learning_rate': 8.645833766774165e-06, 'epoch': 9.2}
{'loss': 0.3302, 'learning_rate': 8.60253302819099e-06, 'epoch': 9.2}
{'loss': 0.34, 'learning_rate': 8.559232289607826e-06, 'epoch': 9.21}
{'loss': 0.356, 'learning_rate': 8.51593155102466e-06, 'epoch': 9.21}
{'loss': 0.3299, 'learning_rate': 8.472630812441485e-06, 'epoch': 9.22}
{'loss': 0.3272, 'learning_rate': 8.42933007385832e-06, 'epoch': 9.22}
{'loss': 0.3507, 'learning_rate': 8.386029335275144e-06, 'epoch': 9.22}
{'loss': 0.3354, 'learning_rate': 8.342728596691979e-06, 'epoch': 9.23}
{'loss': 0.3355, 'learning_rate': 8.299427858108816e-06, 'epoch': 9.23}
{'loss': 0.3325, 'learning_rate': 8.25612711952564e-06, 'epoch': 9.24}
{'loss': 0.3378, 'learning_rate': 8.212826380942475e-06, 'epoch': 9.24}
{'loss': 0.3212, 'learning_rate': 8.16952564235931e-06, 'epoch': 9.24}
{'loss': 0.3718, 'learning_rate': 8.126224903776134e-06, 'epoch': 9.25}
{'loss': 0.3226, 'learning_rate': 8.082924165192969e-06, 'epoch': 9.25}
{'loss': 0.3365, 'learning_rate': 8.039623426609805e-06, 'epoch': 9.26}
{'loss': 0.3681, 'learning_rate': 7.99632268802663e-06, 'epoch': 9.26}
{'loss': 0.3394, 'learning_rate': 7.953021949443465e-06, 'epoch': 9.26}
{'loss': 0.3471, 'learning_rate': 7.90972121086029e-06, 'epoch': 9.27}
{'loss': 0.3523, 'learning_rate': 7.866420472277124e-06, 'epoch': 9.27}
{'loss': 0.362, 'learning_rate': 7.82311973369396e-06, 'epoch': 9.28}
{'loss': 0.3531, 'learning_rate': 7.779818995110783e-06, 'epoch': 9.28}
{'loss': 0.3241, 'learning_rate': 7.73651825652762e-06, 'epoch': 9.29}
{'loss': 0.3368, 'learning_rate': 7.693217517944455e-06, 'epoch': 9.29}
{'loss': 0.3433, 'learning_rate': 7.64991677936128e-06, 'epoch': 9.29}
{'loss': 0.343, 'learning_rate': 7.606616040778114e-06, 'epoch': 9.3}
{'loss': 0.32, 'learning_rate': 7.564181316966612e-06, 'epoch': 9.3}
{'loss': 0.3518, 'learning_rate': 7.5208805783834365e-06, 'epoch': 9.31}
{'loss': 0.3259, 'learning_rate': 7.477579839800272e-06, 'epoch': 9.31}
{'loss': 0.3555, 'learning_rate': 7.434279101217107e-06, 'epoch': 9.31}
{'loss': 0.3254, 'learning_rate': 7.390978362633931e-06, 'epoch': 9.32}
{'loss': 0.3492, 'learning_rate': 7.347677624050767e-06, 'epoch': 9.32}
{'loss': 0.3314, 'learning_rate': 7.304376885467591e-06, 'epoch': 9.33}
{'loss': 0.3189, 'learning_rate': 7.261076146884427e-06, 'epoch': 9.33}
{'loss': 0.3628, 'learning_rate': 7.218641423072925e-06, 'epoch': 9.33}
{'loss': 0.3576, 'learning_rate': 7.17534068448975e-06, 'epoch': 9.34}
{'loss': 0.3631, 'learning_rate': 7.132039945906585e-06, 'epoch': 9.34}
{'loss': 0.3395, 'learning_rate': 7.088739207323421e-06, 'epoch': 9.35}
{'loss': 0.3587, 'learning_rate': 7.0454384687402455e-06, 'epoch': 9.35}
{'loss': 0.3386, 'learning_rate': 7.002137730157079e-06, 'epoch': 9.35}
{'loss': 0.3381, 'learning_rate': 6.958836991573915e-06, 'epoch': 9.36}
{'loss': 0.3138, 'learning_rate': 6.91553625299074e-06, 'epoch': 9.36}
{'loss': 0.3402, 'learning_rate': 6.872235514407574e-06, 'epoch': 9.37}
{'loss': 0.3401, 'learning_rate': 6.82893477582441e-06, 'epoch': 9.37}
{'loss': 0.3553, 'learning_rate': 6.7856340372412346e-06, 'epoch': 9.38}
{'loss': 0.3369, 'learning_rate': 6.74233329865807e-06, 'epoch': 9.38}
{'loss': 0.3186, 'learning_rate': 6.699032560074894e-06, 'epoch': 9.38}
{'loss': 0.3116, 'learning_rate': 6.65573182149173e-06, 'epoch': 9.39}
{'loss': 0.3633, 'learning_rate': 6.612431082908566e-06, 'epoch': 9.39}
{'loss': 0.3221, 'learning_rate': 6.569130344325389e-06, 'epoch': 9.4}
{'loss': 0.3384, 'learning_rate': 6.5258296057422245e-06, 'epoch': 9.4}
{'loss': 0.3295, 'learning_rate': 6.48252886715906e-06, 'epoch': 9.4}
{'loss': 0.3315, 'learning_rate': 6.439228128575883e-06, 'epoch': 9.41}
{'loss': 0.3372, 'learning_rate': 6.3959273899927186e-06, 'epoch': 9.41}
{'loss': 0.3676, 'learning_rate': 6.352626651409554e-06, 'epoch': 9.42}
{'loss': 0.3657, 'learning_rate': 6.309325912826379e-06, 'epoch': 9.42}
{'loss': 0.3196, 'learning_rate': 6.266025174243214e-06, 'epoch': 9.42}
{'loss': 0.3477, 'learning_rate': 6.222724435660039e-06, 'epoch': 9.43}
{'loss': 0.3362, 'learning_rate': 6.1794236970768746e-06, 'epoch': 9.43}
{'loss': 0.3111, 'learning_rate': 6.136122958493709e-06, 'epoch': 9.44}
{'loss': 0.3171, 'learning_rate': 6.092822219910534e-06, 'epoch': 9.44}
{'loss': 0.3251, 'learning_rate': 6.0495214813273695e-06, 'epoch': 9.44}
{'loss': 0.3357, 'learning_rate': 6.006220742744204e-06, 'epoch': 9.45}
{'loss': 0.3306, 'learning_rate': 5.962920004161029e-06, 'epoch': 9.45}
{'loss': 0.3292, 'learning_rate': 5.9196192655778644e-06, 'epoch': 9.46}
{'loss': 0.3673, 'learning_rate': 5.876318526994699e-06, 'epoch': 9.46}
{'loss': 0.3691, 'learning_rate': 5.833017788411524e-06, 'epoch': 9.46}
{'loss': 0.336, 'learning_rate': 5.789717049828359e-06, 'epoch': 9.47}
{'loss': 0.3691, 'learning_rate': 5.746416311245183e-06, 'epoch': 9.47}
{'loss': 0.3617, 'learning_rate': 5.703115572662019e-06, 'epoch': 9.48}
{'loss': 0.3255, 'learning_rate': 5.659814834078854e-06, 'epoch': 9.48}
{'loss': 0.3265, 'learning_rate': 5.616514095495679e-06, 'epoch': 9.49}
{'loss': 0.3394, 'learning_rate': 5.573213356912514e-06, 'epoch': 9.49}
{'loss': 0.3361, 'learning_rate': 5.529912618329349e-06, 'epoch': 9.49}
{'loss': 0.3343, 'learning_rate': 5.486611879746174e-06, 'epoch': 9.5}
{'loss': 0.3372, 'learning_rate': 5.443311141163009e-06, 'epoch': 9.5}
{'loss': 0.3368, 'learning_rate': 5.400010402579844e-06, 'epoch': 9.51}
{'loss': 0.3179, 'learning_rate': 5.356709663996669e-06, 'epoch': 9.51}
{'loss': 0.2978, 'learning_rate': 5.3134089254135044e-06, 'epoch': 9.51}
{'loss': 0.3282, 'learning_rate': 5.270108186830339e-06, 'epoch': 9.52}
{'loss': 0.3316, 'learning_rate': 5.226807448247164e-06, 'epoch': 9.52}
{'loss': 0.3449, 'learning_rate': 5.183506709663999e-06, 'epoch': 9.53}
{'loss': 0.3608, 'learning_rate': 5.140205971080823e-06, 'epoch': 9.53}
{'loss': 0.3157, 'learning_rate': 5.096905232497659e-06, 'epoch': 9.53}
{'loss': 0.332, 'learning_rate': 5.053604493914494e-06, 'epoch': 9.54}
{'loss': 0.337, 'learning_rate': 5.010303755331318e-06, 'epoch': 9.54}
{'loss': 0.3448, 'learning_rate': 4.967003016748154e-06, 'epoch': 9.55}
{'loss': 0.3059, 'learning_rate': 4.923702278164989e-06, 'epoch': 9.55}
{'loss': 0.3537, 'learning_rate': 4.880401539581814e-06, 'epoch': 9.55}
{'loss': 0.344, 'learning_rate': 4.837100800998649e-06, 'epoch': 9.56}
{'loss': 0.3382, 'learning_rate': 4.793800062415484e-06, 'epoch': 9.56}
{'loss': 0.3639, 'learning_rate': 4.750499323832309e-06, 'epoch': 9.57}
{'loss': 0.3572, 'learning_rate': 4.707198585249144e-06, 'epoch': 9.57}
{'loss': 0.37, 'learning_rate': 4.663897846665968e-06, 'epoch': 9.57}
{'loss': 0.3351, 'learning_rate': 4.620597108082804e-06, 'epoch': 9.58}
{'loss': 0.3304, 'learning_rate': 4.5772963694996385e-06, 'epoch': 9.58}
{'loss': 0.3312, 'learning_rate': 4.533995630916463e-06, 'epoch': 9.59}
{'loss': 0.3537, 'learning_rate': 4.490694892333299e-06, 'epoch': 9.59}
{'loss': 0.3521, 'learning_rate': 4.447394153750134e-06, 'epoch': 9.6}
{'loss': 0.3526, 'learning_rate': 4.404093415166958e-06, 'epoch': 9.6}
{'loss': 0.3639, 'learning_rate': 4.360792676583794e-06, 'epoch': 9.6}
{'loss': 0.3479, 'learning_rate': 4.317491938000629e-06, 'epoch': 9.61}
{'loss': 0.3653, 'learning_rate': 4.274191199417453e-06, 'epoch': 9.61}
{'loss': 0.3555, 'learning_rate': 4.230890460834289e-06, 'epoch': 9.62}
{'loss': 0.323, 'learning_rate': 4.187589722251113e-06, 'epoch': 9.62}
{'loss': 0.3505, 'learning_rate': 4.144288983667948e-06, 'epoch': 9.62}
{'loss': 0.344, 'learning_rate': 4.1009882450847836e-06, 'epoch': 9.63}
{'loss': 0.3418, 'learning_rate': 4.057687506501608e-06, 'epoch': 9.63}
{'loss': 0.3193, 'learning_rate': 4.014386767918444e-06, 'epoch': 9.64}
{'loss': 0.3219, 'learning_rate': 3.9710860293352785e-06, 'epoch': 9.64}
{'loss': 0.3318, 'learning_rate': 3.927785290752103e-06, 'epoch': 9.64}
{'loss': 0.3297, 'learning_rate': 3.884484552168939e-06, 'epoch': 9.65}
{'loss': 0.3521, 'learning_rate': 3.841183813585774e-06, 'epoch': 9.65}
{'loss': 0.3151, 'learning_rate': 3.797883075002598e-06, 'epoch': 9.66}
{'loss': 0.3449, 'learning_rate': 3.755448351191097e-06, 'epoch': 9.66}
{'loss': 0.3186, 'learning_rate': 3.7121476126079324e-06, 'epoch': 9.66}
{'loss': 0.3498, 'learning_rate': 3.668846874024756e-06, 'epoch': 9.67}
{'loss': 0.3527, 'learning_rate': 3.6255461354415918e-06, 'epoch': 9.67}
{'loss': 0.3404, 'learning_rate': 3.5822453968584155e-06, 'epoch': 9.68}
{'loss': 0.3509, 'learning_rate': 3.538944658275251e-06, 'epoch': 9.68}
{'loss': 0.3524, 'learning_rate': 3.4956439196920867e-06, 'epoch': 9.68}
{'loss': 0.3359, 'learning_rate': 3.452343181108911e-06, 'epoch': 9.69}
{'loss': 0.337, 'learning_rate': 3.4090424425257465e-06, 'epoch': 9.69}
{'loss': 0.3436, 'learning_rate': 3.3657417039425812e-06, 'epoch': 9.7}
{'loss': 0.36, 'learning_rate': 3.322440965359406e-06, 'epoch': 9.7}
{'loss': 0.3579, 'learning_rate': 3.2791402267762414e-06, 'epoch': 9.71}
{'loss': 0.3395, 'learning_rate': 3.2358394881930766e-06, 'epoch': 9.71}
{'loss': 0.3254, 'learning_rate': 3.192538749609901e-06, 'epoch': 9.71}
{'loss': 0.346, 'learning_rate': 3.149238011026737e-06, 'epoch': 9.72}
{'loss': 0.3423, 'learning_rate': 3.1059372724435605e-06, 'epoch': 9.72}
{'loss': 0.3481, 'learning_rate': 3.062636533860396e-06, 'epoch': 9.73}
{'loss': 0.2958, 'learning_rate': 3.0193357952772313e-06, 'epoch': 9.73}
{'loss': 0.361, 'learning_rate': 2.9760350566940555e-06, 'epoch': 9.73}
{'loss': 0.329, 'learning_rate': 2.932734318110891e-06, 'epoch': 9.74}
{'loss': 0.3197, 'learning_rate': 2.8894335795277263e-06, 'epoch': 9.74}
{'loss': 0.3503, 'learning_rate': 2.846132840944551e-06, 'epoch': 9.75}
{'loss': 0.3406, 'learning_rate': 2.802832102361386e-06, 'epoch': 9.75}
{'loss': 0.3135, 'learning_rate': 2.7595313637782216e-06, 'epoch': 9.75}
{'loss': 0.3646, 'learning_rate': 2.716230625195046e-06, 'epoch': 9.76}
{'loss': 0.3287, 'learning_rate': 2.672929886611881e-06, 'epoch': 9.76}
{'loss': 0.3466, 'learning_rate': 2.6296291480287166e-06, 'epoch': 9.77}
{'loss': 0.3246, 'learning_rate': 2.5863284094455408e-06, 'epoch': 9.77}
{'loss': 0.3043, 'learning_rate': 2.5430276708623764e-06, 'epoch': 9.77}
{'loss': 0.3278, 'learning_rate': 2.4997269322792005e-06, 'epoch': 9.78}
{'loss': 0.3497, 'learning_rate': 2.4564261936960357e-06, 'epoch': 9.78}
{'loss': 0.3391, 'learning_rate': 2.4131254551128713e-06, 'epoch': 9.79}
{'loss': 0.3289, 'learning_rate': 2.3698247165296955e-06, 'epoch': 9.79}
{'loss': 0.3405, 'learning_rate': 2.326523977946531e-06, 'epoch': 9.79}
{'loss': 0.3346, 'learning_rate': 2.2832232393633663e-06, 'epoch': 9.8}
{'loss': 0.3379, 'learning_rate': 2.2399225007801904e-06, 'epoch': 9.8}
{'loss': 0.3178, 'learning_rate': 2.196621762197026e-06, 'epoch': 9.81}
{'loss': 0.3728, 'learning_rate': 2.153321023613861e-06, 'epoch': 9.81}
{'loss': 0.3323, 'learning_rate': 2.1100202850306854e-06, 'epoch': 9.82}
{'loss': 0.3274, 'learning_rate': 2.066719546447521e-06, 'epoch': 9.82}
{'loss': 0.3246, 'learning_rate': 2.0242848226360083e-06, 'epoch': 9.82}
{'loss': 0.3509, 'learning_rate': 1.980984084052844e-06, 'epoch': 9.83}
{'loss': 0.3061, 'learning_rate': 1.937683345469679e-06, 'epoch': 9.83}
{'loss': 0.3507, 'learning_rate': 1.8943826068865037e-06, 'epoch': 9.84}
{'loss': 0.34, 'learning_rate': 1.851081868303339e-06, 'epoch': 9.84}
{'loss': 0.3371, 'learning_rate': 1.8077811297201738e-06, 'epoch': 9.84}
{'loss': 0.3272, 'learning_rate': 1.7644803911369984e-06, 'epoch': 9.85}
{'loss': 0.306, 'learning_rate': 1.7211796525538338e-06, 'epoch': 9.85}
{'loss': 0.357, 'learning_rate': 1.6778789139706694e-06, 'epoch': 9.86}
{'loss': 0.3505, 'learning_rate': 1.6345781753874936e-06, 'epoch': 9.86}
{'loss': 0.3626, 'learning_rate': 1.592143451575992e-06, 'epoch': 9.86}
{'loss': 0.3395, 'learning_rate': 1.5488427129928275e-06, 'epoch': 9.87}
{'loss': 0.3368, 'learning_rate': 1.5055419744096516e-06, 'epoch': 9.87}
{'loss': 0.3358, 'learning_rate': 1.4622412358264868e-06, 'epoch': 9.88}
{'loss': 0.3712, 'learning_rate': 1.4189404972433114e-06, 'epoch': 9.88}
{'loss': 0.3052, 'learning_rate': 1.3756397586601466e-06, 'epoch': 9.88}
{'loss': 0.3243, 'learning_rate': 1.3323390200769822e-06, 'epoch': 9.89}
{'loss': 0.3099, 'learning_rate': 1.2890382814938064e-06, 'epoch': 9.89}
{'loss': 0.3244, 'learning_rate': 1.2457375429106415e-06, 'epoch': 9.9}
{'loss': 0.3176, 'learning_rate': 1.2024368043274771e-06, 'epoch': 9.9}
{'loss': 0.3547, 'learning_rate': 1.1591360657443013e-06, 'epoch': 9.9}
{'loss': 0.3307, 'learning_rate': 1.115835327161137e-06, 'epoch': 9.91}
{'loss': 0.3399, 'learning_rate': 1.072534588577972e-06, 'epoch': 9.91}
{'loss': 0.348, 'learning_rate': 1.0292338499947965e-06, 'epoch': 9.92}
{'loss': 0.3273, 'learning_rate': 9.859331114116319e-07, 'epoch': 9.92}
{'loss': 0.3213, 'learning_rate': 9.426323728284562e-07, 'epoch': 9.93}
{'loss': 0.3346, 'learning_rate': 8.993316342452915e-07, 'epoch': 9.93}
{'loss': 0.3547, 'learning_rate': 8.560308956621268e-07, 'epoch': 9.93}
{'loss': 0.3622, 'learning_rate': 8.127301570789512e-07, 'epoch': 9.94}
{'loss': 0.3232, 'learning_rate': 7.694294184957865e-07, 'epoch': 9.94}
{'loss': 0.3623, 'learning_rate': 7.261286799126219e-07, 'epoch': 9.95}
{'loss': 0.3374, 'learning_rate': 6.828279413294461e-07, 'epoch': 9.95}
{'loss': 0.3473, 'learning_rate': 6.395272027462815e-07, 'epoch': 9.95}
{'loss': 0.3534, 'learning_rate': 5.962264641631169e-07, 'epoch': 9.96}
{'loss': 0.3667, 'learning_rate': 5.529257255799412e-07, 'epoch': 9.96}
{'loss': 0.3347, 'learning_rate': 5.096249869967766e-07, 'epoch': 9.97}
{'loss': 0.3403, 'learning_rate': 4.66324248413612e-07, 'epoch': 9.97}
{'loss': 0.338, 'learning_rate': 4.230235098304363e-07, 'epoch': 9.97}
{'loss': 0.313, 'learning_rate': 3.7972277124727164e-07, 'epoch': 9.98}
{'loss': 0.3328, 'learning_rate': 3.364220326640959e-07, 'epoch': 9.98}
{'loss': 0.3493, 'learning_rate': 2.931212940809313e-07, 'epoch': 9.99}
{'loss': 0.3509, 'learning_rate': 2.498205554977667e-07, 'epoch': 9.99}
{'loss': 0.3469, 'learning_rate': 2.0651981691459094e-07, 'epoch': 9.99}
{'loss': 0.3584, 'learning_rate': 1.6321907833142633e-07, 'epoch': 10.0}
[INFO|trainer.py:520] 2026-10-04 16:42:52,559 >> The following columns in the evaluation set  don't have a corresponding argument in `PETLEncModel.forward` and have been ignored: idx, hypothesis, premise.
[INFO|trainer.py:2179] 2026-10-04 16:42:52,561 >> ***** Running Evaluation *****
[INFO|trainer.py:2181] 2026-10-04 16:42:52,561 >>   Num examples = 9815
[INFO|trainer.py:2184] 2026-10-04 16:42:52,561 >>   Batch size = 32
{'eval_loss': 0.3525393009185791, 'eval_accuracy': 0.872949566989302, 'eval_runtime': 15.6909, 'eval_samples_per_second': 625.523, 'eval_steps_per_second': 19.566, 'epoch': 10.0}
[INFO|trainer.py:1933] 2026-10-04 16:43:08,253 >> Saving model checkpoint to checkpoints/glue/mnli/20261004/glue.mnli.mam.am_prefix.ao_concat.fm_adapter.fo_parallel.abn.fbn.ac_add.fl_none.finit_lora.fs_2.unfrz_ef_.ne10.warm0.06.wd0.1.seed4./checkpoint-122720
[INFO|configuration_utils.py:364] 2026-10-04 16:43:08,254 >> Configuration saved in checkpoints/glue/mnli/20261004/glue.mnli.mam.am_prefix.ao_concat.fm_adapter.fo_parallel.abn.fbn.ac_add.fl_none.finit_lora.fs_2.unfrz_ef_.ne10.warm0.06.wd0.1.seed4./checkpoint-122720/config.json
[INFO|modeling_utils.py:898] 2026-10-04 16:43:08,611 >> Model weights saved in checkpoints/glue/mnli/20261004/glue.mnli.mam.am_prefix.ao_concat.fm_adapter.fo_parallel.abn.fbn.ac_add.fl_none.finit_lora.fs_2.unfrz_ef_.ne10.warm0.06.wd0.1.seed4./checkpoint-122720/pytorch_model.bin
[INFO|tokenization_utils_base.py:1948] 2026-10-04 16:43:08,612 >> tokenizer config file saved in checkpoints/glue/mnli/20261004/glue.mnli.mam.am_prefix.ao_concat.fm_adapter.fo_parallel.abn.fbn.ac_add.fl_none.finit_lora.fs_2.unfrz_ef_.ne10.warm0.06.wd0.1.seed4./checkpoint-122720/tokenizer_config.json
[INFO|tokenization_utils_base.py:1954] 2026-10-04 16:43:08,612 >> Special tokens file saved in checkpoints/glue/mnli/20261004/glue.mnli.mam.am_prefix.ao_concat.fm_adapter.fo_parallel.abn.fbn.ac_add.fl_none.finit_lora.fs_2.unfrz_ef_.ne10.warm0.06.wd0.1.seed4./checkpoint-122720/special_tokens_map.json
[INFO|trainer.py:2009] 2026-10-04 16:43:08,745 >> Deleting older checkpoint [checkpoints/glue/mnli/20261004/glue.mnli.mam.am_prefix.ao_concat.fm_adapter.fo_parallel.abn.fbn.ac_add.fl_none.finit_lora.fs_2.unfrz_ef_.ne10.warm0.06.wd0.1.seed4./checkpoint-98176] due to args.save_total_limit
[INFO|trainer.py:1382] 2026-10-04 16:43:08,754 >> 

Training completed. Do not forget to share your model on huggingface.co/models =)


[INFO|trainer.py:1390] 2026-10-04 16:43:08,754 >> Loading best model from checkpoints/glue/mnli/20261004/glue.mnli.mam.am_prefix.ao_concat.fm_adapter.fo_parallel.abn.fbn.ac_add.fl_none.finit_lora.fs_2.unfrz_ef_.ne10.warm0.06.wd0.1.seed4./checkpoint-122720 (score: 0.872949566989302).
{'train_runtime': 6016.7077, 'train_samples_per_second': 652.686, 'train_steps_per_second': 20.397, 'train_loss': 0.40474670490121284, 'epoch': 10.0}
[INFO|trainer.py:1933] 2026-10-04 16:43:09,013 >> Saving model checkpoint to checkpoints/glue/mnli/20261004/glue.mnli.mam.am_prefix.ao_concat.fm_adapter.fo_parallel.abn.fbn.ac_add.fl_none.finit_lora.fs_2.unfrz_ef_.ne10.warm0.06.wd0.1.seed4.
[INFO|configuration_utils.py:364] 2026-10-04 16:43:09,014 >> Configuration saved in checkpoints/glue/mnli/20261004/glue.mnli.mam.am_prefix.ao_concat.fm_adapter.fo_parallel.abn.fbn.ac_add.fl_none.finit_lora.fs_2.unfrz_ef_.ne10.warm0.06.wd0.1.seed4./config.json
[INFO|modeling_utils.py:898] 2026-10-04 16:43:09,340 >> Model weights saved in checkpoints/glue/mnli/20261004/glue.mnli.mam.am_prefix.ao_concat.fm_adapter.fo_parallel.abn.fbn.ac_add.fl_none.finit_lora.fs_2.unfrz_ef_.ne10.warm0.06.wd0.1.seed4./pytorch_model.bin
[INFO|tokenization_utils_base.py:1948] 2026-10-04 16:43:09,341 >> tokenizer config file saved in checkpoints/glue/mnli/20261004/glue.mnli.mam.am_prefix.ao_concat.fm_adapter.fo_parallel.abn.fbn.ac_add.fl_none.finit_lora.fs_2.unfrz_ef_.ne10.warm0.06.wd0.1.seed4./tokenizer_config.json
[INFO|tokenization_utils_base.py:1954] 2026-10-04 16:43:09,342 >> Special tokens file saved in checkpoints/glue/mnli/20261004/glue.mnli.mam.am_prefix.ao_concat.fm_adapter.fo_parallel.abn.fbn.ac_add.fl_none.finit_lora.fs_2.unfrz_ef_.ne10.warm0.06.wd0.1.seed4./special_tokens_map.json
***** train metrics *****
  epoch                    =       10.0
  train_loss               =     0.4047
  train_runtime            = 1:40:16.70
  train_samples            =     392702
  train_samples_per_second =    652.686
  train_steps_per_second   =     20.397
10/04/2026 16:43:09 - INFO - __main__ -   *** Evaluate ***
[INFO|trainer.py:520] 2026-10-04 16:43:09,402 >> The following columns in the evaluation set  don't have a corresponding argument in `PETLEncModel.forward` and have been ignored: idx, hypothesis, premise.
[INFO|trainer.py:2179] 2026-10-04 16:43:09,403 >> ***** Running Evaluation *****
[INFO|trainer.py:2181] 2026-10-04 16:43:09,403 >>   Num examples = 9815
[INFO|trainer.py:2184] 2026-10-04 16:43:09,404 >>   Batch size = 32
{'eval_loss': 0.3525393009185791, 'eval_accuracy': 0.872949566989302, 'eval_runtime': 15.6922, 'eval_samples_per_second': 625.471, 'eval_steps_per_second': 19.564, 'epoch': 10.0}
***** eval metrics *****
  epoch                   =       10.0
  eval_accuracy           =     0.8729
  eval_loss               =     0.3525
  eval_runtime            = 0:00:15.69
  eval_samples            =       9815
  eval_samples_per_second =    625.471
  eval_steps_per_second   =     19.564
[INFO|trainer.py:520] 2026-10-04 16:43:25,097 >> The following columns in the evaluation set  don't have a corresponding argument in `PETLEncModel.forward` and have been ignored: idx, hypothesis, premise.
[INFO|trainer.py:2179] 2026-10-04 16:43:25,098 >> ***** Running Evaluation *****
[INFO|trainer.py:2181] 2026-10-04 16:43:25,098 >>   Num examples = 9832
[INFO|trainer.py:2184] 2026-10-04 16:43:25,098 >>   Batch size = 32
{'eval_loss': 0.35708433389663696, 'eval_accuracy': 0.8700162733930025, 'eval_runtime': 15.7733, 'eval_samples_per_second': 623.331, 'eval_steps_per_second': 19.527, 'epoch': 10.0}
***** eval metrics *****
  epoch                   =       10.0
  eval_accuracy           =       0.87
  eval_loss               =     0.3571
  eval_runtime            = 0:00:15.77
  eval_samples            =       9815
  eval_samples_per_second =    623.331
  eval_steps_per_second   =     19.527
