checkpoints/glue/mnli/20261004/glue.mnli.mam.am_prefix.ao_concat.fm_adapter.fo_parallel.abn.fbn.ac_add.fl_none.finit_lora.fs_2.unfrz_ef_.ne10.warm0.06.wd0.1.seed6.
10/04/2026 16:31:07 - WARNING - __main__ -   Process rank: -1, device: cuda:0, n_gpu: 1distributed training: False, 16-bits training: True
10/04/2026 16:31:07 - INFO - __main__ -   Training/evaluation parameters TrainingArguments(
_n_gpu=1,
adafactor=False,
adam_beta1=0.9,
adam_beta2=0.98,
adam_epsilon=1e-06,
dataloader_drop_last=False,
dataloader_num_workers=0,
dataloader_pin_memory=True,
ddp_find_unused_parameters=False,
debug=[],
deepspeed=None,
disable_tqdm=True,
do_eval=True,
do_predict=False,
do_train=True,
eval_accumulation_steps=None,
eval_steps=5000,
evaluation_strategy=IntervalStrategy.EPOCH,
fp16=True,
fp16_backend=auto,
fp16_full_eval=False,
fp16_opt_level=O1,
gradient_accumulation_steps=1,
greater_is_better=True,
group_by_length=False,
ignore_data_skip=False,
label_names=None,
label_smoothing_factor=0.0,
learning_rate=0.0001,
length_column_name=length,
load_best_model_at_end=True,
local_rank=-1,
log_level=-1,
log_level_replica=-1,
log_on_each_node=True,
logging_dir=checkpoints/glue/mnli/20261004/glue.mnli.mam.am_prefix.ao_concat.fm_adapter.fo_parallel.abn.fbn.ac_add.fl_none.finit_lora.fs_2.unfrz_ef_.ne10.warm0.06.wd0.1.seed6./runs/Oct04_16-31-07_j-12410940-job-0,
logging_first_step=False,
logging_steps=50,
logging_strategy=IntervalStrategy.STEPS,
lr_scheduler_type=SchedulerType.POLYNOMIAL,
max_grad_norm=1.0,
max_steps=-1,
metric_for_best_model=accuracy,
mp_parameters=,
no_cuda=False,
num_train_epochs=10.0,
output_dir=checkpoints/glue/mnli/20261004/glue.mnli.mam.am_prefix.ao_concat.fm_adapter.fo_parallel.abn.fbn.ac_add.fl_none.finit_lora.fs_2.unfrz_ef_.ne10.warm0.06.wd0.1.seed6.,
overwrite_output_dir=True,
past_index=-1,
per_device_eval_batch_size=32,
per_device_train_batch_size=32,
prediction_loss_only=False,
push_to_hub=False,
push_to_hub_model_id=glue.mnli.mam.am_prefix.ao_concat.fm_adapter.fo_parallel.abn.fbn.ac_add.fl_none.finit_lora.fs_2.unfrz_ef_.ne10.warm0.06.wd0.1.seed6.,
push_to_hub_organization=None,
push_to_hub_token=None,
remove_unused_columns=True,
report_to=[],
resume_from_checkpoint=None,
run_name=mnli.20261004.glue.mnli.mam.am_prefix.ao_concat.fm_adapter.fo_parallel.abn.fbn.ac_add.fl_none.finit_lora.fs_2.unfrz_ef_.ne10.warm0.06.wd0.1.seed6.,
save_steps=5000,
save_strategy=IntervalStrategy.EPOCH,
save_total_limit=2,
seed=6,
sharded_ddp=[],
skip_memory_metrics=True,
tpu_metrics_debug=False,
tpu_num_cores=None,
use_legacy_prediction_loop=False,
warmup_ratio=0.06,
warmup_steps=0,
weight_decay=0.1,
)
10/04/2026 16:31:08 - WARNING - datasets.builder -   Reusing dataset glue (checkpoints/hf_model/glue/mnli/1.0.0/dacbe3125aa31d7f70367a07a8a9e72a5a0bfeb5fc42e75c9db75b96da6053ad)
[INFO|configuration_utils.py:528] 2026-10-04 16:31:08,092 >> loading configuration file /work/unify-parameter-efficient-tuning/_setup/models/roberta-base/config.json
[INFO|configuration_utils.py:566] 2026-10-04 16:31:08,092 >> Model config RobertaConfig {
  "architectures": [
    "RobertaForMaskedLM"
  ],
  "attention_probs_dropout_prob": 0.1,
  "bos_token_id": 0,
  "eos_token_id": 2,
  "finetuning_task": "mnli",
  "gradient_checkpointing": false,
  "hidden_act": "gelu",
  "hidden_dropout_prob": 0.1,
  "hidden_size": 768,
  "id2label": {
    "0": "LABEL_0",
    "1": "LABEL_1",
    "2": "LABEL_2"
  },
  "initializer_range": 0.02,
  "intermediate_size": 3072,
  "label2id": {
    "LABEL_0": 0,
    "LABEL_1": 1,
    "LABEL_2": 2
  },
  "layer_norm_eps": 1e-05,
  "max_position_embeddings": 514,
  "model_type": "roberta",
  "num_attention_heads": 12,
  "num_hidden_layers": 12,
  "pad_token_id": 1,
  "position_embedding_type": "absolute",
  "transformers_version": "4.9.0.dev0",
  "type_vocab_size": 1,
  "use_cache": true,
  "vocab_size": 50265
}

[INFO|tokenization_auto.py:427] 2026-10-04 16:31:08,092 >> Could not locate the tokenizer configuration file, will try to use the model config instead.
[INFO|configuration_utils.py:528] 2026-10-04 16:31:08,093 >> loading configuration file /work/unify-parameter-efficient-tuning/_setup/models/roberta-base/config.json
[INFO|configuration_utils.py:566] 2026-10-04 16:31:08,093 >> Model config RobertaConfig {
  "architectures": [
    "RobertaForMaskedLM"
  ],
  "attention_probs_dropout_prob": 0.1,
  "bos_token_id": 0,
  "eos_token_id": 2,
  "gradient_checkpointing": false,
  "hidden_act": "gelu",
  "hidden_dropout_prob": 0.1,
  "hidden_size": 768,
  "initializer_range": 0.02,
  "intermediate_size": 3072,
  "layer_norm_eps": 1e-05,
  "max_position_embeddings": 514,
  "model_type": "roberta",
  "num_attention_heads": 12,
  "num_hidden_layers": 12,
  "pad_token_id": 1,
  "position_embedding_type": "absolute",
  "transformers_version": "4.9.0.dev0",
  "type_vocab_size": 1,
  "use_cache": true,
  "vocab_size": 50265
}

[INFO|tokenization_utils_base.py:1651] 2026-10-04 16:31:08,093 >> Didn't find file /work/unify-parameter-efficient-tuning/_setup/models/roberta-base/added_tokens.json. We won't load it.
[INFO|tokenization_utils_base.py:1651] 2026-10-04 16:31:08,093 >> Didn't find file /work/unify-parameter-efficient-tuning/_setup/models/roberta-base/special_tokens_map.json. We won't load it.
[INFO|tokenization_utils_base.py:1651] 2026-10-04 16:31:08,093 >> Didn't find file /work/unify-parameter-efficient-tuning/_setup/models/roberta-base/tokenizer_config.json. We won't load it.
[INFO|tokenization_utils_base.py:1715] 2026-10-04 16:31:08,093 >> loading file /work/unify-parameter-efficient-tuning/_setup/models/roberta-base/vocab.json
[INFO|tokenization_utils_base.py:1715] 2026-10-04 16:31:08,093 >> loading file /work/unify-parameter-efficient-tuning/_setup/models/roberta-base/merges.txt
[INFO|tokenization_utils_base.py:1715] 2026-10-04 16:31:08,093 >> loading file /work/unify-parameter-efficient-tuning/_setup/models/roberta-base/tokenizer.json
[INFO|tokenization_utils_base.py:1715] 2026-10-04 16:31:08,093 >> loading file None
[INFO|tokenization_utils_base.py:1715] 2026-10-04 16:31:08,093 >> loading file None
[INFO|tokenization_utils_base.py:1715] 2026-10-04 16:31:08,093 >> loading file None
[INFO|modeling_utils.py:1159] 2026-10-04 16:31:08,127 >> loading weights file /work/unify-parameter-efficient-tuning/_setup/models/roberta-base/pytorch_model.bin
============================ init weights is called! ====================================
============================ init weights is called! ====================================
[WARNING|modeling_utils.py:1336] 2026-10-04 16:31:09,424 >> Some weights of the model checkpoint at /work/unify-parameter-efficient-tuning/_setup/models/roberta-base were not used when initializing RobertaForSequenceClassification: ['lm_head.decoder.weight', 'roberta.pooler.dense.bias', 'lm_head.bias', 'lm_head.dense.bias', 'lm_head.layer_norm.bias', 'lm_head.layer_norm.weight', 'lm_head.dense.weight', 'roberta.pooler.dense.weight']
- This IS expected if you are initializing RobertaForSequenceClassification from the checkpoint of a model trained on another task or with another architecture (e.g. initializing a BertForSequenceClassification model from a BertForPreTraining model).
- This IS NOT expected if you are initializing RobertaForSequenceClassification from the checkpoint of a model that you expect to be exactly identical (initializing a BertForSequenceClassification model from a BertForSequenceClassification model).
[WARNING|modeling_utils.py:1347] 2026-10-04 16:31:09,425 >> Some weights of RobertaForSequenceClassification were not initialized from the model checkpoint at /work/unify-parameter-efficient-tuning/_setup/models/roberta-base and are newly initialized: ['classifier.dense.bias', 'classifier.out_proj.bias', 'classifier.dense.weight', 'classifier.out_proj.weight']
You should probably TRAIN this model on a down-stream task to be able to use it for predictions and inference.
tune roberta.encoder.layer.0.output.ef_ffn_adapter.down_proj.weight
tune roberta.encoder.layer.0.output.ef_ffn_adapter.down_proj.bias
tune roberta.encoder.layer.0.output.ef_ffn_adapter.up_proj.weight
tune roberta.encoder.layer.0.output.ef_ffn_adapter.up_proj.bias
tune roberta.encoder.layer.0.ef_ffn_adapter.down_proj.weight
tune roberta.encoder.layer.0.ef_ffn_adapter.down_proj.bias
tune roberta.encoder.layer.0.ef_ffn_adapter.up_proj.weight
tune roberta.encoder.layer.0.ef_ffn_adapter.up_proj.bias
tune roberta.encoder.layer.1.output.ef_ffn_adapter.down_proj.weight
tune roberta.encoder.layer.1.output.ef_ffn_adapter.down_proj.bias
tune roberta.encoder.layer.1.output.ef_ffn_adapter.up_proj.weight
tune roberta.encoder.layer.1.output.ef_ffn_adapter.up_proj.bias
tune roberta.encoder.layer.1.ef_ffn_adapter.down_proj.weight
tune roberta.encoder.layer.1.ef_ffn_adapter.down_proj.bias
tune roberta.encoder.layer.1.ef_ffn_adapter.up_proj.weight
tune roberta.encoder.layer.1.ef_ffn_adapter.up_proj.bias
tune roberta.encoder.layer.2.output.ef_ffn_adapter.down_proj.weight
tune roberta.encoder.layer.2.output.ef_ffn_adapter.down_proj.bias
tune roberta.encoder.layer.2.output.ef_ffn_adapter.up_proj.weight
tune roberta.encoder.layer.2.output.ef_ffn_adapter.up_proj.bias
tune roberta.encoder.layer.2.ef_ffn_adapter.down_proj.weight
tune roberta.encoder.layer.2.ef_ffn_adapter.down_proj.bias
tune roberta.encoder.layer.2.ef_ffn_adapter.up_proj.weight
tune roberta.encoder.layer.2.ef_ffn_adapter.up_proj.bias
tune roberta.encoder.layer.3.output.ef_ffn_adapter.down_proj.weight
tune roberta.encoder.layer.3.output.ef_ffn_adapter.down_proj.bias
tune roberta.encoder.layer.3.output.ef_ffn_adapter.up_proj.weight
tune roberta.encoder.layer.3.output.ef_ffn_adapter.up_proj.bias
tune roberta.encoder.layer.3.ef_ffn_adapter.down_proj.weight
tune roberta.encoder.layer.3.ef_ffn_adapter.down_proj.bias
tune roberta.encoder.layer.3.ef_ffn_adapter.up_proj.weight
tune roberta.encoder.layer.3.ef_ffn_adapter.up_proj.bias
tune roberta.encoder.layer.4.output.ef_ffn_adapter.down_proj.weight
tune roberta.encoder.layer.4.output.ef_ffn_adapter.down_proj.bias
tune roberta.encoder.layer.4.output.ef_ffn_adapter.up_proj.weight
tune roberta.encoder.layer.4.output.ef_ffn_adapter.up_proj.bias
tune roberta.encoder.layer.4.ef_ffn_adapter.down_proj.weight
tune roberta.encoder.layer.4.ef_ffn_adapter.down_proj.bias
tune roberta.encoder.layer.4.ef_ffn_adapter.up_proj.weight
tune roberta.encoder.layer.4.ef_ffn_adapter.up_proj.bias
tune roberta.encoder.layer.5.output.ef_ffn_adapter.down_proj.weight
tune roberta.encoder.layer.5.output.ef_ffn_adapter.down_proj.bias
tune roberta.encoder.layer.5.output.ef_ffn_adapter.up_proj.weight
tune roberta.encoder.layer.5.output.ef_ffn_adapter.up_proj.bias
tune roberta.encoder.layer.5.ef_ffn_adapter.down_proj.weight
tune roberta.encoder.layer.5.ef_ffn_adapter.down_proj.bias
tune roberta.encoder.layer.5.ef_ffn_adapter.up_proj.weight
tune roberta.encoder.layer.5.ef_ffn_adapter.up_proj.bias
tune roberta.encoder.layer.6.output.ef_ffn_adapter.down_proj.weight
tune roberta.encoder.layer.6.output.ef_ffn_adapter.down_proj.bias
tune roberta.encoder.layer.6.output.ef_ffn_adapter.up_proj.weight
tune roberta.encoder.layer.6.output.ef_ffn_adapter.up_proj.bias
tune roberta.encoder.layer.6.ef_ffn_adapter.down_proj.weight
tune roberta.encoder.layer.6.ef_ffn_adapter.down_proj.bias
tune roberta.encoder.layer.6.ef_ffn_adapter.up_proj.weight
tune roberta.encoder.layer.6.ef_ffn_adapter.up_proj.bias
tune roberta.encoder.layer.7.output.ef_ffn_adapter.down_proj.weight
tune roberta.encoder.layer.7.output.ef_ffn_adapter.down_proj.bias
tune roberta.encoder.layer.7.output.ef_ffn_adapter.up_proj.weight
tune roberta.encoder.layer.7.output.ef_ffn_adapter.up_proj.bias
tune roberta.encoder.layer.7.ef_ffn_adapter.down_proj.weight
tune roberta.encoder.layer.7.ef_ffn_adapter.down_proj.bias
tune roberta.encoder.layer.7.ef_ffn_adapter.up_proj.weight
tune roberta.encoder.layer.7.ef_ffn_adapter.up_proj.bias
tune roberta.encoder.layer.8.output.ef_ffn_adapter.down_proj.weight
tune roberta.encoder.layer.8.output.ef_ffn_adapter.down_proj.bias
tune roberta.encoder.layer.8.output.ef_ffn_adapter.up_proj.weight
tune roberta.encoder.layer.8.output.ef_ffn_adapter.up_proj.bias
tune roberta.encoder.layer.8.ef_ffn_adapter.down_proj.weight
tune roberta.encoder.layer.8.ef_ffn_adapter.down_proj.bias
tune roberta.encoder.layer.8.ef_ffn_adapter.up_proj.weight
tune roberta.encoder.layer.8.ef_ffn_adapter.up_proj.bias
tune roberta.encoder.layer.9.output.ef_ffn_adapter.down_proj.weight
tune roberta.encoder.layer.9.output.ef_ffn_adapter.down_proj.bias
tune roberta.encoder.layer.9.output.ef_ffn_adapter.up_proj.weight
tune roberta.encoder.layer.9.output.ef_ffn_adapter.up_proj.bias
tune roberta.encoder.layer.9.ef_ffn_adapter.down_proj.weight
tune roberta.encoder.layer.9.ef_ffn_adapter.down_proj.bias
tune roberta.encoder.layer.9.ef_ffn_adapter.up_proj.weight
tune roberta.encoder.layer.9.ef_ffn_adapter.up_proj.bias
tune roberta.encoder.layer.10.output.ef_ffn_adapter.down_proj.weight
tune roberta.encoder.layer.10.output.ef_ffn_adapter.down_proj.bias
tune roberta.encoder.layer.10.output.ef_ffn_adapter.up_proj.weight
tune roberta.encoder.layer.10.output.ef_ffn_adapter.up_proj.bias
tune roberta.encoder.layer.10.ef_ffn_adapter.down_proj.weight
tune roberta.encoder.layer.10.ef_ffn_adapter.down_proj.bias
tune roberta.encoder.layer.10.ef_ffn_adapter.up_proj.weight
tune roberta.encoder.layer.10.ef_ffn_adapter.up_proj.bias
tune roberta.encoder.layer.11.output.ef_ffn_adapter.down_proj.weight
tune roberta.encoder.layer.11.output.ef_ffn_adapter.down_proj.bias
tune roberta.encoder.layer.11.output.ef_ffn_adapter.up_proj.weight
tune roberta.encoder.layer.11.output.ef_ffn_adapter.up_proj.bias
tune roberta.encoder.layer.11.ef_ffn_adapter.down_proj.weight
tune roberta.encoder.layer.11.ef_ffn_adapter.down_proj.bias
tune roberta.encoder.layer.11.ef_ffn_adapter.up_proj.weight
tune roberta.encoder.layer.11.ef_ffn_adapter.up_proj.bias
10/04/2026 16:31:09 - WARNING - datasets.fingerprint -   Parameter 'function'=<function main.<locals>.preprocess_function at 0x7f8aea7fde50> of the transform datasets.arrow_dataset.Dataset._map_single couldn't be hashed properly, a random hash was used instead. Make sure your transforms and parameters are serializable with pickle or dill for the dataset fingerprinting and caching to work. If you reuse this transform, the caching mechanism will consider it to be different from the previous calls and recompute everything. This warning is only showed once. Subsequent hashing failures won't be showed.
10/04/2026 16:31:09 - WARNING - datasets.arrow_dataset -   Loading cached processed dataset at checkpoints/hf_model/glue/mnli/1.0.0/dacbe3125aa31d7f70367a07a8a9e72a5a0bfeb5fc42e75c9db75b96da6053ad/cache-92e5dfe8cb1855fe.arrow
10/04/2026 16:31:09 - WARNING - datasets.arrow_dataset -   Loading cached processed dataset at checkpoints/hf_model/glue/mnli/1.0.0/dacbe3125aa31d7f70367a07a8a9e72a5a0bfeb5fc42e75c9db75b96da6053ad/cache-14a03569d26b9496.arrow
10/04/2026 16:31:09 - WARNING - datasets.arrow_dataset -   Loading cached processed dataset at checkpoints/hf_model/glue/mnli/1.0.0/dacbe3125aa31d7f70367a07a8a9e72a5a0bfeb5fc42e75c9db75b96da6053ad/cache-c320a4737c2b3abe.arrow
10/04/2026 16:31:09 - WARNING - datasets.arrow_dataset -   Loading cached processed dataset at checkpoints/hf_model/glue/mnli/1.0.0/dacbe3125aa31d7f70367a07a8a9e72a5a0bfeb5fc42e75c9db75b96da6053ad/cache-096d373742f9a039.arrow
10/04/2026 16:31:09 - WARNING - datasets.arrow_dataset -   Loading cached processed dataset at checkpoints/hf_model/glue/mnli/1.0.0/dacbe3125aa31d7f70367a07a8a9e72a5a0bfeb5fc42e75c9db75b96da6053ad/cache-254499c7001d9a88.arrow
10/04/2026 16:31:09 - INFO - __main__ -   Sample 347507 of the training set: {'attention_mask': [1, 1, 1, 1, 1, 1, 1, 1, 1, 1, 1, 1, 1, 1, 1, 1, 1, 1, 1, 1, 1, 1, 1, 1, 1, 1, 1, 1, 1, 1, 1, 1, 1, 1, 1, 1, 1, 1, 1, 1, 1, 1], 'hypothesis': 'He was getting more immature every time she saw him.', 'idx': 347507, 'input_ids': [0, 463, 172, 1302, 101, 358, 86, 79, 1224, 198, 37, 21, 66, 11600, 2682, 8, 79, 1747, 2435, 14, 47, 95, 64, 45, 109, 42, 47, 216, 2, 2, 894, 21, 562, 55, 39001, 358, 86, 79, 794, 123, 4, 2], 'label': 2, 'premise': 'and then seems like every time she turned around he was outgrowing stuff and she finally learned that you just can not do this you know'}.
10/04/2026 16:31:09 - INFO - __main__ -   Sample 307486 of the training set: {'attention_mask': [1, 1, 1, 1, 1, 1, 1, 1, 1, 1, 1, 1, 1, 1, 1, 1, 1, 1, 1, 1, 1, 1, 1, 1, 1, 1, 1, 1, 1, 1, 1, 1, 1, 1, 1, 1, 1, 1, 1, 1], 'hypothesis': 'To better serve those who visit, eateries, shops and a kids center are included.', 'idx': 307486, 'input_ids': [0, 970, 16, 10, 408, 18, 929, 8, 10, 1040, 22799, 6, 8, 10, 205, 16381, 8, 2391, 4, 2, 2, 3972, 357, 1807, 167, 54, 825, 6, 19969, 918, 6, 6464, 8, 10, 1159, 1312, 32, 1165, 4, 2], 'label': 1, 'premise': "There is a children's room and a bookshop, and a good cafe and restaurant."}.
10/04/2026 16:31:09 - INFO - __main__ -   Sample 246548 of the training set: {'attention_mask': [1, 1, 1, 1, 1, 1, 1, 1, 1, 1, 1, 1, 1, 1], 'hypothesis': 'That is not all.', 'idx': 246548, 'input_ids': [0, 2409, 14, 18, 70, 955, 2, 2, 1711, 16, 45, 70, 4, 2], 'label': 2, 'premise': "And that's all.'"}.
[INFO|trainer.py:420] 2026-10-04 16:31:10,963 >> Using amp fp16 backend
/work/unify-parameter-efficient-tuning/src/transformers/trainer.py:430: FutureWarning: `torch.cuda.amp.GradScaler(args...)` is deprecated. Please use `torch.amp.GradScaler('cuda', args...)` instead.
  self.scaler = torch.cuda.amp.GradScaler()
[INFO|trainer.py:520] 2026-10-04 16:31:10,963 >> The following columns in the training set  don't have a corresponding argument in `PETLEncModel.forward` and have been ignored: idx, hypothesis, premise.
[INFO|trainer.py:1183] 2026-10-04 16:31:11,715 >> ***** Running training *****
[INFO|trainer.py:1184] 2026-10-04 16:31:11,715 >>   Num examples = 392702
[INFO|trainer.py:1185] 2026-10-04 16:31:11,715 >>   Num Epochs = 10
[INFO|trainer.py:1186] 2026-10-04 16:31:11,715 >>   Instantaneous batch size per device = 32
[INFO|trainer.py:1187] 2026-10-04 16:31:11,715 >>   Total train batch size (w. parallel, distributed & accumulation) = 32
[INFO|trainer.py:1188] 2026-10-04 16:31:11,715 >>   Gradient Accumulation steps = 1
[INFO|trainer.py:1189] 2026-10-04 16:31:11,715 >>   Total optimization steps = 122720
/work/unify-parameter-efficient-tuning/src/transformers/trainer.py:1784: FutureWarning: `torch.cuda.amp.autocast(args...)` is deprecated. Please use `torch.amp.autocast('cuda', args...)` instead.
  with autocast():
{'loss': 1.1009, 'learning_rate': 6.789788158609453e-07, 'epoch': 0.0}
{'loss': 1.0998, 'learning_rate': 1.3579576317218905e-06, 'epoch': 0.01}
{'loss': 1.0993, 'learning_rate': 2.0369364475828354e-06, 'epoch': 0.01}
{'loss': 1.098, 'learning_rate': 2.715915263443781e-06, 'epoch': 0.02}
{'loss': 1.0997, 'learning_rate': 3.3948940793047257e-06, 'epoch': 0.02}
{'loss': 1.1003, 'learning_rate': 4.073872895165671e-06, 'epoch': 0.02}
{'loss': 1.1004, 'learning_rate': 4.752851711026616e-06, 'epoch': 0.03}
{'loss': 1.0992, 'learning_rate': 5.431830526887562e-06, 'epoch': 0.03}
{'loss': 1.1002, 'learning_rate': 6.110809342748506e-06, 'epoch': 0.04}
{'loss': 1.1002, 'learning_rate': 6.7897881586094514e-06, 'epoch': 0.04}
{'loss': 1.0995, 'learning_rate': 7.468766974470397e-06, 'epoch': 0.04}
{'loss': 1.0991, 'learning_rate': 8.147745790331342e-06, 'epoch': 0.05}
{'loss': 1.0992, 'learning_rate': 8.826724606192287e-06, 'epoch': 0.05}
{'loss': 1.0995, 'learning_rate': 9.505703422053232e-06, 'epoch': 0.06}
{'loss': 1.0962, 'learning_rate': 1.0184682237914179e-05, 'epoch': 0.06}
{'loss': 1.0997, 'learning_rate': 1.0863661053775124e-05, 'epoch': 0.07}
{'loss': 1.0998, 'learning_rate': 1.1542639869636067e-05, 'epoch': 0.07}
{'loss': 1.0982, 'learning_rate': 1.2221618685497013e-05, 'epoch': 0.07}
{'loss': 1.0969, 'learning_rate': 1.2900597501357958e-05, 'epoch': 0.08}
{'loss': 1.1, 'learning_rate': 1.3579576317218903e-05, 'epoch': 0.08}
{'loss': 1.0997, 'learning_rate': 1.4258555133079848e-05, 'epoch': 0.09}
{'loss': 1.0985, 'learning_rate': 1.4937533948940793e-05, 'epoch': 0.09}
{'loss': 1.1008, 'learning_rate': 1.561651276480174e-05, 'epoch': 0.09}
{'loss': 1.0972, 'learning_rate': 1.6295491580662683e-05, 'epoch': 0.1}
{'loss': 1.1, 'learning_rate': 1.6974470396523627e-05, 'epoch': 0.1}
{'loss': 1.0999, 'learning_rate': 1.7653449212384574e-05, 'epoch': 0.11}
{'loss': 1.1001, 'learning_rate': 1.8332428028245517e-05, 'epoch': 0.11}
{'loss': 1.0996, 'learning_rate': 1.9011406844106464e-05, 'epoch': 0.11}
{'loss': 1.0995, 'learning_rate': 1.9690385659967407e-05, 'epoch': 0.12}
{'loss': 1.0984, 'learning_rate': 2.0369364475828358e-05, 'epoch': 0.12}
{'loss': 1.0986, 'learning_rate': 2.10483432916893e-05, 'epoch': 0.13}
{'loss': 1.0978, 'learning_rate': 2.1727322107550248e-05, 'epoch': 0.13}
{'loss': 1.0917, 'learning_rate': 2.240630092341119e-05, 'epoch': 0.13}
{'loss': 1.0935, 'learning_rate': 2.3085279739272135e-05, 'epoch': 0.14}
{'loss': 1.0802, 'learning_rate': 2.3764258555133082e-05, 'epoch': 0.14}
{'loss': 1.0507, 'learning_rate': 2.4443237370994025e-05, 'epoch': 0.15}
{'loss': 1.0141, 'learning_rate': 2.512221618685497e-05, 'epoch': 0.15}
{'loss': 0.9943, 'learning_rate': 2.5801195002715915e-05, 'epoch': 0.15}
{'loss': 0.9916, 'learning_rate': 2.646659424225964e-05, 'epoch': 0.16}
{'loss': 0.9779, 'learning_rate': 2.713199348180337e-05, 'epoch': 0.16}
{'loss': 0.9755, 'learning_rate': 2.781097229766431e-05, 'epoch': 0.17}
{'loss': 0.9543, 'learning_rate': 2.848995111352526e-05, 'epoch': 0.17}
{'loss': 0.9037, 'learning_rate': 2.9168929929386207e-05, 'epoch': 0.18}
{'loss': 0.9084, 'learning_rate': 2.984790874524715e-05, 'epoch': 0.18}
{'loss': 0.8791, 'learning_rate': 3.05268875611081e-05, 'epoch': 0.18}
{'loss': 0.8792, 'learning_rate': 3.120586637696904e-05, 'epoch': 0.19}
{'loss': 0.8471, 'learning_rate': 3.1884845192829984e-05, 'epoch': 0.19}
{'loss': 0.8087, 'learning_rate': 3.256382400869093e-05, 'epoch': 0.2}
{'loss': 0.7993, 'learning_rate': 3.324280282455188e-05, 'epoch': 0.2}
{'loss': 0.7804, 'learning_rate': 3.392178164041282e-05, 'epoch': 0.2}
{'loss': 0.7844, 'learning_rate': 3.4600760456273765e-05, 'epoch': 0.21}
{'loss': 0.7579, 'learning_rate': 3.527973927213471e-05, 'epoch': 0.21}
{'loss': 0.7047, 'learning_rate': 3.595871808799566e-05, 'epoch': 0.22}
{'loss': 0.7066, 'learning_rate': 3.66376969038566e-05, 'epoch': 0.22}
{'loss': 0.6982, 'learning_rate': 3.7316675719717546e-05, 'epoch': 0.22}
{'loss': 0.7, 'learning_rate': 3.799565453557849e-05, 'epoch': 0.23}
{'loss': 0.6984, 'learning_rate': 3.867463335143944e-05, 'epoch': 0.23}
{'loss': 0.6936, 'learning_rate': 3.935361216730038e-05, 'epoch': 0.24}
{'loss': 0.6919, 'learning_rate': 4.0032590983161326e-05, 'epoch': 0.24}
{'loss': 0.6651, 'learning_rate': 4.071156979902227e-05, 'epoch': 0.24}
{'loss': 0.6836, 'learning_rate': 4.139054861488322e-05, 'epoch': 0.25}
{'loss': 0.6944, 'learning_rate': 4.206952743074416e-05, 'epoch': 0.25}
{'loss': 0.6435, 'learning_rate': 4.274850624660511e-05, 'epoch': 0.26}
{'loss': 0.6847, 'learning_rate': 4.3427485062466054e-05, 'epoch': 0.26}
{'loss': 0.6672, 'learning_rate': 4.4106463878327e-05, 'epoch': 0.26}
{'loss': 0.6599, 'learning_rate': 4.478544269418795e-05, 'epoch': 0.27}
{'loss': 0.6568, 'learning_rate': 4.546442151004889e-05, 'epoch': 0.27}
{'loss': 0.6358, 'learning_rate': 4.6143400325909834e-05, 'epoch': 0.28}
{'loss': 0.6544, 'learning_rate': 4.682237914177078e-05, 'epoch': 0.28}
{'loss': 0.6227, 'learning_rate': 4.750135795763173e-05, 'epoch': 0.29}
{'loss': 0.632, 'learning_rate': 4.818033677349267e-05, 'epoch': 0.29}
{'loss': 0.6408, 'learning_rate': 4.8859315589353615e-05, 'epoch': 0.29}
{'loss': 0.648, 'learning_rate': 4.9538294405214555e-05, 'epoch': 0.3}
{'loss': 0.6069, 'learning_rate': 5.02172732210755e-05, 'epoch': 0.3}
{'loss': 0.6237, 'learning_rate': 5.0896252036936455e-05, 'epoch': 0.31}
{'loss': 0.6221, 'learning_rate': 5.1575230852797395e-05, 'epoch': 0.31}
{'loss': 0.6092, 'learning_rate': 5.2254209668658335e-05, 'epoch': 0.31}
{'loss': 0.5991, 'learning_rate': 5.2919608908202064e-05, 'epoch': 0.32}
{'loss': 0.5776, 'learning_rate': 5.359858772406301e-05, 'epoch': 0.32}
{'loss': 0.6122, 'learning_rate': 5.427756653992395e-05, 'epoch': 0.33}
{'loss': 0.5758, 'learning_rate': 5.4956545355784905e-05, 'epoch': 0.33}
{'loss': 0.6044, 'learning_rate': 5.5635524171645845e-05, 'epoch': 0.33}
{'loss': 0.5808, 'learning_rate': 5.631450298750679e-05, 'epoch': 0.34}
{'loss': 0.5837, 'learning_rate': 5.6993481803367745e-05, 'epoch': 0.34}
{'loss': 0.5816, 'learning_rate': 5.7672460619228685e-05, 'epoch': 0.35}
{'loss': 0.5949, 'learning_rate': 5.8351439435089625e-05, 'epoch': 0.35}
{'loss': 0.5607, 'learning_rate': 5.903041825095057e-05, 'epoch': 0.35}
{'loss': 0.5814, 'learning_rate': 5.9709397066811526e-05, 'epoch': 0.36}
{'loss': 0.5845, 'learning_rate': 6.0388375882672466e-05, 'epoch': 0.36}
{'loss': 0.5681, 'learning_rate': 6.10673546985334e-05, 'epoch': 0.37}
{'loss': 0.5477, 'learning_rate': 6.174633351439435e-05, 'epoch': 0.37}
{'loss': 0.6006, 'learning_rate': 6.24253123302553e-05, 'epoch': 0.37}
{'loss': 0.5872, 'learning_rate': 6.310429114611625e-05, 'epoch': 0.38}
{'loss': 0.6074, 'learning_rate': 6.37832699619772e-05, 'epoch': 0.38}
{'loss': 0.582, 'learning_rate': 6.446224877783813e-05, 'epoch': 0.39}
{'loss': 0.598, 'learning_rate': 6.514122759369909e-05, 'epoch': 0.39}
{'loss': 0.6093, 'learning_rate': 6.582020640956002e-05, 'epoch': 0.4}
{'loss': 0.5696, 'learning_rate': 6.649918522542097e-05, 'epoch': 0.4}
{'loss': 0.5686, 'learning_rate': 6.717816404128191e-05, 'epoch': 0.4}
{'loss': 0.6021, 'learning_rate': 6.785714285714286e-05, 'epoch': 0.41}
{'loss': 0.5725, 'learning_rate': 6.853612167300381e-05, 'epoch': 0.41}
{'loss': 0.5346, 'learning_rate': 6.921510048886475e-05, 'epoch': 0.42}
{'loss': 0.5535, 'learning_rate': 6.98940793047257e-05, 'epoch': 0.42}
{'loss': 0.5926, 'learning_rate': 7.057305812058665e-05, 'epoch': 0.42}
{'loss': 0.5463, 'learning_rate': 7.125203693644758e-05, 'epoch': 0.43}
{'loss': 0.5434, 'learning_rate': 7.193101575230853e-05, 'epoch': 0.43}
{'loss': 0.5747, 'learning_rate': 7.260999456816948e-05, 'epoch': 0.44}
{'loss': 0.5429, 'learning_rate': 7.328897338403042e-05, 'epoch': 0.44}
{'loss': 0.5579, 'learning_rate': 7.396795219989137e-05, 'epoch': 0.44}
{'loss': 0.5582, 'learning_rate': 7.46469310157523e-05, 'epoch': 0.45}
{'loss': 0.531, 'learning_rate': 7.532590983161326e-05, 'epoch': 0.45}
{'loss': 0.5548, 'learning_rate': 7.600488864747421e-05, 'epoch': 0.46}
{'loss': 0.5379, 'learning_rate': 7.668386746333514e-05, 'epoch': 0.46}
{'loss': 0.5701, 'learning_rate': 7.736284627919609e-05, 'epoch': 0.46}
{'loss': 0.5473, 'learning_rate': 7.804182509505704e-05, 'epoch': 0.47}
{'loss': 0.5371, 'learning_rate': 7.872080391091798e-05, 'epoch': 0.47}
{'loss': 0.5529, 'learning_rate': 7.939978272677893e-05, 'epoch': 0.48}
{'loss': 0.5553, 'learning_rate': 8.007876154263986e-05, 'epoch': 0.48}
{'loss': 0.5236, 'learning_rate': 8.075774035850082e-05, 'epoch': 0.48}
{'loss': 0.5457, 'learning_rate': 8.143671917436177e-05, 'epoch': 0.49}
{'loss': 0.508, 'learning_rate': 8.21156979902227e-05, 'epoch': 0.49}
{'loss': 0.5499, 'learning_rate': 8.279467680608365e-05, 'epoch': 0.5}
{'loss': 0.5017, 'learning_rate': 8.34736556219446e-05, 'epoch': 0.5}
{'loss': 0.5239, 'learning_rate': 8.415263443780554e-05, 'epoch': 0.51}
{'loss': 0.5127, 'learning_rate': 8.483161325366649e-05, 'epoch': 0.51}
{'loss': 0.555, 'learning_rate': 8.551059206952744e-05, 'epoch': 0.51}
{'loss': 0.5532, 'learning_rate': 8.618957088538838e-05, 'epoch': 0.52}
{'loss': 0.5101, 'learning_rate': 8.686854970124932e-05, 'epoch': 0.52}
{'loss': 0.5506, 'learning_rate': 8.754752851711026e-05, 'epoch': 0.53}
{'loss': 0.5184, 'learning_rate': 8.822650733297123e-05, 'epoch': 0.53}
{'loss': 0.5499, 'learning_rate': 8.890548614883216e-05, 'epoch': 0.53}
{'loss': 0.5312, 'learning_rate': 8.95844649646931e-05, 'epoch': 0.54}
{'loss': 0.5552, 'learning_rate': 9.026344378055405e-05, 'epoch': 0.54}
{'loss': 0.5352, 'learning_rate': 9.0942422596415e-05, 'epoch': 0.55}
{'loss': 0.5442, 'learning_rate': 9.162140141227595e-05, 'epoch': 0.55}
{'loss': 0.5284, 'learning_rate': 9.230038022813688e-05, 'epoch': 0.55}
{'loss': 0.5403, 'learning_rate': 9.297935904399783e-05, 'epoch': 0.56}
{'loss': 0.5307, 'learning_rate': 9.365833785985879e-05, 'epoch': 0.56}
{'loss': 0.508, 'learning_rate': 9.433731667571972e-05, 'epoch': 0.57}
{'loss': 0.4985, 'learning_rate': 9.501629549158067e-05, 'epoch': 0.57}
{'loss': 0.5265, 'learning_rate': 9.569527430744161e-05, 'epoch': 0.57}
{'loss': 0.5134, 'learning_rate': 9.637425312330256e-05, 'epoch': 0.58}
{'loss': 0.5385, 'learning_rate': 9.705323193916351e-05, 'epoch': 0.58}
{'loss': 0.5201, 'learning_rate': 9.773221075502444e-05, 'epoch': 0.59}
{'loss': 0.5323, 'learning_rate': 9.84111895708854e-05, 'epoch': 0.59}
{'loss': 0.5373, 'learning_rate': 9.909016838674633e-05, 'epoch': 0.59}
{'loss': 0.5411, 'learning_rate': 9.976914720260728e-05, 'epoch': 0.6}
{'loss': 0.5258, 'learning_rate': 9.997142151253512e-05, 'epoch': 0.6}
{'loss': 0.5057, 'learning_rate': 9.992812077395195e-05, 'epoch': 0.61}
{'loss': 0.5247, 'learning_rate': 9.988482003536877e-05, 'epoch': 0.61}
{'loss': 0.4966, 'learning_rate': 9.984151929678561e-05, 'epoch': 0.62}
{'loss': 0.5315, 'learning_rate': 9.979821855820244e-05, 'epoch': 0.62}
{'loss': 0.4872, 'learning_rate': 9.975491781961926e-05, 'epoch': 0.62}
{'loss': 0.5171, 'learning_rate': 9.97116170810361e-05, 'epoch': 0.63}
{'loss': 0.5116, 'learning_rate': 9.966831634245293e-05, 'epoch': 0.63}
{'loss': 0.4807, 'learning_rate': 9.962501560386977e-05, 'epoch': 0.64}
{'loss': 0.5213, 'learning_rate': 9.95817148652866e-05, 'epoch': 0.64}
{'loss': 0.5146, 'learning_rate': 9.953841412670342e-05, 'epoch': 0.64}
{'loss': 0.5183, 'learning_rate': 9.949511338812026e-05, 'epoch': 0.65}
{'loss': 0.5344, 'learning_rate': 9.94518126495371e-05, 'epoch': 0.65}
{'loss': 0.5243, 'learning_rate': 9.940851191095391e-05, 'epoch': 0.66}
{'loss': 0.5277, 'learning_rate': 9.936521117237075e-05, 'epoch': 0.66}
{'loss': 0.5115, 'learning_rate': 9.932191043378758e-05, 'epoch': 0.66}
{'loss': 0.5006, 'learning_rate': 9.92786096952044e-05, 'epoch': 0.67}
{'loss': 0.5036, 'learning_rate': 9.923530895662125e-05, 'epoch': 0.67}
{'loss': 0.5156, 'learning_rate': 9.919200821803809e-05, 'epoch': 0.68}
{'loss': 0.5013, 'learning_rate': 9.914957349422656e-05, 'epoch': 0.68}
{'loss': 0.4807, 'learning_rate': 9.910627275564341e-05, 'epoch': 0.68}
{'loss': 0.4813, 'learning_rate': 9.906297201706025e-05, 'epoch': 0.69}
{'loss': 0.4813, 'learning_rate': 9.901967127847707e-05, 'epoch': 0.69}
{'loss': 0.4857, 'learning_rate': 9.89763705398939e-05, 'epoch': 0.7}
{'loss': 0.5176, 'learning_rate': 9.893306980131072e-05, 'epoch': 0.7}
{'loss': 0.4898, 'learning_rate': 9.888976906272756e-05, 'epoch': 0.7}
{'loss': 0.4951, 'learning_rate': 9.88464683241444e-05, 'epoch': 0.71}
{'loss': 0.4982, 'learning_rate': 9.880316758556121e-05, 'epoch': 0.71}
{'loss': 0.5052, 'learning_rate': 9.875986684697805e-05, 'epoch': 0.72}
{'loss': 0.4799, 'learning_rate': 9.871656610839488e-05, 'epoch': 0.72}
{'loss': 0.4919, 'learning_rate': 9.867326536981172e-05, 'epoch': 0.73}
{'loss': 0.5313, 'learning_rate': 9.862996463122855e-05, 'epoch': 0.73}
{'loss': 0.4688, 'learning_rate': 9.858666389264539e-05, 'epoch': 0.73}
{'loss': 0.498, 'learning_rate': 9.854336315406221e-05, 'epoch': 0.74}
{'loss': 0.51, 'learning_rate': 9.850006241547904e-05, 'epoch': 0.74}
{'loss': 0.4959, 'learning_rate': 9.845676167689588e-05, 'epoch': 0.75}
{'loss': 0.4922, 'learning_rate': 9.84134609383127e-05, 'epoch': 0.75}
{'loss': 0.501, 'learning_rate': 9.837016019972953e-05, 'epoch': 0.75}
{'loss': 0.4586, 'learning_rate': 9.832685946114637e-05, 'epoch': 0.76}
{'loss': 0.5196, 'learning_rate': 9.82835587225632e-05, 'epoch': 0.76}
{'loss': 0.4853, 'learning_rate': 9.824025798398004e-05, 'epoch': 0.77}
{'loss': 0.4956, 'learning_rate': 9.819695724539686e-05, 'epoch': 0.77}
{'loss': 0.4655, 'learning_rate': 9.81536565068137e-05, 'epoch': 0.77}
{'loss': 0.4773, 'learning_rate': 9.811035576823053e-05, 'epoch': 0.78}
{'loss': 0.4584, 'learning_rate': 9.806705502964735e-05, 'epoch': 0.78}
{'loss': 0.4796, 'learning_rate': 9.802375429106419e-05, 'epoch': 0.79}
{'loss': 0.5115, 'learning_rate': 9.798045355248102e-05, 'epoch': 0.79}
{'loss': 0.4889, 'learning_rate': 9.793715281389786e-05, 'epoch': 0.79}
{'loss': 0.4827, 'learning_rate': 9.789385207531469e-05, 'epoch': 0.8}
{'loss': 0.4662, 'learning_rate': 9.785055133673151e-05, 'epoch': 0.8}
{'loss': 0.495, 'learning_rate': 9.780725059814835e-05, 'epoch': 0.81}
{'loss': 0.4957, 'learning_rate': 9.776394985956518e-05, 'epoch': 0.81}
{'loss': 0.5094, 'learning_rate': 9.7720649120982e-05, 'epoch': 0.81}
{'loss': 0.4875, 'learning_rate': 9.767734838239884e-05, 'epoch': 0.82}
{'loss': 0.4818, 'learning_rate': 9.763404764381567e-05, 'epoch': 0.82}
{'loss': 0.4706, 'learning_rate': 9.759074690523249e-05, 'epoch': 0.83}
{'loss': 0.5028, 'learning_rate': 9.754744616664934e-05, 'epoch': 0.83}
{'loss': 0.5117, 'learning_rate': 9.750414542806618e-05, 'epoch': 0.84}
{'loss': 0.4427, 'learning_rate': 9.7460844689483e-05, 'epoch': 0.84}
{'loss': 0.4889, 'learning_rate': 9.741754395089983e-05, 'epoch': 0.84}
{'loss': 0.4755, 'learning_rate': 9.737510922708832e-05, 'epoch': 0.85}
{'loss': 0.4951, 'learning_rate': 9.733180848850516e-05, 'epoch': 0.85}
{'loss': 0.4794, 'learning_rate': 9.728850774992199e-05, 'epoch': 0.86}
{'loss': 0.4663, 'learning_rate': 9.724520701133881e-05, 'epoch': 0.86}
{'loss': 0.5011, 'learning_rate': 9.720190627275565e-05, 'epoch': 0.86}
{'loss': 0.5136, 'learning_rate': 9.715860553417248e-05, 'epoch': 0.87}
{'loss': 0.5092, 'learning_rate': 9.71153047955893e-05, 'epoch': 0.87}
{'loss': 0.4667, 'learning_rate': 9.707200405700614e-05, 'epoch': 0.88}
{'loss': 0.4939, 'learning_rate': 9.702870331842297e-05, 'epoch': 0.88}
{'loss': 0.4822, 'learning_rate': 9.69854025798398e-05, 'epoch': 0.88}
{'loss': 0.4713, 'learning_rate': 9.694210184125664e-05, 'epoch': 0.89}
{'loss': 0.4738, 'learning_rate': 9.689880110267348e-05, 'epoch': 0.89}
{'loss': 0.4662, 'learning_rate': 9.68555003640903e-05, 'epoch': 0.9}
{'loss': 0.511, 'learning_rate': 9.681219962550713e-05, 'epoch': 0.9}
{'loss': 0.4647, 'learning_rate': 9.676889888692395e-05, 'epoch': 0.9}
{'loss': 0.4814, 'learning_rate': 9.672559814834079e-05, 'epoch': 0.91}
{'loss': 0.4819, 'learning_rate': 9.668229740975762e-05, 'epoch': 0.91}
{'loss': 0.4916, 'learning_rate': 9.663899667117446e-05, 'epoch': 0.92}
{'loss': 0.4708, 'learning_rate': 9.659569593259129e-05, 'epoch': 0.92}
{'loss': 0.4614, 'learning_rate': 9.655239519400813e-05, 'epoch': 0.92}
{'loss': 0.4901, 'learning_rate': 9.650909445542495e-05, 'epoch': 0.93}
{'loss': 0.4692, 'learning_rate': 9.646579371684178e-05, 'epoch': 0.93}
{'loss': 0.4863, 'learning_rate': 9.642249297825862e-05, 'epoch': 0.94}
{'loss': 0.5004, 'learning_rate': 9.637919223967544e-05, 'epoch': 0.94}
{'loss': 0.5197, 'learning_rate': 9.633589150109227e-05, 'epoch': 0.95}
{'loss': 0.5241, 'learning_rate': 9.629259076250911e-05, 'epoch': 0.95}
{'loss': 0.4478, 'learning_rate': 9.624929002392594e-05, 'epoch': 0.95}
{'loss': 0.465, 'learning_rate': 9.620598928534278e-05, 'epoch': 0.96}
{'loss': 0.4793, 'learning_rate': 9.61626885467596e-05, 'epoch': 0.96}
{'loss': 0.5031, 'learning_rate': 9.611938780817643e-05, 'epoch': 0.97}
{'loss': 0.504, 'learning_rate': 9.607608706959327e-05, 'epoch': 0.97}
{'loss': 0.468, 'learning_rate': 9.603278633101009e-05, 'epoch': 0.97}
{'loss': 0.4603, 'learning_rate': 9.598948559242692e-05, 'epoch': 0.98}
{'loss': 0.466, 'learning_rate': 9.594618485384376e-05, 'epoch': 0.98}
{'loss': 0.4707, 'learning_rate': 9.59028841152606e-05, 'epoch': 0.99}
{'loss': 0.4468, 'learning_rate': 9.585958337667743e-05, 'epoch': 0.99}
{'loss': 0.5067, 'learning_rate': 9.581628263809426e-05, 'epoch': 0.99}
{'loss': 0.4659, 'learning_rate': 9.577298189951108e-05, 'epoch': 1.0}
[INFO|trainer.py:520] 2026-10-04 16:40:57,473 >> The following columns in the evaluation set  don't have a corresponding argument in `PETLEncModel.forward` and have been ignored: idx, hypothesis, premise.
[INFO|trainer.py:2179] 2026-10-04 16:40:57,475 >> ***** Running Evaluation *****
[INFO|trainer.py:2181] 2026-10-04 16:40:57,475 >>   Num examples = 9815
[INFO|trainer.py:2184] 2026-10-04 16:40:57,475 >>   Batch size = 32
{'eval_loss': 0.4200047552585602, 'eval_accuracy': 0.83841059602649, 'eval_runtime': 16.0401, 'eval_samples_per_second': 611.903, 'eval_steps_per_second': 19.139, 'epoch': 1.0}
[INFO|trainer.py:1933] 2026-10-04 16:41:13,516 >> Saving model checkpoint to checkpoints/glue/mnli/20261004/glue.mnli.mam.am_prefix.ao_concat.fm_adapter.fo_parallel.abn.fbn.ac_add.fl_none.finit_lora.fs_2.unfrz_ef_.ne10.warm0.06.wd0.1.seed6./checkpoint-12272
[INFO|configuration_utils.py:364] 2026-10-04 16:41:13,529 >> Configuration saved in checkpoints/glue/mnli/20261004/glue.mnli.mam.am_prefix.ao_concat.fm_adapter.fo_parallel.abn.fbn.ac_add.fl_none.finit_lora.fs_2.unfrz_ef_.ne10.warm0.06.wd0.1.seed6./checkpoint-12272/config.json
[INFO|modeling_utils.py:898] 2026-10-04 16:41:14,006 >> Model weights saved in checkpoints/glue/mnli/20261004/glue.mnli.mam.am_prefix.ao_concat.fm_adapter.fo_parallel.abn.fbn.ac_add.fl_none.finit_lora.fs_2.unfrz_ef_.ne10.warm0.06.wd0.1.seed6./checkpoint-12272/pytorch_model.bin
[INFO|tokenization_utils_base.py:1948] 2026-10-04 16:41:14,007 >> tokenizer config file saved in checkpoints/glue/mnli/20261004/glue.mnli.mam.am_prefix.ao_concat.fm_adapter.fo_parallel.abn.fbn.ac_add.fl_none.finit_lora.fs_2.unfrz_ef_.ne10.warm0.06.wd0.1.seed6./checkpoint-12272/tokenizer_config.json
[INFO|tokenization_utils_base.py:1954] 2026-10-04 16:41:14,008 >> Special tokens file saved in checkpoints/glue/mnli/20261004/glue.mnli.mam.am_prefix.ao_concat.fm_adapter.fo_parallel.abn.fbn.ac_add.fl_none.finit_lora.fs_2.unfrz_ef_.ne10.warm0.06.wd0.1.seed6./checkpoint-12272/special_tokens_map.json
/work/unify-parameter-efficient-tuning/src/transformers/trainer.py:1784: FutureWarning: `torch.cuda.amp.autocast(args...)` is deprecated. Please use `torch.amp.autocast('cuda', args...)` instead.
  with autocast():
{'loss': 0.5065, 'learning_rate': 9.572968116092792e-05, 'epoch': 1.0}
{'loss': 0.4666, 'learning_rate': 9.568638042234474e-05, 'epoch': 1.01}
{'loss': 0.4097, 'learning_rate': 9.564307968376158e-05, 'epoch': 1.01}
{'loss': 0.4543, 'learning_rate': 9.559977894517841e-05, 'epoch': 1.01}
{'loss': 0.4869, 'learning_rate': 9.555647820659523e-05, 'epoch': 1.02}
{'loss': 0.4743, 'learning_rate': 9.551317746801207e-05, 'epoch': 1.02}
{'loss': 0.4613, 'learning_rate': 9.546987672942891e-05, 'epoch': 1.03}
{'loss': 0.4393, 'learning_rate': 9.542657599084574e-05, 'epoch': 1.03}
{'loss': 0.4546, 'learning_rate': 9.538327525226257e-05, 'epoch': 1.03}
{'loss': 0.4942, 'learning_rate': 9.533997451367939e-05, 'epoch': 1.04}
{'loss': 0.4525, 'learning_rate': 9.529667377509623e-05, 'epoch': 1.04}
{'loss': 0.4697, 'learning_rate': 9.525337303651306e-05, 'epoch': 1.05}
{'loss': 0.4338, 'learning_rate': 9.521007229792988e-05, 'epoch': 1.05}
{'loss': 0.4703, 'learning_rate': 9.516677155934672e-05, 'epoch': 1.06}
{'loss': 0.4349, 'learning_rate': 9.512347082076355e-05, 'epoch': 1.06}
{'loss': 0.462, 'learning_rate': 9.508017008218039e-05, 'epoch': 1.06}
{'loss': 0.4534, 'learning_rate': 9.503686934359722e-05, 'epoch': 1.07}
{'loss': 0.4286, 'learning_rate': 9.499356860501406e-05, 'epoch': 1.07}
{'loss': 0.4735, 'learning_rate': 9.495026786643088e-05, 'epoch': 1.08}
{'loss': 0.4121, 'learning_rate': 9.490696712784771e-05, 'epoch': 1.08}
{'loss': 0.4686, 'learning_rate': 9.486366638926455e-05, 'epoch': 1.08}
{'loss': 0.4694, 'learning_rate': 9.482036565068137e-05, 'epoch': 1.09}
{'loss': 0.46, 'learning_rate': 9.47770649120982e-05, 'epoch': 1.09}
{'loss': 0.4585, 'learning_rate': 9.473376417351504e-05, 'epoch': 1.1}
{'loss': 0.4393, 'learning_rate': 9.469132944970353e-05, 'epoch': 1.1}
{'loss': 0.4664, 'learning_rate': 9.464802871112036e-05, 'epoch': 1.1}
{'loss': 0.4797, 'learning_rate': 9.46047279725372e-05, 'epoch': 1.11}
{'loss': 0.4405, 'learning_rate': 9.456142723395403e-05, 'epoch': 1.11}
{'loss': 0.4601, 'learning_rate': 9.451812649537086e-05, 'epoch': 1.12}
{'loss': 0.4327, 'learning_rate': 9.447482575678769e-05, 'epoch': 1.12}
{'loss': 0.4602, 'learning_rate': 9.443152501820452e-05, 'epoch': 1.12}
{'loss': 0.457, 'learning_rate': 9.438822427962136e-05, 'epoch': 1.13}
{'loss': 0.4946, 'learning_rate': 9.434492354103818e-05, 'epoch': 1.13}
{'loss': 0.4679, 'learning_rate': 9.430162280245501e-05, 'epoch': 1.14}
{'loss': 0.4555, 'learning_rate': 9.425832206387185e-05, 'epoch': 1.14}
{'loss': 0.4761, 'learning_rate': 9.421502132528868e-05, 'epoch': 1.14}
{'loss': 0.478, 'learning_rate': 9.417172058670552e-05, 'epoch': 1.15}
{'loss': 0.4656, 'learning_rate': 9.412841984812234e-05, 'epoch': 1.15}
{'loss': 0.4507, 'learning_rate': 9.408511910953917e-05, 'epoch': 1.16}
{'loss': 0.4362, 'learning_rate': 9.4041818370956e-05, 'epoch': 1.16}
{'loss': 0.4565, 'learning_rate': 9.399851763237283e-05, 'epoch': 1.17}
{'loss': 0.4409, 'learning_rate': 9.395521689378966e-05, 'epoch': 1.17}
{'loss': 0.4725, 'learning_rate': 9.39119161552065e-05, 'epoch': 1.17}
{'loss': 0.469, 'learning_rate': 9.386861541662332e-05, 'epoch': 1.18}
{'loss': 0.4243, 'learning_rate': 9.382531467804015e-05, 'epoch': 1.18}
{'loss': 0.4958, 'learning_rate': 9.3782013939457e-05, 'epoch': 1.19}
{'loss': 0.4305, 'learning_rate': 9.373871320087382e-05, 'epoch': 1.19}
{'loss': 0.4521, 'learning_rate': 9.369541246229066e-05, 'epoch': 1.19}
{'loss': 0.4833, 'learning_rate': 9.365211172370748e-05, 'epoch': 1.2}
{'loss': 0.468, 'learning_rate': 9.360881098512431e-05, 'epoch': 1.2}
{'loss': 0.4204, 'learning_rate': 9.356551024654115e-05, 'epoch': 1.21}
{'loss': 0.4879, 'learning_rate': 9.352220950795797e-05, 'epoch': 1.21}
{'loss': 0.4074, 'learning_rate': 9.34789087693748e-05, 'epoch': 1.21}
{'loss': 0.4463, 'learning_rate': 9.343560803079164e-05, 'epoch': 1.22}
{'loss': 0.466, 'learning_rate': 9.339230729220847e-05, 'epoch': 1.22}
{'loss': 0.4722, 'learning_rate': 9.334900655362531e-05, 'epoch': 1.23}
{'loss': 0.4733, 'learning_rate': 9.330570581504214e-05, 'epoch': 1.23}
{'loss': 0.4323, 'learning_rate': 9.326240507645896e-05, 'epoch': 1.23}
{'loss': 0.4635, 'learning_rate': 9.32191043378758e-05, 'epoch': 1.24}
{'loss': 0.4461, 'learning_rate': 9.317580359929263e-05, 'epoch': 1.24}
{'loss': 0.4658, 'learning_rate': 9.313250286070945e-05, 'epoch': 1.25}
{'loss': 0.4788, 'learning_rate': 9.308920212212629e-05, 'epoch': 1.25}
{'loss': 0.473, 'learning_rate': 9.304590138354312e-05, 'epoch': 1.25}
{'loss': 0.4656, 'learning_rate': 9.300260064495996e-05, 'epoch': 1.26}
{'loss': 0.4533, 'learning_rate': 9.29592999063768e-05, 'epoch': 1.26}
{'loss': 0.4504, 'learning_rate': 9.291599916779362e-05, 'epoch': 1.27}
{'loss': 0.4599, 'learning_rate': 9.287356444398212e-05, 'epoch': 1.27}
{'loss': 0.4568, 'learning_rate': 9.283026370539895e-05, 'epoch': 1.28}
{'loss': 0.4068, 'learning_rate': 9.278696296681577e-05, 'epoch': 1.28}
{'loss': 0.428, 'learning_rate': 9.274366222823261e-05, 'epoch': 1.28}
{'loss': 0.4638, 'learning_rate': 9.270036148964944e-05, 'epoch': 1.29}
{'loss': 0.4391, 'learning_rate': 9.265706075106626e-05, 'epoch': 1.29}
{'loss': 0.4701, 'learning_rate': 9.26137600124831e-05, 'epoch': 1.3}
{'loss': 0.424, 'learning_rate': 9.257045927389993e-05, 'epoch': 1.3}
{'loss': 0.455, 'learning_rate': 9.252715853531677e-05, 'epoch': 1.3}
{'loss': 0.4515, 'learning_rate': 9.24838577967336e-05, 'epoch': 1.31}
{'loss': 0.4614, 'learning_rate': 9.244055705815042e-05, 'epoch': 1.31}
{'loss': 0.4424, 'learning_rate': 9.239725631956726e-05, 'epoch': 1.32}
{'loss': 0.4519, 'learning_rate': 9.23539555809841e-05, 'epoch': 1.32}
{'loss': 0.4302, 'learning_rate': 9.231065484240091e-05, 'epoch': 1.32}
{'loss': 0.4408, 'learning_rate': 9.226735410381775e-05, 'epoch': 1.33}
{'loss': 0.4505, 'learning_rate': 9.222405336523458e-05, 'epoch': 1.33}
{'loss': 0.4396, 'learning_rate': 9.21807526266514e-05, 'epoch': 1.34}
{'loss': 0.4605, 'learning_rate': 9.213745188806824e-05, 'epoch': 1.34}
{'loss': 0.4731, 'learning_rate': 9.209415114948508e-05, 'epoch': 1.34}
{'loss': 0.4482, 'learning_rate': 9.205085041090191e-05, 'epoch': 1.35}
{'loss': 0.4218, 'learning_rate': 9.200754967231874e-05, 'epoch': 1.35}
{'loss': 0.4358, 'learning_rate': 9.196424893373557e-05, 'epoch': 1.36}
{'loss': 0.4191, 'learning_rate': 9.19209481951524e-05, 'epoch': 1.36}
{'loss': 0.4549, 'learning_rate': 9.187764745656924e-05, 'epoch': 1.36}
{'loss': 0.4346, 'learning_rate': 9.183434671798606e-05, 'epoch': 1.37}
{'loss': 0.4511, 'learning_rate': 9.179104597940289e-05, 'epoch': 1.37}
{'loss': 0.4758, 'learning_rate': 9.174774524081973e-05, 'epoch': 1.38}
{'loss': 0.4451, 'learning_rate': 9.170444450223656e-05, 'epoch': 1.38}
{'loss': 0.4719, 'learning_rate': 9.16611437636534e-05, 'epoch': 1.39}
{'loss': 0.4681, 'learning_rate': 9.161784302507023e-05, 'epoch': 1.39}
{'loss': 0.4446, 'learning_rate': 9.157454228648705e-05, 'epoch': 1.39}
{'loss': 0.4491, 'learning_rate': 9.153124154790389e-05, 'epoch': 1.4}
{'loss': 0.4384, 'learning_rate': 9.148794080932072e-05, 'epoch': 1.4}
{'loss': 0.4919, 'learning_rate': 9.144464007073754e-05, 'epoch': 1.41}
{'loss': 0.4489, 'learning_rate': 9.140133933215438e-05, 'epoch': 1.41}
{'loss': 0.439, 'learning_rate': 9.135803859357121e-05, 'epoch': 1.41}
{'loss': 0.4583, 'learning_rate': 9.131473785498805e-05, 'epoch': 1.42}
{'loss': 0.461, 'learning_rate': 9.127143711640488e-05, 'epoch': 1.42}
{'loss': 0.4658, 'learning_rate': 9.12281363778217e-05, 'epoch': 1.43}
{'loss': 0.4304, 'learning_rate': 9.118483563923854e-05, 'epoch': 1.43}
{'loss': 0.4497, 'learning_rate': 9.114153490065537e-05, 'epoch': 1.43}
{'loss': 0.4632, 'learning_rate': 9.109910017684386e-05, 'epoch': 1.44}
{'loss': 0.4498, 'learning_rate': 9.10557994382607e-05, 'epoch': 1.44}
{'loss': 0.4603, 'learning_rate': 9.101249869967753e-05, 'epoch': 1.45}
{'loss': 0.4244, 'learning_rate': 9.096919796109435e-05, 'epoch': 1.45}
{'loss': 0.4409, 'learning_rate': 9.092589722251119e-05, 'epoch': 1.45}
{'loss': 0.4455, 'learning_rate': 9.088259648392802e-05, 'epoch': 1.46}
{'loss': 0.436, 'learning_rate': 9.083929574534486e-05, 'epoch': 1.46}
{'loss': 0.4818, 'learning_rate': 9.079599500676169e-05, 'epoch': 1.47}
{'loss': 0.4537, 'learning_rate': 9.075269426817851e-05, 'epoch': 1.47}
{'loss': 0.4387, 'learning_rate': 9.070939352959535e-05, 'epoch': 1.47}
{'loss': 0.4487, 'learning_rate': 9.066609279101218e-05, 'epoch': 1.48}
{'loss': 0.4187, 'learning_rate': 9.0622792052429e-05, 'epoch': 1.48}
{'loss': 0.4564, 'learning_rate': 9.057949131384584e-05, 'epoch': 1.49}
{'loss': 0.4406, 'learning_rate': 9.053619057526266e-05, 'epoch': 1.49}
{'loss': 0.4427, 'learning_rate': 9.049288983667949e-05, 'epoch': 1.5}
{'loss': 0.4501, 'learning_rate': 9.044958909809634e-05, 'epoch': 1.5}
{'loss': 0.4297, 'learning_rate': 9.040628835951316e-05, 'epoch': 1.5}
{'loss': 0.4442, 'learning_rate': 9.036298762093e-05, 'epoch': 1.51}
{'loss': 0.4446, 'learning_rate': 9.031968688234683e-05, 'epoch': 1.51}
{'loss': 0.424, 'learning_rate': 9.027638614376365e-05, 'epoch': 1.52}
{'loss': 0.4475, 'learning_rate': 9.023308540518049e-05, 'epoch': 1.52}
{'loss': 0.4674, 'learning_rate': 9.018978466659732e-05, 'epoch': 1.52}
{'loss': 0.426, 'learning_rate': 9.014648392801414e-05, 'epoch': 1.53}
{'loss': 0.4378, 'learning_rate': 9.010318318943098e-05, 'epoch': 1.53}
{'loss': 0.413, 'learning_rate': 9.005988245084781e-05, 'epoch': 1.54}
{'loss': 0.4416, 'learning_rate': 9.001658171226465e-05, 'epoch': 1.54}
{'loss': 0.4442, 'learning_rate': 8.997328097368148e-05, 'epoch': 1.54}
{'loss': 0.4377, 'learning_rate': 8.992998023509832e-05, 'epoch': 1.55}
{'loss': 0.4093, 'learning_rate': 8.988667949651514e-05, 'epoch': 1.55}
{'loss': 0.449, 'learning_rate': 8.984337875793197e-05, 'epoch': 1.56}
{'loss': 0.4144, 'learning_rate': 8.98000780193488e-05, 'epoch': 1.56}
{'loss': 0.4561, 'learning_rate': 8.975677728076563e-05, 'epoch': 1.56}
{'loss': 0.4629, 'learning_rate': 8.971347654218246e-05, 'epoch': 1.57}
{'loss': 0.4593, 'learning_rate': 8.96701758035993e-05, 'epoch': 1.57}
{'loss': 0.4263, 'learning_rate': 8.962687506501613e-05, 'epoch': 1.58}
{'loss': 0.4364, 'learning_rate': 8.958357432643297e-05, 'epoch': 1.58}
{'loss': 0.4159, 'learning_rate': 8.954027358784979e-05, 'epoch': 1.58}
{'loss': 0.4202, 'learning_rate': 8.949697284926662e-05, 'epoch': 1.59}
{'loss': 0.4325, 'learning_rate': 8.945367211068345e-05, 'epoch': 1.59}
{'loss': 0.4429, 'learning_rate': 8.941037137210028e-05, 'epoch': 1.6}
{'loss': 0.4976, 'learning_rate': 8.936707063351712e-05, 'epoch': 1.6}
{'loss': 0.4436, 'learning_rate': 8.932376989493395e-05, 'epoch': 1.61}
{'loss': 0.4476, 'learning_rate': 8.928133517112244e-05, 'epoch': 1.61}
{'loss': 0.4433, 'learning_rate': 8.923803443253927e-05, 'epoch': 1.61}
{'loss': 0.4377, 'learning_rate': 8.919473369395611e-05, 'epoch': 1.62}
{'loss': 0.4399, 'learning_rate': 8.915143295537294e-05, 'epoch': 1.62}
{'loss': 0.4403, 'learning_rate': 8.910813221678978e-05, 'epoch': 1.63}
{'loss': 0.4378, 'learning_rate': 8.90648314782066e-05, 'epoch': 1.63}
{'loss': 0.4325, 'learning_rate': 8.902153073962343e-05, 'epoch': 1.63}
{'loss': 0.4401, 'learning_rate': 8.897823000104027e-05, 'epoch': 1.64}
{'loss': 0.4546, 'learning_rate': 8.893492926245709e-05, 'epoch': 1.64}
{'loss': 0.4323, 'learning_rate': 8.889162852387392e-05, 'epoch': 1.65}
{'loss': 0.4355, 'learning_rate': 8.884832778529075e-05, 'epoch': 1.65}
{'loss': 0.456, 'learning_rate': 8.880502704670758e-05, 'epoch': 1.65}
{'loss': 0.428, 'learning_rate': 8.876172630812443e-05, 'epoch': 1.66}
{'loss': 0.4353, 'learning_rate': 8.871842556954125e-05, 'epoch': 1.66}
{'loss': 0.4358, 'learning_rate': 8.867512483095808e-05, 'epoch': 1.67}
{'loss': 0.4283, 'learning_rate': 8.863182409237492e-05, 'epoch': 1.67}
{'loss': 0.4557, 'learning_rate': 8.858852335379174e-05, 'epoch': 1.67}
{'loss': 0.4458, 'learning_rate': 8.854522261520858e-05, 'epoch': 1.68}
{'loss': 0.4444, 'learning_rate': 8.850192187662541e-05, 'epoch': 1.68}
{'loss': 0.4195, 'learning_rate': 8.845862113804223e-05, 'epoch': 1.69}
{'loss': 0.452, 'learning_rate': 8.841532039945907e-05, 'epoch': 1.69}
{'loss': 0.4199, 'learning_rate': 8.83720196608759e-05, 'epoch': 1.69}
{'loss': 0.4396, 'learning_rate': 8.832871892229274e-05, 'epoch': 1.7}
{'loss': 0.4391, 'learning_rate': 8.828541818370957e-05, 'epoch': 1.7}
{'loss': 0.4177, 'learning_rate': 8.824211744512639e-05, 'epoch': 1.71}
{'loss': 0.3966, 'learning_rate': 8.819881670654323e-05, 'epoch': 1.71}
{'loss': 0.4415, 'learning_rate': 8.815551596796006e-05, 'epoch': 1.72}
{'loss': 0.4198, 'learning_rate': 8.811221522937688e-05, 'epoch': 1.72}
{'loss': 0.4528, 'learning_rate': 8.806891449079372e-05, 'epoch': 1.72}
{'loss': 0.4626, 'learning_rate': 8.802561375221055e-05, 'epoch': 1.73}
{'loss': 0.4408, 'learning_rate': 8.798231301362739e-05, 'epoch': 1.73}
{'loss': 0.4394, 'learning_rate': 8.793901227504422e-05, 'epoch': 1.74}
{'loss': 0.4701, 'learning_rate': 8.789571153646104e-05, 'epoch': 1.74}
{'loss': 0.4508, 'learning_rate': 8.785241079787788e-05, 'epoch': 1.74}
{'loss': 0.4514, 'learning_rate': 8.780911005929471e-05, 'epoch': 1.75}
{'loss': 0.4367, 'learning_rate': 8.776580932071153e-05, 'epoch': 1.75}
{'loss': 0.422, 'learning_rate': 8.772250858212837e-05, 'epoch': 1.76}
{'loss': 0.4617, 'learning_rate': 8.76792078435452e-05, 'epoch': 1.76}
{'loss': 0.4196, 'learning_rate': 8.763590710496204e-05, 'epoch': 1.76}
{'loss': 0.4575, 'learning_rate': 8.759260636637887e-05, 'epoch': 1.77}
{'loss': 0.4417, 'learning_rate': 8.754930562779571e-05, 'epoch': 1.77}
{'loss': 0.4239, 'learning_rate': 8.750600488921253e-05, 'epoch': 1.78}
{'loss': 0.4252, 'learning_rate': 8.746357016540103e-05, 'epoch': 1.78}
{'loss': 0.4172, 'learning_rate': 8.742026942681785e-05, 'epoch': 1.78}
{'loss': 0.4347, 'learning_rate': 8.737696868823469e-05, 'epoch': 1.79}
{'loss': 0.4204, 'learning_rate': 8.733366794965152e-05, 'epoch': 1.79}
{'loss': 0.4655, 'learning_rate': 8.729036721106834e-05, 'epoch': 1.8}
{'loss': 0.4383, 'learning_rate': 8.724706647248518e-05, 'epoch': 1.8}
{'loss': 0.4254, 'learning_rate': 8.720376573390201e-05, 'epoch': 1.8}
{'loss': 0.4126, 'learning_rate': 8.716046499531883e-05, 'epoch': 1.81}
{'loss': 0.4524, 'learning_rate': 8.711716425673567e-05, 'epoch': 1.81}
{'loss': 0.4648, 'learning_rate': 8.707386351815252e-05, 'epoch': 1.82}
{'loss': 0.4424, 'learning_rate': 8.703056277956934e-05, 'epoch': 1.82}
{'loss': 0.4593, 'learning_rate': 8.698726204098617e-05, 'epoch': 1.83}
{'loss': 0.4214, 'learning_rate': 8.6943961302403e-05, 'epoch': 1.83}
{'loss': 0.4234, 'learning_rate': 8.690066056381983e-05, 'epoch': 1.83}
{'loss': 0.4782, 'learning_rate': 8.685735982523666e-05, 'epoch': 1.84}
{'loss': 0.4172, 'learning_rate': 8.68140590866535e-05, 'epoch': 1.84}
{'loss': 0.4575, 'learning_rate': 8.677075834807032e-05, 'epoch': 1.85}
{'loss': 0.4398, 'learning_rate': 8.672745760948715e-05, 'epoch': 1.85}
{'loss': 0.44, 'learning_rate': 8.668415687090399e-05, 'epoch': 1.85}
{'loss': 0.4398, 'learning_rate': 8.664085613232082e-05, 'epoch': 1.86}
{'loss': 0.4338, 'learning_rate': 8.659842140850931e-05, 'epoch': 1.86}
{'loss': 0.4713, 'learning_rate': 8.655512066992615e-05, 'epoch': 1.87}
{'loss': 0.4642, 'learning_rate': 8.651181993134298e-05, 'epoch': 1.87}
{'loss': 0.4391, 'learning_rate': 8.646851919275982e-05, 'epoch': 1.87}
{'loss': 0.4223, 'learning_rate': 8.642521845417664e-05, 'epoch': 1.88}
{'loss': 0.4663, 'learning_rate': 8.638191771559347e-05, 'epoch': 1.88}
{'loss': 0.4458, 'learning_rate': 8.63386169770103e-05, 'epoch': 1.89}
{'loss': 0.4156, 'learning_rate': 8.629531623842713e-05, 'epoch': 1.89}
{'loss': 0.3958, 'learning_rate': 8.625201549984396e-05, 'epoch': 1.89}
{'loss': 0.4363, 'learning_rate': 8.62087147612608e-05, 'epoch': 1.9}
{'loss': 0.4159, 'learning_rate': 8.616541402267763e-05, 'epoch': 1.9}
{'loss': 0.4291, 'learning_rate': 8.612211328409447e-05, 'epoch': 1.91}
{'loss': 0.4395, 'learning_rate': 8.60788125455113e-05, 'epoch': 1.91}
{'loss': 0.3924, 'learning_rate': 8.603551180692812e-05, 'epoch': 1.91}
{'loss': 0.4604, 'learning_rate': 8.599221106834496e-05, 'epoch': 1.92}
{'loss': 0.3949, 'learning_rate': 8.594891032976178e-05, 'epoch': 1.92}
{'loss': 0.4302, 'learning_rate': 8.590560959117861e-05, 'epoch': 1.93}
{'loss': 0.4609, 'learning_rate': 8.586230885259545e-05, 'epoch': 1.93}
{'loss': 0.4614, 'learning_rate': 8.581900811401228e-05, 'epoch': 1.94}
{'loss': 0.4095, 'learning_rate': 8.577570737542912e-05, 'epoch': 1.94}
{'loss': 0.4543, 'learning_rate': 8.573240663684594e-05, 'epoch': 1.94}
{'loss': 0.427, 'learning_rate': 8.568910589826277e-05, 'epoch': 1.95}
{'loss': 0.42, 'learning_rate': 8.564580515967961e-05, 'epoch': 1.95}
{'loss': 0.4485, 'learning_rate': 8.560250442109643e-05, 'epoch': 1.96}
{'loss': 0.4313, 'learning_rate': 8.555920368251326e-05, 'epoch': 1.96}
{'loss': 0.4612, 'learning_rate': 8.55159029439301e-05, 'epoch': 1.96}
{'loss': 0.4547, 'learning_rate': 8.547260220534692e-05, 'epoch': 1.97}
{'loss': 0.4292, 'learning_rate': 8.542930146676375e-05, 'epoch': 1.97}
{'loss': 0.4242, 'learning_rate': 8.53860007281806e-05, 'epoch': 1.98}
{'loss': 0.4353, 'learning_rate': 8.534269998959742e-05, 'epoch': 1.98}
{'loss': 0.4366, 'learning_rate': 8.529939925101426e-05, 'epoch': 1.98}
{'loss': 0.4364, 'learning_rate': 8.52560985124311e-05, 'epoch': 1.99}
{'loss': 0.419, 'learning_rate': 8.521279777384792e-05, 'epoch': 1.99}
{'loss': 0.4653, 'learning_rate': 8.516949703526475e-05, 'epoch': 2.0}
[INFO|trainer.py:520] 2026-10-04 16:48:22,815 >> The following columns in the evaluation set  don't have a corresponding argument in `PETLEncModel.forward` and have been ignored: idx, hypothesis, premise.
[INFO|trainer.py:2179] 2026-10-04 16:48:22,817 >> ***** Running Evaluation *****
[INFO|trainer.py:2181] 2026-10-04 16:48:22,817 >>   Num examples = 9815
[INFO|trainer.py:2184] 2026-10-04 16:48:22,817 >>   Batch size = 32
{'eval_loss': 0.3922842741012573, 'eval_accuracy': 0.8532857870606215, 'eval_runtime': 10.1576, 'eval_samples_per_second': 966.273, 'eval_steps_per_second': 30.224, 'epoch': 2.0}
[INFO|trainer.py:1933] 2026-10-04 16:48:32,975 >> Saving model checkpoint to checkpoints/glue/mnli/20261004/glue.mnli.mam.am_prefix.ao_concat.fm_adapter.fo_parallel.abn.fbn.ac_add.fl_none.finit_lora.fs_2.unfrz_ef_.ne10.warm0.06.wd0.1.seed6./checkpoint-24544
[INFO|configuration_utils.py:364] 2026-10-04 16:48:32,977 >> Configuration saved in checkpoints/glue/mnli/20261004/glue.mnli.mam.am_prefix.ao_concat.fm_adapter.fo_parallel.abn.fbn.ac_add.fl_none.finit_lora.fs_2.unfrz_ef_.ne10.warm0.06.wd0.1.seed6./checkpoint-24544/config.json
[INFO|modeling_utils.py:898] 2026-10-04 16:48:33,402 >> Model weights saved in checkpoints/glue/mnli/20261004/glue.mnli.mam.am_prefix.ao_concat.fm_adapter.fo_parallel.abn.fbn.ac_add.fl_none.finit_lora.fs_2.unfrz_ef_.ne10.warm0.06.wd0.1.seed6./checkpoint-24544/pytorch_model.bin
[INFO|tokenization_utils_base.py:1948] 2026-10-04 16:48:33,403 >> tokenizer config file saved in checkpoints/glue/mnli/20261004/glue.mnli.mam.am_prefix.ao_concat.fm_adapter.fo_parallel.abn.fbn.ac_add.fl_none.finit_lora.fs_2.unfrz_ef_.ne10.warm0.06.wd0.1.seed6./checkpoint-24544/tokenizer_config.json
[INFO|tokenization_utils_base.py:1954] 2026-10-04 16:48:33,404 >> Special tokens file saved in checkpoints/glue/mnli/20261004/glue.mnli.mam.am_prefix.ao_concat.fm_adapter.fo_parallel.abn.fbn.ac_add.fl_none.finit_lora.fs_2.unfrz_ef_.ne10.warm0.06.wd0.1.seed6./checkpoint-24544/special_tokens_map.json
/work/unify-parameter-efficient-tuning/src/transformers/trainer.py:1784: FutureWarning: `torch.cuda.amp.autocast(args...)` is deprecated. Please use `torch.amp.autocast('cuda', args...)` instead.
  with autocast():
{'loss': 0.4481, 'learning_rate': 8.512619629668158e-05, 'epoch': 2.0}
{'loss': 0.4512, 'learning_rate': 8.50828955580984e-05, 'epoch': 2.0}
{'loss': 0.4323, 'learning_rate': 8.503959481951524e-05, 'epoch': 2.01}
{'loss': 0.41, 'learning_rate': 8.499629408093209e-05, 'epoch': 2.01}
{'loss': 0.4415, 'learning_rate': 8.495299334234891e-05, 'epoch': 2.02}
{'loss': 0.4045, 'learning_rate': 8.490969260376574e-05, 'epoch': 2.02}
{'loss': 0.4263, 'learning_rate': 8.486639186518257e-05, 'epoch': 2.02}
{'loss': 0.4396, 'learning_rate': 8.48230911265994e-05, 'epoch': 2.03}
{'loss': 0.4427, 'learning_rate': 8.477979038801622e-05, 'epoch': 2.03}
{'loss': 0.4307, 'learning_rate': 8.473648964943306e-05, 'epoch': 2.04}
{'loss': 0.4421, 'learning_rate': 8.469318891084989e-05, 'epoch': 2.04}
{'loss': 0.432, 'learning_rate': 8.464988817226673e-05, 'epoch': 2.05}
{'loss': 0.4306, 'learning_rate': 8.460658743368356e-05, 'epoch': 2.05}
{'loss': 0.4166, 'learning_rate': 8.45632866951004e-05, 'epoch': 2.05}
{'loss': 0.4122, 'learning_rate': 8.451998595651722e-05, 'epoch': 2.06}
{'loss': 0.4549, 'learning_rate': 8.447668521793405e-05, 'epoch': 2.06}
{'loss': 0.4333, 'learning_rate': 8.443338447935089e-05, 'epoch': 2.07}
{'loss': 0.4199, 'learning_rate': 8.439008374076771e-05, 'epoch': 2.07}
{'loss': 0.4152, 'learning_rate': 8.434678300218454e-05, 'epoch': 2.07}
{'loss': 0.4342, 'learning_rate': 8.430348226360138e-05, 'epoch': 2.08}
{'loss': 0.4214, 'learning_rate': 8.426018152501821e-05, 'epoch': 2.08}
{'loss': 0.4285, 'learning_rate': 8.421688078643505e-05, 'epoch': 2.09}
{'loss': 0.4253, 'learning_rate': 8.417358004785188e-05, 'epoch': 2.09}
{'loss': 0.4036, 'learning_rate': 8.41302793092687e-05, 'epoch': 2.09}
{'loss': 0.4164, 'learning_rate': 8.408697857068554e-05, 'epoch': 2.1}
{'loss': 0.4185, 'learning_rate': 8.404367783210237e-05, 'epoch': 2.1}
{'loss': 0.3909, 'learning_rate': 8.40003770935192e-05, 'epoch': 2.11}
{'loss': 0.42, 'learning_rate': 8.395707635493603e-05, 'epoch': 2.11}
{'loss': 0.4238, 'learning_rate': 8.391377561635286e-05, 'epoch': 2.11}
{'loss': 0.4227, 'learning_rate': 8.38704748777697e-05, 'epoch': 2.12}
{'loss': 0.4066, 'learning_rate': 8.382717413918653e-05, 'epoch': 2.12}
{'loss': 0.4125, 'learning_rate': 8.378387340060335e-05, 'epoch': 2.13}
{'loss': 0.4659, 'learning_rate': 8.374057266202019e-05, 'epoch': 2.13}
{'loss': 0.4319, 'learning_rate': 8.369727192343701e-05, 'epoch': 2.13}
{'loss': 0.4253, 'learning_rate': 8.365397118485384e-05, 'epoch': 2.14}
{'loss': 0.4124, 'learning_rate': 8.361067044627068e-05, 'epoch': 2.14}
{'loss': 0.4454, 'learning_rate': 8.35673697076875e-05, 'epoch': 2.15}
{'loss': 0.4083, 'learning_rate': 8.352406896910434e-05, 'epoch': 2.15}
{'loss': 0.4392, 'learning_rate': 8.348076823052117e-05, 'epoch': 2.16}
{'loss': 0.4234, 'learning_rate': 8.3437467491938e-05, 'epoch': 2.16}
{'loss': 0.4337, 'learning_rate': 8.339416675335484e-05, 'epoch': 2.16}
{'loss': 0.4513, 'learning_rate': 8.335086601477167e-05, 'epoch': 2.17}
{'loss': 0.4465, 'learning_rate': 8.33075652761885e-05, 'epoch': 2.17}
{'loss': 0.4305, 'learning_rate': 8.326426453760533e-05, 'epoch': 2.18}
{'loss': 0.4019, 'learning_rate': 8.322096379902216e-05, 'epoch': 2.18}
{'loss': 0.4559, 'learning_rate': 8.317766306043899e-05, 'epoch': 2.18}
{'loss': 0.4253, 'learning_rate': 8.313436232185582e-05, 'epoch': 2.19}
{'loss': 0.4413, 'learning_rate': 8.309192759804431e-05, 'epoch': 2.19}
{'loss': 0.4123, 'learning_rate': 8.304862685946114e-05, 'epoch': 2.2}
{'loss': 0.4304, 'learning_rate': 8.300532612087798e-05, 'epoch': 2.2}
{'loss': 0.4137, 'learning_rate': 8.296202538229481e-05, 'epoch': 2.2}
{'loss': 0.422, 'learning_rate': 8.291872464371165e-05, 'epoch': 2.21}
{'loss': 0.4546, 'learning_rate': 8.287542390512848e-05, 'epoch': 2.21}
{'loss': 0.4013, 'learning_rate': 8.28321231665453e-05, 'epoch': 2.22}
{'loss': 0.4563, 'learning_rate': 8.278882242796214e-05, 'epoch': 2.22}
{'loss': 0.427, 'learning_rate': 8.274552168937897e-05, 'epoch': 2.22}
{'loss': 0.4247, 'learning_rate': 8.27022209507958e-05, 'epoch': 2.23}
{'loss': 0.4312, 'learning_rate': 8.265892021221263e-05, 'epoch': 2.23}
{'loss': 0.3986, 'learning_rate': 8.261561947362946e-05, 'epoch': 2.24}
{'loss': 0.4105, 'learning_rate': 8.25723187350463e-05, 'epoch': 2.24}
{'loss': 0.391, 'learning_rate': 8.252901799646313e-05, 'epoch': 2.24}
{'loss': 0.4185, 'learning_rate': 8.248571725787997e-05, 'epoch': 2.25}
{'loss': 0.4244, 'learning_rate': 8.244241651929679e-05, 'epoch': 2.25}
{'loss': 0.4188, 'learning_rate': 8.239911578071362e-05, 'epoch': 2.26}
{'loss': 0.427, 'learning_rate': 8.235581504213046e-05, 'epoch': 2.26}
{'loss': 0.4083, 'learning_rate': 8.231251430354728e-05, 'epoch': 2.27}
{'loss': 0.4345, 'learning_rate': 8.226921356496412e-05, 'epoch': 2.27}
{'loss': 0.4238, 'learning_rate': 8.222591282638094e-05, 'epoch': 2.27}
{'loss': 0.3963, 'learning_rate': 8.218261208779778e-05, 'epoch': 2.28}
{'loss': 0.4083, 'learning_rate': 8.214017736398627e-05, 'epoch': 2.28}
{'loss': 0.4438, 'learning_rate': 8.20968766254031e-05, 'epoch': 2.29}
{'loss': 0.4232, 'learning_rate': 8.205357588681994e-05, 'epoch': 2.29}
{'loss': 0.4006, 'learning_rate': 8.201027514823678e-05, 'epoch': 2.29}
{'loss': 0.4487, 'learning_rate': 8.19669744096536e-05, 'epoch': 2.3}
{'loss': 0.4354, 'learning_rate': 8.192367367107043e-05, 'epoch': 2.3}
{'loss': 0.4446, 'learning_rate': 8.188037293248727e-05, 'epoch': 2.31}
{'loss': 0.4175, 'learning_rate': 8.183707219390409e-05, 'epoch': 2.31}
{'loss': 0.3899, 'learning_rate': 8.179377145532092e-05, 'epoch': 2.31}
{'loss': 0.3865, 'learning_rate': 8.175047071673776e-05, 'epoch': 2.32}
{'loss': 0.4148, 'learning_rate': 8.170716997815458e-05, 'epoch': 2.32}
{'loss': 0.3948, 'learning_rate': 8.166386923957142e-05, 'epoch': 2.33}
{'loss': 0.4035, 'learning_rate': 8.162056850098825e-05, 'epoch': 2.33}
{'loss': 0.4033, 'learning_rate': 8.157726776240508e-05, 'epoch': 2.33}
{'loss': 0.3762, 'learning_rate': 8.15339670238219e-05, 'epoch': 2.34}
{'loss': 0.4075, 'learning_rate': 8.149066628523874e-05, 'epoch': 2.34}
{'loss': 0.417, 'learning_rate': 8.144736554665558e-05, 'epoch': 2.35}
{'loss': 0.3888, 'learning_rate': 8.14040648080724e-05, 'epoch': 2.35}
{'loss': 0.3944, 'learning_rate': 8.136076406948923e-05, 'epoch': 2.35}
{'loss': 0.4116, 'learning_rate': 8.131746333090607e-05, 'epoch': 2.36}
{'loss': 0.4129, 'learning_rate': 8.12741625923229e-05, 'epoch': 2.36}
{'loss': 0.4264, 'learning_rate': 8.123086185373974e-05, 'epoch': 2.37}
{'loss': 0.421, 'learning_rate': 8.118756111515657e-05, 'epoch': 2.37}
{'loss': 0.4389, 'learning_rate': 8.114426037657339e-05, 'epoch': 2.38}
{'loss': 0.4203, 'learning_rate': 8.110095963799023e-05, 'epoch': 2.38}
{'loss': 0.4029, 'learning_rate': 8.105765889940706e-05, 'epoch': 2.38}
{'loss': 0.412, 'learning_rate': 8.101435816082388e-05, 'epoch': 2.39}
{'loss': 0.4348, 'learning_rate': 8.097105742224072e-05, 'epoch': 2.39}
{'loss': 0.4318, 'learning_rate': 8.092775668365755e-05, 'epoch': 2.4}
{'loss': 0.3855, 'learning_rate': 8.088445594507439e-05, 'epoch': 2.4}
{'loss': 0.4284, 'learning_rate': 8.084115520649122e-05, 'epoch': 2.4}
{'loss': 0.4235, 'learning_rate': 8.079785446790806e-05, 'epoch': 2.41}
{'loss': 0.4445, 'learning_rate': 8.075455372932488e-05, 'epoch': 2.41}
{'loss': 0.4112, 'learning_rate': 8.071125299074171e-05, 'epoch': 2.42}
{'loss': 0.4406, 'learning_rate': 8.066795225215853e-05, 'epoch': 2.42}
{'loss': 0.393, 'learning_rate': 8.062465151357537e-05, 'epoch': 2.42}
{'loss': 0.4166, 'learning_rate': 8.05813507749922e-05, 'epoch': 2.43}
{'loss': 0.4075, 'learning_rate': 8.053805003640902e-05, 'epoch': 2.43}
{'loss': 0.381, 'learning_rate': 8.049474929782587e-05, 'epoch': 2.44}
{'loss': 0.4292, 'learning_rate': 8.04514485592427e-05, 'epoch': 2.44}
{'loss': 0.4022, 'learning_rate': 8.040814782065953e-05, 'epoch': 2.44}
{'loss': 0.4033, 'learning_rate': 8.036484708207636e-05, 'epoch': 2.45}
{'loss': 0.4163, 'learning_rate': 8.032154634349318e-05, 'epoch': 2.45}
{'loss': 0.4175, 'learning_rate': 8.027824560491002e-05, 'epoch': 2.46}
{'loss': 0.4298, 'learning_rate': 8.023494486632685e-05, 'epoch': 2.46}
{'loss': 0.4093, 'learning_rate': 8.019164412774367e-05, 'epoch': 2.46}
{'loss': 0.4018, 'learning_rate': 8.014834338916051e-05, 'epoch': 2.47}
{'loss': 0.4152, 'learning_rate': 8.010504265057734e-05, 'epoch': 2.47}
{'loss': 0.4257, 'learning_rate': 8.006174191199418e-05, 'epoch': 2.48}
{'loss': 0.4305, 'learning_rate': 8.001844117341101e-05, 'epoch': 2.48}
{'loss': 0.4138, 'learning_rate': 7.997514043482785e-05, 'epoch': 2.49}
{'loss': 0.4183, 'learning_rate': 7.993183969624467e-05, 'epoch': 2.49}
{'loss': 0.3949, 'learning_rate': 7.98885389576615e-05, 'epoch': 2.49}
{'loss': 0.415, 'learning_rate': 7.984523821907834e-05, 'epoch': 2.5}
{'loss': 0.418, 'learning_rate': 7.980193748049516e-05, 'epoch': 2.5}
{'loss': 0.3838, 'learning_rate': 7.9758636741912e-05, 'epoch': 2.51}
{'loss': 0.4115, 'learning_rate': 7.971533600332883e-05, 'epoch': 2.51}
{'loss': 0.4362, 'learning_rate': 7.967203526474566e-05, 'epoch': 2.51}
{'loss': 0.3973, 'learning_rate': 7.96287345261625e-05, 'epoch': 2.52}
{'loss': 0.3916, 'learning_rate': 7.958543378757932e-05, 'epoch': 2.52}
{'loss': 0.43, 'learning_rate': 7.954213304899616e-05, 'epoch': 2.53}
{'loss': 0.4228, 'learning_rate': 7.949883231041298e-05, 'epoch': 2.53}
{'loss': 0.4128, 'learning_rate': 7.945553157182981e-05, 'epoch': 2.53}
{'loss': 0.4377, 'learning_rate': 7.941223083324665e-05, 'epoch': 2.54}
{'loss': 0.4417, 'learning_rate': 7.936893009466348e-05, 'epoch': 2.54}
{'loss': 0.3889, 'learning_rate': 7.932562935608032e-05, 'epoch': 2.55}
{'loss': 0.3944, 'learning_rate': 7.928232861749715e-05, 'epoch': 2.55}
{'loss': 0.4052, 'learning_rate': 7.923902787891397e-05, 'epoch': 2.55}
{'loss': 0.3983, 'learning_rate': 7.91957271403308e-05, 'epoch': 2.56}
{'loss': 0.3912, 'learning_rate': 7.915242640174764e-05, 'epoch': 2.56}
{'loss': 0.4012, 'learning_rate': 7.910912566316446e-05, 'epoch': 2.57}
{'loss': 0.4479, 'learning_rate': 7.90658249245813e-05, 'epoch': 2.57}
{'loss': 0.4491, 'learning_rate': 7.902252418599813e-05, 'epoch': 2.57}
{'loss': 0.407, 'learning_rate': 7.897922344741497e-05, 'epoch': 2.58}
{'loss': 0.4013, 'learning_rate': 7.89359227088318e-05, 'epoch': 2.58}
{'loss': 0.4119, 'learning_rate': 7.889262197024864e-05, 'epoch': 2.59}
{'loss': 0.3803, 'learning_rate': 7.884932123166546e-05, 'epoch': 2.59}
{'loss': 0.4375, 'learning_rate': 7.880688650785396e-05, 'epoch': 2.6}
{'loss': 0.4145, 'learning_rate': 7.876358576927078e-05, 'epoch': 2.6}
{'loss': 0.3882, 'learning_rate': 7.872028503068762e-05, 'epoch': 2.6}
{'loss': 0.3888, 'learning_rate': 7.867698429210445e-05, 'epoch': 2.61}
{'loss': 0.4111, 'learning_rate': 7.863368355352127e-05, 'epoch': 2.61}
{'loss': 0.3995, 'learning_rate': 7.85903828149381e-05, 'epoch': 2.62}
{'loss': 0.4176, 'learning_rate': 7.854708207635494e-05, 'epoch': 2.62}
{'loss': 0.4022, 'learning_rate': 7.850378133777176e-05, 'epoch': 2.62}
{'loss': 0.4246, 'learning_rate': 7.84604805991886e-05, 'epoch': 2.63}
{'loss': 0.4249, 'learning_rate': 7.841717986060545e-05, 'epoch': 2.63}
{'loss': 0.42, 'learning_rate': 7.837387912202227e-05, 'epoch': 2.64}
{'loss': 0.4457, 'learning_rate': 7.83305783834391e-05, 'epoch': 2.64}
{'loss': 0.4109, 'learning_rate': 7.828727764485594e-05, 'epoch': 2.64}
{'loss': 0.4221, 'learning_rate': 7.824397690627276e-05, 'epoch': 2.65}
{'loss': 0.4117, 'learning_rate': 7.820067616768959e-05, 'epoch': 2.65}
{'loss': 0.4296, 'learning_rate': 7.815737542910643e-05, 'epoch': 2.66}
{'loss': 0.4604, 'learning_rate': 7.811407469052325e-05, 'epoch': 2.66}
{'loss': 0.4372, 'learning_rate': 7.807077395194008e-05, 'epoch': 2.66}
{'loss': 0.3675, 'learning_rate': 7.802747321335692e-05, 'epoch': 2.67}
{'loss': 0.4021, 'learning_rate': 7.798417247477375e-05, 'epoch': 2.67}
{'loss': 0.4161, 'learning_rate': 7.794087173619059e-05, 'epoch': 2.68}
{'loss': 0.4143, 'learning_rate': 7.789757099760741e-05, 'epoch': 2.68}
{'loss': 0.4099, 'learning_rate': 7.785427025902424e-05, 'epoch': 2.68}
{'loss': 0.4239, 'learning_rate': 7.781096952044106e-05, 'epoch': 2.69}
{'loss': 0.3849, 'learning_rate': 7.77676687818579e-05, 'epoch': 2.69}
{'loss': 0.4325, 'learning_rate': 7.772436804327473e-05, 'epoch': 2.7}
{'loss': 0.427, 'learning_rate': 7.768106730469157e-05, 'epoch': 2.7}
{'loss': 0.3982, 'learning_rate': 7.76377665661084e-05, 'epoch': 2.71}
{'loss': 0.3844, 'learning_rate': 7.759446582752524e-05, 'epoch': 2.71}
{'loss': 0.4303, 'learning_rate': 7.755116508894206e-05, 'epoch': 2.71}
{'loss': 0.4311, 'learning_rate': 7.75078643503589e-05, 'epoch': 2.72}
{'loss': 0.4163, 'learning_rate': 7.746456361177573e-05, 'epoch': 2.72}
{'loss': 0.4008, 'learning_rate': 7.742126287319255e-05, 'epoch': 2.73}
{'loss': 0.4145, 'learning_rate': 7.737796213460938e-05, 'epoch': 2.73}
{'loss': 0.4466, 'learning_rate': 7.733466139602622e-05, 'epoch': 2.73}
{'loss': 0.3784, 'learning_rate': 7.729136065744305e-05, 'epoch': 2.74}
{'loss': 0.3915, 'learning_rate': 7.724805991885989e-05, 'epoch': 2.74}
{'loss': 0.409, 'learning_rate': 7.720475918027672e-05, 'epoch': 2.75}
{'loss': 0.436, 'learning_rate': 7.716145844169354e-05, 'epoch': 2.75}
{'loss': 0.3827, 'learning_rate': 7.711815770311038e-05, 'epoch': 2.75}
{'loss': 0.4274, 'learning_rate': 7.707485696452721e-05, 'epoch': 2.76}
{'loss': 0.3913, 'learning_rate': 7.703155622594404e-05, 'epoch': 2.76}
{'loss': 0.3836, 'learning_rate': 7.698825548736087e-05, 'epoch': 2.77}
{'loss': 0.4372, 'learning_rate': 7.694495474877769e-05, 'epoch': 2.77}
{'loss': 0.4186, 'learning_rate': 7.690165401019453e-05, 'epoch': 2.77}
{'loss': 0.4174, 'learning_rate': 7.685835327161136e-05, 'epoch': 2.78}
{'loss': 0.4211, 'learning_rate': 7.68150525330282e-05, 'epoch': 2.78}
{'loss': 0.4509, 'learning_rate': 7.677175179444503e-05, 'epoch': 2.79}
{'loss': 0.4227, 'learning_rate': 7.672845105586185e-05, 'epoch': 2.79}
{'loss': 0.4069, 'learning_rate': 7.668515031727869e-05, 'epoch': 2.79}
{'loss': 0.4211, 'learning_rate': 7.664184957869552e-05, 'epoch': 2.8}
{'loss': 0.3881, 'learning_rate': 7.659854884011234e-05, 'epoch': 2.8}
{'loss': 0.4688, 'learning_rate': 7.655524810152918e-05, 'epoch': 2.81}
{'loss': 0.4225, 'learning_rate': 7.651194736294601e-05, 'epoch': 2.81}
{'loss': 0.4006, 'learning_rate': 7.646864662436285e-05, 'epoch': 2.82}
{'loss': 0.4022, 'learning_rate': 7.642534588577968e-05, 'epoch': 2.82}
{'loss': 0.4315, 'learning_rate': 7.638204514719652e-05, 'epoch': 2.82}
{'loss': 0.4035, 'learning_rate': 7.633874440861334e-05, 'epoch': 2.83}
{'loss': 0.4093, 'learning_rate': 7.629544367003017e-05, 'epoch': 2.83}
{'loss': 0.4441, 'learning_rate': 7.625214293144701e-05, 'epoch': 2.84}
{'loss': 0.4282, 'learning_rate': 7.620884219286383e-05, 'epoch': 2.84}
{'loss': 0.4421, 'learning_rate': 7.616554145428066e-05, 'epoch': 2.84}
{'loss': 0.397, 'learning_rate': 7.612310673046915e-05, 'epoch': 2.85}
{'loss': 0.3805, 'learning_rate': 7.607980599188599e-05, 'epoch': 2.85}
{'loss': 0.3745, 'learning_rate': 7.603650525330282e-05, 'epoch': 2.86}
{'loss': 0.4046, 'learning_rate': 7.599320451471966e-05, 'epoch': 2.86}
{'loss': 0.4141, 'learning_rate': 7.594990377613649e-05, 'epoch': 2.86}
{'loss': 0.4194, 'learning_rate': 7.590660303755333e-05, 'epoch': 2.87}
{'loss': 0.3955, 'learning_rate': 7.586330229897015e-05, 'epoch': 2.87}
{'loss': 0.4082, 'learning_rate': 7.582000156038698e-05, 'epoch': 2.88}
{'loss': 0.3901, 'learning_rate': 7.577670082180382e-05, 'epoch': 2.88}
{'loss': 0.3696, 'learning_rate': 7.573340008322064e-05, 'epoch': 2.88}
{'loss': 0.4043, 'learning_rate': 7.569009934463747e-05, 'epoch': 2.89}
{'loss': 0.4052, 'learning_rate': 7.56467986060543e-05, 'epoch': 2.89}
{'loss': 0.452, 'learning_rate': 7.560349786747114e-05, 'epoch': 2.9}
{'loss': 0.4106, 'learning_rate': 7.556019712888798e-05, 'epoch': 2.9}
{'loss': 0.4081, 'learning_rate': 7.551689639030481e-05, 'epoch': 2.9}
{'loss': 0.3902, 'learning_rate': 7.547359565172163e-05, 'epoch': 2.91}
{'loss': 0.3705, 'learning_rate': 7.543029491313847e-05, 'epoch': 2.91}
{'loss': 0.4414, 'learning_rate': 7.53869941745553e-05, 'epoch': 2.92}
{'loss': 0.4181, 'learning_rate': 7.534369343597212e-05, 'epoch': 2.92}
{'loss': 0.3991, 'learning_rate': 7.530039269738896e-05, 'epoch': 2.93}
{'loss': 0.4004, 'learning_rate': 7.525709195880578e-05, 'epoch': 2.93}
{'loss': 0.4055, 'learning_rate': 7.521379122022261e-05, 'epoch': 2.93}
{'loss': 0.4148, 'learning_rate': 7.517049048163945e-05, 'epoch': 2.94}
{'loss': 0.4201, 'learning_rate': 7.512718974305628e-05, 'epoch': 2.94}
{'loss': 0.3993, 'learning_rate': 7.508388900447312e-05, 'epoch': 2.95}
{'loss': 0.4385, 'learning_rate': 7.504058826588994e-05, 'epoch': 2.95}
{'loss': 0.4127, 'learning_rate': 7.499728752730677e-05, 'epoch': 2.95}
{'loss': 0.4224, 'learning_rate': 7.495398678872361e-05, 'epoch': 2.96}
{'loss': 0.4007, 'learning_rate': 7.491068605014043e-05, 'epoch': 2.96}
{'loss': 0.4231, 'learning_rate': 7.486738531155726e-05, 'epoch': 2.97}
{'loss': 0.4274, 'learning_rate': 7.48240845729741e-05, 'epoch': 2.97}
{'loss': 0.4204, 'learning_rate': 7.478078383439093e-05, 'epoch': 2.97}
{'loss': 0.423, 'learning_rate': 7.473748309580777e-05, 'epoch': 2.98}
{'loss': 0.407, 'learning_rate': 7.46941823572246e-05, 'epoch': 2.98}
{'loss': 0.3973, 'learning_rate': 7.465088161864142e-05, 'epoch': 2.99}
{'loss': 0.4099, 'learning_rate': 7.460758088005826e-05, 'epoch': 2.99}
{'loss': 0.4218, 'learning_rate': 7.45642801414751e-05, 'epoch': 2.99}
{'loss': 0.4134, 'learning_rate': 7.452097940289192e-05, 'epoch': 3.0}
[INFO|trainer.py:520] 2026-10-04 16:54:46,666 >> The following columns in the evaluation set  don't have a corresponding argument in `PETLEncModel.forward` and have been ignored: idx, hypothesis, premise.
[INFO|trainer.py:2179] 2026-10-04 16:54:46,669 >> ***** Running Evaluation *****
[INFO|trainer.py:2181] 2026-10-04 16:54:46,669 >>   Num examples = 9815
[INFO|trainer.py:2184] 2026-10-04 16:54:46,669 >>   Batch size = 32
{'eval_loss': 0.36381232738494873, 'eval_accuracy': 0.8613346917982679, 'eval_runtime': 10.2169, 'eval_samples_per_second': 960.66, 'eval_steps_per_second': 30.048, 'epoch': 3.0}
[INFO|trainer.py:1933] 2026-10-04 16:54:56,887 >> Saving model checkpoint to checkpoints/glue/mnli/20261004/glue.mnli.mam.am_prefix.ao_concat.fm_adapter.fo_parallel.abn.fbn.ac_add.fl_none.finit_lora.fs_2.unfrz_ef_.ne10.warm0.06.wd0.1.seed6./checkpoint-36816
[INFO|configuration_utils.py:364] 2026-10-04 16:54:56,888 >> Configuration saved in checkpoints/glue/mnli/20261004/glue.mnli.mam.am_prefix.ao_concat.fm_adapter.fo_parallel.abn.fbn.ac_add.fl_none.finit_lora.fs_2.unfrz_ef_.ne10.warm0.06.wd0.1.seed6./checkpoint-36816/config.json
[INFO|modeling_utils.py:898] 2026-10-04 16:54:57,346 >> Model weights saved in checkpoints/glue/mnli/20261004/glue.mnli.mam.am_prefix.ao_concat.fm_adapter.fo_parallel.abn.fbn.ac_add.fl_none.finit_lora.fs_2.unfrz_ef_.ne10.warm0.06.wd0.1.seed6./checkpoint-36816/pytorch_model.bin
[INFO|tokenization_utils_base.py:1948] 2026-10-04 16:54:57,357 >> tokenizer config file saved in checkpoints/glue/mnli/20261004/glue.mnli.mam.am_prefix.ao_concat.fm_adapter.fo_parallel.abn.fbn.ac_add.fl_none.finit_lora.fs_2.unfrz_ef_.ne10.warm0.06.wd0.1.seed6./checkpoint-36816/tokenizer_config.json
[INFO|tokenization_utils_base.py:1954] 2026-10-04 16:54:57,358 >> Special tokens file saved in checkpoints/glue/mnli/20261004/glue.mnli.mam.am_prefix.ao_concat.fm_adapter.fo_parallel.abn.fbn.ac_add.fl_none.finit_lora.fs_2.unfrz_ef_.ne10.warm0.06.wd0.1.seed6./checkpoint-36816/special_tokens_map.json
[INFO|trainer.py:2009] 2026-10-04 16:54:57,527 >> Deleting older checkpoint [checkpoints/glue/mnli/20261004/glue.mnli.mam.am_prefix.ao_concat.fm_adapter.fo_parallel.abn.fbn.ac_add.fl_none.finit_lora.fs_2.unfrz_ef_.ne10.warm0.06.wd0.1.seed6./checkpoint-12272] due to args.save_total_limit
/work/unify-parameter-efficient-tuning/src/transformers/trainer.py:1784: FutureWarning: `torch.cuda.amp.autocast(args...)` is deprecated. Please use `torch.amp.autocast('cuda', args...)` instead.
  with autocast():
{'loss': 0.4048, 'learning_rate': 7.447767866430875e-05, 'epoch': 3.0}
{'loss': 0.3804, 'learning_rate': 7.443437792572558e-05, 'epoch': 3.01}
{'loss': 0.4097, 'learning_rate': 7.439107718714242e-05, 'epoch': 3.01}
{'loss': 0.4002, 'learning_rate': 7.434777644855924e-05, 'epoch': 3.01}
{'loss': 0.4014, 'learning_rate': 7.430447570997609e-05, 'epoch': 3.02}
{'loss': 0.4004, 'learning_rate': 7.426117497139291e-05, 'epoch': 3.02}
{'loss': 0.4293, 'learning_rate': 7.421787423280973e-05, 'epoch': 3.03}
{'loss': 0.4047, 'learning_rate': 7.417457349422658e-05, 'epoch': 3.03}
{'loss': 0.3835, 'learning_rate': 7.41312727556434e-05, 'epoch': 3.04}
{'loss': 0.4147, 'learning_rate': 7.408797201706024e-05, 'epoch': 3.04}
{'loss': 0.3967, 'learning_rate': 7.404467127847707e-05, 'epoch': 3.04}
{'loss': 0.4087, 'learning_rate': 7.40013705398939e-05, 'epoch': 3.05}
{'loss': 0.395, 'learning_rate': 7.395806980131073e-05, 'epoch': 3.05}
{'loss': 0.4169, 'learning_rate': 7.391563507749923e-05, 'epoch': 3.06}
{'loss': 0.4193, 'learning_rate': 7.387233433891606e-05, 'epoch': 3.06}
{'loss': 0.3966, 'learning_rate': 7.38290336003329e-05, 'epoch': 3.06}
{'loss': 0.4203, 'learning_rate': 7.378573286174972e-05, 'epoch': 3.07}
{'loss': 0.4099, 'learning_rate': 7.374243212316654e-05, 'epoch': 3.07}
{'loss': 0.3987, 'learning_rate': 7.369913138458339e-05, 'epoch': 3.08}
{'loss': 0.4079, 'learning_rate': 7.365583064600021e-05, 'epoch': 3.08}
{'loss': 0.4053, 'learning_rate': 7.361252990741703e-05, 'epoch': 3.08}
{'loss': 0.4027, 'learning_rate': 7.356922916883387e-05, 'epoch': 3.09}
{'loss': 0.4145, 'learning_rate': 7.352592843025071e-05, 'epoch': 3.09}
{'loss': 0.392, 'learning_rate': 7.348262769166754e-05, 'epoch': 3.1}
{'loss': 0.3861, 'learning_rate': 7.343932695308437e-05, 'epoch': 3.1}
{'loss': 0.3987, 'learning_rate': 7.33960262145012e-05, 'epoch': 3.1}
{'loss': 0.4188, 'learning_rate': 7.335272547591803e-05, 'epoch': 3.11}
{'loss': 0.3959, 'learning_rate': 7.330942473733486e-05, 'epoch': 3.11}
{'loss': 0.3506, 'learning_rate': 7.32661239987517e-05, 'epoch': 3.12}
{'loss': 0.4206, 'learning_rate': 7.322282326016852e-05, 'epoch': 3.12}
{'loss': 0.3896, 'learning_rate': 7.317952252158535e-05, 'epoch': 3.12}
{'loss': 0.3819, 'learning_rate': 7.313622178300219e-05, 'epoch': 3.13}
{'loss': 0.3958, 'learning_rate': 7.309292104441902e-05, 'epoch': 3.13}
{'loss': 0.3974, 'learning_rate': 7.304962030583586e-05, 'epoch': 3.14}
{'loss': 0.378, 'learning_rate': 7.300631956725269e-05, 'epoch': 3.14}
{'loss': 0.3881, 'learning_rate': 7.296301882866951e-05, 'epoch': 3.15}
{'loss': 0.3844, 'learning_rate': 7.291971809008635e-05, 'epoch': 3.15}
{'loss': 0.388, 'learning_rate': 7.287641735150318e-05, 'epoch': 3.15}
{'loss': 0.3575, 'learning_rate': 7.283311661292e-05, 'epoch': 3.16}
{'loss': 0.3763, 'learning_rate': 7.278981587433684e-05, 'epoch': 3.16}
{'loss': 0.3866, 'learning_rate': 7.274651513575367e-05, 'epoch': 3.17}
{'loss': 0.3904, 'learning_rate': 7.270321439717051e-05, 'epoch': 3.17}
{'loss': 0.3966, 'learning_rate': 7.265991365858733e-05, 'epoch': 3.17}
{'loss': 0.4096, 'learning_rate': 7.261661292000418e-05, 'epoch': 3.18}
{'loss': 0.4084, 'learning_rate': 7.2573312181421e-05, 'epoch': 3.18}
{'loss': 0.3999, 'learning_rate': 7.253001144283782e-05, 'epoch': 3.19}
{'loss': 0.4038, 'learning_rate': 7.248671070425465e-05, 'epoch': 3.19}
{'loss': 0.4034, 'learning_rate': 7.244340996567149e-05, 'epoch': 3.19}
{'loss': 0.3718, 'learning_rate': 7.240010922708832e-05, 'epoch': 3.2}
{'loss': 0.3991, 'learning_rate': 7.235680848850516e-05, 'epoch': 3.2}
{'loss': 0.4127, 'learning_rate': 7.231350774992199e-05, 'epoch': 3.21}
{'loss': 0.3936, 'learning_rate': 7.227020701133881e-05, 'epoch': 3.21}
{'loss': 0.3849, 'learning_rate': 7.222690627275565e-05, 'epoch': 3.21}
{'loss': 0.3692, 'learning_rate': 7.218360553417248e-05, 'epoch': 3.22}
{'loss': 0.3916, 'learning_rate': 7.21403047955893e-05, 'epoch': 3.22}
{'loss': 0.3828, 'learning_rate': 7.209700405700614e-05, 'epoch': 3.23}
{'loss': 0.4117, 'learning_rate': 7.205370331842297e-05, 'epoch': 3.23}
{'loss': 0.4013, 'learning_rate': 7.20104025798398e-05, 'epoch': 3.24}
{'loss': 0.3679, 'learning_rate': 7.196710184125664e-05, 'epoch': 3.24}
{'loss': 0.4177, 'learning_rate': 7.192380110267348e-05, 'epoch': 3.24}
{'loss': 0.3913, 'learning_rate': 7.18805003640903e-05, 'epoch': 3.25}
{'loss': 0.3714, 'learning_rate': 7.183719962550713e-05, 'epoch': 3.25}
{'loss': 0.391, 'learning_rate': 7.179389888692397e-05, 'epoch': 3.26}
{'loss': 0.3927, 'learning_rate': 7.175059814834079e-05, 'epoch': 3.26}
{'loss': 0.3973, 'learning_rate': 7.170729740975761e-05, 'epoch': 3.26}
{'loss': 0.4129, 'learning_rate': 7.166399667117446e-05, 'epoch': 3.27}
{'loss': 0.4139, 'learning_rate': 7.162069593259128e-05, 'epoch': 3.27}
{'loss': 0.3535, 'learning_rate': 7.157739519400812e-05, 'epoch': 3.28}
{'loss': 0.4094, 'learning_rate': 7.153409445542496e-05, 'epoch': 3.28}
{'loss': 0.39, 'learning_rate': 7.149079371684179e-05, 'epoch': 3.28}
{'loss': 0.3783, 'learning_rate': 7.14474929782586e-05, 'epoch': 3.29}
{'loss': 0.3787, 'learning_rate': 7.140419223967544e-05, 'epoch': 3.29}
{'loss': 0.4065, 'learning_rate': 7.136089150109228e-05, 'epoch': 3.3}
{'loss': 0.4131, 'learning_rate': 7.13175907625091e-05, 'epoch': 3.3}
{'loss': 0.4113, 'learning_rate': 7.127429002392593e-05, 'epoch': 3.3}
{'loss': 0.4041, 'learning_rate': 7.123098928534277e-05, 'epoch': 3.31}
{'loss': 0.4173, 'learning_rate': 7.11876885467596e-05, 'epoch': 3.31}
{'loss': 0.4151, 'learning_rate': 7.114438780817644e-05, 'epoch': 3.32}
{'loss': 0.4046, 'learning_rate': 7.110108706959327e-05, 'epoch': 3.32}
{'loss': 0.4068, 'learning_rate': 7.105778633101009e-05, 'epoch': 3.32}
{'loss': 0.4031, 'learning_rate': 7.101448559242693e-05, 'epoch': 3.33}
{'loss': 0.3948, 'learning_rate': 7.097118485384376e-05, 'epoch': 3.33}
{'loss': 0.3657, 'learning_rate': 7.092788411526058e-05, 'epoch': 3.34}
{'loss': 0.3862, 'learning_rate': 7.088458337667742e-05, 'epoch': 3.34}
{'loss': 0.4067, 'learning_rate': 7.084128263809425e-05, 'epoch': 3.35}
{'loss': 0.4132, 'learning_rate': 7.079798189951109e-05, 'epoch': 3.35}
{'loss': 0.3898, 'learning_rate': 7.075468116092792e-05, 'epoch': 3.35}
{'loss': 0.4358, 'learning_rate': 7.071138042234476e-05, 'epoch': 3.36}
{'loss': 0.4293, 'learning_rate': 7.066807968376158e-05, 'epoch': 3.36}
{'loss': 0.3726, 'learning_rate': 7.06247789451784e-05, 'epoch': 3.37}
{'loss': 0.4071, 'learning_rate': 7.058147820659525e-05, 'epoch': 3.37}
{'loss': 0.408, 'learning_rate': 7.053817746801207e-05, 'epoch': 3.37}
{'loss': 0.3803, 'learning_rate': 7.049487672942889e-05, 'epoch': 3.38}
{'loss': 0.38, 'learning_rate': 7.045244200561739e-05, 'epoch': 3.38}
{'loss': 0.409, 'learning_rate': 7.040914126703423e-05, 'epoch': 3.39}
{'loss': 0.3929, 'learning_rate': 7.036584052845106e-05, 'epoch': 3.39}
{'loss': 0.3911, 'learning_rate': 7.032253978986788e-05, 'epoch': 3.39}
{'loss': 0.4155, 'learning_rate': 7.027923905128473e-05, 'epoch': 3.4}
{'loss': 0.3955, 'learning_rate': 7.023593831270157e-05, 'epoch': 3.4}
{'loss': 0.4039, 'learning_rate': 7.019263757411839e-05, 'epoch': 3.41}
{'loss': 0.4171, 'learning_rate': 7.014933683553522e-05, 'epoch': 3.41}
{'loss': 0.4249, 'learning_rate': 7.010603609695206e-05, 'epoch': 3.41}
{'loss': 0.4048, 'learning_rate': 7.006273535836888e-05, 'epoch': 3.42}
{'loss': 0.4275, 'learning_rate': 7.00194346197857e-05, 'epoch': 3.42}
{'loss': 0.3923, 'learning_rate': 6.997613388120255e-05, 'epoch': 3.43}
{'loss': 0.4116, 'learning_rate': 6.993283314261937e-05, 'epoch': 3.43}
{'loss': 0.3904, 'learning_rate': 6.98895324040362e-05, 'epoch': 3.43}
{'loss': 0.3819, 'learning_rate': 6.984623166545304e-05, 'epoch': 3.44}
{'loss': 0.3905, 'learning_rate': 6.980293092686987e-05, 'epoch': 3.44}
{'loss': 0.3878, 'learning_rate': 6.97596301882867e-05, 'epoch': 3.45}
{'loss': 0.4573, 'learning_rate': 6.971632944970353e-05, 'epoch': 3.45}
{'loss': 0.4156, 'learning_rate': 6.967302871112036e-05, 'epoch': 3.46}
{'loss': 0.4091, 'learning_rate': 6.962972797253718e-05, 'epoch': 3.46}
{'loss': 0.3988, 'learning_rate': 6.958642723395402e-05, 'epoch': 3.46}
{'loss': 0.4449, 'learning_rate': 6.954312649537085e-05, 'epoch': 3.47}
{'loss': 0.385, 'learning_rate': 6.949982575678769e-05, 'epoch': 3.47}
{'loss': 0.4187, 'learning_rate': 6.945652501820452e-05, 'epoch': 3.48}
{'loss': 0.3991, 'learning_rate': 6.941322427962136e-05, 'epoch': 3.48}
{'loss': 0.3969, 'learning_rate': 6.936992354103818e-05, 'epoch': 3.48}
{'loss': 0.402, 'learning_rate': 6.932662280245501e-05, 'epoch': 3.49}
{'loss': 0.3784, 'learning_rate': 6.928332206387185e-05, 'epoch': 3.49}
{'loss': 0.4058, 'learning_rate': 6.924002132528867e-05, 'epoch': 3.5}
{'loss': 0.3752, 'learning_rate': 6.91967205867055e-05, 'epoch': 3.5}
{'loss': 0.373, 'learning_rate': 6.915341984812234e-05, 'epoch': 3.5}
{'loss': 0.42, 'learning_rate': 6.911011910953917e-05, 'epoch': 3.51}
{'loss': 0.4379, 'learning_rate': 6.9066818370956e-05, 'epoch': 3.51}
{'loss': 0.4111, 'learning_rate': 6.902351763237284e-05, 'epoch': 3.52}
{'loss': 0.3964, 'learning_rate': 6.898021689378967e-05, 'epoch': 3.52}
{'loss': 0.4061, 'learning_rate': 6.893691615520649e-05, 'epoch': 3.52}
{'loss': 0.4033, 'learning_rate': 6.889361541662333e-05, 'epoch': 3.53}
{'loss': 0.3904, 'learning_rate': 6.885031467804016e-05, 'epoch': 3.53}
{'loss': 0.4112, 'learning_rate': 6.880701393945698e-05, 'epoch': 3.54}
{'loss': 0.4006, 'learning_rate': 6.876371320087381e-05, 'epoch': 3.54}
{'loss': 0.3905, 'learning_rate': 6.872041246229066e-05, 'epoch': 3.54}
{'loss': 0.3926, 'learning_rate': 6.867797773847915e-05, 'epoch': 3.55}
{'loss': 0.3971, 'learning_rate': 6.863467699989598e-05, 'epoch': 3.55}
{'loss': 0.4106, 'learning_rate': 6.859137626131282e-05, 'epoch': 3.56}
{'loss': 0.3759, 'learning_rate': 6.854807552272965e-05, 'epoch': 3.56}
{'loss': 0.3907, 'learning_rate': 6.850477478414647e-05, 'epoch': 3.57}
{'loss': 0.3951, 'learning_rate': 6.84614740455633e-05, 'epoch': 3.57}
{'loss': 0.3835, 'learning_rate': 6.841817330698014e-05, 'epoch': 3.57}
{'loss': 0.3947, 'learning_rate': 6.837487256839696e-05, 'epoch': 3.58}
{'loss': 0.3829, 'learning_rate': 6.833243784458547e-05, 'epoch': 3.58}
{'loss': 0.3769, 'learning_rate': 6.828913710600229e-05, 'epoch': 3.59}
{'loss': 0.4043, 'learning_rate': 6.824583636741912e-05, 'epoch': 3.59}
{'loss': 0.4433, 'learning_rate': 6.820253562883596e-05, 'epoch': 3.59}
{'loss': 0.3736, 'learning_rate': 6.815923489025278e-05, 'epoch': 3.6}
{'loss': 0.3824, 'learning_rate': 6.811593415166961e-05, 'epoch': 3.6}
{'loss': 0.3978, 'learning_rate': 6.807263341308646e-05, 'epoch': 3.61}
{'loss': 0.4115, 'learning_rate': 6.802933267450328e-05, 'epoch': 3.61}
{'loss': 0.4007, 'learning_rate': 6.798603193592012e-05, 'epoch': 3.61}
{'loss': 0.3955, 'learning_rate': 6.794273119733695e-05, 'epoch': 3.62}
{'loss': 0.3848, 'learning_rate': 6.789943045875377e-05, 'epoch': 3.62}
{'loss': 0.393, 'learning_rate': 6.78561297201706e-05, 'epoch': 3.63}
{'loss': 0.3899, 'learning_rate': 6.781282898158744e-05, 'epoch': 3.63}
{'loss': 0.4033, 'learning_rate': 6.776952824300426e-05, 'epoch': 3.63}
{'loss': 0.397, 'learning_rate': 6.77262275044211e-05, 'epoch': 3.64}
{'loss': 0.4146, 'learning_rate': 6.768292676583793e-05, 'epoch': 3.64}
{'loss': 0.4042, 'learning_rate': 6.763962602725477e-05, 'epoch': 3.65}
{'loss': 0.4131, 'learning_rate': 6.759632528867159e-05, 'epoch': 3.65}
{'loss': 0.3822, 'learning_rate': 6.755302455008842e-05, 'epoch': 3.65}
{'loss': 0.3754, 'learning_rate': 6.750972381150526e-05, 'epoch': 3.66}
{'loss': 0.4018, 'learning_rate': 6.746642307292208e-05, 'epoch': 3.66}
{'loss': 0.4273, 'learning_rate': 6.742312233433892e-05, 'epoch': 3.67}
{'loss': 0.3871, 'learning_rate': 6.737982159575575e-05, 'epoch': 3.67}
{'loss': 0.4151, 'learning_rate': 6.733652085717259e-05, 'epoch': 3.68}
{'loss': 0.3886, 'learning_rate': 6.729322011858942e-05, 'epoch': 3.68}
{'loss': 0.4009, 'learning_rate': 6.724991938000625e-05, 'epoch': 3.68}
{'loss': 0.3931, 'learning_rate': 6.720661864142308e-05, 'epoch': 3.69}
{'loss': 0.4105, 'learning_rate': 6.716331790283991e-05, 'epoch': 3.69}
{'loss': 0.4146, 'learning_rate': 6.712001716425675e-05, 'epoch': 3.7}
{'loss': 0.3972, 'learning_rate': 6.707671642567357e-05, 'epoch': 3.7}
{'loss': 0.4368, 'learning_rate': 6.70334156870904e-05, 'epoch': 3.7}
{'loss': 0.4076, 'learning_rate': 6.699011494850724e-05, 'epoch': 3.71}
{'loss': 0.4013, 'learning_rate': 6.694681420992407e-05, 'epoch': 3.71}
{'loss': 0.4037, 'learning_rate': 6.690351347134089e-05, 'epoch': 3.72}
{'loss': 0.4295, 'learning_rate': 6.686021273275774e-05, 'epoch': 3.72}
{'loss': 0.3788, 'learning_rate': 6.681691199417456e-05, 'epoch': 3.72}
{'loss': 0.4108, 'learning_rate': 6.677361125559138e-05, 'epoch': 3.73}
{'loss': 0.3936, 'learning_rate': 6.673031051700823e-05, 'epoch': 3.73}
{'loss': 0.3529, 'learning_rate': 6.668700977842505e-05, 'epoch': 3.74}
{'loss': 0.3783, 'learning_rate': 6.664370903984187e-05, 'epoch': 3.74}
{'loss': 0.3956, 'learning_rate': 6.660040830125871e-05, 'epoch': 3.74}
{'loss': 0.4101, 'learning_rate': 6.655710756267554e-05, 'epoch': 3.75}
{'loss': 0.4264, 'learning_rate': 6.651380682409238e-05, 'epoch': 3.75}
{'loss': 0.3803, 'learning_rate': 6.647050608550921e-05, 'epoch': 3.76}
{'loss': 0.3858, 'learning_rate': 6.642720534692605e-05, 'epoch': 3.76}
{'loss': 0.4083, 'learning_rate': 6.638390460834287e-05, 'epoch': 3.76}
{'loss': 0.4022, 'learning_rate': 6.63406038697597e-05, 'epoch': 3.77}
{'loss': 0.4049, 'learning_rate': 6.629730313117654e-05, 'epoch': 3.77}
{'loss': 0.3889, 'learning_rate': 6.625400239259336e-05, 'epoch': 3.78}
{'loss': 0.3924, 'learning_rate': 6.62107016540102e-05, 'epoch': 3.78}
{'loss': 0.4077, 'learning_rate': 6.616740091542703e-05, 'epoch': 3.79}
{'loss': 0.4035, 'learning_rate': 6.612410017684386e-05, 'epoch': 3.79}
{'loss': 0.3944, 'learning_rate': 6.60807994382607e-05, 'epoch': 3.79}
{'loss': 0.366, 'learning_rate': 6.603749869967753e-05, 'epoch': 3.8}
{'loss': 0.3999, 'learning_rate': 6.599419796109435e-05, 'epoch': 3.8}
{'loss': 0.3731, 'learning_rate': 6.595089722251119e-05, 'epoch': 3.81}
{'loss': 0.3848, 'learning_rate': 6.590759648392802e-05, 'epoch': 3.81}
{'loss': 0.4168, 'learning_rate': 6.586429574534484e-05, 'epoch': 3.81}
{'loss': 0.3918, 'learning_rate': 6.582099500676168e-05, 'epoch': 3.82}
{'loss': 0.4031, 'learning_rate': 6.577769426817851e-05, 'epoch': 3.82}
{'loss': 0.4123, 'learning_rate': 6.573439352959535e-05, 'epoch': 3.83}
{'loss': 0.3943, 'learning_rate': 6.569109279101217e-05, 'epoch': 3.83}
{'loss': 0.4163, 'learning_rate': 6.564779205242902e-05, 'epoch': 3.83}
{'loss': 0.394, 'learning_rate': 6.560449131384584e-05, 'epoch': 3.84}
{'loss': 0.4427, 'learning_rate': 6.556119057526266e-05, 'epoch': 3.84}
{'loss': 0.3636, 'learning_rate': 6.55178898366795e-05, 'epoch': 3.85}
{'loss': 0.4308, 'learning_rate': 6.547458909809633e-05, 'epoch': 3.85}
{'loss': 0.3722, 'learning_rate': 6.543128835951315e-05, 'epoch': 3.85}
{'loss': 0.4304, 'learning_rate': 6.538798762093e-05, 'epoch': 3.86}
{'loss': 0.4045, 'learning_rate': 6.534468688234683e-05, 'epoch': 3.86}
{'loss': 0.4168, 'learning_rate': 6.530138614376366e-05, 'epoch': 3.87}
{'loss': 0.4144, 'learning_rate': 6.525808540518049e-05, 'epoch': 3.87}
{'loss': 0.4159, 'learning_rate': 6.521478466659733e-05, 'epoch': 3.87}
{'loss': 0.4144, 'learning_rate': 6.517148392801415e-05, 'epoch': 3.88}
{'loss': 0.421, 'learning_rate': 6.512818318943098e-05, 'epoch': 3.88}
{'loss': 0.3645, 'learning_rate': 6.508488245084782e-05, 'epoch': 3.89}
{'loss': 0.4217, 'learning_rate': 6.504158171226464e-05, 'epoch': 3.89}
{'loss': 0.3561, 'learning_rate': 6.499828097368147e-05, 'epoch': 3.9}
{'loss': 0.3792, 'learning_rate': 6.495498023509832e-05, 'epoch': 3.9}
{'loss': 0.3768, 'learning_rate': 6.491167949651514e-05, 'epoch': 3.9}
{'loss': 0.3771, 'learning_rate': 6.486837875793198e-05, 'epoch': 3.91}
{'loss': 0.3725, 'learning_rate': 6.482507801934881e-05, 'epoch': 3.91}
{'loss': 0.4029, 'learning_rate': 6.47826432955373e-05, 'epoch': 3.92}
{'loss': 0.4246, 'learning_rate': 6.473934255695413e-05, 'epoch': 3.92}
{'loss': 0.3624, 'learning_rate': 6.469604181837096e-05, 'epoch': 3.92}
{'loss': 0.4214, 'learning_rate': 6.465274107978779e-05, 'epoch': 3.93}
{'loss': 0.3849, 'learning_rate': 6.460944034120463e-05, 'epoch': 3.93}
{'loss': 0.387, 'learning_rate': 6.456613960262145e-05, 'epoch': 3.94}
{'loss': 0.3688, 'learning_rate': 6.452283886403828e-05, 'epoch': 3.94}
{'loss': 0.4135, 'learning_rate': 6.447953812545512e-05, 'epoch': 3.94}
{'loss': 0.3816, 'learning_rate': 6.443623738687195e-05, 'epoch': 3.95}
{'loss': 0.3955, 'learning_rate': 6.439293664828879e-05, 'epoch': 3.95}
{'loss': 0.3885, 'learning_rate': 6.434963590970562e-05, 'epoch': 3.96}
{'loss': 0.3877, 'learning_rate': 6.430633517112244e-05, 'epoch': 3.96}
{'loss': 0.3863, 'learning_rate': 6.426303443253926e-05, 'epoch': 3.96}
{'loss': 0.4086, 'learning_rate': 6.421973369395611e-05, 'epoch': 3.97}
{'loss': 0.37, 'learning_rate': 6.417643295537293e-05, 'epoch': 3.97}
{'loss': 0.391, 'learning_rate': 6.413313221678977e-05, 'epoch': 3.98}
{'loss': 0.4309, 'learning_rate': 6.40898314782066e-05, 'epoch': 3.98}
{'loss': 0.3878, 'learning_rate': 6.404653073962344e-05, 'epoch': 3.98}
{'loss': 0.3763, 'learning_rate': 6.400323000104026e-05, 'epoch': 3.99}
{'loss': 0.4007, 'learning_rate': 6.395992926245709e-05, 'epoch': 3.99}
{'loss': 0.4134, 'learning_rate': 6.391662852387393e-05, 'epoch': 4.0}
[INFO|trainer.py:520] 2026-10-04 17:01:14,827 >> The following columns in the evaluation set  don't have a corresponding argument in `PETLEncModel.forward` and have been ignored: idx, hypothesis, premise.
[INFO|trainer.py:2179] 2026-10-04 17:01:14,829 >> ***** Running Evaluation *****
[INFO|trainer.py:2181] 2026-10-04 17:01:14,829 >>   Num examples = 9815
[INFO|trainer.py:2184] 2026-10-04 17:01:14,829 >>   Batch size = 32
{'eval_loss': 0.36384016275405884, 'eval_accuracy': 0.8628629648497198, 'eval_runtime': 10.4643, 'eval_samples_per_second': 937.95, 'eval_steps_per_second': 29.338, 'epoch': 4.0}
[INFO|trainer.py:1933] 2026-10-04 17:01:25,294 >> Saving model checkpoint to checkpoints/glue/mnli/20261004/glue.mnli.mam.am_prefix.ao_concat.fm_adapter.fo_parallel.abn.fbn.ac_add.fl_none.finit_lora.fs_2.unfrz_ef_.ne10.warm0.06.wd0.1.seed6./checkpoint-49088
[INFO|configuration_utils.py:364] 2026-10-04 17:01:25,296 >> Configuration saved in checkpoints/glue/mnli/20261004/glue.mnli.mam.am_prefix.ao_concat.fm_adapter.fo_parallel.abn.fbn.ac_add.fl_none.finit_lora.fs_2.unfrz_ef_.ne10.warm0.06.wd0.1.seed6./checkpoint-49088/config.json
[INFO|modeling_utils.py:898] 2026-10-04 17:01:25,771 >> Model weights saved in checkpoints/glue/mnli/20261004/glue.mnli.mam.am_prefix.ao_concat.fm_adapter.fo_parallel.abn.fbn.ac_add.fl_none.finit_lora.fs_2.unfrz_ef_.ne10.warm0.06.wd0.1.seed6./checkpoint-49088/pytorch_model.bin
[INFO|tokenization_utils_base.py:1948] 2026-10-04 17:01:25,772 >> tokenizer config file saved in checkpoints/glue/mnli/20261004/glue.mnli.mam.am_prefix.ao_concat.fm_adapter.fo_parallel.abn.fbn.ac_add.fl_none.finit_lora.fs_2.unfrz_ef_.ne10.warm0.06.wd0.1.seed6./checkpoint-49088/tokenizer_config.json
[INFO|tokenization_utils_base.py:1954] 2026-10-04 17:01:25,772 >> Special tokens file saved in checkpoints/glue/mnli/20261004/glue.mnli.mam.am_prefix.ao_concat.fm_adapter.fo_parallel.abn.fbn.ac_add.fl_none.finit_lora.fs_2.unfrz_ef_.ne10.warm0.06.wd0.1.seed6./checkpoint-49088/special_tokens_map.json
[INFO|trainer.py:2009] 2026-10-04 17:01:25,968 >> Deleting older checkpoint [checkpoints/glue/mnli/20261004/glue.mnli.mam.am_prefix.ao_concat.fm_adapter.fo_parallel.abn.fbn.ac_add.fl_none.finit_lora.fs_2.unfrz_ef_.ne10.warm0.06.wd0.1.seed6./checkpoint-24544] due to args.save_total_limit
/work/unify-parameter-efficient-tuning/src/transformers/trainer.py:1784: FutureWarning: `torch.cuda.amp.autocast(args...)` is deprecated. Please use `torch.amp.autocast('cuda', args...)` instead.
  with autocast():
{'loss': 0.386, 'learning_rate': 6.387332778529075e-05, 'epoch': 4.0}
{'loss': 0.3865, 'learning_rate': 6.383002704670758e-05, 'epoch': 4.01}
{'loss': 0.3922, 'learning_rate': 6.378672630812442e-05, 'epoch': 4.01}
{'loss': 0.3736, 'learning_rate': 6.374342556954124e-05, 'epoch': 4.01}
{'loss': 0.3885, 'learning_rate': 6.370012483095809e-05, 'epoch': 4.02}
{'loss': 0.3934, 'learning_rate': 6.365682409237492e-05, 'epoch': 4.02}
{'loss': 0.4048, 'learning_rate': 6.361352335379174e-05, 'epoch': 4.03}
{'loss': 0.3964, 'learning_rate': 6.357022261520858e-05, 'epoch': 4.03}
{'loss': 0.3757, 'learning_rate': 6.352692187662541e-05, 'epoch': 4.03}
{'loss': 0.4105, 'learning_rate': 6.348362113804223e-05, 'epoch': 4.04}
{'loss': 0.427, 'learning_rate': 6.344032039945907e-05, 'epoch': 4.04}
{'loss': 0.4064, 'learning_rate': 6.33970196608759e-05, 'epoch': 4.05}
{'loss': 0.378, 'learning_rate': 6.335371892229272e-05, 'epoch': 4.05}
{'loss': 0.407, 'learning_rate': 6.331041818370956e-05, 'epoch': 4.05}
{'loss': 0.3729, 'learning_rate': 6.326711744512641e-05, 'epoch': 4.06}
{'loss': 0.3653, 'learning_rate': 6.322381670654323e-05, 'epoch': 4.06}
{'loss': 0.3996, 'learning_rate': 6.318051596796005e-05, 'epoch': 4.07}
{'loss': 0.398, 'learning_rate': 6.31372152293769e-05, 'epoch': 4.07}
{'loss': 0.3948, 'learning_rate': 6.309391449079372e-05, 'epoch': 4.07}
{'loss': 0.4001, 'learning_rate': 6.305061375221054e-05, 'epoch': 4.08}
{'loss': 0.3289, 'learning_rate': 6.300817902839904e-05, 'epoch': 4.08}
{'loss': 0.3716, 'learning_rate': 6.296487828981588e-05, 'epoch': 4.09}
{'loss': 0.3877, 'learning_rate': 6.292157755123271e-05, 'epoch': 4.09}
{'loss': 0.405, 'learning_rate': 6.287827681264953e-05, 'epoch': 4.09}
{'loss': 0.4032, 'learning_rate': 6.283497607406637e-05, 'epoch': 4.1}
{'loss': 0.3837, 'learning_rate': 6.27916753354832e-05, 'epoch': 4.1}
{'loss': 0.3884, 'learning_rate': 6.274837459690004e-05, 'epoch': 4.11}
{'loss': 0.3889, 'learning_rate': 6.270507385831687e-05, 'epoch': 4.11}
{'loss': 0.3889, 'learning_rate': 6.266177311973371e-05, 'epoch': 4.12}
{'loss': 0.3915, 'learning_rate': 6.261847238115053e-05, 'epoch': 4.12}
{'loss': 0.379, 'learning_rate': 6.257517164256735e-05, 'epoch': 4.12}
{'loss': 0.3639, 'learning_rate': 6.25318709039842e-05, 'epoch': 4.13}
{'loss': 0.4057, 'learning_rate': 6.248857016540102e-05, 'epoch': 4.13}
{'loss': 0.3838, 'learning_rate': 6.244526942681785e-05, 'epoch': 4.14}
{'loss': 0.3666, 'learning_rate': 6.240196868823469e-05, 'epoch': 4.14}
{'loss': 0.4026, 'learning_rate': 6.235866794965152e-05, 'epoch': 4.14}
{'loss': 0.3756, 'learning_rate': 6.231536721106834e-05, 'epoch': 4.15}
{'loss': 0.3743, 'learning_rate': 6.227206647248518e-05, 'epoch': 4.15}
{'loss': 0.3679, 'learning_rate': 6.222876573390201e-05, 'epoch': 4.16}
{'loss': 0.3827, 'learning_rate': 6.218546499531884e-05, 'epoch': 4.16}
{'loss': 0.3745, 'learning_rate': 6.214216425673567e-05, 'epoch': 4.16}
{'loss': 0.3643, 'learning_rate': 6.20988635181525e-05, 'epoch': 4.17}
{'loss': 0.4091, 'learning_rate': 6.205556277956934e-05, 'epoch': 4.17}
{'loss': 0.3981, 'learning_rate': 6.201226204098617e-05, 'epoch': 4.18}
{'loss': 0.3752, 'learning_rate': 6.196896130240301e-05, 'epoch': 4.18}
{'loss': 0.3958, 'learning_rate': 6.192566056381983e-05, 'epoch': 4.18}
{'loss': 0.3911, 'learning_rate': 6.188235982523667e-05, 'epoch': 4.19}
{'loss': 0.4042, 'learning_rate': 6.18390590866535e-05, 'epoch': 4.19}
{'loss': 0.348, 'learning_rate': 6.179575834807032e-05, 'epoch': 4.2}
{'loss': 0.4188, 'learning_rate': 6.175245760948716e-05, 'epoch': 4.2}
{'loss': 0.3565, 'learning_rate': 6.170915687090399e-05, 'epoch': 4.2}
{'loss': 0.3428, 'learning_rate': 6.166585613232081e-05, 'epoch': 4.21}
{'loss': 0.4045, 'learning_rate': 6.162255539373765e-05, 'epoch': 4.21}
{'loss': 0.3796, 'learning_rate': 6.15792546551545e-05, 'epoch': 4.22}
{'loss': 0.4054, 'learning_rate': 6.153595391657132e-05, 'epoch': 4.22}
{'loss': 0.3995, 'learning_rate': 6.149351919275982e-05, 'epoch': 4.23}
{'loss': 0.3961, 'learning_rate': 6.145021845417664e-05, 'epoch': 4.23}
{'loss': 0.3461, 'learning_rate': 6.140691771559347e-05, 'epoch': 4.23}
{'loss': 0.3737, 'learning_rate': 6.136361697701031e-05, 'epoch': 4.24}
{'loss': 0.4078, 'learning_rate': 6.132031623842713e-05, 'epoch': 4.24}
{'loss': 0.3926, 'learning_rate': 6.127701549984397e-05, 'epoch': 4.25}
{'loss': 0.3995, 'learning_rate': 6.12337147612608e-05, 'epoch': 4.25}
{'loss': 0.4068, 'learning_rate': 6.119041402267762e-05, 'epoch': 4.25}
{'loss': 0.3592, 'learning_rate': 6.114711328409446e-05, 'epoch': 4.26}
{'loss': 0.3813, 'learning_rate': 6.110381254551129e-05, 'epoch': 4.26}
{'loss': 0.3528, 'learning_rate': 6.106051180692811e-05, 'epoch': 4.27}
{'loss': 0.4039, 'learning_rate': 6.1017211068344946e-05, 'epoch': 4.27}
{'loss': 0.3799, 'learning_rate': 6.0973910329761795e-05, 'epoch': 4.27}
{'loss': 0.4183, 'learning_rate': 6.093060959117861e-05, 'epoch': 4.28}
{'loss': 0.3826, 'learning_rate': 6.088730885259544e-05, 'epoch': 4.28}
{'loss': 0.4086, 'learning_rate': 6.0844008114012285e-05, 'epoch': 4.29}
{'loss': 0.3618, 'learning_rate': 6.0800707375429113e-05, 'epoch': 4.29}
{'loss': 0.3729, 'learning_rate': 6.0757406636845935e-05, 'epoch': 4.29}
{'loss': 0.3923, 'learning_rate': 6.0714105898262776e-05, 'epoch': 4.3}
{'loss': 0.3928, 'learning_rate': 6.06708051596796e-05, 'epoch': 4.3}
{'loss': 0.379, 'learning_rate': 6.062750442109644e-05, 'epoch': 4.31}
{'loss': 0.3713, 'learning_rate': 6.058420368251326e-05, 'epoch': 4.31}
{'loss': 0.3393, 'learning_rate': 6.05409029439301e-05, 'epoch': 4.31}
{'loss': 0.3993, 'learning_rate': 6.049760220534692e-05, 'epoch': 4.32}
{'loss': 0.3998, 'learning_rate': 6.0454301466763764e-05, 'epoch': 4.32}
{'loss': 0.3709, 'learning_rate': 6.04110007281806e-05, 'epoch': 4.33}
{'loss': 0.3739, 'learning_rate': 6.0367699989597414e-05, 'epoch': 4.33}
{'loss': 0.3824, 'learning_rate': 6.0324399251014255e-05, 'epoch': 4.34}
{'loss': 0.3588, 'learning_rate': 6.028109851243109e-05, 'epoch': 4.34}
{'loss': 0.3832, 'learning_rate': 6.023779777384792e-05, 'epoch': 4.34}
{'loss': 0.378, 'learning_rate': 6.019449703526475e-05, 'epoch': 4.35}
{'loss': 0.3815, 'learning_rate': 6.015119629668159e-05, 'epoch': 4.35}
{'loss': 0.3826, 'learning_rate': 6.01078955580984e-05, 'epoch': 4.36}
{'loss': 0.4046, 'learning_rate': 6.006459481951524e-05, 'epoch': 4.36}
{'loss': 0.3913, 'learning_rate': 6.002129408093209e-05, 'epoch': 4.36}
{'loss': 0.3893, 'learning_rate': 5.9977993342348906e-05, 'epoch': 4.37}
{'loss': 0.3996, 'learning_rate': 5.993469260376573e-05, 'epoch': 4.37}
{'loss': 0.3627, 'learning_rate': 5.9891391865182576e-05, 'epoch': 4.38}
{'loss': 0.3959, 'learning_rate': 5.9848091126599404e-05, 'epoch': 4.38}
{'loss': 0.4143, 'learning_rate': 5.980479038801623e-05, 'epoch': 4.38}
{'loss': 0.3944, 'learning_rate': 5.976148964943305e-05, 'epoch': 4.39}
{'loss': 0.3766, 'learning_rate': 5.9718188910849894e-05, 'epoch': 4.39}
{'loss': 0.3609, 'learning_rate': 5.9674888172266715e-05, 'epoch': 4.4}
{'loss': 0.4215, 'learning_rate': 5.963158743368356e-05, 'epoch': 4.4}
{'loss': 0.4068, 'learning_rate': 5.958828669510039e-05, 'epoch': 4.4}
{'loss': 0.3798, 'learning_rate': 5.9544985956517206e-05, 'epoch': 4.41}
{'loss': 0.4134, 'learning_rate': 5.9502551232705715e-05, 'epoch': 4.41}
{'loss': 0.3849, 'learning_rate': 5.945925049412253e-05, 'epoch': 4.42}
{'loss': 0.3972, 'learning_rate': 5.941594975553938e-05, 'epoch': 4.42}
{'loss': 0.3829, 'learning_rate': 5.9372649016956206e-05, 'epoch': 4.42}
{'loss': 0.3974, 'learning_rate': 5.9329348278373034e-05, 'epoch': 4.43}
{'loss': 0.3539, 'learning_rate': 5.928604753978988e-05, 'epoch': 4.43}
{'loss': 0.3726, 'learning_rate': 5.92427468012067e-05, 'epoch': 4.44}
{'loss': 0.3906, 'learning_rate': 5.919944606262353e-05, 'epoch': 4.44}
{'loss': 0.3845, 'learning_rate': 5.9156145324040366e-05, 'epoch': 4.45}
{'loss': 0.3878, 'learning_rate': 5.911284458545721e-05, 'epoch': 4.45}
{'loss': 0.4066, 'learning_rate': 5.906954384687402e-05, 'epoch': 4.45}
{'loss': 0.3926, 'learning_rate': 5.902624310829086e-05, 'epoch': 4.46}
{'loss': 0.4033, 'learning_rate': 5.898294236970769e-05, 'epoch': 4.46}
{'loss': 0.3921, 'learning_rate': 5.893964163112452e-05, 'epoch': 4.47}
{'loss': 0.3488, 'learning_rate': 5.8896340892541354e-05, 'epoch': 4.47}
{'loss': 0.3748, 'learning_rate': 5.8853040153958196e-05, 'epoch': 4.47}
{'loss': 0.3462, 'learning_rate': 5.880973941537501e-05, 'epoch': 4.48}
{'loss': 0.4004, 'learning_rate': 5.8766438676791845e-05, 'epoch': 4.48}
{'loss': 0.3889, 'learning_rate': 5.8723137938208686e-05, 'epoch': 4.49}
{'loss': 0.3865, 'learning_rate': 5.867983719962551e-05, 'epoch': 4.49}
{'loss': 0.3839, 'learning_rate': 5.863653646104235e-05, 'epoch': 4.49}
{'loss': 0.3919, 'learning_rate': 5.859323572245917e-05, 'epoch': 4.5}
{'loss': 0.366, 'learning_rate': 5.854993498387601e-05, 'epoch': 4.5}
{'loss': 0.3786, 'learning_rate': 5.850663424529283e-05, 'epoch': 4.51}
{'loss': 0.4032, 'learning_rate': 5.8463333506709675e-05, 'epoch': 4.51}
{'loss': 0.4034, 'learning_rate': 5.8420032768126496e-05, 'epoch': 4.51}
{'loss': 0.4029, 'learning_rate': 5.8376732029543324e-05, 'epoch': 4.52}
{'loss': 0.3846, 'learning_rate': 5.833343129096017e-05, 'epoch': 4.52}
{'loss': 0.3531, 'learning_rate': 5.8290130552377e-05, 'epoch': 4.53}
{'loss': 0.3713, 'learning_rate': 5.8246829813793815e-05, 'epoch': 4.53}
{'loss': 0.3776, 'learning_rate': 5.820352907521066e-05, 'epoch': 4.53}
{'loss': 0.3928, 'learning_rate': 5.8160228336627484e-05, 'epoch': 4.54}
{'loss': 0.3811, 'learning_rate': 5.811692759804431e-05, 'epoch': 4.54}
{'loss': 0.395, 'learning_rate': 5.807362685946115e-05, 'epoch': 4.55}
{'loss': 0.4229, 'learning_rate': 5.803032612087799e-05, 'epoch': 4.55}
{'loss': 0.3951, 'learning_rate': 5.798702538229481e-05, 'epoch': 4.56}
{'loss': 0.4024, 'learning_rate': 5.794372464371164e-05, 'epoch': 4.56}
{'loss': 0.3515, 'learning_rate': 5.790042390512848e-05, 'epoch': 4.56}
{'loss': 0.3745, 'learning_rate': 5.78571231665453e-05, 'epoch': 4.57}
{'loss': 0.4013, 'learning_rate': 5.781382242796214e-05, 'epoch': 4.57}
{'loss': 0.3799, 'learning_rate': 5.7770521689378977e-05, 'epoch': 4.58}
{'loss': 0.394, 'learning_rate': 5.7727220950795805e-05, 'epoch': 4.58}
{'loss': 0.4019, 'learning_rate': 5.7683920212212626e-05, 'epoch': 4.58}
{'loss': 0.3718, 'learning_rate': 5.764061947362947e-05, 'epoch': 4.59}
{'loss': 0.3642, 'learning_rate': 5.759731873504629e-05, 'epoch': 4.59}
{'loss': 0.3928, 'learning_rate': 5.755488401123479e-05, 'epoch': 4.6}
{'loss': 0.384, 'learning_rate': 5.751158327265161e-05, 'epoch': 4.6}
{'loss': 0.4043, 'learning_rate': 5.746828253406845e-05, 'epoch': 4.6}
{'loss': 0.3568, 'learning_rate': 5.742498179548529e-05, 'epoch': 4.61}
{'loss': 0.367, 'learning_rate': 5.7381681056902116e-05, 'epoch': 4.61}
{'loss': 0.3769, 'learning_rate': 5.733838031831894e-05, 'epoch': 4.62}
{'loss': 0.3684, 'learning_rate': 5.729507957973578e-05, 'epoch': 4.62}
{'loss': 0.3857, 'learning_rate': 5.725177884115261e-05, 'epoch': 4.62}
{'loss': 0.3447, 'learning_rate': 5.720847810256944e-05, 'epoch': 4.63}
{'loss': 0.4194, 'learning_rate': 5.7165177363986276e-05, 'epoch': 4.63}
{'loss': 0.3895, 'learning_rate': 5.712187662540309e-05, 'epoch': 4.64}
{'loss': 0.3944, 'learning_rate': 5.707857588681994e-05, 'epoch': 4.64}
{'loss': 0.3789, 'learning_rate': 5.703527514823678e-05, 'epoch': 4.64}
{'loss': 0.3811, 'learning_rate': 5.6991974409653595e-05, 'epoch': 4.65}
{'loss': 0.3905, 'learning_rate': 5.694867367107043e-05, 'epoch': 4.65}
{'loss': 0.4108, 'learning_rate': 5.6905372932487265e-05, 'epoch': 4.66}
{'loss': 0.3569, 'learning_rate': 5.686207219390409e-05, 'epoch': 4.66}
{'loss': 0.3953, 'learning_rate': 5.681877145532093e-05, 'epoch': 4.67}
{'loss': 0.3824, 'learning_rate': 5.677547071673777e-05, 'epoch': 4.67}
{'loss': 0.3913, 'learning_rate': 5.673216997815458e-05, 'epoch': 4.67}
{'loss': 0.4082, 'learning_rate': 5.6688869239571404e-05, 'epoch': 4.68}
{'loss': 0.3873, 'learning_rate': 5.664556850098825e-05, 'epoch': 4.68}
{'loss': 0.4034, 'learning_rate': 5.660226776240508e-05, 'epoch': 4.69}
{'loss': 0.3614, 'learning_rate': 5.655896702382191e-05, 'epoch': 4.69}
{'loss': 0.37, 'learning_rate': 5.6515666285238743e-05, 'epoch': 4.69}
{'loss': 0.4084, 'learning_rate': 5.647236554665558e-05, 'epoch': 4.7}
{'loss': 0.3747, 'learning_rate': 5.64290648080724e-05, 'epoch': 4.7}
{'loss': 0.3731, 'learning_rate': 5.6385764069489234e-05, 'epoch': 4.71}
{'loss': 0.3573, 'learning_rate': 5.634246333090607e-05, 'epoch': 4.71}
{'loss': 0.3821, 'learning_rate': 5.62991625923229e-05, 'epoch': 4.71}
{'loss': 0.4004, 'learning_rate': 5.625586185373973e-05, 'epoch': 4.72}
{'loss': 0.4015, 'learning_rate': 5.621256111515657e-05, 'epoch': 4.72}
{'loss': 0.3923, 'learning_rate': 5.616926037657339e-05, 'epoch': 4.73}
{'loss': 0.3723, 'learning_rate': 5.612595963799022e-05, 'epoch': 4.73}
{'loss': 0.3982, 'learning_rate': 5.608265889940706e-05, 'epoch': 4.73}
{'loss': 0.372, 'learning_rate': 5.6039358160823885e-05, 'epoch': 4.74}
{'loss': 0.3901, 'learning_rate': 5.599605742224072e-05, 'epoch': 4.74}
{'loss': 0.3675, 'learning_rate': 5.595275668365756e-05, 'epoch': 4.75}
{'loss': 0.3968, 'learning_rate': 5.590945594507438e-05, 'epoch': 4.75}
{'loss': 0.3706, 'learning_rate': 5.5866155206491224e-05, 'epoch': 4.75}
{'loss': 0.3896, 'learning_rate': 5.5822854467908045e-05, 'epoch': 4.76}
{'loss': 0.3737, 'learning_rate': 5.577955372932487e-05, 'epoch': 4.76}
{'loss': 0.4091, 'learning_rate': 5.57362529907417e-05, 'epoch': 4.77}
{'loss': 0.385, 'learning_rate': 5.569295225215855e-05, 'epoch': 4.77}
{'loss': 0.4038, 'learning_rate': 5.564965151357537e-05, 'epoch': 4.78}
{'loss': 0.4168, 'learning_rate': 5.560635077499219e-05, 'epoch': 4.78}
{'loss': 0.378, 'learning_rate': 5.5563050036409034e-05, 'epoch': 4.78}
{'loss': 0.4194, 'learning_rate': 5.552061531259752e-05, 'epoch': 4.79}
{'loss': 0.3967, 'learning_rate': 5.5477314574014364e-05, 'epoch': 4.79}
{'loss': 0.3657, 'learning_rate': 5.5434013835431185e-05, 'epoch': 4.8}
{'loss': 0.4061, 'learning_rate': 5.5390713096848026e-05, 'epoch': 4.8}
{'loss': 0.3505, 'learning_rate': 5.534741235826486e-05, 'epoch': 4.8}
{'loss': 0.3963, 'learning_rate': 5.530411161968169e-05, 'epoch': 4.81}
{'loss': 0.3774, 'learning_rate': 5.526081088109851e-05, 'epoch': 4.81}
{'loss': 0.3915, 'learning_rate': 5.521751014251535e-05, 'epoch': 4.82}
{'loss': 0.373, 'learning_rate': 5.517420940393217e-05, 'epoch': 4.82}
{'loss': 0.3878, 'learning_rate': 5.5130908665349e-05, 'epoch': 4.82}
{'loss': 0.3897, 'learning_rate': 5.508760792676585e-05, 'epoch': 4.83}
{'loss': 0.3823, 'learning_rate': 5.504430718818268e-05, 'epoch': 4.83}
{'loss': 0.3676, 'learning_rate': 5.50010064495995e-05, 'epoch': 4.84}
{'loss': 0.3914, 'learning_rate': 5.495770571101635e-05, 'epoch': 4.84}
{'loss': 0.391, 'learning_rate': 5.491440497243316e-05, 'epoch': 4.84}
{'loss': 0.3695, 'learning_rate': 5.487110423385e-05, 'epoch': 4.85}
{'loss': 0.3865, 'learning_rate': 5.482780349526683e-05, 'epoch': 4.85}
{'loss': 0.4073, 'learning_rate': 5.4784502756683665e-05, 'epoch': 4.86}
{'loss': 0.3862, 'learning_rate': 5.4741202018100493e-05, 'epoch': 4.86}
{'loss': 0.3869, 'learning_rate': 5.4697901279517315e-05, 'epoch': 4.86}
{'loss': 0.3984, 'learning_rate': 5.4654600540934156e-05, 'epoch': 4.87}
{'loss': 0.4091, 'learning_rate': 5.461129980235098e-05, 'epoch': 4.87}
{'loss': 0.3922, 'learning_rate': 5.456799906376782e-05, 'epoch': 4.88}
{'loss': 0.3932, 'learning_rate': 5.4524698325184654e-05, 'epoch': 4.88}
{'loss': 0.3708, 'learning_rate': 5.448139758660148e-05, 'epoch': 4.89}
{'loss': 0.3728, 'learning_rate': 5.4438096848018316e-05, 'epoch': 4.89}
{'loss': 0.3621, 'learning_rate': 5.439479610943515e-05, 'epoch': 4.89}
{'loss': 0.3724, 'learning_rate': 5.4351495370851966e-05, 'epoch': 4.9}
{'loss': 0.4213, 'learning_rate': 5.430819463226881e-05, 'epoch': 4.9}
{'loss': 0.4087, 'learning_rate': 5.426489389368564e-05, 'epoch': 4.91}
{'loss': 0.3789, 'learning_rate': 5.422159315510247e-05, 'epoch': 4.91}
{'loss': 0.3911, 'learning_rate': 5.4178292416519305e-05, 'epoch': 4.91}
{'loss': 0.359, 'learning_rate': 5.413499167793614e-05, 'epoch': 4.92}
{'loss': 0.392, 'learning_rate': 5.4091690939352954e-05, 'epoch': 4.92}
{'loss': 0.3705, 'learning_rate': 5.4048390200769795e-05, 'epoch': 4.93}
{'loss': 0.3942, 'learning_rate': 5.4005089462186644e-05, 'epoch': 4.93}
{'loss': 0.3734, 'learning_rate': 5.396178872360346e-05, 'epoch': 4.93}
{'loss': 0.4141, 'learning_rate': 5.3918487985020286e-05, 'epoch': 4.94}
{'loss': 0.3661, 'learning_rate': 5.387518724643712e-05, 'epoch': 4.94}
{'loss': 0.3946, 'learning_rate': 5.3831886507853956e-05, 'epoch': 4.95}
{'loss': 0.3994, 'learning_rate': 5.378858576927077e-05, 'epoch': 4.95}
{'loss': 0.3592, 'learning_rate': 5.374528503068761e-05, 'epoch': 4.95}
{'loss': 0.3964, 'learning_rate': 5.3701984292104446e-05, 'epoch': 4.96}
{'loss': 0.389, 'learning_rate': 5.3658683553521274e-05, 'epoch': 4.96}
{'loss': 0.3761, 'learning_rate': 5.361538281493811e-05, 'epoch': 4.97}
{'loss': 0.3685, 'learning_rate': 5.3572082076354944e-05, 'epoch': 4.97}
{'loss': 0.3934, 'learning_rate': 5.352878133777176e-05, 'epoch': 4.97}
{'loss': 0.4045, 'learning_rate': 5.34854805991886e-05, 'epoch': 4.98}
{'loss': 0.3595, 'learning_rate': 5.344217986060545e-05, 'epoch': 4.98}
{'loss': 0.3684, 'learning_rate': 5.339887912202226e-05, 'epoch': 4.99}
{'loss': 0.3633, 'learning_rate': 5.33555783834391e-05, 'epoch': 4.99}
{'loss': 0.3743, 'learning_rate': 5.331227764485593e-05, 'epoch': 5.0}
{'loss': 0.4039, 'learning_rate': 5.326897690627276e-05, 'epoch': 5.0}
[INFO|trainer.py:520] 2026-10-04 17:07:39,566 >> The following columns in the evaluation set  don't have a corresponding argument in `PETLEncModel.forward` and have been ignored: idx, hypothesis, premise.
[INFO|trainer.py:2179] 2026-10-04 17:07:39,568 >> ***** Running Evaluation *****
[INFO|trainer.py:2181] 2026-10-04 17:07:39,568 >>   Num examples = 9815
[INFO|trainer.py:2184] 2026-10-04 17:07:39,568 >>   Batch size = 32
{'eval_loss': 0.3647012710571289, 'eval_accuracy': 0.8638818135506877, 'eval_runtime': 10.4683, 'eval_samples_per_second': 937.589, 'eval_steps_per_second': 29.327, 'epoch': 5.0}
[INFO|trainer.py:1933] 2026-10-04 17:07:50,037 >> Saving model checkpoint to checkpoints/glue/mnli/20261004/glue.mnli.mam.am_prefix.ao_concat.fm_adapter.fo_parallel.abn.fbn.ac_add.fl_none.finit_lora.fs_2.unfrz_ef_.ne10.warm0.06.wd0.1.seed6./checkpoint-61360
[INFO|configuration_utils.py:364] 2026-10-04 17:07:50,038 >> Configuration saved in checkpoints/glue/mnli/20261004/glue.mnli.mam.am_prefix.ao_concat.fm_adapter.fo_parallel.abn.fbn.ac_add.fl_none.finit_lora.fs_2.unfrz_ef_.ne10.warm0.06.wd0.1.seed6./checkpoint-61360/config.json
[INFO|modeling_utils.py:898] 2026-10-04 17:07:50,463 >> Model weights saved in checkpoints/glue/mnli/20261004/glue.mnli.mam.am_prefix.ao_concat.fm_adapter.fo_parallel.abn.fbn.ac_add.fl_none.finit_lora.fs_2.unfrz_ef_.ne10.warm0.06.wd0.1.seed6./checkpoint-61360/pytorch_model.bin
[INFO|tokenization_utils_base.py:1948] 2026-10-04 17:07:50,464 >> tokenizer config file saved in checkpoints/glue/mnli/20261004/glue.mnli.mam.am_prefix.ao_concat.fm_adapter.fo_parallel.abn.fbn.ac_add.fl_none.finit_lora.fs_2.unfrz_ef_.ne10.warm0.06.wd0.1.seed6./checkpoint-61360/tokenizer_config.json
[INFO|tokenization_utils_base.py:1954] 2026-10-04 17:07:50,464 >> Special tokens file saved in checkpoints/glue/mnli/20261004/glue.mnli.mam.am_prefix.ao_concat.fm_adapter.fo_parallel.abn.fbn.ac_add.fl_none.finit_lora.fs_2.unfrz_ef_.ne10.warm0.06.wd0.1.seed6./checkpoint-61360/special_tokens_map.json
[INFO|trainer.py:2009] 2026-10-04 17:07:50,625 >> Deleting older checkpoint [checkpoints/glue/mnli/20261004/glue.mnli.mam.am_prefix.ao_concat.fm_adapter.fo_parallel.abn.fbn.ac_add.fl_none.finit_lora.fs_2.unfrz_ef_.ne10.warm0.06.wd0.1.seed6./checkpoint-36816] due to args.save_total_limit
/work/unify-parameter-efficient-tuning/src/transformers/trainer.py:1784: FutureWarning: `torch.cuda.amp.autocast(args...)` is deprecated. Please use `torch.amp.autocast('cuda', args...)` instead.
  with autocast():
{'loss': 0.359, 'learning_rate': 5.3225676167689595e-05, 'epoch': 5.0}
{'loss': 0.3917, 'learning_rate': 5.3182375429106436e-05, 'epoch': 5.01}
{'loss': 0.383, 'learning_rate': 5.313907469052325e-05, 'epoch': 5.01}
{'loss': 0.3833, 'learning_rate': 5.309577395194008e-05, 'epoch': 5.02}
{'loss': 0.3815, 'learning_rate': 5.305247321335692e-05, 'epoch': 5.02}
{'loss': 0.4048, 'learning_rate': 5.301003848954541e-05, 'epoch': 5.02}
{'loss': 0.3858, 'learning_rate': 5.296673775096225e-05, 'epoch': 5.03}
{'loss': 0.3795, 'learning_rate': 5.292343701237907e-05, 'epoch': 5.03}
{'loss': 0.3648, 'learning_rate': 5.288013627379591e-05, 'epoch': 5.04}
{'loss': 0.3762, 'learning_rate': 5.2836835535212734e-05, 'epoch': 5.04}
{'loss': 0.3925, 'learning_rate': 5.279353479662956e-05, 'epoch': 5.04}
{'loss': 0.3789, 'learning_rate': 5.27502340580464e-05, 'epoch': 5.05}
{'loss': 0.3446, 'learning_rate': 5.270693331946324e-05, 'epoch': 5.05}
{'loss': 0.3894, 'learning_rate': 5.266363258088006e-05, 'epoch': 5.06}
{'loss': 0.3914, 'learning_rate': 5.26203318422969e-05, 'epoch': 5.06}
{'loss': 0.3739, 'learning_rate': 5.257703110371372e-05, 'epoch': 5.06}
{'loss': 0.3505, 'learning_rate': 5.2533730365130564e-05, 'epoch': 5.07}
{'loss': 0.3488, 'learning_rate': 5.249042962654738e-05, 'epoch': 5.07}
{'loss': 0.3488, 'learning_rate': 5.244712888796423e-05, 'epoch': 5.08}
{'loss': 0.3827, 'learning_rate': 5.240382814938105e-05, 'epoch': 5.08}
{'loss': 0.3741, 'learning_rate': 5.236139342556955e-05, 'epoch': 5.08}
{'loss': 0.3741, 'learning_rate': 5.231809268698638e-05, 'epoch': 5.09}
{'loss': 0.3415, 'learning_rate': 5.22747919484032e-05, 'epoch': 5.09}
{'loss': 0.4075, 'learning_rate': 5.223149120982004e-05, 'epoch': 5.1}
{'loss': 0.4156, 'learning_rate': 5.218819047123686e-05, 'epoch': 5.1}
{'loss': 0.3706, 'learning_rate': 5.2144889732653703e-05, 'epoch': 5.11}
{'loss': 0.3762, 'learning_rate': 5.210158899407054e-05, 'epoch': 5.11}
{'loss': 0.366, 'learning_rate': 5.2058288255487366e-05, 'epoch': 5.11}
{'loss': 0.3709, 'learning_rate': 5.20149875169042e-05, 'epoch': 5.12}
{'loss': 0.4028, 'learning_rate': 5.1971686778321036e-05, 'epoch': 5.12}
{'loss': 0.363, 'learning_rate': 5.192838603973785e-05, 'epoch': 5.13}
{'loss': 0.3608, 'learning_rate': 5.188508530115469e-05, 'epoch': 5.13}
{'loss': 0.382, 'learning_rate': 5.1841784562571526e-05, 'epoch': 5.13}
{'loss': 0.347, 'learning_rate': 5.1798483823988354e-05, 'epoch': 5.14}
{'loss': 0.3625, 'learning_rate': 5.1755183085405176e-05, 'epoch': 5.14}
{'loss': 0.3796, 'learning_rate': 5.1711882346822004e-05, 'epoch': 5.15}
{'loss': 0.3851, 'learning_rate': 5.1668581608238845e-05, 'epoch': 5.15}
{'loss': 0.3507, 'learning_rate': 5.1625280869655666e-05, 'epoch': 5.15}
{'loss': 0.349, 'learning_rate': 5.158198013107251e-05, 'epoch': 5.16}
{'loss': 0.3662, 'learning_rate': 5.153867939248934e-05, 'epoch': 5.16}
{'loss': 0.3485, 'learning_rate': 5.149537865390617e-05, 'epoch': 5.17}
{'loss': 0.3856, 'learning_rate': 5.1452077915323005e-05, 'epoch': 5.17}
{'loss': 0.386, 'learning_rate': 5.140877717673984e-05, 'epoch': 5.17}
{'loss': 0.3743, 'learning_rate': 5.1365476438156655e-05, 'epoch': 5.18}
{'loss': 0.387, 'learning_rate': 5.1322175699573496e-05, 'epoch': 5.18}
{'loss': 0.3703, 'learning_rate': 5.127887496099033e-05, 'epoch': 5.19}
{'loss': 0.3666, 'learning_rate': 5.123557422240716e-05, 'epoch': 5.19}
{'loss': 0.3597, 'learning_rate': 5.1192273483823994e-05, 'epoch': 5.19}
{'loss': 0.386, 'learning_rate': 5.114897274524083e-05, 'epoch': 5.2}
{'loss': 0.396, 'learning_rate': 5.110567200665764e-05, 'epoch': 5.2}
{'loss': 0.3969, 'learning_rate': 5.106237126807449e-05, 'epoch': 5.21}
{'loss': 0.3721, 'learning_rate': 5.101907052949133e-05, 'epoch': 5.21}
{'loss': 0.3866, 'learning_rate': 5.097576979090815e-05, 'epoch': 5.22}
{'loss': 0.3362, 'learning_rate': 5.093246905232497e-05, 'epoch': 5.22}
{'loss': 0.3868, 'learning_rate': 5.0889168313741817e-05, 'epoch': 5.22}
{'loss': 0.3792, 'learning_rate': 5.0845867575158645e-05, 'epoch': 5.23}
{'loss': 0.3357, 'learning_rate': 5.080256683657546e-05, 'epoch': 5.23}
{'loss': 0.406, 'learning_rate': 5.075926609799231e-05, 'epoch': 5.24}
{'loss': 0.4006, 'learning_rate': 5.0715965359409135e-05, 'epoch': 5.24}
{'loss': 0.3701, 'learning_rate': 5.067266462082596e-05, 'epoch': 5.24}
{'loss': 0.3747, 'learning_rate': 5.06293638822428e-05, 'epoch': 5.25}
{'loss': 0.3632, 'learning_rate': 5.058606314365963e-05, 'epoch': 5.25}
{'loss': 0.3633, 'learning_rate': 5.054276240507645e-05, 'epoch': 5.26}
{'loss': 0.3554, 'learning_rate': 5.0499461666493295e-05, 'epoch': 5.26}
{'loss': 0.4011, 'learning_rate': 5.045616092791014e-05, 'epoch': 5.26}
{'loss': 0.3776, 'learning_rate': 5.041286018932695e-05, 'epoch': 5.27}
{'loss': 0.3819, 'learning_rate': 5.0369559450743786e-05, 'epoch': 5.27}
{'loss': 0.366, 'learning_rate': 5.032625871216062e-05, 'epoch': 5.28}
{'loss': 0.3744, 'learning_rate': 5.028295797357745e-05, 'epoch': 5.28}
{'loss': 0.3975, 'learning_rate': 5.0239657234994284e-05, 'epoch': 5.28}
{'loss': 0.3968, 'learning_rate': 5.0196356496411125e-05, 'epoch': 5.29}
{'loss': 0.3807, 'learning_rate': 5.015305575782794e-05, 'epoch': 5.29}
{'loss': 0.385, 'learning_rate': 5.0109755019244774e-05, 'epoch': 5.3}
{'loss': 0.366, 'learning_rate': 5.006645428066161e-05, 'epoch': 5.3}
{'loss': 0.3814, 'learning_rate': 5.002315354207844e-05, 'epoch': 5.3}
{'loss': 0.3751, 'learning_rate': 4.997985280349527e-05, 'epoch': 5.31}
{'loss': 0.434, 'learning_rate': 4.99365520649121e-05, 'epoch': 5.31}
{'loss': 0.3531, 'learning_rate': 4.9893251326328935e-05, 'epoch': 5.32}
{'loss': 0.3745, 'learning_rate': 4.984995058774577e-05, 'epoch': 5.32}
{'loss': 0.3797, 'learning_rate': 4.980664984916259e-05, 'epoch': 5.33}
{'loss': 0.4287, 'learning_rate': 4.9763349110579425e-05, 'epoch': 5.33}
{'loss': 0.3752, 'learning_rate': 4.972004837199626e-05, 'epoch': 5.33}
{'loss': 0.3554, 'learning_rate': 4.967674763341309e-05, 'epoch': 5.34}
{'loss': 0.3508, 'learning_rate': 4.963344689482992e-05, 'epoch': 5.34}
{'loss': 0.3799, 'learning_rate': 4.959014615624676e-05, 'epoch': 5.35}
{'loss': 0.4038, 'learning_rate': 4.954684541766358e-05, 'epoch': 5.35}
{'loss': 0.3655, 'learning_rate': 4.950354467908042e-05, 'epoch': 5.35}
{'loss': 0.3665, 'learning_rate': 4.946024394049724e-05, 'epoch': 5.36}
{'loss': 0.3718, 'learning_rate': 4.9416943201914076e-05, 'epoch': 5.36}
{'loss': 0.3693, 'learning_rate': 4.937364246333091e-05, 'epoch': 5.37}
{'loss': 0.3805, 'learning_rate': 4.933034172474774e-05, 'epoch': 5.37}
{'loss': 0.3921, 'learning_rate': 4.9287040986164574e-05, 'epoch': 5.37}
{'loss': 0.3622, 'learning_rate': 4.924374024758141e-05, 'epoch': 5.38}
{'loss': 0.3713, 'learning_rate': 4.920043950899823e-05, 'epoch': 5.38}
{'loss': 0.3651, 'learning_rate': 4.9157138770415064e-05, 'epoch': 5.39}
{'loss': 0.3512, 'learning_rate': 4.9113838031831906e-05, 'epoch': 5.39}
{'loss': 0.3373, 'learning_rate': 4.907053729324873e-05, 'epoch': 5.39}
{'loss': 0.3825, 'learning_rate': 4.902723655466556e-05, 'epoch': 5.4}
{'loss': 0.3971, 'learning_rate': 4.898393581608239e-05, 'epoch': 5.4}
{'loss': 0.3816, 'learning_rate': 4.8940635077499225e-05, 'epoch': 5.41}
{'loss': 0.3603, 'learning_rate': 4.889733433891606e-05, 'epoch': 5.41}
{'loss': 0.3922, 'learning_rate': 4.885403360033288e-05, 'epoch': 5.41}
{'loss': 0.3768, 'learning_rate': 4.8810732861749715e-05, 'epoch': 5.42}
{'loss': 0.376, 'learning_rate': 4.876743212316655e-05, 'epoch': 5.42}
{'loss': 0.3634, 'learning_rate': 4.872413138458338e-05, 'epoch': 5.43}
{'loss': 0.3471, 'learning_rate': 4.868083064600021e-05, 'epoch': 5.43}
{'loss': 0.3591, 'learning_rate': 4.863752990741705e-05, 'epoch': 5.44}
{'loss': 0.3791, 'learning_rate': 4.859422916883387e-05, 'epoch': 5.44}
{'loss': 0.3514, 'learning_rate': 4.855092843025071e-05, 'epoch': 5.44}
{'loss': 0.3904, 'learning_rate': 4.8507627691667545e-05, 'epoch': 5.45}
{'loss': 0.3585, 'learning_rate': 4.8464326953084366e-05, 'epoch': 5.45}
{'loss': 0.384, 'learning_rate': 4.84210262145012e-05, 'epoch': 5.46}
{'loss': 0.3523, 'learning_rate': 4.837772547591803e-05, 'epoch': 5.46}
{'loss': 0.3622, 'learning_rate': 4.8334424737334864e-05, 'epoch': 5.46}
{'loss': 0.3512, 'learning_rate': 4.82911239987517e-05, 'epoch': 5.47}
{'loss': 0.414, 'learning_rate': 4.824782326016852e-05, 'epoch': 5.47}
{'loss': 0.379, 'learning_rate': 4.8204522521585355e-05, 'epoch': 5.48}
{'loss': 0.3802, 'learning_rate': 4.816122178300219e-05, 'epoch': 5.48}
{'loss': 0.3739, 'learning_rate': 4.811792104441902e-05, 'epoch': 5.48}
{'loss': 0.4004, 'learning_rate': 4.807462030583585e-05, 'epoch': 5.49}
{'loss': 0.3904, 'learning_rate': 4.803131956725269e-05, 'epoch': 5.49}
{'loss': 0.3236, 'learning_rate': 4.7988018828669515e-05, 'epoch': 5.5}
{'loss': 0.3671, 'learning_rate': 4.794471809008635e-05, 'epoch': 5.5}
{'loss': 0.345, 'learning_rate': 4.790141735150317e-05, 'epoch': 5.5}
{'loss': 0.3694, 'learning_rate': 4.7858116612920005e-05, 'epoch': 5.51}
{'loss': 0.358, 'learning_rate': 4.781481587433684e-05, 'epoch': 5.51}
{'loss': 0.3736, 'learning_rate': 4.777151513575367e-05, 'epoch': 5.52}
{'loss': 0.3502, 'learning_rate': 4.77282143971705e-05, 'epoch': 5.52}
{'loss': 0.3717, 'learning_rate': 4.768491365858734e-05, 'epoch': 5.52}
{'loss': 0.3593, 'learning_rate': 4.764161292000416e-05, 'epoch': 5.53}
{'loss': 0.393, 'learning_rate': 4.7598312181420994e-05, 'epoch': 5.53}
{'loss': 0.3841, 'learning_rate': 4.7555011442837835e-05, 'epoch': 5.54}
{'loss': 0.3685, 'learning_rate': 4.7511710704254656e-05, 'epoch': 5.54}
{'loss': 0.39, 'learning_rate': 4.746840996567149e-05, 'epoch': 5.55}
{'loss': 0.3705, 'learning_rate': 4.742510922708832e-05, 'epoch': 5.55}
{'loss': 0.3521, 'learning_rate': 4.7381808488505154e-05, 'epoch': 5.55}
{'loss': 0.4253, 'learning_rate': 4.733850774992199e-05, 'epoch': 5.56}
{'loss': 0.3634, 'learning_rate': 4.729520701133881e-05, 'epoch': 5.56}
{'loss': 0.3955, 'learning_rate': 4.7251906272755645e-05, 'epoch': 5.57}
{'loss': 0.3998, 'learning_rate': 4.720860553417248e-05, 'epoch': 5.57}
{'loss': 0.3998, 'learning_rate': 4.716617081036097e-05, 'epoch': 5.57}
{'loss': 0.3808, 'learning_rate': 4.71228700717778e-05, 'epoch': 5.58}
{'loss': 0.3868, 'learning_rate': 4.707956933319464e-05, 'epoch': 5.58}
{'loss': 0.342, 'learning_rate': 4.7036268594611465e-05, 'epoch': 5.59}
{'loss': 0.3802, 'learning_rate': 4.69929678560283e-05, 'epoch': 5.59}
{'loss': 0.3956, 'learning_rate': 4.6949667117445135e-05, 'epoch': 5.59}
{'loss': 0.3632, 'learning_rate': 4.6906366378861956e-05, 'epoch': 5.6}
{'loss': 0.4047, 'learning_rate': 4.68630656402788e-05, 'epoch': 5.6}
{'loss': 0.3707, 'learning_rate': 4.681976490169562e-05, 'epoch': 5.61}
{'loss': 0.3908, 'learning_rate': 4.6776464163112454e-05, 'epoch': 5.61}
{'loss': 0.3747, 'learning_rate': 4.673316342452929e-05, 'epoch': 5.61}
{'loss': 0.3343, 'learning_rate': 4.6689862685946116e-05, 'epoch': 5.62}
{'loss': 0.3794, 'learning_rate': 4.664656194736295e-05, 'epoch': 5.62}
{'loss': 0.3823, 'learning_rate': 4.6603261208779786e-05, 'epoch': 5.63}
{'loss': 0.3589, 'learning_rate': 4.655996047019661e-05, 'epoch': 5.63}
{'loss': 0.4166, 'learning_rate': 4.651665973161344e-05, 'epoch': 5.63}
{'loss': 0.3842, 'learning_rate': 4.6473358993030277e-05, 'epoch': 5.64}
{'loss': 0.3898, 'learning_rate': 4.6430058254447105e-05, 'epoch': 5.64}
{'loss': 0.3708, 'learning_rate': 4.638675751586394e-05, 'epoch': 5.65}
{'loss': 0.3341, 'learning_rate': 4.634345677728076e-05, 'epoch': 5.65}
{'loss': 0.3435, 'learning_rate': 4.63001560386976e-05, 'epoch': 5.66}
{'loss': 0.373, 'learning_rate': 4.625685530011444e-05, 'epoch': 5.66}
{'loss': 0.3967, 'learning_rate': 4.621355456153126e-05, 'epoch': 5.66}
{'loss': 0.3936, 'learning_rate': 4.617025382294809e-05, 'epoch': 5.67}
{'loss': 0.3619, 'learning_rate': 4.612695308436493e-05, 'epoch': 5.67}
{'loss': 0.3983, 'learning_rate': 4.6083652345781756e-05, 'epoch': 5.68}
{'loss': 0.3734, 'learning_rate': 4.604035160719859e-05, 'epoch': 5.68}
{'loss': 0.3749, 'learning_rate': 4.5997050868615425e-05, 'epoch': 5.68}
{'loss': 0.3609, 'learning_rate': 4.5953750130032246e-05, 'epoch': 5.69}
{'loss': 0.3542, 'learning_rate': 4.591044939144908e-05, 'epoch': 5.69}
{'loss': 0.3837, 'learning_rate': 4.586714865286592e-05, 'epoch': 5.7}
{'loss': 0.4024, 'learning_rate': 4.5823847914282744e-05, 'epoch': 5.7}
{'loss': 0.371, 'learning_rate': 4.578054717569958e-05, 'epoch': 5.7}
{'loss': 0.3854, 'learning_rate': 4.5737246437116406e-05, 'epoch': 5.71}
{'loss': 0.3781, 'learning_rate': 4.569394569853324e-05, 'epoch': 5.71}
{'loss': 0.381, 'learning_rate': 4.5650644959950076e-05, 'epoch': 5.72}
{'loss': 0.3817, 'learning_rate': 4.56073442213669e-05, 'epoch': 5.72}
{'loss': 0.3831, 'learning_rate': 4.556404348278373e-05, 'epoch': 5.72}
{'loss': 0.3837, 'learning_rate': 4.552074274420057e-05, 'epoch': 5.73}
{'loss': 0.3663, 'learning_rate': 4.5477442005617395e-05, 'epoch': 5.73}
{'loss': 0.4355, 'learning_rate': 4.543500728180589e-05, 'epoch': 5.74}
{'loss': 0.3833, 'learning_rate': 4.5391706543222725e-05, 'epoch': 5.74}
{'loss': 0.3519, 'learning_rate': 4.534840580463955e-05, 'epoch': 5.74}
{'loss': 0.3425, 'learning_rate': 4.530510506605639e-05, 'epoch': 5.75}
{'loss': 0.3767, 'learning_rate': 4.526180432747322e-05, 'epoch': 5.75}
{'loss': 0.3833, 'learning_rate': 4.5218503588890043e-05, 'epoch': 5.76}
{'loss': 0.3567, 'learning_rate': 4.5175202850306885e-05, 'epoch': 5.76}
{'loss': 0.3667, 'learning_rate': 4.5131902111723706e-05, 'epoch': 5.77}
{'loss': 0.3657, 'learning_rate': 4.508860137314054e-05, 'epoch': 5.77}
{'loss': 0.3742, 'learning_rate': 4.5045300634557376e-05, 'epoch': 5.77}
{'loss': 0.3661, 'learning_rate': 4.5001999895974204e-05, 'epoch': 5.78}
{'loss': 0.3785, 'learning_rate': 4.495869915739104e-05, 'epoch': 5.78}
{'loss': 0.3445, 'learning_rate': 4.491539841880787e-05, 'epoch': 5.79}
{'loss': 0.3777, 'learning_rate': 4.4872097680224694e-05, 'epoch': 5.79}
{'loss': 0.4077, 'learning_rate': 4.482879694164153e-05, 'epoch': 5.79}
{'loss': 0.4047, 'learning_rate': 4.4785496203058364e-05, 'epoch': 5.8}
{'loss': 0.3764, 'learning_rate': 4.474219546447519e-05, 'epoch': 5.8}
{'loss': 0.3552, 'learning_rate': 4.469976074066369e-05, 'epoch': 5.81}
{'loss': 0.3884, 'learning_rate': 4.4656460002080515e-05, 'epoch': 5.81}
{'loss': 0.4064, 'learning_rate': 4.461315926349735e-05, 'epoch': 5.81}
{'loss': 0.3735, 'learning_rate': 4.4569858524914185e-05, 'epoch': 5.82}
{'loss': 0.3679, 'learning_rate': 4.4526557786331006e-05, 'epoch': 5.82}
{'loss': 0.3847, 'learning_rate': 4.448325704774785e-05, 'epoch': 5.83}
{'loss': 0.3673, 'learning_rate': 4.443995630916468e-05, 'epoch': 5.83}
{'loss': 0.354, 'learning_rate': 4.4396655570581503e-05, 'epoch': 5.83}
{'loss': 0.3754, 'learning_rate': 4.435335483199834e-05, 'epoch': 5.84}
{'loss': 0.3663, 'learning_rate': 4.431005409341517e-05, 'epoch': 5.84}
{'loss': 0.3754, 'learning_rate': 4.4266753354832e-05, 'epoch': 5.85}
{'loss': 0.3763, 'learning_rate': 4.4223452616248836e-05, 'epoch': 5.85}
{'loss': 0.3772, 'learning_rate': 4.418015187766567e-05, 'epoch': 5.85}
{'loss': 0.371, 'learning_rate': 4.413685113908249e-05, 'epoch': 5.86}
{'loss': 0.3846, 'learning_rate': 4.4093550400499326e-05, 'epoch': 5.86}
{'loss': 0.3567, 'learning_rate': 4.4050249661916154e-05, 'epoch': 5.87}
{'loss': 0.3477, 'learning_rate': 4.400694892333299e-05, 'epoch': 5.87}
{'loss': 0.375, 'learning_rate': 4.3963648184749824e-05, 'epoch': 5.88}
{'loss': 0.3962, 'learning_rate': 4.392034744616665e-05, 'epoch': 5.88}
{'loss': 0.3685, 'learning_rate': 4.3877046707583487e-05, 'epoch': 5.88}
{'loss': 0.3528, 'learning_rate': 4.383374596900032e-05, 'epoch': 5.89}
{'loss': 0.3707, 'learning_rate': 4.379044523041714e-05, 'epoch': 5.89}
{'loss': 0.3687, 'learning_rate': 4.374714449183398e-05, 'epoch': 5.9}
{'loss': 0.3863, 'learning_rate': 4.370384375325081e-05, 'epoch': 5.9}
{'loss': 0.3445, 'learning_rate': 4.366054301466764e-05, 'epoch': 5.9}
{'loss': 0.3551, 'learning_rate': 4.3617242276084475e-05, 'epoch': 5.91}
{'loss': 0.3765, 'learning_rate': 4.3573941537501296e-05, 'epoch': 5.91}
{'loss': 0.3567, 'learning_rate': 4.353064079891814e-05, 'epoch': 5.92}
{'loss': 0.3854, 'learning_rate': 4.348734006033497e-05, 'epoch': 5.92}
{'loss': 0.4275, 'learning_rate': 4.3444039321751793e-05, 'epoch': 5.92}
{'loss': 0.3757, 'learning_rate': 4.340073858316863e-05, 'epoch': 5.93}
{'loss': 0.3489, 'learning_rate': 4.335743784458546e-05, 'epoch': 5.93}
{'loss': 0.358, 'learning_rate': 4.331413710600229e-05, 'epoch': 5.94}
{'loss': 0.397, 'learning_rate': 4.3270836367419126e-05, 'epoch': 5.94}
{'loss': 0.3694, 'learning_rate': 4.322753562883596e-05, 'epoch': 5.94}
{'loss': 0.3746, 'learning_rate': 4.318423489025278e-05, 'epoch': 5.95}
{'loss': 0.3635, 'learning_rate': 4.3140934151669616e-05, 'epoch': 5.95}
{'loss': 0.351, 'learning_rate': 4.3097633413086444e-05, 'epoch': 5.96}
{'loss': 0.3684, 'learning_rate': 4.305433267450328e-05, 'epoch': 5.96}
{'loss': 0.35, 'learning_rate': 4.3011031935920114e-05, 'epoch': 5.96}
{'loss': 0.3566, 'learning_rate': 4.296773119733694e-05, 'epoch': 5.97}
{'loss': 0.375, 'learning_rate': 4.292443045875378e-05, 'epoch': 5.97}
{'loss': 0.3789, 'learning_rate': 4.288112972017061e-05, 'epoch': 5.98}
{'loss': 0.366, 'learning_rate': 4.283782898158743e-05, 'epoch': 5.98}
{'loss': 0.3715, 'learning_rate': 4.279452824300427e-05, 'epoch': 5.99}
{'loss': 0.3749, 'learning_rate': 4.27512275044211e-05, 'epoch': 5.99}
{'loss': 0.3571, 'learning_rate': 4.270792676583793e-05, 'epoch': 5.99}
{'loss': 0.4125, 'learning_rate': 4.2664626027254765e-05, 'epoch': 6.0}
[INFO|trainer.py:520] 2026-10-04 17:14:05,027 >> The following columns in the evaluation set  don't have a corresponding argument in `PETLEncModel.forward` and have been ignored: idx, hypothesis, premise.
[INFO|trainer.py:2179] 2026-10-04 17:14:05,029 >> ***** Running Evaluation *****
[INFO|trainer.py:2181] 2026-10-04 17:14:05,029 >>   Num examples = 9815
[INFO|trainer.py:2184] 2026-10-04 17:14:05,029 >>   Batch size = 32
{'eval_loss': 0.3531794846057892, 'eval_accuracy': 0.8683647478349465, 'eval_runtime': 10.3465, 'eval_samples_per_second': 948.629, 'eval_steps_per_second': 29.672, 'epoch': 6.0}
[INFO|trainer.py:1933] 2026-10-04 17:14:15,377 >> Saving model checkpoint to checkpoints/glue/mnli/20261004/glue.mnli.mam.am_prefix.ao_concat.fm_adapter.fo_parallel.abn.fbn.ac_add.fl_none.finit_lora.fs_2.unfrz_ef_.ne10.warm0.06.wd0.1.seed6./checkpoint-73632
[INFO|configuration_utils.py:364] 2026-10-04 17:14:15,378 >> Configuration saved in checkpoints/glue/mnli/20261004/glue.mnli.mam.am_prefix.ao_concat.fm_adapter.fo_parallel.abn.fbn.ac_add.fl_none.finit_lora.fs_2.unfrz_ef_.ne10.warm0.06.wd0.1.seed6./checkpoint-73632/config.json
[INFO|modeling_utils.py:898] 2026-10-04 17:14:15,869 >> Model weights saved in checkpoints/glue/mnli/20261004/glue.mnli.mam.am_prefix.ao_concat.fm_adapter.fo_parallel.abn.fbn.ac_add.fl_none.finit_lora.fs_2.unfrz_ef_.ne10.warm0.06.wd0.1.seed6./checkpoint-73632/pytorch_model.bin
[INFO|tokenization_utils_base.py:1948] 2026-10-04 17:14:15,871 >> tokenizer config file saved in checkpoints/glue/mnli/20261004/glue.mnli.mam.am_prefix.ao_concat.fm_adapter.fo_parallel.abn.fbn.ac_add.fl_none.finit_lora.fs_2.unfrz_ef_.ne10.warm0.06.wd0.1.seed6./checkpoint-73632/tokenizer_config.json
[INFO|tokenization_utils_base.py:1954] 2026-10-04 17:14:15,871 >> Special tokens file saved in checkpoints/glue/mnli/20261004/glue.mnli.mam.am_prefix.ao_concat.fm_adapter.fo_parallel.abn.fbn.ac_add.fl_none.finit_lora.fs_2.unfrz_ef_.ne10.warm0.06.wd0.1.seed6./checkpoint-73632/special_tokens_map.json
[INFO|trainer.py:2009] 2026-10-04 17:14:16,044 >> Deleting older checkpoint [checkpoints/glue/mnli/20261004/glue.mnli.mam.am_prefix.ao_concat.fm_adapter.fo_parallel.abn.fbn.ac_add.fl_none.finit_lora.fs_2.unfrz_ef_.ne10.warm0.06.wd0.1.seed6./checkpoint-49088] due to args.save_total_limit
/work/unify-parameter-efficient-tuning/src/transformers/trainer.py:1784: FutureWarning: `torch.cuda.amp.autocast(args...)` is deprecated. Please use `torch.amp.autocast('cuda', args...)` instead.
  with autocast():
{'loss': 0.3827, 'learning_rate': 4.26213252886716e-05, 'epoch': 6.0}
{'loss': 0.3436, 'learning_rate': 4.257802455008842e-05, 'epoch': 6.01}
{'loss': 0.3709, 'learning_rate': 4.253472381150526e-05, 'epoch': 6.01}
{'loss': 0.3583, 'learning_rate': 4.2491423072922084e-05, 'epoch': 6.01}
{'loss': 0.3888, 'learning_rate': 4.244812233433892e-05, 'epoch': 6.02}
{'loss': 0.3951, 'learning_rate': 4.240482159575575e-05, 'epoch': 6.02}
{'loss': 0.3576, 'learning_rate': 4.236152085717258e-05, 'epoch': 6.03}
{'loss': 0.3708, 'learning_rate': 4.2318220118589416e-05, 'epoch': 6.03}
{'loss': 0.3561, 'learning_rate': 4.227491938000625e-05, 'epoch': 6.03}
{'loss': 0.3609, 'learning_rate': 4.223161864142307e-05, 'epoch': 6.04}
{'loss': 0.3731, 'learning_rate': 4.2188317902839907e-05, 'epoch': 6.04}
{'loss': 0.342, 'learning_rate': 4.214501716425674e-05, 'epoch': 6.05}
{'loss': 0.3761, 'learning_rate': 4.210171642567357e-05, 'epoch': 6.05}
{'loss': 0.3448, 'learning_rate': 4.2058415687090404e-05, 'epoch': 6.05}
{'loss': 0.3715, 'learning_rate': 4.2015114948507225e-05, 'epoch': 6.06}
{'loss': 0.3594, 'learning_rate': 4.197181420992407e-05, 'epoch': 6.06}
{'loss': 0.3909, 'learning_rate': 4.19285134713409e-05, 'epoch': 6.07}
{'loss': 0.3792, 'learning_rate': 4.188521273275772e-05, 'epoch': 6.07}
{'loss': 0.3297, 'learning_rate': 4.184191199417456e-05, 'epoch': 6.07}
{'loss': 0.3868, 'learning_rate': 4.179861125559139e-05, 'epoch': 6.08}
{'loss': 0.3724, 'learning_rate': 4.175531051700822e-05, 'epoch': 6.08}
{'loss': 0.3739, 'learning_rate': 4.1712009778425055e-05, 'epoch': 6.09}
{'loss': 0.391, 'learning_rate': 4.166870903984189e-05, 'epoch': 6.09}
{'loss': 0.3499, 'learning_rate': 4.162540830125871e-05, 'epoch': 6.1}
{'loss': 0.38, 'learning_rate': 4.1582107562675546e-05, 'epoch': 6.1}
{'loss': 0.3804, 'learning_rate': 4.1538806824092374e-05, 'epoch': 6.1}
{'loss': 0.3644, 'learning_rate': 4.149550608550921e-05, 'epoch': 6.11}
{'loss': 0.3762, 'learning_rate': 4.145220534692604e-05, 'epoch': 6.11}
{'loss': 0.3504, 'learning_rate': 4.140890460834287e-05, 'epoch': 6.12}
{'loss': 0.3904, 'learning_rate': 4.1365603869759706e-05, 'epoch': 6.12}
{'loss': 0.3607, 'learning_rate': 4.132230313117654e-05, 'epoch': 6.12}
{'loss': 0.3884, 'learning_rate': 4.127900239259336e-05, 'epoch': 6.13}
{'loss': 0.3664, 'learning_rate': 4.1236567668781864e-05, 'epoch': 6.13}
{'loss': 0.3815, 'learning_rate': 4.11932669301987e-05, 'epoch': 6.14}
{'loss': 0.3947, 'learning_rate': 4.114996619161552e-05, 'epoch': 6.14}
{'loss': 0.3298, 'learning_rate': 4.1106665453032355e-05, 'epoch': 6.14}
{'loss': 0.3733, 'learning_rate': 4.106336471444919e-05, 'epoch': 6.15}
{'loss': 0.4046, 'learning_rate': 4.102006397586602e-05, 'epoch': 6.15}
{'loss': 0.3604, 'learning_rate': 4.097676323728285e-05, 'epoch': 6.16}
{'loss': 0.3274, 'learning_rate': 4.0933462498699673e-05, 'epoch': 6.16}
{'loss': 0.364, 'learning_rate': 4.089016176011651e-05, 'epoch': 6.16}
{'loss': 0.3616, 'learning_rate': 4.084686102153335e-05, 'epoch': 6.17}
{'loss': 0.3601, 'learning_rate': 4.080356028295017e-05, 'epoch': 6.17}
{'loss': 0.3836, 'learning_rate': 4.0761125559138666e-05, 'epoch': 6.18}
{'loss': 0.3761, 'learning_rate': 4.071782482055551e-05, 'epoch': 6.18}
{'loss': 0.3511, 'learning_rate': 4.067452408197233e-05, 'epoch': 6.18}
{'loss': 0.3695, 'learning_rate': 4.0631223343389164e-05, 'epoch': 6.19}
{'loss': 0.3661, 'learning_rate': 4.0587922604806e-05, 'epoch': 6.19}
{'loss': 0.3674, 'learning_rate': 4.0544621866222826e-05, 'epoch': 6.2}
{'loss': 0.3488, 'learning_rate': 4.050132112763966e-05, 'epoch': 6.2}
{'loss': 0.3275, 'learning_rate': 4.0458020389056496e-05, 'epoch': 6.21}
{'loss': 0.3588, 'learning_rate': 4.041471965047332e-05, 'epoch': 6.21}
{'loss': 0.3248, 'learning_rate': 4.037141891189015e-05, 'epoch': 6.21}
{'loss': 0.3781, 'learning_rate': 4.032811817330698e-05, 'epoch': 6.22}
{'loss': 0.3602, 'learning_rate': 4.0284817434723815e-05, 'epoch': 6.22}
{'loss': 0.3606, 'learning_rate': 4.024151669614065e-05, 'epoch': 6.23}
{'loss': 0.3529, 'learning_rate': 4.019821595755747e-05, 'epoch': 6.23}
{'loss': 0.3405, 'learning_rate': 4.015491521897431e-05, 'epoch': 6.23}
{'loss': 0.3856, 'learning_rate': 4.011161448039115e-05, 'epoch': 6.24}
{'loss': 0.3458, 'learning_rate': 4.006831374180797e-05, 'epoch': 6.24}
{'loss': 0.3821, 'learning_rate': 4.00250130032248e-05, 'epoch': 6.25}
{'loss': 0.3622, 'learning_rate': 3.998171226464164e-05, 'epoch': 6.25}
{'loss': 0.3557, 'learning_rate': 3.9938411526058466e-05, 'epoch': 6.25}
{'loss': 0.3523, 'learning_rate': 3.98951107874753e-05, 'epoch': 6.26}
{'loss': 0.3647, 'learning_rate': 3.985181004889212e-05, 'epoch': 6.26}
{'loss': 0.3821, 'learning_rate': 3.9808509310308956e-05, 'epoch': 6.27}
{'loss': 0.3876, 'learning_rate': 3.976520857172579e-05, 'epoch': 6.27}
{'loss': 0.3557, 'learning_rate': 3.972190783314262e-05, 'epoch': 6.27}
{'loss': 0.3638, 'learning_rate': 3.9678607094559454e-05, 'epoch': 6.28}
{'loss': 0.3704, 'learning_rate': 3.963530635597629e-05, 'epoch': 6.28}
{'loss': 0.3456, 'learning_rate': 3.9592005617393117e-05, 'epoch': 6.29}
{'loss': 0.3715, 'learning_rate': 3.954870487880995e-05, 'epoch': 6.29}
{'loss': 0.3561, 'learning_rate': 3.9505404140226786e-05, 'epoch': 6.29}
{'loss': 0.3824, 'learning_rate': 3.946210340164361e-05, 'epoch': 6.3}
{'loss': 0.3833, 'learning_rate': 3.941880266306044e-05, 'epoch': 6.3}
{'loss': 0.3571, 'learning_rate': 3.937550192447727e-05, 'epoch': 6.31}
{'loss': 0.3683, 'learning_rate': 3.9332201185894105e-05, 'epoch': 6.31}
{'loss': 0.3714, 'learning_rate': 3.928890044731094e-05, 'epoch': 6.32}
{'loss': 0.3584, 'learning_rate': 3.924559970872776e-05, 'epoch': 6.32}
{'loss': 0.4031, 'learning_rate': 3.9202298970144595e-05, 'epoch': 6.32}
{'loss': 0.3972, 'learning_rate': 3.915899823156144e-05, 'epoch': 6.33}
{'loss': 0.3768, 'learning_rate': 3.911569749297826e-05, 'epoch': 6.33}
{'loss': 0.3934, 'learning_rate': 3.907239675439509e-05, 'epoch': 6.34}
{'loss': 0.3503, 'learning_rate': 3.902909601581193e-05, 'epoch': 6.34}
{'loss': 0.3517, 'learning_rate': 3.8985795277228756e-05, 'epoch': 6.34}
{'loss': 0.34, 'learning_rate': 3.894249453864559e-05, 'epoch': 6.35}
{'loss': 0.3676, 'learning_rate': 3.8899193800062425e-05, 'epoch': 6.35}
{'loss': 0.3872, 'learning_rate': 3.8855893061479246e-05, 'epoch': 6.36}
{'loss': 0.3735, 'learning_rate': 3.881259232289608e-05, 'epoch': 6.36}
{'loss': 0.3658, 'learning_rate': 3.876929158431291e-05, 'epoch': 6.36}
{'loss': 0.3683, 'learning_rate': 3.8725990845729744e-05, 'epoch': 6.37}
{'loss': 0.3574, 'learning_rate': 3.868269010714658e-05, 'epoch': 6.37}
{'loss': 0.3802, 'learning_rate': 3.86393893685634e-05, 'epoch': 6.38}
{'loss': 0.3781, 'learning_rate': 3.859608862998024e-05, 'epoch': 6.38}
{'loss': 0.3667, 'learning_rate': 3.8552787891397076e-05, 'epoch': 6.38}
{'loss': 0.3568, 'learning_rate': 3.85094871528139e-05, 'epoch': 6.39}
{'loss': 0.3545, 'learning_rate': 3.846618641423073e-05, 'epoch': 6.39}
{'loss': 0.3381, 'learning_rate': 3.842288567564757e-05, 'epoch': 6.4}
{'loss': 0.3403, 'learning_rate': 3.8379584937064395e-05, 'epoch': 6.4}
{'loss': 0.3677, 'learning_rate': 3.833628419848123e-05, 'epoch': 6.4}
{'loss': 0.3608, 'learning_rate': 3.829298345989805e-05, 'epoch': 6.41}
{'loss': 0.3524, 'learning_rate': 3.8249682721314886e-05, 'epoch': 6.41}
{'loss': 0.3395, 'learning_rate': 3.820638198273173e-05, 'epoch': 6.42}
{'loss': 0.3683, 'learning_rate': 3.816308124414855e-05, 'epoch': 6.42}
{'loss': 0.3237, 'learning_rate': 3.811978050556538e-05, 'epoch': 6.43}
{'loss': 0.3828, 'learning_rate': 3.807647976698222e-05, 'epoch': 6.43}
{'loss': 0.3401, 'learning_rate': 3.8033179028399046e-05, 'epoch': 6.43}
{'loss': 0.3814, 'learning_rate': 3.798987828981588e-05, 'epoch': 6.44}
{'loss': 0.3604, 'learning_rate': 3.7946577551232715e-05, 'epoch': 6.44}
{'loss': 0.3416, 'learning_rate': 3.7903276812649536e-05, 'epoch': 6.45}
{'loss': 0.3416, 'learning_rate': 3.785997607406637e-05, 'epoch': 6.45}
{'loss': 0.3322, 'learning_rate': 3.78166753354832e-05, 'epoch': 6.45}
{'loss': 0.3732, 'learning_rate': 3.7774240611671695e-05, 'epoch': 6.46}
{'loss': 0.3856, 'learning_rate': 3.773093987308853e-05, 'epoch': 6.46}
{'loss': 0.3401, 'learning_rate': 3.768763913450536e-05, 'epoch': 6.47}
{'loss': 0.3788, 'learning_rate': 3.764433839592219e-05, 'epoch': 6.47}
{'loss': 0.3534, 'learning_rate': 3.760103765733903e-05, 'epoch': 6.47}
{'loss': 0.3536, 'learning_rate': 3.755773691875585e-05, 'epoch': 6.48}
{'loss': 0.3511, 'learning_rate': 3.751443618017269e-05, 'epoch': 6.48}
{'loss': 0.3568, 'learning_rate': 3.7471135441589524e-05, 'epoch': 6.49}
{'loss': 0.3584, 'learning_rate': 3.7427834703006346e-05, 'epoch': 6.49}
{'loss': 0.356, 'learning_rate': 3.738453396442318e-05, 'epoch': 6.49}
{'loss': 0.3822, 'learning_rate': 3.7341233225840015e-05, 'epoch': 6.5}
{'loss': 0.3697, 'learning_rate': 3.729793248725684e-05, 'epoch': 6.5}
{'loss': 0.3507, 'learning_rate': 3.725463174867368e-05, 'epoch': 6.51}
{'loss': 0.3288, 'learning_rate': 3.72113310100905e-05, 'epoch': 6.51}
{'loss': 0.3791, 'learning_rate': 3.7168030271507334e-05, 'epoch': 6.51}
{'loss': 0.3702, 'learning_rate': 3.712472953292417e-05, 'epoch': 6.52}
{'loss': 0.3839, 'learning_rate': 3.7081428794340996e-05, 'epoch': 6.52}
{'loss': 0.3653, 'learning_rate': 3.703812805575783e-05, 'epoch': 6.53}
{'loss': 0.3688, 'learning_rate': 3.6994827317174666e-05, 'epoch': 6.53}
{'loss': 0.4244, 'learning_rate': 3.6951526578591494e-05, 'epoch': 6.54}
{'loss': 0.3633, 'learning_rate': 3.690822584000833e-05, 'epoch': 6.54}
{'loss': 0.353, 'learning_rate': 3.6864925101425163e-05, 'epoch': 6.54}
{'loss': 0.3577, 'learning_rate': 3.6821624362841985e-05, 'epoch': 6.55}
{'loss': 0.3994, 'learning_rate': 3.677832362425882e-05, 'epoch': 6.55}
{'loss': 0.3657, 'learning_rate': 3.673502288567565e-05, 'epoch': 6.56}
{'loss': 0.3715, 'learning_rate': 3.669172214709248e-05, 'epoch': 6.56}
{'loss': 0.3812, 'learning_rate': 3.664842140850932e-05, 'epoch': 6.56}
{'loss': 0.3574, 'learning_rate': 3.660512066992614e-05, 'epoch': 6.57}
{'loss': 0.3804, 'learning_rate': 3.656181993134297e-05, 'epoch': 6.57}
{'loss': 0.397, 'learning_rate': 3.6518519192759814e-05, 'epoch': 6.58}
{'loss': 0.3411, 'learning_rate': 3.6475218454176636e-05, 'epoch': 6.58}
{'loss': 0.367, 'learning_rate': 3.643191771559347e-05, 'epoch': 6.58}
{'loss': 0.3805, 'learning_rate': 3.6388616977010305e-05, 'epoch': 6.59}
{'loss': 0.3874, 'learning_rate': 3.634531623842713e-05, 'epoch': 6.59}
{'loss': 0.3582, 'learning_rate': 3.630201549984397e-05, 'epoch': 6.6}
{'loss': 0.3547, 'learning_rate': 3.62587147612608e-05, 'epoch': 6.6}
{'loss': 0.3838, 'learning_rate': 3.6215414022677624e-05, 'epoch': 6.6}
{'loss': 0.3978, 'learning_rate': 3.617211328409446e-05, 'epoch': 6.61}
{'loss': 0.3541, 'learning_rate': 3.6128812545511287e-05, 'epoch': 6.61}
{'loss': 0.3473, 'learning_rate': 3.608551180692812e-05, 'epoch': 6.62}
{'loss': 0.3762, 'learning_rate': 3.6042211068344956e-05, 'epoch': 6.62}
{'loss': 0.3781, 'learning_rate': 3.599891032976178e-05, 'epoch': 6.62}
{'loss': 0.3709, 'learning_rate': 3.595560959117862e-05, 'epoch': 6.63}
{'loss': 0.356, 'learning_rate': 3.5912308852595454e-05, 'epoch': 6.63}
{'loss': 0.336, 'learning_rate': 3.5869008114012275e-05, 'epoch': 6.64}
{'loss': 0.3238, 'learning_rate': 3.582570737542911e-05, 'epoch': 6.64}
{'loss': 0.3667, 'learning_rate': 3.5782406636845944e-05, 'epoch': 6.65}
{'loss': 0.4113, 'learning_rate': 3.573910589826277e-05, 'epoch': 6.65}
{'loss': 0.3609, 'learning_rate': 3.569580515967961e-05, 'epoch': 6.65}
{'loss': 0.3391, 'learning_rate': 3.565250442109643e-05, 'epoch': 6.66}
{'loss': 0.3632, 'learning_rate': 3.560920368251326e-05, 'epoch': 6.66}
{'loss': 0.3725, 'learning_rate': 3.55659029439301e-05, 'epoch': 6.67}
{'loss': 0.356, 'learning_rate': 3.5522602205346926e-05, 'epoch': 6.67}
{'loss': 0.3369, 'learning_rate': 3.547930146676376e-05, 'epoch': 6.67}
{'loss': 0.33, 'learning_rate': 3.5436000728180595e-05, 'epoch': 6.68}
{'loss': 0.3547, 'learning_rate': 3.539269998959742e-05, 'epoch': 6.68}
{'loss': 0.3787, 'learning_rate': 3.534939925101426e-05, 'epoch': 6.69}
{'loss': 0.3651, 'learning_rate': 3.530609851243109e-05, 'epoch': 6.69}
{'loss': 0.3466, 'learning_rate': 3.5262797773847914e-05, 'epoch': 6.69}
{'loss': 0.3706, 'learning_rate': 3.521949703526475e-05, 'epoch': 6.7}
{'loss': 0.3735, 'learning_rate': 3.517619629668158e-05, 'epoch': 6.7}
{'loss': 0.3749, 'learning_rate': 3.513289555809841e-05, 'epoch': 6.71}
{'loss': 0.3454, 'learning_rate': 3.5089594819515246e-05, 'epoch': 6.71}
{'loss': 0.3494, 'learning_rate': 3.504629408093207e-05, 'epoch': 6.71}
{'loss': 0.3705, 'learning_rate': 3.50029933423489e-05, 'epoch': 6.72}
{'loss': 0.3665, 'learning_rate': 3.4959692603765744e-05, 'epoch': 6.72}
{'loss': 0.3522, 'learning_rate': 3.4916391865182565e-05, 'epoch': 6.73}
{'loss': 0.3684, 'learning_rate': 3.48730911265994e-05, 'epoch': 6.73}
{'loss': 0.3501, 'learning_rate': 3.4829790388016234e-05, 'epoch': 6.73}
{'loss': 0.3741, 'learning_rate': 3.478648964943306e-05, 'epoch': 6.74}
{'loss': 0.3615, 'learning_rate': 3.47431889108499e-05, 'epoch': 6.74}
{'loss': 0.3859, 'learning_rate': 3.469988817226673e-05, 'epoch': 6.75}
{'loss': 0.3704, 'learning_rate': 3.465658743368355e-05, 'epoch': 6.75}
{'loss': 0.3791, 'learning_rate': 3.461328669510039e-05, 'epoch': 6.76}
{'loss': 0.3658, 'learning_rate': 3.4569985956517216e-05, 'epoch': 6.76}
{'loss': 0.3556, 'learning_rate': 3.452668521793405e-05, 'epoch': 6.76}
{'loss': 0.3521, 'learning_rate': 3.4483384479350885e-05, 'epoch': 6.77}
{'loss': 0.3436, 'learning_rate': 3.4440083740767706e-05, 'epoch': 6.77}
{'loss': 0.3398, 'learning_rate': 3.439678300218455e-05, 'epoch': 6.78}
{'loss': 0.3881, 'learning_rate': 3.435348226360138e-05, 'epoch': 6.78}
{'loss': 0.3747, 'learning_rate': 3.4310181525018204e-05, 'epoch': 6.78}
{'loss': 0.3416, 'learning_rate': 3.4267746801206706e-05, 'epoch': 6.79}
{'loss': 0.3738, 'learning_rate': 3.422444606262354e-05, 'epoch': 6.79}
{'loss': 0.3817, 'learning_rate': 3.418114532404036e-05, 'epoch': 6.8}
{'loss': 0.3558, 'learning_rate': 3.41378445854572e-05, 'epoch': 6.8}
{'loss': 0.3857, 'learning_rate': 3.4094543846874025e-05, 'epoch': 6.8}
{'loss': 0.3568, 'learning_rate': 3.405124310829086e-05, 'epoch': 6.81}
{'loss': 0.384, 'learning_rate': 3.4007942369707694e-05, 'epoch': 6.81}
{'loss': 0.3656, 'learning_rate': 3.3964641631124516e-05, 'epoch': 6.82}
{'loss': 0.3687, 'learning_rate': 3.392134089254135e-05, 'epoch': 6.82}
{'loss': 0.3537, 'learning_rate': 3.3878040153958185e-05, 'epoch': 6.82}
{'loss': 0.3696, 'learning_rate': 3.383473941537501e-05, 'epoch': 6.83}
{'loss': 0.3417, 'learning_rate': 3.379143867679185e-05, 'epoch': 6.83}
{'loss': 0.3496, 'learning_rate': 3.374813793820868e-05, 'epoch': 6.84}
{'loss': 0.4101, 'learning_rate': 3.370483719962551e-05, 'epoch': 6.84}
{'loss': 0.341, 'learning_rate': 3.3661536461042345e-05, 'epoch': 6.84}
{'loss': 0.3615, 'learning_rate': 3.361823572245918e-05, 'epoch': 6.85}
{'loss': 0.4153, 'learning_rate': 3.3574934983876e-05, 'epoch': 6.85}
{'loss': 0.3768, 'learning_rate': 3.3531634245292836e-05, 'epoch': 6.86}
{'loss': 0.3604, 'learning_rate': 3.3488333506709664e-05, 'epoch': 6.86}
{'loss': 0.3569, 'learning_rate': 3.34450327681265e-05, 'epoch': 6.87}
{'loss': 0.3636, 'learning_rate': 3.3401732029543333e-05, 'epoch': 6.87}
{'loss': 0.3918, 'learning_rate': 3.335929730573182e-05, 'epoch': 6.87}
{'loss': 0.3678, 'learning_rate': 3.331599656714866e-05, 'epoch': 6.88}
{'loss': 0.3429, 'learning_rate': 3.327269582856549e-05, 'epoch': 6.88}
{'loss': 0.333, 'learning_rate': 3.322939508998231e-05, 'epoch': 6.89}
{'loss': 0.3482, 'learning_rate': 3.318609435139915e-05, 'epoch': 6.89}
{'loss': 0.3597, 'learning_rate': 3.314279361281599e-05, 'epoch': 6.89}
{'loss': 0.3454, 'learning_rate': 3.309949287423281e-05, 'epoch': 6.9}
{'loss': 0.3724, 'learning_rate': 3.3056192135649645e-05, 'epoch': 6.9}
{'loss': 0.3393, 'learning_rate': 3.301289139706647e-05, 'epoch': 6.91}
{'loss': 0.3502, 'learning_rate': 3.296959065848331e-05, 'epoch': 6.91}
{'loss': 0.3698, 'learning_rate': 3.292628991990014e-05, 'epoch': 6.91}
{'loss': 0.4043, 'learning_rate': 3.2882989181316964e-05, 'epoch': 6.92}
{'loss': 0.3658, 'learning_rate': 3.28396884427338e-05, 'epoch': 6.92}
{'loss': 0.3674, 'learning_rate': 3.279638770415063e-05, 'epoch': 6.93}
{'loss': 0.3252, 'learning_rate': 3.275308696556746e-05, 'epoch': 6.93}
{'loss': 0.3743, 'learning_rate': 3.2709786226984296e-05, 'epoch': 6.93}
{'loss': 0.3554, 'learning_rate': 3.266648548840113e-05, 'epoch': 6.94}
{'loss': 0.385, 'learning_rate': 3.262318474981796e-05, 'epoch': 6.94}
{'loss': 0.3273, 'learning_rate': 3.2579884011234793e-05, 'epoch': 6.95}
{'loss': 0.3577, 'learning_rate': 3.253658327265163e-05, 'epoch': 6.95}
{'loss': 0.3665, 'learning_rate': 3.249328253406845e-05, 'epoch': 6.95}
{'loss': 0.3702, 'learning_rate': 3.2449981795485284e-05, 'epoch': 6.96}
{'loss': 0.3312, 'learning_rate': 3.240668105690211e-05, 'epoch': 6.96}
{'loss': 0.3393, 'learning_rate': 3.236338031831895e-05, 'epoch': 6.97}
{'loss': 0.357, 'learning_rate': 3.232007957973578e-05, 'epoch': 6.97}
{'loss': 0.3779, 'learning_rate': 3.22767788411526e-05, 'epoch': 6.98}
{'loss': 0.387, 'learning_rate': 3.223347810256944e-05, 'epoch': 6.98}
{'loss': 0.3445, 'learning_rate': 3.219017736398628e-05, 'epoch': 6.98}
{'loss': 0.3513, 'learning_rate': 3.21468766254031e-05, 'epoch': 6.99}
{'loss': 0.3389, 'learning_rate': 3.2103575886819935e-05, 'epoch': 6.99}
{'loss': 0.3416, 'learning_rate': 3.206027514823677e-05, 'epoch': 7.0}
{'loss': 0.3779, 'learning_rate': 3.20169744096536e-05, 'epoch': 7.0}
[INFO|trainer.py:520] 2026-10-04 17:20:33,254 >> The following columns in the evaluation set  don't have a corresponding argument in `PETLEncModel.forward` and have been ignored: idx, hypothesis, premise.
[INFO|trainer.py:2179] 2026-10-04 17:20:33,256 >> ***** Running Evaluation *****
[INFO|trainer.py:2181] 2026-10-04 17:20:33,256 >>   Num examples = 9815
[INFO|trainer.py:2184] 2026-10-04 17:20:33,256 >>   Batch size = 32
{'eval_loss': 0.3521319031715393, 'eval_accuracy': 0.8705043301069791, 'eval_runtime': 10.4312, 'eval_samples_per_second': 940.931, 'eval_steps_per_second': 29.431, 'epoch': 7.0}
[INFO|trainer.py:1933] 2026-10-04 17:20:43,688 >> Saving model checkpoint to checkpoints/glue/mnli/20261004/glue.mnli.mam.am_prefix.ao_concat.fm_adapter.fo_parallel.abn.fbn.ac_add.fl_none.finit_lora.fs_2.unfrz_ef_.ne10.warm0.06.wd0.1.seed6./checkpoint-85904
[INFO|configuration_utils.py:364] 2026-10-04 17:20:43,689 >> Configuration saved in checkpoints/glue/mnli/20261004/glue.mnli.mam.am_prefix.ao_concat.fm_adapter.fo_parallel.abn.fbn.ac_add.fl_none.finit_lora.fs_2.unfrz_ef_.ne10.warm0.06.wd0.1.seed6./checkpoint-85904/config.json
[INFO|modeling_utils.py:898] 2026-10-04 17:20:44,152 >> Model weights saved in checkpoints/glue/mnli/20261004/glue.mnli.mam.am_prefix.ao_concat.fm_adapter.fo_parallel.abn.fbn.ac_add.fl_none.finit_lora.fs_2.unfrz_ef_.ne10.warm0.06.wd0.1.seed6./checkpoint-85904/pytorch_model.bin
[INFO|tokenization_utils_base.py:1948] 2026-10-04 17:20:44,154 >> tokenizer config file saved in checkpoints/glue/mnli/20261004/glue.mnli.mam.am_prefix.ao_concat.fm_adapter.fo_parallel.abn.fbn.ac_add.fl_none.finit_lora.fs_2.unfrz_ef_.ne10.warm0.06.wd0.1.seed6./checkpoint-85904/tokenizer_config.json
[INFO|tokenization_utils_base.py:1954] 2026-10-04 17:20:44,154 >> Special tokens file saved in checkpoints/glue/mnli/20261004/glue.mnli.mam.am_prefix.ao_concat.fm_adapter.fo_parallel.abn.fbn.ac_add.fl_none.finit_lora.fs_2.unfrz_ef_.ne10.warm0.06.wd0.1.seed6./checkpoint-85904/special_tokens_map.json
[INFO|trainer.py:2009] 2026-10-04 17:20:44,332 >> Deleting older checkpoint [checkpoints/glue/mnli/20261004/glue.mnli.mam.am_prefix.ao_concat.fm_adapter.fo_parallel.abn.fbn.ac_add.fl_none.finit_lora.fs_2.unfrz_ef_.ne10.warm0.06.wd0.1.seed6./checkpoint-61360] due to args.save_total_limit
/work/unify-parameter-efficient-tuning/src/transformers/trainer.py:1784: FutureWarning: `torch.cuda.amp.autocast(args...)` is deprecated. Please use `torch.amp.autocast('cuda', args...)` instead.
  with autocast():
{'loss': 0.3736, 'learning_rate': 3.197367367107043e-05, 'epoch': 7.0}
{'loss': 0.355, 'learning_rate': 3.1930372932487254e-05, 'epoch': 7.01}
{'loss': 0.337, 'learning_rate': 3.188707219390409e-05, 'epoch': 7.01}
{'loss': 0.3537, 'learning_rate': 3.184377145532092e-05, 'epoch': 7.02}
{'loss': 0.3306, 'learning_rate': 3.180047071673775e-05, 'epoch': 7.02}
{'loss': 0.3694, 'learning_rate': 3.1757169978154586e-05, 'epoch': 7.02}
{'loss': 0.3311, 'learning_rate': 3.171386923957142e-05, 'epoch': 7.03}
{'loss': 0.3559, 'learning_rate': 3.167056850098824e-05, 'epoch': 7.03}
{'loss': 0.3677, 'learning_rate': 3.1627267762405083e-05, 'epoch': 7.04}
{'loss': 0.3633, 'learning_rate': 3.158396702382192e-05, 'epoch': 7.04}
{'loss': 0.3271, 'learning_rate': 3.154066628523874e-05, 'epoch': 7.04}
{'loss': 0.3267, 'learning_rate': 3.1497365546655574e-05, 'epoch': 7.05}
{'loss': 0.3257, 'learning_rate': 3.145406480807241e-05, 'epoch': 7.05}
{'loss': 0.3993, 'learning_rate': 3.14116300842609e-05, 'epoch': 7.06}
{'loss': 0.3668, 'learning_rate': 3.136832934567773e-05, 'epoch': 7.06}
{'loss': 0.343, 'learning_rate': 3.132502860709456e-05, 'epoch': 7.06}
{'loss': 0.3532, 'learning_rate': 3.1281727868511395e-05, 'epoch': 7.07}
{'loss': 0.3425, 'learning_rate': 3.123842712992823e-05, 'epoch': 7.07}
{'loss': 0.365, 'learning_rate': 3.119512639134505e-05, 'epoch': 7.08}
{'loss': 0.3761, 'learning_rate': 3.1151825652761886e-05, 'epoch': 7.08}
{'loss': 0.3592, 'learning_rate': 3.110852491417872e-05, 'epoch': 7.09}
{'loss': 0.3516, 'learning_rate': 3.106522417559555e-05, 'epoch': 7.09}
{'loss': 0.3504, 'learning_rate': 3.102192343701238e-05, 'epoch': 7.09}
{'loss': 0.3567, 'learning_rate': 3.097862269842922e-05, 'epoch': 7.1}
{'loss': 0.3252, 'learning_rate': 3.0935321959846046e-05, 'epoch': 7.1}
{'loss': 0.3545, 'learning_rate': 3.089202122126288e-05, 'epoch': 7.11}
{'loss': 0.3817, 'learning_rate': 3.08487204826797e-05, 'epoch': 7.11}
{'loss': 0.3784, 'learning_rate': 3.080541974409654e-05, 'epoch': 7.11}
{'loss': 0.3291, 'learning_rate': 3.076211900551337e-05, 'epoch': 7.12}
{'loss': 0.338, 'learning_rate': 3.07188182669302e-05, 'epoch': 7.12}
{'loss': 0.355, 'learning_rate': 3.0675517528347034e-05, 'epoch': 7.13}
{'loss': 0.3576, 'learning_rate': 3.063221678976387e-05, 'epoch': 7.13}
{'loss': 0.3674, 'learning_rate': 3.058891605118069e-05, 'epoch': 7.13}
{'loss': 0.3582, 'learning_rate': 3.0545615312597525e-05, 'epoch': 7.14}
{'loss': 0.3477, 'learning_rate': 3.0502314574014363e-05, 'epoch': 7.14}
{'loss': 0.3569, 'learning_rate': 3.0459013835431184e-05, 'epoch': 7.15}
{'loss': 0.3397, 'learning_rate': 3.041571309684802e-05, 'epoch': 7.15}
{'loss': 0.3699, 'learning_rate': 3.037241235826485e-05, 'epoch': 7.15}
{'loss': 0.3567, 'learning_rate': 3.032911161968168e-05, 'epoch': 7.16}
{'loss': 0.3834, 'learning_rate': 3.0285810881098513e-05, 'epoch': 7.16}
{'loss': 0.3486, 'learning_rate': 3.024251014251534e-05, 'epoch': 7.17}
{'loss': 0.366, 'learning_rate': 3.0199209403932176e-05, 'epoch': 7.17}
{'loss': 0.3235, 'learning_rate': 3.0155908665349007e-05, 'epoch': 7.17}
{'loss': 0.3648, 'learning_rate': 3.0112607926765835e-05, 'epoch': 7.18}
{'loss': 0.329, 'learning_rate': 3.006930718818267e-05, 'epoch': 7.18}
{'loss': 0.3485, 'learning_rate': 3.0026006449599505e-05, 'epoch': 7.19}
{'loss': 0.3738, 'learning_rate': 2.998270571101633e-05, 'epoch': 7.19}
{'loss': 0.3462, 'learning_rate': 2.9939404972433167e-05, 'epoch': 7.2}
{'loss': 0.3582, 'learning_rate': 2.989610423385e-05, 'epoch': 7.2}
{'loss': 0.3483, 'learning_rate': 2.9852803495266823e-05, 'epoch': 7.2}
{'loss': 0.3263, 'learning_rate': 2.980950275668366e-05, 'epoch': 7.21}
{'loss': 0.3515, 'learning_rate': 2.976620201810048e-05, 'epoch': 7.21}
{'loss': 0.3773, 'learning_rate': 2.9722901279517317e-05, 'epoch': 7.22}
{'loss': 0.3568, 'learning_rate': 2.9679600540934156e-05, 'epoch': 7.22}
{'loss': 0.3666, 'learning_rate': 2.963629980235098e-05, 'epoch': 7.22}
{'loss': 0.3875, 'learning_rate': 2.959299906376781e-05, 'epoch': 7.23}
{'loss': 0.3727, 'learning_rate': 2.954969832518465e-05, 'epoch': 7.23}
{'loss': 0.3706, 'learning_rate': 2.9506397586601474e-05, 'epoch': 7.24}
{'loss': 0.3759, 'learning_rate': 2.9463096848018306e-05, 'epoch': 7.24}
{'loss': 0.3721, 'learning_rate': 2.9419796109435144e-05, 'epoch': 7.24}
{'loss': 0.3256, 'learning_rate': 2.937649537085197e-05, 'epoch': 7.25}
{'loss': 0.3557, 'learning_rate': 2.93331946322688e-05, 'epoch': 7.25}
{'loss': 0.3494, 'learning_rate': 2.92907599084573e-05, 'epoch': 7.26}
{'loss': 0.335, 'learning_rate': 2.9247459169874126e-05, 'epoch': 7.26}
{'loss': 0.3255, 'learning_rate': 2.920415843129096e-05, 'epoch': 7.26}
{'loss': 0.34, 'learning_rate': 2.916085769270779e-05, 'epoch': 7.27}
{'loss': 0.3462, 'learning_rate': 2.911755695412462e-05, 'epoch': 7.27}
{'loss': 0.3663, 'learning_rate': 2.9074256215541455e-05, 'epoch': 7.28}
{'loss': 0.3869, 'learning_rate': 2.9030955476958283e-05, 'epoch': 7.28}
{'loss': 0.3747, 'learning_rate': 2.8987654738375118e-05, 'epoch': 7.28}
{'loss': 0.3901, 'learning_rate': 2.894435399979195e-05, 'epoch': 7.29}
{'loss': 0.3997, 'learning_rate': 2.8901053261208777e-05, 'epoch': 7.29}
{'loss': 0.3545, 'learning_rate': 2.8857752522625616e-05, 'epoch': 7.3}
{'loss': 0.3662, 'learning_rate': 2.8814451784042447e-05, 'epoch': 7.3}
{'loss': 0.3629, 'learning_rate': 2.877115104545927e-05, 'epoch': 7.31}
{'loss': 0.3388, 'learning_rate': 2.872785030687611e-05, 'epoch': 7.31}
{'loss': 0.3264, 'learning_rate': 2.8684549568292927e-05, 'epoch': 7.31}
{'loss': 0.3714, 'learning_rate': 2.8641248829709766e-05, 'epoch': 7.32}
{'loss': 0.3498, 'learning_rate': 2.8597948091126604e-05, 'epoch': 7.32}
{'loss': 0.3474, 'learning_rate': 2.855464735254342e-05, 'epoch': 7.33}
{'loss': 0.3764, 'learning_rate': 2.8511346613960267e-05, 'epoch': 7.33}
{'loss': 0.393, 'learning_rate': 2.8468045875377098e-05, 'epoch': 7.33}
{'loss': 0.3522, 'learning_rate': 2.8424745136793922e-05, 'epoch': 7.34}
{'loss': 0.3773, 'learning_rate': 2.8381444398210754e-05, 'epoch': 7.34}
{'loss': 0.3568, 'learning_rate': 2.8338143659627592e-05, 'epoch': 7.35}
{'loss': 0.3653, 'learning_rate': 2.8294842921044417e-05, 'epoch': 7.35}
{'loss': 0.351, 'learning_rate': 2.8251542182461248e-05, 'epoch': 7.35}
{'loss': 0.3488, 'learning_rate': 2.8208241443878076e-05, 'epoch': 7.36}
{'loss': 0.3715, 'learning_rate': 2.816494070529491e-05, 'epoch': 7.36}
{'loss': 0.3623, 'learning_rate': 2.8121639966711742e-05, 'epoch': 7.37}
{'loss': 0.347, 'learning_rate': 2.807833922812857e-05, 'epoch': 7.37}
{'loss': 0.3446, 'learning_rate': 2.8035038489545408e-05, 'epoch': 7.37}
{'loss': 0.3556, 'learning_rate': 2.7991737750962243e-05, 'epoch': 7.38}
{'loss': 0.3808, 'learning_rate': 2.794843701237907e-05, 'epoch': 7.38}
{'loss': 0.349, 'learning_rate': 2.7905136273795902e-05, 'epoch': 7.39}
{'loss': 0.3491, 'learning_rate': 2.7861835535212737e-05, 'epoch': 7.39}
{'loss': 0.3416, 'learning_rate': 2.7818534796629565e-05, 'epoch': 7.39}
{'loss': 0.3666, 'learning_rate': 2.7775234058046396e-05, 'epoch': 7.4}
{'loss': 0.3364, 'learning_rate': 2.773193331946323e-05, 'epoch': 7.4}
{'loss': 0.3687, 'learning_rate': 2.768863258088006e-05, 'epoch': 7.41}
{'loss': 0.3561, 'learning_rate': 2.764533184229689e-05, 'epoch': 7.41}
{'loss': 0.3087, 'learning_rate': 2.7602031103713715e-05, 'epoch': 7.42}
{'loss': 0.3605, 'learning_rate': 2.7558730365130546e-05, 'epoch': 7.42}
{'loss': 0.3069, 'learning_rate': 2.751542962654739e-05, 'epoch': 7.42}
{'loss': 0.3586, 'learning_rate': 2.747212888796421e-05, 'epoch': 7.43}
{'loss': 0.3494, 'learning_rate': 2.7428828149381047e-05, 'epoch': 7.43}
{'loss': 0.3519, 'learning_rate': 2.7385527410797885e-05, 'epoch': 7.44}
{'loss': 0.3442, 'learning_rate': 2.7342226672214703e-05, 'epoch': 7.44}
{'loss': 0.3514, 'learning_rate': 2.729892593363154e-05, 'epoch': 7.44}
{'loss': 0.3514, 'learning_rate': 2.725562519504838e-05, 'epoch': 7.45}
{'loss': 0.3389, 'learning_rate': 2.72123244564652e-05, 'epoch': 7.45}
{'loss': 0.3505, 'learning_rate': 2.7169889732653696e-05, 'epoch': 7.46}
{'loss': 0.3496, 'learning_rate': 2.7126588994070524e-05, 'epoch': 7.46}
{'loss': 0.3418, 'learning_rate': 2.708328825548736e-05, 'epoch': 7.46}
{'loss': 0.348, 'learning_rate': 2.703998751690419e-05, 'epoch': 7.47}
{'loss': 0.3628, 'learning_rate': 2.6996686778321018e-05, 'epoch': 7.47}
{'loss': 0.3673, 'learning_rate': 2.6953386039737853e-05, 'epoch': 7.48}
{'loss': 0.3277, 'learning_rate': 2.691008530115469e-05, 'epoch': 7.48}
{'loss': 0.3336, 'learning_rate': 2.6866784562571512e-05, 'epoch': 7.48}
{'loss': 0.3879, 'learning_rate': 2.682348382398835e-05, 'epoch': 7.49}
{'loss': 0.3692, 'learning_rate': 2.6780183085405185e-05, 'epoch': 7.49}
{'loss': 0.3497, 'learning_rate': 2.6736882346822013e-05, 'epoch': 7.5}
{'loss': 0.3658, 'learning_rate': 2.6693581608238845e-05, 'epoch': 7.5}
{'loss': 0.329, 'learning_rate': 2.665028086965568e-05, 'epoch': 7.5}
{'loss': 0.3768, 'learning_rate': 2.6606980131072507e-05, 'epoch': 7.51}
{'loss': 0.3815, 'learning_rate': 2.656367939248934e-05, 'epoch': 7.51}
{'loss': 0.3824, 'learning_rate': 2.6520378653906163e-05, 'epoch': 7.52}
{'loss': 0.3678, 'learning_rate': 2.6477077915322995e-05, 'epoch': 7.52}
{'loss': 0.3757, 'learning_rate': 2.6433777176739833e-05, 'epoch': 7.53}
{'loss': 0.375, 'learning_rate': 2.6390476438156657e-05, 'epoch': 7.53}
{'loss': 0.3418, 'learning_rate': 2.6347175699573495e-05, 'epoch': 7.53}
{'loss': 0.3101, 'learning_rate': 2.6303874960990334e-05, 'epoch': 7.54}
{'loss': 0.3634, 'learning_rate': 2.626057422240715e-05, 'epoch': 7.54}
{'loss': 0.371, 'learning_rate': 2.621727348382399e-05, 'epoch': 7.55}
{'loss': 0.335, 'learning_rate': 2.6173972745240828e-05, 'epoch': 7.55}
{'loss': 0.3264, 'learning_rate': 2.6130672006657646e-05, 'epoch': 7.55}
{'loss': 0.3465, 'learning_rate': 2.6087371268074484e-05, 'epoch': 7.56}
{'loss': 0.3559, 'learning_rate': 2.604407052949131e-05, 'epoch': 7.56}
{'loss': 0.3645, 'learning_rate': 2.6000769790908143e-05, 'epoch': 7.57}
{'loss': 0.3922, 'learning_rate': 2.5957469052324978e-05, 'epoch': 7.57}
{'loss': 0.3528, 'learning_rate': 2.5914168313741806e-05, 'epoch': 7.57}
{'loss': 0.3396, 'learning_rate': 2.5870867575158637e-05, 'epoch': 7.58}
{'loss': 0.3648, 'learning_rate': 2.5827566836575472e-05, 'epoch': 7.58}
{'loss': 0.3622, 'learning_rate': 2.57842660979923e-05, 'epoch': 7.59}
{'loss': 0.3471, 'learning_rate': 2.5740965359409135e-05, 'epoch': 7.59}
{'loss': 0.3729, 'learning_rate': 2.5697664620825966e-05, 'epoch': 7.59}
{'loss': 0.3708, 'learning_rate': 2.5654363882242794e-05, 'epoch': 7.6}
{'loss': 0.3781, 'learning_rate': 2.5611063143659632e-05, 'epoch': 7.6}
{'loss': 0.3315, 'learning_rate': 2.556776240507645e-05, 'epoch': 7.61}
{'loss': 0.3761, 'learning_rate': 2.5524461666493288e-05, 'epoch': 7.61}
{'loss': 0.3668, 'learning_rate': 2.5481160927910126e-05, 'epoch': 7.61}
{'loss': 0.3764, 'learning_rate': 2.5437860189326944e-05, 'epoch': 7.62}
{'loss': 0.372, 'learning_rate': 2.5394559450743782e-05, 'epoch': 7.62}
{'loss': 0.318, 'learning_rate': 2.535125871216062e-05, 'epoch': 7.63}
{'loss': 0.3482, 'learning_rate': 2.5307957973577445e-05, 'epoch': 7.63}
{'loss': 0.3326, 'learning_rate': 2.5264657234994283e-05, 'epoch': 7.64}
{'loss': 0.35, 'learning_rate': 2.5221356496411114e-05, 'epoch': 7.64}
{'loss': 0.384, 'learning_rate': 2.517805575782794e-05, 'epoch': 7.64}
{'loss': 0.357, 'learning_rate': 2.513475501924477e-05, 'epoch': 7.65}
{'loss': 0.3631, 'learning_rate': 2.509145428066161e-05, 'epoch': 7.65}
{'loss': 0.3471, 'learning_rate': 2.5048153542078433e-05, 'epoch': 7.66}
{'loss': 0.3838, 'learning_rate': 2.5004852803495264e-05, 'epoch': 7.66}
{'loss': 0.3763, 'learning_rate': 2.4961552064912092e-05, 'epoch': 7.66}
{'loss': 0.3603, 'learning_rate': 2.4918251326328927e-05, 'epoch': 7.67}
{'loss': 0.3399, 'learning_rate': 2.4874950587745765e-05, 'epoch': 7.67}
{'loss': 0.3589, 'learning_rate': 2.4831649849162587e-05, 'epoch': 7.68}
{'loss': 0.3354, 'learning_rate': 2.4788349110579425e-05, 'epoch': 7.68}
{'loss': 0.3217, 'learning_rate': 2.474504837199626e-05, 'epoch': 7.68}
{'loss': 0.369, 'learning_rate': 2.4701747633413084e-05, 'epoch': 7.69}
{'loss': 0.3506, 'learning_rate': 2.465844689482992e-05, 'epoch': 7.69}
{'loss': 0.362, 'learning_rate': 2.4615146156246754e-05, 'epoch': 7.7}
{'loss': 0.3432, 'learning_rate': 2.4571845417663578e-05, 'epoch': 7.7}
{'loss': 0.3675, 'learning_rate': 2.4528544679080413e-05, 'epoch': 7.7}
{'loss': 0.3686, 'learning_rate': 2.4485243940497238e-05, 'epoch': 7.71}
{'loss': 0.3581, 'learning_rate': 2.4441943201914072e-05, 'epoch': 7.71}
{'loss': 0.3515, 'learning_rate': 2.4398642463330907e-05, 'epoch': 7.72}
{'loss': 0.3631, 'learning_rate': 2.435534172474773e-05, 'epoch': 7.72}
{'loss': 0.3536, 'learning_rate': 2.431204098616457e-05, 'epoch': 7.72}
{'loss': 0.3809, 'learning_rate': 2.4268740247581405e-05, 'epoch': 7.73}
{'loss': 0.365, 'learning_rate': 2.422543950899823e-05, 'epoch': 7.73}
{'loss': 0.3702, 'learning_rate': 2.4182138770415064e-05, 'epoch': 7.74}
{'loss': 0.3423, 'learning_rate': 2.41388380318319e-05, 'epoch': 7.74}
{'loss': 0.3385, 'learning_rate': 2.4095537293248723e-05, 'epoch': 7.75}
{'loss': 0.3158, 'learning_rate': 2.4052236554665558e-05, 'epoch': 7.75}
{'loss': 0.3676, 'learning_rate': 2.4008935816082383e-05, 'epoch': 7.75}
{'loss': 0.3598, 'learning_rate': 2.3965635077499217e-05, 'epoch': 7.76}
{'loss': 0.338, 'learning_rate': 2.3922334338916052e-05, 'epoch': 7.76}
{'loss': 0.3589, 'learning_rate': 2.3879033600332877e-05, 'epoch': 7.77}
{'loss': 0.3709, 'learning_rate': 2.3836598876521375e-05, 'epoch': 7.77}
{'loss': 0.344, 'learning_rate': 2.379329813793821e-05, 'epoch': 7.77}
{'loss': 0.3317, 'learning_rate': 2.3749997399355035e-05, 'epoch': 7.78}
{'loss': 0.3511, 'learning_rate': 2.370669666077187e-05, 'epoch': 7.78}
{'loss': 0.3548, 'learning_rate': 2.3663395922188708e-05, 'epoch': 7.79}
{'loss': 0.3191, 'learning_rate': 2.3620095183605532e-05, 'epoch': 7.79}
{'loss': 0.3422, 'learning_rate': 2.3576794445022367e-05, 'epoch': 7.79}
{'loss': 0.3346, 'learning_rate': 2.3533493706439202e-05, 'epoch': 7.8}
{'loss': 0.3265, 'learning_rate': 2.3490192967856026e-05, 'epoch': 7.8}
{'loss': 0.3566, 'learning_rate': 2.344689222927286e-05, 'epoch': 7.81}
{'loss': 0.3339, 'learning_rate': 2.3403591490689686e-05, 'epoch': 7.81}
{'loss': 0.3321, 'learning_rate': 2.336029075210652e-05, 'epoch': 7.81}
{'loss': 0.3604, 'learning_rate': 2.3316990013523355e-05, 'epoch': 7.82}
{'loss': 0.3316, 'learning_rate': 2.327368927494018e-05, 'epoch': 7.82}
{'loss': 0.3848, 'learning_rate': 2.3230388536357015e-05, 'epoch': 7.83}
{'loss': 0.3589, 'learning_rate': 2.3187087797773853e-05, 'epoch': 7.83}
{'loss': 0.3456, 'learning_rate': 2.3143787059190674e-05, 'epoch': 7.83}
{'loss': 0.3547, 'learning_rate': 2.3100486320607512e-05, 'epoch': 7.84}
{'loss': 0.341, 'learning_rate': 2.3057185582024347e-05, 'epoch': 7.84}
{'loss': 0.3664, 'learning_rate': 2.301388484344117e-05, 'epoch': 7.85}
{'loss': 0.3541, 'learning_rate': 2.2970584104858006e-05, 'epoch': 7.85}
{'loss': 0.3312, 'learning_rate': 2.292728336627483e-05, 'epoch': 7.86}
{'loss': 0.389, 'learning_rate': 2.2883982627691665e-05, 'epoch': 7.86}
{'loss': 0.3568, 'learning_rate': 2.28406818891085e-05, 'epoch': 7.86}
{'loss': 0.345, 'learning_rate': 2.2797381150525325e-05, 'epoch': 7.87}
{'loss': 0.3966, 'learning_rate': 2.275408041194216e-05, 'epoch': 7.87}
{'loss': 0.3812, 'learning_rate': 2.2710779673358998e-05, 'epoch': 7.88}
{'loss': 0.3624, 'learning_rate': 2.266747893477582e-05, 'epoch': 7.88}
{'loss': 0.3225, 'learning_rate': 2.2624178196192657e-05, 'epoch': 7.88}
{'loss': 0.3319, 'learning_rate': 2.2580877457609492e-05, 'epoch': 7.89}
{'loss': 0.3685, 'learning_rate': 2.2537576719026316e-05, 'epoch': 7.89}
{'loss': 0.3593, 'learning_rate': 2.249427598044315e-05, 'epoch': 7.9}
{'loss': 0.3477, 'learning_rate': 2.2450975241859986e-05, 'epoch': 7.9}
{'loss': 0.378, 'learning_rate': 2.240767450327681e-05, 'epoch': 7.9}
{'loss': 0.3624, 'learning_rate': 2.2364373764693645e-05, 'epoch': 7.91}
{'loss': 0.3385, 'learning_rate': 2.232107302611047e-05, 'epoch': 7.91}
{'loss': 0.335, 'learning_rate': 2.2277772287527305e-05, 'epoch': 7.92}
{'loss': 0.3687, 'learning_rate': 2.223447154894414e-05, 'epoch': 7.92}
{'loss': 0.3904, 'learning_rate': 2.2191170810360964e-05, 'epoch': 7.92}
{'loss': 0.3543, 'learning_rate': 2.2147870071777802e-05, 'epoch': 7.93}
{'loss': 0.3675, 'learning_rate': 2.2104569333194637e-05, 'epoch': 7.93}
{'loss': 0.3475, 'learning_rate': 2.206126859461146e-05, 'epoch': 7.94}
{'loss': 0.3445, 'learning_rate': 2.2017967856028296e-05, 'epoch': 7.94}
{'loss': 0.3361, 'learning_rate': 2.1975533132216795e-05, 'epoch': 7.94}
{'loss': 0.3679, 'learning_rate': 2.193223239363362e-05, 'epoch': 7.95}
{'loss': 0.358, 'learning_rate': 2.1888931655050454e-05, 'epoch': 7.95}
{'loss': 0.3725, 'learning_rate': 2.184563091646728e-05, 'epoch': 7.96}
{'loss': 0.3457, 'learning_rate': 2.1802330177884114e-05, 'epoch': 7.96}
{'loss': 0.3313, 'learning_rate': 2.175902943930095e-05, 'epoch': 7.97}
{'loss': 0.3474, 'learning_rate': 2.1715728700717773e-05, 'epoch': 7.97}
{'loss': 0.3365, 'learning_rate': 2.1672427962134608e-05, 'epoch': 7.97}
{'loss': 0.3499, 'learning_rate': 2.1629127223551442e-05, 'epoch': 7.98}
{'loss': 0.3916, 'learning_rate': 2.1585826484968267e-05, 'epoch': 7.98}
{'loss': 0.3502, 'learning_rate': 2.1542525746385102e-05, 'epoch': 7.99}
{'loss': 0.3417, 'learning_rate': 2.149922500780194e-05, 'epoch': 7.99}
{'loss': 0.3696, 'learning_rate': 2.1455924269218765e-05, 'epoch': 7.99}
{'loss': 0.3656, 'learning_rate': 2.14126235306356e-05, 'epoch': 8.0}
[INFO|trainer.py:520] 2026-10-04 17:26:59,074 >> The following columns in the evaluation set  don't have a corresponding argument in `PETLEncModel.forward` and have been ignored: idx, hypothesis, premise.
[INFO|trainer.py:2179] 2026-10-04 17:26:59,076 >> ***** Running Evaluation *****
[INFO|trainer.py:2181] 2026-10-04 17:26:59,076 >>   Num examples = 9815
[INFO|trainer.py:2184] 2026-10-04 17:26:59,076 >>   Batch size = 32
{'eval_loss': 0.3523046374320984, 'eval_accuracy': 0.8707080998471727, 'eval_runtime': 10.1737, 'eval_samples_per_second': 964.747, 'eval_steps_per_second': 30.176, 'epoch': 8.0}
[INFO|trainer.py:1933] 2026-10-04 17:27:09,250 >> Saving model checkpoint to checkpoints/glue/mnli/20261004/glue.mnli.mam.am_prefix.ao_concat.fm_adapter.fo_parallel.abn.fbn.ac_add.fl_none.finit_lora.fs_2.unfrz_ef_.ne10.warm0.06.wd0.1.seed6./checkpoint-98176
[INFO|configuration_utils.py:364] 2026-10-04 17:27:09,252 >> Configuration saved in checkpoints/glue/mnli/20261004/glue.mnli.mam.am_prefix.ao_concat.fm_adapter.fo_parallel.abn.fbn.ac_add.fl_none.finit_lora.fs_2.unfrz_ef_.ne10.warm0.06.wd0.1.seed6./checkpoint-98176/config.json
[INFO|modeling_utils.py:898] 2026-10-04 17:27:09,713 >> Model weights saved in checkpoints/glue/mnli/20261004/glue.mnli.mam.am_prefix.ao_concat.fm_adapter.fo_parallel.abn.fbn.ac_add.fl_none.finit_lora.fs_2.unfrz_ef_.ne10.warm0.06.wd0.1.seed6./checkpoint-98176/pytorch_model.bin
[INFO|tokenization_utils_base.py:1948] 2026-10-04 17:27:09,714 >> tokenizer config file saved in checkpoints/glue/mnli/20261004/glue.mnli.mam.am_prefix.ao_concat.fm_adapter.fo_parallel.abn.fbn.ac_add.fl_none.finit_lora.fs_2.unfrz_ef_.ne10.warm0.06.wd0.1.seed6./checkpoint-98176/tokenizer_config.json
[INFO|tokenization_utils_base.py:1954] 2026-10-04 17:27:09,714 >> Special tokens file saved in checkpoints/glue/mnli/20261004/glue.mnli.mam.am_prefix.ao_concat.fm_adapter.fo_parallel.abn.fbn.ac_add.fl_none.finit_lora.fs_2.unfrz_ef_.ne10.warm0.06.wd0.1.seed6./checkpoint-98176/special_tokens_map.json
[INFO|trainer.py:2009] 2026-10-04 17:27:09,876 >> Deleting older checkpoint [checkpoints/glue/mnli/20261004/glue.mnli.mam.am_prefix.ao_concat.fm_adapter.fo_parallel.abn.fbn.ac_add.fl_none.finit_lora.fs_2.unfrz_ef_.ne10.warm0.06.wd0.1.seed6./checkpoint-73632] due to args.save_total_limit
/work/unify-parameter-efficient-tuning/src/transformers/trainer.py:1784: FutureWarning: `torch.cuda.amp.autocast(args...)` is deprecated. Please use `torch.amp.autocast('cuda', args...)` instead.
  with autocast():
{'loss': 0.338, 'learning_rate': 2.1369322792052434e-05, 'epoch': 8.0}
{'loss': 0.3494, 'learning_rate': 2.132602205346926e-05, 'epoch': 8.01}
{'loss': 0.3471, 'learning_rate': 2.1282721314886093e-05, 'epoch': 8.01}
{'loss': 0.3588, 'learning_rate': 2.1239420576302918e-05, 'epoch': 8.01}
{'loss': 0.3487, 'learning_rate': 2.1196119837719753e-05, 'epoch': 8.02}
{'loss': 0.3286, 'learning_rate': 2.1152819099136588e-05, 'epoch': 8.02}
{'loss': 0.3547, 'learning_rate': 2.1109518360553412e-05, 'epoch': 8.03}
{'loss': 0.3426, 'learning_rate': 2.1066217621970247e-05, 'epoch': 8.03}
{'loss': 0.3465, 'learning_rate': 2.1022916883387085e-05, 'epoch': 8.03}
{'loss': 0.3639, 'learning_rate': 2.0979616144803906e-05, 'epoch': 8.04}
{'loss': 0.3538, 'learning_rate': 2.0936315406220744e-05, 'epoch': 8.04}
{'loss': 0.3333, 'learning_rate': 2.089301466763758e-05, 'epoch': 8.05}
{'loss': 0.3117, 'learning_rate': 2.0849713929054404e-05, 'epoch': 8.05}
{'loss': 0.3374, 'learning_rate': 2.080641319047124e-05, 'epoch': 8.05}
{'loss': 0.343, 'learning_rate': 2.0763112451888063e-05, 'epoch': 8.06}
{'loss': 0.3335, 'learning_rate': 2.0719811713304898e-05, 'epoch': 8.06}
{'loss': 0.3363, 'learning_rate': 2.0676510974721733e-05, 'epoch': 8.07}
{'loss': 0.34, 'learning_rate': 2.0633210236138557e-05, 'epoch': 8.07}
{'loss': 0.3846, 'learning_rate': 2.0589909497555392e-05, 'epoch': 8.08}
{'loss': 0.3187, 'learning_rate': 2.0546608758972227e-05, 'epoch': 8.08}
{'loss': 0.3298, 'learning_rate': 2.050330802038905e-05, 'epoch': 8.08}
{'loss': 0.3331, 'learning_rate': 2.046000728180589e-05, 'epoch': 8.09}
{'loss': 0.3379, 'learning_rate': 2.0416706543222724e-05, 'epoch': 8.09}
{'loss': 0.325, 'learning_rate': 2.037340580463955e-05, 'epoch': 8.1}
{'loss': 0.3577, 'learning_rate': 2.0330105066056384e-05, 'epoch': 8.1}
{'loss': 0.3451, 'learning_rate': 2.0286804327473218e-05, 'epoch': 8.1}
{'loss': 0.3442, 'learning_rate': 2.0243503588890043e-05, 'epoch': 8.11}
{'loss': 0.3407, 'learning_rate': 2.0200202850306878e-05, 'epoch': 8.11}
{'loss': 0.3202, 'learning_rate': 2.0156902111723702e-05, 'epoch': 8.12}
{'loss': 0.3793, 'learning_rate': 2.0113601373140537e-05, 'epoch': 8.12}
{'loss': 0.3393, 'learning_rate': 2.0070300634557372e-05, 'epoch': 8.12}
{'loss': 0.3335, 'learning_rate': 2.002786591074586e-05, 'epoch': 8.13}
{'loss': 0.3423, 'learning_rate': 1.9984565172162695e-05, 'epoch': 8.13}
{'loss': 0.3686, 'learning_rate': 1.994126443357953e-05, 'epoch': 8.14}
{'loss': 0.3648, 'learning_rate': 1.9897963694996354e-05, 'epoch': 8.14}
{'loss': 0.347, 'learning_rate': 1.9854662956413193e-05, 'epoch': 8.14}
{'loss': 0.3645, 'learning_rate': 1.9811362217830027e-05, 'epoch': 8.15}
{'loss': 0.3615, 'learning_rate': 1.9768061479246852e-05, 'epoch': 8.15}
{'loss': 0.3515, 'learning_rate': 1.9724760740663687e-05, 'epoch': 8.16}
{'loss': 0.3494, 'learning_rate': 1.968146000208051e-05, 'epoch': 8.16}
{'loss': 0.3194, 'learning_rate': 1.9638159263497346e-05, 'epoch': 8.16}
{'loss': 0.3461, 'learning_rate': 1.959485852491418e-05, 'epoch': 8.17}
{'loss': 0.3673, 'learning_rate': 1.9551557786331005e-05, 'epoch': 8.17}
{'loss': 0.3287, 'learning_rate': 1.950825704774784e-05, 'epoch': 8.18}
{'loss': 0.3333, 'learning_rate': 1.9464956309164675e-05, 'epoch': 8.18}
{'loss': 0.3428, 'learning_rate': 1.94216555705815e-05, 'epoch': 8.19}
{'loss': 0.3216, 'learning_rate': 1.9378354831998334e-05, 'epoch': 8.19}
{'loss': 0.3593, 'learning_rate': 1.9335054093415172e-05, 'epoch': 8.19}
{'loss': 0.387, 'learning_rate': 1.9291753354831997e-05, 'epoch': 8.2}
{'loss': 0.373, 'learning_rate': 1.924845261624883e-05, 'epoch': 8.2}
{'loss': 0.3174, 'learning_rate': 1.9205151877665666e-05, 'epoch': 8.21}
{'loss': 0.3351, 'learning_rate': 1.916185113908249e-05, 'epoch': 8.21}
{'loss': 0.3323, 'learning_rate': 1.9118550400499326e-05, 'epoch': 8.21}
{'loss': 0.3437, 'learning_rate': 1.907524966191615e-05, 'epoch': 8.22}
{'loss': 0.3388, 'learning_rate': 1.9031948923332985e-05, 'epoch': 8.22}
{'loss': 0.3763, 'learning_rate': 1.898864818474982e-05, 'epoch': 8.23}
{'loss': 0.3692, 'learning_rate': 1.8945347446166644e-05, 'epoch': 8.23}
{'loss': 0.3473, 'learning_rate': 1.890204670758348e-05, 'epoch': 8.23}
{'loss': 0.3743, 'learning_rate': 1.8858745969000317e-05, 'epoch': 8.24}
{'loss': 0.3209, 'learning_rate': 1.881544523041714e-05, 'epoch': 8.24}
{'loss': 0.346, 'learning_rate': 1.8772144491833977e-05, 'epoch': 8.25}
{'loss': 0.3501, 'learning_rate': 1.872884375325081e-05, 'epoch': 8.25}
{'loss': 0.3964, 'learning_rate': 1.8685543014667636e-05, 'epoch': 8.25}
{'loss': 0.3463, 'learning_rate': 1.864224227608447e-05, 'epoch': 8.26}
{'loss': 0.3363, 'learning_rate': 1.8598941537501295e-05, 'epoch': 8.26}
{'loss': 0.3228, 'learning_rate': 1.855564079891813e-05, 'epoch': 8.27}
{'loss': 0.3659, 'learning_rate': 1.8512340060334965e-05, 'epoch': 8.27}
{'loss': 0.3669, 'learning_rate': 1.846903932175179e-05, 'epoch': 8.27}
{'loss': 0.3325, 'learning_rate': 1.8425738583168624e-05, 'epoch': 8.28}
{'loss': 0.3293, 'learning_rate': 1.838243784458546e-05, 'epoch': 8.28}
{'loss': 0.3507, 'learning_rate': 1.8339137106002284e-05, 'epoch': 8.29}
{'loss': 0.3383, 'learning_rate': 1.8295836367419122e-05, 'epoch': 8.29}
{'loss': 0.3645, 'learning_rate': 1.8252535628835957e-05, 'epoch': 8.3}
{'loss': 0.3038, 'learning_rate': 1.820923489025278e-05, 'epoch': 8.3}
{'loss': 0.317, 'learning_rate': 1.816680016644128e-05, 'epoch': 8.3}
{'loss': 0.3523, 'learning_rate': 1.8123499427858115e-05, 'epoch': 8.31}
{'loss': 0.3377, 'learning_rate': 1.808019868927494e-05, 'epoch': 8.31}
{'loss': 0.3417, 'learning_rate': 1.8036897950691774e-05, 'epoch': 8.32}
{'loss': 0.3313, 'learning_rate': 1.79935972121086e-05, 'epoch': 8.32}
{'loss': 0.3312, 'learning_rate': 1.7950296473525433e-05, 'epoch': 8.32}
{'loss': 0.3485, 'learning_rate': 1.7906995734942268e-05, 'epoch': 8.33}
{'loss': 0.3588, 'learning_rate': 1.7863694996359093e-05, 'epoch': 8.33}
{'loss': 0.3494, 'learning_rate': 1.7820394257775927e-05, 'epoch': 8.34}
{'loss': 0.3099, 'learning_rate': 1.7777093519192762e-05, 'epoch': 8.34}
{'loss': 0.3536, 'learning_rate': 1.7733792780609587e-05, 'epoch': 8.34}
{'loss': 0.3706, 'learning_rate': 1.769049204202642e-05, 'epoch': 8.35}
{'loss': 0.3631, 'learning_rate': 1.764719130344326e-05, 'epoch': 8.35}
{'loss': 0.3322, 'learning_rate': 1.7603890564860084e-05, 'epoch': 8.36}
{'loss': 0.3675, 'learning_rate': 1.756058982627692e-05, 'epoch': 8.36}
{'loss': 0.3729, 'learning_rate': 1.7517289087693744e-05, 'epoch': 8.36}
{'loss': 0.3323, 'learning_rate': 1.747398834911058e-05, 'epoch': 8.37}
{'loss': 0.3637, 'learning_rate': 1.7430687610527413e-05, 'epoch': 8.37}
{'loss': 0.3415, 'learning_rate': 1.7387386871944238e-05, 'epoch': 8.38}
{'loss': 0.3716, 'learning_rate': 1.7344086133361072e-05, 'epoch': 8.38}
{'loss': 0.3344, 'learning_rate': 1.7300785394777907e-05, 'epoch': 8.38}
{'loss': 0.328, 'learning_rate': 1.7257484656194732e-05, 'epoch': 8.39}
{'loss': 0.3479, 'learning_rate': 1.7214183917611567e-05, 'epoch': 8.39}
{'loss': 0.3793, 'learning_rate': 1.7170883179028405e-05, 'epoch': 8.4}
{'loss': 0.344, 'learning_rate': 1.712758244044523e-05, 'epoch': 8.4}
{'loss': 0.3229, 'learning_rate': 1.7084281701862064e-05, 'epoch': 8.41}
{'loss': 0.3328, 'learning_rate': 1.704098096327889e-05, 'epoch': 8.41}
{'loss': 0.3496, 'learning_rate': 1.6997680224695723e-05, 'epoch': 8.41}
{'loss': 0.3591, 'learning_rate': 1.6954379486112558e-05, 'epoch': 8.42}
{'loss': 0.3598, 'learning_rate': 1.6911078747529383e-05, 'epoch': 8.42}
{'loss': 0.3296, 'learning_rate': 1.6867778008946217e-05, 'epoch': 8.43}
{'loss': 0.3921, 'learning_rate': 1.6824477270363052e-05, 'epoch': 8.43}
{'loss': 0.3451, 'learning_rate': 1.6781176531779877e-05, 'epoch': 8.43}
{'loss': 0.329, 'learning_rate': 1.673787579319671e-05, 'epoch': 8.44}
{'loss': 0.3682, 'learning_rate': 1.669457505461355e-05, 'epoch': 8.44}
{'loss': 0.3671, 'learning_rate': 1.665127431603037e-05, 'epoch': 8.45}
{'loss': 0.3537, 'learning_rate': 1.660797357744721e-05, 'epoch': 8.45}
{'loss': 0.3795, 'learning_rate': 1.6564672838864044e-05, 'epoch': 8.45}
{'loss': 0.3284, 'learning_rate': 1.652137210028087e-05, 'epoch': 8.46}
{'loss': 0.364, 'learning_rate': 1.6478071361697703e-05, 'epoch': 8.46}
{'loss': 0.3405, 'learning_rate': 1.6434770623114528e-05, 'epoch': 8.47}
{'loss': 0.3266, 'learning_rate': 1.6391469884531363e-05, 'epoch': 8.47}
{'loss': 0.3922, 'learning_rate': 1.634903516071986e-05, 'epoch': 8.47}
{'loss': 0.3439, 'learning_rate': 1.6305734422136686e-05, 'epoch': 8.48}
{'loss': 0.3548, 'learning_rate': 1.626243368355352e-05, 'epoch': 8.48}
{'loss': 0.3534, 'learning_rate': 1.6219132944970355e-05, 'epoch': 8.49}
{'loss': 0.3378, 'learning_rate': 1.617583220638718e-05, 'epoch': 8.49}
{'loss': 0.358, 'learning_rate': 1.6132531467804015e-05, 'epoch': 8.49}
{'loss': 0.3304, 'learning_rate': 1.608923072922085e-05, 'epoch': 8.5}
{'loss': 0.3826, 'learning_rate': 1.6045929990637674e-05, 'epoch': 8.5}
{'loss': 0.3476, 'learning_rate': 1.6002629252054512e-05, 'epoch': 8.51}
{'loss': 0.3637, 'learning_rate': 1.5959328513471333e-05, 'epoch': 8.51}
{'loss': 0.3485, 'learning_rate': 1.591602777488817e-05, 'epoch': 8.52}
{'loss': 0.3427, 'learning_rate': 1.5872727036305006e-05, 'epoch': 8.52}
{'loss': 0.3701, 'learning_rate': 1.582942629772183e-05, 'epoch': 8.52}
{'loss': 0.2963, 'learning_rate': 1.5786125559138666e-05, 'epoch': 8.53}
{'loss': 0.3691, 'learning_rate': 1.57428248205555e-05, 'epoch': 8.53}
{'loss': 0.3492, 'learning_rate': 1.5699524081972325e-05, 'epoch': 8.54}
{'loss': 0.3448, 'learning_rate': 1.565622334338916e-05, 'epoch': 8.54}
{'loss': 0.335, 'learning_rate': 1.5612922604805995e-05, 'epoch': 8.54}
{'loss': 0.3522, 'learning_rate': 1.556962186622282e-05, 'epoch': 8.55}
{'loss': 0.3303, 'learning_rate': 1.5526321127639654e-05, 'epoch': 8.55}
{'loss': 0.3577, 'learning_rate': 1.5483020389056492e-05, 'epoch': 8.56}
{'loss': 0.3367, 'learning_rate': 1.5439719650473317e-05, 'epoch': 8.56}
{'loss': 0.3285, 'learning_rate': 1.539641891189015e-05, 'epoch': 8.56}
{'loss': 0.3457, 'learning_rate': 1.5353118173306976e-05, 'epoch': 8.57}
{'loss': 0.3861, 'learning_rate': 1.530981743472381e-05, 'epoch': 8.57}
{'loss': 0.3779, 'learning_rate': 1.5266516696140645e-05, 'epoch': 8.58}
{'loss': 0.329, 'learning_rate': 1.5223215957557472e-05, 'epoch': 8.58}
{'loss': 0.331, 'learning_rate': 1.5179915218974305e-05, 'epoch': 8.58}
{'loss': 0.3435, 'learning_rate': 1.5136614480391143e-05, 'epoch': 8.59}
{'loss': 0.3674, 'learning_rate': 1.5093313741807966e-05, 'epoch': 8.59}
{'loss': 0.3535, 'learning_rate': 1.5050013003224802e-05, 'epoch': 8.6}
{'loss': 0.3129, 'learning_rate': 1.5006712264641637e-05, 'epoch': 8.6}
{'loss': 0.3529, 'learning_rate': 1.4963411526058463e-05, 'epoch': 8.6}
{'loss': 0.3343, 'learning_rate': 1.4920110787475296e-05, 'epoch': 8.61}
{'loss': 0.3244, 'learning_rate': 1.4876810048892121e-05, 'epoch': 8.61}
{'loss': 0.3717, 'learning_rate': 1.4833509310308957e-05, 'epoch': 8.62}
{'loss': 0.3475, 'learning_rate': 1.4791074586497456e-05, 'epoch': 8.62}
{'loss': 0.3512, 'learning_rate': 1.4747773847914279e-05, 'epoch': 8.63}
{'loss': 0.3267, 'learning_rate': 1.4704473109331116e-05, 'epoch': 8.63}
{'loss': 0.3422, 'learning_rate': 1.466117237074795e-05, 'epoch': 8.63}
{'loss': 0.3418, 'learning_rate': 1.4617871632164777e-05, 'epoch': 8.64}
{'loss': 0.3257, 'learning_rate': 1.457457089358161e-05, 'epoch': 8.64}
{'loss': 0.3511, 'learning_rate': 1.4531270154998444e-05, 'epoch': 8.65}
{'loss': 0.3545, 'learning_rate': 1.448796941641527e-05, 'epoch': 8.65}
{'loss': 0.3452, 'learning_rate': 1.4444668677832104e-05, 'epoch': 8.65}
{'loss': 0.351, 'learning_rate': 1.4401367939248942e-05, 'epoch': 8.66}
{'loss': 0.3592, 'learning_rate': 1.4358067200665765e-05, 'epoch': 8.66}
{'loss': 0.3535, 'learning_rate': 1.43147664620826e-05, 'epoch': 8.67}
{'loss': 0.3581, 'learning_rate': 1.4271465723499424e-05, 'epoch': 8.67}
{'loss': 0.3293, 'learning_rate': 1.4228164984916259e-05, 'epoch': 8.67}
{'loss': 0.3566, 'learning_rate': 1.4184864246333095e-05, 'epoch': 8.68}
{'loss': 0.3278, 'learning_rate': 1.414156350774992e-05, 'epoch': 8.68}
{'loss': 0.3518, 'learning_rate': 1.4098262769166753e-05, 'epoch': 8.69}
{'loss': 0.3357, 'learning_rate': 1.4054962030583591e-05, 'epoch': 8.69}
{'loss': 0.3606, 'learning_rate': 1.4011661292000414e-05, 'epoch': 8.69}
{'loss': 0.3138, 'learning_rate': 1.396836055341725e-05, 'epoch': 8.7}
{'loss': 0.3611, 'learning_rate': 1.3925059814834085e-05, 'epoch': 8.7}
{'loss': 0.3512, 'learning_rate': 1.3881759076250911e-05, 'epoch': 8.71}
{'loss': 0.3664, 'learning_rate': 1.3838458337667745e-05, 'epoch': 8.71}
{'loss': 0.3265, 'learning_rate': 1.3795157599084567e-05, 'epoch': 8.71}
{'loss': 0.3264, 'learning_rate': 1.3751856860501402e-05, 'epoch': 8.72}
{'loss': 0.3488, 'learning_rate': 1.370855612191824e-05, 'epoch': 8.72}
{'loss': 0.3399, 'learning_rate': 1.3665255383335063e-05, 'epoch': 8.73}
{'loss': 0.358, 'learning_rate': 1.36219546447519e-05, 'epoch': 8.73}
{'loss': 0.347, 'learning_rate': 1.3578653906168734e-05, 'epoch': 8.74}
{'loss': 0.3526, 'learning_rate': 1.353535316758556e-05, 'epoch': 8.74}
{'loss': 0.3423, 'learning_rate': 1.3492052429002394e-05, 'epoch': 8.74}
{'loss': 0.3789, 'learning_rate': 1.3448751690419232e-05, 'epoch': 8.75}
{'loss': 0.3618, 'learning_rate': 1.3405450951836055e-05, 'epoch': 8.75}
{'loss': 0.3774, 'learning_rate': 1.3362150213252888e-05, 'epoch': 8.76}
{'loss': 0.3678, 'learning_rate': 1.3318849474669714e-05, 'epoch': 8.76}
{'loss': 0.3256, 'learning_rate': 1.3275548736086549e-05, 'epoch': 8.76}
{'loss': 0.3361, 'learning_rate': 1.3232247997503384e-05, 'epoch': 8.77}
{'loss': 0.3291, 'learning_rate': 1.3188947258920208e-05, 'epoch': 8.77}
{'loss': 0.3585, 'learning_rate': 1.3145646520337046e-05, 'epoch': 8.78}
{'loss': 0.3505, 'learning_rate': 1.310234578175388e-05, 'epoch': 8.78}
{'loss': 0.3073, 'learning_rate': 1.3059045043170704e-05, 'epoch': 8.78}
{'loss': 0.3644, 'learning_rate': 1.3015744304587537e-05, 'epoch': 8.79}
{'loss': 0.3563, 'learning_rate': 1.2972443566004375e-05, 'epoch': 8.79}
{'loss': 0.3239, 'learning_rate': 1.2929142827421198e-05, 'epoch': 8.8}
{'loss': 0.3339, 'learning_rate': 1.2885842088838035e-05, 'epoch': 8.8}
{'loss': 0.3465, 'learning_rate': 1.284254135025487e-05, 'epoch': 8.8}
{'loss': 0.3467, 'learning_rate': 1.2799240611671696e-05, 'epoch': 8.81}
{'loss': 0.3554, 'learning_rate': 1.2755939873088529e-05, 'epoch': 8.81}
{'loss': 0.3402, 'learning_rate': 1.2712639134505353e-05, 'epoch': 8.82}
{'loss': 0.3761, 'learning_rate': 1.266933839592219e-05, 'epoch': 8.82}
{'loss': 0.3723, 'learning_rate': 1.2626037657339025e-05, 'epoch': 8.82}
{'loss': 0.3416, 'learning_rate': 1.2582736918755849e-05, 'epoch': 8.83}
{'loss': 0.3757, 'learning_rate': 1.2539436180172684e-05, 'epoch': 8.83}
{'loss': 0.3256, 'learning_rate': 1.2496135441589519e-05, 'epoch': 8.84}
{'loss': 0.3622, 'learning_rate': 1.2452834703006343e-05, 'epoch': 8.84}
{'loss': 0.3362, 'learning_rate': 1.240953396442318e-05, 'epoch': 8.85}
{'loss': 0.3693, 'learning_rate': 1.2366233225840014e-05, 'epoch': 8.85}
{'loss': 0.3807, 'learning_rate': 1.2322932487256839e-05, 'epoch': 8.85}
{'loss': 0.3807, 'learning_rate': 1.2279631748673674e-05, 'epoch': 8.86}
{'loss': 0.3419, 'learning_rate': 1.2236331010090498e-05, 'epoch': 8.86}
{'loss': 0.3654, 'learning_rate': 1.2193030271507333e-05, 'epoch': 8.87}
{'loss': 0.3541, 'learning_rate': 1.214972953292417e-05, 'epoch': 8.87}
{'loss': 0.3287, 'learning_rate': 1.2106428794340994e-05, 'epoch': 8.87}
{'loss': 0.345, 'learning_rate': 1.2063128055757829e-05, 'epoch': 8.88}
{'loss': 0.3402, 'learning_rate': 1.2019827317174664e-05, 'epoch': 8.88}
{'loss': 0.3556, 'learning_rate': 1.1976526578591488e-05, 'epoch': 8.89}
{'loss': 0.355, 'learning_rate': 1.1933225840008323e-05, 'epoch': 8.89}
{'loss': 0.3462, 'learning_rate': 1.188992510142516e-05, 'epoch': 8.89}
{'loss': 0.3644, 'learning_rate': 1.1846624362841984e-05, 'epoch': 8.9}
{'loss': 0.3513, 'learning_rate': 1.1803323624258819e-05, 'epoch': 8.9}
{'loss': 0.3319, 'learning_rate': 1.1760022885675643e-05, 'epoch': 8.91}
{'loss': 0.3471, 'learning_rate': 1.1716722147092478e-05, 'epoch': 8.91}
{'loss': 0.3514, 'learning_rate': 1.1673421408509315e-05, 'epoch': 8.91}
{'loss': 0.2994, 'learning_rate': 1.1630120669926138e-05, 'epoch': 8.92}
{'loss': 0.3306, 'learning_rate': 1.1586819931342974e-05, 'epoch': 8.92}
{'loss': 0.346, 'learning_rate': 1.1543519192759809e-05, 'epoch': 8.93}
{'loss': 0.3646, 'learning_rate': 1.1500218454176633e-05, 'epoch': 8.93}
{'loss': 0.3509, 'learning_rate': 1.1456917715593468e-05, 'epoch': 8.93}
{'loss': 0.3383, 'learning_rate': 1.1413616977010305e-05, 'epoch': 8.94}
{'loss': 0.3465, 'learning_rate': 1.1370316238427127e-05, 'epoch': 8.94}
{'loss': 0.3344, 'learning_rate': 1.1327015499843964e-05, 'epoch': 8.95}
{'loss': 0.3351, 'learning_rate': 1.1283714761260799e-05, 'epoch': 8.95}
{'loss': 0.3061, 'learning_rate': 1.1240414022677623e-05, 'epoch': 8.96}
{'loss': 0.3477, 'learning_rate': 1.1197113284094458e-05, 'epoch': 8.96}
{'loss': 0.3441, 'learning_rate': 1.1153812545511283e-05, 'epoch': 8.96}
{'loss': 0.3729, 'learning_rate': 1.1110511806928119e-05, 'epoch': 8.97}
{'loss': 0.3475, 'learning_rate': 1.1068077083116616e-05, 'epoch': 8.97}
{'loss': 0.3538, 'learning_rate': 1.102477634453344e-05, 'epoch': 8.98}
{'loss': 0.3579, 'learning_rate': 1.0981475605950277e-05, 'epoch': 8.98}
{'loss': 0.3408, 'learning_rate': 1.0938174867367112e-05, 'epoch': 8.98}
{'loss': 0.3166, 'learning_rate': 1.0894874128783936e-05, 'epoch': 8.99}
{'loss': 0.3442, 'learning_rate': 1.0851573390200771e-05, 'epoch': 8.99}
{'loss': 0.3484, 'learning_rate': 1.0808272651617608e-05, 'epoch': 9.0}
[INFO|trainer.py:520] 2026-10-04 17:33:24,698 >> The following columns in the evaluation set  don't have a corresponding argument in `PETLEncModel.forward` and have been ignored: idx, hypothesis, premise.
[INFO|trainer.py:2179] 2026-10-04 17:33:24,699 >> ***** Running Evaluation *****
[INFO|trainer.py:2181] 2026-10-04 17:33:24,699 >>   Num examples = 9815
[INFO|trainer.py:2184] 2026-10-04 17:33:24,699 >>   Batch size = 32
{'eval_loss': 0.3571678698062897, 'eval_accuracy': 0.870096790626592, 'eval_runtime': 10.4235, 'eval_samples_per_second': 941.624, 'eval_steps_per_second': 29.453, 'epoch': 9.0}
[INFO|trainer.py:1933] 2026-10-04 17:33:35,124 >> Saving model checkpoint to checkpoints/glue/mnli/20261004/glue.mnli.mam.am_prefix.ao_concat.fm_adapter.fo_parallel.abn.fbn.ac_add.fl_none.finit_lora.fs_2.unfrz_ef_.ne10.warm0.06.wd0.1.seed6./checkpoint-110448
[INFO|configuration_utils.py:364] 2026-10-04 17:33:35,125 >> Configuration saved in checkpoints/glue/mnli/20261004/glue.mnli.mam.am_prefix.ao_concat.fm_adapter.fo_parallel.abn.fbn.ac_add.fl_none.finit_lora.fs_2.unfrz_ef_.ne10.warm0.06.wd0.1.seed6./checkpoint-110448/config.json
[INFO|modeling_utils.py:898] 2026-10-04 17:33:35,556 >> Model weights saved in checkpoints/glue/mnli/20261004/glue.mnli.mam.am_prefix.ao_concat.fm_adapter.fo_parallel.abn.fbn.ac_add.fl_none.finit_lora.fs_2.unfrz_ef_.ne10.warm0.06.wd0.1.seed6./checkpoint-110448/pytorch_model.bin
[INFO|tokenization_utils_base.py:1948] 2026-10-04 17:33:35,558 >> tokenizer config file saved in checkpoints/glue/mnli/20261004/glue.mnli.mam.am_prefix.ao_concat.fm_adapter.fo_parallel.abn.fbn.ac_add.fl_none.finit_lora.fs_2.unfrz_ef_.ne10.warm0.06.wd0.1.seed6./checkpoint-110448/tokenizer_config.json
[INFO|tokenization_utils_base.py:1954] 2026-10-04 17:33:35,558 >> Special tokens file saved in checkpoints/glue/mnli/20261004/glue.mnli.mam.am_prefix.ao_concat.fm_adapter.fo_parallel.abn.fbn.ac_add.fl_none.finit_lora.fs_2.unfrz_ef_.ne10.warm0.06.wd0.1.seed6./checkpoint-110448/special_tokens_map.json
[INFO|trainer.py:2009] 2026-10-04 17:33:35,769 >> Deleting older checkpoint [checkpoints/glue/mnli/20261004/glue.mnli.mam.am_prefix.ao_concat.fm_adapter.fo_parallel.abn.fbn.ac_add.fl_none.finit_lora.fs_2.unfrz_ef_.ne10.warm0.06.wd0.1.seed6./checkpoint-85904] due to args.save_total_limit
/work/unify-parameter-efficient-tuning/src/transformers/trainer.py:1784: FutureWarning: `torch.cuda.amp.autocast(args...)` is deprecated. Please use `torch.amp.autocast('cuda', args...)` instead.
  with autocast():
{'loss': 0.3413, 'learning_rate': 1.076497191303443e-05, 'epoch': 9.0}
{'loss': 0.3352, 'learning_rate': 1.0721671174451267e-05, 'epoch': 9.0}
{'loss': 0.3271, 'learning_rate': 1.0678370435868092e-05, 'epoch': 9.01}
{'loss': 0.3359, 'learning_rate': 1.0635069697284926e-05, 'epoch': 9.01}
{'loss': 0.3321, 'learning_rate': 1.0591768958701761e-05, 'epoch': 9.02}
{'loss': 0.3418, 'learning_rate': 1.0548468220118586e-05, 'epoch': 9.02}
{'loss': 0.3253, 'learning_rate': 1.050516748153542e-05, 'epoch': 9.02}
{'loss': 0.3249, 'learning_rate': 1.0461866742952257e-05, 'epoch': 9.03}
{'loss': 0.3173, 'learning_rate': 1.0418566004369081e-05, 'epoch': 9.03}
{'loss': 0.3561, 'learning_rate': 1.0375265265785916e-05, 'epoch': 9.04}
{'loss': 0.354, 'learning_rate': 1.0331964527202751e-05, 'epoch': 9.04}
{'loss': 0.3418, 'learning_rate': 1.0288663788619576e-05, 'epoch': 9.04}
{'loss': 0.3627, 'learning_rate': 1.0245363050036412e-05, 'epoch': 9.05}
{'loss': 0.3279, 'learning_rate': 1.0202062311453247e-05, 'epoch': 9.05}
{'loss': 0.3242, 'learning_rate': 1.0158761572870071e-05, 'epoch': 9.06}
{'loss': 0.3398, 'learning_rate': 1.0115460834286906e-05, 'epoch': 9.06}
{'loss': 0.321, 'learning_rate': 1.007216009570373e-05, 'epoch': 9.07}
{'loss': 0.3547, 'learning_rate': 1.0028859357120565e-05, 'epoch': 9.07}
{'loss': 0.3586, 'learning_rate': 9.985558618537402e-06, 'epoch': 9.07}
{'loss': 0.3511, 'learning_rate': 9.942257879954225e-06, 'epoch': 9.08}
{'loss': 0.3742, 'learning_rate': 9.898957141371061e-06, 'epoch': 9.08}
{'loss': 0.3376, 'learning_rate': 9.855656402787896e-06, 'epoch': 9.09}
{'loss': 0.3441, 'learning_rate': 9.81235566420472e-06, 'epoch': 9.09}
{'loss': 0.3249, 'learning_rate': 9.769054925621555e-06, 'epoch': 9.09}
{'loss': 0.3389, 'learning_rate': 9.725754187038392e-06, 'epoch': 9.1}
{'loss': 0.3431, 'learning_rate': 9.682453448455216e-06, 'epoch': 9.1}
{'loss': 0.3421, 'learning_rate': 9.639152709872051e-06, 'epoch': 9.11}
{'loss': 0.3231, 'learning_rate': 9.595851971288876e-06, 'epoch': 9.11}
{'loss': 0.328, 'learning_rate': 9.55255123270571e-06, 'epoch': 9.11}
{'loss': 0.348, 'learning_rate': 9.509250494122547e-06, 'epoch': 9.12}
{'loss': 0.3347, 'learning_rate': 9.46594975553937e-06, 'epoch': 9.12}
{'loss': 0.3217, 'learning_rate': 9.422649016956206e-06, 'epoch': 9.13}
{'loss': 0.3177, 'learning_rate': 9.379348278373041e-06, 'epoch': 9.13}
{'loss': 0.3283, 'learning_rate': 9.336047539789866e-06, 'epoch': 9.13}
{'loss': 0.376, 'learning_rate': 9.2927468012067e-06, 'epoch': 9.14}
{'loss': 0.329, 'learning_rate': 9.249446062623537e-06, 'epoch': 9.14}
{'loss': 0.343, 'learning_rate': 9.20614532404036e-06, 'epoch': 9.15}
{'loss': 0.306, 'learning_rate': 9.162844585457196e-06, 'epoch': 9.15}
{'loss': 0.3628, 'learning_rate': 9.11954384687402e-06, 'epoch': 9.15}
{'loss': 0.3691, 'learning_rate': 9.077109123062518e-06, 'epoch': 9.16}
{'loss': 0.3288, 'learning_rate': 9.033808384479354e-06, 'epoch': 9.16}
{'loss': 0.3369, 'learning_rate': 8.990507645896179e-06, 'epoch': 9.17}
{'loss': 0.4002, 'learning_rate': 8.947206907313014e-06, 'epoch': 9.17}
{'loss': 0.3373, 'learning_rate': 8.903906168729848e-06, 'epoch': 9.18}
{'loss': 0.3615, 'learning_rate': 8.860605430146673e-06, 'epoch': 9.18}
{'loss': 0.3398, 'learning_rate': 8.81730469156351e-06, 'epoch': 9.18}
{'loss': 0.3255, 'learning_rate': 8.774003952980344e-06, 'epoch': 9.19}
{'loss': 0.3493, 'learning_rate': 8.730703214397169e-06, 'epoch': 9.19}
{'loss': 0.3627, 'learning_rate': 8.687402475814004e-06, 'epoch': 9.2}
{'loss': 0.3474, 'learning_rate': 8.644101737230838e-06, 'epoch': 9.2}
{'loss': 0.3309, 'learning_rate': 8.600800998647663e-06, 'epoch': 9.2}
{'loss': 0.3386, 'learning_rate': 8.5575002600645e-06, 'epoch': 9.21}
{'loss': 0.3469, 'learning_rate': 8.514199521481324e-06, 'epoch': 9.21}
{'loss': 0.3457, 'learning_rate': 8.470898782898159e-06, 'epoch': 9.22}
{'loss': 0.3494, 'learning_rate': 8.427598044314993e-06, 'epoch': 9.22}
{'loss': 0.3588, 'learning_rate': 8.384297305731818e-06, 'epoch': 9.22}
{'loss': 0.3665, 'learning_rate': 8.340996567148653e-06, 'epoch': 9.23}
{'loss': 0.3659, 'learning_rate': 8.29769582856549e-06, 'epoch': 9.23}
{'loss': 0.3564, 'learning_rate': 8.254395089982314e-06, 'epoch': 9.24}
{'loss': 0.3195, 'learning_rate': 8.211094351399149e-06, 'epoch': 9.24}
{'loss': 0.339, 'learning_rate': 8.167793612815983e-06, 'epoch': 9.24}
{'loss': 0.33, 'learning_rate': 8.124492874232808e-06, 'epoch': 9.25}
{'loss': 0.3276, 'learning_rate': 8.081192135649644e-06, 'epoch': 9.25}
{'loss': 0.3253, 'learning_rate': 8.037891397066467e-06, 'epoch': 9.26}
{'loss': 0.3196, 'learning_rate': 7.994590658483304e-06, 'epoch': 9.26}
{'loss': 0.351, 'learning_rate': 7.951289919900138e-06, 'epoch': 9.26}
{'loss': 0.309, 'learning_rate': 7.907989181316963e-06, 'epoch': 9.27}
{'loss': 0.3323, 'learning_rate': 7.864688442733798e-06, 'epoch': 9.27}
{'loss': 0.3294, 'learning_rate': 7.821387704150634e-06, 'epoch': 9.28}
{'loss': 0.3237, 'learning_rate': 7.778086965567457e-06, 'epoch': 9.28}
{'loss': 0.3411, 'learning_rate': 7.734786226984294e-06, 'epoch': 9.29}
{'loss': 0.3501, 'learning_rate': 7.691485488401128e-06, 'epoch': 9.29}
{'loss': 0.3469, 'learning_rate': 7.648184749817953e-06, 'epoch': 9.29}
{'loss': 0.3249, 'learning_rate': 7.604884011234788e-06, 'epoch': 9.3}
{'loss': 0.3305, 'learning_rate': 7.561583272651622e-06, 'epoch': 9.3}
{'loss': 0.3118, 'learning_rate': 7.518282534068446e-06, 'epoch': 9.31}
{'loss': 0.332, 'learning_rate': 7.474981795485282e-06, 'epoch': 9.31}
{'loss': 0.3276, 'learning_rate': 7.4316810569021064e-06, 'epoch': 9.31}
{'loss': 0.351, 'learning_rate': 7.388380318318942e-06, 'epoch': 9.32}
{'loss': 0.369, 'learning_rate': 7.345079579735778e-06, 'epoch': 9.32}
{'loss': 0.3234, 'learning_rate': 7.301778841152602e-06, 'epoch': 9.33}
{'loss': 0.365, 'learning_rate': 7.258478102569437e-06, 'epoch': 9.33}
{'loss': 0.3211, 'learning_rate': 7.215177363986273e-06, 'epoch': 9.33}
{'loss': 0.3343, 'learning_rate': 7.171876625403097e-06, 'epoch': 9.34}
{'loss': 0.358, 'learning_rate': 7.128575886819933e-06, 'epoch': 9.34}
{'loss': 0.3463, 'learning_rate': 7.085275148236767e-06, 'epoch': 9.35}
{'loss': 0.3156, 'learning_rate': 7.041974409653593e-06, 'epoch': 9.35}
{'loss': 0.3572, 'learning_rate': 6.998673671070427e-06, 'epoch': 9.35}
{'loss': 0.3118, 'learning_rate': 6.9553729324872515e-06, 'epoch': 9.36}
{'loss': 0.3473, 'learning_rate': 6.912072193904087e-06, 'epoch': 9.36}
{'loss': 0.3561, 'learning_rate': 6.869637470092585e-06, 'epoch': 9.37}
{'loss': 0.321, 'learning_rate': 6.8263367315094096e-06, 'epoch': 9.37}
{'loss': 0.3509, 'learning_rate': 6.783035992926245e-06, 'epoch': 9.38}
{'loss': 0.3471, 'learning_rate': 6.739735254343081e-06, 'epoch': 9.38}
{'loss': 0.3538, 'learning_rate': 6.6964345157599045e-06, 'epoch': 9.38}
{'loss': 0.3043, 'learning_rate': 6.65313377717674e-06, 'epoch': 9.39}
{'loss': 0.3464, 'learning_rate': 6.609833038593576e-06, 'epoch': 9.39}
{'loss': 0.3665, 'learning_rate': 6.5665323000104e-06, 'epoch': 9.4}
{'loss': 0.3406, 'learning_rate': 6.523231561427236e-06, 'epoch': 9.4}
{'loss': 0.3488, 'learning_rate': 6.47993082284407e-06, 'epoch': 9.4}
{'loss': 0.2861, 'learning_rate': 6.436630084260896e-06, 'epoch': 9.41}
{'loss': 0.3415, 'learning_rate': 6.39332934567773e-06, 'epoch': 9.41}
{'loss': 0.3573, 'learning_rate': 6.350028607094555e-06, 'epoch': 9.42}
{'loss': 0.3252, 'learning_rate': 6.30672786851139e-06, 'epoch': 9.42}
{'loss': 0.328, 'learning_rate': 6.263427129928225e-06, 'epoch': 9.42}
{'loss': 0.3355, 'learning_rate': 6.2201263913450495e-06, 'epoch': 9.43}
{'loss': 0.3321, 'learning_rate': 6.176825652761885e-06, 'epoch': 9.43}
{'loss': 0.3425, 'learning_rate': 6.13352491417872e-06, 'epoch': 9.44}
{'loss': 0.3582, 'learning_rate': 6.0902241755955445e-06, 'epoch': 9.44}
{'loss': 0.335, 'learning_rate': 6.047789451784043e-06, 'epoch': 9.44}
{'loss': 0.3626, 'learning_rate': 6.004488713200879e-06, 'epoch': 9.45}
{'loss': 0.35, 'learning_rate': 5.9611879746177026e-06, 'epoch': 9.45}
{'loss': 0.3443, 'learning_rate': 5.917887236034538e-06, 'epoch': 9.46}
{'loss': 0.3737, 'learning_rate': 5.874586497451374e-06, 'epoch': 9.46}
{'loss': 0.3401, 'learning_rate': 5.8312857588681975e-06, 'epoch': 9.46}
{'loss': 0.3309, 'learning_rate': 5.787985020285033e-06, 'epoch': 9.47}
{'loss': 0.3363, 'learning_rate': 5.744684281701858e-06, 'epoch': 9.47}
{'loss': 0.34, 'learning_rate': 5.7013835431186925e-06, 'epoch': 9.48}
{'loss': 0.3267, 'learning_rate': 5.658082804535528e-06, 'epoch': 9.48}
{'loss': 0.366, 'learning_rate': 5.614782065952353e-06, 'epoch': 9.49}
{'loss': 0.3393, 'learning_rate': 5.5714813273691874e-06, 'epoch': 9.49}
{'loss': 0.3208, 'learning_rate': 5.528180588786023e-06, 'epoch': 9.49}
{'loss': 0.3522, 'learning_rate': 5.484879850202848e-06, 'epoch': 9.5}
{'loss': 0.3258, 'learning_rate': 5.441579111619683e-06, 'epoch': 9.5}
{'loss': 0.3733, 'learning_rate': 5.398278373036518e-06, 'epoch': 9.51}
{'loss': 0.341, 'learning_rate': 5.3549776344533426e-06, 'epoch': 9.51}
{'loss': 0.3559, 'learning_rate': 5.311676895870178e-06, 'epoch': 9.51}
{'loss': 0.3379, 'learning_rate': 5.268376157287002e-06, 'epoch': 9.52}
{'loss': 0.3437, 'learning_rate': 5.2250754187038375e-06, 'epoch': 9.52}
{'loss': 0.3553, 'learning_rate': 5.181774680120673e-06, 'epoch': 9.53}
{'loss': 0.3157, 'learning_rate': 5.138473941537497e-06, 'epoch': 9.53}
{'loss': 0.3196, 'learning_rate': 5.0951732029543325e-06, 'epoch': 9.53}
{'loss': 0.3199, 'learning_rate': 5.051872464371168e-06, 'epoch': 9.54}
{'loss': 0.354, 'learning_rate': 5.008571725787993e-06, 'epoch': 9.54}
{'loss': 0.3344, 'learning_rate': 4.965270987204827e-06, 'epoch': 9.55}
{'loss': 0.3209, 'learning_rate': 4.921970248621663e-06, 'epoch': 9.55}
{'loss': 0.3578, 'learning_rate': 4.878669510038488e-06, 'epoch': 9.55}
{'loss': 0.3536, 'learning_rate': 4.835368771455322e-06, 'epoch': 9.56}
{'loss': 0.3548, 'learning_rate': 4.792068032872147e-06, 'epoch': 9.56}
{'loss': 0.3551, 'learning_rate': 4.7487672942889826e-06, 'epoch': 9.57}
{'loss': 0.3543, 'learning_rate': 4.705466555705818e-06, 'epoch': 9.57}
{'loss': 0.3582, 'learning_rate': 4.662165817122642e-06, 'epoch': 9.57}
{'loss': 0.3485, 'learning_rate': 4.6188650785394775e-06, 'epoch': 9.58}
{'loss': 0.3403, 'learning_rate': 4.575564339956313e-06, 'epoch': 9.58}
{'loss': 0.3733, 'learning_rate': 4.532263601373137e-06, 'epoch': 9.59}
{'loss': 0.3463, 'learning_rate': 4.4889628627899725e-06, 'epoch': 9.59}
{'loss': 0.3684, 'learning_rate': 4.445662124206808e-06, 'epoch': 9.6}
{'loss': 0.3372, 'learning_rate': 4.402361385623632e-06, 'epoch': 9.6}
{'loss': 0.371, 'learning_rate': 4.359060647040467e-06, 'epoch': 9.6}
{'loss': 0.3263, 'learning_rate': 4.315759908457303e-06, 'epoch': 9.61}
{'loss': 0.3501, 'learning_rate': 4.272459169874127e-06, 'epoch': 9.61}
{'loss': 0.3252, 'learning_rate': 4.229158431290962e-06, 'epoch': 9.62}
{'loss': 0.3615, 'learning_rate': 4.185857692707787e-06, 'epoch': 9.62}
{'loss': 0.335, 'learning_rate': 4.1425569541246225e-06, 'epoch': 9.62}
{'loss': 0.3216, 'learning_rate': 4.099256215541457e-06, 'epoch': 9.63}
{'loss': 0.3216, 'learning_rate': 4.055955476958282e-06, 'epoch': 9.63}
{'loss': 0.3613, 'learning_rate': 4.0126547383751175e-06, 'epoch': 9.64}
{'loss': 0.3318, 'learning_rate': 3.969353999791952e-06, 'epoch': 9.64}
{'loss': 0.349, 'learning_rate': 3.926053261208777e-06, 'epoch': 9.64}
{'loss': 0.3449, 'learning_rate': 3.8827525226256124e-06, 'epoch': 9.65}
{'loss': 0.3461, 'learning_rate': 3.839451784042448e-06, 'epoch': 9.65}
{'loss': 0.3395, 'learning_rate': 3.796151045459272e-06, 'epoch': 9.66}
{'loss': 0.3533, 'learning_rate': 3.7528503068761074e-06, 'epoch': 9.66}
{'loss': 0.3617, 'learning_rate': 3.709549568292932e-06, 'epoch': 9.66}
{'loss': 0.321, 'learning_rate': 3.6662488297097676e-06, 'epoch': 9.67}
{'loss': 0.3631, 'learning_rate': 3.6229480911266023e-06, 'epoch': 9.67}
{'loss': 0.3491, 'learning_rate': 3.579647352543426e-06, 'epoch': 9.68}
{'loss': 0.3603, 'learning_rate': 3.5363466139602617e-06, 'epoch': 9.68}
{'loss': 0.3437, 'learning_rate': 3.4930458753770977e-06, 'epoch': 9.68}
{'loss': 0.3209, 'learning_rate': 3.449745136793922e-06, 'epoch': 9.69}
{'loss': 0.3598, 'learning_rate': 3.406444398210757e-06, 'epoch': 9.69}
{'loss': 0.3151, 'learning_rate': 3.363143659627592e-06, 'epoch': 9.7}
{'loss': 0.3329, 'learning_rate': 3.3198429210444164e-06, 'epoch': 9.7}
{'loss': 0.3314, 'learning_rate': 3.276542182461252e-06, 'epoch': 9.71}
{'loss': 0.308, 'learning_rate': 3.233241443878076e-06, 'epoch': 9.71}
{'loss': 0.3538, 'learning_rate': 3.1899407052949118e-06, 'epoch': 9.71}
{'loss': 0.3405, 'learning_rate': 3.1466399667117474e-06, 'epoch': 9.72}
{'loss': 0.3535, 'learning_rate': 3.1033392281285716e-06, 'epoch': 9.72}
{'loss': 0.3518, 'learning_rate': 3.0600384895454067e-06, 'epoch': 9.73}
{'loss': 0.3269, 'learning_rate': 3.0167377509622423e-06, 'epoch': 9.73}
{'loss': 0.335, 'learning_rate': 2.9734370123790665e-06, 'epoch': 9.73}
{'loss': 0.3681, 'learning_rate': 2.9301362737959017e-06, 'epoch': 9.74}
{'loss': 0.3427, 'learning_rate': 2.8868355352127373e-06, 'epoch': 9.74}
{'loss': 0.3404, 'learning_rate': 2.8435347966295615e-06, 'epoch': 9.75}
{'loss': 0.3287, 'learning_rate': 2.800234058046397e-06, 'epoch': 9.75}
{'loss': 0.3524, 'learning_rate': 2.7569333194632322e-06, 'epoch': 9.75}
{'loss': 0.3388, 'learning_rate': 2.7136325808800564e-06, 'epoch': 9.76}
{'loss': 0.3569, 'learning_rate': 2.670331842296892e-06, 'epoch': 9.76}
{'loss': 0.33, 'learning_rate': 2.627031103713716e-06, 'epoch': 9.77}
{'loss': 0.349, 'learning_rate': 2.5837303651305518e-06, 'epoch': 9.77}
{'loss': 0.3591, 'learning_rate': 2.540429626547387e-06, 'epoch': 9.77}
{'loss': 0.3146, 'learning_rate': 2.4979949027358743e-06, 'epoch': 9.78}
{'loss': 0.3331, 'learning_rate': 2.45469416415271e-06, 'epoch': 9.78}
{'loss': 0.3447, 'learning_rate': 2.411393425569545e-06, 'epoch': 9.79}
{'loss': 0.3461, 'learning_rate': 2.368092686986369e-06, 'epoch': 9.79}
{'loss': 0.3171, 'learning_rate': 2.324791948403205e-06, 'epoch': 9.79}
{'loss': 0.3233, 'learning_rate': 2.28149120982004e-06, 'epoch': 9.8}
{'loss': 0.3318, 'learning_rate': 2.2381904712368646e-06, 'epoch': 9.8}
{'loss': 0.3557, 'learning_rate': 2.1948897326536998e-06, 'epoch': 9.81}
{'loss': 0.2839, 'learning_rate': 2.151588994070524e-06, 'epoch': 9.81}
{'loss': 0.3535, 'learning_rate': 2.1082882554873595e-06, 'epoch': 9.82}
{'loss': 0.3115, 'learning_rate': 2.0649875169041947e-06, 'epoch': 9.82}
{'loss': 0.3004, 'learning_rate': 2.0216867783210193e-06, 'epoch': 9.82}
{'loss': 0.3118, 'learning_rate': 1.9783860397378545e-06, 'epoch': 9.83}
{'loss': 0.3381, 'learning_rate': 1.93508530115469e-06, 'epoch': 9.83}
{'loss': 0.3635, 'learning_rate': 1.8917845625715142e-06, 'epoch': 9.84}
{'loss': 0.336, 'learning_rate': 1.8484838239883496e-06, 'epoch': 9.84}
{'loss': 0.363, 'learning_rate': 1.8051830854051848e-06, 'epoch': 9.84}
{'loss': 0.3511, 'learning_rate': 1.761882346822009e-06, 'epoch': 9.85}
{'loss': 0.3001, 'learning_rate': 1.7185816082388448e-06, 'epoch': 9.85}
{'loss': 0.3591, 'learning_rate': 1.67528086965568e-06, 'epoch': 9.86}
{'loss': 0.3225, 'learning_rate': 1.6319801310725041e-06, 'epoch': 9.86}
{'loss': 0.3567, 'learning_rate': 1.5886793924893397e-06, 'epoch': 9.86}
{'loss': 0.3368, 'learning_rate': 1.545378653906164e-06, 'epoch': 9.87}
{'loss': 0.3581, 'learning_rate': 1.5020779153229995e-06, 'epoch': 9.87}
{'loss': 0.3272, 'learning_rate': 1.4587771767398347e-06, 'epoch': 9.88}
{'loss': 0.3261, 'learning_rate': 1.4154764381566589e-06, 'epoch': 9.88}
{'loss': 0.3594, 'learning_rate': 1.3721756995734945e-06, 'epoch': 9.88}
{'loss': 0.3246, 'learning_rate': 1.3288749609903296e-06, 'epoch': 9.89}
{'loss': 0.3147, 'learning_rate': 1.2855742224071542e-06, 'epoch': 9.89}
{'loss': 0.3436, 'learning_rate': 1.2422734838239894e-06, 'epoch': 9.9}
{'loss': 0.3623, 'learning_rate': 1.198972745240825e-06, 'epoch': 9.9}
{'loss': 0.3287, 'learning_rate': 1.1556720066576492e-06, 'epoch': 9.9}
{'loss': 0.3408, 'learning_rate': 1.1123712680744844e-06, 'epoch': 9.91}
{'loss': 0.3359, 'learning_rate': 1.069070529491309e-06, 'epoch': 9.91}
{'loss': 0.3083, 'learning_rate': 1.0257697909081441e-06, 'epoch': 9.92}
{'loss': 0.3349, 'learning_rate': 9.824690523249795e-07, 'epoch': 9.92}
{'loss': 0.347, 'learning_rate': 9.391683137418039e-07, 'epoch': 9.93}
{'loss': 0.3277, 'learning_rate': 8.958675751586392e-07, 'epoch': 9.93}
{'loss': 0.3276, 'learning_rate': 8.525668365754747e-07, 'epoch': 9.93}
{'loss': 0.3162, 'learning_rate': 8.092660979922989e-07, 'epoch': 9.94}
{'loss': 0.3164, 'learning_rate': 7.659653594091342e-07, 'epoch': 9.94}
{'loss': 0.3399, 'learning_rate': 7.226646208259696e-07, 'epoch': 9.95}
{'loss': 0.3526, 'learning_rate': 6.802298970144569e-07, 'epoch': 9.95}
{'loss': 0.3198, 'learning_rate': 6.369291584312923e-07, 'epoch': 9.95}
{'loss': 0.3287, 'learning_rate': 5.936284198481277e-07, 'epoch': 9.96}
{'loss': 0.3702, 'learning_rate': 5.50327681264952e-07, 'epoch': 9.96}
{'loss': 0.3621, 'learning_rate': 5.070269426817874e-07, 'epoch': 9.97}
{'loss': 0.3423, 'learning_rate': 4.637262040986116e-07, 'epoch': 9.97}
{'loss': 0.316, 'learning_rate': 4.20425465515447e-07, 'epoch': 9.97}
{'loss': 0.3098, 'learning_rate': 3.7712472693228244e-07, 'epoch': 9.98}
{'loss': 0.3418, 'learning_rate': 3.338239883491067e-07, 'epoch': 9.98}
{'loss': 0.342, 'learning_rate': 2.905232497659421e-07, 'epoch': 9.99}
{'loss': 0.3249, 'learning_rate': 2.472225111827775e-07, 'epoch': 9.99}
{'loss': 0.3111, 'learning_rate': 2.0392177259960177e-07, 'epoch': 9.99}
{'loss': 0.3504, 'learning_rate': 1.606210340164371e-07, 'epoch': 10.0}
[INFO|trainer.py:520] 2026-10-04 17:39:56,103 >> The following columns in the evaluation set  don't have a corresponding argument in `PETLEncModel.forward` and have been ignored: idx, hypothesis, premise.
[INFO|trainer.py:2179] 2026-10-04 17:39:56,104 >> ***** Running Evaluation *****
[INFO|trainer.py:2181] 2026-10-04 17:39:56,104 >>   Num examples = 9815
[INFO|trainer.py:2184] 2026-10-04 17:39:56,104 >>   Batch size = 32
{'eval_loss': 0.35499829053878784, 'eval_accuracy': 0.8708099847172694, 'eval_runtime': 10.3431, 'eval_samples_per_second': 948.939, 'eval_steps_per_second': 29.682, 'epoch': 10.0}
[INFO|trainer.py:1933] 2026-10-04 17:40:06,448 >> Saving model checkpoint to checkpoints/glue/mnli/20261004/glue.mnli.mam.am_prefix.ao_concat.fm_adapter.fo_parallel.abn.fbn.ac_add.fl_none.finit_lora.fs_2.unfrz_ef_.ne10.warm0.06.wd0.1.seed6./checkpoint-122720
[INFO|configuration_utils.py:364] 2026-10-04 17:40:06,449 >> Configuration saved in checkpoints/glue/mnli/20261004/glue.mnli.mam.am_prefix.ao_concat.fm_adapter.fo_parallel.abn.fbn.ac_add.fl_none.finit_lora.fs_2.unfrz_ef_.ne10.warm0.06.wd0.1.seed6./checkpoint-122720/config.json
[INFO|modeling_utils.py:898] 2026-10-04 17:40:06,865 >> Model weights saved in checkpoints/glue/mnli/20261004/glue.mnli.mam.am_prefix.ao_concat.fm_adapter.fo_parallel.abn.fbn.ac_add.fl_none.finit_lora.fs_2.unfrz_ef_.ne10.warm0.06.wd0.1.seed6./checkpoint-122720/pytorch_model.bin
[INFO|tokenization_utils_base.py:1948] 2026-10-04 17:40:06,866 >> tokenizer config file saved in checkpoints/glue/mnli/20261004/glue.mnli.mam.am_prefix.ao_concat.fm_adapter.fo_parallel.abn.fbn.ac_add.fl_none.finit_lora.fs_2.unfrz_ef_.ne10.warm0.06.wd0.1.seed6./checkpoint-122720/tokenizer_config.json
[INFO|tokenization_utils_base.py:1954] 2026-10-04 17:40:06,866 >> Special tokens file saved in checkpoints/glue/mnli/20261004/glue.mnli.mam.am_prefix.ao_concat.fm_adapter.fo_parallel.abn.fbn.ac_add.fl_none.finit_lora.fs_2.unfrz_ef_.ne10.warm0.06.wd0.1.seed6./checkpoint-122720/special_tokens_map.json
[INFO|trainer.py:2009] 2026-10-04 17:40:07,032 >> Deleting older checkpoint [checkpoints/glue/mnli/20261004/glue.mnli.mam.am_prefix.ao_concat.fm_adapter.fo_parallel.abn.fbn.ac_add.fl_none.finit_lora.fs_2.unfrz_ef_.ne10.warm0.06.wd0.1.seed6./checkpoint-98176] due to args.save_total_limit
[INFO|trainer.py:1382] 2026-10-04 17:40:07,039 >> 

Training completed. Do not forget to share your model on huggingface.co/models =)


[INFO|trainer.py:1390] 2026-10-04 17:40:07,039 >> Loading best model from checkpoints/glue/mnli/20261004/glue.mnli.mam.am_prefix.ao_concat.fm_adapter.fo_parallel.abn.fbn.ac_add.fl_none.finit_lora.fs_2.unfrz_ef_.ne10.warm0.06.wd0.1.seed6./checkpoint-122720 (score: 0.8708099847172694).
{'train_runtime': 4135.6173, 'train_samples_per_second': 949.561, 'train_steps_per_second': 29.674, 'train_loss': 0.40691862252809236, 'epoch': 10.0}
[INFO|trainer.py:1933] 2026-10-04 17:40:07,360 >> Saving model checkpoint to checkpoints/glue/mnli/20261004/glue.mnli.mam.am_prefix.ao_concat.fm_adapter.fo_parallel.abn.fbn.ac_add.fl_none.finit_lora.fs_2.unfrz_ef_.ne10.warm0.06.wd0.1.seed6.
[INFO|configuration_utils.py:364] 2026-10-04 17:40:07,361 >> Configuration saved in checkpoints/glue/mnli/20261004/glue.mnli.mam.am_prefix.ao_concat.fm_adapter.fo_parallel.abn.fbn.ac_add.fl_none.finit_lora.fs_2.unfrz_ef_.ne10.warm0.06.wd0.1.seed6./config.json
[INFO|modeling_utils.py:898] 2026-10-04 17:40:07,830 >> Model weights saved in checkpoints/glue/mnli/20261004/glue.mnli.mam.am_prefix.ao_concat.fm_adapter.fo_parallel.abn.fbn.ac_add.fl_none.finit_lora.fs_2.unfrz_ef_.ne10.warm0.06.wd0.1.seed6./pytorch_model.bin
[INFO|tokenization_utils_base.py:1948] 2026-10-04 17:40:07,831 >> tokenizer config file saved in checkpoints/glue/mnli/20261004/glue.mnli.mam.am_prefix.ao_concat.fm_adapter.fo_parallel.abn.fbn.ac_add.fl_none.finit_lora.fs_2.unfrz_ef_.ne10.warm0.06.wd0.1.seed6./tokenizer_config.json
[INFO|tokenization_utils_base.py:1954] 2026-10-04 17:40:07,832 >> Special tokens file saved in checkpoints/glue/mnli/20261004/glue.mnli.mam.am_prefix.ao_concat.fm_adapter.fo_parallel.abn.fbn.ac_add.fl_none.finit_lora.fs_2.unfrz_ef_.ne10.warm0.06.wd0.1.seed6./special_tokens_map.json
***** train metrics *****
  epoch                    =       10.0
  train_loss               =     0.4069
  train_runtime            = 1:08:55.61
  train_samples            =     392702
  train_samples_per_second =    949.561
  train_steps_per_second   =     29.674
10/04/2026 17:40:07 - INFO - __main__ -   *** Evaluate ***
[INFO|trainer.py:520] 2026-10-04 17:40:07,899 >> The following columns in the evaluation set  don't have a corresponding argument in `PETLEncModel.forward` and have been ignored: idx, hypothesis, premise.
[INFO|trainer.py:2179] 2026-10-04 17:40:07,900 >> ***** Running Evaluation *****
[INFO|trainer.py:2181] 2026-10-04 17:40:07,900 >>   Num examples = 9815
[INFO|trainer.py:2184] 2026-10-04 17:40:07,900 >>   Batch size = 32
{'eval_loss': 0.35499829053878784, 'eval_accuracy': 0.8708099847172694, 'eval_runtime': 10.2811, 'eval_samples_per_second': 954.669, 'eval_steps_per_second': 29.861, 'epoch': 10.0}
***** eval metrics *****
  epoch                   =       10.0
  eval_accuracy           =     0.8708
  eval_loss               =      0.355
  eval_runtime            = 0:00:10.28
  eval_samples            =       9815
  eval_samples_per_second =    954.669
  eval_steps_per_second   =     29.861
[INFO|trainer.py:520] 2026-10-04 17:40:18,183 >> The following columns in the evaluation set  don't have a corresponding argument in `PETLEncModel.forward` and have been ignored: idx, hypothesis, premise.
[INFO|trainer.py:2179] 2026-10-04 17:40:18,184 >> ***** Running Evaluation *****
[INFO|trainer.py:2181] 2026-10-04 17:40:18,184 >>   Num examples = 9832
[INFO|trainer.py:2184] 2026-10-04 17:40:18,184 >>   Batch size = 32
{'eval_loss': 0.35609087347984314, 'eval_accuracy': 0.8713384865744508, 'eval_runtime': 10.4983, 'eval_samples_per_second': 936.533, 'eval_steps_per_second': 29.338, 'epoch': 10.0}
***** eval metrics *****
  epoch                   =       10.0
  eval_accuracy           =     0.8713
  eval_loss               =     0.3561
  eval_runtime            = 0:00:10.49
  eval_samples            =       9815
  eval_samples_per_second =    936.533
  eval_steps_per_second   =     29.338
