checkpoints/glue/mnli/20261004/glue.mnli.mam.am_prefix.ao_concat.fm_adapter.fo_parallel.abn.fbn.ac_add.fl_none.finit_lora.fs_2.unfrz_ef_.ne10.warm0.06.wd0.1.seed42.
10/04/2026 14:51:17 - WARNING - __main__ -   Process rank: -1, device: cuda:0, n_gpu: 1distributed training: False, 16-bits training: True
10/04/2026 14:51:17 - INFO - __main__ -   Training/evaluation parameters TrainingArguments(
_n_gpu=1,
adafactor=False,
adam_beta1=0.9,
adam_beta2=0.98,
adam_epsilon=1e-06,
dataloader_drop_last=False,
dataloader_num_workers=0,
dataloader_pin_memory=True,
ddp_find_unused_parameters=False,
debug=[],
deepspeed=None,
disable_tqdm=True,
do_eval=True,
do_predict=False,
do_train=True,
eval_accumulation_steps=None,
eval_steps=5000,
evaluation_strategy=IntervalStrategy.EPOCH,
fp16=True,
fp16_backend=auto,
fp16_full_eval=False,
fp16_opt_level=O1,
gradient_accumulation_steps=1,
greater_is_better=True,
group_by_length=False,
ignore_data_skip=False,
label_names=None,
label_smoothing_factor=0.0,
learning_rate=0.0001,
length_column_name=length,
load_best_model_at_end=True,
local_rank=-1,
log_level=-1,
log_level_replica=-1,
log_on_each_node=True,
logging_dir=checkpoints/glue/mnli/20261004/glue.mnli.mam.am_prefix.ao_concat.fm_adapter.fo_parallel.abn.fbn.ac_add.fl_none.finit_lora.fs_2.unfrz_ef_.ne10.warm0.06.wd0.1.seed42./runs/Oct04_14-51-17_j-12410940-job-0,
logging_first_step=False,
logging_steps=50,
logging_strategy=IntervalStrategy.STEPS,
lr_scheduler_type=SchedulerType.POLYNOMIAL,
max_grad_norm=1.0,
max_steps=-1,
metric_for_best_model=accuracy,
mp_parameters=,
no_cuda=False,
num_train_epochs=10.0,
output_dir=checkpoints/glue/mnli/20261004/glue.mnli.mam.am_prefix.ao_concat.fm_adapter.fo_parallel.abn.fbn.ac_add.fl_none.finit_lora.fs_2.unfrz_ef_.ne10.warm0.06.wd0.1.seed42.,
overwrite_output_dir=True,
past_index=-1,
per_device_eval_batch_size=32,
per_device_train_batch_size=32,
prediction_loss_only=False,
push_to_hub=False,
push_to_hub_model_id=glue.mnli.mam.am_prefix.ao_concat.fm_adapter.fo_parallel.abn.fbn.ac_add.fl_none.finit_lora.fs_2.unfrz_ef_.ne10.warm0.06.wd0.1.seed42.,
push_to_hub_organization=None,
push_to_hub_token=None,
remove_unused_columns=True,
report_to=[],
resume_from_checkpoint=None,
run_name=mnli.20261004.glue.mnli.mam.am_prefix.ao_concat.fm_adapter.fo_parallel.abn.fbn.ac_add.fl_none.finit_lora.fs_2.unfrz_ef_.ne10.warm0.06.wd0.1.seed42.,
save_steps=5000,
save_strategy=IntervalStrategy.EPOCH,
save_total_limit=2,
seed=42,
sharded_ddp=[],
skip_memory_metrics=True,
tpu_metrics_debug=False,
tpu_num_cores=None,
use_legacy_prediction_loop=False,
warmup_ratio=0.06,
warmup_steps=0,
weight_decay=0.1,
)
10/04/2026 14:51:18 - WARNING - datasets.builder -   Reusing dataset glue (checkpoints/hf_model/glue/mnli/1.0.0/dacbe3125aa31d7f70367a07a8a9e72a5a0bfeb5fc42e75c9db75b96da6053ad)
[INFO|configuration_utils.py:528] 2026-10-04 14:51:18,361 >> loading configuration file /work/unify-parameter-efficient-tuning/_setup/models/roberta-base/config.json
[INFO|configuration_utils.py:566] 2026-10-04 14:51:18,361 >> Model config RobertaConfig {
  "architectures": [
    "RobertaForMaskedLM"
  ],
  "attention_probs_dropout_prob": 0.1,
  "bos_token_id": 0,
  "eos_token_id": 2,
  "finetuning_task": "mnli",
  "gradient_checkpointing": false,
  "hidden_act": "gelu",
  "hidden_dropout_prob": 0.1,
  "hidden_size": 768,
  "id2label": {
    "0": "LABEL_0",
    "1": "LABEL_1",
    "2": "LABEL_2"
  },
  "initializer_range": 0.02,
  "intermediate_size": 3072,
  "label2id": {
    "LABEL_0": 0,
    "LABEL_1": 1,
    "LABEL_2": 2
  },
  "layer_norm_eps": 1e-05,
  "max_position_embeddings": 514,
  "model_type": "roberta",
  "num_attention_heads": 12,
  "num_hidden_layers": 12,
  "pad_token_id": 1,
  "position_embedding_type": "absolute",
  "transformers_version": "4.9.0.dev0",
  "type_vocab_size": 1,
  "use_cache": true,
  "vocab_size": 50265
}

[INFO|tokenization_auto.py:427] 2026-10-04 14:51:18,361 >> Could not locate the tokenizer configuration file, will try to use the model config instead.
[INFO|configuration_utils.py:528] 2026-10-04 14:51:18,361 >> loading configuration file /work/unify-parameter-efficient-tuning/_setup/models/roberta-base/config.json
[INFO|configuration_utils.py:566] 2026-10-04 14:51:18,361 >> Model config RobertaConfig {
  "architectures": [
    "RobertaForMaskedLM"
  ],
  "attention_probs_dropout_prob": 0.1,
  "bos_token_id": 0,
  "eos_token_id": 2,
  "gradient_checkpointing": false,
  "hidden_act": "gelu",
  "hidden_dropout_prob": 0.1,
  "hidden_size": 768,
  "initializer_range": 0.02,
  "intermediate_size": 3072,
  "layer_norm_eps": 1e-05,
  "max_position_embeddings": 514,
  "model_type": "roberta",
  "num_attention_heads": 12,
  "num_hidden_layers": 12,
  "pad_token_id": 1,
  "position_embedding_type": "absolute",
  "transformers_version": "4.9.0.dev0",
  "type_vocab_size": 1,
  "use_cache": true,
  "vocab_size": 50265
}

[INFO|tokenization_utils_base.py:1651] 2026-10-04 14:51:18,362 >> Didn't find file /work/unify-parameter-efficient-tuning/_setup/models/roberta-base/added_tokens.json. We won't load it.
[INFO|tokenization_utils_base.py:1651] 2026-10-04 14:51:18,362 >> Didn't find file /work/unify-parameter-efficient-tuning/_setup/models/roberta-base/special_tokens_map.json. We won't load it.
[INFO|tokenization_utils_base.py:1651] 2026-10-04 14:51:18,362 >> Didn't find file /work/unify-parameter-efficient-tuning/_setup/models/roberta-base/tokenizer_config.json. We won't load it.
[INFO|tokenization_utils_base.py:1715] 2026-10-04 14:51:18,362 >> loading file /work/unify-parameter-efficient-tuning/_setup/models/roberta-base/vocab.json
[INFO|tokenization_utils_base.py:1715] 2026-10-04 14:51:18,362 >> loading file /work/unify-parameter-efficient-tuning/_setup/models/roberta-base/merges.txt
[INFO|tokenization_utils_base.py:1715] 2026-10-04 14:51:18,362 >> loading file /work/unify-parameter-efficient-tuning/_setup/models/roberta-base/tokenizer.json
[INFO|tokenization_utils_base.py:1715] 2026-10-04 14:51:18,362 >> loading file None
[INFO|tokenization_utils_base.py:1715] 2026-10-04 14:51:18,362 >> loading file None
[INFO|tokenization_utils_base.py:1715] 2026-10-04 14:51:18,362 >> loading file None
[INFO|modeling_utils.py:1159] 2026-10-04 14:51:18,395 >> loading weights file /work/unify-parameter-efficient-tuning/_setup/models/roberta-base/pytorch_model.bin
============================ init weights is called! ====================================
============================ init weights is called! ====================================
[WARNING|modeling_utils.py:1336] 2026-10-04 14:51:19,562 >> Some weights of the model checkpoint at /work/unify-parameter-efficient-tuning/_setup/models/roberta-base were not used when initializing RobertaForSequenceClassification: ['lm_head.bias', 'roberta.pooler.dense.weight', 'lm_head.decoder.weight', 'lm_head.dense.weight', 'lm_head.layer_norm.weight', 'roberta.pooler.dense.bias', 'lm_head.layer_norm.bias', 'lm_head.dense.bias']
- This IS expected if you are initializing RobertaForSequenceClassification from the checkpoint of a model trained on another task or with another architecture (e.g. initializing a BertForSequenceClassification model from a BertForPreTraining model).
- This IS NOT expected if you are initializing RobertaForSequenceClassification from the checkpoint of a model that you expect to be exactly identical (initializing a BertForSequenceClassification model from a BertForSequenceClassification model).
[WARNING|modeling_utils.py:1347] 2026-10-04 14:51:19,563 >> Some weights of RobertaForSequenceClassification were not initialized from the model checkpoint at /work/unify-parameter-efficient-tuning/_setup/models/roberta-base and are newly initialized: ['classifier.dense.weight', 'classifier.dense.bias', 'classifier.out_proj.bias', 'classifier.out_proj.weight']
You should probably TRAIN this model on a down-stream task to be able to use it for predictions and inference.
tune roberta.encoder.layer.0.output.ef_ffn_adapter.down_proj.weight
tune roberta.encoder.layer.0.output.ef_ffn_adapter.down_proj.bias
tune roberta.encoder.layer.0.output.ef_ffn_adapter.up_proj.weight
tune roberta.encoder.layer.0.output.ef_ffn_adapter.up_proj.bias
tune roberta.encoder.layer.0.ef_ffn_adapter.down_proj.weight
tune roberta.encoder.layer.0.ef_ffn_adapter.down_proj.bias
tune roberta.encoder.layer.0.ef_ffn_adapter.up_proj.weight
tune roberta.encoder.layer.0.ef_ffn_adapter.up_proj.bias
tune roberta.encoder.layer.1.output.ef_ffn_adapter.down_proj.weight
tune roberta.encoder.layer.1.output.ef_ffn_adapter.down_proj.bias
tune roberta.encoder.layer.1.output.ef_ffn_adapter.up_proj.weight
tune roberta.encoder.layer.1.output.ef_ffn_adapter.up_proj.bias
tune roberta.encoder.layer.1.ef_ffn_adapter.down_proj.weight
tune roberta.encoder.layer.1.ef_ffn_adapter.down_proj.bias
tune roberta.encoder.layer.1.ef_ffn_adapter.up_proj.weight
tune roberta.encoder.layer.1.ef_ffn_adapter.up_proj.bias
tune roberta.encoder.layer.2.output.ef_ffn_adapter.down_proj.weight
tune roberta.encoder.layer.2.output.ef_ffn_adapter.down_proj.bias
tune roberta.encoder.layer.2.output.ef_ffn_adapter.up_proj.weight
tune roberta.encoder.layer.2.output.ef_ffn_adapter.up_proj.bias
tune roberta.encoder.layer.2.ef_ffn_adapter.down_proj.weight
tune roberta.encoder.layer.2.ef_ffn_adapter.down_proj.bias
tune roberta.encoder.layer.2.ef_ffn_adapter.up_proj.weight
tune roberta.encoder.layer.2.ef_ffn_adapter.up_proj.bias
tune roberta.encoder.layer.3.output.ef_ffn_adapter.down_proj.weight
tune roberta.encoder.layer.3.output.ef_ffn_adapter.down_proj.bias
tune roberta.encoder.layer.3.output.ef_ffn_adapter.up_proj.weight
tune roberta.encoder.layer.3.output.ef_ffn_adapter.up_proj.bias
tune roberta.encoder.layer.3.ef_ffn_adapter.down_proj.weight
tune roberta.encoder.layer.3.ef_ffn_adapter.down_proj.bias
tune roberta.encoder.layer.3.ef_ffn_adapter.up_proj.weight
tune roberta.encoder.layer.3.ef_ffn_adapter.up_proj.bias
tune roberta.encoder.layer.4.output.ef_ffn_adapter.down_proj.weight
tune roberta.encoder.layer.4.output.ef_ffn_adapter.down_proj.bias
tune roberta.encoder.layer.4.output.ef_ffn_adapter.up_proj.weight
tune roberta.encoder.layer.4.output.ef_ffn_adapter.up_proj.bias
tune roberta.encoder.layer.4.ef_ffn_adapter.down_proj.weight
tune roberta.encoder.layer.4.ef_ffn_adapter.down_proj.bias
tune roberta.encoder.layer.4.ef_ffn_adapter.up_proj.weight
tune roberta.encoder.layer.4.ef_ffn_adapter.up_proj.bias
tune roberta.encoder.layer.5.output.ef_ffn_adapter.down_proj.weight
tune roberta.encoder.layer.5.output.ef_ffn_adapter.down_proj.bias
tune roberta.encoder.layer.5.output.ef_ffn_adapter.up_proj.weight
tune roberta.encoder.layer.5.output.ef_ffn_adapter.up_proj.bias
tune roberta.encoder.layer.5.ef_ffn_adapter.down_proj.weight
tune roberta.encoder.layer.5.ef_ffn_adapter.down_proj.bias
tune roberta.encoder.layer.5.ef_ffn_adapter.up_proj.weight
tune roberta.encoder.layer.5.ef_ffn_adapter.up_proj.bias
tune roberta.encoder.layer.6.output.ef_ffn_adapter.down_proj.weight
tune roberta.encoder.layer.6.output.ef_ffn_adapter.down_proj.bias
tune roberta.encoder.layer.6.output.ef_ffn_adapter.up_proj.weight
tune roberta.encoder.layer.6.output.ef_ffn_adapter.up_proj.bias
tune roberta.encoder.layer.6.ef_ffn_adapter.down_proj.weight
tune roberta.encoder.layer.6.ef_ffn_adapter.down_proj.bias
tune roberta.encoder.layer.6.ef_ffn_adapter.up_proj.weight
tune roberta.encoder.layer.6.ef_ffn_adapter.up_proj.bias
tune roberta.encoder.layer.7.output.ef_ffn_adapter.down_proj.weight
tune roberta.encoder.layer.7.output.ef_ffn_adapter.down_proj.bias
tune roberta.encoder.layer.7.output.ef_ffn_adapter.up_proj.weight
tune roberta.encoder.layer.7.output.ef_ffn_adapter.up_proj.bias
tune roberta.encoder.layer.7.ef_ffn_adapter.down_proj.weight
tune roberta.encoder.layer.7.ef_ffn_adapter.down_proj.bias
tune roberta.encoder.layer.7.ef_ffn_adapter.up_proj.weight
tune roberta.encoder.layer.7.ef_ffn_adapter.up_proj.bias
tune roberta.encoder.layer.8.output.ef_ffn_adapter.down_proj.weight
tune roberta.encoder.layer.8.output.ef_ffn_adapter.down_proj.bias
tune roberta.encoder.layer.8.output.ef_ffn_adapter.up_proj.weight
tune roberta.encoder.layer.8.output.ef_ffn_adapter.up_proj.bias
tune roberta.encoder.layer.8.ef_ffn_adapter.down_proj.weight
tune roberta.encoder.layer.8.ef_ffn_adapter.down_proj.bias
tune roberta.encoder.layer.8.ef_ffn_adapter.up_proj.weight
tune roberta.encoder.layer.8.ef_ffn_adapter.up_proj.bias
tune roberta.encoder.layer.9.output.ef_ffn_adapter.down_proj.weight
tune roberta.encoder.layer.9.output.ef_ffn_adapter.down_proj.bias
tune roberta.encoder.layer.9.output.ef_ffn_adapter.up_proj.weight
tune roberta.encoder.layer.9.output.ef_ffn_adapter.up_proj.bias
tune roberta.encoder.layer.9.ef_ffn_adapter.down_proj.weight
tune roberta.encoder.layer.9.ef_ffn_adapter.down_proj.bias
tune roberta.encoder.layer.9.ef_ffn_adapter.up_proj.weight
tune roberta.encoder.layer.9.ef_ffn_adapter.up_proj.bias
tune roberta.encoder.layer.10.output.ef_ffn_adapter.down_proj.weight
tune roberta.encoder.layer.10.output.ef_ffn_adapter.down_proj.bias
tune roberta.encoder.layer.10.output.ef_ffn_adapter.up_proj.weight
tune roberta.encoder.layer.10.output.ef_ffn_adapter.up_proj.bias
tune roberta.encoder.layer.10.ef_ffn_adapter.down_proj.weight
tune roberta.encoder.layer.10.ef_ffn_adapter.down_proj.bias
tune roberta.encoder.layer.10.ef_ffn_adapter.up_proj.weight
tune roberta.encoder.layer.10.ef_ffn_adapter.up_proj.bias
tune roberta.encoder.layer.11.output.ef_ffn_adapter.down_proj.weight
tune roberta.encoder.layer.11.output.ef_ffn_adapter.down_proj.bias
tune roberta.encoder.layer.11.output.ef_ffn_adapter.up_proj.weight
tune roberta.encoder.layer.11.output.ef_ffn_adapter.up_proj.bias
tune roberta.encoder.layer.11.ef_ffn_adapter.down_proj.weight
tune roberta.encoder.layer.11.ef_ffn_adapter.down_proj.bias
tune roberta.encoder.layer.11.ef_ffn_adapter.up_proj.weight
tune roberta.encoder.layer.11.ef_ffn_adapter.up_proj.bias
10/04/2026 14:51:19 - WARNING - datasets.fingerprint -   Parameter 'function'=<function main.<locals>.preprocess_function at 0x7f39a30a3e50> of the transform datasets.arrow_dataset.Dataset._map_single couldn't be hashed properly, a random hash was used instead. Make sure your transforms and parameters are serializable with pickle or dill for the dataset fingerprinting and caching to work. If you reuse this transform, the caching mechanism will consider it to be different from the previous calls and recompute everything. This warning is only showed once. Subsequent hashing failures won't be showed.
10/04/2026 14:51:19 - WARNING - datasets.arrow_dataset -   Loading cached processed dataset at checkpoints/hf_model/glue/mnli/1.0.0/dacbe3125aa31d7f70367a07a8a9e72a5a0bfeb5fc42e75c9db75b96da6053ad/cache-1c80317fa3b1799d.arrow
10/04/2026 14:51:19 - WARNING - datasets.arrow_dataset -   Loading cached processed dataset at checkpoints/hf_model/glue/mnli/1.0.0/dacbe3125aa31d7f70367a07a8a9e72a5a0bfeb5fc42e75c9db75b96da6053ad/cache-bdd640fb06671ad1.arrow
10/04/2026 14:51:19 - WARNING - datasets.arrow_dataset -   Loading cached processed dataset at checkpoints/hf_model/glue/mnli/1.0.0/dacbe3125aa31d7f70367a07a8a9e72a5a0bfeb5fc42e75c9db75b96da6053ad/cache-3eb13b9046685257.arrow
10/04/2026 14:51:19 - WARNING - datasets.arrow_dataset -   Loading cached processed dataset at checkpoints/hf_model/glue/mnli/1.0.0/dacbe3125aa31d7f70367a07a8a9e72a5a0bfeb5fc42e75c9db75b96da6053ad/cache-23b8c1e9392456de.arrow
10/04/2026 14:51:19 - WARNING - datasets.arrow_dataset -   Loading cached processed dataset at checkpoints/hf_model/glue/mnli/1.0.0/dacbe3125aa31d7f70367a07a8a9e72a5a0bfeb5fc42e75c9db75b96da6053ad/cache-1a3d1fa7bc8960a9.arrow
10/04/2026 14:51:19 - INFO - __main__ -   Sample 354785 of the training set: {'attention_mask': [1, 1, 1, 1, 1, 1, 1, 1, 1, 1, 1, 1, 1, 1, 1, 1, 1, 1, 1, 1, 1, 1, 1, 1, 1, 1, 1, 1, 1, 1, 1, 1, 1, 1, 1, 1, 1, 1, 1, 1, 1, 1, 1, 1], 'hypothesis': 'The small town had little more that one street that was bordered by shops, houses and a train station.', 'idx': 354785, 'input_ids': [0, 133, 1139, 21, 410, 55, 87, 10, 881, 1049, 2014, 6, 741, 24932, 30, 6464, 8, 3960, 4, 2, 2, 133, 650, 1139, 56, 410, 55, 14, 65, 2014, 14, 21, 741, 24932, 30, 6464, 6, 3960, 8, 10, 2341, 1992, 4, 2], 'label': 1, 'premise': 'The town was little more than a single main street, bordered by shops and houses.'}.
10/04/2026 14:51:19 - INFO - __main__ -   Sample 388323 of the training set: {'attention_mask': [1, 1, 1, 1, 1, 1, 1, 1, 1, 1, 1, 1, 1, 1, 1, 1, 1, 1, 1, 1, 1, 1, 1, 1, 1, 1, 1, 1, 1, 1, 1, 1, 1, 1, 1, 1, 1, 1, 1, 1, 1, 1, 1, 1, 1, 1, 1, 1, 1, 1, 1, 1], 'hypothesis': 'Gisleburtus destroyed the tympanum of Jesus.', 'idx': 388323, 'input_ids': [0, 45943, 5772, 108, 1730, 16, 10, 5862, 11, 116, 5514, 25120, 14, 3649, 14, 5, 13152, 6195, 260, 783, 21, 5, 173, 9, 65, 313, 6, 272, 20491, 6747, 687, 36, 38981, 6747, 322, 2, 2, 534, 20491, 428, 7363, 687, 4957, 5, 13152, 6195, 260, 783, 9, 5772, 4, 2], 'label': 2, 'premise': "Below Jesus' feet is a Latin in?\xadscription that suggests that the tympanum was the work of one man, Gislebertus (Gilbert)."}.
10/04/2026 14:51:19 - INFO - __main__ -   Sample 285929 of the training set: {'attention_mask': [1, 1, 1, 1, 1, 1, 1, 1, 1, 1, 1, 1, 1, 1, 1, 1, 1, 1, 1, 1, 1, 1, 1, 1, 1, 1, 1, 1, 1, 1, 1, 1, 1, 1, 1, 1, 1, 1, 1, 1, 1, 1, 1, 1, 1, 1, 1, 1, 1, 1, 1, 1, 1, 1, 1, 1, 1, 1, 1, 1, 1, 1, 1, 1, 1, 1, 1, 1, 1, 1, 1, 1, 1, 1, 1, 1, 1, 1, 1, 1, 1, 1, 1, 1, 1, 1, 1, 1, 1, 1, 1, 1, 1, 1, 1, 1, 1, 1, 1, 1, 1, 1, 1, 1, 1, 1, 1, 1, 1, 1, 1, 1, 1, 1, 1, 1], 'hypothesis': "Critics appreciated the book of the scientist Richard Rhodes, which succeeded in explaining very carefully the mad-cow disease and other digressions, but it hasn't won any prize yet.", 'idx': 285929, 'input_ids': [0, 250, 750, 9, 7758, 12, 31645, 2199, 30, 3142, 2866, 3331, 2431, 16635, 36, 20, 11102, 9, 5, 30169, 14521, 32801, 11943, 8249, 16635, 108, 44876, 22907, 14086, 9, 2632, 12987, 27895, 25, 157, 25, 39, 1186, 5579, 627, 1040, 1171, 8512, 5224, 2485, 15, 559, 8, 17205, 12049, 8, 10, 2810, 15, 5, 4220, 3817, 10, 12821, 9421, 12, 5189, 3827, 15, 5, 2199, 54, 682, 4407, 2181, 7, 13200, 24472, 10, 410, 2143, 4, 2, 2, 47312, 10874, 5, 1040, 9, 5, 9744, 2431, 16635, 6, 61, 13227, 11, 8926, 182, 7015, 5, 7758, 12, 31645, 2199, 8, 97, 8512, 5224, 2485, 6, 53, 24, 2282, 75, 351, 143, 4588, 648, 4, 2], 'label': 1, 'premise': "A history of mad-cow disease by veteran science writer Richard Rhodes ( The Making of the Atomic Bomb ). Critics praise Rhodes' lucid explication of complex virology as well as his range--the book includes digressions on political and literary themes and a section on the scandal surrounding a Nobel Prize-winning expert on the disease who recently pleaded guilty to molesting a little boy."}.
[INFO|trainer.py:420] 2026-10-04 14:51:20,952 >> Using amp fp16 backend
/work/unify-parameter-efficient-tuning/src/transformers/trainer.py:430: FutureWarning: `torch.cuda.amp.GradScaler(args...)` is deprecated. Please use `torch.amp.GradScaler('cuda', args...)` instead.
  self.scaler = torch.cuda.amp.GradScaler()
[INFO|trainer.py:520] 2026-10-04 14:51:20,953 >> The following columns in the training set  don't have a corresponding argument in `PETLEncModel.forward` and have been ignored: hypothesis, premise, idx.
[INFO|trainer.py:1183] 2026-10-04 14:51:21,674 >> ***** Running training *****
[INFO|trainer.py:1184] 2026-10-04 14:51:21,674 >>   Num examples = 392702
[INFO|trainer.py:1185] 2026-10-04 14:51:21,674 >>   Num Epochs = 10
[INFO|trainer.py:1186] 2026-10-04 14:51:21,674 >>   Instantaneous batch size per device = 32
[INFO|trainer.py:1187] 2026-10-04 14:51:21,674 >>   Total train batch size (w. parallel, distributed & accumulation) = 32
[INFO|trainer.py:1188] 2026-10-04 14:51:21,674 >>   Gradient Accumulation steps = 1
[INFO|trainer.py:1189] 2026-10-04 14:51:21,674 >>   Total optimization steps = 122720
/work/unify-parameter-efficient-tuning/src/transformers/trainer.py:1784: FutureWarning: `torch.cuda.amp.autocast(args...)` is deprecated. Please use `torch.amp.autocast('cuda', args...)` instead.
  with autocast():
{'loss': 1.106, 'learning_rate': 6.789788158609453e-07, 'epoch': 0.0}
{'loss': 1.1015, 'learning_rate': 1.3579576317218905e-06, 'epoch': 0.01}
{'loss': 1.0994, 'learning_rate': 2.0369364475828354e-06, 'epoch': 0.01}
{'loss': 1.1051, 'learning_rate': 2.715915263443781e-06, 'epoch': 0.02}
{'loss': 1.1024, 'learning_rate': 3.3948940793047257e-06, 'epoch': 0.02}
{'loss': 1.1018, 'learning_rate': 4.073872895165671e-06, 'epoch': 0.02}
{'loss': 1.099, 'learning_rate': 4.752851711026616e-06, 'epoch': 0.03}
{'loss': 1.1069, 'learning_rate': 5.431830526887562e-06, 'epoch': 0.03}
{'loss': 1.1049, 'learning_rate': 6.110809342748506e-06, 'epoch': 0.04}
{'loss': 1.104, 'learning_rate': 6.7897881586094514e-06, 'epoch': 0.04}
{'loss': 1.1034, 'learning_rate': 7.468766974470397e-06, 'epoch': 0.04}
{'loss': 1.1008, 'learning_rate': 8.147745790331342e-06, 'epoch': 0.05}
{'loss': 1.104, 'learning_rate': 8.826724606192287e-06, 'epoch': 0.05}
{'loss': 1.1054, 'learning_rate': 9.505703422053232e-06, 'epoch': 0.06}
{'loss': 1.1, 'learning_rate': 1.0184682237914179e-05, 'epoch': 0.06}
{'loss': 1.098, 'learning_rate': 1.0863661053775124e-05, 'epoch': 0.07}
{'loss': 1.1002, 'learning_rate': 1.1542639869636067e-05, 'epoch': 0.07}
{'loss': 1.1026, 'learning_rate': 1.2221618685497013e-05, 'epoch': 0.07}
{'loss': 1.0999, 'learning_rate': 1.2900597501357958e-05, 'epoch': 0.08}
{'loss': 1.1014, 'learning_rate': 1.3579576317218903e-05, 'epoch': 0.08}
{'loss': 1.1006, 'learning_rate': 1.4258555133079848e-05, 'epoch': 0.09}
{'loss': 1.0993, 'learning_rate': 1.4937533948940793e-05, 'epoch': 0.09}
{'loss': 1.1002, 'learning_rate': 1.561651276480174e-05, 'epoch': 0.09}
{'loss': 1.0989, 'learning_rate': 1.6295491580662683e-05, 'epoch': 0.1}
{'loss': 1.0965, 'learning_rate': 1.6974470396523627e-05, 'epoch': 0.1}
{'loss': 1.0986, 'learning_rate': 1.7653449212384574e-05, 'epoch': 0.11}
{'loss': 1.0982, 'learning_rate': 1.8332428028245517e-05, 'epoch': 0.11}
{'loss': 1.0991, 'learning_rate': 1.9011406844106464e-05, 'epoch': 0.11}
{'loss': 1.0986, 'learning_rate': 1.9690385659967407e-05, 'epoch': 0.12}
{'loss': 1.0971, 'learning_rate': 2.0369364475828358e-05, 'epoch': 0.12}
{'loss': 1.092, 'learning_rate': 2.10483432916893e-05, 'epoch': 0.13}
{'loss': 1.0804, 'learning_rate': 2.1727322107550248e-05, 'epoch': 0.13}
{'loss': 1.0615, 'learning_rate': 2.240630092341119e-05, 'epoch': 0.13}
{'loss': 1.0147, 'learning_rate': 2.3071700162954917e-05, 'epoch': 0.14}
{'loss': 1.0056, 'learning_rate': 2.3750678978815864e-05, 'epoch': 0.14}
{'loss': 0.98, 'learning_rate': 2.4429657794676807e-05, 'epoch': 0.15}
{'loss': 0.9641, 'learning_rate': 2.510863661053775e-05, 'epoch': 0.15}
{'loss': 0.9416, 'learning_rate': 2.5787615426398698e-05, 'epoch': 0.15}
{'loss': 0.9053, 'learning_rate': 2.646659424225964e-05, 'epoch': 0.16}
{'loss': 0.8873, 'learning_rate': 2.7145573058120588e-05, 'epoch': 0.16}
{'loss': 0.858, 'learning_rate': 2.7824551873981535e-05, 'epoch': 0.17}
{'loss': 0.8331, 'learning_rate': 2.8503530689842478e-05, 'epoch': 0.17}
{'loss': 0.7869, 'learning_rate': 2.9182509505703425e-05, 'epoch': 0.18}
{'loss': 0.7794, 'learning_rate': 2.986148832156437e-05, 'epoch': 0.18}
{'loss': 0.7578, 'learning_rate': 3.0540467137425315e-05, 'epoch': 0.18}
{'loss': 0.7399, 'learning_rate': 3.1219445953286255e-05, 'epoch': 0.19}
{'loss': 0.7583, 'learning_rate': 3.189842476914721e-05, 'epoch': 0.19}
{'loss': 0.723, 'learning_rate': 3.257740358500815e-05, 'epoch': 0.2}
{'loss': 0.7135, 'learning_rate': 3.3256382400869096e-05, 'epoch': 0.2}
{'loss': 0.7113, 'learning_rate': 3.3935361216730036e-05, 'epoch': 0.2}
{'loss': 0.7178, 'learning_rate': 3.461434003259098e-05, 'epoch': 0.21}
{'loss': 0.7054, 'learning_rate': 3.529331884845193e-05, 'epoch': 0.21}
{'loss': 0.7352, 'learning_rate': 3.5972297664312876e-05, 'epoch': 0.22}
{'loss': 0.7212, 'learning_rate': 3.6651276480173817e-05, 'epoch': 0.22}
{'loss': 0.7023, 'learning_rate': 3.7330255296034763e-05, 'epoch': 0.22}
{'loss': 0.6759, 'learning_rate': 3.800923411189571e-05, 'epoch': 0.23}
{'loss': 0.6755, 'learning_rate': 3.868821292775666e-05, 'epoch': 0.23}
{'loss': 0.6565, 'learning_rate': 3.93671917436176e-05, 'epoch': 0.24}
{'loss': 0.6499, 'learning_rate': 4.0046170559478544e-05, 'epoch': 0.24}
{'loss': 0.6444, 'learning_rate': 4.072514937533949e-05, 'epoch': 0.24}
{'loss': 0.6256, 'learning_rate': 4.140412819120044e-05, 'epoch': 0.25}
{'loss': 0.6258, 'learning_rate': 4.2083107007061384e-05, 'epoch': 0.25}
{'loss': 0.6241, 'learning_rate': 4.2762085822922325e-05, 'epoch': 0.26}
{'loss': 0.662, 'learning_rate': 4.344106463878327e-05, 'epoch': 0.26}
{'loss': 0.6181, 'learning_rate': 4.412004345464422e-05, 'epoch': 0.26}
{'loss': 0.6587, 'learning_rate': 4.4799022270505165e-05, 'epoch': 0.27}
{'loss': 0.6341, 'learning_rate': 4.5478001086366105e-05, 'epoch': 0.27}
{'loss': 0.6373, 'learning_rate': 4.615697990222705e-05, 'epoch': 0.28}
{'loss': 0.6354, 'learning_rate': 4.6835958718088e-05, 'epoch': 0.28}
{'loss': 0.6345, 'learning_rate': 4.7514937533948946e-05, 'epoch': 0.29}
{'loss': 0.5955, 'learning_rate': 4.8193916349809886e-05, 'epoch': 0.29}
{'loss': 0.6409, 'learning_rate': 4.887289516567083e-05, 'epoch': 0.29}
{'loss': 0.608, 'learning_rate': 4.955187398153178e-05, 'epoch': 0.3}
{'loss': 0.5838, 'learning_rate': 5.0230852797392726e-05, 'epoch': 0.3}
{'loss': 0.6137, 'learning_rate': 5.0896252036936455e-05, 'epoch': 0.31}
{'loss': 0.6249, 'learning_rate': 5.1575230852797395e-05, 'epoch': 0.31}
{'loss': 0.5855, 'learning_rate': 5.2254209668658335e-05, 'epoch': 0.31}
{'loss': 0.5847, 'learning_rate': 5.293318848451928e-05, 'epoch': 0.32}
{'loss': 0.5786, 'learning_rate': 5.3612167300380236e-05, 'epoch': 0.32}
{'loss': 0.5662, 'learning_rate': 5.4291146116241176e-05, 'epoch': 0.33}
{'loss': 0.5724, 'learning_rate': 5.4970124932102116e-05, 'epoch': 0.33}
{'loss': 0.5905, 'learning_rate': 5.564910374796307e-05, 'epoch': 0.33}
{'loss': 0.5812, 'learning_rate': 5.6328082563824016e-05, 'epoch': 0.34}
{'loss': 0.5741, 'learning_rate': 5.7007061379684956e-05, 'epoch': 0.34}
{'loss': 0.5913, 'learning_rate': 5.7686040195545896e-05, 'epoch': 0.35}
{'loss': 0.5731, 'learning_rate': 5.836501901140685e-05, 'epoch': 0.35}
{'loss': 0.5699, 'learning_rate': 5.90439978272678e-05, 'epoch': 0.35}
{'loss': 0.5644, 'learning_rate': 5.972297664312874e-05, 'epoch': 0.36}
{'loss': 0.5771, 'learning_rate': 6.040195545898968e-05, 'epoch': 0.36}
{'loss': 0.5467, 'learning_rate': 6.108093427485063e-05, 'epoch': 0.37}
{'loss': 0.5878, 'learning_rate': 6.174633351439435e-05, 'epoch': 0.37}
{'loss': 0.6143, 'learning_rate': 6.24253123302553e-05, 'epoch': 0.37}
{'loss': 0.5444, 'learning_rate': 6.310429114611625e-05, 'epoch': 0.38}
{'loss': 0.5747, 'learning_rate': 6.37832699619772e-05, 'epoch': 0.38}
{'loss': 0.5752, 'learning_rate': 6.446224877783813e-05, 'epoch': 0.39}
{'loss': 0.5797, 'learning_rate': 6.514122759369909e-05, 'epoch': 0.39}
{'loss': 0.5455, 'learning_rate': 6.582020640956002e-05, 'epoch': 0.4}
{'loss': 0.5549, 'learning_rate': 6.649918522542097e-05, 'epoch': 0.4}
{'loss': 0.5637, 'learning_rate': 6.717816404128191e-05, 'epoch': 0.4}
{'loss': 0.5397, 'learning_rate': 6.785714285714286e-05, 'epoch': 0.41}
{'loss': 0.5645, 'learning_rate': 6.853612167300381e-05, 'epoch': 0.41}
{'loss': 0.5405, 'learning_rate': 6.921510048886475e-05, 'epoch': 0.42}
{'loss': 0.5726, 'learning_rate': 6.98940793047257e-05, 'epoch': 0.42}
{'loss': 0.5698, 'learning_rate': 7.057305812058665e-05, 'epoch': 0.42}
{'loss': 0.5914, 'learning_rate': 7.125203693644758e-05, 'epoch': 0.43}
{'loss': 0.5542, 'learning_rate': 7.193101575230853e-05, 'epoch': 0.43}
{'loss': 0.557, 'learning_rate': 7.260999456816948e-05, 'epoch': 0.44}
{'loss': 0.5542, 'learning_rate': 7.328897338403042e-05, 'epoch': 0.44}
{'loss': 0.576, 'learning_rate': 7.396795219989137e-05, 'epoch': 0.44}
{'loss': 0.5422, 'learning_rate': 7.46469310157523e-05, 'epoch': 0.45}
{'loss': 0.5121, 'learning_rate': 7.532590983161326e-05, 'epoch': 0.45}
{'loss': 0.5608, 'learning_rate': 7.600488864747421e-05, 'epoch': 0.46}
{'loss': 0.5183, 'learning_rate': 7.668386746333514e-05, 'epoch': 0.46}
{'loss': 0.5613, 'learning_rate': 7.736284627919609e-05, 'epoch': 0.46}
{'loss': 0.5506, 'learning_rate': 7.804182509505704e-05, 'epoch': 0.47}
{'loss': 0.5286, 'learning_rate': 7.872080391091798e-05, 'epoch': 0.47}
{'loss': 0.5459, 'learning_rate': 7.939978272677893e-05, 'epoch': 0.48}
{'loss': 0.5205, 'learning_rate': 8.007876154263986e-05, 'epoch': 0.48}
{'loss': 0.5408, 'learning_rate': 8.075774035850082e-05, 'epoch': 0.48}
{'loss': 0.5452, 'learning_rate': 8.143671917436177e-05, 'epoch': 0.49}
{'loss': 0.5405, 'learning_rate': 8.21156979902227e-05, 'epoch': 0.49}
{'loss': 0.5053, 'learning_rate': 8.279467680608365e-05, 'epoch': 0.5}
{'loss': 0.5681, 'learning_rate': 8.34736556219446e-05, 'epoch': 0.5}
{'loss': 0.5509, 'learning_rate': 8.415263443780554e-05, 'epoch': 0.51}
{'loss': 0.5275, 'learning_rate': 8.483161325366649e-05, 'epoch': 0.51}
{'loss': 0.5581, 'learning_rate': 8.551059206952744e-05, 'epoch': 0.51}
{'loss': 0.555, 'learning_rate': 8.618957088538838e-05, 'epoch': 0.52}
{'loss': 0.5372, 'learning_rate': 8.686854970124932e-05, 'epoch': 0.52}
{'loss': 0.5333, 'learning_rate': 8.754752851711026e-05, 'epoch': 0.53}
{'loss': 0.5435, 'learning_rate': 8.822650733297123e-05, 'epoch': 0.53}
{'loss': 0.5236, 'learning_rate': 8.890548614883216e-05, 'epoch': 0.53}
{'loss': 0.5286, 'learning_rate': 8.95708853883759e-05, 'epoch': 0.54}
{'loss': 0.5336, 'learning_rate': 9.024986420423683e-05, 'epoch': 0.54}
{'loss': 0.5068, 'learning_rate': 9.092884302009777e-05, 'epoch': 0.55}
{'loss': 0.4893, 'learning_rate': 9.160782183595872e-05, 'epoch': 0.55}
{'loss': 0.5448, 'learning_rate': 9.228680065181967e-05, 'epoch': 0.55}
{'loss': 0.5352, 'learning_rate': 9.296577946768062e-05, 'epoch': 0.56}
{'loss': 0.5188, 'learning_rate': 9.364475828354156e-05, 'epoch': 0.56}
{'loss': 0.5509, 'learning_rate': 9.43237370994025e-05, 'epoch': 0.57}
{'loss': 0.5058, 'learning_rate': 9.500271591526346e-05, 'epoch': 0.57}
{'loss': 0.5026, 'learning_rate': 9.568169473112439e-05, 'epoch': 0.57}
{'loss': 0.5375, 'learning_rate': 9.636067354698534e-05, 'epoch': 0.58}
{'loss': 0.5062, 'learning_rate': 9.703965236284628e-05, 'epoch': 0.58}
{'loss': 0.5043, 'learning_rate': 9.771863117870723e-05, 'epoch': 0.59}
{'loss': 0.5175, 'learning_rate': 9.839760999456818e-05, 'epoch': 0.59}
{'loss': 0.5263, 'learning_rate': 9.907658881042911e-05, 'epoch': 0.59}
{'loss': 0.515, 'learning_rate': 9.975556762629007e-05, 'epoch': 0.6}
{'loss': 0.5181, 'learning_rate': 9.997228752730677e-05, 'epoch': 0.6}
{'loss': 0.563, 'learning_rate': 9.99289867887236e-05, 'epoch': 0.61}
{'loss': 0.5437, 'learning_rate': 9.988568605014044e-05, 'epoch': 0.61}
{'loss': 0.5175, 'learning_rate': 9.984238531155728e-05, 'epoch': 0.62}
{'loss': 0.5039, 'learning_rate': 9.979908457297411e-05, 'epoch': 0.62}
{'loss': 0.4912, 'learning_rate': 9.975578383439093e-05, 'epoch': 0.62}
{'loss': 0.5232, 'learning_rate': 9.971248309580777e-05, 'epoch': 0.63}
{'loss': 0.5492, 'learning_rate': 9.96691823572246e-05, 'epoch': 0.63}
{'loss': 0.5292, 'learning_rate': 9.962588161864142e-05, 'epoch': 0.64}
{'loss': 0.5345, 'learning_rate': 9.958258088005826e-05, 'epoch': 0.64}
{'loss': 0.4978, 'learning_rate': 9.953928014147509e-05, 'epoch': 0.64}
{'loss': 0.5084, 'learning_rate': 9.949597940289193e-05, 'epoch': 0.65}
{'loss': 0.5212, 'learning_rate': 9.945267866430876e-05, 'epoch': 0.65}
{'loss': 0.4824, 'learning_rate': 9.940937792572558e-05, 'epoch': 0.66}
{'loss': 0.5376, 'learning_rate': 9.936607718714242e-05, 'epoch': 0.66}
{'loss': 0.5251, 'learning_rate': 9.932277644855925e-05, 'epoch': 0.66}
{'loss': 0.528, 'learning_rate': 9.927947570997607e-05, 'epoch': 0.67}
{'loss': 0.5254, 'learning_rate': 9.923617497139291e-05, 'epoch': 0.67}
{'loss': 0.5168, 'learning_rate': 9.919287423280974e-05, 'epoch': 0.68}
{'loss': 0.4854, 'learning_rate': 9.914957349422656e-05, 'epoch': 0.68}
{'loss': 0.5036, 'learning_rate': 9.910627275564341e-05, 'epoch': 0.68}
{'loss': 0.488, 'learning_rate': 9.906297201706025e-05, 'epoch': 0.69}
{'loss': 0.4906, 'learning_rate': 9.901967127847707e-05, 'epoch': 0.69}
{'loss': 0.5163, 'learning_rate': 9.89763705398939e-05, 'epoch': 0.7}
{'loss': 0.5285, 'learning_rate': 9.893306980131072e-05, 'epoch': 0.7}
{'loss': 0.4906, 'learning_rate': 9.888976906272756e-05, 'epoch': 0.7}
{'loss': 0.4872, 'learning_rate': 9.88464683241444e-05, 'epoch': 0.71}
{'loss': 0.4948, 'learning_rate': 9.880316758556121e-05, 'epoch': 0.71}
{'loss': 0.4939, 'learning_rate': 9.875986684697805e-05, 'epoch': 0.72}
{'loss': 0.504, 'learning_rate': 9.871656610839488e-05, 'epoch': 0.72}
{'loss': 0.4706, 'learning_rate': 9.867326536981172e-05, 'epoch': 0.73}
{'loss': 0.4855, 'learning_rate': 9.862996463122855e-05, 'epoch': 0.73}
{'loss': 0.4831, 'learning_rate': 9.858752990741704e-05, 'epoch': 0.73}
{'loss': 0.4893, 'learning_rate': 9.854422916883388e-05, 'epoch': 0.74}
{'loss': 0.5024, 'learning_rate': 9.850092843025071e-05, 'epoch': 0.74}
{'loss': 0.4809, 'learning_rate': 9.845762769166755e-05, 'epoch': 0.75}
{'loss': 0.4757, 'learning_rate': 9.841432695308437e-05, 'epoch': 0.75}
{'loss': 0.4796, 'learning_rate': 9.83710262145012e-05, 'epoch': 0.75}
{'loss': 0.5371, 'learning_rate': 9.832772547591802e-05, 'epoch': 0.76}
{'loss': 0.4856, 'learning_rate': 9.828442473733486e-05, 'epoch': 0.76}
{'loss': 0.5164, 'learning_rate': 9.824112399875169e-05, 'epoch': 0.77}
{'loss': 0.4795, 'learning_rate': 9.819782326016853e-05, 'epoch': 0.77}
{'loss': 0.5067, 'learning_rate': 9.815452252158536e-05, 'epoch': 0.77}
{'loss': 0.4652, 'learning_rate': 9.81112217830022e-05, 'epoch': 0.78}
{'loss': 0.5206, 'learning_rate': 9.806792104441902e-05, 'epoch': 0.78}
{'loss': 0.5031, 'learning_rate': 9.802462030583585e-05, 'epoch': 0.79}
{'loss': 0.4747, 'learning_rate': 9.798131956725269e-05, 'epoch': 0.79}
{'loss': 0.4741, 'learning_rate': 9.793801882866951e-05, 'epoch': 0.79}
{'loss': 0.5003, 'learning_rate': 9.789471809008634e-05, 'epoch': 0.8}
{'loss': 0.4639, 'learning_rate': 9.785141735150318e-05, 'epoch': 0.8}
{'loss': 0.4845, 'learning_rate': 9.780811661292001e-05, 'epoch': 0.81}
{'loss': 0.4848, 'learning_rate': 9.776481587433685e-05, 'epoch': 0.81}
{'loss': 0.4927, 'learning_rate': 9.772151513575367e-05, 'epoch': 0.81}
{'loss': 0.4736, 'learning_rate': 9.76782143971705e-05, 'epoch': 0.82}
{'loss': 0.5043, 'learning_rate': 9.763491365858734e-05, 'epoch': 0.82}
{'loss': 0.5085, 'learning_rate': 9.759161292000416e-05, 'epoch': 0.83}
{'loss': 0.4776, 'learning_rate': 9.7548312181421e-05, 'epoch': 0.83}
{'loss': 0.4707, 'learning_rate': 9.750501144283783e-05, 'epoch': 0.84}
{'loss': 0.4859, 'learning_rate': 9.746171070425465e-05, 'epoch': 0.84}
{'loss': 0.4787, 'learning_rate': 9.74184099656715e-05, 'epoch': 0.84}
{'loss': 0.5017, 'learning_rate': 9.737510922708832e-05, 'epoch': 0.85}
{'loss': 0.4979, 'learning_rate': 9.733180848850516e-05, 'epoch': 0.85}
{'loss': 0.4966, 'learning_rate': 9.728850774992199e-05, 'epoch': 0.86}
{'loss': 0.4771, 'learning_rate': 9.724520701133881e-05, 'epoch': 0.86}
{'loss': 0.4936, 'learning_rate': 9.720190627275565e-05, 'epoch': 0.86}
{'loss': 0.4429, 'learning_rate': 9.715860553417248e-05, 'epoch': 0.87}
{'loss': 0.5102, 'learning_rate': 9.71153047955893e-05, 'epoch': 0.87}
{'loss': 0.4493, 'learning_rate': 9.707200405700614e-05, 'epoch': 0.88}
{'loss': 0.4755, 'learning_rate': 9.702870331842297e-05, 'epoch': 0.88}
{'loss': 0.5215, 'learning_rate': 9.69854025798398e-05, 'epoch': 0.88}
{'loss': 0.5242, 'learning_rate': 9.694210184125664e-05, 'epoch': 0.89}
{'loss': 0.4975, 'learning_rate': 9.689880110267348e-05, 'epoch': 0.89}
{'loss': 0.4656, 'learning_rate': 9.68555003640903e-05, 'epoch': 0.9}
{'loss': 0.4892, 'learning_rate': 9.681219962550713e-05, 'epoch': 0.9}
{'loss': 0.466, 'learning_rate': 9.676889888692395e-05, 'epoch': 0.9}
{'loss': 0.4823, 'learning_rate': 9.672559814834079e-05, 'epoch': 0.91}
{'loss': 0.4813, 'learning_rate': 9.668229740975762e-05, 'epoch': 0.91}
{'loss': 0.4995, 'learning_rate': 9.663899667117446e-05, 'epoch': 0.92}
{'loss': 0.4865, 'learning_rate': 9.659656194736295e-05, 'epoch': 0.92}
{'loss': 0.5011, 'learning_rate': 9.655326120877978e-05, 'epoch': 0.92}
{'loss': 0.5031, 'learning_rate': 9.650996047019662e-05, 'epoch': 0.93}
{'loss': 0.4622, 'learning_rate': 9.646665973161345e-05, 'epoch': 0.93}
{'loss': 0.4681, 'learning_rate': 9.642335899303028e-05, 'epoch': 0.94}
{'loss': 0.4771, 'learning_rate': 9.63800582544471e-05, 'epoch': 0.94}
{'loss': 0.4966, 'learning_rate': 9.633675751586394e-05, 'epoch': 0.95}
{'loss': 0.4542, 'learning_rate': 9.629345677728078e-05, 'epoch': 0.95}
{'loss': 0.4458, 'learning_rate': 9.62501560386976e-05, 'epoch': 0.95}
{'loss': 0.513, 'learning_rate': 9.620685530011443e-05, 'epoch': 0.96}
{'loss': 0.4866, 'learning_rate': 9.616355456153127e-05, 'epoch': 0.96}
{'loss': 0.465, 'learning_rate': 9.61202538229481e-05, 'epoch': 0.97}
{'loss': 0.4698, 'learning_rate': 9.607695308436494e-05, 'epoch': 0.97}
{'loss': 0.4852, 'learning_rate': 9.603365234578176e-05, 'epoch': 0.97}
{'loss': 0.507, 'learning_rate': 9.599035160719859e-05, 'epoch': 0.98}
{'loss': 0.4884, 'learning_rate': 9.594705086861543e-05, 'epoch': 0.98}
{'loss': 0.5, 'learning_rate': 9.590375013003225e-05, 'epoch': 0.99}
{'loss': 0.4493, 'learning_rate': 9.586044939144908e-05, 'epoch': 0.99}
{'loss': 0.4521, 'learning_rate': 9.58171486528659e-05, 'epoch': 0.99}
{'loss': 0.4962, 'learning_rate': 9.577384791428275e-05, 'epoch': 1.0}
[INFO|trainer.py:520] 2026-10-04 15:00:14,075 >> The following columns in the evaluation set  don't have a corresponding argument in `PETLEncModel.forward` and have been ignored: hypothesis, premise, idx.
[INFO|trainer.py:2179] 2026-10-04 15:00:14,078 >> ***** Running Evaluation *****
[INFO|trainer.py:2181] 2026-10-04 15:00:14,078 >>   Num examples = 9815
[INFO|trainer.py:2184] 2026-10-04 15:00:14,078 >>   Batch size = 32
{'eval_loss': 0.4227024018764496, 'eval_accuracy': 0.8424859908303617, 'eval_runtime': 15.1837, 'eval_samples_per_second': 646.416, 'eval_steps_per_second': 20.219, 'epoch': 1.0}
[INFO|trainer.py:1933] 2026-10-04 15:00:29,262 >> Saving model checkpoint to checkpoints/glue/mnli/20261004/glue.mnli.mam.am_prefix.ao_concat.fm_adapter.fo_parallel.abn.fbn.ac_add.fl_none.finit_lora.fs_2.unfrz_ef_.ne10.warm0.06.wd0.1.seed42./checkpoint-12272
[INFO|configuration_utils.py:364] 2026-10-04 15:00:29,264 >> Configuration saved in checkpoints/glue/mnli/20261004/glue.mnli.mam.am_prefix.ao_concat.fm_adapter.fo_parallel.abn.fbn.ac_add.fl_none.finit_lora.fs_2.unfrz_ef_.ne10.warm0.06.wd0.1.seed42./checkpoint-12272/config.json
[INFO|modeling_utils.py:898] 2026-10-04 15:00:29,701 >> Model weights saved in checkpoints/glue/mnli/20261004/glue.mnli.mam.am_prefix.ao_concat.fm_adapter.fo_parallel.abn.fbn.ac_add.fl_none.finit_lora.fs_2.unfrz_ef_.ne10.warm0.06.wd0.1.seed42./checkpoint-12272/pytorch_model.bin
[INFO|tokenization_utils_base.py:1948] 2026-10-04 15:00:29,702 >> tokenizer config file saved in checkpoints/glue/mnli/20261004/glue.mnli.mam.am_prefix.ao_concat.fm_adapter.fo_parallel.abn.fbn.ac_add.fl_none.finit_lora.fs_2.unfrz_ef_.ne10.warm0.06.wd0.1.seed42./checkpoint-12272/tokenizer_config.json
[INFO|tokenization_utils_base.py:1954] 2026-10-04 15:00:29,703 >> Special tokens file saved in checkpoints/glue/mnli/20261004/glue.mnli.mam.am_prefix.ao_concat.fm_adapter.fo_parallel.abn.fbn.ac_add.fl_none.finit_lora.fs_2.unfrz_ef_.ne10.warm0.06.wd0.1.seed42./checkpoint-12272/special_tokens_map.json
/work/unify-parameter-efficient-tuning/src/transformers/trainer.py:1784: FutureWarning: `torch.cuda.amp.autocast(args...)` is deprecated. Please use `torch.amp.autocast('cuda', args...)` instead.
  with autocast():
{'loss': 0.4783, 'learning_rate': 9.573054717569959e-05, 'epoch': 1.0}
{'loss': 0.4922, 'learning_rate': 9.568724643711641e-05, 'epoch': 1.01}
{'loss': 0.4789, 'learning_rate': 9.564394569853324e-05, 'epoch': 1.01}
{'loss': 0.4571, 'learning_rate': 9.560064495995008e-05, 'epoch': 1.01}
{'loss': 0.4448, 'learning_rate': 9.55573442213669e-05, 'epoch': 1.02}
{'loss': 0.5008, 'learning_rate': 9.551404348278373e-05, 'epoch': 1.02}
{'loss': 0.5017, 'learning_rate': 9.547074274420057e-05, 'epoch': 1.03}
{'loss': 0.4718, 'learning_rate': 9.542744200561739e-05, 'epoch': 1.03}
{'loss': 0.4877, 'learning_rate': 9.538414126703422e-05, 'epoch': 1.03}
{'loss': 0.4827, 'learning_rate': 9.534084052845107e-05, 'epoch': 1.04}
{'loss': 0.4682, 'learning_rate': 9.52975397898679e-05, 'epoch': 1.04}
{'loss': 0.4909, 'learning_rate': 9.525423905128473e-05, 'epoch': 1.05}
{'loss': 0.4473, 'learning_rate': 9.521093831270156e-05, 'epoch': 1.05}
{'loss': 0.4637, 'learning_rate': 9.516763757411838e-05, 'epoch': 1.06}
{'loss': 0.4703, 'learning_rate': 9.512433683553522e-05, 'epoch': 1.06}
{'loss': 0.4828, 'learning_rate': 9.508103609695204e-05, 'epoch': 1.06}
{'loss': 0.4493, 'learning_rate': 9.503773535836887e-05, 'epoch': 1.07}
{'loss': 0.485, 'learning_rate': 9.499443461978571e-05, 'epoch': 1.07}
{'loss': 0.5021, 'learning_rate': 9.495113388120254e-05, 'epoch': 1.08}
{'loss': 0.4515, 'learning_rate': 9.490783314261938e-05, 'epoch': 1.08}
{'loss': 0.4436, 'learning_rate': 9.486453240403621e-05, 'epoch': 1.08}
{'loss': 0.4707, 'learning_rate': 9.482123166545303e-05, 'epoch': 1.09}
{'loss': 0.4654, 'learning_rate': 9.477793092686987e-05, 'epoch': 1.09}
{'loss': 0.4582, 'learning_rate': 9.473463018828669e-05, 'epoch': 1.1}
{'loss': 0.4463, 'learning_rate': 9.469132944970353e-05, 'epoch': 1.1}
{'loss': 0.4672, 'learning_rate': 9.464802871112036e-05, 'epoch': 1.1}
{'loss': 0.4675, 'learning_rate': 9.46047279725372e-05, 'epoch': 1.11}
{'loss': 0.4703, 'learning_rate': 9.456229324872568e-05, 'epoch': 1.11}
{'loss': 0.4595, 'learning_rate': 9.451899251014252e-05, 'epoch': 1.12}
{'loss': 0.477, 'learning_rate': 9.447569177155935e-05, 'epoch': 1.12}
{'loss': 0.4654, 'learning_rate': 9.443239103297619e-05, 'epoch': 1.12}
{'loss': 0.4715, 'learning_rate': 9.438909029439302e-05, 'epoch': 1.13}
{'loss': 0.4453, 'learning_rate': 9.434578955580984e-05, 'epoch': 1.13}
{'loss': 0.4778, 'learning_rate': 9.430248881722668e-05, 'epoch': 1.14}
{'loss': 0.465, 'learning_rate': 9.425918807864351e-05, 'epoch': 1.14}
{'loss': 0.4526, 'learning_rate': 9.421588734006033e-05, 'epoch': 1.14}
{'loss': 0.4421, 'learning_rate': 9.417258660147717e-05, 'epoch': 1.15}
{'loss': 0.4632, 'learning_rate': 9.412928586289399e-05, 'epoch': 1.15}
{'loss': 0.4318, 'learning_rate': 9.408598512431084e-05, 'epoch': 1.16}
{'loss': 0.4901, 'learning_rate': 9.404268438572767e-05, 'epoch': 1.16}
{'loss': 0.4418, 'learning_rate': 9.39993836471445e-05, 'epoch': 1.17}
{'loss': 0.4553, 'learning_rate': 9.395608290856133e-05, 'epoch': 1.17}
{'loss': 0.4808, 'learning_rate': 9.391278216997816e-05, 'epoch': 1.17}
{'loss': 0.4811, 'learning_rate': 9.386948143139499e-05, 'epoch': 1.18}
{'loss': 0.4339, 'learning_rate': 9.382618069281182e-05, 'epoch': 1.18}
{'loss': 0.4841, 'learning_rate': 9.378287995422866e-05, 'epoch': 1.19}
{'loss': 0.4217, 'learning_rate': 9.373957921564548e-05, 'epoch': 1.19}
{'loss': 0.4439, 'learning_rate': 9.369627847706231e-05, 'epoch': 1.19}
{'loss': 0.4643, 'learning_rate': 9.365297773847916e-05, 'epoch': 1.2}
{'loss': 0.4695, 'learning_rate': 9.360967699989598e-05, 'epoch': 1.2}
{'loss': 0.4769, 'learning_rate': 9.356637626131282e-05, 'epoch': 1.21}
{'loss': 0.4525, 'learning_rate': 9.352307552272964e-05, 'epoch': 1.21}
{'loss': 0.4643, 'learning_rate': 9.347977478414647e-05, 'epoch': 1.21}
{'loss': 0.4613, 'learning_rate': 9.34364740455633e-05, 'epoch': 1.22}
{'loss': 0.4687, 'learning_rate': 9.339317330698013e-05, 'epoch': 1.22}
{'loss': 0.4523, 'learning_rate': 9.334987256839696e-05, 'epoch': 1.23}
{'loss': 0.4606, 'learning_rate': 9.33065718298138e-05, 'epoch': 1.23}
{'loss': 0.4424, 'learning_rate': 9.326327109123063e-05, 'epoch': 1.23}
{'loss': 0.4503, 'learning_rate': 9.321997035264747e-05, 'epoch': 1.24}
{'loss': 0.441, 'learning_rate': 9.317666961406429e-05, 'epoch': 1.24}
{'loss': 0.4603, 'learning_rate': 9.313336887548112e-05, 'epoch': 1.25}
{'loss': 0.4655, 'learning_rate': 9.309006813689796e-05, 'epoch': 1.25}
{'loss': 0.4824, 'learning_rate': 9.304676739831478e-05, 'epoch': 1.25}
{'loss': 0.4592, 'learning_rate': 9.300346665973161e-05, 'epoch': 1.26}
{'loss': 0.4319, 'learning_rate': 9.296016592114845e-05, 'epoch': 1.26}
{'loss': 0.451, 'learning_rate': 9.291686518256528e-05, 'epoch': 1.27}
{'loss': 0.4431, 'learning_rate': 9.287356444398212e-05, 'epoch': 1.27}
{'loss': 0.4533, 'learning_rate': 9.283026370539895e-05, 'epoch': 1.28}
{'loss': 0.4202, 'learning_rate': 9.278782898158744e-05, 'epoch': 1.28}
{'loss': 0.4759, 'learning_rate': 9.274452824300428e-05, 'epoch': 1.28}
{'loss': 0.4463, 'learning_rate': 9.270122750442111e-05, 'epoch': 1.29}
{'loss': 0.455, 'learning_rate': 9.265792676583793e-05, 'epoch': 1.29}
{'loss': 0.451, 'learning_rate': 9.261462602725477e-05, 'epoch': 1.3}
{'loss': 0.4436, 'learning_rate': 9.257132528867159e-05, 'epoch': 1.3}
{'loss': 0.4609, 'learning_rate': 9.252802455008842e-05, 'epoch': 1.3}
{'loss': 0.4247, 'learning_rate': 9.248472381150526e-05, 'epoch': 1.31}
{'loss': 0.4629, 'learning_rate': 9.244142307292208e-05, 'epoch': 1.31}
{'loss': 0.4658, 'learning_rate': 9.239812233433893e-05, 'epoch': 1.32}
{'loss': 0.453, 'learning_rate': 9.235482159575576e-05, 'epoch': 1.32}
{'loss': 0.4491, 'learning_rate': 9.231152085717258e-05, 'epoch': 1.32}
{'loss': 0.4452, 'learning_rate': 9.226822011858942e-05, 'epoch': 1.33}
{'loss': 0.4495, 'learning_rate': 9.222491938000625e-05, 'epoch': 1.33}
{'loss': 0.437, 'learning_rate': 9.218161864142307e-05, 'epoch': 1.34}
{'loss': 0.4712, 'learning_rate': 9.213831790283991e-05, 'epoch': 1.34}
{'loss': 0.4596, 'learning_rate': 9.209501716425674e-05, 'epoch': 1.34}
{'loss': 0.4282, 'learning_rate': 9.205171642567356e-05, 'epoch': 1.35}
{'loss': 0.4838, 'learning_rate': 9.20084156870904e-05, 'epoch': 1.35}
{'loss': 0.4622, 'learning_rate': 9.196511494850725e-05, 'epoch': 1.36}
{'loss': 0.4749, 'learning_rate': 9.192181420992407e-05, 'epoch': 1.36}
{'loss': 0.4626, 'learning_rate': 9.18785134713409e-05, 'epoch': 1.36}
{'loss': 0.4418, 'learning_rate': 9.183521273275772e-05, 'epoch': 1.37}
{'loss': 0.4404, 'learning_rate': 9.179191199417456e-05, 'epoch': 1.37}
{'loss': 0.4126, 'learning_rate': 9.17486112555914e-05, 'epoch': 1.38}
{'loss': 0.4727, 'learning_rate': 9.170531051700821e-05, 'epoch': 1.38}
{'loss': 0.4795, 'learning_rate': 9.166200977842505e-05, 'epoch': 1.39}
{'loss': 0.4392, 'learning_rate': 9.161870903984188e-05, 'epoch': 1.39}
{'loss': 0.4181, 'learning_rate': 9.157540830125872e-05, 'epoch': 1.39}
{'loss': 0.4763, 'learning_rate': 9.153210756267555e-05, 'epoch': 1.4}
{'loss': 0.4489, 'learning_rate': 9.148880682409237e-05, 'epoch': 1.4}
{'loss': 0.4257, 'learning_rate': 9.144550608550921e-05, 'epoch': 1.41}
{'loss': 0.4428, 'learning_rate': 9.140220534692604e-05, 'epoch': 1.41}
{'loss': 0.4665, 'learning_rate': 9.135977062311453e-05, 'epoch': 1.41}
{'loss': 0.4325, 'learning_rate': 9.131646988453137e-05, 'epoch': 1.42}
{'loss': 0.4464, 'learning_rate': 9.12731691459482e-05, 'epoch': 1.42}
{'loss': 0.4084, 'learning_rate': 9.122986840736502e-05, 'epoch': 1.43}
{'loss': 0.4361, 'learning_rate': 9.118656766878186e-05, 'epoch': 1.43}
{'loss': 0.4418, 'learning_rate': 9.114326693019869e-05, 'epoch': 1.43}
{'loss': 0.4503, 'learning_rate': 9.109996619161553e-05, 'epoch': 1.44}
{'loss': 0.4002, 'learning_rate': 9.105666545303236e-05, 'epoch': 1.44}
{'loss': 0.4398, 'learning_rate': 9.101336471444918e-05, 'epoch': 1.45}
{'loss': 0.4498, 'learning_rate': 9.097006397586602e-05, 'epoch': 1.45}
{'loss': 0.4671, 'learning_rate': 9.092676323728285e-05, 'epoch': 1.45}
{'loss': 0.4214, 'learning_rate': 9.088346249869967e-05, 'epoch': 1.46}
{'loss': 0.4367, 'learning_rate': 9.084016176011651e-05, 'epoch': 1.46}
{'loss': 0.4553, 'learning_rate': 9.079686102153334e-05, 'epoch': 1.47}
{'loss': 0.4322, 'learning_rate': 9.075356028295018e-05, 'epoch': 1.47}
{'loss': 0.4515, 'learning_rate': 9.071025954436701e-05, 'epoch': 1.47}
{'loss': 0.4332, 'learning_rate': 9.066695880578385e-05, 'epoch': 1.48}
{'loss': 0.4281, 'learning_rate': 9.062365806720067e-05, 'epoch': 1.48}
{'loss': 0.4527, 'learning_rate': 9.05803573286175e-05, 'epoch': 1.49}
{'loss': 0.4351, 'learning_rate': 9.053705659003434e-05, 'epoch': 1.49}
{'loss': 0.4249, 'learning_rate': 9.049375585145116e-05, 'epoch': 1.5}
{'loss': 0.4476, 'learning_rate': 9.0450455112868e-05, 'epoch': 1.5}
{'loss': 0.4756, 'learning_rate': 9.040715437428483e-05, 'epoch': 1.5}
{'loss': 0.4521, 'learning_rate': 9.036385363570165e-05, 'epoch': 1.51}
{'loss': 0.4539, 'learning_rate': 9.03205528971185e-05, 'epoch': 1.51}
{'loss': 0.433, 'learning_rate': 9.027725215853532e-05, 'epoch': 1.52}
{'loss': 0.4487, 'learning_rate': 9.023395141995216e-05, 'epoch': 1.52}
{'loss': 0.4533, 'learning_rate': 9.019065068136899e-05, 'epoch': 1.52}
{'loss': 0.4154, 'learning_rate': 9.014734994278581e-05, 'epoch': 1.53}
{'loss': 0.4408, 'learning_rate': 9.010404920420265e-05, 'epoch': 1.53}
{'loss': 0.4531, 'learning_rate': 9.006074846561948e-05, 'epoch': 1.54}
{'loss': 0.442, 'learning_rate': 9.00174477270363e-05, 'epoch': 1.54}
{'loss': 0.4492, 'learning_rate': 8.997414698845314e-05, 'epoch': 1.54}
{'loss': 0.4361, 'learning_rate': 8.993084624986997e-05, 'epoch': 1.55}
{'loss': 0.437, 'learning_rate': 8.98875455112868e-05, 'epoch': 1.55}
{'loss': 0.4266, 'learning_rate': 8.984424477270364e-05, 'epoch': 1.56}
{'loss': 0.4242, 'learning_rate': 8.980094403412046e-05, 'epoch': 1.56}
{'loss': 0.4352, 'learning_rate': 8.97576432955373e-05, 'epoch': 1.56}
{'loss': 0.426, 'learning_rate': 8.971434255695413e-05, 'epoch': 1.57}
{'loss': 0.4411, 'learning_rate': 8.967104181837095e-05, 'epoch': 1.57}
{'loss': 0.4518, 'learning_rate': 8.962774107978779e-05, 'epoch': 1.58}
{'loss': 0.45, 'learning_rate': 8.958444034120462e-05, 'epoch': 1.58}
{'loss': 0.4838, 'learning_rate': 8.954200561739311e-05, 'epoch': 1.58}
{'loss': 0.4489, 'learning_rate': 8.949870487880995e-05, 'epoch': 1.59}
{'loss': 0.4532, 'learning_rate': 8.945540414022678e-05, 'epoch': 1.59}
{'loss': 0.4288, 'learning_rate': 8.941210340164362e-05, 'epoch': 1.6}
{'loss': 0.426, 'learning_rate': 8.936880266306045e-05, 'epoch': 1.6}
{'loss': 0.4417, 'learning_rate': 8.932550192447727e-05, 'epoch': 1.61}
{'loss': 0.4266, 'learning_rate': 8.92822011858941e-05, 'epoch': 1.61}
{'loss': 0.4198, 'learning_rate': 8.923890044731094e-05, 'epoch': 1.61}
{'loss': 0.4594, 'learning_rate': 8.919559970872776e-05, 'epoch': 1.62}
{'loss': 0.4402, 'learning_rate': 8.91522989701446e-05, 'epoch': 1.62}
{'loss': 0.4617, 'learning_rate': 8.910899823156143e-05, 'epoch': 1.63}
{'loss': 0.454, 'learning_rate': 8.906569749297827e-05, 'epoch': 1.63}
{'loss': 0.4316, 'learning_rate': 8.90223967543951e-05, 'epoch': 1.63}
{'loss': 0.448, 'learning_rate': 8.897909601581194e-05, 'epoch': 1.64}
{'loss': 0.4528, 'learning_rate': 8.893579527722876e-05, 'epoch': 1.64}
{'loss': 0.446, 'learning_rate': 8.889249453864559e-05, 'epoch': 1.65}
{'loss': 0.4302, 'learning_rate': 8.884919380006243e-05, 'epoch': 1.65}
{'loss': 0.4425, 'learning_rate': 8.880589306147925e-05, 'epoch': 1.65}
{'loss': 0.4345, 'learning_rate': 8.876259232289608e-05, 'epoch': 1.66}
{'loss': 0.4336, 'learning_rate': 8.87192915843129e-05, 'epoch': 1.66}
{'loss': 0.4395, 'learning_rate': 8.867599084572974e-05, 'epoch': 1.67}
{'loss': 0.4443, 'learning_rate': 8.863269010714659e-05, 'epoch': 1.67}
{'loss': 0.4662, 'learning_rate': 8.858938936856341e-05, 'epoch': 1.67}
{'loss': 0.4323, 'learning_rate': 8.854608862998024e-05, 'epoch': 1.68}
{'loss': 0.4693, 'learning_rate': 8.850278789139708e-05, 'epoch': 1.68}
{'loss': 0.4654, 'learning_rate': 8.84594871528139e-05, 'epoch': 1.69}
{'loss': 0.4214, 'learning_rate': 8.841618641423073e-05, 'epoch': 1.69}
{'loss': 0.4607, 'learning_rate': 8.837288567564755e-05, 'epoch': 1.69}
{'loss': 0.3909, 'learning_rate': 8.832958493706439e-05, 'epoch': 1.7}
{'loss': 0.4415, 'learning_rate': 8.828628419848122e-05, 'epoch': 1.7}
{'loss': 0.4419, 'learning_rate': 8.824298345989806e-05, 'epoch': 1.71}
{'loss': 0.4389, 'learning_rate': 8.81996827213149e-05, 'epoch': 1.71}
{'loss': 0.4282, 'learning_rate': 8.815638198273173e-05, 'epoch': 1.72}
{'loss': 0.4702, 'learning_rate': 8.811308124414855e-05, 'epoch': 1.72}
{'loss': 0.4337, 'learning_rate': 8.806978050556538e-05, 'epoch': 1.72}
{'loss': 0.4223, 'learning_rate': 8.802647976698222e-05, 'epoch': 1.73}
{'loss': 0.4297, 'learning_rate': 8.798317902839904e-05, 'epoch': 1.73}
{'loss': 0.4711, 'learning_rate': 8.793987828981587e-05, 'epoch': 1.74}
{'loss': 0.4657, 'learning_rate': 8.789657755123271e-05, 'epoch': 1.74}
{'loss': 0.4358, 'learning_rate': 8.785327681264954e-05, 'epoch': 1.74}
{'loss': 0.4253, 'learning_rate': 8.780997607406638e-05, 'epoch': 1.75}
{'loss': 0.4422, 'learning_rate': 8.776667533548321e-05, 'epoch': 1.75}
{'loss': 0.4532, 'learning_rate': 8.772337459690004e-05, 'epoch': 1.76}
{'loss': 0.433, 'learning_rate': 8.768007385831687e-05, 'epoch': 1.76}
{'loss': 0.4306, 'learning_rate': 8.763677311973369e-05, 'epoch': 1.76}
{'loss': 0.4425, 'learning_rate': 8.759347238115053e-05, 'epoch': 1.77}
{'loss': 0.4269, 'learning_rate': 8.755017164256736e-05, 'epoch': 1.77}
{'loss': 0.4245, 'learning_rate': 8.75068709039842e-05, 'epoch': 1.78}
{'loss': 0.4517, 'learning_rate': 8.746357016540103e-05, 'epoch': 1.78}
{'loss': 0.421, 'learning_rate': 8.742026942681785e-05, 'epoch': 1.78}
{'loss': 0.4232, 'learning_rate': 8.737696868823469e-05, 'epoch': 1.79}
{'loss': 0.4207, 'learning_rate': 8.733366794965152e-05, 'epoch': 1.79}
{'loss': 0.4692, 'learning_rate': 8.729036721106834e-05, 'epoch': 1.8}
{'loss': 0.4512, 'learning_rate': 8.724706647248518e-05, 'epoch': 1.8}
{'loss': 0.4314, 'learning_rate': 8.720376573390201e-05, 'epoch': 1.8}
{'loss': 0.4483, 'learning_rate': 8.716046499531883e-05, 'epoch': 1.81}
{'loss': 0.4301, 'learning_rate': 8.711716425673567e-05, 'epoch': 1.81}
{'loss': 0.4682, 'learning_rate': 8.707386351815252e-05, 'epoch': 1.82}
{'loss': 0.4083, 'learning_rate': 8.703056277956934e-05, 'epoch': 1.82}
{'loss': 0.4448, 'learning_rate': 8.698726204098617e-05, 'epoch': 1.83}
{'loss': 0.418, 'learning_rate': 8.6943961302403e-05, 'epoch': 1.83}
{'loss': 0.4401, 'learning_rate': 8.690066056381983e-05, 'epoch': 1.83}
{'loss': 0.4324, 'learning_rate': 8.685735982523666e-05, 'epoch': 1.84}
{'loss': 0.4704, 'learning_rate': 8.68140590866535e-05, 'epoch': 1.84}
{'loss': 0.4599, 'learning_rate': 8.677075834807032e-05, 'epoch': 1.85}
{'loss': 0.4122, 'learning_rate': 8.672745760948715e-05, 'epoch': 1.85}
{'loss': 0.4329, 'learning_rate': 8.668415687090399e-05, 'epoch': 1.85}
{'loss': 0.4296, 'learning_rate': 8.664085613232082e-05, 'epoch': 1.86}
{'loss': 0.4861, 'learning_rate': 8.659755539373766e-05, 'epoch': 1.86}
{'loss': 0.4225, 'learning_rate': 8.655425465515449e-05, 'epoch': 1.87}
{'loss': 0.4291, 'learning_rate': 8.651095391657131e-05, 'epoch': 1.87}
{'loss': 0.4424, 'learning_rate': 8.646765317798815e-05, 'epoch': 1.87}
{'loss': 0.4233, 'learning_rate': 8.642435243940497e-05, 'epoch': 1.88}
{'loss': 0.4492, 'learning_rate': 8.63810517008218e-05, 'epoch': 1.88}
{'loss': 0.4653, 'learning_rate': 8.633775096223864e-05, 'epoch': 1.89}
{'loss': 0.4003, 'learning_rate': 8.629445022365547e-05, 'epoch': 1.89}
{'loss': 0.4386, 'learning_rate': 8.625114948507231e-05, 'epoch': 1.89}
{'loss': 0.4155, 'learning_rate': 8.620784874648913e-05, 'epoch': 1.9}
{'loss': 0.4308, 'learning_rate': 8.616454800790596e-05, 'epoch': 1.9}
{'loss': 0.4287, 'learning_rate': 8.61212472693228e-05, 'epoch': 1.91}
{'loss': 0.4195, 'learning_rate': 8.607794653073962e-05, 'epoch': 1.91}
{'loss': 0.4371, 'learning_rate': 8.603551180692812e-05, 'epoch': 1.91}
{'loss': 0.4754, 'learning_rate': 8.599221106834496e-05, 'epoch': 1.92}
{'loss': 0.4226, 'learning_rate': 8.594891032976178e-05, 'epoch': 1.92}
{'loss': 0.4001, 'learning_rate': 8.590560959117861e-05, 'epoch': 1.93}
{'loss': 0.4336, 'learning_rate': 8.586230885259545e-05, 'epoch': 1.93}
{'loss': 0.4384, 'learning_rate': 8.581900811401228e-05, 'epoch': 1.94}
{'loss': 0.4561, 'learning_rate': 8.577570737542912e-05, 'epoch': 1.94}
{'loss': 0.4346, 'learning_rate': 8.573240663684594e-05, 'epoch': 1.94}
{'loss': 0.4558, 'learning_rate': 8.568910589826277e-05, 'epoch': 1.95}
{'loss': 0.4223, 'learning_rate': 8.564580515967961e-05, 'epoch': 1.95}
{'loss': 0.4193, 'learning_rate': 8.560250442109643e-05, 'epoch': 1.96}
{'loss': 0.4205, 'learning_rate': 8.555920368251326e-05, 'epoch': 1.96}
{'loss': 0.447, 'learning_rate': 8.55159029439301e-05, 'epoch': 1.96}
{'loss': 0.422, 'learning_rate': 8.547260220534692e-05, 'epoch': 1.97}
{'loss': 0.4567, 'learning_rate': 8.542930146676375e-05, 'epoch': 1.97}
{'loss': 0.4107, 'learning_rate': 8.53860007281806e-05, 'epoch': 1.98}
{'loss': 0.4543, 'learning_rate': 8.534269998959742e-05, 'epoch': 1.98}
{'loss': 0.4579, 'learning_rate': 8.529939925101426e-05, 'epoch': 1.98}
{'loss': 0.4615, 'learning_rate': 8.52560985124311e-05, 'epoch': 1.99}
{'loss': 0.4364, 'learning_rate': 8.521279777384792e-05, 'epoch': 1.99}
{'loss': 0.4205, 'learning_rate': 8.516949703526475e-05, 'epoch': 2.0}
[INFO|trainer.py:520] 2026-10-04 15:10:00,038 >> The following columns in the evaluation set  don't have a corresponding argument in `PETLEncModel.forward` and have been ignored: hypothesis, premise, idx.
[INFO|trainer.py:2179] 2026-10-04 15:10:00,040 >> ***** Running Evaluation *****
[INFO|trainer.py:2181] 2026-10-04 15:10:00,040 >>   Num examples = 9815
[INFO|trainer.py:2184] 2026-10-04 15:10:00,040 >>   Batch size = 32
{'eval_loss': 0.38390594720840454, 'eval_accuracy': 0.8543046357615894, 'eval_runtime': 15.8157, 'eval_samples_per_second': 620.587, 'eval_steps_per_second': 19.411, 'epoch': 2.0}
[INFO|trainer.py:1933] 2026-10-04 15:10:15,856 >> Saving model checkpoint to checkpoints/glue/mnli/20261004/glue.mnli.mam.am_prefix.ao_concat.fm_adapter.fo_parallel.abn.fbn.ac_add.fl_none.finit_lora.fs_2.unfrz_ef_.ne10.warm0.06.wd0.1.seed42./checkpoint-24544
[INFO|configuration_utils.py:364] 2026-10-04 15:10:15,858 >> Configuration saved in checkpoints/glue/mnli/20261004/glue.mnli.mam.am_prefix.ao_concat.fm_adapter.fo_parallel.abn.fbn.ac_add.fl_none.finit_lora.fs_2.unfrz_ef_.ne10.warm0.06.wd0.1.seed42./checkpoint-24544/config.json
[INFO|modeling_utils.py:898] 2026-10-04 15:10:16,273 >> Model weights saved in checkpoints/glue/mnli/20261004/glue.mnli.mam.am_prefix.ao_concat.fm_adapter.fo_parallel.abn.fbn.ac_add.fl_none.finit_lora.fs_2.unfrz_ef_.ne10.warm0.06.wd0.1.seed42./checkpoint-24544/pytorch_model.bin
[INFO|tokenization_utils_base.py:1948] 2026-10-04 15:10:16,274 >> tokenizer config file saved in checkpoints/glue/mnli/20261004/glue.mnli.mam.am_prefix.ao_concat.fm_adapter.fo_parallel.abn.fbn.ac_add.fl_none.finit_lora.fs_2.unfrz_ef_.ne10.warm0.06.wd0.1.seed42./checkpoint-24544/tokenizer_config.json
[INFO|tokenization_utils_base.py:1954] 2026-10-04 15:10:16,275 >> Special tokens file saved in checkpoints/glue/mnli/20261004/glue.mnli.mam.am_prefix.ao_concat.fm_adapter.fo_parallel.abn.fbn.ac_add.fl_none.finit_lora.fs_2.unfrz_ef_.ne10.warm0.06.wd0.1.seed42./checkpoint-24544/special_tokens_map.json
/work/unify-parameter-efficient-tuning/src/transformers/trainer.py:1784: FutureWarning: `torch.cuda.amp.autocast(args...)` is deprecated. Please use `torch.amp.autocast('cuda', args...)` instead.
  with autocast():
{'loss': 0.4708, 'learning_rate': 8.512619629668158e-05, 'epoch': 2.0}
{'loss': 0.4205, 'learning_rate': 8.50828955580984e-05, 'epoch': 2.0}
{'loss': 0.3885, 'learning_rate': 8.503959481951524e-05, 'epoch': 2.01}
{'loss': 0.4627, 'learning_rate': 8.499629408093209e-05, 'epoch': 2.01}
{'loss': 0.4036, 'learning_rate': 8.495299334234891e-05, 'epoch': 2.02}
{'loss': 0.4577, 'learning_rate': 8.490969260376574e-05, 'epoch': 2.02}
{'loss': 0.4353, 'learning_rate': 8.486639186518257e-05, 'epoch': 2.02}
{'loss': 0.3993, 'learning_rate': 8.48230911265994e-05, 'epoch': 2.03}
{'loss': 0.3901, 'learning_rate': 8.477979038801622e-05, 'epoch': 2.03}
{'loss': 0.4091, 'learning_rate': 8.473648964943306e-05, 'epoch': 2.04}
{'loss': 0.3955, 'learning_rate': 8.469318891084989e-05, 'epoch': 2.04}
{'loss': 0.4332, 'learning_rate': 8.464988817226673e-05, 'epoch': 2.05}
{'loss': 0.4537, 'learning_rate': 8.460658743368356e-05, 'epoch': 2.05}
{'loss': 0.4069, 'learning_rate': 8.456415270987205e-05, 'epoch': 2.05}
{'loss': 0.433, 'learning_rate': 8.452085197128888e-05, 'epoch': 2.06}
{'loss': 0.422, 'learning_rate': 8.447755123270572e-05, 'epoch': 2.06}
{'loss': 0.4423, 'learning_rate': 8.443425049412255e-05, 'epoch': 2.07}
{'loss': 0.4025, 'learning_rate': 8.439094975553939e-05, 'epoch': 2.07}
{'loss': 0.4157, 'learning_rate': 8.434764901695621e-05, 'epoch': 2.07}
{'loss': 0.4633, 'learning_rate': 8.430434827837304e-05, 'epoch': 2.08}
{'loss': 0.4137, 'learning_rate': 8.426104753978987e-05, 'epoch': 2.08}
{'loss': 0.4277, 'learning_rate': 8.42177468012067e-05, 'epoch': 2.09}
{'loss': 0.4438, 'learning_rate': 8.417444606262354e-05, 'epoch': 2.09}
{'loss': 0.427, 'learning_rate': 8.413114532404037e-05, 'epoch': 2.09}
{'loss': 0.4277, 'learning_rate': 8.40878445854572e-05, 'epoch': 2.1}
{'loss': 0.4167, 'learning_rate': 8.404454384687403e-05, 'epoch': 2.1}
{'loss': 0.4384, 'learning_rate': 8.400124310829086e-05, 'epoch': 2.11}
{'loss': 0.4271, 'learning_rate': 8.39579423697077e-05, 'epoch': 2.11}
{'loss': 0.4017, 'learning_rate': 8.391464163112452e-05, 'epoch': 2.11}
{'loss': 0.4309, 'learning_rate': 8.387134089254135e-05, 'epoch': 2.12}
{'loss': 0.4435, 'learning_rate': 8.382804015395819e-05, 'epoch': 2.12}
{'loss': 0.3887, 'learning_rate': 8.378473941537501e-05, 'epoch': 2.13}
{'loss': 0.446, 'learning_rate': 8.374143867679186e-05, 'epoch': 2.13}
{'loss': 0.4221, 'learning_rate': 8.369813793820869e-05, 'epoch': 2.13}
{'loss': 0.4082, 'learning_rate': 8.365483719962551e-05, 'epoch': 2.14}
{'loss': 0.428, 'learning_rate': 8.361153646104235e-05, 'epoch': 2.14}
{'loss': 0.4018, 'learning_rate': 8.356823572245918e-05, 'epoch': 2.15}
{'loss': 0.4061, 'learning_rate': 8.3524934983876e-05, 'epoch': 2.15}
{'loss': 0.3986, 'learning_rate': 8.348163424529284e-05, 'epoch': 2.16}
{'loss': 0.4201, 'learning_rate': 8.343833350670967e-05, 'epoch': 2.16}
{'loss': 0.407, 'learning_rate': 8.339503276812649e-05, 'epoch': 2.16}
{'loss': 0.4395, 'learning_rate': 8.335173202954333e-05, 'epoch': 2.17}
{'loss': 0.4346, 'learning_rate': 8.330843129096016e-05, 'epoch': 2.17}
{'loss': 0.4108, 'learning_rate': 8.3265130552377e-05, 'epoch': 2.18}
{'loss': 0.3888, 'learning_rate': 8.322182981379383e-05, 'epoch': 2.18}
{'loss': 0.4075, 'learning_rate': 8.317852907521065e-05, 'epoch': 2.18}
{'loss': 0.4178, 'learning_rate': 8.313522833662749e-05, 'epoch': 2.19}
{'loss': 0.4118, 'learning_rate': 8.309192759804431e-05, 'epoch': 2.19}
{'loss': 0.4336, 'learning_rate': 8.304862685946114e-05, 'epoch': 2.2}
{'loss': 0.421, 'learning_rate': 8.300532612087798e-05, 'epoch': 2.2}
{'loss': 0.4388, 'learning_rate': 8.296202538229481e-05, 'epoch': 2.2}
{'loss': 0.4224, 'learning_rate': 8.291872464371165e-05, 'epoch': 2.21}
{'loss': 0.4345, 'learning_rate': 8.287542390512848e-05, 'epoch': 2.21}
{'loss': 0.4051, 'learning_rate': 8.28321231665453e-05, 'epoch': 2.22}
{'loss': 0.4042, 'learning_rate': 8.278882242796214e-05, 'epoch': 2.22}
{'loss': 0.4335, 'learning_rate': 8.274552168937897e-05, 'epoch': 2.22}
{'loss': 0.4259, 'learning_rate': 8.27022209507958e-05, 'epoch': 2.23}
{'loss': 0.3854, 'learning_rate': 8.265892021221263e-05, 'epoch': 2.23}
{'loss': 0.4582, 'learning_rate': 8.261561947362946e-05, 'epoch': 2.24}
{'loss': 0.418, 'learning_rate': 8.25723187350463e-05, 'epoch': 2.24}
{'loss': 0.4439, 'learning_rate': 8.252901799646313e-05, 'epoch': 2.24}
{'loss': 0.4259, 'learning_rate': 8.248571725787997e-05, 'epoch': 2.25}
{'loss': 0.3887, 'learning_rate': 8.244241651929679e-05, 'epoch': 2.25}
{'loss': 0.4533, 'learning_rate': 8.239911578071362e-05, 'epoch': 2.26}
{'loss': 0.4569, 'learning_rate': 8.235581504213046e-05, 'epoch': 2.26}
{'loss': 0.4541, 'learning_rate': 8.231251430354728e-05, 'epoch': 2.27}
{'loss': 0.4002, 'learning_rate': 8.226921356496412e-05, 'epoch': 2.27}
{'loss': 0.4118, 'learning_rate': 8.222591282638094e-05, 'epoch': 2.27}
{'loss': 0.4283, 'learning_rate': 8.218261208779778e-05, 'epoch': 2.28}
{'loss': 0.4359, 'learning_rate': 8.21393113492146e-05, 'epoch': 2.28}
{'loss': 0.4328, 'learning_rate': 8.209601061063144e-05, 'epoch': 2.29}
{'loss': 0.4453, 'learning_rate': 8.205270987204828e-05, 'epoch': 2.29}
{'loss': 0.4176, 'learning_rate': 8.20094091334651e-05, 'epoch': 2.29}
{'loss': 0.3876, 'learning_rate': 8.196610839488193e-05, 'epoch': 2.3}
{'loss': 0.4052, 'learning_rate': 8.192280765629877e-05, 'epoch': 2.3}
{'loss': 0.4, 'learning_rate': 8.187950691771559e-05, 'epoch': 2.31}
{'loss': 0.4021, 'learning_rate': 8.183620617913242e-05, 'epoch': 2.31}
{'loss': 0.3933, 'learning_rate': 8.179290544054926e-05, 'epoch': 2.31}
{'loss': 0.41, 'learning_rate': 8.174960470196609e-05, 'epoch': 2.32}
{'loss': 0.4115, 'learning_rate': 8.170630396338293e-05, 'epoch': 2.32}
{'loss': 0.4286, 'learning_rate': 8.166300322479976e-05, 'epoch': 2.33}
{'loss': 0.3988, 'learning_rate': 8.161970248621658e-05, 'epoch': 2.33}
{'loss': 0.4137, 'learning_rate': 8.157640174763342e-05, 'epoch': 2.33}
{'loss': 0.4093, 'learning_rate': 8.153310100905025e-05, 'epoch': 2.34}
{'loss': 0.4311, 'learning_rate': 8.148980027046707e-05, 'epoch': 2.34}
{'loss': 0.4005, 'learning_rate': 8.144649953188391e-05, 'epoch': 2.35}
{'loss': 0.3793, 'learning_rate': 8.140319879330074e-05, 'epoch': 2.35}
{'loss': 0.4103, 'learning_rate': 8.135989805471758e-05, 'epoch': 2.35}
{'loss': 0.4264, 'learning_rate': 8.131659731613441e-05, 'epoch': 2.36}
{'loss': 0.4309, 'learning_rate': 8.127329657755125e-05, 'epoch': 2.36}
{'loss': 0.4106, 'learning_rate': 8.122999583896807e-05, 'epoch': 2.37}
{'loss': 0.4229, 'learning_rate': 8.118756111515657e-05, 'epoch': 2.37}
{'loss': 0.3933, 'learning_rate': 8.114426037657339e-05, 'epoch': 2.38}
{'loss': 0.4179, 'learning_rate': 8.110095963799023e-05, 'epoch': 2.38}
{'loss': 0.4134, 'learning_rate': 8.105765889940706e-05, 'epoch': 2.38}
{'loss': 0.4249, 'learning_rate': 8.101435816082388e-05, 'epoch': 2.39}
{'loss': 0.4391, 'learning_rate': 8.097105742224072e-05, 'epoch': 2.39}
{'loss': 0.4271, 'learning_rate': 8.092775668365755e-05, 'epoch': 2.4}
{'loss': 0.4378, 'learning_rate': 8.088445594507439e-05, 'epoch': 2.4}
{'loss': 0.3949, 'learning_rate': 8.084115520649122e-05, 'epoch': 2.4}
{'loss': 0.4175, 'learning_rate': 8.079785446790806e-05, 'epoch': 2.41}
{'loss': 0.4354, 'learning_rate': 8.075455372932488e-05, 'epoch': 2.41}
{'loss': 0.409, 'learning_rate': 8.071125299074171e-05, 'epoch': 2.42}
{'loss': 0.4044, 'learning_rate': 8.066795225215853e-05, 'epoch': 2.42}
{'loss': 0.3998, 'learning_rate': 8.062465151357537e-05, 'epoch': 2.42}
{'loss': 0.4145, 'learning_rate': 8.05813507749922e-05, 'epoch': 2.43}
{'loss': 0.4072, 'learning_rate': 8.053805003640902e-05, 'epoch': 2.43}
{'loss': 0.4191, 'learning_rate': 8.049474929782587e-05, 'epoch': 2.44}
{'loss': 0.436, 'learning_rate': 8.04514485592427e-05, 'epoch': 2.44}
{'loss': 0.4154, 'learning_rate': 8.040814782065953e-05, 'epoch': 2.44}
{'loss': 0.4253, 'learning_rate': 8.036484708207636e-05, 'epoch': 2.45}
{'loss': 0.4079, 'learning_rate': 8.032154634349318e-05, 'epoch': 2.45}
{'loss': 0.3937, 'learning_rate': 8.027824560491002e-05, 'epoch': 2.46}
{'loss': 0.4114, 'learning_rate': 8.023494486632685e-05, 'epoch': 2.46}
{'loss': 0.4394, 'learning_rate': 8.019164412774367e-05, 'epoch': 2.46}
{'loss': 0.4248, 'learning_rate': 8.014834338916051e-05, 'epoch': 2.47}
{'loss': 0.416, 'learning_rate': 8.010504265057734e-05, 'epoch': 2.47}
{'loss': 0.3894, 'learning_rate': 8.006174191199418e-05, 'epoch': 2.48}
{'loss': 0.4297, 'learning_rate': 8.001844117341101e-05, 'epoch': 2.48}
{'loss': 0.4184, 'learning_rate': 7.997514043482785e-05, 'epoch': 2.49}
{'loss': 0.4205, 'learning_rate': 7.993183969624467e-05, 'epoch': 2.49}
{'loss': 0.4364, 'learning_rate': 7.98885389576615e-05, 'epoch': 2.49}
{'loss': 0.3852, 'learning_rate': 7.984523821907834e-05, 'epoch': 2.5}
{'loss': 0.4258, 'learning_rate': 7.980193748049516e-05, 'epoch': 2.5}
{'loss': 0.4088, 'learning_rate': 7.9758636741912e-05, 'epoch': 2.51}
{'loss': 0.4333, 'learning_rate': 7.971533600332883e-05, 'epoch': 2.51}
{'loss': 0.3705, 'learning_rate': 7.967203526474566e-05, 'epoch': 2.51}
{'loss': 0.4025, 'learning_rate': 7.96287345261625e-05, 'epoch': 2.52}
{'loss': 0.3926, 'learning_rate': 7.958543378757932e-05, 'epoch': 2.52}
{'loss': 0.4289, 'learning_rate': 7.954213304899616e-05, 'epoch': 2.53}
{'loss': 0.393, 'learning_rate': 7.949883231041298e-05, 'epoch': 2.53}
{'loss': 0.4027, 'learning_rate': 7.945553157182981e-05, 'epoch': 2.53}
{'loss': 0.4047, 'learning_rate': 7.941223083324665e-05, 'epoch': 2.54}
{'loss': 0.4214, 'learning_rate': 7.936893009466348e-05, 'epoch': 2.54}
{'loss': 0.4297, 'learning_rate': 7.932562935608032e-05, 'epoch': 2.55}
{'loss': 0.432, 'learning_rate': 7.92831946322688e-05, 'epoch': 2.55}
{'loss': 0.4111, 'learning_rate': 7.923989389368564e-05, 'epoch': 2.55}
{'loss': 0.3843, 'learning_rate': 7.919659315510247e-05, 'epoch': 2.56}
{'loss': 0.4223, 'learning_rate': 7.915329241651931e-05, 'epoch': 2.56}
{'loss': 0.458, 'learning_rate': 7.910999167793614e-05, 'epoch': 2.57}
{'loss': 0.4357, 'learning_rate': 7.906669093935296e-05, 'epoch': 2.57}
{'loss': 0.4071, 'learning_rate': 7.90233902007698e-05, 'epoch': 2.57}
{'loss': 0.4249, 'learning_rate': 7.898008946218662e-05, 'epoch': 2.58}
{'loss': 0.412, 'learning_rate': 7.893678872360346e-05, 'epoch': 2.58}
{'loss': 0.4361, 'learning_rate': 7.889348798502028e-05, 'epoch': 2.59}
{'loss': 0.3954, 'learning_rate': 7.885018724643712e-05, 'epoch': 2.59}
{'loss': 0.4073, 'learning_rate': 7.880688650785396e-05, 'epoch': 2.6}
{'loss': 0.4361, 'learning_rate': 7.876358576927078e-05, 'epoch': 2.6}
{'loss': 0.4208, 'learning_rate': 7.872028503068762e-05, 'epoch': 2.6}
{'loss': 0.4148, 'learning_rate': 7.867698429210445e-05, 'epoch': 2.61}
{'loss': 0.4134, 'learning_rate': 7.863368355352127e-05, 'epoch': 2.61}
{'loss': 0.3777, 'learning_rate': 7.85903828149381e-05, 'epoch': 2.62}
{'loss': 0.4144, 'learning_rate': 7.854708207635494e-05, 'epoch': 2.62}
{'loss': 0.3955, 'learning_rate': 7.850378133777176e-05, 'epoch': 2.62}
{'loss': 0.3979, 'learning_rate': 7.84604805991886e-05, 'epoch': 2.63}
{'loss': 0.4205, 'learning_rate': 7.841717986060545e-05, 'epoch': 2.63}
{'loss': 0.394, 'learning_rate': 7.837387912202227e-05, 'epoch': 2.64}
{'loss': 0.4306, 'learning_rate': 7.83305783834391e-05, 'epoch': 2.64}
{'loss': 0.4078, 'learning_rate': 7.828727764485594e-05, 'epoch': 2.64}
{'loss': 0.4183, 'learning_rate': 7.824397690627276e-05, 'epoch': 2.65}
{'loss': 0.4284, 'learning_rate': 7.820067616768959e-05, 'epoch': 2.65}
{'loss': 0.4244, 'learning_rate': 7.815737542910643e-05, 'epoch': 2.66}
{'loss': 0.4228, 'learning_rate': 7.811407469052325e-05, 'epoch': 2.66}
{'loss': 0.4341, 'learning_rate': 7.807077395194008e-05, 'epoch': 2.66}
{'loss': 0.3965, 'learning_rate': 7.802747321335692e-05, 'epoch': 2.67}
{'loss': 0.4176, 'learning_rate': 7.798417247477375e-05, 'epoch': 2.67}
{'loss': 0.4155, 'learning_rate': 7.794087173619059e-05, 'epoch': 2.68}
{'loss': 0.4407, 'learning_rate': 7.789757099760741e-05, 'epoch': 2.68}
{'loss': 0.4123, 'learning_rate': 7.785427025902424e-05, 'epoch': 2.68}
{'loss': 0.4008, 'learning_rate': 7.781096952044106e-05, 'epoch': 2.69}
{'loss': 0.441, 'learning_rate': 7.77676687818579e-05, 'epoch': 2.69}
{'loss': 0.4175, 'learning_rate': 7.772436804327473e-05, 'epoch': 2.7}
{'loss': 0.362, 'learning_rate': 7.768106730469157e-05, 'epoch': 2.7}
{'loss': 0.3881, 'learning_rate': 7.76377665661084e-05, 'epoch': 2.71}
{'loss': 0.4169, 'learning_rate': 7.759446582752524e-05, 'epoch': 2.71}
{'loss': 0.4347, 'learning_rate': 7.755116508894206e-05, 'epoch': 2.71}
{'loss': 0.3878, 'learning_rate': 7.75078643503589e-05, 'epoch': 2.72}
{'loss': 0.417, 'learning_rate': 7.746456361177573e-05, 'epoch': 2.72}
{'loss': 0.4145, 'learning_rate': 7.742126287319255e-05, 'epoch': 2.73}
{'loss': 0.4141, 'learning_rate': 7.737796213460938e-05, 'epoch': 2.73}
{'loss': 0.4454, 'learning_rate': 7.733466139602622e-05, 'epoch': 2.73}
{'loss': 0.4247, 'learning_rate': 7.729136065744305e-05, 'epoch': 2.74}
{'loss': 0.4145, 'learning_rate': 7.724805991885989e-05, 'epoch': 2.74}
{'loss': 0.4105, 'learning_rate': 7.720475918027672e-05, 'epoch': 2.75}
{'loss': 0.4223, 'learning_rate': 7.716145844169354e-05, 'epoch': 2.75}
{'loss': 0.397, 'learning_rate': 7.711815770311038e-05, 'epoch': 2.75}
{'loss': 0.3885, 'learning_rate': 7.707485696452721e-05, 'epoch': 2.76}
{'loss': 0.4169, 'learning_rate': 7.703155622594404e-05, 'epoch': 2.76}
{'loss': 0.4181, 'learning_rate': 7.698825548736087e-05, 'epoch': 2.77}
{'loss': 0.4263, 'learning_rate': 7.694495474877769e-05, 'epoch': 2.77}
{'loss': 0.4127, 'learning_rate': 7.690165401019453e-05, 'epoch': 2.77}
{'loss': 0.4128, 'learning_rate': 7.685921928638303e-05, 'epoch': 2.78}
{'loss': 0.4196, 'learning_rate': 7.681591854779985e-05, 'epoch': 2.78}
{'loss': 0.4505, 'learning_rate': 7.677261780921668e-05, 'epoch': 2.79}
{'loss': 0.427, 'learning_rate': 7.672931707063353e-05, 'epoch': 2.79}
{'loss': 0.4322, 'learning_rate': 7.668601633205035e-05, 'epoch': 2.79}
{'loss': 0.4286, 'learning_rate': 7.664271559346719e-05, 'epoch': 2.8}
{'loss': 0.4242, 'learning_rate': 7.659941485488402e-05, 'epoch': 2.8}
{'loss': 0.4245, 'learning_rate': 7.655611411630084e-05, 'epoch': 2.81}
{'loss': 0.3858, 'learning_rate': 7.651281337771768e-05, 'epoch': 2.81}
{'loss': 0.4399, 'learning_rate': 7.646951263913451e-05, 'epoch': 2.82}
{'loss': 0.4253, 'learning_rate': 7.642621190055134e-05, 'epoch': 2.82}
{'loss': 0.3942, 'learning_rate': 7.638291116196817e-05, 'epoch': 2.82}
{'loss': 0.4146, 'learning_rate': 7.6339610423385e-05, 'epoch': 2.83}
{'loss': 0.4091, 'learning_rate': 7.629630968480184e-05, 'epoch': 2.83}
{'loss': 0.4036, 'learning_rate': 7.625300894621866e-05, 'epoch': 2.84}
{'loss': 0.4232, 'learning_rate': 7.62097082076355e-05, 'epoch': 2.84}
{'loss': 0.3934, 'learning_rate': 7.616640746905233e-05, 'epoch': 2.84}
{'loss': 0.4221, 'learning_rate': 7.612310673046915e-05, 'epoch': 2.85}
{'loss': 0.383, 'learning_rate': 7.607980599188599e-05, 'epoch': 2.85}
{'loss': 0.3961, 'learning_rate': 7.603650525330282e-05, 'epoch': 2.86}
{'loss': 0.4185, 'learning_rate': 7.599320451471966e-05, 'epoch': 2.86}
{'loss': 0.4395, 'learning_rate': 7.594990377613649e-05, 'epoch': 2.86}
{'loss': 0.4083, 'learning_rate': 7.590660303755333e-05, 'epoch': 2.87}
{'loss': 0.4031, 'learning_rate': 7.586330229897015e-05, 'epoch': 2.87}
{'loss': 0.4437, 'learning_rate': 7.582000156038698e-05, 'epoch': 2.88}
{'loss': 0.4152, 'learning_rate': 7.577670082180382e-05, 'epoch': 2.88}
{'loss': 0.4159, 'learning_rate': 7.573340008322064e-05, 'epoch': 2.88}
{'loss': 0.4563, 'learning_rate': 7.569009934463747e-05, 'epoch': 2.89}
{'loss': 0.4198, 'learning_rate': 7.56467986060543e-05, 'epoch': 2.89}
{'loss': 0.4448, 'learning_rate': 7.560349786747114e-05, 'epoch': 2.9}
{'loss': 0.4279, 'learning_rate': 7.556019712888798e-05, 'epoch': 2.9}
{'loss': 0.4156, 'learning_rate': 7.551689639030481e-05, 'epoch': 2.9}
{'loss': 0.4406, 'learning_rate': 7.547359565172163e-05, 'epoch': 2.91}
{'loss': 0.4222, 'learning_rate': 7.543029491313847e-05, 'epoch': 2.91}
{'loss': 0.4321, 'learning_rate': 7.53869941745553e-05, 'epoch': 2.92}
{'loss': 0.413, 'learning_rate': 7.534369343597212e-05, 'epoch': 2.92}
{'loss': 0.4226, 'learning_rate': 7.530039269738896e-05, 'epoch': 2.93}
{'loss': 0.3933, 'learning_rate': 7.525709195880578e-05, 'epoch': 2.93}
{'loss': 0.4156, 'learning_rate': 7.521379122022261e-05, 'epoch': 2.93}
{'loss': 0.4135, 'learning_rate': 7.517049048163945e-05, 'epoch': 2.94}
{'loss': 0.4061, 'learning_rate': 7.512718974305628e-05, 'epoch': 2.94}
{'loss': 0.4298, 'learning_rate': 7.508388900447312e-05, 'epoch': 2.95}
{'loss': 0.3878, 'learning_rate': 7.504058826588994e-05, 'epoch': 2.95}
{'loss': 0.4077, 'learning_rate': 7.499728752730677e-05, 'epoch': 2.95}
{'loss': 0.4275, 'learning_rate': 7.495398678872361e-05, 'epoch': 2.96}
{'loss': 0.4021, 'learning_rate': 7.491068605014043e-05, 'epoch': 2.96}
{'loss': 0.4093, 'learning_rate': 7.486738531155726e-05, 'epoch': 2.97}
{'loss': 0.43, 'learning_rate': 7.48240845729741e-05, 'epoch': 2.97}
{'loss': 0.3993, 'learning_rate': 7.478078383439093e-05, 'epoch': 2.97}
{'loss': 0.4182, 'learning_rate': 7.473834911057942e-05, 'epoch': 2.98}
{'loss': 0.461, 'learning_rate': 7.469504837199626e-05, 'epoch': 2.98}
{'loss': 0.4094, 'learning_rate': 7.465174763341309e-05, 'epoch': 2.99}
{'loss': 0.3964, 'learning_rate': 7.460844689482993e-05, 'epoch': 2.99}
{'loss': 0.3974, 'learning_rate': 7.456514615624675e-05, 'epoch': 2.99}
{'loss': 0.4013, 'learning_rate': 7.452184541766358e-05, 'epoch': 3.0}
[INFO|trainer.py:520] 2026-10-04 15:19:59,647 >> The following columns in the evaluation set  don't have a corresponding argument in `PETLEncModel.forward` and have been ignored: hypothesis, premise, idx.
[INFO|trainer.py:2179] 2026-10-04 15:19:59,649 >> ***** Running Evaluation *****
[INFO|trainer.py:2181] 2026-10-04 15:19:59,649 >>   Num examples = 9815
[INFO|trainer.py:2184] 2026-10-04 15:19:59,649 >>   Batch size = 32
{'eval_loss': 0.37950870394706726, 'eval_accuracy': 0.8547121752419765, 'eval_runtime': 15.7275, 'eval_samples_per_second': 624.065, 'eval_steps_per_second': 19.52, 'epoch': 3.0}
[INFO|trainer.py:1933] 2026-10-04 15:20:15,377 >> Saving model checkpoint to checkpoints/glue/mnli/20261004/glue.mnli.mam.am_prefix.ao_concat.fm_adapter.fo_parallel.abn.fbn.ac_add.fl_none.finit_lora.fs_2.unfrz_ef_.ne10.warm0.06.wd0.1.seed42./checkpoint-36816
[INFO|configuration_utils.py:364] 2026-10-04 15:20:15,379 >> Configuration saved in checkpoints/glue/mnli/20261004/glue.mnli.mam.am_prefix.ao_concat.fm_adapter.fo_parallel.abn.fbn.ac_add.fl_none.finit_lora.fs_2.unfrz_ef_.ne10.warm0.06.wd0.1.seed42./checkpoint-36816/config.json
[INFO|modeling_utils.py:898] 2026-10-04 15:20:15,758 >> Model weights saved in checkpoints/glue/mnli/20261004/glue.mnli.mam.am_prefix.ao_concat.fm_adapter.fo_parallel.abn.fbn.ac_add.fl_none.finit_lora.fs_2.unfrz_ef_.ne10.warm0.06.wd0.1.seed42./checkpoint-36816/pytorch_model.bin
[INFO|tokenization_utils_base.py:1948] 2026-10-04 15:20:15,759 >> tokenizer config file saved in checkpoints/glue/mnli/20261004/glue.mnli.mam.am_prefix.ao_concat.fm_adapter.fo_parallel.abn.fbn.ac_add.fl_none.finit_lora.fs_2.unfrz_ef_.ne10.warm0.06.wd0.1.seed42./checkpoint-36816/tokenizer_config.json
[INFO|tokenization_utils_base.py:1954] 2026-10-04 15:20:15,760 >> Special tokens file saved in checkpoints/glue/mnli/20261004/glue.mnli.mam.am_prefix.ao_concat.fm_adapter.fo_parallel.abn.fbn.ac_add.fl_none.finit_lora.fs_2.unfrz_ef_.ne10.warm0.06.wd0.1.seed42./checkpoint-36816/special_tokens_map.json
[INFO|trainer.py:2009] 2026-10-04 15:20:15,879 >> Deleting older checkpoint [checkpoints/glue/mnli/20261004/glue.mnli.mam.am_prefix.ao_concat.fm_adapter.fo_parallel.abn.fbn.ac_add.fl_none.finit_lora.fs_2.unfrz_ef_.ne10.warm0.06.wd0.1.seed42./checkpoint-12272] due to args.save_total_limit
/work/unify-parameter-efficient-tuning/src/transformers/trainer.py:1784: FutureWarning: `torch.cuda.amp.autocast(args...)` is deprecated. Please use `torch.amp.autocast('cuda', args...)` instead.
  with autocast():
{'loss': 0.421, 'learning_rate': 7.447854467908042e-05, 'epoch': 3.0}
{'loss': 0.3975, 'learning_rate': 7.443524394049724e-05, 'epoch': 3.01}
{'loss': 0.3686, 'learning_rate': 7.439194320191407e-05, 'epoch': 3.01}
{'loss': 0.4131, 'learning_rate': 7.434864246333091e-05, 'epoch': 3.01}
{'loss': 0.3929, 'learning_rate': 7.430534172474774e-05, 'epoch': 3.02}
{'loss': 0.3676, 'learning_rate': 7.426204098616458e-05, 'epoch': 3.02}
{'loss': 0.3793, 'learning_rate': 7.421874024758141e-05, 'epoch': 3.03}
{'loss': 0.364, 'learning_rate': 7.417543950899823e-05, 'epoch': 3.03}
{'loss': 0.4143, 'learning_rate': 7.413213877041507e-05, 'epoch': 3.04}
{'loss': 0.3997, 'learning_rate': 7.40888380318319e-05, 'epoch': 3.04}
{'loss': 0.3976, 'learning_rate': 7.404553729324872e-05, 'epoch': 3.04}
{'loss': 0.4044, 'learning_rate': 7.400223655466556e-05, 'epoch': 3.05}
{'loss': 0.3964, 'learning_rate': 7.39589358160824e-05, 'epoch': 3.05}
{'loss': 0.4191, 'learning_rate': 7.391563507749923e-05, 'epoch': 3.06}
{'loss': 0.402, 'learning_rate': 7.387233433891606e-05, 'epoch': 3.06}
{'loss': 0.4021, 'learning_rate': 7.38290336003329e-05, 'epoch': 3.06}
{'loss': 0.3779, 'learning_rate': 7.378573286174972e-05, 'epoch': 3.07}
{'loss': 0.4104, 'learning_rate': 7.374243212316654e-05, 'epoch': 3.07}
{'loss': 0.3927, 'learning_rate': 7.369913138458339e-05, 'epoch': 3.08}
{'loss': 0.4162, 'learning_rate': 7.365583064600021e-05, 'epoch': 3.08}
{'loss': 0.3967, 'learning_rate': 7.361252990741703e-05, 'epoch': 3.08}
{'loss': 0.3764, 'learning_rate': 7.356922916883387e-05, 'epoch': 3.09}
{'loss': 0.4147, 'learning_rate': 7.352592843025071e-05, 'epoch': 3.09}
{'loss': 0.3959, 'learning_rate': 7.348262769166754e-05, 'epoch': 3.1}
{'loss': 0.3956, 'learning_rate': 7.343932695308437e-05, 'epoch': 3.1}
{'loss': 0.4543, 'learning_rate': 7.33960262145012e-05, 'epoch': 3.1}
{'loss': 0.4286, 'learning_rate': 7.335272547591803e-05, 'epoch': 3.11}
{'loss': 0.3905, 'learning_rate': 7.330942473733486e-05, 'epoch': 3.11}
{'loss': 0.4036, 'learning_rate': 7.32661239987517e-05, 'epoch': 3.12}
{'loss': 0.4101, 'learning_rate': 7.322282326016852e-05, 'epoch': 3.12}
{'loss': 0.3943, 'learning_rate': 7.317952252158535e-05, 'epoch': 3.12}
{'loss': 0.4011, 'learning_rate': 7.313622178300219e-05, 'epoch': 3.13}
{'loss': 0.3868, 'learning_rate': 7.309292104441902e-05, 'epoch': 3.13}
{'loss': 0.3944, 'learning_rate': 7.304962030583586e-05, 'epoch': 3.14}
{'loss': 0.414, 'learning_rate': 7.300631956725269e-05, 'epoch': 3.14}
{'loss': 0.4077, 'learning_rate': 7.296301882866951e-05, 'epoch': 3.15}
{'loss': 0.4009, 'learning_rate': 7.291971809008635e-05, 'epoch': 3.15}
{'loss': 0.3974, 'learning_rate': 7.287641735150318e-05, 'epoch': 3.15}
{'loss': 0.3998, 'learning_rate': 7.283311661292e-05, 'epoch': 3.16}
{'loss': 0.3959, 'learning_rate': 7.278981587433684e-05, 'epoch': 3.16}
{'loss': 0.4129, 'learning_rate': 7.274651513575367e-05, 'epoch': 3.17}
{'loss': 0.381, 'learning_rate': 7.270321439717051e-05, 'epoch': 3.17}
{'loss': 0.3994, 'learning_rate': 7.265991365858733e-05, 'epoch': 3.17}
{'loss': 0.3981, 'learning_rate': 7.261661292000418e-05, 'epoch': 3.18}
{'loss': 0.3663, 'learning_rate': 7.2573312181421e-05, 'epoch': 3.18}
{'loss': 0.405, 'learning_rate': 7.253001144283782e-05, 'epoch': 3.19}
{'loss': 0.4096, 'learning_rate': 7.248671070425465e-05, 'epoch': 3.19}
{'loss': 0.3924, 'learning_rate': 7.244427598044316e-05, 'epoch': 3.19}
{'loss': 0.393, 'learning_rate': 7.240097524185999e-05, 'epoch': 3.2}
{'loss': 0.3859, 'learning_rate': 7.235767450327681e-05, 'epoch': 3.2}
{'loss': 0.3646, 'learning_rate': 7.231437376469365e-05, 'epoch': 3.21}
{'loss': 0.3973, 'learning_rate': 7.227107302611048e-05, 'epoch': 3.21}
{'loss': 0.4194, 'learning_rate': 7.222777228752732e-05, 'epoch': 3.21}
{'loss': 0.4217, 'learning_rate': 7.218447154894414e-05, 'epoch': 3.22}
{'loss': 0.4027, 'learning_rate': 7.214117081036099e-05, 'epoch': 3.22}
{'loss': 0.405, 'learning_rate': 7.20978700717778e-05, 'epoch': 3.23}
{'loss': 0.4138, 'learning_rate': 7.205456933319463e-05, 'epoch': 3.23}
{'loss': 0.4064, 'learning_rate': 7.201126859461148e-05, 'epoch': 3.24}
{'loss': 0.3748, 'learning_rate': 7.19679678560283e-05, 'epoch': 3.24}
{'loss': 0.3792, 'learning_rate': 7.192466711744512e-05, 'epoch': 3.24}
{'loss': 0.411, 'learning_rate': 7.188136637886195e-05, 'epoch': 3.25}
{'loss': 0.4194, 'learning_rate': 7.18380656402788e-05, 'epoch': 3.25}
{'loss': 0.4012, 'learning_rate': 7.179476490169562e-05, 'epoch': 3.26}
{'loss': 0.4125, 'learning_rate': 7.175146416311246e-05, 'epoch': 3.26}
{'loss': 0.3884, 'learning_rate': 7.170816342452929e-05, 'epoch': 3.26}
{'loss': 0.4161, 'learning_rate': 7.166486268594611e-05, 'epoch': 3.27}
{'loss': 0.4037, 'learning_rate': 7.162156194736295e-05, 'epoch': 3.27}
{'loss': 0.4304, 'learning_rate': 7.157826120877978e-05, 'epoch': 3.28}
{'loss': 0.3871, 'learning_rate': 7.15349604701966e-05, 'epoch': 3.28}
{'loss': 0.3873, 'learning_rate': 7.149165973161344e-05, 'epoch': 3.28}
{'loss': 0.4024, 'learning_rate': 7.144835899303027e-05, 'epoch': 3.29}
{'loss': 0.4147, 'learning_rate': 7.140505825444711e-05, 'epoch': 3.29}
{'loss': 0.4087, 'learning_rate': 7.136175751586394e-05, 'epoch': 3.3}
{'loss': 0.4359, 'learning_rate': 7.131845677728078e-05, 'epoch': 3.3}
{'loss': 0.3932, 'learning_rate': 7.12751560386976e-05, 'epoch': 3.3}
{'loss': 0.4229, 'learning_rate': 7.123185530011443e-05, 'epoch': 3.31}
{'loss': 0.4101, 'learning_rate': 7.118855456153127e-05, 'epoch': 3.31}
{'loss': 0.4041, 'learning_rate': 7.114525382294809e-05, 'epoch': 3.32}
{'loss': 0.3823, 'learning_rate': 7.110195308436492e-05, 'epoch': 3.32}
{'loss': 0.4081, 'learning_rate': 7.105865234578176e-05, 'epoch': 3.32}
{'loss': 0.3916, 'learning_rate': 7.10153516071986e-05, 'epoch': 3.33}
{'loss': 0.405, 'learning_rate': 7.097205086861542e-05, 'epoch': 3.33}
{'loss': 0.41, 'learning_rate': 7.092875013003225e-05, 'epoch': 3.34}
{'loss': 0.3891, 'learning_rate': 7.088544939144908e-05, 'epoch': 3.34}
{'loss': 0.4098, 'learning_rate': 7.08421486528659e-05, 'epoch': 3.35}
{'loss': 0.4048, 'learning_rate': 7.079884791428274e-05, 'epoch': 3.35}
{'loss': 0.3989, 'learning_rate': 7.075554717569958e-05, 'epoch': 3.35}
{'loss': 0.4002, 'learning_rate': 7.071224643711641e-05, 'epoch': 3.36}
{'loss': 0.386, 'learning_rate': 7.066894569853325e-05, 'epoch': 3.36}
{'loss': 0.3752, 'learning_rate': 7.062564495995008e-05, 'epoch': 3.37}
{'loss': 0.4036, 'learning_rate': 7.05823442213669e-05, 'epoch': 3.37}
{'loss': 0.3878, 'learning_rate': 7.053904348278374e-05, 'epoch': 3.37}
{'loss': 0.4159, 'learning_rate': 7.049574274420057e-05, 'epoch': 3.38}
{'loss': 0.4085, 'learning_rate': 7.045244200561739e-05, 'epoch': 3.38}
{'loss': 0.3779, 'learning_rate': 7.040914126703423e-05, 'epoch': 3.39}
{'loss': 0.4183, 'learning_rate': 7.036670654322272e-05, 'epoch': 3.39}
{'loss': 0.3539, 'learning_rate': 7.032340580463955e-05, 'epoch': 3.39}
{'loss': 0.4281, 'learning_rate': 7.028010506605638e-05, 'epoch': 3.4}
{'loss': 0.4358, 'learning_rate': 7.02368043274732e-05, 'epoch': 3.4}
{'loss': 0.4071, 'learning_rate': 7.019350358889004e-05, 'epoch': 3.41}
{'loss': 0.4157, 'learning_rate': 7.015020285030689e-05, 'epoch': 3.41}
{'loss': 0.3998, 'learning_rate': 7.010690211172371e-05, 'epoch': 3.41}
{'loss': 0.4019, 'learning_rate': 7.006360137314054e-05, 'epoch': 3.42}
{'loss': 0.3865, 'learning_rate': 7.002030063455738e-05, 'epoch': 3.42}
{'loss': 0.3963, 'learning_rate': 6.99769998959742e-05, 'epoch': 3.43}
{'loss': 0.4317, 'learning_rate': 6.993369915739104e-05, 'epoch': 3.43}
{'loss': 0.398, 'learning_rate': 6.989039841880787e-05, 'epoch': 3.43}
{'loss': 0.4179, 'learning_rate': 6.984796369499637e-05, 'epoch': 3.44}
{'loss': 0.4138, 'learning_rate': 6.98046629564132e-05, 'epoch': 3.44}
{'loss': 0.4003, 'learning_rate': 6.976136221783001e-05, 'epoch': 3.45}
{'loss': 0.3987, 'learning_rate': 6.971806147924685e-05, 'epoch': 3.45}
{'loss': 0.377, 'learning_rate': 6.967476074066368e-05, 'epoch': 3.46}
{'loss': 0.4177, 'learning_rate': 6.963146000208052e-05, 'epoch': 3.46}
{'loss': 0.3941, 'learning_rate': 6.958815926349735e-05, 'epoch': 3.46}
{'loss': 0.409, 'learning_rate': 6.954485852491419e-05, 'epoch': 3.47}
{'loss': 0.3828, 'learning_rate': 6.950155778633101e-05, 'epoch': 3.47}
{'loss': 0.3719, 'learning_rate': 6.945825704774784e-05, 'epoch': 3.48}
{'loss': 0.3775, 'learning_rate': 6.941495630916468e-05, 'epoch': 3.48}
{'loss': 0.3911, 'learning_rate': 6.93716555705815e-05, 'epoch': 3.48}
{'loss': 0.3891, 'learning_rate': 6.932835483199834e-05, 'epoch': 3.49}
{'loss': 0.4257, 'learning_rate': 6.928505409341517e-05, 'epoch': 3.49}
{'loss': 0.3914, 'learning_rate': 6.9241753354832e-05, 'epoch': 3.5}
{'loss': 0.4289, 'learning_rate': 6.919845261624884e-05, 'epoch': 3.5}
{'loss': 0.3968, 'learning_rate': 6.915515187766567e-05, 'epoch': 3.5}
{'loss': 0.3822, 'learning_rate': 6.91118511390825e-05, 'epoch': 3.51}
{'loss': 0.4182, 'learning_rate': 6.906855040049933e-05, 'epoch': 3.51}
{'loss': 0.4111, 'learning_rate': 6.902524966191617e-05, 'epoch': 3.52}
{'loss': 0.4109, 'learning_rate': 6.898194892333299e-05, 'epoch': 3.52}
{'loss': 0.394, 'learning_rate': 6.893864818474981e-05, 'epoch': 3.52}
{'loss': 0.4118, 'learning_rate': 6.889534744616666e-05, 'epoch': 3.53}
{'loss': 0.3918, 'learning_rate': 6.885204670758349e-05, 'epoch': 3.53}
{'loss': 0.3776, 'learning_rate': 6.880874596900031e-05, 'epoch': 3.54}
{'loss': 0.4253, 'learning_rate': 6.876544523041716e-05, 'epoch': 3.54}
{'loss': 0.4453, 'learning_rate': 6.872214449183398e-05, 'epoch': 3.54}
{'loss': 0.396, 'learning_rate': 6.86788437532508e-05, 'epoch': 3.55}
{'loss': 0.3919, 'learning_rate': 6.863554301466764e-05, 'epoch': 3.55}
{'loss': 0.3888, 'learning_rate': 6.859224227608447e-05, 'epoch': 3.56}
{'loss': 0.4101, 'learning_rate': 6.854894153750129e-05, 'epoch': 3.56}
{'loss': 0.4233, 'learning_rate': 6.850564079891814e-05, 'epoch': 3.57}
{'loss': 0.4285, 'learning_rate': 6.846234006033498e-05, 'epoch': 3.57}
{'loss': 0.3921, 'learning_rate': 6.84190393217518e-05, 'epoch': 3.57}
{'loss': 0.3751, 'learning_rate': 6.837573858316863e-05, 'epoch': 3.58}
{'loss': 0.379, 'learning_rate': 6.833243784458547e-05, 'epoch': 3.58}
{'loss': 0.3955, 'learning_rate': 6.828913710600229e-05, 'epoch': 3.59}
{'loss': 0.3579, 'learning_rate': 6.824583636741912e-05, 'epoch': 3.59}
{'loss': 0.4371, 'learning_rate': 6.820253562883596e-05, 'epoch': 3.59}
{'loss': 0.4116, 'learning_rate': 6.815923489025278e-05, 'epoch': 3.6}
{'loss': 0.4378, 'learning_rate': 6.811593415166961e-05, 'epoch': 3.6}
{'loss': 0.3857, 'learning_rate': 6.807263341308646e-05, 'epoch': 3.61}
{'loss': 0.3957, 'learning_rate': 6.802933267450328e-05, 'epoch': 3.61}
{'loss': 0.3871, 'learning_rate': 6.798603193592012e-05, 'epoch': 3.61}
{'loss': 0.3683, 'learning_rate': 6.794273119733695e-05, 'epoch': 3.62}
{'loss': 0.4341, 'learning_rate': 6.789943045875377e-05, 'epoch': 3.62}
{'loss': 0.4315, 'learning_rate': 6.78561297201706e-05, 'epoch': 3.63}
{'loss': 0.4233, 'learning_rate': 6.781282898158744e-05, 'epoch': 3.63}
{'loss': 0.4285, 'learning_rate': 6.776952824300426e-05, 'epoch': 3.63}
{'loss': 0.4049, 'learning_rate': 6.77262275044211e-05, 'epoch': 3.64}
{'loss': 0.4161, 'learning_rate': 6.768292676583793e-05, 'epoch': 3.64}
{'loss': 0.3937, 'learning_rate': 6.763962602725477e-05, 'epoch': 3.65}
{'loss': 0.4088, 'learning_rate': 6.759632528867159e-05, 'epoch': 3.65}
{'loss': 0.421, 'learning_rate': 6.755302455008842e-05, 'epoch': 3.65}
{'loss': 0.3708, 'learning_rate': 6.750972381150526e-05, 'epoch': 3.66}
{'loss': 0.3993, 'learning_rate': 6.746642307292208e-05, 'epoch': 3.66}
{'loss': 0.4263, 'learning_rate': 6.742312233433892e-05, 'epoch': 3.67}
{'loss': 0.4031, 'learning_rate': 6.737982159575575e-05, 'epoch': 3.67}
{'loss': 0.3815, 'learning_rate': 6.733652085717259e-05, 'epoch': 3.68}
{'loss': 0.3999, 'learning_rate': 6.729322011858942e-05, 'epoch': 3.68}
{'loss': 0.4129, 'learning_rate': 6.724991938000625e-05, 'epoch': 3.68}
{'loss': 0.4118, 'learning_rate': 6.720661864142308e-05, 'epoch': 3.69}
{'loss': 0.3372, 'learning_rate': 6.716331790283991e-05, 'epoch': 3.69}
{'loss': 0.3801, 'learning_rate': 6.712001716425675e-05, 'epoch': 3.7}
{'loss': 0.3857, 'learning_rate': 6.707671642567357e-05, 'epoch': 3.7}
{'loss': 0.3945, 'learning_rate': 6.70334156870904e-05, 'epoch': 3.7}
{'loss': 0.4043, 'learning_rate': 6.699011494850724e-05, 'epoch': 3.71}
{'loss': 0.3832, 'learning_rate': 6.694681420992407e-05, 'epoch': 3.71}
{'loss': 0.3847, 'learning_rate': 6.690351347134089e-05, 'epoch': 3.72}
{'loss': 0.3958, 'learning_rate': 6.686021273275774e-05, 'epoch': 3.72}
{'loss': 0.4314, 'learning_rate': 6.681691199417456e-05, 'epoch': 3.72}
{'loss': 0.3872, 'learning_rate': 6.677361125559138e-05, 'epoch': 3.73}
{'loss': 0.3914, 'learning_rate': 6.673031051700823e-05, 'epoch': 3.73}
{'loss': 0.4033, 'learning_rate': 6.668700977842505e-05, 'epoch': 3.74}
{'loss': 0.3724, 'learning_rate': 6.664370903984187e-05, 'epoch': 3.74}
{'loss': 0.3637, 'learning_rate': 6.660040830125871e-05, 'epoch': 3.74}
{'loss': 0.3993, 'learning_rate': 6.655710756267554e-05, 'epoch': 3.75}
{'loss': 0.394, 'learning_rate': 6.651380682409238e-05, 'epoch': 3.75}
{'loss': 0.4042, 'learning_rate': 6.647050608550921e-05, 'epoch': 3.76}
{'loss': 0.4153, 'learning_rate': 6.642720534692605e-05, 'epoch': 3.76}
{'loss': 0.4111, 'learning_rate': 6.638390460834287e-05, 'epoch': 3.76}
{'loss': 0.3837, 'learning_rate': 6.63406038697597e-05, 'epoch': 3.77}
{'loss': 0.3802, 'learning_rate': 6.629730313117654e-05, 'epoch': 3.77}
{'loss': 0.4038, 'learning_rate': 6.625400239259336e-05, 'epoch': 3.78}
{'loss': 0.38, 'learning_rate': 6.62107016540102e-05, 'epoch': 3.78}
{'loss': 0.4112, 'learning_rate': 6.616740091542703e-05, 'epoch': 3.79}
{'loss': 0.3737, 'learning_rate': 6.612410017684386e-05, 'epoch': 3.79}
{'loss': 0.3912, 'learning_rate': 6.60807994382607e-05, 'epoch': 3.79}
{'loss': 0.3936, 'learning_rate': 6.603749869967753e-05, 'epoch': 3.8}
{'loss': 0.4208, 'learning_rate': 6.599419796109435e-05, 'epoch': 3.8}
{'loss': 0.3949, 'learning_rate': 6.595089722251119e-05, 'epoch': 3.81}
{'loss': 0.4158, 'learning_rate': 6.590759648392802e-05, 'epoch': 3.81}
{'loss': 0.4092, 'learning_rate': 6.586429574534484e-05, 'epoch': 3.81}
{'loss': 0.4153, 'learning_rate': 6.582099500676168e-05, 'epoch': 3.82}
{'loss': 0.4143, 'learning_rate': 6.577769426817851e-05, 'epoch': 3.82}
{'loss': 0.3994, 'learning_rate': 6.573439352959535e-05, 'epoch': 3.83}
{'loss': 0.3829, 'learning_rate': 6.569109279101217e-05, 'epoch': 3.83}
{'loss': 0.3896, 'learning_rate': 6.564779205242902e-05, 'epoch': 3.83}
{'loss': 0.4105, 'learning_rate': 6.560449131384584e-05, 'epoch': 3.84}
{'loss': 0.3522, 'learning_rate': 6.556119057526266e-05, 'epoch': 3.84}
{'loss': 0.3748, 'learning_rate': 6.55178898366795e-05, 'epoch': 3.85}
{'loss': 0.3834, 'learning_rate': 6.547458909809633e-05, 'epoch': 3.85}
{'loss': 0.3651, 'learning_rate': 6.543128835951315e-05, 'epoch': 3.85}
{'loss': 0.4013, 'learning_rate': 6.538798762093e-05, 'epoch': 3.86}
{'loss': 0.4047, 'learning_rate': 6.534468688234683e-05, 'epoch': 3.86}
{'loss': 0.3925, 'learning_rate': 6.530138614376366e-05, 'epoch': 3.87}
{'loss': 0.406, 'learning_rate': 6.525808540518049e-05, 'epoch': 3.87}
{'loss': 0.3813, 'learning_rate': 6.521478466659733e-05, 'epoch': 3.87}
{'loss': 0.4006, 'learning_rate': 6.517148392801415e-05, 'epoch': 3.88}
{'loss': 0.4081, 'learning_rate': 6.512818318943098e-05, 'epoch': 3.88}
{'loss': 0.3854, 'learning_rate': 6.508488245084782e-05, 'epoch': 3.89}
{'loss': 0.4047, 'learning_rate': 6.504158171226464e-05, 'epoch': 3.89}
{'loss': 0.4012, 'learning_rate': 6.499828097368147e-05, 'epoch': 3.9}
{'loss': 0.4037, 'learning_rate': 6.495498023509832e-05, 'epoch': 3.9}
{'loss': 0.4045, 'learning_rate': 6.491167949651514e-05, 'epoch': 3.9}
{'loss': 0.3701, 'learning_rate': 6.486837875793198e-05, 'epoch': 3.91}
{'loss': 0.3735, 'learning_rate': 6.482594403412046e-05, 'epoch': 3.91}
{'loss': 0.3805, 'learning_rate': 6.47826432955373e-05, 'epoch': 3.92}
{'loss': 0.3931, 'learning_rate': 6.473934255695413e-05, 'epoch': 3.92}
{'loss': 0.403, 'learning_rate': 6.469604181837096e-05, 'epoch': 3.92}
{'loss': 0.3951, 'learning_rate': 6.465274107978779e-05, 'epoch': 3.93}
{'loss': 0.4157, 'learning_rate': 6.460944034120463e-05, 'epoch': 3.93}
{'loss': 0.4273, 'learning_rate': 6.456613960262145e-05, 'epoch': 3.94}
{'loss': 0.3835, 'learning_rate': 6.452283886403828e-05, 'epoch': 3.94}
{'loss': 0.408, 'learning_rate': 6.447953812545512e-05, 'epoch': 3.94}
{'loss': 0.4029, 'learning_rate': 6.443623738687195e-05, 'epoch': 3.95}
{'loss': 0.3713, 'learning_rate': 6.439293664828879e-05, 'epoch': 3.95}
{'loss': 0.3713, 'learning_rate': 6.434963590970562e-05, 'epoch': 3.96}
{'loss': 0.4359, 'learning_rate': 6.430633517112244e-05, 'epoch': 3.96}
{'loss': 0.3582, 'learning_rate': 6.426303443253926e-05, 'epoch': 3.96}
{'loss': 0.3697, 'learning_rate': 6.421973369395611e-05, 'epoch': 3.97}
{'loss': 0.4144, 'learning_rate': 6.417643295537293e-05, 'epoch': 3.97}
{'loss': 0.385, 'learning_rate': 6.413313221678977e-05, 'epoch': 3.98}
{'loss': 0.3601, 'learning_rate': 6.40898314782066e-05, 'epoch': 3.98}
{'loss': 0.3851, 'learning_rate': 6.404653073962344e-05, 'epoch': 3.98}
{'loss': 0.4068, 'learning_rate': 6.400323000104026e-05, 'epoch': 3.99}
{'loss': 0.3973, 'learning_rate': 6.395992926245709e-05, 'epoch': 3.99}
{'loss': 0.3723, 'learning_rate': 6.391662852387393e-05, 'epoch': 4.0}
[INFO|trainer.py:520] 2026-10-04 15:30:02,882 >> The following columns in the evaluation set  don't have a corresponding argument in `PETLEncModel.forward` and have been ignored: hypothesis, premise, idx.
[INFO|trainer.py:2179] 2026-10-04 15:30:02,884 >> ***** Running Evaluation *****
[INFO|trainer.py:2181] 2026-10-04 15:30:02,884 >>   Num examples = 9815
[INFO|trainer.py:2184] 2026-10-04 15:30:02,884 >>   Batch size = 32
{'eval_loss': 0.3851219713687897, 'eval_accuracy': 0.8550178298522669, 'eval_runtime': 15.7914, 'eval_samples_per_second': 621.539, 'eval_steps_per_second': 19.441, 'epoch': 4.0}
[INFO|trainer.py:1933] 2026-10-04 15:30:18,676 >> Saving model checkpoint to checkpoints/glue/mnli/20261004/glue.mnli.mam.am_prefix.ao_concat.fm_adapter.fo_parallel.abn.fbn.ac_add.fl_none.finit_lora.fs_2.unfrz_ef_.ne10.warm0.06.wd0.1.seed42./checkpoint-49088
[INFO|configuration_utils.py:364] 2026-10-04 15:30:18,678 >> Configuration saved in checkpoints/glue/mnli/20261004/glue.mnli.mam.am_prefix.ao_concat.fm_adapter.fo_parallel.abn.fbn.ac_add.fl_none.finit_lora.fs_2.unfrz_ef_.ne10.warm0.06.wd0.1.seed42./checkpoint-49088/config.json
[INFO|modeling_utils.py:898] 2026-10-04 15:30:19,127 >> Model weights saved in checkpoints/glue/mnli/20261004/glue.mnli.mam.am_prefix.ao_concat.fm_adapter.fo_parallel.abn.fbn.ac_add.fl_none.finit_lora.fs_2.unfrz_ef_.ne10.warm0.06.wd0.1.seed42./checkpoint-49088/pytorch_model.bin
[INFO|tokenization_utils_base.py:1948] 2026-10-04 15:30:19,128 >> tokenizer config file saved in checkpoints/glue/mnli/20261004/glue.mnli.mam.am_prefix.ao_concat.fm_adapter.fo_parallel.abn.fbn.ac_add.fl_none.finit_lora.fs_2.unfrz_ef_.ne10.warm0.06.wd0.1.seed42./checkpoint-49088/tokenizer_config.json
[INFO|tokenization_utils_base.py:1954] 2026-10-04 15:30:19,129 >> Special tokens file saved in checkpoints/glue/mnli/20261004/glue.mnli.mam.am_prefix.ao_concat.fm_adapter.fo_parallel.abn.fbn.ac_add.fl_none.finit_lora.fs_2.unfrz_ef_.ne10.warm0.06.wd0.1.seed42./checkpoint-49088/special_tokens_map.json
[INFO|trainer.py:2009] 2026-10-04 15:30:19,296 >> Deleting older checkpoint [checkpoints/glue/mnli/20261004/glue.mnli.mam.am_prefix.ao_concat.fm_adapter.fo_parallel.abn.fbn.ac_add.fl_none.finit_lora.fs_2.unfrz_ef_.ne10.warm0.06.wd0.1.seed42./checkpoint-24544] due to args.save_total_limit
/work/unify-parameter-efficient-tuning/src/transformers/trainer.py:1784: FutureWarning: `torch.cuda.amp.autocast(args...)` is deprecated. Please use `torch.amp.autocast('cuda', args...)` instead.
  with autocast():
{'loss': 0.3742, 'learning_rate': 6.387332778529075e-05, 'epoch': 4.0}
{'loss': 0.3926, 'learning_rate': 6.383002704670758e-05, 'epoch': 4.01}
{'loss': 0.3769, 'learning_rate': 6.378672630812442e-05, 'epoch': 4.01}
{'loss': 0.374, 'learning_rate': 6.374342556954124e-05, 'epoch': 4.01}
{'loss': 0.3696, 'learning_rate': 6.370012483095809e-05, 'epoch': 4.02}
{'loss': 0.3852, 'learning_rate': 6.365682409237492e-05, 'epoch': 4.02}
{'loss': 0.3977, 'learning_rate': 6.361352335379174e-05, 'epoch': 4.03}
{'loss': 0.3759, 'learning_rate': 6.357022261520858e-05, 'epoch': 4.03}
{'loss': 0.4238, 'learning_rate': 6.352692187662541e-05, 'epoch': 4.03}
{'loss': 0.3886, 'learning_rate': 6.348362113804223e-05, 'epoch': 4.04}
{'loss': 0.3925, 'learning_rate': 6.344032039945907e-05, 'epoch': 4.04}
{'loss': 0.3936, 'learning_rate': 6.33970196608759e-05, 'epoch': 4.05}
{'loss': 0.4033, 'learning_rate': 6.335371892229272e-05, 'epoch': 4.05}
{'loss': 0.3783, 'learning_rate': 6.331041818370956e-05, 'epoch': 4.05}
{'loss': 0.3964, 'learning_rate': 6.326711744512641e-05, 'epoch': 4.06}
{'loss': 0.3839, 'learning_rate': 6.322381670654323e-05, 'epoch': 4.06}
{'loss': 0.3873, 'learning_rate': 6.318051596796005e-05, 'epoch': 4.07}
{'loss': 0.3733, 'learning_rate': 6.31372152293769e-05, 'epoch': 4.07}
{'loss': 0.3938, 'learning_rate': 6.309391449079372e-05, 'epoch': 4.07}
{'loss': 0.414, 'learning_rate': 6.305147976698222e-05, 'epoch': 4.08}
{'loss': 0.3349, 'learning_rate': 6.300817902839904e-05, 'epoch': 4.08}
{'loss': 0.3952, 'learning_rate': 6.296487828981588e-05, 'epoch': 4.09}
{'loss': 0.3844, 'learning_rate': 6.292157755123271e-05, 'epoch': 4.09}
{'loss': 0.3937, 'learning_rate': 6.287827681264953e-05, 'epoch': 4.09}
{'loss': 0.3819, 'learning_rate': 6.283497607406637e-05, 'epoch': 4.1}
{'loss': 0.3975, 'learning_rate': 6.27916753354832e-05, 'epoch': 4.1}
{'loss': 0.4126, 'learning_rate': 6.274837459690004e-05, 'epoch': 4.11}
{'loss': 0.3988, 'learning_rate': 6.270507385831687e-05, 'epoch': 4.11}
{'loss': 0.3911, 'learning_rate': 6.266177311973371e-05, 'epoch': 4.12}
{'loss': 0.3597, 'learning_rate': 6.261847238115053e-05, 'epoch': 4.12}
{'loss': 0.4173, 'learning_rate': 6.257517164256735e-05, 'epoch': 4.12}
{'loss': 0.392, 'learning_rate': 6.25318709039842e-05, 'epoch': 4.13}
{'loss': 0.345, 'learning_rate': 6.248857016540102e-05, 'epoch': 4.13}
{'loss': 0.3873, 'learning_rate': 6.244526942681785e-05, 'epoch': 4.14}
{'loss': 0.3728, 'learning_rate': 6.240196868823469e-05, 'epoch': 4.14}
{'loss': 0.3779, 'learning_rate': 6.235866794965152e-05, 'epoch': 4.14}
{'loss': 0.3901, 'learning_rate': 6.231536721106834e-05, 'epoch': 4.15}
{'loss': 0.3615, 'learning_rate': 6.227206647248518e-05, 'epoch': 4.15}
{'loss': 0.39, 'learning_rate': 6.222876573390201e-05, 'epoch': 4.16}
{'loss': 0.3696, 'learning_rate': 6.218546499531884e-05, 'epoch': 4.16}
{'loss': 0.3778, 'learning_rate': 6.214216425673567e-05, 'epoch': 4.16}
{'loss': 0.3999, 'learning_rate': 6.20988635181525e-05, 'epoch': 4.17}
{'loss': 0.3794, 'learning_rate': 6.205556277956934e-05, 'epoch': 4.17}
{'loss': 0.3906, 'learning_rate': 6.201226204098617e-05, 'epoch': 4.18}
{'loss': 0.3937, 'learning_rate': 6.196896130240301e-05, 'epoch': 4.18}
{'loss': 0.3838, 'learning_rate': 6.192566056381983e-05, 'epoch': 4.18}
{'loss': 0.4214, 'learning_rate': 6.188235982523667e-05, 'epoch': 4.19}
{'loss': 0.3928, 'learning_rate': 6.18390590866535e-05, 'epoch': 4.19}
{'loss': 0.3752, 'learning_rate': 6.179575834807032e-05, 'epoch': 4.2}
{'loss': 0.4066, 'learning_rate': 6.175245760948716e-05, 'epoch': 4.2}
{'loss': 0.3574, 'learning_rate': 6.170915687090399e-05, 'epoch': 4.2}
{'loss': 0.3816, 'learning_rate': 6.166585613232081e-05, 'epoch': 4.21}
{'loss': 0.3576, 'learning_rate': 6.162255539373765e-05, 'epoch': 4.21}
{'loss': 0.3529, 'learning_rate': 6.15792546551545e-05, 'epoch': 4.22}
{'loss': 0.4006, 'learning_rate': 6.153595391657132e-05, 'epoch': 4.22}
{'loss': 0.3872, 'learning_rate': 6.149265317798814e-05, 'epoch': 4.23}
{'loss': 0.3865, 'learning_rate': 6.144935243940499e-05, 'epoch': 4.23}
{'loss': 0.4073, 'learning_rate': 6.140605170082181e-05, 'epoch': 4.23}
{'loss': 0.3831, 'learning_rate': 6.136275096223863e-05, 'epoch': 4.24}
{'loss': 0.3692, 'learning_rate': 6.131945022365546e-05, 'epoch': 4.24}
{'loss': 0.4016, 'learning_rate': 6.12761494850723e-05, 'epoch': 4.25}
{'loss': 0.4296, 'learning_rate': 6.123284874648913e-05, 'epoch': 4.25}
{'loss': 0.415, 'learning_rate': 6.118954800790597e-05, 'epoch': 4.25}
{'loss': 0.3823, 'learning_rate': 6.11462472693228e-05, 'epoch': 4.26}
{'loss': 0.3601, 'learning_rate': 6.110294653073962e-05, 'epoch': 4.26}
{'loss': 0.3793, 'learning_rate': 6.105964579215646e-05, 'epoch': 4.27}
{'loss': 0.3713, 'learning_rate': 6.1016345053573286e-05, 'epoch': 4.27}
{'loss': 0.385, 'learning_rate': 6.097304431499013e-05, 'epoch': 4.27}
{'loss': 0.4105, 'learning_rate': 6.093060959117861e-05, 'epoch': 4.28}
{'loss': 0.3856, 'learning_rate': 6.088730885259544e-05, 'epoch': 4.28}
{'loss': 0.3571, 'learning_rate': 6.0844008114012285e-05, 'epoch': 4.29}
{'loss': 0.3851, 'learning_rate': 6.0800707375429113e-05, 'epoch': 4.29}
{'loss': 0.3669, 'learning_rate': 6.0757406636845935e-05, 'epoch': 4.29}
{'loss': 0.3599, 'learning_rate': 6.0714105898262776e-05, 'epoch': 4.3}
{'loss': 0.3596, 'learning_rate': 6.06708051596796e-05, 'epoch': 4.3}
{'loss': 0.415, 'learning_rate': 6.062750442109644e-05, 'epoch': 4.31}
{'loss': 0.4254, 'learning_rate': 6.058420368251326e-05, 'epoch': 4.31}
{'loss': 0.37, 'learning_rate': 6.05409029439301e-05, 'epoch': 4.31}
{'loss': 0.3801, 'learning_rate': 6.049760220534692e-05, 'epoch': 4.32}
{'loss': 0.3864, 'learning_rate': 6.0454301466763764e-05, 'epoch': 4.32}
{'loss': 0.3464, 'learning_rate': 6.04110007281806e-05, 'epoch': 4.33}
{'loss': 0.3553, 'learning_rate': 6.0367699989597414e-05, 'epoch': 4.33}
{'loss': 0.372, 'learning_rate': 6.0324399251014255e-05, 'epoch': 4.34}
{'loss': 0.371, 'learning_rate': 6.028109851243109e-05, 'epoch': 4.34}
{'loss': 0.3873, 'learning_rate': 6.023779777384792e-05, 'epoch': 4.34}
{'loss': 0.3768, 'learning_rate': 6.019449703526475e-05, 'epoch': 4.35}
{'loss': 0.3837, 'learning_rate': 6.015119629668159e-05, 'epoch': 4.35}
{'loss': 0.3865, 'learning_rate': 6.01078955580984e-05, 'epoch': 4.36}
{'loss': 0.3991, 'learning_rate': 6.006459481951524e-05, 'epoch': 4.36}
{'loss': 0.3881, 'learning_rate': 6.002129408093209e-05, 'epoch': 4.36}
{'loss': 0.3313, 'learning_rate': 5.9977993342348906e-05, 'epoch': 4.37}
{'loss': 0.3883, 'learning_rate': 5.993469260376573e-05, 'epoch': 4.37}
{'loss': 0.3722, 'learning_rate': 5.9891391865182576e-05, 'epoch': 4.38}
{'loss': 0.3645, 'learning_rate': 5.9848091126599404e-05, 'epoch': 4.38}
{'loss': 0.4219, 'learning_rate': 5.980479038801623e-05, 'epoch': 4.38}
{'loss': 0.39, 'learning_rate': 5.976148964943305e-05, 'epoch': 4.39}
{'loss': 0.3843, 'learning_rate': 5.9718188910849894e-05, 'epoch': 4.39}
{'loss': 0.4171, 'learning_rate': 5.9674888172266715e-05, 'epoch': 4.4}
{'loss': 0.3919, 'learning_rate': 5.963158743368356e-05, 'epoch': 4.4}
{'loss': 0.3898, 'learning_rate': 5.958828669510039e-05, 'epoch': 4.4}
{'loss': 0.4115, 'learning_rate': 5.9544985956517206e-05, 'epoch': 4.41}
{'loss': 0.3673, 'learning_rate': 5.950168521793405e-05, 'epoch': 4.41}
{'loss': 0.3863, 'learning_rate': 5.945838447935089e-05, 'epoch': 4.42}
{'loss': 0.3828, 'learning_rate': 5.941508374076771e-05, 'epoch': 4.42}
{'loss': 0.3737, 'learning_rate': 5.9371783002184545e-05, 'epoch': 4.42}
{'loss': 0.3722, 'learning_rate': 5.932848226360138e-05, 'epoch': 4.43}
{'loss': 0.4132, 'learning_rate': 5.928518152501821e-05, 'epoch': 4.43}
{'loss': 0.387, 'learning_rate': 5.924188078643504e-05, 'epoch': 4.44}
{'loss': 0.4149, 'learning_rate': 5.9198580047851884e-05, 'epoch': 4.44}
{'loss': 0.4089, 'learning_rate': 5.91552793092687e-05, 'epoch': 4.45}
{'loss': 0.392, 'learning_rate': 5.9111978570685533e-05, 'epoch': 4.45}
{'loss': 0.3964, 'learning_rate': 5.906867783210237e-05, 'epoch': 4.45}
{'loss': 0.3845, 'learning_rate': 5.9025377093519196e-05, 'epoch': 4.46}
{'loss': 0.4048, 'learning_rate': 5.8982076354936024e-05, 'epoch': 4.46}
{'loss': 0.401, 'learning_rate': 5.893877561635287e-05, 'epoch': 4.47}
{'loss': 0.4079, 'learning_rate': 5.8895474877769694e-05, 'epoch': 4.47}
{'loss': 0.4002, 'learning_rate': 5.885217413918651e-05, 'epoch': 4.47}
{'loss': 0.4059, 'learning_rate': 5.8808873400603356e-05, 'epoch': 4.48}
{'loss': 0.4071, 'learning_rate': 5.8765572662020184e-05, 'epoch': 4.48}
{'loss': 0.3813, 'learning_rate': 5.872227192343701e-05, 'epoch': 4.49}
{'loss': 0.414, 'learning_rate': 5.867897118485385e-05, 'epoch': 4.49}
{'loss': 0.3996, 'learning_rate': 5.863567044627068e-05, 'epoch': 4.49}
{'loss': 0.3798, 'learning_rate': 5.85923697076875e-05, 'epoch': 4.5}
{'loss': 0.3785, 'learning_rate': 5.854906896910434e-05, 'epoch': 4.5}
{'loss': 0.3437, 'learning_rate': 5.850663424529283e-05, 'epoch': 4.51}
{'loss': 0.3652, 'learning_rate': 5.8463333506709675e-05, 'epoch': 4.51}
{'loss': 0.3644, 'learning_rate': 5.8420032768126496e-05, 'epoch': 4.51}
{'loss': 0.3885, 'learning_rate': 5.8376732029543324e-05, 'epoch': 4.52}
{'loss': 0.3875, 'learning_rate': 5.833343129096017e-05, 'epoch': 4.52}
{'loss': 0.359, 'learning_rate': 5.8290130552377e-05, 'epoch': 4.53}
{'loss': 0.3791, 'learning_rate': 5.8246829813793815e-05, 'epoch': 4.53}
{'loss': 0.3765, 'learning_rate': 5.820352907521066e-05, 'epoch': 4.53}
{'loss': 0.3673, 'learning_rate': 5.8160228336627484e-05, 'epoch': 4.54}
{'loss': 0.3918, 'learning_rate': 5.811692759804431e-05, 'epoch': 4.54}
{'loss': 0.3858, 'learning_rate': 5.807362685946115e-05, 'epoch': 4.55}
{'loss': 0.3785, 'learning_rate': 5.803032612087799e-05, 'epoch': 4.55}
{'loss': 0.3756, 'learning_rate': 5.798702538229481e-05, 'epoch': 4.56}
{'loss': 0.3559, 'learning_rate': 5.794372464371164e-05, 'epoch': 4.56}
{'loss': 0.3958, 'learning_rate': 5.790042390512848e-05, 'epoch': 4.56}
{'loss': 0.3622, 'learning_rate': 5.78571231665453e-05, 'epoch': 4.57}
{'loss': 0.4407, 'learning_rate': 5.781382242796214e-05, 'epoch': 4.57}
{'loss': 0.4007, 'learning_rate': 5.7770521689378977e-05, 'epoch': 4.58}
{'loss': 0.3777, 'learning_rate': 5.7727220950795805e-05, 'epoch': 4.58}
{'loss': 0.3844, 'learning_rate': 5.7683920212212626e-05, 'epoch': 4.58}
{'loss': 0.4289, 'learning_rate': 5.764061947362947e-05, 'epoch': 4.59}
{'loss': 0.3835, 'learning_rate': 5.759731873504629e-05, 'epoch': 4.59}
{'loss': 0.3936, 'learning_rate': 5.755401799646313e-05, 'epoch': 4.6}
{'loss': 0.4147, 'learning_rate': 5.7510717257879965e-05, 'epoch': 4.6}
{'loss': 0.3775, 'learning_rate': 5.746741651929679e-05, 'epoch': 4.6}
{'loss': 0.3991, 'learning_rate': 5.7424115780713614e-05, 'epoch': 4.61}
{'loss': 0.3734, 'learning_rate': 5.7380815042130455e-05, 'epoch': 4.61}
{'loss': 0.4046, 'learning_rate': 5.733751430354728e-05, 'epoch': 4.62}
{'loss': 0.3918, 'learning_rate': 5.7294213564964105e-05, 'epoch': 4.62}
{'loss': 0.3794, 'learning_rate': 5.725091282638095e-05, 'epoch': 4.62}
{'loss': 0.4053, 'learning_rate': 5.720761208779778e-05, 'epoch': 4.63}
{'loss': 0.3997, 'learning_rate': 5.71643113492146e-05, 'epoch': 4.63}
{'loss': 0.3329, 'learning_rate': 5.712101061063145e-05, 'epoch': 4.64}
{'loss': 0.3602, 'learning_rate': 5.707770987204827e-05, 'epoch': 4.64}
{'loss': 0.4249, 'learning_rate': 5.703440913346509e-05, 'epoch': 4.64}
{'loss': 0.3384, 'learning_rate': 5.6991108394881934e-05, 'epoch': 4.65}
{'loss': 0.3403, 'learning_rate': 5.694780765629877e-05, 'epoch': 4.65}
{'loss': 0.3741, 'learning_rate': 5.69045069177156e-05, 'epoch': 4.66}
{'loss': 0.3824, 'learning_rate': 5.686120617913242e-05, 'epoch': 4.66}
{'loss': 0.3818, 'learning_rate': 5.681790544054926e-05, 'epoch': 4.67}
{'loss': 0.3967, 'learning_rate': 5.677460470196608e-05, 'epoch': 4.67}
{'loss': 0.3738, 'learning_rate': 5.673130396338292e-05, 'epoch': 4.67}
{'loss': 0.4154, 'learning_rate': 5.668800322479976e-05, 'epoch': 4.68}
{'loss': 0.4054, 'learning_rate': 5.6644702486216585e-05, 'epoch': 4.68}
{'loss': 0.3709, 'learning_rate': 5.660140174763342e-05, 'epoch': 4.69}
{'loss': 0.389, 'learning_rate': 5.6558101009050255e-05, 'epoch': 4.69}
{'loss': 0.3714, 'learning_rate': 5.651480027046707e-05, 'epoch': 4.69}
{'loss': 0.3712, 'learning_rate': 5.647149953188391e-05, 'epoch': 4.7}
{'loss': 0.3633, 'learning_rate': 5.6428198793300746e-05, 'epoch': 4.7}
{'loss': 0.3764, 'learning_rate': 5.6384898054717574e-05, 'epoch': 4.71}
{'loss': 0.3843, 'learning_rate': 5.634159731613441e-05, 'epoch': 4.71}
{'loss': 0.3688, 'learning_rate': 5.629829657755124e-05, 'epoch': 4.71}
{'loss': 0.3761, 'learning_rate': 5.6254995838968064e-05, 'epoch': 4.72}
{'loss': 0.387, 'learning_rate': 5.6211695100384885e-05, 'epoch': 4.72}
{'loss': 0.3816, 'learning_rate': 5.616839436180175e-05, 'epoch': 4.73}
{'loss': 0.3856, 'learning_rate': 5.612509362321856e-05, 'epoch': 4.73}
{'loss': 0.3977, 'learning_rate': 5.608179288463539e-05, 'epoch': 4.73}
{'loss': 0.4018, 'learning_rate': 5.6038492146052224e-05, 'epoch': 4.74}
{'loss': 0.3861, 'learning_rate': 5.599519140746906e-05, 'epoch': 4.74}
{'loss': 0.3815, 'learning_rate': 5.5951890668885874e-05, 'epoch': 4.75}
{'loss': 0.3725, 'learning_rate': 5.5908589930302715e-05, 'epoch': 4.75}
{'loss': 0.407, 'learning_rate': 5.586528919171955e-05, 'epoch': 4.75}
{'loss': 0.4026, 'learning_rate': 5.582198845313638e-05, 'epoch': 4.76}
{'loss': 0.3768, 'learning_rate': 5.577868771455321e-05, 'epoch': 4.76}
{'loss': 0.3788, 'learning_rate': 5.573538697597005e-05, 'epoch': 4.77}
{'loss': 0.4008, 'learning_rate': 5.569208623738686e-05, 'epoch': 4.77}
{'loss': 0.3597, 'learning_rate': 5.564878549880371e-05, 'epoch': 4.78}
{'loss': 0.357, 'learning_rate': 5.560548476022055e-05, 'epoch': 4.78}
{'loss': 0.3967, 'learning_rate': 5.5562184021637366e-05, 'epoch': 4.78}
{'loss': 0.3763, 'learning_rate': 5.55188832830542e-05, 'epoch': 4.79}
{'loss': 0.3759, 'learning_rate': 5.5475582544471036e-05, 'epoch': 4.79}
{'loss': 0.3878, 'learning_rate': 5.5432281805887864e-05, 'epoch': 4.8}
{'loss': 0.3627, 'learning_rate': 5.53889810673047e-05, 'epoch': 4.8}
{'loss': 0.3978, 'learning_rate': 5.534568032872154e-05, 'epoch': 4.8}
{'loss': 0.3467, 'learning_rate': 5.5302379590138354e-05, 'epoch': 4.81}
{'loss': 0.3641, 'learning_rate': 5.525907885155518e-05, 'epoch': 4.81}
{'loss': 0.4114, 'learning_rate': 5.521664412774368e-05, 'epoch': 4.82}
{'loss': 0.3869, 'learning_rate': 5.517334338916051e-05, 'epoch': 4.82}
{'loss': 0.3953, 'learning_rate': 5.5130042650577354e-05, 'epoch': 4.82}
{'loss': 0.4054, 'learning_rate': 5.5086741911994175e-05, 'epoch': 4.83}
{'loss': 0.4142, 'learning_rate': 5.504344117341102e-05, 'epoch': 4.83}
{'loss': 0.3865, 'learning_rate': 5.500014043482784e-05, 'epoch': 4.84}
{'loss': 0.3689, 'learning_rate': 5.495683969624468e-05, 'epoch': 4.84}
{'loss': 0.3742, 'learning_rate': 5.49135389576615e-05, 'epoch': 4.84}
{'loss': 0.4078, 'learning_rate': 5.487023821907834e-05, 'epoch': 4.85}
{'loss': 0.4123, 'learning_rate': 5.482693748049516e-05, 'epoch': 4.85}
{'loss': 0.3812, 'learning_rate': 5.4783636741912005e-05, 'epoch': 4.86}
{'loss': 0.3867, 'learning_rate': 5.4740336003328826e-05, 'epoch': 4.86}
{'loss': 0.3823, 'learning_rate': 5.469703526474567e-05, 'epoch': 4.86}
{'loss': 0.3632, 'learning_rate': 5.465373452616248e-05, 'epoch': 4.87}
{'loss': 0.3569, 'learning_rate': 5.461043378757933e-05, 'epoch': 4.87}
{'loss': 0.3916, 'learning_rate': 5.456713304899616e-05, 'epoch': 4.88}
{'loss': 0.4129, 'learning_rate': 5.452383231041298e-05, 'epoch': 4.88}
{'loss': 0.3936, 'learning_rate': 5.448053157182983e-05, 'epoch': 4.89}
{'loss': 0.3974, 'learning_rate': 5.443723083324664e-05, 'epoch': 4.89}
{'loss': 0.4096, 'learning_rate': 5.4393930094663484e-05, 'epoch': 4.89}
{'loss': 0.3331, 'learning_rate': 5.4350629356080305e-05, 'epoch': 4.9}
{'loss': 0.3824, 'learning_rate': 5.4307328617497147e-05, 'epoch': 4.9}
{'loss': 0.3902, 'learning_rate': 5.426402787891397e-05, 'epoch': 4.91}
{'loss': 0.3902, 'learning_rate': 5.422072714033081e-05, 'epoch': 4.91}
{'loss': 0.4107, 'learning_rate': 5.417742640174763e-05, 'epoch': 4.91}
{'loss': 0.3839, 'learning_rate': 5.413412566316447e-05, 'epoch': 4.92}
{'loss': 0.3619, 'learning_rate': 5.409082492458129e-05, 'epoch': 4.92}
{'loss': 0.4005, 'learning_rate': 5.4047524185998135e-05, 'epoch': 4.93}
{'loss': 0.3793, 'learning_rate': 5.4004223447414956e-05, 'epoch': 4.93}
{'loss': 0.3884, 'learning_rate': 5.39609227088318e-05, 'epoch': 4.93}
{'loss': 0.4225, 'learning_rate': 5.391762197024863e-05, 'epoch': 4.94}
{'loss': 0.3986, 'learning_rate': 5.387432123166546e-05, 'epoch': 4.94}
{'loss': 0.3631, 'learning_rate': 5.383102049308228e-05, 'epoch': 4.95}
{'loss': 0.3774, 'learning_rate': 5.378771975449912e-05, 'epoch': 4.95}
{'loss': 0.3729, 'learning_rate': 5.374441901591595e-05, 'epoch': 4.95}
{'loss': 0.4046, 'learning_rate': 5.3701118277332786e-05, 'epoch': 4.96}
{'loss': 0.3738, 'learning_rate': 5.365781753874962e-05, 'epoch': 4.96}
{'loss': 0.3745, 'learning_rate': 5.3614516800166435e-05, 'epoch': 4.97}
{'loss': 0.4092, 'learning_rate': 5.3571216061583276e-05, 'epoch': 4.97}
{'loss': 0.3827, 'learning_rate': 5.3527915323000125e-05, 'epoch': 4.97}
{'loss': 0.4084, 'learning_rate': 5.348461458441694e-05, 'epoch': 4.98}
{'loss': 0.4144, 'learning_rate': 5.344131384583376e-05, 'epoch': 4.98}
{'loss': 0.3772, 'learning_rate': 5.33980131072506e-05, 'epoch': 4.99}
{'loss': 0.4264, 'learning_rate': 5.335471236866744e-05, 'epoch': 4.99}
{'loss': 0.3808, 'learning_rate': 5.3311411630084265e-05, 'epoch': 5.0}
{'loss': 0.3748, 'learning_rate': 5.3268110891501086e-05, 'epoch': 5.0}
[INFO|trainer.py:520] 2026-10-04 15:40:05,991 >> The following columns in the evaluation set  don't have a corresponding argument in `PETLEncModel.forward` and have been ignored: hypothesis, premise, idx.
[INFO|trainer.py:2179] 2026-10-04 15:40:05,993 >> ***** Running Evaluation *****
[INFO|trainer.py:2181] 2026-10-04 15:40:05,993 >>   Num examples = 9815
[INFO|trainer.py:2184] 2026-10-04 15:40:05,993 >>   Batch size = 32
{'eval_loss': 0.36779913306236267, 'eval_accuracy': 0.8623535404992358, 'eval_runtime': 15.8047, 'eval_samples_per_second': 621.017, 'eval_steps_per_second': 19.425, 'epoch': 5.0}
[INFO|trainer.py:1933] 2026-10-04 15:40:21,799 >> Saving model checkpoint to checkpoints/glue/mnli/20261004/glue.mnli.mam.am_prefix.ao_concat.fm_adapter.fo_parallel.abn.fbn.ac_add.fl_none.finit_lora.fs_2.unfrz_ef_.ne10.warm0.06.wd0.1.seed42./checkpoint-61360
[INFO|configuration_utils.py:364] 2026-10-04 15:40:21,800 >> Configuration saved in checkpoints/glue/mnli/20261004/glue.mnli.mam.am_prefix.ao_concat.fm_adapter.fo_parallel.abn.fbn.ac_add.fl_none.finit_lora.fs_2.unfrz_ef_.ne10.warm0.06.wd0.1.seed42./checkpoint-61360/config.json
[INFO|modeling_utils.py:898] 2026-10-04 15:40:22,190 >> Model weights saved in checkpoints/glue/mnli/20261004/glue.mnli.mam.am_prefix.ao_concat.fm_adapter.fo_parallel.abn.fbn.ac_add.fl_none.finit_lora.fs_2.unfrz_ef_.ne10.warm0.06.wd0.1.seed42./checkpoint-61360/pytorch_model.bin
[INFO|tokenization_utils_base.py:1948] 2026-10-04 15:40:22,191 >> tokenizer config file saved in checkpoints/glue/mnli/20261004/glue.mnli.mam.am_prefix.ao_concat.fm_adapter.fo_parallel.abn.fbn.ac_add.fl_none.finit_lora.fs_2.unfrz_ef_.ne10.warm0.06.wd0.1.seed42./checkpoint-61360/tokenizer_config.json
[INFO|tokenization_utils_base.py:1954] 2026-10-04 15:40:22,191 >> Special tokens file saved in checkpoints/glue/mnli/20261004/glue.mnli.mam.am_prefix.ao_concat.fm_adapter.fo_parallel.abn.fbn.ac_add.fl_none.finit_lora.fs_2.unfrz_ef_.ne10.warm0.06.wd0.1.seed42./checkpoint-61360/special_tokens_map.json
[INFO|trainer.py:2009] 2026-10-04 15:40:22,321 >> Deleting older checkpoint [checkpoints/glue/mnli/20261004/glue.mnli.mam.am_prefix.ao_concat.fm_adapter.fo_parallel.abn.fbn.ac_add.fl_none.finit_lora.fs_2.unfrz_ef_.ne10.warm0.06.wd0.1.seed42./checkpoint-36816] due to args.save_total_limit
/work/unify-parameter-efficient-tuning/src/transformers/trainer.py:1784: FutureWarning: `torch.cuda.amp.autocast(args...)` is deprecated. Please use `torch.amp.autocast('cuda', args...)` instead.
  with autocast():
{'loss': 0.403, 'learning_rate': 5.3225676167689595e-05, 'epoch': 5.0}
{'loss': 0.3735, 'learning_rate': 5.3182375429106436e-05, 'epoch': 5.01}
{'loss': 0.3519, 'learning_rate': 5.313907469052325e-05, 'epoch': 5.01}
{'loss': 0.3511, 'learning_rate': 5.309577395194008e-05, 'epoch': 5.02}
{'loss': 0.3928, 'learning_rate': 5.305247321335692e-05, 'epoch': 5.02}
{'loss': 0.3664, 'learning_rate': 5.300917247477375e-05, 'epoch': 5.02}
{'loss': 0.3779, 'learning_rate': 5.296587173619056e-05, 'epoch': 5.03}
{'loss': 0.4024, 'learning_rate': 5.292257099760741e-05, 'epoch': 5.03}
{'loss': 0.3991, 'learning_rate': 5.287927025902425e-05, 'epoch': 5.04}
{'loss': 0.3628, 'learning_rate': 5.283596952044107e-05, 'epoch': 5.04}
{'loss': 0.3675, 'learning_rate': 5.27926687818579e-05, 'epoch': 5.04}
{'loss': 0.3641, 'learning_rate': 5.2749368043274736e-05, 'epoch': 5.05}
{'loss': 0.3571, 'learning_rate': 5.2706067304691564e-05, 'epoch': 5.05}
{'loss': 0.3703, 'learning_rate': 5.26627665661084e-05, 'epoch': 5.06}
{'loss': 0.373, 'learning_rate': 5.261946582752524e-05, 'epoch': 5.06}
{'loss': 0.3643, 'learning_rate': 5.2576165088942055e-05, 'epoch': 5.06}
{'loss': 0.3649, 'learning_rate': 5.253286435035889e-05, 'epoch': 5.07}
{'loss': 0.3589, 'learning_rate': 5.2489563611775725e-05, 'epoch': 5.07}
{'loss': 0.3624, 'learning_rate': 5.244626287319255e-05, 'epoch': 5.08}
{'loss': 0.3993, 'learning_rate': 5.240296213460939e-05, 'epoch': 5.08}
{'loss': 0.3883, 'learning_rate': 5.235966139602623e-05, 'epoch': 5.08}
{'loss': 0.3818, 'learning_rate': 5.231636065744305e-05, 'epoch': 5.09}
{'loss': 0.3884, 'learning_rate': 5.227305991885989e-05, 'epoch': 5.09}
{'loss': 0.36, 'learning_rate': 5.222975918027671e-05, 'epoch': 5.1}
{'loss': 0.3654, 'learning_rate': 5.218645844169354e-05, 'epoch': 5.1}
{'loss': 0.3662, 'learning_rate': 5.214315770311038e-05, 'epoch': 5.11}
{'loss': 0.3583, 'learning_rate': 5.2099856964527203e-05, 'epoch': 5.11}
{'loss': 0.3774, 'learning_rate': 5.2056556225944045e-05, 'epoch': 5.11}
{'loss': 0.3884, 'learning_rate': 5.201325548736086e-05, 'epoch': 5.12}
{'loss': 0.3908, 'learning_rate': 5.196995474877771e-05, 'epoch': 5.12}
{'loss': 0.373, 'learning_rate': 5.192665401019453e-05, 'epoch': 5.13}
{'loss': 0.3633, 'learning_rate': 5.188335327161136e-05, 'epoch': 5.13}
{'loss': 0.3828, 'learning_rate': 5.1840052533028205e-05, 'epoch': 5.13}
{'loss': 0.3799, 'learning_rate': 5.179675179444503e-05, 'epoch': 5.14}
{'loss': 0.3634, 'learning_rate': 5.1753451055861854e-05, 'epoch': 5.14}
{'loss': 0.3476, 'learning_rate': 5.1710150317278696e-05, 'epoch': 5.15}
{'loss': 0.3751, 'learning_rate': 5.166684957869552e-05, 'epoch': 5.15}
{'loss': 0.4023, 'learning_rate': 5.1623548840112345e-05, 'epoch': 5.15}
{'loss': 0.3841, 'learning_rate': 5.158024810152918e-05, 'epoch': 5.16}
{'loss': 0.3687, 'learning_rate': 5.153694736294602e-05, 'epoch': 5.16}
{'loss': 0.3883, 'learning_rate': 5.149364662436284e-05, 'epoch': 5.17}
{'loss': 0.4209, 'learning_rate': 5.1450345885779684e-05, 'epoch': 5.17}
{'loss': 0.3768, 'learning_rate': 5.1407045147196505e-05, 'epoch': 5.17}
{'loss': 0.3796, 'learning_rate': 5.136374440861333e-05, 'epoch': 5.18}
{'loss': 0.3625, 'learning_rate': 5.1320443670030175e-05, 'epoch': 5.18}
{'loss': 0.3916, 'learning_rate': 5.127714293144701e-05, 'epoch': 5.19}
{'loss': 0.3869, 'learning_rate': 5.123384219286384e-05, 'epoch': 5.19}
{'loss': 0.3846, 'learning_rate': 5.119054145428066e-05, 'epoch': 5.19}
{'loss': 0.3709, 'learning_rate': 5.11472407156975e-05, 'epoch': 5.2}
{'loss': 0.3969, 'learning_rate': 5.110393997711432e-05, 'epoch': 5.2}
{'loss': 0.3681, 'learning_rate': 5.106063923853116e-05, 'epoch': 5.21}
{'loss': 0.3696, 'learning_rate': 5.1017338499948e-05, 'epoch': 5.21}
{'loss': 0.371, 'learning_rate': 5.0974037761364826e-05, 'epoch': 5.22}
{'loss': 0.3579, 'learning_rate': 5.093073702278165e-05, 'epoch': 5.22}
{'loss': 0.3793, 'learning_rate': 5.0887436284198495e-05, 'epoch': 5.22}
{'loss': 0.3897, 'learning_rate': 5.084413554561531e-05, 'epoch': 5.23}
{'loss': 0.3754, 'learning_rate': 5.080083480703214e-05, 'epoch': 5.23}
{'loss': 0.3589, 'learning_rate': 5.075753406844897e-05, 'epoch': 5.24}
{'loss': 0.3769, 'learning_rate': 5.0714233329865814e-05, 'epoch': 5.24}
{'loss': 0.3377, 'learning_rate': 5.0670932591282635e-05, 'epoch': 5.24}
{'loss': 0.4078, 'learning_rate': 5.062763185269948e-05, 'epoch': 5.25}
{'loss': 0.3869, 'learning_rate': 5.05843311141163e-05, 'epoch': 5.25}
{'loss': 0.3543, 'learning_rate': 5.054103037553314e-05, 'epoch': 5.26}
{'loss': 0.3689, 'learning_rate': 5.049772963694997e-05, 'epoch': 5.26}
{'loss': 0.4002, 'learning_rate': 5.04544288983668e-05, 'epoch': 5.26}
{'loss': 0.3694, 'learning_rate': 5.041112815978363e-05, 'epoch': 5.27}
{'loss': 0.3598, 'learning_rate': 5.036782742120045e-05, 'epoch': 5.27}
{'loss': 0.3743, 'learning_rate': 5.03245266826173e-05, 'epoch': 5.28}
{'loss': 0.3763, 'learning_rate': 5.0281225944034114e-05, 'epoch': 5.28}
{'loss': 0.3893, 'learning_rate': 5.0237925205450956e-05, 'epoch': 5.28}
{'loss': 0.3827, 'learning_rate': 5.019462446686779e-05, 'epoch': 5.29}
{'loss': 0.3517, 'learning_rate': 5.015132372828462e-05, 'epoch': 5.29}
{'loss': 0.364, 'learning_rate': 5.010802298970145e-05, 'epoch': 5.3}
{'loss': 0.3707, 'learning_rate': 5.006472225111829e-05, 'epoch': 5.3}
{'loss': 0.3644, 'learning_rate': 5.00214215125351e-05, 'epoch': 5.3}
{'loss': 0.3686, 'learning_rate': 4.9978120773951944e-05, 'epoch': 5.31}
{'loss': 0.3571, 'learning_rate': 4.993482003536877e-05, 'epoch': 5.31}
{'loss': 0.3864, 'learning_rate': 4.989151929678561e-05, 'epoch': 5.32}
{'loss': 0.3859, 'learning_rate': 4.984821855820244e-05, 'epoch': 5.32}
{'loss': 0.3639, 'learning_rate': 4.980491781961926e-05, 'epoch': 5.33}
{'loss': 0.3664, 'learning_rate': 4.9762483095807765e-05, 'epoch': 5.33}
{'loss': 0.364, 'learning_rate': 4.97191823572246e-05, 'epoch': 5.33}
{'loss': 0.3849, 'learning_rate': 4.967588161864142e-05, 'epoch': 5.34}
{'loss': 0.3885, 'learning_rate': 4.963258088005826e-05, 'epoch': 5.34}
{'loss': 0.37, 'learning_rate': 4.95892801414751e-05, 'epoch': 5.35}
{'loss': 0.3613, 'learning_rate': 4.954684541766358e-05, 'epoch': 5.35}
{'loss': 0.3612, 'learning_rate': 4.950354467908042e-05, 'epoch': 5.35}
{'loss': 0.3852, 'learning_rate': 4.946024394049724e-05, 'epoch': 5.36}
{'loss': 0.3451, 'learning_rate': 4.9416943201914076e-05, 'epoch': 5.36}
{'loss': 0.412, 'learning_rate': 4.937364246333091e-05, 'epoch': 5.37}
{'loss': 0.368, 'learning_rate': 4.933034172474774e-05, 'epoch': 5.37}
{'loss': 0.3558, 'learning_rate': 4.9287040986164574e-05, 'epoch': 5.37}
{'loss': 0.3818, 'learning_rate': 4.924374024758141e-05, 'epoch': 5.38}
{'loss': 0.3361, 'learning_rate': 4.920043950899823e-05, 'epoch': 5.38}
{'loss': 0.3704, 'learning_rate': 4.9157138770415064e-05, 'epoch': 5.39}
{'loss': 0.3721, 'learning_rate': 4.9113838031831906e-05, 'epoch': 5.39}
{'loss': 0.3724, 'learning_rate': 4.907053729324873e-05, 'epoch': 5.39}
{'loss': 0.3404, 'learning_rate': 4.902723655466556e-05, 'epoch': 5.4}
{'loss': 0.3861, 'learning_rate': 4.898393581608239e-05, 'epoch': 5.4}
{'loss': 0.3647, 'learning_rate': 4.8940635077499225e-05, 'epoch': 5.41}
{'loss': 0.3784, 'learning_rate': 4.889733433891606e-05, 'epoch': 5.41}
{'loss': 0.4191, 'learning_rate': 4.885403360033288e-05, 'epoch': 5.41}
{'loss': 0.3729, 'learning_rate': 4.8810732861749715e-05, 'epoch': 5.42}
{'loss': 0.3841, 'learning_rate': 4.876743212316655e-05, 'epoch': 5.42}
{'loss': 0.3994, 'learning_rate': 4.872413138458338e-05, 'epoch': 5.43}
{'loss': 0.3768, 'learning_rate': 4.868083064600021e-05, 'epoch': 5.43}
{'loss': 0.354, 'learning_rate': 4.863752990741705e-05, 'epoch': 5.44}
{'loss': 0.3848, 'learning_rate': 4.859422916883387e-05, 'epoch': 5.44}
{'loss': 0.3696, 'learning_rate': 4.855092843025071e-05, 'epoch': 5.44}
{'loss': 0.3727, 'learning_rate': 4.8507627691667545e-05, 'epoch': 5.45}
{'loss': 0.3634, 'learning_rate': 4.8464326953084366e-05, 'epoch': 5.45}
{'loss': 0.3706, 'learning_rate': 4.84210262145012e-05, 'epoch': 5.46}
{'loss': 0.3804, 'learning_rate': 4.837772547591803e-05, 'epoch': 5.46}
{'loss': 0.3756, 'learning_rate': 4.8334424737334864e-05, 'epoch': 5.46}
{'loss': 0.3464, 'learning_rate': 4.82911239987517e-05, 'epoch': 5.47}
{'loss': 0.4026, 'learning_rate': 4.824782326016852e-05, 'epoch': 5.47}
{'loss': 0.3796, 'learning_rate': 4.8204522521585355e-05, 'epoch': 5.48}
{'loss': 0.4244, 'learning_rate': 4.816122178300219e-05, 'epoch': 5.48}
{'loss': 0.3641, 'learning_rate': 4.811792104441902e-05, 'epoch': 5.48}
{'loss': 0.3718, 'learning_rate': 4.807462030583585e-05, 'epoch': 5.49}
{'loss': 0.3399, 'learning_rate': 4.803131956725269e-05, 'epoch': 5.49}
{'loss': 0.3666, 'learning_rate': 4.7988018828669515e-05, 'epoch': 5.5}
{'loss': 0.3533, 'learning_rate': 4.794471809008635e-05, 'epoch': 5.5}
{'loss': 0.4026, 'learning_rate': 4.790141735150317e-05, 'epoch': 5.5}
{'loss': 0.3814, 'learning_rate': 4.7858116612920005e-05, 'epoch': 5.51}
{'loss': 0.3644, 'learning_rate': 4.781481587433684e-05, 'epoch': 5.51}
{'loss': 0.3697, 'learning_rate': 4.777238115052533e-05, 'epoch': 5.52}
{'loss': 0.3553, 'learning_rate': 4.7729080411942164e-05, 'epoch': 5.52}
{'loss': 0.3633, 'learning_rate': 4.7685779673359e-05, 'epoch': 5.52}
{'loss': 0.3578, 'learning_rate': 4.7642478934775826e-05, 'epoch': 5.53}
{'loss': 0.3717, 'learning_rate': 4.759917819619266e-05, 'epoch': 5.53}
{'loss': 0.3544, 'learning_rate': 4.7555877457609496e-05, 'epoch': 5.54}
{'loss': 0.3654, 'learning_rate': 4.751257671902632e-05, 'epoch': 5.54}
{'loss': 0.3922, 'learning_rate': 4.746927598044315e-05, 'epoch': 5.55}
{'loss': 0.3989, 'learning_rate': 4.742597524185999e-05, 'epoch': 5.55}
{'loss': 0.3723, 'learning_rate': 4.7382674503276814e-05, 'epoch': 5.55}
{'loss': 0.3823, 'learning_rate': 4.733937376469365e-05, 'epoch': 5.56}
{'loss': 0.3608, 'learning_rate': 4.729607302611048e-05, 'epoch': 5.56}
{'loss': 0.3815, 'learning_rate': 4.725277228752731e-05, 'epoch': 5.57}
{'loss': 0.3834, 'learning_rate': 4.720947154894415e-05, 'epoch': 5.57}
{'loss': 0.3974, 'learning_rate': 4.716617081036097e-05, 'epoch': 5.57}
{'loss': 0.3876, 'learning_rate': 4.71228700717778e-05, 'epoch': 5.58}
{'loss': 0.3506, 'learning_rate': 4.707956933319464e-05, 'epoch': 5.58}
{'loss': 0.3825, 'learning_rate': 4.7036268594611465e-05, 'epoch': 5.59}
{'loss': 0.3411, 'learning_rate': 4.69929678560283e-05, 'epoch': 5.59}
{'loss': 0.4009, 'learning_rate': 4.6949667117445135e-05, 'epoch': 5.59}
{'loss': 0.3408, 'learning_rate': 4.6906366378861956e-05, 'epoch': 5.6}
{'loss': 0.4078, 'learning_rate': 4.68630656402788e-05, 'epoch': 5.6}
{'loss': 0.369, 'learning_rate': 4.681976490169562e-05, 'epoch': 5.61}
{'loss': 0.3611, 'learning_rate': 4.6776464163112454e-05, 'epoch': 5.61}
{'loss': 0.3616, 'learning_rate': 4.673316342452929e-05, 'epoch': 5.61}
{'loss': 0.3761, 'learning_rate': 4.6689862685946116e-05, 'epoch': 5.62}
{'loss': 0.3734, 'learning_rate': 4.664656194736295e-05, 'epoch': 5.62}
{'loss': 0.3871, 'learning_rate': 4.6603261208779786e-05, 'epoch': 5.63}
{'loss': 0.3648, 'learning_rate': 4.655996047019661e-05, 'epoch': 5.63}
{'loss': 0.3419, 'learning_rate': 4.651665973161344e-05, 'epoch': 5.63}
{'loss': 0.3646, 'learning_rate': 4.6473358993030277e-05, 'epoch': 5.64}
{'loss': 0.3775, 'learning_rate': 4.6430058254447105e-05, 'epoch': 5.64}
{'loss': 0.374, 'learning_rate': 4.638675751586394e-05, 'epoch': 5.65}
{'loss': 0.4003, 'learning_rate': 4.634345677728076e-05, 'epoch': 5.65}
{'loss': 0.397, 'learning_rate': 4.63001560386976e-05, 'epoch': 5.66}
{'loss': 0.3879, 'learning_rate': 4.625685530011444e-05, 'epoch': 5.66}
{'loss': 0.3521, 'learning_rate': 4.621355456153126e-05, 'epoch': 5.66}
{'loss': 0.3807, 'learning_rate': 4.617025382294809e-05, 'epoch': 5.67}
{'loss': 0.3838, 'learning_rate': 4.612695308436493e-05, 'epoch': 5.67}
{'loss': 0.3741, 'learning_rate': 4.6083652345781756e-05, 'epoch': 5.68}
{'loss': 0.3909, 'learning_rate': 4.604035160719859e-05, 'epoch': 5.68}
{'loss': 0.37, 'learning_rate': 4.5997050868615425e-05, 'epoch': 5.68}
{'loss': 0.3741, 'learning_rate': 4.5953750130032246e-05, 'epoch': 5.69}
{'loss': 0.3408, 'learning_rate': 4.591044939144908e-05, 'epoch': 5.69}
{'loss': 0.3891, 'learning_rate': 4.586714865286592e-05, 'epoch': 5.7}
{'loss': 0.3911, 'learning_rate': 4.5823847914282744e-05, 'epoch': 5.7}
{'loss': 0.363, 'learning_rate': 4.578054717569958e-05, 'epoch': 5.7}
{'loss': 0.3869, 'learning_rate': 4.5737246437116406e-05, 'epoch': 5.71}
{'loss': 0.3652, 'learning_rate': 4.569394569853324e-05, 'epoch': 5.71}
{'loss': 0.3869, 'learning_rate': 4.5651510974721737e-05, 'epoch': 5.72}
{'loss': 0.3645, 'learning_rate': 4.5608210236138565e-05, 'epoch': 5.72}
{'loss': 0.3942, 'learning_rate': 4.55649094975554e-05, 'epoch': 5.72}
{'loss': 0.4144, 'learning_rate': 4.5521608758972234e-05, 'epoch': 5.73}
{'loss': 0.3703, 'learning_rate': 4.5478308020389055e-05, 'epoch': 5.73}
{'loss': 0.3763, 'learning_rate': 4.543500728180589e-05, 'epoch': 5.74}
{'loss': 0.3819, 'learning_rate': 4.5391706543222725e-05, 'epoch': 5.74}
{'loss': 0.3536, 'learning_rate': 4.534840580463955e-05, 'epoch': 5.74}
{'loss': 0.3865, 'learning_rate': 4.530510506605639e-05, 'epoch': 5.75}
{'loss': 0.3689, 'learning_rate': 4.526180432747322e-05, 'epoch': 5.75}
{'loss': 0.3947, 'learning_rate': 4.5218503588890043e-05, 'epoch': 5.76}
{'loss': 0.3931, 'learning_rate': 4.5175202850306885e-05, 'epoch': 5.76}
{'loss': 0.3548, 'learning_rate': 4.5131902111723706e-05, 'epoch': 5.77}
{'loss': 0.3852, 'learning_rate': 4.508860137314054e-05, 'epoch': 5.77}
{'loss': 0.4078, 'learning_rate': 4.5045300634557376e-05, 'epoch': 5.77}
{'loss': 0.3483, 'learning_rate': 4.5001999895974204e-05, 'epoch': 5.78}
{'loss': 0.3614, 'learning_rate': 4.495869915739104e-05, 'epoch': 5.78}
{'loss': 0.4163, 'learning_rate': 4.491539841880787e-05, 'epoch': 5.79}
{'loss': 0.3941, 'learning_rate': 4.4872097680224694e-05, 'epoch': 5.79}
{'loss': 0.3821, 'learning_rate': 4.482879694164153e-05, 'epoch': 5.79}
{'loss': 0.3765, 'learning_rate': 4.4785496203058364e-05, 'epoch': 5.8}
{'loss': 0.3739, 'learning_rate': 4.474219546447519e-05, 'epoch': 5.8}
{'loss': 0.381, 'learning_rate': 4.469889472589203e-05, 'epoch': 5.81}
{'loss': 0.3721, 'learning_rate': 4.465559398730885e-05, 'epoch': 5.81}
{'loss': 0.3711, 'learning_rate': 4.461229324872569e-05, 'epoch': 5.81}
{'loss': 0.3786, 'learning_rate': 4.4568992510142524e-05, 'epoch': 5.82}
{'loss': 0.382, 'learning_rate': 4.4525691771559345e-05, 'epoch': 5.82}
{'loss': 0.3651, 'learning_rate': 4.448239103297618e-05, 'epoch': 5.83}
{'loss': 0.3501, 'learning_rate': 4.4439090294393015e-05, 'epoch': 5.83}
{'loss': 0.3979, 'learning_rate': 4.439578955580984e-05, 'epoch': 5.83}
{'loss': 0.3877, 'learning_rate': 4.435248881722668e-05, 'epoch': 5.84}
{'loss': 0.3719, 'learning_rate': 4.430918807864351e-05, 'epoch': 5.84}
{'loss': 0.3715, 'learning_rate': 4.4265887340060334e-05, 'epoch': 5.85}
{'loss': 0.3565, 'learning_rate': 4.422258660147717e-05, 'epoch': 5.85}
{'loss': 0.3351, 'learning_rate': 4.4179285862893996e-05, 'epoch': 5.85}
{'loss': 0.3702, 'learning_rate': 4.413598512431083e-05, 'epoch': 5.86}
{'loss': 0.3715, 'learning_rate': 4.4092684385727666e-05, 'epoch': 5.86}
{'loss': 0.4114, 'learning_rate': 4.4049383647144494e-05, 'epoch': 5.87}
{'loss': 0.3976, 'learning_rate': 4.400608290856133e-05, 'epoch': 5.87}
{'loss': 0.365, 'learning_rate': 4.396278216997816e-05, 'epoch': 5.88}
{'loss': 0.3682, 'learning_rate': 4.3919481431394984e-05, 'epoch': 5.88}
{'loss': 0.3801, 'learning_rate': 4.387618069281182e-05, 'epoch': 5.88}
{'loss': 0.3805, 'learning_rate': 4.383374596900032e-05, 'epoch': 5.89}
{'loss': 0.3759, 'learning_rate': 4.379044523041714e-05, 'epoch': 5.89}
{'loss': 0.3779, 'learning_rate': 4.374714449183398e-05, 'epoch': 5.9}
{'loss': 0.3738, 'learning_rate': 4.370384375325081e-05, 'epoch': 5.9}
{'loss': 0.3624, 'learning_rate': 4.366054301466764e-05, 'epoch': 5.9}
{'loss': 0.367, 'learning_rate': 4.3617242276084475e-05, 'epoch': 5.91}
{'loss': 0.3515, 'learning_rate': 4.3573941537501296e-05, 'epoch': 5.91}
{'loss': 0.3786, 'learning_rate': 4.353064079891814e-05, 'epoch': 5.92}
{'loss': 0.3545, 'learning_rate': 4.348734006033497e-05, 'epoch': 5.92}
{'loss': 0.3556, 'learning_rate': 4.3444039321751793e-05, 'epoch': 5.92}
{'loss': 0.3592, 'learning_rate': 4.340073858316863e-05, 'epoch': 5.93}
{'loss': 0.3487, 'learning_rate': 4.335743784458546e-05, 'epoch': 5.93}
{'loss': 0.3692, 'learning_rate': 4.331413710600229e-05, 'epoch': 5.94}
{'loss': 0.3813, 'learning_rate': 4.3270836367419126e-05, 'epoch': 5.94}
{'loss': 0.3352, 'learning_rate': 4.322753562883596e-05, 'epoch': 5.94}
{'loss': 0.3465, 'learning_rate': 4.318423489025278e-05, 'epoch': 5.95}
{'loss': 0.3487, 'learning_rate': 4.3140934151669616e-05, 'epoch': 5.95}
{'loss': 0.3905, 'learning_rate': 4.3097633413086444e-05, 'epoch': 5.96}
{'loss': 0.3677, 'learning_rate': 4.305433267450328e-05, 'epoch': 5.96}
{'loss': 0.3599, 'learning_rate': 4.3011031935920114e-05, 'epoch': 5.96}
{'loss': 0.4013, 'learning_rate': 4.296773119733694e-05, 'epoch': 5.97}
{'loss': 0.3942, 'learning_rate': 4.292443045875378e-05, 'epoch': 5.97}
{'loss': 0.359, 'learning_rate': 4.288112972017061e-05, 'epoch': 5.98}
{'loss': 0.3848, 'learning_rate': 4.283782898158743e-05, 'epoch': 5.98}
{'loss': 0.3792, 'learning_rate': 4.279452824300427e-05, 'epoch': 5.99}
{'loss': 0.3975, 'learning_rate': 4.27512275044211e-05, 'epoch': 5.99}
{'loss': 0.382, 'learning_rate': 4.270792676583793e-05, 'epoch': 5.99}
{'loss': 0.3756, 'learning_rate': 4.2664626027254765e-05, 'epoch': 6.0}
[INFO|trainer.py:520] 2026-10-04 15:50:08,934 >> The following columns in the evaluation set  don't have a corresponding argument in `PETLEncModel.forward` and have been ignored: hypothesis, premise, idx.
[INFO|trainer.py:2179] 2026-10-04 15:50:08,936 >> ***** Running Evaluation *****
[INFO|trainer.py:2181] 2026-10-04 15:50:08,936 >>   Num examples = 9815
[INFO|trainer.py:2184] 2026-10-04 15:50:08,936 >>   Batch size = 32
{'eval_loss': 0.363164484500885, 'eval_accuracy': 0.8642893530310749, 'eval_runtime': 15.9028, 'eval_samples_per_second': 617.186, 'eval_steps_per_second': 19.305, 'epoch': 6.0}
[INFO|trainer.py:1933] 2026-10-04 15:50:24,840 >> Saving model checkpoint to checkpoints/glue/mnli/20261004/glue.mnli.mam.am_prefix.ao_concat.fm_adapter.fo_parallel.abn.fbn.ac_add.fl_none.finit_lora.fs_2.unfrz_ef_.ne10.warm0.06.wd0.1.seed42./checkpoint-73632
[INFO|configuration_utils.py:364] 2026-10-04 15:50:24,841 >> Configuration saved in checkpoints/glue/mnli/20261004/glue.mnli.mam.am_prefix.ao_concat.fm_adapter.fo_parallel.abn.fbn.ac_add.fl_none.finit_lora.fs_2.unfrz_ef_.ne10.warm0.06.wd0.1.seed42./checkpoint-73632/config.json
[INFO|modeling_utils.py:898] 2026-10-04 15:50:25,229 >> Model weights saved in checkpoints/glue/mnli/20261004/glue.mnli.mam.am_prefix.ao_concat.fm_adapter.fo_parallel.abn.fbn.ac_add.fl_none.finit_lora.fs_2.unfrz_ef_.ne10.warm0.06.wd0.1.seed42./checkpoint-73632/pytorch_model.bin
[INFO|tokenization_utils_base.py:1948] 2026-10-04 15:50:25,230 >> tokenizer config file saved in checkpoints/glue/mnli/20261004/glue.mnli.mam.am_prefix.ao_concat.fm_adapter.fo_parallel.abn.fbn.ac_add.fl_none.finit_lora.fs_2.unfrz_ef_.ne10.warm0.06.wd0.1.seed42./checkpoint-73632/tokenizer_config.json
[INFO|tokenization_utils_base.py:1954] 2026-10-04 15:50:25,231 >> Special tokens file saved in checkpoints/glue/mnli/20261004/glue.mnli.mam.am_prefix.ao_concat.fm_adapter.fo_parallel.abn.fbn.ac_add.fl_none.finit_lora.fs_2.unfrz_ef_.ne10.warm0.06.wd0.1.seed42./checkpoint-73632/special_tokens_map.json
[INFO|trainer.py:2009] 2026-10-04 15:50:25,368 >> Deleting older checkpoint [checkpoints/glue/mnli/20261004/glue.mnli.mam.am_prefix.ao_concat.fm_adapter.fo_parallel.abn.fbn.ac_add.fl_none.finit_lora.fs_2.unfrz_ef_.ne10.warm0.06.wd0.1.seed42./checkpoint-49088] due to args.save_total_limit
/work/unify-parameter-efficient-tuning/src/transformers/trainer.py:1784: FutureWarning: `torch.cuda.amp.autocast(args...)` is deprecated. Please use `torch.amp.autocast('cuda', args...)` instead.
  with autocast():
{'loss': 0.3511, 'learning_rate': 4.26213252886716e-05, 'epoch': 6.0}
{'loss': 0.3817, 'learning_rate': 4.257802455008842e-05, 'epoch': 6.01}
{'loss': 0.3729, 'learning_rate': 4.253472381150526e-05, 'epoch': 6.01}
{'loss': 0.3708, 'learning_rate': 4.2491423072922084e-05, 'epoch': 6.01}
{'loss': 0.335, 'learning_rate': 4.244812233433892e-05, 'epoch': 6.02}
{'loss': 0.3662, 'learning_rate': 4.240482159575575e-05, 'epoch': 6.02}
{'loss': 0.3401, 'learning_rate': 4.236152085717258e-05, 'epoch': 6.03}
{'loss': 0.3518, 'learning_rate': 4.2318220118589416e-05, 'epoch': 6.03}
{'loss': 0.3672, 'learning_rate': 4.227491938000625e-05, 'epoch': 6.03}
{'loss': 0.3539, 'learning_rate': 4.223161864142307e-05, 'epoch': 6.04}
{'loss': 0.3715, 'learning_rate': 4.2188317902839907e-05, 'epoch': 6.04}
{'loss': 0.3742, 'learning_rate': 4.214501716425674e-05, 'epoch': 6.05}
{'loss': 0.3588, 'learning_rate': 4.210171642567357e-05, 'epoch': 6.05}
{'loss': 0.3773, 'learning_rate': 4.2058415687090404e-05, 'epoch': 6.05}
{'loss': 0.3848, 'learning_rate': 4.2015114948507225e-05, 'epoch': 6.06}
{'loss': 0.3719, 'learning_rate': 4.197181420992407e-05, 'epoch': 6.06}
{'loss': 0.3522, 'learning_rate': 4.19285134713409e-05, 'epoch': 6.07}
{'loss': 0.34, 'learning_rate': 4.188521273275772e-05, 'epoch': 6.07}
{'loss': 0.3693, 'learning_rate': 4.184191199417456e-05, 'epoch': 6.07}
{'loss': 0.3553, 'learning_rate': 4.179861125559139e-05, 'epoch': 6.08}
{'loss': 0.3559, 'learning_rate': 4.175531051700822e-05, 'epoch': 6.08}
{'loss': 0.3753, 'learning_rate': 4.1712009778425055e-05, 'epoch': 6.09}
{'loss': 0.3875, 'learning_rate': 4.166870903984189e-05, 'epoch': 6.09}
{'loss': 0.3396, 'learning_rate': 4.162540830125871e-05, 'epoch': 6.1}
{'loss': 0.4141, 'learning_rate': 4.1582107562675546e-05, 'epoch': 6.1}
{'loss': 0.3409, 'learning_rate': 4.1538806824092374e-05, 'epoch': 6.1}
{'loss': 0.3779, 'learning_rate': 4.149550608550921e-05, 'epoch': 6.11}
{'loss': 0.3749, 'learning_rate': 4.145220534692604e-05, 'epoch': 6.11}
{'loss': 0.376, 'learning_rate': 4.140977062311453e-05, 'epoch': 6.12}
{'loss': 0.3845, 'learning_rate': 4.1366469884531367e-05, 'epoch': 6.12}
{'loss': 0.3679, 'learning_rate': 4.13231691459482e-05, 'epoch': 6.12}
{'loss': 0.3942, 'learning_rate': 4.127986840736503e-05, 'epoch': 6.13}
{'loss': 0.3954, 'learning_rate': 4.1236567668781864e-05, 'epoch': 6.13}
{'loss': 0.3843, 'learning_rate': 4.11932669301987e-05, 'epoch': 6.14}
{'loss': 0.3636, 'learning_rate': 4.114996619161552e-05, 'epoch': 6.14}
{'loss': 0.3628, 'learning_rate': 4.1106665453032355e-05, 'epoch': 6.14}
{'loss': 0.3353, 'learning_rate': 4.106336471444919e-05, 'epoch': 6.15}
{'loss': 0.3568, 'learning_rate': 4.102006397586602e-05, 'epoch': 6.15}
{'loss': 0.3729, 'learning_rate': 4.097676323728285e-05, 'epoch': 6.16}
{'loss': 0.36, 'learning_rate': 4.0933462498699673e-05, 'epoch': 6.16}
{'loss': 0.3673, 'learning_rate': 4.089016176011651e-05, 'epoch': 6.16}
{'loss': 0.3534, 'learning_rate': 4.084686102153335e-05, 'epoch': 6.17}
{'loss': 0.3744, 'learning_rate': 4.080356028295017e-05, 'epoch': 6.17}
{'loss': 0.3504, 'learning_rate': 4.0760259544367006e-05, 'epoch': 6.18}
{'loss': 0.3517, 'learning_rate': 4.071695880578384e-05, 'epoch': 6.18}
{'loss': 0.378, 'learning_rate': 4.067365806720067e-05, 'epoch': 6.18}
{'loss': 0.3571, 'learning_rate': 4.06303573286175e-05, 'epoch': 6.19}
{'loss': 0.3703, 'learning_rate': 4.058705659003434e-05, 'epoch': 6.19}
{'loss': 0.3716, 'learning_rate': 4.054375585145116e-05, 'epoch': 6.2}
{'loss': 0.3872, 'learning_rate': 4.0500455112867994e-05, 'epoch': 6.2}
{'loss': 0.3504, 'learning_rate': 4.045715437428482e-05, 'epoch': 6.21}
{'loss': 0.3657, 'learning_rate': 4.0413853635701657e-05, 'epoch': 6.21}
{'loss': 0.3708, 'learning_rate': 4.037055289711849e-05, 'epoch': 6.21}
{'loss': 0.384, 'learning_rate': 4.032725215853531e-05, 'epoch': 6.22}
{'loss': 0.3393, 'learning_rate': 4.0283951419952154e-05, 'epoch': 6.22}
{'loss': 0.3646, 'learning_rate': 4.024065068136899e-05, 'epoch': 6.23}
{'loss': 0.3874, 'learning_rate': 4.019734994278581e-05, 'epoch': 6.23}
{'loss': 0.385, 'learning_rate': 4.0154049204202645e-05, 'epoch': 6.23}
{'loss': 0.333, 'learning_rate': 4.011074846561948e-05, 'epoch': 6.24}
{'loss': 0.3744, 'learning_rate': 4.006744772703631e-05, 'epoch': 6.24}
{'loss': 0.3693, 'learning_rate': 4.002414698845314e-05, 'epoch': 6.25}
{'loss': 0.3213, 'learning_rate': 3.998084624986998e-05, 'epoch': 6.25}
{'loss': 0.3616, 'learning_rate': 3.99375455112868e-05, 'epoch': 6.25}
{'loss': 0.3563, 'learning_rate': 3.989424477270363e-05, 'epoch': 6.26}
{'loss': 0.3445, 'learning_rate': 3.985094403412046e-05, 'epoch': 6.26}
{'loss': 0.3599, 'learning_rate': 3.9807643295537296e-05, 'epoch': 6.27}
{'loss': 0.3625, 'learning_rate': 3.976434255695413e-05, 'epoch': 6.27}
{'loss': 0.348, 'learning_rate': 3.972104181837096e-05, 'epoch': 6.27}
{'loss': 0.3824, 'learning_rate': 3.967774107978779e-05, 'epoch': 6.28}
{'loss': 0.3628, 'learning_rate': 3.963530635597629e-05, 'epoch': 6.28}
{'loss': 0.3509, 'learning_rate': 3.9592005617393117e-05, 'epoch': 6.29}
{'loss': 0.405, 'learning_rate': 3.954870487880995e-05, 'epoch': 6.29}
{'loss': 0.3632, 'learning_rate': 3.9505404140226786e-05, 'epoch': 6.29}
{'loss': 0.3851, 'learning_rate': 3.946210340164361e-05, 'epoch': 6.3}
{'loss': 0.346, 'learning_rate': 3.941880266306044e-05, 'epoch': 6.3}
{'loss': 0.3762, 'learning_rate': 3.937550192447727e-05, 'epoch': 6.31}
{'loss': 0.3679, 'learning_rate': 3.9332201185894105e-05, 'epoch': 6.31}
{'loss': 0.3652, 'learning_rate': 3.928890044731094e-05, 'epoch': 6.32}
{'loss': 0.3788, 'learning_rate': 3.924559970872776e-05, 'epoch': 6.32}
{'loss': 0.3823, 'learning_rate': 3.9202298970144595e-05, 'epoch': 6.32}
{'loss': 0.3736, 'learning_rate': 3.915899823156144e-05, 'epoch': 6.33}
{'loss': 0.3584, 'learning_rate': 3.911569749297826e-05, 'epoch': 6.33}
{'loss': 0.3468, 'learning_rate': 3.907239675439509e-05, 'epoch': 6.34}
{'loss': 0.3675, 'learning_rate': 3.902909601581193e-05, 'epoch': 6.34}
{'loss': 0.3764, 'learning_rate': 3.8985795277228756e-05, 'epoch': 6.34}
{'loss': 0.3762, 'learning_rate': 3.894249453864559e-05, 'epoch': 6.35}
{'loss': 0.3878, 'learning_rate': 3.8899193800062425e-05, 'epoch': 6.35}
{'loss': 0.3672, 'learning_rate': 3.8855893061479246e-05, 'epoch': 6.36}
{'loss': 0.3821, 'learning_rate': 3.881259232289608e-05, 'epoch': 6.36}
{'loss': 0.3729, 'learning_rate': 3.876929158431291e-05, 'epoch': 6.36}
{'loss': 0.3726, 'learning_rate': 3.8725990845729744e-05, 'epoch': 6.37}
{'loss': 0.3466, 'learning_rate': 3.868269010714658e-05, 'epoch': 6.37}
{'loss': 0.3591, 'learning_rate': 3.86393893685634e-05, 'epoch': 6.38}
{'loss': 0.3658, 'learning_rate': 3.859608862998024e-05, 'epoch': 6.38}
{'loss': 0.4034, 'learning_rate': 3.8552787891397076e-05, 'epoch': 6.38}
{'loss': 0.3564, 'learning_rate': 3.85094871528139e-05, 'epoch': 6.39}
{'loss': 0.3647, 'learning_rate': 3.846618641423073e-05, 'epoch': 6.39}
{'loss': 0.3806, 'learning_rate': 3.842288567564757e-05, 'epoch': 6.4}
{'loss': 0.374, 'learning_rate': 3.8379584937064395e-05, 'epoch': 6.4}
{'loss': 0.3498, 'learning_rate': 3.833628419848123e-05, 'epoch': 6.4}
{'loss': 0.361, 'learning_rate': 3.829298345989805e-05, 'epoch': 6.41}
{'loss': 0.3735, 'learning_rate': 3.8249682721314886e-05, 'epoch': 6.41}
{'loss': 0.3695, 'learning_rate': 3.820638198273173e-05, 'epoch': 6.42}
{'loss': 0.3368, 'learning_rate': 3.816308124414855e-05, 'epoch': 6.42}
{'loss': 0.3497, 'learning_rate': 3.811978050556538e-05, 'epoch': 6.43}
{'loss': 0.326, 'learning_rate': 3.807647976698222e-05, 'epoch': 6.43}
{'loss': 0.3611, 'learning_rate': 3.8033179028399046e-05, 'epoch': 6.43}
{'loss': 0.3502, 'learning_rate': 3.798987828981588e-05, 'epoch': 6.44}
{'loss': 0.3503, 'learning_rate': 3.7946577551232715e-05, 'epoch': 6.44}
{'loss': 0.3512, 'learning_rate': 3.7903276812649536e-05, 'epoch': 6.45}
{'loss': 0.3491, 'learning_rate': 3.785997607406637e-05, 'epoch': 6.45}
{'loss': 0.3801, 'learning_rate': 3.781754135025487e-05, 'epoch': 6.45}
{'loss': 0.3699, 'learning_rate': 3.7774240611671695e-05, 'epoch': 6.46}
{'loss': 0.3621, 'learning_rate': 3.773093987308853e-05, 'epoch': 6.46}
{'loss': 0.3654, 'learning_rate': 3.768763913450536e-05, 'epoch': 6.47}
{'loss': 0.3673, 'learning_rate': 3.764433839592219e-05, 'epoch': 6.47}
{'loss': 0.3321, 'learning_rate': 3.760103765733903e-05, 'epoch': 6.47}
{'loss': 0.3568, 'learning_rate': 3.755773691875585e-05, 'epoch': 6.48}
{'loss': 0.3963, 'learning_rate': 3.751443618017269e-05, 'epoch': 6.48}
{'loss': 0.3256, 'learning_rate': 3.7471135441589524e-05, 'epoch': 6.49}
{'loss': 0.3421, 'learning_rate': 3.7427834703006346e-05, 'epoch': 6.49}
{'loss': 0.3587, 'learning_rate': 3.738539997919485e-05, 'epoch': 6.49}
{'loss': 0.3525, 'learning_rate': 3.734209924061168e-05, 'epoch': 6.5}
{'loss': 0.3895, 'learning_rate': 3.7298798502028504e-05, 'epoch': 6.5}
{'loss': 0.3499, 'learning_rate': 3.725549776344534e-05, 'epoch': 6.51}
{'loss': 0.3426, 'learning_rate': 3.7212197024862166e-05, 'epoch': 6.51}
{'loss': 0.3583, 'learning_rate': 3.7168896286279e-05, 'epoch': 6.51}
{'loss': 0.3782, 'learning_rate': 3.7125595547695836e-05, 'epoch': 6.52}
{'loss': 0.3593, 'learning_rate': 3.708229480911266e-05, 'epoch': 6.52}
{'loss': 0.3587, 'learning_rate': 3.703899407052949e-05, 'epoch': 6.53}
{'loss': 0.3829, 'learning_rate': 3.6995693331946327e-05, 'epoch': 6.53}
{'loss': 0.3595, 'learning_rate': 3.6952392593363155e-05, 'epoch': 6.54}
{'loss': 0.3501, 'learning_rate': 3.690909185477999e-05, 'epoch': 6.54}
{'loss': 0.3665, 'learning_rate': 3.6865791116196824e-05, 'epoch': 6.54}
{'loss': 0.3634, 'learning_rate': 3.682249037761365e-05, 'epoch': 6.55}
{'loss': 0.3686, 'learning_rate': 3.677918963903049e-05, 'epoch': 6.55}
{'loss': 0.3691, 'learning_rate': 3.673588890044732e-05, 'epoch': 6.56}
{'loss': 0.375, 'learning_rate': 3.669258816186414e-05, 'epoch': 6.56}
{'loss': 0.3651, 'learning_rate': 3.664928742328098e-05, 'epoch': 6.56}
{'loss': 0.3769, 'learning_rate': 3.6605986684697805e-05, 'epoch': 6.57}
{'loss': 0.3576, 'learning_rate': 3.656268594611464e-05, 'epoch': 6.57}
{'loss': 0.3599, 'learning_rate': 3.6519385207531475e-05, 'epoch': 6.58}
{'loss': 0.3506, 'learning_rate': 3.6476084468948296e-05, 'epoch': 6.58}
{'loss': 0.3982, 'learning_rate': 3.643278373036513e-05, 'epoch': 6.58}
{'loss': 0.323, 'learning_rate': 3.638948299178197e-05, 'epoch': 6.59}
{'loss': 0.3615, 'learning_rate': 3.6346182253198794e-05, 'epoch': 6.59}
{'loss': 0.3456, 'learning_rate': 3.630288151461563e-05, 'epoch': 6.6}
{'loss': 0.3497, 'learning_rate': 3.625958077603246e-05, 'epoch': 6.6}
{'loss': 0.3564, 'learning_rate': 3.621628003744929e-05, 'epoch': 6.6}
{'loss': 0.3877, 'learning_rate': 3.6172979298866126e-05, 'epoch': 6.61}
{'loss': 0.3471, 'learning_rate': 3.612967856028295e-05, 'epoch': 6.61}
{'loss': 0.391, 'learning_rate': 3.608637782169978e-05, 'epoch': 6.62}
{'loss': 0.3465, 'learning_rate': 3.604307708311662e-05, 'epoch': 6.62}
{'loss': 0.3498, 'learning_rate': 3.5999776344533445e-05, 'epoch': 6.62}
{'loss': 0.355, 'learning_rate': 3.595647560595028e-05, 'epoch': 6.63}
{'loss': 0.367, 'learning_rate': 3.5913174867367114e-05, 'epoch': 6.63}
{'loss': 0.3488, 'learning_rate': 3.5869874128783935e-05, 'epoch': 6.64}
{'loss': 0.3372, 'learning_rate': 3.582657339020078e-05, 'epoch': 6.64}
{'loss': 0.347, 'learning_rate': 3.578327265161761e-05, 'epoch': 6.65}
{'loss': 0.378, 'learning_rate': 3.573997191303443e-05, 'epoch': 6.65}
{'loss': 0.3397, 'learning_rate': 3.569667117445127e-05, 'epoch': 6.65}
{'loss': 0.4001, 'learning_rate': 3.5653370435868096e-05, 'epoch': 6.66}
{'loss': 0.3684, 'learning_rate': 3.561006969728493e-05, 'epoch': 6.66}
{'loss': 0.3857, 'learning_rate': 3.5566768958701765e-05, 'epoch': 6.67}
{'loss': 0.3515, 'learning_rate': 3.5523468220118586e-05, 'epoch': 6.67}
{'loss': 0.3544, 'learning_rate': 3.548016748153542e-05, 'epoch': 6.67}
{'loss': 0.3636, 'learning_rate': 3.5436866742952256e-05, 'epoch': 6.68}
{'loss': 0.3626, 'learning_rate': 3.5393566004369084e-05, 'epoch': 6.68}
{'loss': 0.3585, 'learning_rate': 3.535026526578592e-05, 'epoch': 6.69}
{'loss': 0.3235, 'learning_rate': 3.530696452720275e-05, 'epoch': 6.69}
{'loss': 0.3781, 'learning_rate': 3.526366378861958e-05, 'epoch': 6.69}
{'loss': 0.3702, 'learning_rate': 3.5220363050036416e-05, 'epoch': 6.7}
{'loss': 0.3705, 'learning_rate': 3.517706231145325e-05, 'epoch': 6.7}
{'loss': 0.3628, 'learning_rate': 3.513376157287007e-05, 'epoch': 6.71}
{'loss': 0.369, 'learning_rate': 3.509046083428691e-05, 'epoch': 6.71}
{'loss': 0.3498, 'learning_rate': 3.5047160095703735e-05, 'epoch': 6.71}
{'loss': 0.3617, 'learning_rate': 3.500385935712057e-05, 'epoch': 6.72}
{'loss': 0.3633, 'learning_rate': 3.4960558618537404e-05, 'epoch': 6.72}
{'loss': 0.3515, 'learning_rate': 3.4917257879954225e-05, 'epoch': 6.73}
{'loss': 0.3734, 'learning_rate': 3.487395714137106e-05, 'epoch': 6.73}
{'loss': 0.4063, 'learning_rate': 3.48306564027879e-05, 'epoch': 6.73}
{'loss': 0.3975, 'learning_rate': 3.478735566420472e-05, 'epoch': 6.74}
{'loss': 0.3663, 'learning_rate': 3.474405492562156e-05, 'epoch': 6.74}
{'loss': 0.3571, 'learning_rate': 3.470075418703839e-05, 'epoch': 6.75}
{'loss': 0.3707, 'learning_rate': 3.465745344845522e-05, 'epoch': 6.75}
{'loss': 0.3814, 'learning_rate': 3.4614152709872055e-05, 'epoch': 6.76}
{'loss': 0.3551, 'learning_rate': 3.4570851971288876e-05, 'epoch': 6.76}
{'loss': 0.38, 'learning_rate': 3.452755123270571e-05, 'epoch': 6.76}
{'loss': 0.3645, 'learning_rate': 3.4484250494122546e-05, 'epoch': 6.77}
{'loss': 0.3535, 'learning_rate': 3.4440949755539374e-05, 'epoch': 6.77}
{'loss': 0.3658, 'learning_rate': 3.439764901695621e-05, 'epoch': 6.78}
{'loss': 0.3754, 'learning_rate': 3.435434827837304e-05, 'epoch': 6.78}
{'loss': 0.3754, 'learning_rate': 3.4311047539789865e-05, 'epoch': 6.78}
{'loss': 0.3567, 'learning_rate': 3.4267746801206706e-05, 'epoch': 6.79}
{'loss': 0.4191, 'learning_rate': 3.422444606262354e-05, 'epoch': 6.79}
{'loss': 0.3873, 'learning_rate': 3.418114532404036e-05, 'epoch': 6.8}
{'loss': 0.3472, 'learning_rate': 3.41378445854572e-05, 'epoch': 6.8}
{'loss': 0.3532, 'learning_rate': 3.4094543846874025e-05, 'epoch': 6.8}
{'loss': 0.3838, 'learning_rate': 3.405124310829086e-05, 'epoch': 6.81}
{'loss': 0.3783, 'learning_rate': 3.4007942369707694e-05, 'epoch': 6.81}
{'loss': 0.3295, 'learning_rate': 3.3964641631124516e-05, 'epoch': 6.82}
{'loss': 0.3688, 'learning_rate': 3.392134089254135e-05, 'epoch': 6.82}
{'loss': 0.3716, 'learning_rate': 3.3878040153958185e-05, 'epoch': 6.82}
{'loss': 0.3791, 'learning_rate': 3.383473941537501e-05, 'epoch': 6.83}
{'loss': 0.3467, 'learning_rate': 3.379143867679185e-05, 'epoch': 6.83}
{'loss': 0.3819, 'learning_rate': 3.374813793820868e-05, 'epoch': 6.84}
{'loss': 0.3585, 'learning_rate': 3.370483719962551e-05, 'epoch': 6.84}
{'loss': 0.3363, 'learning_rate': 3.3661536461042345e-05, 'epoch': 6.84}
{'loss': 0.3566, 'learning_rate': 3.361823572245918e-05, 'epoch': 6.85}
{'loss': 0.3844, 'learning_rate': 3.357580099864767e-05, 'epoch': 6.85}
{'loss': 0.3611, 'learning_rate': 3.35325002600645e-05, 'epoch': 6.86}
{'loss': 0.392, 'learning_rate': 3.3489199521481325e-05, 'epoch': 6.86}
{'loss': 0.3694, 'learning_rate': 3.344589878289816e-05, 'epoch': 6.87}
{'loss': 0.3338, 'learning_rate': 3.3402598044314994e-05, 'epoch': 6.87}
{'loss': 0.3643, 'learning_rate': 3.335929730573182e-05, 'epoch': 6.87}
{'loss': 0.3921, 'learning_rate': 3.331599656714866e-05, 'epoch': 6.88}
{'loss': 0.3717, 'learning_rate': 3.327269582856549e-05, 'epoch': 6.88}
{'loss': 0.3472, 'learning_rate': 3.322939508998231e-05, 'epoch': 6.89}
{'loss': 0.3318, 'learning_rate': 3.318609435139915e-05, 'epoch': 6.89}
{'loss': 0.3353, 'learning_rate': 3.314279361281599e-05, 'epoch': 6.89}
{'loss': 0.3839, 'learning_rate': 3.309949287423281e-05, 'epoch': 6.9}
{'loss': 0.3652, 'learning_rate': 3.3056192135649645e-05, 'epoch': 6.9}
{'loss': 0.3284, 'learning_rate': 3.301289139706647e-05, 'epoch': 6.91}
{'loss': 0.3903, 'learning_rate': 3.296959065848331e-05, 'epoch': 6.91}
{'loss': 0.3726, 'learning_rate': 3.292628991990014e-05, 'epoch': 6.91}
{'loss': 0.3441, 'learning_rate': 3.2882989181316964e-05, 'epoch': 6.92}
{'loss': 0.3525, 'learning_rate': 3.28396884427338e-05, 'epoch': 6.92}
{'loss': 0.3625, 'learning_rate': 3.279638770415063e-05, 'epoch': 6.93}
{'loss': 0.3135, 'learning_rate': 3.275308696556746e-05, 'epoch': 6.93}
{'loss': 0.3798, 'learning_rate': 3.2709786226984296e-05, 'epoch': 6.93}
{'loss': 0.3206, 'learning_rate': 3.266648548840113e-05, 'epoch': 6.94}
{'loss': 0.3501, 'learning_rate': 3.262318474981796e-05, 'epoch': 6.94}
{'loss': 0.3719, 'learning_rate': 3.2579884011234793e-05, 'epoch': 6.95}
{'loss': 0.3819, 'learning_rate': 3.253658327265163e-05, 'epoch': 6.95}
{'loss': 0.3604, 'learning_rate': 3.249328253406845e-05, 'epoch': 6.95}
{'loss': 0.3936, 'learning_rate': 3.2449981795485284e-05, 'epoch': 6.96}
{'loss': 0.3796, 'learning_rate': 3.240668105690211e-05, 'epoch': 6.96}
{'loss': 0.3746, 'learning_rate': 3.236338031831895e-05, 'epoch': 6.97}
{'loss': 0.3529, 'learning_rate': 3.232007957973578e-05, 'epoch': 6.97}
{'loss': 0.3811, 'learning_rate': 3.22767788411526e-05, 'epoch': 6.98}
{'loss': 0.373, 'learning_rate': 3.223347810256944e-05, 'epoch': 6.98}
{'loss': 0.3584, 'learning_rate': 3.219017736398628e-05, 'epoch': 6.98}
{'loss': 0.3833, 'learning_rate': 3.21468766254031e-05, 'epoch': 6.99}
{'loss': 0.385, 'learning_rate': 3.2103575886819935e-05, 'epoch': 6.99}
{'loss': 0.3456, 'learning_rate': 3.206027514823677e-05, 'epoch': 7.0}
{'loss': 0.3577, 'learning_rate': 3.201784042442526e-05, 'epoch': 7.0}
[INFO|trainer.py:520] 2026-10-04 16:00:09,141 >> The following columns in the evaluation set  don't have a corresponding argument in `PETLEncModel.forward` and have been ignored: hypothesis, premise, idx.
[INFO|trainer.py:2179] 2026-10-04 16:00:09,143 >> ***** Running Evaluation *****
[INFO|trainer.py:2181] 2026-10-04 16:00:09,143 >>   Num examples = 9815
[INFO|trainer.py:2184] 2026-10-04 16:00:09,143 >>   Batch size = 32
{'eval_loss': 0.3525260090827942, 'eval_accuracy': 0.8667345899133979, 'eval_runtime': 15.7018, 'eval_samples_per_second': 625.086, 'eval_steps_per_second': 19.552, 'epoch': 7.0}
[INFO|trainer.py:1933] 2026-10-04 16:00:24,846 >> Saving model checkpoint to checkpoints/glue/mnli/20261004/glue.mnli.mam.am_prefix.ao_concat.fm_adapter.fo_parallel.abn.fbn.ac_add.fl_none.finit_lora.fs_2.unfrz_ef_.ne10.warm0.06.wd0.1.seed42./checkpoint-85904
[INFO|configuration_utils.py:364] 2026-10-04 16:00:24,847 >> Configuration saved in checkpoints/glue/mnli/20261004/glue.mnli.mam.am_prefix.ao_concat.fm_adapter.fo_parallel.abn.fbn.ac_add.fl_none.finit_lora.fs_2.unfrz_ef_.ne10.warm0.06.wd0.1.seed42./checkpoint-85904/config.json
[INFO|modeling_utils.py:898] 2026-10-04 16:00:25,217 >> Model weights saved in checkpoints/glue/mnli/20261004/glue.mnli.mam.am_prefix.ao_concat.fm_adapter.fo_parallel.abn.fbn.ac_add.fl_none.finit_lora.fs_2.unfrz_ef_.ne10.warm0.06.wd0.1.seed42./checkpoint-85904/pytorch_model.bin
[INFO|tokenization_utils_base.py:1948] 2026-10-04 16:00:25,219 >> tokenizer config file saved in checkpoints/glue/mnli/20261004/glue.mnli.mam.am_prefix.ao_concat.fm_adapter.fo_parallel.abn.fbn.ac_add.fl_none.finit_lora.fs_2.unfrz_ef_.ne10.warm0.06.wd0.1.seed42./checkpoint-85904/tokenizer_config.json
[INFO|tokenization_utils_base.py:1954] 2026-10-04 16:00:25,220 >> Special tokens file saved in checkpoints/glue/mnli/20261004/glue.mnli.mam.am_prefix.ao_concat.fm_adapter.fo_parallel.abn.fbn.ac_add.fl_none.finit_lora.fs_2.unfrz_ef_.ne10.warm0.06.wd0.1.seed42./checkpoint-85904/special_tokens_map.json
[INFO|trainer.py:2009] 2026-10-04 16:00:25,358 >> Deleting older checkpoint [checkpoints/glue/mnli/20261004/glue.mnli.mam.am_prefix.ao_concat.fm_adapter.fo_parallel.abn.fbn.ac_add.fl_none.finit_lora.fs_2.unfrz_ef_.ne10.warm0.06.wd0.1.seed42./checkpoint-61360] due to args.save_total_limit
/work/unify-parameter-efficient-tuning/src/transformers/trainer.py:1784: FutureWarning: `torch.cuda.amp.autocast(args...)` is deprecated. Please use `torch.amp.autocast('cuda', args...)` instead.
  with autocast():
{'loss': 0.3675, 'learning_rate': 3.197453968584209e-05, 'epoch': 7.0}
{'loss': 0.3988, 'learning_rate': 3.193123894725893e-05, 'epoch': 7.01}
{'loss': 0.3477, 'learning_rate': 3.1887938208675756e-05, 'epoch': 7.01}
{'loss': 0.3483, 'learning_rate': 3.184463747009259e-05, 'epoch': 7.02}
{'loss': 0.3627, 'learning_rate': 3.180133673150941e-05, 'epoch': 7.02}
{'loss': 0.3468, 'learning_rate': 3.1758035992926247e-05, 'epoch': 7.02}
{'loss': 0.3686, 'learning_rate': 3.171473525434308e-05, 'epoch': 7.03}
{'loss': 0.4071, 'learning_rate': 3.167143451575991e-05, 'epoch': 7.03}
{'loss': 0.3099, 'learning_rate': 3.1628133777176744e-05, 'epoch': 7.04}
{'loss': 0.3498, 'learning_rate': 3.158483303859358e-05, 'epoch': 7.04}
{'loss': 0.341, 'learning_rate': 3.15415323000104e-05, 'epoch': 7.04}
{'loss': 0.3483, 'learning_rate': 3.149823156142724e-05, 'epoch': 7.05}
{'loss': 0.3482, 'learning_rate': 3.1454930822844076e-05, 'epoch': 7.05}
{'loss': 0.35, 'learning_rate': 3.14116300842609e-05, 'epoch': 7.06}
{'loss': 0.3663, 'learning_rate': 3.136832934567773e-05, 'epoch': 7.06}
{'loss': 0.3554, 'learning_rate': 3.132502860709456e-05, 'epoch': 7.06}
{'loss': 0.3266, 'learning_rate': 3.1281727868511395e-05, 'epoch': 7.07}
{'loss': 0.341, 'learning_rate': 3.123842712992823e-05, 'epoch': 7.07}
{'loss': 0.3505, 'learning_rate': 3.119512639134505e-05, 'epoch': 7.08}
{'loss': 0.3502, 'learning_rate': 3.1151825652761886e-05, 'epoch': 7.08}
{'loss': 0.3349, 'learning_rate': 3.110852491417872e-05, 'epoch': 7.09}
{'loss': 0.4036, 'learning_rate': 3.106522417559555e-05, 'epoch': 7.09}
{'loss': 0.3452, 'learning_rate': 3.102192343701238e-05, 'epoch': 7.09}
{'loss': 0.3527, 'learning_rate': 3.097862269842922e-05, 'epoch': 7.1}
{'loss': 0.3532, 'learning_rate': 3.0935321959846046e-05, 'epoch': 7.1}
{'loss': 0.3622, 'learning_rate': 3.089202122126288e-05, 'epoch': 7.11}
{'loss': 0.3731, 'learning_rate': 3.08487204826797e-05, 'epoch': 7.11}
{'loss': 0.3824, 'learning_rate': 3.080541974409654e-05, 'epoch': 7.11}
{'loss': 0.3545, 'learning_rate': 3.076211900551337e-05, 'epoch': 7.12}
{'loss': 0.3435, 'learning_rate': 3.07188182669302e-05, 'epoch': 7.12}
{'loss': 0.3648, 'learning_rate': 3.0675517528347034e-05, 'epoch': 7.13}
{'loss': 0.3577, 'learning_rate': 3.063221678976387e-05, 'epoch': 7.13}
{'loss': 0.3334, 'learning_rate': 3.058891605118069e-05, 'epoch': 7.13}
{'loss': 0.3412, 'learning_rate': 3.0545615312597525e-05, 'epoch': 7.14}
{'loss': 0.3699, 'learning_rate': 3.0502314574014363e-05, 'epoch': 7.14}
{'loss': 0.3829, 'learning_rate': 3.0459013835431184e-05, 'epoch': 7.15}
{'loss': 0.3272, 'learning_rate': 3.041571309684802e-05, 'epoch': 7.15}
{'loss': 0.3782, 'learning_rate': 3.037241235826485e-05, 'epoch': 7.15}
{'loss': 0.3539, 'learning_rate': 3.032911161968168e-05, 'epoch': 7.16}
{'loss': 0.3633, 'learning_rate': 3.0285810881098513e-05, 'epoch': 7.16}
{'loss': 0.3717, 'learning_rate': 3.024251014251534e-05, 'epoch': 7.17}
{'loss': 0.3388, 'learning_rate': 3.0199209403932176e-05, 'epoch': 7.17}
{'loss': 0.359, 'learning_rate': 3.0155908665349007e-05, 'epoch': 7.17}
{'loss': 0.3441, 'learning_rate': 3.0112607926765835e-05, 'epoch': 7.18}
{'loss': 0.3929, 'learning_rate': 3.006930718818267e-05, 'epoch': 7.18}
{'loss': 0.3347, 'learning_rate': 3.0026006449599505e-05, 'epoch': 7.19}
{'loss': 0.3589, 'learning_rate': 2.998270571101633e-05, 'epoch': 7.19}
{'loss': 0.3361, 'learning_rate': 2.9939404972433167e-05, 'epoch': 7.2}
{'loss': 0.3613, 'learning_rate': 2.989610423385e-05, 'epoch': 7.2}
{'loss': 0.3614, 'learning_rate': 2.9852803495266823e-05, 'epoch': 7.2}
{'loss': 0.3552, 'learning_rate': 2.980950275668366e-05, 'epoch': 7.21}
{'loss': 0.3259, 'learning_rate': 2.976620201810048e-05, 'epoch': 7.21}
{'loss': 0.3553, 'learning_rate': 2.9722901279517317e-05, 'epoch': 7.22}
{'loss': 0.3447, 'learning_rate': 2.9679600540934156e-05, 'epoch': 7.22}
{'loss': 0.3826, 'learning_rate': 2.963629980235098e-05, 'epoch': 7.22}
{'loss': 0.3753, 'learning_rate': 2.959299906376781e-05, 'epoch': 7.23}
{'loss': 0.3608, 'learning_rate': 2.954969832518465e-05, 'epoch': 7.23}
{'loss': 0.3678, 'learning_rate': 2.9506397586601474e-05, 'epoch': 7.24}
{'loss': 0.3441, 'learning_rate': 2.9463096848018306e-05, 'epoch': 7.24}
{'loss': 0.3329, 'learning_rate': 2.9419796109435144e-05, 'epoch': 7.24}
{'loss': 0.3334, 'learning_rate': 2.937649537085197e-05, 'epoch': 7.25}
{'loss': 0.3498, 'learning_rate': 2.93331946322688e-05, 'epoch': 7.25}
{'loss': 0.3621, 'learning_rate': 2.9289893893685628e-05, 'epoch': 7.26}
{'loss': 0.3663, 'learning_rate': 2.9246593155102463e-05, 'epoch': 7.26}
{'loss': 0.3657, 'learning_rate': 2.92032924165193e-05, 'epoch': 7.26}
{'loss': 0.3558, 'learning_rate': 2.9159991677936122e-05, 'epoch': 7.27}
{'loss': 0.3171, 'learning_rate': 2.911669093935296e-05, 'epoch': 7.27}
{'loss': 0.3411, 'learning_rate': 2.9073390200769795e-05, 'epoch': 7.28}
{'loss': 0.3367, 'learning_rate': 2.9030089462186623e-05, 'epoch': 7.28}
{'loss': 0.3689, 'learning_rate': 2.8986788723603454e-05, 'epoch': 7.28}
{'loss': 0.3487, 'learning_rate': 2.894348798502029e-05, 'epoch': 7.29}
{'loss': 0.3221, 'learning_rate': 2.8900187246437117e-05, 'epoch': 7.29}
{'loss': 0.3527, 'learning_rate': 2.8856886507853948e-05, 'epoch': 7.3}
{'loss': 0.3961, 'learning_rate': 2.8813585769270783e-05, 'epoch': 7.3}
{'loss': 0.3586, 'learning_rate': 2.8770285030687604e-05, 'epoch': 7.31}
{'loss': 0.3658, 'learning_rate': 2.8726984292104442e-05, 'epoch': 7.31}
{'loss': 0.3634, 'learning_rate': 2.8683683553521267e-05, 'epoch': 7.31}
{'loss': 0.3614, 'learning_rate': 2.8640382814938105e-05, 'epoch': 7.32}
{'loss': 0.3526, 'learning_rate': 2.8597082076354943e-05, 'epoch': 7.32}
{'loss': 0.3164, 'learning_rate': 2.855378133777176e-05, 'epoch': 7.33}
{'loss': 0.3578, 'learning_rate': 2.85104805991886e-05, 'epoch': 7.33}
{'loss': 0.3803, 'learning_rate': 2.8467179860605437e-05, 'epoch': 7.33}
{'loss': 0.3401, 'learning_rate': 2.8423879122022255e-05, 'epoch': 7.34}
{'loss': 0.3803, 'learning_rate': 2.8380578383439093e-05, 'epoch': 7.34}
{'loss': 0.3819, 'learning_rate': 2.8338143659627592e-05, 'epoch': 7.35}
{'loss': 0.3429, 'learning_rate': 2.8294842921044417e-05, 'epoch': 7.35}
{'loss': 0.3594, 'learning_rate': 2.8251542182461248e-05, 'epoch': 7.35}
{'loss': 0.3478, 'learning_rate': 2.8208241443878076e-05, 'epoch': 7.36}
{'loss': 0.3365, 'learning_rate': 2.816494070529491e-05, 'epoch': 7.36}
{'loss': 0.3743, 'learning_rate': 2.8121639966711742e-05, 'epoch': 7.37}
{'loss': 0.3318, 'learning_rate': 2.807833922812857e-05, 'epoch': 7.37}
{'loss': 0.3609, 'learning_rate': 2.8035038489545408e-05, 'epoch': 7.37}
{'loss': 0.3647, 'learning_rate': 2.7991737750962243e-05, 'epoch': 7.38}
{'loss': 0.3408, 'learning_rate': 2.794843701237907e-05, 'epoch': 7.38}
{'loss': 0.3661, 'learning_rate': 2.7905136273795902e-05, 'epoch': 7.39}
{'loss': 0.3475, 'learning_rate': 2.7861835535212737e-05, 'epoch': 7.39}
{'loss': 0.3344, 'learning_rate': 2.7818534796629565e-05, 'epoch': 7.39}
{'loss': 0.3618, 'learning_rate': 2.7775234058046396e-05, 'epoch': 7.4}
{'loss': 0.3744, 'learning_rate': 2.773193331946323e-05, 'epoch': 7.4}
{'loss': 0.3928, 'learning_rate': 2.768863258088006e-05, 'epoch': 7.41}
{'loss': 0.3752, 'learning_rate': 2.764533184229689e-05, 'epoch': 7.41}
{'loss': 0.337, 'learning_rate': 2.7602031103713715e-05, 'epoch': 7.42}
{'loss': 0.337, 'learning_rate': 2.7558730365130546e-05, 'epoch': 7.42}
{'loss': 0.3616, 'learning_rate': 2.751542962654739e-05, 'epoch': 7.42}
{'loss': 0.363, 'learning_rate': 2.747212888796421e-05, 'epoch': 7.43}
{'loss': 0.3737, 'learning_rate': 2.7428828149381047e-05, 'epoch': 7.43}
{'loss': 0.3751, 'learning_rate': 2.7385527410797885e-05, 'epoch': 7.44}
{'loss': 0.3674, 'learning_rate': 2.7342226672214703e-05, 'epoch': 7.44}
{'loss': 0.3682, 'learning_rate': 2.729892593363154e-05, 'epoch': 7.44}
{'loss': 0.3555, 'learning_rate': 2.725562519504838e-05, 'epoch': 7.45}
{'loss': 0.3637, 'learning_rate': 2.72123244564652e-05, 'epoch': 7.45}
{'loss': 0.3315, 'learning_rate': 2.7169023717882036e-05, 'epoch': 7.46}
{'loss': 0.3797, 'learning_rate': 2.7125722979298863e-05, 'epoch': 7.46}
{'loss': 0.3571, 'learning_rate': 2.7082422240715695e-05, 'epoch': 7.46}
{'loss': 0.3925, 'learning_rate': 2.703912150213253e-05, 'epoch': 7.47}
{'loss': 0.3502, 'learning_rate': 2.6995820763549358e-05, 'epoch': 7.47}
{'loss': 0.3796, 'learning_rate': 2.6952520024966192e-05, 'epoch': 7.48}
{'loss': 0.361, 'learning_rate': 2.6909219286383024e-05, 'epoch': 7.48}
{'loss': 0.3333, 'learning_rate': 2.6865918547799852e-05, 'epoch': 7.48}
{'loss': 0.3364, 'learning_rate': 2.6822617809216686e-05, 'epoch': 7.49}
{'loss': 0.3762, 'learning_rate': 2.6779317070633518e-05, 'epoch': 7.49}
{'loss': 0.3638, 'learning_rate': 2.6736016332050346e-05, 'epoch': 7.5}
{'loss': 0.344, 'learning_rate': 2.6692715593467184e-05, 'epoch': 7.5}
{'loss': 0.3762, 'learning_rate': 2.6649414854884002e-05, 'epoch': 7.5}
{'loss': 0.3537, 'learning_rate': 2.660611411630084e-05, 'epoch': 7.51}
{'loss': 0.3691, 'learning_rate': 2.6562813377717678e-05, 'epoch': 7.51}
{'loss': 0.3368, 'learning_rate': 2.6519512639134496e-05, 'epoch': 7.52}
{'loss': 0.3283, 'learning_rate': 2.647621190055134e-05, 'epoch': 7.52}
{'loss': 0.3521, 'learning_rate': 2.6432911161968172e-05, 'epoch': 7.53}
{'loss': 0.3472, 'learning_rate': 2.6389610423384997e-05, 'epoch': 7.53}
{'loss': 0.3631, 'learning_rate': 2.6346309684801835e-05, 'epoch': 7.53}
{'loss': 0.362, 'learning_rate': 2.6303008946218666e-05, 'epoch': 7.54}
{'loss': 0.3562, 'learning_rate': 2.625970820763549e-05, 'epoch': 7.54}
{'loss': 0.3723, 'learning_rate': 2.6216407469052322e-05, 'epoch': 7.55}
{'loss': 0.3863, 'learning_rate': 2.617310673046916e-05, 'epoch': 7.55}
{'loss': 0.3362, 'learning_rate': 2.6129805991885985e-05, 'epoch': 7.55}
{'loss': 0.365, 'learning_rate': 2.6086505253302816e-05, 'epoch': 7.56}
{'loss': 0.3495, 'learning_rate': 2.6043204514719644e-05, 'epoch': 7.56}
{'loss': 0.3612, 'learning_rate': 2.599990377613648e-05, 'epoch': 7.57}
{'loss': 0.3594, 'learning_rate': 2.5957469052324978e-05, 'epoch': 7.57}
{'loss': 0.336, 'learning_rate': 2.5914168313741806e-05, 'epoch': 7.57}
{'loss': 0.346, 'learning_rate': 2.5870867575158637e-05, 'epoch': 7.58}
{'loss': 0.3479, 'learning_rate': 2.5827566836575472e-05, 'epoch': 7.58}
{'loss': 0.3476, 'learning_rate': 2.57842660979923e-05, 'epoch': 7.59}
{'loss': 0.3416, 'learning_rate': 2.5740965359409135e-05, 'epoch': 7.59}
{'loss': 0.3637, 'learning_rate': 2.5697664620825966e-05, 'epoch': 7.59}
{'loss': 0.3939, 'learning_rate': 2.5654363882242794e-05, 'epoch': 7.6}
{'loss': 0.3494, 'learning_rate': 2.5611063143659632e-05, 'epoch': 7.6}
{'loss': 0.3696, 'learning_rate': 2.556776240507645e-05, 'epoch': 7.61}
{'loss': 0.3454, 'learning_rate': 2.5524461666493288e-05, 'epoch': 7.61}
{'loss': 0.3601, 'learning_rate': 2.5481160927910126e-05, 'epoch': 7.61}
{'loss': 0.3294, 'learning_rate': 2.5437860189326944e-05, 'epoch': 7.62}
{'loss': 0.3437, 'learning_rate': 2.5394559450743782e-05, 'epoch': 7.62}
{'loss': 0.3666, 'learning_rate': 2.535125871216062e-05, 'epoch': 7.63}
{'loss': 0.36, 'learning_rate': 2.5307957973577445e-05, 'epoch': 7.63}
{'loss': 0.352, 'learning_rate': 2.5264657234994283e-05, 'epoch': 7.64}
{'loss': 0.3454, 'learning_rate': 2.5221356496411114e-05, 'epoch': 7.64}
{'loss': 0.3622, 'learning_rate': 2.517805575782794e-05, 'epoch': 7.64}
{'loss': 0.3594, 'learning_rate': 2.513475501924477e-05, 'epoch': 7.65}
{'loss': 0.3337, 'learning_rate': 2.509145428066161e-05, 'epoch': 7.65}
{'loss': 0.3923, 'learning_rate': 2.5048153542078433e-05, 'epoch': 7.66}
{'loss': 0.3531, 'learning_rate': 2.5004852803495264e-05, 'epoch': 7.66}
{'loss': 0.3481, 'learning_rate': 2.4961552064912092e-05, 'epoch': 7.66}
{'loss': 0.3583, 'learning_rate': 2.4918251326328927e-05, 'epoch': 7.67}
{'loss': 0.3997, 'learning_rate': 2.4874950587745765e-05, 'epoch': 7.67}
{'loss': 0.3602, 'learning_rate': 2.4831649849162587e-05, 'epoch': 7.68}
{'loss': 0.3405, 'learning_rate': 2.4788349110579425e-05, 'epoch': 7.68}
{'loss': 0.3766, 'learning_rate': 2.474504837199626e-05, 'epoch': 7.68}
{'loss': 0.3677, 'learning_rate': 2.4701747633413084e-05, 'epoch': 7.69}
{'loss': 0.3738, 'learning_rate': 2.465844689482992e-05, 'epoch': 7.69}
{'loss': 0.3464, 'learning_rate': 2.4615146156246754e-05, 'epoch': 7.7}
{'loss': 0.3485, 'learning_rate': 2.4571845417663578e-05, 'epoch': 7.7}
{'loss': 0.3652, 'learning_rate': 2.4528544679080413e-05, 'epoch': 7.7}
{'loss': 0.3759, 'learning_rate': 2.4485243940497238e-05, 'epoch': 7.71}
{'loss': 0.385, 'learning_rate': 2.4441943201914072e-05, 'epoch': 7.71}
{'loss': 0.3624, 'learning_rate': 2.4398642463330907e-05, 'epoch': 7.72}
{'loss': 0.3381, 'learning_rate': 2.435534172474773e-05, 'epoch': 7.72}
{'loss': 0.3472, 'learning_rate': 2.431204098616457e-05, 'epoch': 7.72}
{'loss': 0.358, 'learning_rate': 2.4268740247581405e-05, 'epoch': 7.73}
{'loss': 0.3724, 'learning_rate': 2.422543950899823e-05, 'epoch': 7.73}
{'loss': 0.3536, 'learning_rate': 2.4182138770415064e-05, 'epoch': 7.74}
{'loss': 0.3808, 'learning_rate': 2.4139704046603563e-05, 'epoch': 7.74}
{'loss': 0.3666, 'learning_rate': 2.4096403308020387e-05, 'epoch': 7.75}
{'loss': 0.3508, 'learning_rate': 2.4053102569437222e-05, 'epoch': 7.75}
{'loss': 0.3598, 'learning_rate': 2.4009801830854057e-05, 'epoch': 7.75}
{'loss': 0.3276, 'learning_rate': 2.396650109227088e-05, 'epoch': 7.76}
{'loss': 0.3304, 'learning_rate': 2.3923200353687716e-05, 'epoch': 7.76}
{'loss': 0.3854, 'learning_rate': 2.387989961510454e-05, 'epoch': 7.77}
{'loss': 0.3654, 'learning_rate': 2.3836598876521375e-05, 'epoch': 7.77}
{'loss': 0.3678, 'learning_rate': 2.379329813793821e-05, 'epoch': 7.77}
{'loss': 0.3271, 'learning_rate': 2.3749997399355035e-05, 'epoch': 7.78}
{'loss': 0.3566, 'learning_rate': 2.370669666077187e-05, 'epoch': 7.78}
{'loss': 0.3679, 'learning_rate': 2.3663395922188708e-05, 'epoch': 7.79}
{'loss': 0.3112, 'learning_rate': 2.3620095183605532e-05, 'epoch': 7.79}
{'loss': 0.3361, 'learning_rate': 2.3576794445022367e-05, 'epoch': 7.79}
{'loss': 0.3469, 'learning_rate': 2.3533493706439202e-05, 'epoch': 7.8}
{'loss': 0.3775, 'learning_rate': 2.3490192967856026e-05, 'epoch': 7.8}
{'loss': 0.3206, 'learning_rate': 2.344689222927286e-05, 'epoch': 7.81}
{'loss': 0.3535, 'learning_rate': 2.3403591490689686e-05, 'epoch': 7.81}
{'loss': 0.3417, 'learning_rate': 2.336029075210652e-05, 'epoch': 7.81}
{'loss': 0.3616, 'learning_rate': 2.3316990013523355e-05, 'epoch': 7.82}
{'loss': 0.3658, 'learning_rate': 2.327368927494018e-05, 'epoch': 7.82}
{'loss': 0.3404, 'learning_rate': 2.3230388536357015e-05, 'epoch': 7.83}
{'loss': 0.3599, 'learning_rate': 2.3187087797773853e-05, 'epoch': 7.83}
{'loss': 0.3474, 'learning_rate': 2.3143787059190674e-05, 'epoch': 7.83}
{'loss': 0.3513, 'learning_rate': 2.3100486320607512e-05, 'epoch': 7.84}
{'loss': 0.3484, 'learning_rate': 2.3057185582024347e-05, 'epoch': 7.84}
{'loss': 0.3262, 'learning_rate': 2.301388484344117e-05, 'epoch': 7.85}
{'loss': 0.371, 'learning_rate': 2.2970584104858006e-05, 'epoch': 7.85}
{'loss': 0.324, 'learning_rate': 2.292728336627483e-05, 'epoch': 7.86}
{'loss': 0.3438, 'learning_rate': 2.2883982627691665e-05, 'epoch': 7.86}
{'loss': 0.3615, 'learning_rate': 2.28406818891085e-05, 'epoch': 7.86}
{'loss': 0.3743, 'learning_rate': 2.2797381150525325e-05, 'epoch': 7.87}
{'loss': 0.3514, 'learning_rate': 2.275408041194216e-05, 'epoch': 7.87}
{'loss': 0.3168, 'learning_rate': 2.2710779673358998e-05, 'epoch': 7.88}
{'loss': 0.3363, 'learning_rate': 2.266747893477582e-05, 'epoch': 7.88}
{'loss': 0.328, 'learning_rate': 2.2624178196192657e-05, 'epoch': 7.88}
{'loss': 0.3519, 'learning_rate': 2.2580877457609492e-05, 'epoch': 7.89}
{'loss': 0.356, 'learning_rate': 2.2537576719026316e-05, 'epoch': 7.89}
{'loss': 0.3926, 'learning_rate': 2.249427598044315e-05, 'epoch': 7.9}
{'loss': 0.3377, 'learning_rate': 2.2450975241859986e-05, 'epoch': 7.9}
{'loss': 0.3621, 'learning_rate': 2.240767450327681e-05, 'epoch': 7.9}
{'loss': 0.3555, 'learning_rate': 2.236523977946531e-05, 'epoch': 7.91}
{'loss': 0.3582, 'learning_rate': 2.2321939040882134e-05, 'epoch': 7.91}
{'loss': 0.371, 'learning_rate': 2.227863830229897e-05, 'epoch': 7.92}
{'loss': 0.3315, 'learning_rate': 2.2235337563715803e-05, 'epoch': 7.92}
{'loss': 0.3581, 'learning_rate': 2.2192036825132628e-05, 'epoch': 7.92}
{'loss': 0.3916, 'learning_rate': 2.2148736086549463e-05, 'epoch': 7.93}
{'loss': 0.3656, 'learning_rate': 2.2105435347966297e-05, 'epoch': 7.93}
{'loss': 0.3331, 'learning_rate': 2.2062134609383122e-05, 'epoch': 7.94}
{'loss': 0.3697, 'learning_rate': 2.201883387079996e-05, 'epoch': 7.94}
{'loss': 0.3456, 'learning_rate': 2.1975533132216795e-05, 'epoch': 7.94}
{'loss': 0.3312, 'learning_rate': 2.193223239363362e-05, 'epoch': 7.95}
{'loss': 0.3604, 'learning_rate': 2.1888931655050454e-05, 'epoch': 7.95}
{'loss': 0.3547, 'learning_rate': 2.184563091646728e-05, 'epoch': 7.96}
{'loss': 0.363, 'learning_rate': 2.1802330177884114e-05, 'epoch': 7.96}
{'loss': 0.331, 'learning_rate': 2.175902943930095e-05, 'epoch': 7.97}
{'loss': 0.3397, 'learning_rate': 2.1715728700717773e-05, 'epoch': 7.97}
{'loss': 0.3827, 'learning_rate': 2.1672427962134608e-05, 'epoch': 7.97}
{'loss': 0.3242, 'learning_rate': 2.1629127223551442e-05, 'epoch': 7.98}
{'loss': 0.3641, 'learning_rate': 2.1585826484968267e-05, 'epoch': 7.98}
{'loss': 0.3429, 'learning_rate': 2.1542525746385102e-05, 'epoch': 7.99}
{'loss': 0.3675, 'learning_rate': 2.149922500780194e-05, 'epoch': 7.99}
{'loss': 0.3651, 'learning_rate': 2.1455924269218765e-05, 'epoch': 7.99}
{'loss': 0.3532, 'learning_rate': 2.14126235306356e-05, 'epoch': 8.0}
[INFO|trainer.py:520] 2026-10-04 16:10:11,432 >> The following columns in the evaluation set  don't have a corresponding argument in `PETLEncModel.forward` and have been ignored: hypothesis, premise, idx.
[INFO|trainer.py:2179] 2026-10-04 16:10:11,433 >> ***** Running Evaluation *****
[INFO|trainer.py:2181] 2026-10-04 16:10:11,433 >>   Num examples = 9815
[INFO|trainer.py:2184] 2026-10-04 16:10:11,433 >>   Batch size = 32
{'eval_loss': 0.3630135655403137, 'eval_accuracy': 0.8663270504330107, 'eval_runtime': 15.6673, 'eval_samples_per_second': 626.465, 'eval_steps_per_second': 19.595, 'epoch': 8.0}
[INFO|trainer.py:1933] 2026-10-04 16:10:27,102 >> Saving model checkpoint to checkpoints/glue/mnli/20261004/glue.mnli.mam.am_prefix.ao_concat.fm_adapter.fo_parallel.abn.fbn.ac_add.fl_none.finit_lora.fs_2.unfrz_ef_.ne10.warm0.06.wd0.1.seed42./checkpoint-98176
[INFO|configuration_utils.py:364] 2026-10-04 16:10:27,103 >> Configuration saved in checkpoints/glue/mnli/20261004/glue.mnli.mam.am_prefix.ao_concat.fm_adapter.fo_parallel.abn.fbn.ac_add.fl_none.finit_lora.fs_2.unfrz_ef_.ne10.warm0.06.wd0.1.seed42./checkpoint-98176/config.json
[INFO|modeling_utils.py:898] 2026-10-04 16:10:27,583 >> Model weights saved in checkpoints/glue/mnli/20261004/glue.mnli.mam.am_prefix.ao_concat.fm_adapter.fo_parallel.abn.fbn.ac_add.fl_none.finit_lora.fs_2.unfrz_ef_.ne10.warm0.06.wd0.1.seed42./checkpoint-98176/pytorch_model.bin
[INFO|tokenization_utils_base.py:1948] 2026-10-04 16:10:27,584 >> tokenizer config file saved in checkpoints/glue/mnli/20261004/glue.mnli.mam.am_prefix.ao_concat.fm_adapter.fo_parallel.abn.fbn.ac_add.fl_none.finit_lora.fs_2.unfrz_ef_.ne10.warm0.06.wd0.1.seed42./checkpoint-98176/tokenizer_config.json
[INFO|tokenization_utils_base.py:1954] 2026-10-04 16:10:27,585 >> Special tokens file saved in checkpoints/glue/mnli/20261004/glue.mnli.mam.am_prefix.ao_concat.fm_adapter.fo_parallel.abn.fbn.ac_add.fl_none.finit_lora.fs_2.unfrz_ef_.ne10.warm0.06.wd0.1.seed42./checkpoint-98176/special_tokens_map.json
[INFO|trainer.py:2009] 2026-10-04 16:10:27,761 >> Deleting older checkpoint [checkpoints/glue/mnli/20261004/glue.mnli.mam.am_prefix.ao_concat.fm_adapter.fo_parallel.abn.fbn.ac_add.fl_none.finit_lora.fs_2.unfrz_ef_.ne10.warm0.06.wd0.1.seed42./checkpoint-73632] due to args.save_total_limit
/work/unify-parameter-efficient-tuning/src/transformers/trainer.py:1784: FutureWarning: `torch.cuda.amp.autocast(args...)` is deprecated. Please use `torch.amp.autocast('cuda', args...)` instead.
  with autocast():
{'loss': 0.3323, 'learning_rate': 2.1369322792052434e-05, 'epoch': 8.0}
{'loss': 0.3404, 'learning_rate': 2.132602205346926e-05, 'epoch': 8.01}
{'loss': 0.3688, 'learning_rate': 2.1282721314886093e-05, 'epoch': 8.01}
{'loss': 0.3588, 'learning_rate': 2.1239420576302918e-05, 'epoch': 8.01}
{'loss': 0.3532, 'learning_rate': 2.1196119837719753e-05, 'epoch': 8.02}
{'loss': 0.3692, 'learning_rate': 2.1152819099136588e-05, 'epoch': 8.02}
{'loss': 0.3307, 'learning_rate': 2.1109518360553412e-05, 'epoch': 8.03}
{'loss': 0.3792, 'learning_rate': 2.1066217621970247e-05, 'epoch': 8.03}
{'loss': 0.3485, 'learning_rate': 2.1022916883387085e-05, 'epoch': 8.03}
{'loss': 0.346, 'learning_rate': 2.0979616144803906e-05, 'epoch': 8.04}
{'loss': 0.3091, 'learning_rate': 2.0936315406220744e-05, 'epoch': 8.04}
{'loss': 0.3302, 'learning_rate': 2.089301466763758e-05, 'epoch': 8.05}
{'loss': 0.3295, 'learning_rate': 2.0849713929054404e-05, 'epoch': 8.05}
{'loss': 0.325, 'learning_rate': 2.080641319047124e-05, 'epoch': 8.05}
{'loss': 0.3647, 'learning_rate': 2.0763112451888063e-05, 'epoch': 8.06}
{'loss': 0.36, 'learning_rate': 2.0719811713304898e-05, 'epoch': 8.06}
{'loss': 0.3656, 'learning_rate': 2.0676510974721733e-05, 'epoch': 8.07}
{'loss': 0.3458, 'learning_rate': 2.0633210236138557e-05, 'epoch': 8.07}
{'loss': 0.3263, 'learning_rate': 2.0589909497555392e-05, 'epoch': 8.08}
{'loss': 0.3811, 'learning_rate': 2.0546608758972227e-05, 'epoch': 8.08}
{'loss': 0.3382, 'learning_rate': 2.050330802038905e-05, 'epoch': 8.08}
{'loss': 0.3804, 'learning_rate': 2.046000728180589e-05, 'epoch': 8.09}
{'loss': 0.3567, 'learning_rate': 2.0416706543222724e-05, 'epoch': 8.09}
{'loss': 0.3572, 'learning_rate': 2.037427181941121e-05, 'epoch': 8.1}
{'loss': 0.3744, 'learning_rate': 2.0330971080828047e-05, 'epoch': 8.1}
{'loss': 0.3506, 'learning_rate': 2.0287670342244882e-05, 'epoch': 8.1}
{'loss': 0.3394, 'learning_rate': 2.0244369603661707e-05, 'epoch': 8.11}
{'loss': 0.3452, 'learning_rate': 2.020106886507854e-05, 'epoch': 8.11}
{'loss': 0.3548, 'learning_rate': 2.0157768126495366e-05, 'epoch': 8.12}
{'loss': 0.3537, 'learning_rate': 2.01144673879122e-05, 'epoch': 8.12}
{'loss': 0.3241, 'learning_rate': 2.0071166649329036e-05, 'epoch': 8.12}
{'loss': 0.3723, 'learning_rate': 2.002786591074586e-05, 'epoch': 8.13}
{'loss': 0.349, 'learning_rate': 1.9984565172162695e-05, 'epoch': 8.13}
{'loss': 0.3561, 'learning_rate': 1.994126443357953e-05, 'epoch': 8.14}
{'loss': 0.3724, 'learning_rate': 1.9897963694996354e-05, 'epoch': 8.14}
{'loss': 0.3488, 'learning_rate': 1.9854662956413193e-05, 'epoch': 8.14}
{'loss': 0.3439, 'learning_rate': 1.9811362217830027e-05, 'epoch': 8.15}
{'loss': 0.3405, 'learning_rate': 1.9768061479246852e-05, 'epoch': 8.15}
{'loss': 0.3584, 'learning_rate': 1.9724760740663687e-05, 'epoch': 8.16}
{'loss': 0.3627, 'learning_rate': 1.968146000208051e-05, 'epoch': 8.16}
{'loss': 0.3481, 'learning_rate': 1.9638159263497346e-05, 'epoch': 8.16}
{'loss': 0.3574, 'learning_rate': 1.959485852491418e-05, 'epoch': 8.17}
{'loss': 0.3259, 'learning_rate': 1.9551557786331005e-05, 'epoch': 8.17}
{'loss': 0.3426, 'learning_rate': 1.950825704774784e-05, 'epoch': 8.18}
{'loss': 0.3414, 'learning_rate': 1.9464956309164675e-05, 'epoch': 8.18}
{'loss': 0.3383, 'learning_rate': 1.94216555705815e-05, 'epoch': 8.19}
{'loss': 0.3171, 'learning_rate': 1.9378354831998334e-05, 'epoch': 8.19}
{'loss': 0.3416, 'learning_rate': 1.9335054093415172e-05, 'epoch': 8.19}
{'loss': 0.3459, 'learning_rate': 1.9291753354831997e-05, 'epoch': 8.2}
{'loss': 0.3114, 'learning_rate': 1.924845261624883e-05, 'epoch': 8.2}
{'loss': 0.3556, 'learning_rate': 1.9205151877665666e-05, 'epoch': 8.21}
{'loss': 0.3524, 'learning_rate': 1.916185113908249e-05, 'epoch': 8.21}
{'loss': 0.3521, 'learning_rate': 1.9118550400499326e-05, 'epoch': 8.21}
{'loss': 0.3389, 'learning_rate': 1.907524966191615e-05, 'epoch': 8.22}
{'loss': 0.3532, 'learning_rate': 1.9031948923332985e-05, 'epoch': 8.22}
{'loss': 0.3423, 'learning_rate': 1.898864818474982e-05, 'epoch': 8.23}
{'loss': 0.323, 'learning_rate': 1.8945347446166644e-05, 'epoch': 8.23}
{'loss': 0.3496, 'learning_rate': 1.890204670758348e-05, 'epoch': 8.23}
{'loss': 0.3648, 'learning_rate': 1.8858745969000317e-05, 'epoch': 8.24}
{'loss': 0.3343, 'learning_rate': 1.881544523041714e-05, 'epoch': 8.24}
{'loss': 0.3229, 'learning_rate': 1.8772144491833977e-05, 'epoch': 8.25}
{'loss': 0.3653, 'learning_rate': 1.872884375325081e-05, 'epoch': 8.25}
{'loss': 0.3533, 'learning_rate': 1.8685543014667636e-05, 'epoch': 8.25}
{'loss': 0.3864, 'learning_rate': 1.864224227608447e-05, 'epoch': 8.26}
{'loss': 0.3538, 'learning_rate': 1.8598941537501295e-05, 'epoch': 8.26}
{'loss': 0.3439, 'learning_rate': 1.8556506813689794e-05, 'epoch': 8.27}
{'loss': 0.3824, 'learning_rate': 1.851320607510663e-05, 'epoch': 8.27}
{'loss': 0.3593, 'learning_rate': 1.8469905336523454e-05, 'epoch': 8.27}
{'loss': 0.3408, 'learning_rate': 1.8426604597940288e-05, 'epoch': 8.28}
{'loss': 0.3275, 'learning_rate': 1.8383303859357123e-05, 'epoch': 8.28}
{'loss': 0.3396, 'learning_rate': 1.8340003120773948e-05, 'epoch': 8.29}
{'loss': 0.358, 'learning_rate': 1.8296702382190782e-05, 'epoch': 8.29}
{'loss': 0.3566, 'learning_rate': 1.8253401643607617e-05, 'epoch': 8.3}
{'loss': 0.3576, 'learning_rate': 1.8210100905024442e-05, 'epoch': 8.3}
{'loss': 0.3007, 'learning_rate': 1.816680016644128e-05, 'epoch': 8.3}
{'loss': 0.3738, 'learning_rate': 1.8123499427858115e-05, 'epoch': 8.31}
{'loss': 0.3657, 'learning_rate': 1.808019868927494e-05, 'epoch': 8.31}
{'loss': 0.3269, 'learning_rate': 1.8036897950691774e-05, 'epoch': 8.32}
{'loss': 0.3541, 'learning_rate': 1.79935972121086e-05, 'epoch': 8.32}
{'loss': 0.3456, 'learning_rate': 1.7950296473525433e-05, 'epoch': 8.32}
{'loss': 0.3612, 'learning_rate': 1.7906995734942268e-05, 'epoch': 8.33}
{'loss': 0.3515, 'learning_rate': 1.7863694996359093e-05, 'epoch': 8.33}
{'loss': 0.3466, 'learning_rate': 1.7820394257775927e-05, 'epoch': 8.34}
{'loss': 0.3595, 'learning_rate': 1.7777093519192762e-05, 'epoch': 8.34}
{'loss': 0.3644, 'learning_rate': 1.7733792780609587e-05, 'epoch': 8.34}
{'loss': 0.3637, 'learning_rate': 1.769049204202642e-05, 'epoch': 8.35}
{'loss': 0.3766, 'learning_rate': 1.764719130344326e-05, 'epoch': 8.35}
{'loss': 0.3381, 'learning_rate': 1.7603890564860084e-05, 'epoch': 8.36}
{'loss': 0.3301, 'learning_rate': 1.756058982627692e-05, 'epoch': 8.36}
{'loss': 0.3562, 'learning_rate': 1.7517289087693744e-05, 'epoch': 8.36}
{'loss': 0.3646, 'learning_rate': 1.747398834911058e-05, 'epoch': 8.37}
{'loss': 0.3613, 'learning_rate': 1.7430687610527413e-05, 'epoch': 8.37}
{'loss': 0.3219, 'learning_rate': 1.7387386871944238e-05, 'epoch': 8.38}
{'loss': 0.331, 'learning_rate': 1.7344086133361072e-05, 'epoch': 8.38}
{'loss': 0.3688, 'learning_rate': 1.7300785394777907e-05, 'epoch': 8.38}
{'loss': 0.3494, 'learning_rate': 1.7257484656194732e-05, 'epoch': 8.39}
{'loss': 0.3505, 'learning_rate': 1.7214183917611567e-05, 'epoch': 8.39}
{'loss': 0.3541, 'learning_rate': 1.7170883179028405e-05, 'epoch': 8.4}
{'loss': 0.3318, 'learning_rate': 1.712758244044523e-05, 'epoch': 8.4}
{'loss': 0.3599, 'learning_rate': 1.7084281701862064e-05, 'epoch': 8.41}
{'loss': 0.3297, 'learning_rate': 1.704098096327889e-05, 'epoch': 8.41}
{'loss': 0.3349, 'learning_rate': 1.6997680224695723e-05, 'epoch': 8.41}
{'loss': 0.344, 'learning_rate': 1.6954379486112558e-05, 'epoch': 8.42}
{'loss': 0.356, 'learning_rate': 1.6911078747529383e-05, 'epoch': 8.42}
{'loss': 0.3697, 'learning_rate': 1.6867778008946217e-05, 'epoch': 8.43}
{'loss': 0.3604, 'learning_rate': 1.6824477270363052e-05, 'epoch': 8.43}
{'loss': 0.3707, 'learning_rate': 1.6781176531779877e-05, 'epoch': 8.43}
{'loss': 0.3778, 'learning_rate': 1.673787579319671e-05, 'epoch': 8.44}
{'loss': 0.3624, 'learning_rate': 1.669544106938521e-05, 'epoch': 8.44}
{'loss': 0.3555, 'learning_rate': 1.6652140330802035e-05, 'epoch': 8.45}
{'loss': 0.3316, 'learning_rate': 1.660883959221887e-05, 'epoch': 8.45}
{'loss': 0.3281, 'learning_rate': 1.6565538853635708e-05, 'epoch': 8.45}
{'loss': 0.2959, 'learning_rate': 1.652223811505253e-05, 'epoch': 8.46}
{'loss': 0.358, 'learning_rate': 1.6478937376469367e-05, 'epoch': 8.46}
{'loss': 0.3495, 'learning_rate': 1.6435636637886192e-05, 'epoch': 8.47}
{'loss': 0.344, 'learning_rate': 1.6392335899303027e-05, 'epoch': 8.47}
{'loss': 0.3741, 'learning_rate': 1.634903516071986e-05, 'epoch': 8.47}
{'loss': 0.3727, 'learning_rate': 1.6305734422136686e-05, 'epoch': 8.48}
{'loss': 0.3678, 'learning_rate': 1.626243368355352e-05, 'epoch': 8.48}
{'loss': 0.3352, 'learning_rate': 1.6219132944970355e-05, 'epoch': 8.49}
{'loss': 0.3245, 'learning_rate': 1.617583220638718e-05, 'epoch': 8.49}
{'loss': 0.362, 'learning_rate': 1.6132531467804015e-05, 'epoch': 8.49}
{'loss': 0.3557, 'learning_rate': 1.608923072922085e-05, 'epoch': 8.5}
{'loss': 0.368, 'learning_rate': 1.6045929990637674e-05, 'epoch': 8.5}
{'loss': 0.3471, 'learning_rate': 1.6002629252054512e-05, 'epoch': 8.51}
{'loss': 0.3786, 'learning_rate': 1.5959328513471333e-05, 'epoch': 8.51}
{'loss': 0.3352, 'learning_rate': 1.591602777488817e-05, 'epoch': 8.52}
{'loss': 0.3455, 'learning_rate': 1.5872727036305006e-05, 'epoch': 8.52}
{'loss': 0.3292, 'learning_rate': 1.582942629772183e-05, 'epoch': 8.52}
{'loss': 0.3541, 'learning_rate': 1.5786125559138666e-05, 'epoch': 8.53}
{'loss': 0.3437, 'learning_rate': 1.57428248205555e-05, 'epoch': 8.53}
{'loss': 0.378, 'learning_rate': 1.5699524081972325e-05, 'epoch': 8.54}
{'loss': 0.3211, 'learning_rate': 1.565622334338916e-05, 'epoch': 8.54}
{'loss': 0.3595, 'learning_rate': 1.5612922604805995e-05, 'epoch': 8.54}
{'loss': 0.3545, 'learning_rate': 1.556962186622282e-05, 'epoch': 8.55}
{'loss': 0.3289, 'learning_rate': 1.5526321127639654e-05, 'epoch': 8.55}
{'loss': 0.353, 'learning_rate': 1.5483020389056492e-05, 'epoch': 8.56}
{'loss': 0.3223, 'learning_rate': 1.5439719650473317e-05, 'epoch': 8.56}
{'loss': 0.3642, 'learning_rate': 1.539641891189015e-05, 'epoch': 8.56}
{'loss': 0.3385, 'learning_rate': 1.5353118173306976e-05, 'epoch': 8.57}
{'loss': 0.3623, 'learning_rate': 1.530981743472381e-05, 'epoch': 8.57}
{'loss': 0.3333, 'learning_rate': 1.5266516696140645e-05, 'epoch': 8.58}
{'loss': 0.3442, 'learning_rate': 1.5223215957557472e-05, 'epoch': 8.58}
{'loss': 0.3167, 'learning_rate': 1.5179915218974305e-05, 'epoch': 8.58}
{'loss': 0.3446, 'learning_rate': 1.5136614480391143e-05, 'epoch': 8.59}
{'loss': 0.3199, 'learning_rate': 1.5093313741807966e-05, 'epoch': 8.59}
{'loss': 0.3099, 'learning_rate': 1.5050013003224802e-05, 'epoch': 8.6}
{'loss': 0.3368, 'learning_rate': 1.5006712264641637e-05, 'epoch': 8.6}
{'loss': 0.3361, 'learning_rate': 1.4963411526058463e-05, 'epoch': 8.6}
{'loss': 0.3493, 'learning_rate': 1.492097680224696e-05, 'epoch': 8.61}
{'loss': 0.3445, 'learning_rate': 1.4877676063663783e-05, 'epoch': 8.61}
{'loss': 0.3491, 'learning_rate': 1.4834375325080618e-05, 'epoch': 8.62}
{'loss': 0.3348, 'learning_rate': 1.4791074586497456e-05, 'epoch': 8.62}
{'loss': 0.3427, 'learning_rate': 1.4747773847914279e-05, 'epoch': 8.63}
{'loss': 0.3709, 'learning_rate': 1.4704473109331116e-05, 'epoch': 8.63}
{'loss': 0.3428, 'learning_rate': 1.466117237074795e-05, 'epoch': 8.63}
{'loss': 0.3588, 'learning_rate': 1.4617871632164777e-05, 'epoch': 8.64}
{'loss': 0.34, 'learning_rate': 1.457457089358161e-05, 'epoch': 8.64}
{'loss': 0.3491, 'learning_rate': 1.4531270154998444e-05, 'epoch': 8.65}
{'loss': 0.3521, 'learning_rate': 1.448796941641527e-05, 'epoch': 8.65}
{'loss': 0.3207, 'learning_rate': 1.4444668677832104e-05, 'epoch': 8.65}
{'loss': 0.3625, 'learning_rate': 1.4401367939248942e-05, 'epoch': 8.66}
{'loss': 0.3562, 'learning_rate': 1.4358067200665765e-05, 'epoch': 8.66}
{'loss': 0.3395, 'learning_rate': 1.43147664620826e-05, 'epoch': 8.67}
{'loss': 0.3604, 'learning_rate': 1.4271465723499424e-05, 'epoch': 8.67}
{'loss': 0.3263, 'learning_rate': 1.4228164984916259e-05, 'epoch': 8.67}
{'loss': 0.3462, 'learning_rate': 1.4184864246333095e-05, 'epoch': 8.68}
{'loss': 0.3636, 'learning_rate': 1.414156350774992e-05, 'epoch': 8.68}
{'loss': 0.361, 'learning_rate': 1.4098262769166753e-05, 'epoch': 8.69}
{'loss': 0.3473, 'learning_rate': 1.4054962030583591e-05, 'epoch': 8.69}
{'loss': 0.3193, 'learning_rate': 1.4011661292000414e-05, 'epoch': 8.69}
{'loss': 0.3407, 'learning_rate': 1.396836055341725e-05, 'epoch': 8.7}
{'loss': 0.3337, 'learning_rate': 1.3925059814834085e-05, 'epoch': 8.7}
{'loss': 0.339, 'learning_rate': 1.3881759076250911e-05, 'epoch': 8.71}
{'loss': 0.3189, 'learning_rate': 1.3838458337667745e-05, 'epoch': 8.71}
{'loss': 0.3661, 'learning_rate': 1.3795157599084567e-05, 'epoch': 8.71}
{'loss': 0.3595, 'learning_rate': 1.3751856860501402e-05, 'epoch': 8.72}
{'loss': 0.3457, 'learning_rate': 1.370855612191824e-05, 'epoch': 8.72}
{'loss': 0.3486, 'learning_rate': 1.3665255383335063e-05, 'epoch': 8.73}
{'loss': 0.337, 'learning_rate': 1.36219546447519e-05, 'epoch': 8.73}
{'loss': 0.3573, 'learning_rate': 1.3578653906168734e-05, 'epoch': 8.74}
{'loss': 0.3245, 'learning_rate': 1.353535316758556e-05, 'epoch': 8.74}
{'loss': 0.3581, 'learning_rate': 1.3492052429002394e-05, 'epoch': 8.74}
{'loss': 0.3779, 'learning_rate': 1.3448751690419232e-05, 'epoch': 8.75}
{'loss': 0.3261, 'learning_rate': 1.3405450951836055e-05, 'epoch': 8.75}
{'loss': 0.3719, 'learning_rate': 1.3362150213252888e-05, 'epoch': 8.76}
{'loss': 0.3305, 'learning_rate': 1.3318849474669714e-05, 'epoch': 8.76}
{'loss': 0.353, 'learning_rate': 1.3275548736086549e-05, 'epoch': 8.76}
{'loss': 0.3422, 'learning_rate': 1.3232247997503384e-05, 'epoch': 8.77}
{'loss': 0.3596, 'learning_rate': 1.3188947258920208e-05, 'epoch': 8.77}
{'loss': 0.3412, 'learning_rate': 1.3146512535108707e-05, 'epoch': 8.78}
{'loss': 0.3413, 'learning_rate': 1.3103211796525542e-05, 'epoch': 8.78}
{'loss': 0.3751, 'learning_rate': 1.3059911057942368e-05, 'epoch': 8.78}
{'loss': 0.3212, 'learning_rate': 1.3016610319359201e-05, 'epoch': 8.79}
{'loss': 0.343, 'learning_rate': 1.297330958077604e-05, 'epoch': 8.79}
{'loss': 0.382, 'learning_rate': 1.2930008842192862e-05, 'epoch': 8.8}
{'loss': 0.3401, 'learning_rate': 1.2886708103609695e-05, 'epoch': 8.8}
{'loss': 0.3368, 'learning_rate': 1.2843407365026533e-05, 'epoch': 8.8}
{'loss': 0.3256, 'learning_rate': 1.2800106626443356e-05, 'epoch': 8.81}
{'loss': 0.3321, 'learning_rate': 1.2756805887860193e-05, 'epoch': 8.81}
{'loss': 0.3473, 'learning_rate': 1.2713505149277016e-05, 'epoch': 8.82}
{'loss': 0.3535, 'learning_rate': 1.2670204410693854e-05, 'epoch': 8.82}
{'loss': 0.3678, 'learning_rate': 1.2626903672110687e-05, 'epoch': 8.82}
{'loss': 0.3331, 'learning_rate': 1.2583602933527511e-05, 'epoch': 8.83}
{'loss': 0.3417, 'learning_rate': 1.2540302194944348e-05, 'epoch': 8.83}
{'loss': 0.3632, 'learning_rate': 1.2497001456361183e-05, 'epoch': 8.84}
{'loss': 0.3205, 'learning_rate': 1.2453700717778007e-05, 'epoch': 8.84}
{'loss': 0.3494, 'learning_rate': 1.2410399979194842e-05, 'epoch': 8.85}
{'loss': 0.338, 'learning_rate': 1.2367099240611677e-05, 'epoch': 8.85}
{'loss': 0.3581, 'learning_rate': 1.2323798502028501e-05, 'epoch': 8.85}
{'loss': 0.3447, 'learning_rate': 1.2280497763445338e-05, 'epoch': 8.86}
{'loss': 0.3661, 'learning_rate': 1.223719702486216e-05, 'epoch': 8.86}
{'loss': 0.3517, 'learning_rate': 1.2193896286278997e-05, 'epoch': 8.87}
{'loss': 0.3528, 'learning_rate': 1.2150595547695832e-05, 'epoch': 8.87}
{'loss': 0.3552, 'learning_rate': 1.2107294809112656e-05, 'epoch': 8.87}
{'loss': 0.3576, 'learning_rate': 1.2063994070529491e-05, 'epoch': 8.88}
{'loss': 0.3988, 'learning_rate': 1.2020693331946328e-05, 'epoch': 8.88}
{'loss': 0.3332, 'learning_rate': 1.1977392593363152e-05, 'epoch': 8.89}
{'loss': 0.3202, 'learning_rate': 1.1934091854779987e-05, 'epoch': 8.89}
{'loss': 0.349, 'learning_rate': 1.1890791116196822e-05, 'epoch': 8.89}
{'loss': 0.3166, 'learning_rate': 1.1847490377613646e-05, 'epoch': 8.9}
{'loss': 0.3453, 'learning_rate': 1.1804189639030481e-05, 'epoch': 8.9}
{'loss': 0.367, 'learning_rate': 1.1760888900447318e-05, 'epoch': 8.91}
{'loss': 0.3369, 'learning_rate': 1.1717588161864142e-05, 'epoch': 8.91}
{'loss': 0.333, 'learning_rate': 1.1674287423280977e-05, 'epoch': 8.91}
{'loss': 0.3261, 'learning_rate': 1.1630986684697801e-05, 'epoch': 8.92}
{'loss': 0.336, 'learning_rate': 1.1587685946114636e-05, 'epoch': 8.92}
{'loss': 0.3751, 'learning_rate': 1.1544385207531473e-05, 'epoch': 8.93}
{'loss': 0.3173, 'learning_rate': 1.1501084468948296e-05, 'epoch': 8.93}
{'loss': 0.3319, 'learning_rate': 1.1457783730365132e-05, 'epoch': 8.93}
{'loss': 0.3487, 'learning_rate': 1.1414482991781967e-05, 'epoch': 8.94}
{'loss': 0.3417, 'learning_rate': 1.1371182253198791e-05, 'epoch': 8.94}
{'loss': 0.3008, 'learning_rate': 1.1327881514615626e-05, 'epoch': 8.95}
{'loss': 0.337, 'learning_rate': 1.1284580776032463e-05, 'epoch': 8.95}
{'loss': 0.3337, 'learning_rate': 1.124214605222095e-05, 'epoch': 8.96}
{'loss': 0.3217, 'learning_rate': 1.1198845313637784e-05, 'epoch': 8.96}
{'loss': 0.3323, 'learning_rate': 1.1155544575054609e-05, 'epoch': 8.96}
{'loss': 0.366, 'learning_rate': 1.1112243836471445e-05, 'epoch': 8.97}
{'loss': 0.3236, 'learning_rate': 1.106894309788828e-05, 'epoch': 8.97}
{'loss': 0.3358, 'learning_rate': 1.1025642359305105e-05, 'epoch': 8.98}
{'loss': 0.3278, 'learning_rate': 1.098234162072194e-05, 'epoch': 8.98}
{'loss': 0.343, 'learning_rate': 1.0939040882138774e-05, 'epoch': 8.98}
{'loss': 0.3403, 'learning_rate': 1.0895740143555599e-05, 'epoch': 8.99}
{'loss': 0.3315, 'learning_rate': 1.0852439404972435e-05, 'epoch': 8.99}
{'loss': 0.328, 'learning_rate': 1.080913866638927e-05, 'epoch': 9.0}
[INFO|trainer.py:520] 2026-10-04 16:20:12,806 >> The following columns in the evaluation set  don't have a corresponding argument in `PETLEncModel.forward` and have been ignored: hypothesis, premise, idx.
[INFO|trainer.py:2179] 2026-10-04 16:20:12,807 >> ***** Running Evaluation *****
[INFO|trainer.py:2181] 2026-10-04 16:20:12,807 >>   Num examples = 9815
[INFO|trainer.py:2184] 2026-10-04 16:20:12,807 >>   Batch size = 32
{'eval_loss': 0.35924917459487915, 'eval_accuracy': 0.866632705043301, 'eval_runtime': 15.6954, 'eval_samples_per_second': 625.342, 'eval_steps_per_second': 19.56, 'epoch': 9.0}
[INFO|trainer.py:1933] 2026-10-04 16:20:28,504 >> Saving model checkpoint to checkpoints/glue/mnli/20261004/glue.mnli.mam.am_prefix.ao_concat.fm_adapter.fo_parallel.abn.fbn.ac_add.fl_none.finit_lora.fs_2.unfrz_ef_.ne10.warm0.06.wd0.1.seed42./checkpoint-110448
[INFO|configuration_utils.py:364] 2026-10-04 16:20:28,505 >> Configuration saved in checkpoints/glue/mnli/20261004/glue.mnli.mam.am_prefix.ao_concat.fm_adapter.fo_parallel.abn.fbn.ac_add.fl_none.finit_lora.fs_2.unfrz_ef_.ne10.warm0.06.wd0.1.seed42./checkpoint-110448/config.json
[INFO|modeling_utils.py:898] 2026-10-04 16:20:28,998 >> Model weights saved in checkpoints/glue/mnli/20261004/glue.mnli.mam.am_prefix.ao_concat.fm_adapter.fo_parallel.abn.fbn.ac_add.fl_none.finit_lora.fs_2.unfrz_ef_.ne10.warm0.06.wd0.1.seed42./checkpoint-110448/pytorch_model.bin
[INFO|tokenization_utils_base.py:1948] 2026-10-04 16:20:28,999 >> tokenizer config file saved in checkpoints/glue/mnli/20261004/glue.mnli.mam.am_prefix.ao_concat.fm_adapter.fo_parallel.abn.fbn.ac_add.fl_none.finit_lora.fs_2.unfrz_ef_.ne10.warm0.06.wd0.1.seed42./checkpoint-110448/tokenizer_config.json
[INFO|tokenization_utils_base.py:1954] 2026-10-04 16:20:29,000 >> Special tokens file saved in checkpoints/glue/mnli/20261004/glue.mnli.mam.am_prefix.ao_concat.fm_adapter.fo_parallel.abn.fbn.ac_add.fl_none.finit_lora.fs_2.unfrz_ef_.ne10.warm0.06.wd0.1.seed42./checkpoint-110448/special_tokens_map.json
[INFO|trainer.py:2009] 2026-10-04 16:20:29,176 >> Deleting older checkpoint [checkpoints/glue/mnli/20261004/glue.mnli.mam.am_prefix.ao_concat.fm_adapter.fo_parallel.abn.fbn.ac_add.fl_none.finit_lora.fs_2.unfrz_ef_.ne10.warm0.06.wd0.1.seed42./checkpoint-98176] due to args.save_total_limit
/work/unify-parameter-efficient-tuning/src/transformers/trainer.py:1784: FutureWarning: `torch.cuda.amp.autocast(args...)` is deprecated. Please use `torch.amp.autocast('cuda', args...)` instead.
  with autocast():
{'loss': 0.3338, 'learning_rate': 1.0765837927806095e-05, 'epoch': 9.0}
{'loss': 0.3398, 'learning_rate': 1.072253718922293e-05, 'epoch': 9.0}
{'loss': 0.3629, 'learning_rate': 1.0679236450639766e-05, 'epoch': 9.01}
{'loss': 0.3536, 'learning_rate': 1.0635935712056589e-05, 'epoch': 9.01}
{'loss': 0.3169, 'learning_rate': 1.0592634973473425e-05, 'epoch': 9.02}
{'loss': 0.3175, 'learning_rate': 1.054933423489025e-05, 'epoch': 9.02}
{'loss': 0.3366, 'learning_rate': 1.0506033496307084e-05, 'epoch': 9.02}
{'loss': 0.3385, 'learning_rate': 1.046273275772392e-05, 'epoch': 9.03}
{'loss': 0.3463, 'learning_rate': 1.0419432019140744e-05, 'epoch': 9.03}
{'loss': 0.3871, 'learning_rate': 1.0376131280557579e-05, 'epoch': 9.04}
{'loss': 0.3108, 'learning_rate': 1.0332830541974415e-05, 'epoch': 9.04}
{'loss': 0.3475, 'learning_rate': 1.028952980339124e-05, 'epoch': 9.04}
{'loss': 0.3318, 'learning_rate': 1.0246229064808074e-05, 'epoch': 9.05}
{'loss': 0.3252, 'learning_rate': 1.0202928326224909e-05, 'epoch': 9.05}
{'loss': 0.3242, 'learning_rate': 1.0159627587641734e-05, 'epoch': 9.06}
{'loss': 0.3306, 'learning_rate': 1.011632684905857e-05, 'epoch': 9.06}
{'loss': 0.3479, 'learning_rate': 1.0073026110475393e-05, 'epoch': 9.07}
{'loss': 0.3214, 'learning_rate': 1.002972537189223e-05, 'epoch': 9.07}
{'loss': 0.346, 'learning_rate': 9.986424633309064e-06, 'epoch': 9.07}
{'loss': 0.3199, 'learning_rate': 9.943123894725889e-06, 'epoch': 9.08}
{'loss': 0.3226, 'learning_rate': 9.899823156142724e-06, 'epoch': 9.08}
{'loss': 0.3173, 'learning_rate': 9.85652241755956e-06, 'epoch': 9.09}
{'loss': 0.3476, 'learning_rate': 9.813221678976385e-06, 'epoch': 9.09}
{'loss': 0.3181, 'learning_rate': 9.76992094039322e-06, 'epoch': 9.09}
{'loss': 0.3489, 'learning_rate': 9.726620201810054e-06, 'epoch': 9.1}
{'loss': 0.3314, 'learning_rate': 9.683319463226879e-06, 'epoch': 9.1}
{'loss': 0.294, 'learning_rate': 9.640018724643713e-06, 'epoch': 9.11}
{'loss': 0.3811, 'learning_rate': 9.596717986060538e-06, 'epoch': 9.11}
{'loss': 0.3436, 'learning_rate': 9.553417247477375e-06, 'epoch': 9.11}
{'loss': 0.3576, 'learning_rate': 9.51011650889421e-06, 'epoch': 9.12}
{'loss': 0.3393, 'learning_rate': 9.466815770311034e-06, 'epoch': 9.12}
{'loss': 0.3019, 'learning_rate': 9.423515031727869e-06, 'epoch': 9.13}
{'loss': 0.3513, 'learning_rate': 9.380214293144705e-06, 'epoch': 9.13}
{'loss': 0.3569, 'learning_rate': 9.336913554561528e-06, 'epoch': 9.13}
{'loss': 0.3487, 'learning_rate': 9.293612815978364e-06, 'epoch': 9.14}
{'loss': 0.3286, 'learning_rate': 9.2503120773952e-06, 'epoch': 9.14}
{'loss': 0.3817, 'learning_rate': 9.207011338812024e-06, 'epoch': 9.15}
{'loss': 0.319, 'learning_rate': 9.163710600228859e-06, 'epoch': 9.15}
{'loss': 0.3201, 'learning_rate': 9.121275876417357e-06, 'epoch': 9.15}
{'loss': 0.3548, 'learning_rate': 9.077975137834182e-06, 'epoch': 9.16}
{'loss': 0.3042, 'learning_rate': 9.034674399251017e-06, 'epoch': 9.16}
{'loss': 0.3658, 'learning_rate': 8.991373660667841e-06, 'epoch': 9.17}
{'loss': 0.3398, 'learning_rate': 8.948072922084676e-06, 'epoch': 9.17}
{'loss': 0.3303, 'learning_rate': 8.904772183501512e-06, 'epoch': 9.18}
{'loss': 0.3493, 'learning_rate': 8.861471444918337e-06, 'epoch': 9.18}
{'loss': 0.3242, 'learning_rate': 8.818170706335172e-06, 'epoch': 9.18}
{'loss': 0.3446, 'learning_rate': 8.774869967752006e-06, 'epoch': 9.19}
{'loss': 0.3288, 'learning_rate': 8.731569229168831e-06, 'epoch': 9.19}
{'loss': 0.3359, 'learning_rate': 8.688268490585668e-06, 'epoch': 9.2}
{'loss': 0.3587, 'learning_rate': 8.644967752002502e-06, 'epoch': 9.2}
{'loss': 0.348, 'learning_rate': 8.601667013419327e-06, 'epoch': 9.2}
{'loss': 0.3093, 'learning_rate': 8.558366274836162e-06, 'epoch': 9.21}
{'loss': 0.3062, 'learning_rate': 8.515065536252986e-06, 'epoch': 9.21}
{'loss': 0.3418, 'learning_rate': 8.471764797669821e-06, 'epoch': 9.22}
{'loss': 0.3409, 'learning_rate': 8.428464059086657e-06, 'epoch': 9.22}
{'loss': 0.3606, 'learning_rate': 8.385163320503482e-06, 'epoch': 9.22}
{'loss': 0.3397, 'learning_rate': 8.341862581920317e-06, 'epoch': 9.23}
{'loss': 0.3271, 'learning_rate': 8.298561843337152e-06, 'epoch': 9.23}
{'loss': 0.3534, 'learning_rate': 8.255261104753976e-06, 'epoch': 9.24}
{'loss': 0.3755, 'learning_rate': 8.211960366170811e-06, 'epoch': 9.24}
{'loss': 0.3175, 'learning_rate': 8.168659627587647e-06, 'epoch': 9.24}
{'loss': 0.34, 'learning_rate': 8.125358889004472e-06, 'epoch': 9.25}
{'loss': 0.3434, 'learning_rate': 8.082058150421307e-06, 'epoch': 9.25}
{'loss': 0.3298, 'learning_rate': 8.038757411838141e-06, 'epoch': 9.26}
{'loss': 0.3372, 'learning_rate': 7.995456673254966e-06, 'epoch': 9.26}
{'loss': 0.3504, 'learning_rate': 7.952155934671802e-06, 'epoch': 9.26}
{'loss': 0.3554, 'learning_rate': 7.908855196088625e-06, 'epoch': 9.27}
{'loss': 0.3556, 'learning_rate': 7.865554457505462e-06, 'epoch': 9.27}
{'loss': 0.3204, 'learning_rate': 7.822253718922297e-06, 'epoch': 9.28}
{'loss': 0.3313, 'learning_rate': 7.778952980339121e-06, 'epoch': 9.28}
{'loss': 0.321, 'learning_rate': 7.735652241755956e-06, 'epoch': 9.29}
{'loss': 0.357, 'learning_rate': 7.69235150317279e-06, 'epoch': 9.29}
{'loss': 0.3391, 'learning_rate': 7.649050764589615e-06, 'epoch': 9.29}
{'loss': 0.3288, 'learning_rate': 7.605750026006452e-06, 'epoch': 9.3}
{'loss': 0.3516, 'learning_rate': 7.562449287423286e-06, 'epoch': 9.3}
{'loss': 0.3553, 'learning_rate': 7.51914854884011e-06, 'epoch': 9.31}
{'loss': 0.3263, 'learning_rate': 7.475847810256946e-06, 'epoch': 9.31}
{'loss': 0.37, 'learning_rate': 7.432547071673769e-06, 'epoch': 9.31}
{'loss': 0.3458, 'learning_rate': 7.389246333090605e-06, 'epoch': 9.32}
{'loss': 0.3421, 'learning_rate': 7.345945594507441e-06, 'epoch': 9.32}
{'loss': 0.3331, 'learning_rate': 7.303510870695928e-06, 'epoch': 9.33}
{'loss': 0.3177, 'learning_rate': 7.260210132112763e-06, 'epoch': 9.33}
{'loss': 0.3427, 'learning_rate': 7.216909393529599e-06, 'epoch': 9.33}
{'loss': 0.3174, 'learning_rate': 7.1736086549464234e-06, 'epoch': 9.34}
{'loss': 0.3275, 'learning_rate': 7.130307916363259e-06, 'epoch': 9.34}
{'loss': 0.3345, 'learning_rate': 7.087007177780095e-06, 'epoch': 9.35}
{'loss': 0.3311, 'learning_rate': 7.043706439196919e-06, 'epoch': 9.35}
{'loss': 0.3114, 'learning_rate': 7.000405700613753e-06, 'epoch': 9.35}
{'loss': 0.3263, 'learning_rate': 6.957104962030589e-06, 'epoch': 9.36}
{'loss': 0.3505, 'learning_rate': 6.913804223447413e-06, 'epoch': 9.36}
{'loss': 0.3284, 'learning_rate': 6.870503484864249e-06, 'epoch': 9.37}
{'loss': 0.3545, 'learning_rate': 6.827202746281072e-06, 'epoch': 9.37}
{'loss': 0.3277, 'learning_rate': 6.783902007697908e-06, 'epoch': 9.38}
{'loss': 0.3746, 'learning_rate': 6.740601269114744e-06, 'epoch': 9.38}
{'loss': 0.3502, 'learning_rate': 6.6973005305315685e-06, 'epoch': 9.38}
{'loss': 0.3078, 'learning_rate': 6.653999791948404e-06, 'epoch': 9.39}
{'loss': 0.3046, 'learning_rate': 6.61069905336524e-06, 'epoch': 9.39}
{'loss': 0.3526, 'learning_rate': 6.567398314782063e-06, 'epoch': 9.4}
{'loss': 0.3493, 'learning_rate': 6.524097576198898e-06, 'epoch': 9.4}
{'loss': 0.3355, 'learning_rate': 6.480796837615734e-06, 'epoch': 9.4}
{'loss': 0.3646, 'learning_rate': 6.437496099032557e-06, 'epoch': 9.41}
{'loss': 0.3182, 'learning_rate': 6.394195360449392e-06, 'epoch': 9.41}
{'loss': 0.3489, 'learning_rate': 6.350894621866217e-06, 'epoch': 9.42}
{'loss': 0.3229, 'learning_rate': 6.3075938832830525e-06, 'epoch': 9.42}
{'loss': 0.3258, 'learning_rate': 6.264293144699888e-06, 'epoch': 9.42}
{'loss': 0.3233, 'learning_rate': 6.220992406116713e-06, 'epoch': 9.43}
{'loss': 0.3639, 'learning_rate': 6.177691667533548e-06, 'epoch': 9.43}
{'loss': 0.3364, 'learning_rate': 6.134390928950383e-06, 'epoch': 9.44}
{'loss': 0.3327, 'learning_rate': 6.091090190367208e-06, 'epoch': 9.44}
{'loss': 0.3372, 'learning_rate': 6.047789451784043e-06, 'epoch': 9.44}
{'loss': 0.3202, 'learning_rate': 6.004488713200879e-06, 'epoch': 9.45}
{'loss': 0.3117, 'learning_rate': 5.9611879746177026e-06, 'epoch': 9.45}
{'loss': 0.3393, 'learning_rate': 5.917887236034538e-06, 'epoch': 9.46}
{'loss': 0.2986, 'learning_rate': 5.874586497451374e-06, 'epoch': 9.46}
{'loss': 0.3258, 'learning_rate': 5.8312857588681975e-06, 'epoch': 9.46}
{'loss': 0.3562, 'learning_rate': 5.787985020285033e-06, 'epoch': 9.47}
{'loss': 0.3363, 'learning_rate': 5.744684281701858e-06, 'epoch': 9.47}
{'loss': 0.3387, 'learning_rate': 5.7013835431186925e-06, 'epoch': 9.48}
{'loss': 0.3592, 'learning_rate': 5.658082804535528e-06, 'epoch': 9.48}
{'loss': 0.3523, 'learning_rate': 5.614782065952353e-06, 'epoch': 9.49}
{'loss': 0.3209, 'learning_rate': 5.5714813273691874e-06, 'epoch': 9.49}
{'loss': 0.3446, 'learning_rate': 5.528180588786023e-06, 'epoch': 9.49}
{'loss': 0.3273, 'learning_rate': 5.485745864974511e-06, 'epoch': 9.5}
{'loss': 0.3527, 'learning_rate': 5.442445126391346e-06, 'epoch': 9.5}
{'loss': 0.3131, 'learning_rate': 5.399144387808181e-06, 'epoch': 9.51}
{'loss': 0.3473, 'learning_rate': 5.355843649225006e-06, 'epoch': 9.51}
{'loss': 0.35, 'learning_rate': 5.312542910641841e-06, 'epoch': 9.51}
{'loss': 0.3184, 'learning_rate': 5.269242172058665e-06, 'epoch': 9.52}
{'loss': 0.3275, 'learning_rate': 5.225941433475501e-06, 'epoch': 9.52}
{'loss': 0.3476, 'learning_rate': 5.182640694892336e-06, 'epoch': 9.53}
{'loss': 0.3496, 'learning_rate': 5.13933995630916e-06, 'epoch': 9.53}
{'loss': 0.317, 'learning_rate': 5.096039217725996e-06, 'epoch': 9.53}
{'loss': 0.3373, 'learning_rate': 5.052738479142831e-06, 'epoch': 9.54}
{'loss': 0.3169, 'learning_rate': 5.009437740559655e-06, 'epoch': 9.54}
{'loss': 0.3657, 'learning_rate': 4.9661370019764906e-06, 'epoch': 9.55}
{'loss': 0.3592, 'learning_rate': 4.922836263393326e-06, 'epoch': 9.55}
{'loss': 0.3496, 'learning_rate': 4.879535524810151e-06, 'epoch': 9.55}
{'loss': 0.3194, 'learning_rate': 4.8362347862269855e-06, 'epoch': 9.56}
{'loss': 0.3363, 'learning_rate': 4.792934047643821e-06, 'epoch': 9.56}
{'loss': 0.3238, 'learning_rate': 4.749633309060646e-06, 'epoch': 9.57}
{'loss': 0.3381, 'learning_rate': 4.7063325704774804e-06, 'epoch': 9.57}
{'loss': 0.3354, 'learning_rate': 4.663031831894305e-06, 'epoch': 9.57}
{'loss': 0.3563, 'learning_rate': 4.619731093311141e-06, 'epoch': 9.58}
{'loss': 0.3192, 'learning_rate': 4.576430354727976e-06, 'epoch': 9.58}
{'loss': 0.3677, 'learning_rate': 4.5331296161448e-06, 'epoch': 9.59}
{'loss': 0.3242, 'learning_rate': 4.489828877561636e-06, 'epoch': 9.59}
{'loss': 0.3413, 'learning_rate': 4.446528138978471e-06, 'epoch': 9.6}
{'loss': 0.3385, 'learning_rate': 4.403227400395295e-06, 'epoch': 9.6}
{'loss': 0.3726, 'learning_rate': 4.3599266618121305e-06, 'epoch': 9.6}
{'loss': 0.3273, 'learning_rate': 4.316625923228966e-06, 'epoch': 9.61}
{'loss': 0.3473, 'learning_rate': 4.27332518464579e-06, 'epoch': 9.61}
{'loss': 0.3617, 'learning_rate': 4.2300244460626255e-06, 'epoch': 9.62}
{'loss': 0.3633, 'learning_rate': 4.18672370747945e-06, 'epoch': 9.62}
{'loss': 0.3572, 'learning_rate': 4.143422968896285e-06, 'epoch': 9.62}
{'loss': 0.3422, 'learning_rate': 4.1001222303131204e-06, 'epoch': 9.63}
{'loss': 0.3269, 'learning_rate': 4.056821491729945e-06, 'epoch': 9.63}
{'loss': 0.3536, 'learning_rate': 4.013520753146781e-06, 'epoch': 9.64}
{'loss': 0.3378, 'learning_rate': 3.970220014563615e-06, 'epoch': 9.64}
{'loss': 0.3408, 'learning_rate': 3.92691927598044e-06, 'epoch': 9.64}
{'loss': 0.3126, 'learning_rate': 3.883618537397276e-06, 'epoch': 9.65}
{'loss': 0.3443, 'learning_rate': 3.840317798814111e-06, 'epoch': 9.65}
{'loss': 0.3521, 'learning_rate': 3.797017060230935e-06, 'epoch': 9.66}
{'loss': 0.359, 'learning_rate': 3.7537163216477705e-06, 'epoch': 9.66}
{'loss': 0.3537, 'learning_rate': 3.7112815978362693e-06, 'epoch': 9.66}
{'loss': 0.3412, 'learning_rate': 3.667980859253093e-06, 'epoch': 9.67}
{'loss': 0.3319, 'learning_rate': 3.6246801206699286e-06, 'epoch': 9.67}
{'loss': 0.3519, 'learning_rate': 3.5813793820867524e-06, 'epoch': 9.68}
{'loss': 0.3576, 'learning_rate': 3.538078643503588e-06, 'epoch': 9.68}
{'loss': 0.3085, 'learning_rate': 3.494777904920424e-06, 'epoch': 9.68}
{'loss': 0.3462, 'learning_rate': 3.4514771663372477e-06, 'epoch': 9.69}
{'loss': 0.3247, 'learning_rate': 3.4081764277540833e-06, 'epoch': 9.69}
{'loss': 0.3375, 'learning_rate': 3.364875689170918e-06, 'epoch': 9.7}
{'loss': 0.3476, 'learning_rate': 3.3215749505877427e-06, 'epoch': 9.7}
{'loss': 0.3639, 'learning_rate': 3.2782742120045783e-06, 'epoch': 9.71}
{'loss': 0.3557, 'learning_rate': 3.2349734734214135e-06, 'epoch': 9.71}
{'loss': 0.3328, 'learning_rate': 3.191672734838238e-06, 'epoch': 9.71}
{'loss': 0.3164, 'learning_rate': 3.1483719962550737e-06, 'epoch': 9.72}
{'loss': 0.3458, 'learning_rate': 3.1050712576718974e-06, 'epoch': 9.72}
{'loss': 0.3299, 'learning_rate': 3.061770519088733e-06, 'epoch': 9.73}
{'loss': 0.3373, 'learning_rate': 3.018469780505568e-06, 'epoch': 9.73}
{'loss': 0.3265, 'learning_rate': 2.9751690419223928e-06, 'epoch': 9.73}
{'loss': 0.3494, 'learning_rate': 2.931868303339228e-06, 'epoch': 9.74}
{'loss': 0.3573, 'learning_rate': 2.8885675647560636e-06, 'epoch': 9.74}
{'loss': 0.3592, 'learning_rate': 2.8452668261728877e-06, 'epoch': 9.75}
{'loss': 0.3647, 'learning_rate': 2.801966087589723e-06, 'epoch': 9.75}
{'loss': 0.3248, 'learning_rate': 2.7586653490065585e-06, 'epoch': 9.75}
{'loss': 0.3414, 'learning_rate': 2.7153646104233827e-06, 'epoch': 9.76}
{'loss': 0.3306, 'learning_rate': 2.672063871840218e-06, 'epoch': 9.76}
{'loss': 0.3585, 'learning_rate': 2.6287631332570424e-06, 'epoch': 9.77}
{'loss': 0.3086, 'learning_rate': 2.5854623946738776e-06, 'epoch': 9.77}
{'loss': 0.3394, 'learning_rate': 2.5421616560907132e-06, 'epoch': 9.77}
{'loss': 0.3702, 'learning_rate': 2.4988609175075374e-06, 'epoch': 9.78}
{'loss': 0.3329, 'learning_rate': 2.4555601789243726e-06, 'epoch': 9.78}
{'loss': 0.3508, 'learning_rate': 2.412259440341208e-06, 'epoch': 9.79}
{'loss': 0.3453, 'learning_rate': 2.3689587017580323e-06, 'epoch': 9.79}
{'loss': 0.3527, 'learning_rate': 2.325657963174868e-06, 'epoch': 9.79}
{'loss': 0.3506, 'learning_rate': 2.282357224591703e-06, 'epoch': 9.8}
{'loss': 0.343, 'learning_rate': 2.2390564860085273e-06, 'epoch': 9.8}
{'loss': 0.3352, 'learning_rate': 2.195755747425363e-06, 'epoch': 9.81}
{'loss': 0.3336, 'learning_rate': 2.152455008842198e-06, 'epoch': 9.81}
{'loss': 0.3365, 'learning_rate': 2.1091542702590227e-06, 'epoch': 9.82}
{'loss': 0.3269, 'learning_rate': 2.065853531675858e-06, 'epoch': 9.82}
{'loss': 0.3252, 'learning_rate': 2.022552793092682e-06, 'epoch': 9.82}
{'loss': 0.3495, 'learning_rate': 1.9792520545095176e-06, 'epoch': 9.83}
{'loss': 0.3369, 'learning_rate': 1.9359513159263532e-06, 'epoch': 9.83}
{'loss': 0.3429, 'learning_rate': 1.8935165921148405e-06, 'epoch': 9.84}
{'loss': 0.3676, 'learning_rate': 1.850215853531676e-06, 'epoch': 9.84}
{'loss': 0.3446, 'learning_rate': 1.8069151149485115e-06, 'epoch': 9.84}
{'loss': 0.3354, 'learning_rate': 1.7636143763653353e-06, 'epoch': 9.85}
{'loss': 0.3078, 'learning_rate': 1.7203136377821706e-06, 'epoch': 9.85}
{'loss': 0.3393, 'learning_rate': 1.6770128991990062e-06, 'epoch': 9.86}
{'loss': 0.3381, 'learning_rate': 1.6337121606158304e-06, 'epoch': 9.86}
{'loss': 0.3344, 'learning_rate': 1.590411422032666e-06, 'epoch': 9.86}
{'loss': 0.3131, 'learning_rate': 1.5471106834494902e-06, 'epoch': 9.87}
{'loss': 0.3398, 'learning_rate': 1.5038099448663254e-06, 'epoch': 9.87}
{'loss': 0.33, 'learning_rate': 1.460509206283161e-06, 'epoch': 9.88}
{'loss': 0.371, 'learning_rate': 1.4172084676999851e-06, 'epoch': 9.88}
{'loss': 0.3187, 'learning_rate': 1.3739077291168207e-06, 'epoch': 9.88}
{'loss': 0.3757, 'learning_rate': 1.330606990533656e-06, 'epoch': 9.89}
{'loss': 0.359, 'learning_rate': 1.28730625195048e-06, 'epoch': 9.89}
{'loss': 0.3193, 'learning_rate': 1.2440055133673157e-06, 'epoch': 9.9}
{'loss': 0.3467, 'learning_rate': 1.2007047747841509e-06, 'epoch': 9.9}
{'loss': 0.3117, 'learning_rate': 1.1574040362009755e-06, 'epoch': 9.9}
{'loss': 0.3242, 'learning_rate': 1.1141032976178106e-06, 'epoch': 9.91}
{'loss': 0.3287, 'learning_rate': 1.0708025590346458e-06, 'epoch': 9.91}
{'loss': 0.3066, 'learning_rate': 1.0275018204514704e-06, 'epoch': 9.92}
{'loss': 0.329, 'learning_rate': 9.842010818683056e-07, 'epoch': 9.92}
{'loss': 0.3629, 'learning_rate': 9.4090034328513e-07, 'epoch': 9.93}
{'loss': 0.3492, 'learning_rate': 8.975996047019655e-07, 'epoch': 9.93}
{'loss': 0.3053, 'learning_rate': 8.542988661188007e-07, 'epoch': 9.93}
{'loss': 0.341, 'learning_rate': 8.109981275356251e-07, 'epoch': 9.94}
{'loss': 0.318, 'learning_rate': 7.676973889524604e-07, 'epoch': 9.94}
{'loss': 0.3002, 'learning_rate': 7.243966503692957e-07, 'epoch': 9.95}
{'loss': 0.3392, 'learning_rate': 6.810959117861201e-07, 'epoch': 9.95}
{'loss': 0.3173, 'learning_rate': 6.377951732029554e-07, 'epoch': 9.95}
{'loss': 0.3374, 'learning_rate': 5.944944346197908e-07, 'epoch': 9.96}
{'loss': 0.3646, 'learning_rate': 5.51193696036615e-07, 'epoch': 9.96}
{'loss': 0.3215, 'learning_rate': 5.078929574534504e-07, 'epoch': 9.97}
{'loss': 0.3595, 'learning_rate': 4.6459221887027474e-07, 'epoch': 9.97}
{'loss': 0.3423, 'learning_rate': 4.2129148028711013e-07, 'epoch': 9.97}
{'loss': 0.3189, 'learning_rate': 3.7799074170394547e-07, 'epoch': 9.98}
{'loss': 0.315, 'learning_rate': 3.3469000312076974e-07, 'epoch': 9.98}
{'loss': 0.3259, 'learning_rate': 2.9138926453760514e-07, 'epoch': 9.99}
{'loss': 0.3482, 'learning_rate': 2.480885259544405e-07, 'epoch': 9.99}
{'loss': 0.3699, 'learning_rate': 2.047877873712648e-07, 'epoch': 9.99}
{'loss': 0.3171, 'learning_rate': 1.614870487881002e-07, 'epoch': 10.0}
[INFO|trainer.py:520] 2026-10-04 16:30:14,675 >> The following columns in the evaluation set  don't have a corresponding argument in `PETLEncModel.forward` and have been ignored: hypothesis, premise, idx.
[INFO|trainer.py:2179] 2026-10-04 16:30:14,677 >> ***** Running Evaluation *****
[INFO|trainer.py:2181] 2026-10-04 16:30:14,677 >>   Num examples = 9815
[INFO|trainer.py:2184] 2026-10-04 16:30:14,677 >>   Batch size = 32
{'eval_loss': 0.35954856872558594, 'eval_accuracy': 0.8669383596535915, 'eval_runtime': 15.8226, 'eval_samples_per_second': 620.314, 'eval_steps_per_second': 19.403, 'epoch': 10.0}
[INFO|trainer.py:1933] 2026-10-04 16:30:30,501 >> Saving model checkpoint to checkpoints/glue/mnli/20261004/glue.mnli.mam.am_prefix.ao_concat.fm_adapter.fo_parallel.abn.fbn.ac_add.fl_none.finit_lora.fs_2.unfrz_ef_.ne10.warm0.06.wd0.1.seed42./checkpoint-122720
[INFO|configuration_utils.py:364] 2026-10-04 16:30:30,502 >> Configuration saved in checkpoints/glue/mnli/20261004/glue.mnli.mam.am_prefix.ao_concat.fm_adapter.fo_parallel.abn.fbn.ac_add.fl_none.finit_lora.fs_2.unfrz_ef_.ne10.warm0.06.wd0.1.seed42./checkpoint-122720/config.json
[INFO|modeling_utils.py:898] 2026-10-04 16:30:30,897 >> Model weights saved in checkpoints/glue/mnli/20261004/glue.mnli.mam.am_prefix.ao_concat.fm_adapter.fo_parallel.abn.fbn.ac_add.fl_none.finit_lora.fs_2.unfrz_ef_.ne10.warm0.06.wd0.1.seed42./checkpoint-122720/pytorch_model.bin
[INFO|tokenization_utils_base.py:1948] 2026-10-04 16:30:30,898 >> tokenizer config file saved in checkpoints/glue/mnli/20261004/glue.mnli.mam.am_prefix.ao_concat.fm_adapter.fo_parallel.abn.fbn.ac_add.fl_none.finit_lora.fs_2.unfrz_ef_.ne10.warm0.06.wd0.1.seed42./checkpoint-122720/tokenizer_config.json
[INFO|tokenization_utils_base.py:1954] 2026-10-04 16:30:30,898 >> Special tokens file saved in checkpoints/glue/mnli/20261004/glue.mnli.mam.am_prefix.ao_concat.fm_adapter.fo_parallel.abn.fbn.ac_add.fl_none.finit_lora.fs_2.unfrz_ef_.ne10.warm0.06.wd0.1.seed42./checkpoint-122720/special_tokens_map.json
[INFO|trainer.py:2009] 2026-10-04 16:30:31,035 >> Deleting older checkpoint [checkpoints/glue/mnli/20261004/glue.mnli.mam.am_prefix.ao_concat.fm_adapter.fo_parallel.abn.fbn.ac_add.fl_none.finit_lora.fs_2.unfrz_ef_.ne10.warm0.06.wd0.1.seed42./checkpoint-85904] due to args.save_total_limit
[INFO|trainer.py:1382] 2026-10-04 16:30:31,043 >> 

Training completed. Do not forget to share your model on huggingface.co/models =)


[INFO|trainer.py:1390] 2026-10-04 16:30:31,043 >> Loading best model from checkpoints/glue/mnli/20261004/glue.mnli.mam.am_prefix.ao_concat.fm_adapter.fo_parallel.abn.fbn.ac_add.fl_none.finit_lora.fs_2.unfrz_ef_.ne10.warm0.06.wd0.1.seed42./checkpoint-122720 (score: 0.8669383596535915).
{'train_runtime': 5949.6898, 'train_samples_per_second': 660.038, 'train_steps_per_second': 20.626, 'train_loss': 0.40614462985986216, 'epoch': 10.0}
[INFO|trainer.py:1933] 2026-10-04 16:30:31,377 >> Saving model checkpoint to checkpoints/glue/mnli/20261004/glue.mnli.mam.am_prefix.ao_concat.fm_adapter.fo_parallel.abn.fbn.ac_add.fl_none.finit_lora.fs_2.unfrz_ef_.ne10.warm0.06.wd0.1.seed42.
[INFO|configuration_utils.py:364] 2026-10-04 16:30:31,378 >> Configuration saved in checkpoints/glue/mnli/20261004/glue.mnli.mam.am_prefix.ao_concat.fm_adapter.fo_parallel.abn.fbn.ac_add.fl_none.finit_lora.fs_2.unfrz_ef_.ne10.warm0.06.wd0.1.seed42./config.json
[INFO|modeling_utils.py:898] 2026-10-04 16:30:31,728 >> Model weights saved in checkpoints/glue/mnli/20261004/glue.mnli.mam.am_prefix.ao_concat.fm_adapter.fo_parallel.abn.fbn.ac_add.fl_none.finit_lora.fs_2.unfrz_ef_.ne10.warm0.06.wd0.1.seed42./pytorch_model.bin
[INFO|tokenization_utils_base.py:1948] 2026-10-04 16:30:31,729 >> tokenizer config file saved in checkpoints/glue/mnli/20261004/glue.mnli.mam.am_prefix.ao_concat.fm_adapter.fo_parallel.abn.fbn.ac_add.fl_none.finit_lora.fs_2.unfrz_ef_.ne10.warm0.06.wd0.1.seed42./tokenizer_config.json
[INFO|tokenization_utils_base.py:1954] 2026-10-04 16:30:31,729 >> Special tokens file saved in checkpoints/glue/mnli/20261004/glue.mnli.mam.am_prefix.ao_concat.fm_adapter.fo_parallel.abn.fbn.ac_add.fl_none.finit_lora.fs_2.unfrz_ef_.ne10.warm0.06.wd0.1.seed42./special_tokens_map.json
***** train metrics *****
  epoch                    =       10.0
  train_loss               =     0.4061
  train_runtime            = 1:39:09.68
  train_samples            =     392702
  train_samples_per_second =    660.038
  train_steps_per_second   =     20.626
10/04/2026 16:30:31 - INFO - __main__ -   *** Evaluate ***
[INFO|trainer.py:520] 2026-10-04 16:30:31,791 >> The following columns in the evaluation set  don't have a corresponding argument in `PETLEncModel.forward` and have been ignored: hypothesis, premise, idx.
[INFO|trainer.py:2179] 2026-10-04 16:30:31,792 >> ***** Running Evaluation *****
[INFO|trainer.py:2181] 2026-10-04 16:30:31,792 >>   Num examples = 9815
[INFO|trainer.py:2184] 2026-10-04 16:30:31,793 >>   Batch size = 32
{'eval_loss': 0.35954856872558594, 'eval_accuracy': 0.8669383596535915, 'eval_runtime': 15.7868, 'eval_samples_per_second': 621.723, 'eval_steps_per_second': 19.447, 'epoch': 10.0}
***** eval metrics *****
  epoch                   =       10.0
  eval_accuracy           =     0.8669
  eval_loss               =     0.3595
  eval_runtime            = 0:00:15.78
  eval_samples            =       9815
  eval_samples_per_second =    621.723
  eval_steps_per_second   =     19.447
[INFO|trainer.py:520] 2026-10-04 16:30:47,581 >> The following columns in the evaluation set  don't have a corresponding argument in `PETLEncModel.forward` and have been ignored: hypothesis, premise, idx.
[INFO|trainer.py:2179] 2026-10-04 16:30:47,582 >> ***** Running Evaluation *****
[INFO|trainer.py:2181] 2026-10-04 16:30:47,582 >>   Num examples = 9832
[INFO|trainer.py:2184] 2026-10-04 16:30:47,582 >>   Batch size = 32
{'eval_loss': 0.35722026228904724, 'eval_accuracy': 0.8704231082180635, 'eval_runtime': 16.1078, 'eval_samples_per_second': 610.389, 'eval_steps_per_second': 19.121, 'epoch': 10.0}
***** eval metrics *****
  epoch                   =       10.0
  eval_accuracy           =     0.8704
  eval_loss               =     0.3572
  eval_runtime            = 0:00:16.10
  eval_samples            =       9815
  eval_samples_per_second =    610.389
  eval_steps_per_second   =     19.121
