checkpoints/glue/mnli/20261004/glue.mnli.mam.am_prefix.ao_concat.fm_adapter.fo_parallel.abn.fbn.ac_add.fl_none.finit_lora.fs_2.unfrz_ef_.ne10.warm0.06.wd0.1.seed8.
10/04/2026 16:38:50 - WARNING - __main__ -   Process rank: -1, device: cuda:0, n_gpu: 1distributed training: False, 16-bits training: True
10/04/2026 16:38:50 - INFO - __main__ -   Training/evaluation parameters TrainingArguments(
_n_gpu=1,
adafactor=False,
adam_beta1=0.9,
adam_beta2=0.98,
adam_epsilon=1e-06,
dataloader_drop_last=False,
dataloader_num_workers=0,
dataloader_pin_memory=True,
ddp_find_unused_parameters=False,
debug=[],
deepspeed=None,
disable_tqdm=True,
do_eval=True,
do_predict=False,
do_train=True,
eval_accumulation_steps=None,
eval_steps=5000,
evaluation_strategy=IntervalStrategy.EPOCH,
fp16=True,
fp16_backend=auto,
fp16_full_eval=False,
fp16_opt_level=O1,
gradient_accumulation_steps=1,
greater_is_better=True,
group_by_length=False,
ignore_data_skip=False,
label_names=None,
label_smoothing_factor=0.0,
learning_rate=0.0001,
length_column_name=length,
load_best_model_at_end=True,
local_rank=-1,
log_level=-1,
log_level_replica=-1,
log_on_each_node=True,
logging_dir=checkpoints/glue/mnli/20261004/glue.mnli.mam.am_prefix.ao_concat.fm_adapter.fo_parallel.abn.fbn.ac_add.fl_none.finit_lora.fs_2.unfrz_ef_.ne10.warm0.06.wd0.1.seed8./runs/Oct04_16-38-49_j-12410940-job-0,
logging_first_step=False,
logging_steps=50,
logging_strategy=IntervalStrategy.STEPS,
lr_scheduler_type=SchedulerType.POLYNOMIAL,
max_grad_norm=1.0,
max_steps=-1,
metric_for_best_model=accuracy,
mp_parameters=,
no_cuda=False,
num_train_epochs=10.0,
output_dir=checkpoints/glue/mnli/20261004/glue.mnli.mam.am_prefix.ao_concat.fm_adapter.fo_parallel.abn.fbn.ac_add.fl_none.finit_lora.fs_2.unfrz_ef_.ne10.warm0.06.wd0.1.seed8.,
overwrite_output_dir=True,
past_index=-1,
per_device_eval_batch_size=32,
per_device_train_batch_size=32,
prediction_loss_only=False,
push_to_hub=False,
push_to_hub_model_id=glue.mnli.mam.am_prefix.ao_concat.fm_adapter.fo_parallel.abn.fbn.ac_add.fl_none.finit_lora.fs_2.unfrz_ef_.ne10.warm0.06.wd0.1.seed8.,
push_to_hub_organization=None,
push_to_hub_token=None,
remove_unused_columns=True,
report_to=[],
resume_from_checkpoint=None,
run_name=mnli.20261004.glue.mnli.mam.am_prefix.ao_concat.fm_adapter.fo_parallel.abn.fbn.ac_add.fl_none.finit_lora.fs_2.unfrz_ef_.ne10.warm0.06.wd0.1.seed8.,
save_steps=5000,
save_strategy=IntervalStrategy.EPOCH,
save_total_limit=2,
seed=8,
sharded_ddp=[],
skip_memory_metrics=True,
tpu_metrics_debug=False,
tpu_num_cores=None,
use_legacy_prediction_loop=False,
warmup_ratio=0.06,
warmup_steps=0,
weight_decay=0.1,
)
10/04/2026 16:38:50 - WARNING - datasets.builder -   Reusing dataset glue (checkpoints/hf_model/glue/mnli/1.0.0/dacbe3125aa31d7f70367a07a8a9e72a5a0bfeb5fc42e75c9db75b96da6053ad)
[INFO|configuration_utils.py:528] 2026-10-04 16:38:50,871 >> loading configuration file /work/unify-parameter-efficient-tuning/_setup/models/roberta-base/config.json
[INFO|configuration_utils.py:566] 2026-10-04 16:38:50,872 >> Model config RobertaConfig {
  "architectures": [
    "RobertaForMaskedLM"
  ],
  "attention_probs_dropout_prob": 0.1,
  "bos_token_id": 0,
  "eos_token_id": 2,
  "finetuning_task": "mnli",
  "gradient_checkpointing": false,
  "hidden_act": "gelu",
  "hidden_dropout_prob": 0.1,
  "hidden_size": 768,
  "id2label": {
    "0": "LABEL_0",
    "1": "LABEL_1",
    "2": "LABEL_2"
  },
  "initializer_range": 0.02,
  "intermediate_size": 3072,
  "label2id": {
    "LABEL_0": 0,
    "LABEL_1": 1,
    "LABEL_2": 2
  },
  "layer_norm_eps": 1e-05,
  "max_position_embeddings": 514,
  "model_type": "roberta",
  "num_attention_heads": 12,
  "num_hidden_layers": 12,
  "pad_token_id": 1,
  "position_embedding_type": "absolute",
  "transformers_version": "4.9.0.dev0",
  "type_vocab_size": 1,
  "use_cache": true,
  "vocab_size": 50265
}

[INFO|tokenization_auto.py:427] 2026-10-04 16:38:50,872 >> Could not locate the tokenizer configuration file, will try to use the model config instead.
[INFO|configuration_utils.py:528] 2026-10-04 16:38:50,872 >> loading configuration file /work/unify-parameter-efficient-tuning/_setup/models/roberta-base/config.json
[INFO|configuration_utils.py:566] 2026-10-04 16:38:50,872 >> Model config RobertaConfig {
  "architectures": [
    "RobertaForMaskedLM"
  ],
  "attention_probs_dropout_prob": 0.1,
  "bos_token_id": 0,
  "eos_token_id": 2,
  "gradient_checkpointing": false,
  "hidden_act": "gelu",
  "hidden_dropout_prob": 0.1,
  "hidden_size": 768,
  "initializer_range": 0.02,
  "intermediate_size": 3072,
  "layer_norm_eps": 1e-05,
  "max_position_embeddings": 514,
  "model_type": "roberta",
  "num_attention_heads": 12,
  "num_hidden_layers": 12,
  "pad_token_id": 1,
  "position_embedding_type": "absolute",
  "transformers_version": "4.9.0.dev0",
  "type_vocab_size": 1,
  "use_cache": true,
  "vocab_size": 50265
}

[INFO|tokenization_utils_base.py:1651] 2026-10-04 16:38:50,872 >> Didn't find file /work/unify-parameter-efficient-tuning/_setup/models/roberta-base/added_tokens.json. We won't load it.
[INFO|tokenization_utils_base.py:1651] 2026-10-04 16:38:50,872 >> Didn't find file /work/unify-parameter-efficient-tuning/_setup/models/roberta-base/special_tokens_map.json. We won't load it.
[INFO|tokenization_utils_base.py:1651] 2026-10-04 16:38:50,872 >> Didn't find file /work/unify-parameter-efficient-tuning/_setup/models/roberta-base/tokenizer_config.json. We won't load it.
[INFO|tokenization_utils_base.py:1715] 2026-10-04 16:38:50,872 >> loading file /work/unify-parameter-efficient-tuning/_setup/models/roberta-base/vocab.json
[INFO|tokenization_utils_base.py:1715] 2026-10-04 16:38:50,872 >> loading file /work/unify-parameter-efficient-tuning/_setup/models/roberta-base/merges.txt
[INFO|tokenization_utils_base.py:1715] 2026-10-04 16:38:50,872 >> loading file /work/unify-parameter-efficient-tuning/_setup/models/roberta-base/tokenizer.json
[INFO|tokenization_utils_base.py:1715] 2026-10-04 16:38:50,872 >> loading file None
[INFO|tokenization_utils_base.py:1715] 2026-10-04 16:38:50,872 >> loading file None
[INFO|tokenization_utils_base.py:1715] 2026-10-04 16:38:50,872 >> loading file None
[INFO|modeling_utils.py:1159] 2026-10-04 16:38:50,906 >> loading weights file /work/unify-parameter-efficient-tuning/_setup/models/roberta-base/pytorch_model.bin
============================ init weights is called! ====================================
============================ init weights is called! ====================================
[WARNING|modeling_utils.py:1336] 2026-10-04 16:38:52,206 >> Some weights of the model checkpoint at /work/unify-parameter-efficient-tuning/_setup/models/roberta-base were not used when initializing RobertaForSequenceClassification: ['lm_head.layer_norm.weight', 'lm_head.bias', 'roberta.pooler.dense.bias', 'roberta.pooler.dense.weight', 'lm_head.dense.weight', 'lm_head.layer_norm.bias', 'lm_head.dense.bias', 'lm_head.decoder.weight']
- This IS expected if you are initializing RobertaForSequenceClassification from the checkpoint of a model trained on another task or with another architecture (e.g. initializing a BertForSequenceClassification model from a BertForPreTraining model).
- This IS NOT expected if you are initializing RobertaForSequenceClassification from the checkpoint of a model that you expect to be exactly identical (initializing a BertForSequenceClassification model from a BertForSequenceClassification model).
[WARNING|modeling_utils.py:1347] 2026-10-04 16:38:52,206 >> Some weights of RobertaForSequenceClassification were not initialized from the model checkpoint at /work/unify-parameter-efficient-tuning/_setup/models/roberta-base and are newly initialized: ['classifier.dense.bias', 'classifier.out_proj.weight', 'classifier.dense.weight', 'classifier.out_proj.bias']
You should probably TRAIN this model on a down-stream task to be able to use it for predictions and inference.
tune roberta.encoder.layer.0.output.ef_ffn_adapter.down_proj.weight
tune roberta.encoder.layer.0.output.ef_ffn_adapter.down_proj.bias
tune roberta.encoder.layer.0.output.ef_ffn_adapter.up_proj.weight
tune roberta.encoder.layer.0.output.ef_ffn_adapter.up_proj.bias
tune roberta.encoder.layer.0.ef_ffn_adapter.down_proj.weight
tune roberta.encoder.layer.0.ef_ffn_adapter.down_proj.bias
tune roberta.encoder.layer.0.ef_ffn_adapter.up_proj.weight
tune roberta.encoder.layer.0.ef_ffn_adapter.up_proj.bias
tune roberta.encoder.layer.1.output.ef_ffn_adapter.down_proj.weight
tune roberta.encoder.layer.1.output.ef_ffn_adapter.down_proj.bias
tune roberta.encoder.layer.1.output.ef_ffn_adapter.up_proj.weight
tune roberta.encoder.layer.1.output.ef_ffn_adapter.up_proj.bias
tune roberta.encoder.layer.1.ef_ffn_adapter.down_proj.weight
tune roberta.encoder.layer.1.ef_ffn_adapter.down_proj.bias
tune roberta.encoder.layer.1.ef_ffn_adapter.up_proj.weight
tune roberta.encoder.layer.1.ef_ffn_adapter.up_proj.bias
tune roberta.encoder.layer.2.output.ef_ffn_adapter.down_proj.weight
tune roberta.encoder.layer.2.output.ef_ffn_adapter.down_proj.bias
tune roberta.encoder.layer.2.output.ef_ffn_adapter.up_proj.weight
tune roberta.encoder.layer.2.output.ef_ffn_adapter.up_proj.bias
tune roberta.encoder.layer.2.ef_ffn_adapter.down_proj.weight
tune roberta.encoder.layer.2.ef_ffn_adapter.down_proj.bias
tune roberta.encoder.layer.2.ef_ffn_adapter.up_proj.weight
tune roberta.encoder.layer.2.ef_ffn_adapter.up_proj.bias
tune roberta.encoder.layer.3.output.ef_ffn_adapter.down_proj.weight
tune roberta.encoder.layer.3.output.ef_ffn_adapter.down_proj.bias
tune roberta.encoder.layer.3.output.ef_ffn_adapter.up_proj.weight
tune roberta.encoder.layer.3.output.ef_ffn_adapter.up_proj.bias
tune roberta.encoder.layer.3.ef_ffn_adapter.down_proj.weight
tune roberta.encoder.layer.3.ef_ffn_adapter.down_proj.bias
tune roberta.encoder.layer.3.ef_ffn_adapter.up_proj.weight
tune roberta.encoder.layer.3.ef_ffn_adapter.up_proj.bias
tune roberta.encoder.layer.4.output.ef_ffn_adapter.down_proj.weight
tune roberta.encoder.layer.4.output.ef_ffn_adapter.down_proj.bias
tune roberta.encoder.layer.4.output.ef_ffn_adapter.up_proj.weight
tune roberta.encoder.layer.4.output.ef_ffn_adapter.up_proj.bias
tune roberta.encoder.layer.4.ef_ffn_adapter.down_proj.weight
tune roberta.encoder.layer.4.ef_ffn_adapter.down_proj.bias
tune roberta.encoder.layer.4.ef_ffn_adapter.up_proj.weight
tune roberta.encoder.layer.4.ef_ffn_adapter.up_proj.bias
tune roberta.encoder.layer.5.output.ef_ffn_adapter.down_proj.weight
tune roberta.encoder.layer.5.output.ef_ffn_adapter.down_proj.bias
tune roberta.encoder.layer.5.output.ef_ffn_adapter.up_proj.weight
tune roberta.encoder.layer.5.output.ef_ffn_adapter.up_proj.bias
tune roberta.encoder.layer.5.ef_ffn_adapter.down_proj.weight
tune roberta.encoder.layer.5.ef_ffn_adapter.down_proj.bias
tune roberta.encoder.layer.5.ef_ffn_adapter.up_proj.weight
tune roberta.encoder.layer.5.ef_ffn_adapter.up_proj.bias
tune roberta.encoder.layer.6.output.ef_ffn_adapter.down_proj.weight
tune roberta.encoder.layer.6.output.ef_ffn_adapter.down_proj.bias
tune roberta.encoder.layer.6.output.ef_ffn_adapter.up_proj.weight
tune roberta.encoder.layer.6.output.ef_ffn_adapter.up_proj.bias
tune roberta.encoder.layer.6.ef_ffn_adapter.down_proj.weight
tune roberta.encoder.layer.6.ef_ffn_adapter.down_proj.bias
tune roberta.encoder.layer.6.ef_ffn_adapter.up_proj.weight
tune roberta.encoder.layer.6.ef_ffn_adapter.up_proj.bias
tune roberta.encoder.layer.7.output.ef_ffn_adapter.down_proj.weight
tune roberta.encoder.layer.7.output.ef_ffn_adapter.down_proj.bias
tune roberta.encoder.layer.7.output.ef_ffn_adapter.up_proj.weight
tune roberta.encoder.layer.7.output.ef_ffn_adapter.up_proj.bias
tune roberta.encoder.layer.7.ef_ffn_adapter.down_proj.weight
tune roberta.encoder.layer.7.ef_ffn_adapter.down_proj.bias
tune roberta.encoder.layer.7.ef_ffn_adapter.up_proj.weight
tune roberta.encoder.layer.7.ef_ffn_adapter.up_proj.bias
tune roberta.encoder.layer.8.output.ef_ffn_adapter.down_proj.weight
tune roberta.encoder.layer.8.output.ef_ffn_adapter.down_proj.bias
tune roberta.encoder.layer.8.output.ef_ffn_adapter.up_proj.weight
tune roberta.encoder.layer.8.output.ef_ffn_adapter.up_proj.bias
tune roberta.encoder.layer.8.ef_ffn_adapter.down_proj.weight
tune roberta.encoder.layer.8.ef_ffn_adapter.down_proj.bias
tune roberta.encoder.layer.8.ef_ffn_adapter.up_proj.weight
tune roberta.encoder.layer.8.ef_ffn_adapter.up_proj.bias
tune roberta.encoder.layer.9.output.ef_ffn_adapter.down_proj.weight
tune roberta.encoder.layer.9.output.ef_ffn_adapter.down_proj.bias
tune roberta.encoder.layer.9.output.ef_ffn_adapter.up_proj.weight
tune roberta.encoder.layer.9.output.ef_ffn_adapter.up_proj.bias
tune roberta.encoder.layer.9.ef_ffn_adapter.down_proj.weight
tune roberta.encoder.layer.9.ef_ffn_adapter.down_proj.bias
tune roberta.encoder.layer.9.ef_ffn_adapter.up_proj.weight
tune roberta.encoder.layer.9.ef_ffn_adapter.up_proj.bias
tune roberta.encoder.layer.10.output.ef_ffn_adapter.down_proj.weight
tune roberta.encoder.layer.10.output.ef_ffn_adapter.down_proj.bias
tune roberta.encoder.layer.10.output.ef_ffn_adapter.up_proj.weight
tune roberta.encoder.layer.10.output.ef_ffn_adapter.up_proj.bias
tune roberta.encoder.layer.10.ef_ffn_adapter.down_proj.weight
tune roberta.encoder.layer.10.ef_ffn_adapter.down_proj.bias
tune roberta.encoder.layer.10.ef_ffn_adapter.up_proj.weight
tune roberta.encoder.layer.10.ef_ffn_adapter.up_proj.bias
tune roberta.encoder.layer.11.output.ef_ffn_adapter.down_proj.weight
tune roberta.encoder.layer.11.output.ef_ffn_adapter.down_proj.bias
tune roberta.encoder.layer.11.output.ef_ffn_adapter.up_proj.weight
tune roberta.encoder.layer.11.output.ef_ffn_adapter.up_proj.bias
tune roberta.encoder.layer.11.ef_ffn_adapter.down_proj.weight
tune roberta.encoder.layer.11.ef_ffn_adapter.down_proj.bias
tune roberta.encoder.layer.11.ef_ffn_adapter.up_proj.weight
tune roberta.encoder.layer.11.ef_ffn_adapter.up_proj.bias
10/04/2026 16:38:52 - WARNING - datasets.fingerprint -   Parameter 'function'=<function main.<locals>.preprocess_function at 0x7fcd57ca3e50> of the transform datasets.arrow_dataset.Dataset._map_single couldn't be hashed properly, a random hash was used instead. Make sure your transforms and parameters are serializable with pickle or dill for the dataset fingerprinting and caching to work. If you reuse this transform, the caching mechanism will consider it to be different from the previous calls and recompute everything. This warning is only showed once. Subsequent hashing failures won't be showed.
10/04/2026 16:38:52 - WARNING - datasets.arrow_dataset -   Loading cached processed dataset at checkpoints/hf_model/glue/mnli/1.0.0/dacbe3125aa31d7f70367a07a8a9e72a5a0bfeb5fc42e75c9db75b96da6053ad/cache-5ed34fe53a096533.arrow
10/04/2026 16:38:52 - WARNING - datasets.arrow_dataset -   Loading cached processed dataset at checkpoints/hf_model/glue/mnli/1.0.0/dacbe3125aa31d7f70367a07a8a9e72a5a0bfeb5fc42e75c9db75b96da6053ad/cache-6018366cf658f7a7.arrow
10/04/2026 16:38:52 - WARNING - datasets.arrow_dataset -   Loading cached processed dataset at checkpoints/hf_model/glue/mnli/1.0.0/dacbe3125aa31d7f70367a07a8a9e72a5a0bfeb5fc42e75c9db75b96da6053ad/cache-317017a6205738d1.arrow
10/04/2026 16:38:52 - WARNING - datasets.arrow_dataset -   Loading cached processed dataset at checkpoints/hf_model/glue/mnli/1.0.0/dacbe3125aa31d7f70367a07a8a9e72a5a0bfeb5fc42e75c9db75b96da6053ad/cache-0b3510b0b46ee1da.arrow
10/04/2026 16:38:52 - WARNING - datasets.arrow_dataset -   Loading cached processed dataset at checkpoints/hf_model/glue/mnli/1.0.0/dacbe3125aa31d7f70367a07a8a9e72a5a0bfeb5fc42e75c9db75b96da6053ad/cache-230824d215ceb3a1.arrow
10/04/2026 16:38:52 - INFO - __main__ -   Sample 129730 of the training set: {'attention_mask': [1, 1, 1, 1, 1, 1, 1, 1, 1, 1, 1, 1, 1, 1, 1, 1, 1, 1, 1, 1, 1, 1, 1, 1, 1], 'hypothesis': 'That typically is the opposite of what I assume.', 'idx': 129730, 'input_ids': [0, 13437, 14, 3700, 16, 182, 3680, 939, 64, 75, 4744, 24, 2, 2, 1711, 3700, 16, 5, 5483, 9, 99, 38, 6876, 4, 2], 'label': 0, 'premise': "because that typically is very otherwise i can't imagine it"}.
10/04/2026 16:38:52 - INFO - __main__ -   Sample 265478 of the training set: {'attention_mask': [1, 1, 1, 1, 1, 1, 1, 1, 1, 1, 1, 1, 1, 1, 1, 1, 1, 1, 1, 1, 1, 1], 'hypothesis': 'There are no doubts about the Governments power.', 'idx': 265478, 'input_ids': [0, 133, 1621, 74, 28, 3187, 1747, 8, 2198, 72, 2, 2, 970, 32, 117, 10903, 59, 5, 26581, 476, 4, 2], 'label': 1, 'premise': 'The Government would be broken finally and completely."'}.
10/04/2026 16:38:52 - INFO - __main__ -   Sample 109784 of the training set: {'attention_mask': [1, 1, 1, 1, 1, 1, 1, 1, 1, 1, 1, 1, 1, 1, 1, 1, 1, 1, 1, 1, 1, 1, 1, 1, 1, 1, 1, 1, 1, 1, 1], 'hypothesis': 'Documentation would ensure interventions would not be repeated more than necessary. ', 'idx': 109784, 'input_ids': [0, 47088, 1258, 74, 67, 244, 1306, 15985, 74, 45, 28, 6636, 31875, 4, 2, 2, 47088, 1258, 74, 1306, 15985, 74, 45, 28, 6636, 55, 87, 2139, 4, 1437, 2], 'label': 0, 'premise': 'Documentation would also help ensure interventions would not be repeated unnecessarily.'}.
[INFO|trainer.py:420] 2026-10-04 16:38:53,717 >> Using amp fp16 backend
/work/unify-parameter-efficient-tuning/src/transformers/trainer.py:430: FutureWarning: `torch.cuda.amp.GradScaler(args...)` is deprecated. Please use `torch.amp.GradScaler('cuda', args...)` instead.
  self.scaler = torch.cuda.amp.GradScaler()
[INFO|trainer.py:520] 2026-10-04 16:38:53,717 >> The following columns in the training set  don't have a corresponding argument in `PETLEncModel.forward` and have been ignored: hypothesis, premise, idx.
[INFO|trainer.py:1183] 2026-10-04 16:38:54,589 >> ***** Running training *****
[INFO|trainer.py:1184] 2026-10-04 16:38:54,589 >>   Num examples = 392702
[INFO|trainer.py:1185] 2026-10-04 16:38:54,589 >>   Num Epochs = 10
[INFO|trainer.py:1186] 2026-10-04 16:38:54,589 >>   Instantaneous batch size per device = 32
[INFO|trainer.py:1187] 2026-10-04 16:38:54,589 >>   Total train batch size (w. parallel, distributed & accumulation) = 32
[INFO|trainer.py:1188] 2026-10-04 16:38:54,589 >>   Gradient Accumulation steps = 1
[INFO|trainer.py:1189] 2026-10-04 16:38:54,589 >>   Total optimization steps = 122720
/work/unify-parameter-efficient-tuning/src/transformers/trainer.py:1784: FutureWarning: `torch.cuda.amp.autocast(args...)` is deprecated. Please use `torch.amp.autocast('cuda', args...)` instead.
  with autocast():
{'loss': 1.1034, 'learning_rate': 6.789788158609453e-07, 'epoch': 0.0}
{'loss': 1.1036, 'learning_rate': 1.3579576317218905e-06, 'epoch': 0.01}
{'loss': 1.1034, 'learning_rate': 2.0369364475828354e-06, 'epoch': 0.01}
{'loss': 1.1068, 'learning_rate': 2.715915263443781e-06, 'epoch': 0.02}
{'loss': 1.1045, 'learning_rate': 3.3948940793047257e-06, 'epoch': 0.02}
{'loss': 1.1084, 'learning_rate': 4.073872895165671e-06, 'epoch': 0.02}
{'loss': 1.1074, 'learning_rate': 4.752851711026616e-06, 'epoch': 0.03}
{'loss': 1.1048, 'learning_rate': 5.431830526887562e-06, 'epoch': 0.03}
{'loss': 1.1085, 'learning_rate': 6.110809342748506e-06, 'epoch': 0.04}
{'loss': 1.1045, 'learning_rate': 6.7897881586094514e-06, 'epoch': 0.04}
{'loss': 1.1, 'learning_rate': 7.468766974470397e-06, 'epoch': 0.04}
{'loss': 1.1008, 'learning_rate': 8.147745790331342e-06, 'epoch': 0.05}
{'loss': 1.1047, 'learning_rate': 8.826724606192287e-06, 'epoch': 0.05}
{'loss': 1.102, 'learning_rate': 9.505703422053232e-06, 'epoch': 0.06}
{'loss': 1.0992, 'learning_rate': 1.0184682237914179e-05, 'epoch': 0.06}
{'loss': 1.1007, 'learning_rate': 1.0863661053775124e-05, 'epoch': 0.07}
{'loss': 1.1043, 'learning_rate': 1.1542639869636067e-05, 'epoch': 0.07}
{'loss': 1.1031, 'learning_rate': 1.2208039109179795e-05, 'epoch': 0.07}
{'loss': 1.1017, 'learning_rate': 1.288701792504074e-05, 'epoch': 0.08}
{'loss': 1.1001, 'learning_rate': 1.3565996740901685e-05, 'epoch': 0.08}
{'loss': 1.1025, 'learning_rate': 1.424497555676263e-05, 'epoch': 0.09}
{'loss': 1.1009, 'learning_rate': 1.4923954372623575e-05, 'epoch': 0.09}
{'loss': 1.0999, 'learning_rate': 1.560293318848452e-05, 'epoch': 0.09}
{'loss': 1.0986, 'learning_rate': 1.6281912004345466e-05, 'epoch': 0.1}
{'loss': 1.1022, 'learning_rate': 1.696089082020641e-05, 'epoch': 0.1}
{'loss': 1.097, 'learning_rate': 1.7639869636067356e-05, 'epoch': 0.11}
{'loss': 1.0964, 'learning_rate': 1.83188484519283e-05, 'epoch': 0.11}
{'loss': 1.0974, 'learning_rate': 1.8997827267789246e-05, 'epoch': 0.11}
{'loss': 1.0928, 'learning_rate': 1.967680608365019e-05, 'epoch': 0.12}
{'loss': 1.085, 'learning_rate': 2.0355784899511136e-05, 'epoch': 0.12}
{'loss': 1.0682, 'learning_rate': 2.103476371537208e-05, 'epoch': 0.13}
{'loss': 1.0575, 'learning_rate': 2.1700162954915806e-05, 'epoch': 0.13}
{'loss': 1.0304, 'learning_rate': 2.2379141770776756e-05, 'epoch': 0.13}
{'loss': 1.0126, 'learning_rate': 2.30581205866377e-05, 'epoch': 0.14}
{'loss': 0.9939, 'learning_rate': 2.3737099402498643e-05, 'epoch': 0.14}
{'loss': 0.9922, 'learning_rate': 2.441607821835959e-05, 'epoch': 0.15}
{'loss': 0.973, 'learning_rate': 2.5095057034220533e-05, 'epoch': 0.15}
{'loss': 0.9554, 'learning_rate': 2.577403585008148e-05, 'epoch': 0.15}
{'loss': 0.9391, 'learning_rate': 2.6453014665942423e-05, 'epoch': 0.16}
{'loss': 0.9364, 'learning_rate': 2.713199348180337e-05, 'epoch': 0.16}
{'loss': 0.9285, 'learning_rate': 2.781097229766431e-05, 'epoch': 0.17}
{'loss': 0.9245, 'learning_rate': 2.848995111352526e-05, 'epoch': 0.17}
{'loss': 0.8893, 'learning_rate': 2.9168929929386207e-05, 'epoch': 0.18}
{'loss': 0.8571, 'learning_rate': 2.984790874524715e-05, 'epoch': 0.18}
{'loss': 0.8616, 'learning_rate': 3.05268875611081e-05, 'epoch': 0.18}
{'loss': 0.8578, 'learning_rate': 3.120586637696904e-05, 'epoch': 0.19}
{'loss': 0.8098, 'learning_rate': 3.1884845192829984e-05, 'epoch': 0.19}
{'loss': 0.7998, 'learning_rate': 3.256382400869093e-05, 'epoch': 0.2}
{'loss': 0.7869, 'learning_rate': 3.324280282455188e-05, 'epoch': 0.2}
{'loss': 0.7729, 'learning_rate': 3.392178164041282e-05, 'epoch': 0.2}
{'loss': 0.73, 'learning_rate': 3.4600760456273765e-05, 'epoch': 0.21}
{'loss': 0.7113, 'learning_rate': 3.527973927213471e-05, 'epoch': 0.21}
{'loss': 0.6947, 'learning_rate': 3.595871808799566e-05, 'epoch': 0.22}
{'loss': 0.6818, 'learning_rate': 3.66376969038566e-05, 'epoch': 0.22}
{'loss': 0.67, 'learning_rate': 3.7316675719717546e-05, 'epoch': 0.22}
{'loss': 0.646, 'learning_rate': 3.799565453557849e-05, 'epoch': 0.23}
{'loss': 0.6887, 'learning_rate': 3.867463335143944e-05, 'epoch': 0.23}
{'loss': 0.6482, 'learning_rate': 3.935361216730038e-05, 'epoch': 0.24}
{'loss': 0.6601, 'learning_rate': 4.0032590983161326e-05, 'epoch': 0.24}
{'loss': 0.6524, 'learning_rate': 4.071156979902227e-05, 'epoch': 0.24}
{'loss': 0.6268, 'learning_rate': 4.139054861488322e-05, 'epoch': 0.25}
{'loss': 0.6414, 'learning_rate': 4.206952743074416e-05, 'epoch': 0.25}
{'loss': 0.6623, 'learning_rate': 4.274850624660511e-05, 'epoch': 0.26}
{'loss': 0.6526, 'learning_rate': 4.3427485062466054e-05, 'epoch': 0.26}
{'loss': 0.6448, 'learning_rate': 4.4106463878327e-05, 'epoch': 0.26}
{'loss': 0.6649, 'learning_rate': 4.478544269418795e-05, 'epoch': 0.27}
{'loss': 0.6121, 'learning_rate': 4.546442151004889e-05, 'epoch': 0.27}
{'loss': 0.6431, 'learning_rate': 4.6143400325909834e-05, 'epoch': 0.28}
{'loss': 0.6144, 'learning_rate': 4.682237914177078e-05, 'epoch': 0.28}
{'loss': 0.5859, 'learning_rate': 4.750135795763173e-05, 'epoch': 0.29}
{'loss': 0.6192, 'learning_rate': 4.818033677349267e-05, 'epoch': 0.29}
{'loss': 0.641, 'learning_rate': 4.8859315589353615e-05, 'epoch': 0.29}
{'loss': 0.6257, 'learning_rate': 4.9538294405214555e-05, 'epoch': 0.3}
{'loss': 0.6025, 'learning_rate': 5.02172732210755e-05, 'epoch': 0.3}
{'loss': 0.5872, 'learning_rate': 5.0896252036936455e-05, 'epoch': 0.31}
{'loss': 0.6251, 'learning_rate': 5.1575230852797395e-05, 'epoch': 0.31}
{'loss': 0.6006, 'learning_rate': 5.2254209668658335e-05, 'epoch': 0.31}
{'loss': 0.5801, 'learning_rate': 5.293318848451928e-05, 'epoch': 0.32}
{'loss': 0.6044, 'learning_rate': 5.3612167300380236e-05, 'epoch': 0.32}
{'loss': 0.6121, 'learning_rate': 5.4291146116241176e-05, 'epoch': 0.33}
{'loss': 0.583, 'learning_rate': 5.4970124932102116e-05, 'epoch': 0.33}
{'loss': 0.5919, 'learning_rate': 5.564910374796307e-05, 'epoch': 0.33}
{'loss': 0.5644, 'learning_rate': 5.6328082563824016e-05, 'epoch': 0.34}
{'loss': 0.5988, 'learning_rate': 5.7007061379684956e-05, 'epoch': 0.34}
{'loss': 0.6152, 'learning_rate': 5.7686040195545896e-05, 'epoch': 0.35}
{'loss': 0.558, 'learning_rate': 5.836501901140685e-05, 'epoch': 0.35}
{'loss': 0.5822, 'learning_rate': 5.90439978272678e-05, 'epoch': 0.35}
{'loss': 0.582, 'learning_rate': 5.972297664312874e-05, 'epoch': 0.36}
{'loss': 0.5956, 'learning_rate': 6.040195545898968e-05, 'epoch': 0.36}
{'loss': 0.5882, 'learning_rate': 6.108093427485063e-05, 'epoch': 0.37}
{'loss': 0.5507, 'learning_rate': 6.175991309071158e-05, 'epoch': 0.37}
{'loss': 0.567, 'learning_rate': 6.243889190657251e-05, 'epoch': 0.37}
{'loss': 0.5609, 'learning_rate': 6.311787072243346e-05, 'epoch': 0.38}
{'loss': 0.5435, 'learning_rate': 6.379684953829442e-05, 'epoch': 0.38}
{'loss': 0.564, 'learning_rate': 6.447582835415535e-05, 'epoch': 0.39}
{'loss': 0.5592, 'learning_rate': 6.51548071700163e-05, 'epoch': 0.39}
{'loss': 0.5391, 'learning_rate': 6.583378598587724e-05, 'epoch': 0.4}
{'loss': 0.562, 'learning_rate': 6.651276480173819e-05, 'epoch': 0.4}
{'loss': 0.558, 'learning_rate': 6.719174361759914e-05, 'epoch': 0.4}
{'loss': 0.5377, 'learning_rate': 6.787072243346007e-05, 'epoch': 0.41}
{'loss': 0.5757, 'learning_rate': 6.854970124932103e-05, 'epoch': 0.41}
{'loss': 0.5524, 'learning_rate': 6.922868006518197e-05, 'epoch': 0.42}
{'loss': 0.5738, 'learning_rate': 6.990765888104291e-05, 'epoch': 0.42}
{'loss': 0.5727, 'learning_rate': 7.057305812058665e-05, 'epoch': 0.42}
{'loss': 0.5507, 'learning_rate': 7.125203693644758e-05, 'epoch': 0.43}
{'loss': 0.553, 'learning_rate': 7.193101575230853e-05, 'epoch': 0.43}
{'loss': 0.5761, 'learning_rate': 7.260999456816948e-05, 'epoch': 0.44}
{'loss': 0.5231, 'learning_rate': 7.328897338403042e-05, 'epoch': 0.44}
{'loss': 0.5485, 'learning_rate': 7.396795219989137e-05, 'epoch': 0.44}
{'loss': 0.5459, 'learning_rate': 7.46469310157523e-05, 'epoch': 0.45}
{'loss': 0.5609, 'learning_rate': 7.532590983161326e-05, 'epoch': 0.45}
{'loss': 0.5487, 'learning_rate': 7.600488864747421e-05, 'epoch': 0.46}
{'loss': 0.5866, 'learning_rate': 7.668386746333514e-05, 'epoch': 0.46}
{'loss': 0.5394, 'learning_rate': 7.736284627919609e-05, 'epoch': 0.46}
{'loss': 0.5606, 'learning_rate': 7.804182509505704e-05, 'epoch': 0.47}
{'loss': 0.5595, 'learning_rate': 7.872080391091798e-05, 'epoch': 0.47}
{'loss': 0.5031, 'learning_rate': 7.939978272677893e-05, 'epoch': 0.48}
{'loss': 0.5567, 'learning_rate': 8.007876154263986e-05, 'epoch': 0.48}
{'loss': 0.5297, 'learning_rate': 8.075774035850082e-05, 'epoch': 0.48}
{'loss': 0.5242, 'learning_rate': 8.143671917436177e-05, 'epoch': 0.49}
{'loss': 0.5544, 'learning_rate': 8.21156979902227e-05, 'epoch': 0.49}
{'loss': 0.551, 'learning_rate': 8.279467680608365e-05, 'epoch': 0.5}
{'loss': 0.5587, 'learning_rate': 8.34736556219446e-05, 'epoch': 0.5}
{'loss': 0.5397, 'learning_rate': 8.415263443780554e-05, 'epoch': 0.51}
{'loss': 0.4944, 'learning_rate': 8.483161325366649e-05, 'epoch': 0.51}
{'loss': 0.5106, 'learning_rate': 8.551059206952744e-05, 'epoch': 0.51}
{'loss': 0.5184, 'learning_rate': 8.618957088538838e-05, 'epoch': 0.52}
{'loss': 0.5431, 'learning_rate': 8.686854970124932e-05, 'epoch': 0.52}
{'loss': 0.5172, 'learning_rate': 8.754752851711026e-05, 'epoch': 0.53}
{'loss': 0.5098, 'learning_rate': 8.822650733297123e-05, 'epoch': 0.53}
{'loss': 0.5199, 'learning_rate': 8.890548614883216e-05, 'epoch': 0.53}
{'loss': 0.5437, 'learning_rate': 8.95844649646931e-05, 'epoch': 0.54}
{'loss': 0.5626, 'learning_rate': 9.026344378055405e-05, 'epoch': 0.54}
{'loss': 0.5254, 'learning_rate': 9.0942422596415e-05, 'epoch': 0.55}
{'loss': 0.5262, 'learning_rate': 9.162140141227595e-05, 'epoch': 0.55}
{'loss': 0.5497, 'learning_rate': 9.230038022813688e-05, 'epoch': 0.55}
{'loss': 0.5124, 'learning_rate': 9.297935904399783e-05, 'epoch': 0.56}
{'loss': 0.5374, 'learning_rate': 9.365833785985879e-05, 'epoch': 0.56}
{'loss': 0.5083, 'learning_rate': 9.433731667571972e-05, 'epoch': 0.57}
{'loss': 0.5359, 'learning_rate': 9.501629549158067e-05, 'epoch': 0.57}
{'loss': 0.5301, 'learning_rate': 9.569527430744161e-05, 'epoch': 0.57}
{'loss': 0.5283, 'learning_rate': 9.637425312330256e-05, 'epoch': 0.58}
{'loss': 0.5298, 'learning_rate': 9.705323193916351e-05, 'epoch': 0.58}
{'loss': 0.4957, 'learning_rate': 9.773221075502444e-05, 'epoch': 0.59}
{'loss': 0.4883, 'learning_rate': 9.84111895708854e-05, 'epoch': 0.59}
{'loss': 0.5204, 'learning_rate': 9.907658881042911e-05, 'epoch': 0.59}
{'loss': 0.4863, 'learning_rate': 9.975556762629007e-05, 'epoch': 0.6}
{'loss': 0.5205, 'learning_rate': 9.997228752730677e-05, 'epoch': 0.6}
{'loss': 0.4929, 'learning_rate': 9.99289867887236e-05, 'epoch': 0.61}
{'loss': 0.5335, 'learning_rate': 9.988568605014044e-05, 'epoch': 0.61}
{'loss': 0.5496, 'learning_rate': 9.984238531155728e-05, 'epoch': 0.62}
{'loss': 0.5426, 'learning_rate': 9.979908457297411e-05, 'epoch': 0.62}
{'loss': 0.4961, 'learning_rate': 9.975578383439093e-05, 'epoch': 0.62}
{'loss': 0.495, 'learning_rate': 9.971248309580777e-05, 'epoch': 0.63}
{'loss': 0.5267, 'learning_rate': 9.96691823572246e-05, 'epoch': 0.63}
{'loss': 0.5362, 'learning_rate': 9.962588161864142e-05, 'epoch': 0.64}
{'loss': 0.5074, 'learning_rate': 9.958258088005826e-05, 'epoch': 0.64}
{'loss': 0.4945, 'learning_rate': 9.953928014147509e-05, 'epoch': 0.64}
{'loss': 0.4827, 'learning_rate': 9.949597940289193e-05, 'epoch': 0.65}
{'loss': 0.5422, 'learning_rate': 9.945267866430876e-05, 'epoch': 0.65}
{'loss': 0.5163, 'learning_rate': 9.940937792572558e-05, 'epoch': 0.66}
{'loss': 0.5321, 'learning_rate': 9.936607718714242e-05, 'epoch': 0.66}
{'loss': 0.4673, 'learning_rate': 9.932277644855925e-05, 'epoch': 0.66}
{'loss': 0.5025, 'learning_rate': 9.928034172474774e-05, 'epoch': 0.67}
{'loss': 0.5167, 'learning_rate': 9.923704098616457e-05, 'epoch': 0.67}
{'loss': 0.5183, 'learning_rate': 9.919374024758141e-05, 'epoch': 0.68}
{'loss': 0.5032, 'learning_rate': 9.915043950899823e-05, 'epoch': 0.68}
{'loss': 0.5079, 'learning_rate': 9.910713877041507e-05, 'epoch': 0.68}
{'loss': 0.5059, 'learning_rate': 9.90638380318319e-05, 'epoch': 0.69}
{'loss': 0.4885, 'learning_rate': 9.902053729324872e-05, 'epoch': 0.69}
{'loss': 0.4486, 'learning_rate': 9.897723655466557e-05, 'epoch': 0.7}
{'loss': 0.5016, 'learning_rate': 9.893393581608239e-05, 'epoch': 0.7}
{'loss': 0.5124, 'learning_rate': 9.889063507749923e-05, 'epoch': 0.7}
{'loss': 0.5162, 'learning_rate': 9.884733433891606e-05, 'epoch': 0.71}
{'loss': 0.5011, 'learning_rate': 9.880403360033288e-05, 'epoch': 0.71}
{'loss': 0.5267, 'learning_rate': 9.876073286174972e-05, 'epoch': 0.72}
{'loss': 0.495, 'learning_rate': 9.871743212316655e-05, 'epoch': 0.72}
{'loss': 0.4938, 'learning_rate': 9.867413138458337e-05, 'epoch': 0.73}
{'loss': 0.4998, 'learning_rate': 9.863083064600021e-05, 'epoch': 0.73}
{'loss': 0.4881, 'learning_rate': 9.858752990741704e-05, 'epoch': 0.73}
{'loss': 0.4858, 'learning_rate': 9.854422916883388e-05, 'epoch': 0.74}
{'loss': 0.4716, 'learning_rate': 9.850092843025071e-05, 'epoch': 0.74}
{'loss': 0.5067, 'learning_rate': 9.845762769166755e-05, 'epoch': 0.75}
{'loss': 0.5113, 'learning_rate': 9.841432695308437e-05, 'epoch': 0.75}
{'loss': 0.5098, 'learning_rate': 9.83710262145012e-05, 'epoch': 0.75}
{'loss': 0.4889, 'learning_rate': 9.832772547591802e-05, 'epoch': 0.76}
{'loss': 0.4791, 'learning_rate': 9.828442473733486e-05, 'epoch': 0.76}
{'loss': 0.5034, 'learning_rate': 9.824112399875169e-05, 'epoch': 0.77}
{'loss': 0.4906, 'learning_rate': 9.819782326016853e-05, 'epoch': 0.77}
{'loss': 0.4688, 'learning_rate': 9.815452252158536e-05, 'epoch': 0.77}
{'loss': 0.5096, 'learning_rate': 9.81112217830022e-05, 'epoch': 0.78}
{'loss': 0.4502, 'learning_rate': 9.806792104441902e-05, 'epoch': 0.78}
{'loss': 0.4521, 'learning_rate': 9.802462030583585e-05, 'epoch': 0.79}
{'loss': 0.5052, 'learning_rate': 9.798131956725269e-05, 'epoch': 0.79}
{'loss': 0.4675, 'learning_rate': 9.793801882866951e-05, 'epoch': 0.79}
{'loss': 0.4989, 'learning_rate': 9.789471809008634e-05, 'epoch': 0.8}
{'loss': 0.4675, 'learning_rate': 9.785141735150318e-05, 'epoch': 0.8}
{'loss': 0.4957, 'learning_rate': 9.780811661292001e-05, 'epoch': 0.81}
{'loss': 0.5123, 'learning_rate': 9.776481587433685e-05, 'epoch': 0.81}
{'loss': 0.4714, 'learning_rate': 9.772151513575367e-05, 'epoch': 0.81}
{'loss': 0.4887, 'learning_rate': 9.76782143971705e-05, 'epoch': 0.82}
{'loss': 0.49, 'learning_rate': 9.763491365858734e-05, 'epoch': 0.82}
{'loss': 0.4645, 'learning_rate': 9.759161292000416e-05, 'epoch': 0.83}
{'loss': 0.4707, 'learning_rate': 9.7548312181421e-05, 'epoch': 0.83}
{'loss': 0.5025, 'learning_rate': 9.750501144283783e-05, 'epoch': 0.84}
{'loss': 0.5365, 'learning_rate': 9.746171070425465e-05, 'epoch': 0.84}
{'loss': 0.4774, 'learning_rate': 9.74184099656715e-05, 'epoch': 0.84}
{'loss': 0.4852, 'learning_rate': 9.737510922708832e-05, 'epoch': 0.85}
{'loss': 0.4668, 'learning_rate': 9.733180848850516e-05, 'epoch': 0.85}
{'loss': 0.5115, 'learning_rate': 9.728850774992199e-05, 'epoch': 0.86}
{'loss': 0.505, 'learning_rate': 9.724520701133881e-05, 'epoch': 0.86}
{'loss': 0.4981, 'learning_rate': 9.720190627275565e-05, 'epoch': 0.86}
{'loss': 0.4714, 'learning_rate': 9.715860553417248e-05, 'epoch': 0.87}
{'loss': 0.4847, 'learning_rate': 9.71153047955893e-05, 'epoch': 0.87}
{'loss': 0.5108, 'learning_rate': 9.707200405700614e-05, 'epoch': 0.88}
{'loss': 0.4942, 'learning_rate': 9.702870331842297e-05, 'epoch': 0.88}
{'loss': 0.4962, 'learning_rate': 9.69854025798398e-05, 'epoch': 0.88}
{'loss': 0.4905, 'learning_rate': 9.694210184125664e-05, 'epoch': 0.89}
{'loss': 0.4782, 'learning_rate': 9.689880110267348e-05, 'epoch': 0.89}
{'loss': 0.4481, 'learning_rate': 9.68555003640903e-05, 'epoch': 0.9}
{'loss': 0.5013, 'learning_rate': 9.681219962550713e-05, 'epoch': 0.9}
{'loss': 0.4921, 'learning_rate': 9.676889888692395e-05, 'epoch': 0.9}
{'loss': 0.4827, 'learning_rate': 9.672559814834079e-05, 'epoch': 0.91}
{'loss': 0.4644, 'learning_rate': 9.668229740975762e-05, 'epoch': 0.91}
{'loss': 0.4989, 'learning_rate': 9.663899667117446e-05, 'epoch': 0.92}
{'loss': 0.4771, 'learning_rate': 9.659569593259129e-05, 'epoch': 0.92}
{'loss': 0.4883, 'learning_rate': 9.655239519400813e-05, 'epoch': 0.92}
{'loss': 0.4336, 'learning_rate': 9.650909445542495e-05, 'epoch': 0.93}
{'loss': 0.4742, 'learning_rate': 9.646579371684178e-05, 'epoch': 0.93}
{'loss': 0.477, 'learning_rate': 9.642249297825862e-05, 'epoch': 0.94}
{'loss': 0.4928, 'learning_rate': 9.637919223967544e-05, 'epoch': 0.94}
{'loss': 0.4665, 'learning_rate': 9.633589150109227e-05, 'epoch': 0.95}
{'loss': 0.4898, 'learning_rate': 9.629259076250911e-05, 'epoch': 0.95}
{'loss': 0.4449, 'learning_rate': 9.624929002392594e-05, 'epoch': 0.95}
{'loss': 0.4501, 'learning_rate': 9.620598928534278e-05, 'epoch': 0.96}
{'loss': 0.4724, 'learning_rate': 9.61626885467596e-05, 'epoch': 0.96}
{'loss': 0.458, 'learning_rate': 9.611938780817643e-05, 'epoch': 0.97}
{'loss': 0.4823, 'learning_rate': 9.607608706959327e-05, 'epoch': 0.97}
{'loss': 0.4866, 'learning_rate': 9.603278633101009e-05, 'epoch': 0.97}
{'loss': 0.4617, 'learning_rate': 9.598948559242692e-05, 'epoch': 0.98}
{'loss': 0.4736, 'learning_rate': 9.594618485384376e-05, 'epoch': 0.98}
{'loss': 0.4592, 'learning_rate': 9.59028841152606e-05, 'epoch': 0.99}
{'loss': 0.4769, 'learning_rate': 9.585958337667743e-05, 'epoch': 0.99}
{'loss': 0.5088, 'learning_rate': 9.581628263809426e-05, 'epoch': 0.99}
{'loss': 0.4406, 'learning_rate': 9.577298189951108e-05, 'epoch': 1.0}
[INFO|trainer.py:520] 2026-10-04 16:46:53,700 >> The following columns in the evaluation set  don't have a corresponding argument in `PETLEncModel.forward` and have been ignored: hypothesis, premise, idx.
[INFO|trainer.py:2179] 2026-10-04 16:46:53,702 >> ***** Running Evaluation *****
[INFO|trainer.py:2181] 2026-10-04 16:46:53,702 >>   Num examples = 9815
[INFO|trainer.py:2184] 2026-10-04 16:46:53,702 >>   Batch size = 32
{'eval_loss': 0.4177059233188629, 'eval_accuracy': 0.8390219052470708, 'eval_runtime': 10.153, 'eval_samples_per_second': 966.712, 'eval_steps_per_second': 30.237, 'epoch': 1.0}
[INFO|trainer.py:1933] 2026-10-04 16:47:03,857 >> Saving model checkpoint to checkpoints/glue/mnli/20261004/glue.mnli.mam.am_prefix.ao_concat.fm_adapter.fo_parallel.abn.fbn.ac_add.fl_none.finit_lora.fs_2.unfrz_ef_.ne10.warm0.06.wd0.1.seed8./checkpoint-12272
[INFO|configuration_utils.py:364] 2026-10-04 16:47:03,858 >> Configuration saved in checkpoints/glue/mnli/20261004/glue.mnli.mam.am_prefix.ao_concat.fm_adapter.fo_parallel.abn.fbn.ac_add.fl_none.finit_lora.fs_2.unfrz_ef_.ne10.warm0.06.wd0.1.seed8./checkpoint-12272/config.json
[INFO|modeling_utils.py:898] 2026-10-04 16:47:04,272 >> Model weights saved in checkpoints/glue/mnli/20261004/glue.mnli.mam.am_prefix.ao_concat.fm_adapter.fo_parallel.abn.fbn.ac_add.fl_none.finit_lora.fs_2.unfrz_ef_.ne10.warm0.06.wd0.1.seed8./checkpoint-12272/pytorch_model.bin
[INFO|tokenization_utils_base.py:1948] 2026-10-04 16:47:04,273 >> tokenizer config file saved in checkpoints/glue/mnli/20261004/glue.mnli.mam.am_prefix.ao_concat.fm_adapter.fo_parallel.abn.fbn.ac_add.fl_none.finit_lora.fs_2.unfrz_ef_.ne10.warm0.06.wd0.1.seed8./checkpoint-12272/tokenizer_config.json
[INFO|tokenization_utils_base.py:1954] 2026-10-04 16:47:04,273 >> Special tokens file saved in checkpoints/glue/mnli/20261004/glue.mnli.mam.am_prefix.ao_concat.fm_adapter.fo_parallel.abn.fbn.ac_add.fl_none.finit_lora.fs_2.unfrz_ef_.ne10.warm0.06.wd0.1.seed8./checkpoint-12272/special_tokens_map.json
/work/unify-parameter-efficient-tuning/src/transformers/trainer.py:1784: FutureWarning: `torch.cuda.amp.autocast(args...)` is deprecated. Please use `torch.amp.autocast('cuda', args...)` instead.
  with autocast():
{'loss': 0.4639, 'learning_rate': 9.572968116092792e-05, 'epoch': 1.0}
{'loss': 0.4365, 'learning_rate': 9.568638042234474e-05, 'epoch': 1.01}
{'loss': 0.4505, 'learning_rate': 9.564394569853324e-05, 'epoch': 1.01}
{'loss': 0.4164, 'learning_rate': 9.560064495995008e-05, 'epoch': 1.01}
{'loss': 0.4572, 'learning_rate': 9.55573442213669e-05, 'epoch': 1.02}
{'loss': 0.4512, 'learning_rate': 9.551404348278373e-05, 'epoch': 1.02}
{'loss': 0.4832, 'learning_rate': 9.547074274420057e-05, 'epoch': 1.03}
{'loss': 0.4317, 'learning_rate': 9.542744200561739e-05, 'epoch': 1.03}
{'loss': 0.4513, 'learning_rate': 9.538414126703422e-05, 'epoch': 1.03}
{'loss': 0.4534, 'learning_rate': 9.534084052845107e-05, 'epoch': 1.04}
{'loss': 0.4875, 'learning_rate': 9.52975397898679e-05, 'epoch': 1.04}
{'loss': 0.4934, 'learning_rate': 9.525423905128473e-05, 'epoch': 1.05}
{'loss': 0.5165, 'learning_rate': 9.521093831270156e-05, 'epoch': 1.05}
{'loss': 0.485, 'learning_rate': 9.516763757411838e-05, 'epoch': 1.06}
{'loss': 0.4608, 'learning_rate': 9.512433683553522e-05, 'epoch': 1.06}
{'loss': 0.4786, 'learning_rate': 9.508103609695204e-05, 'epoch': 1.06}
{'loss': 0.4668, 'learning_rate': 9.503773535836887e-05, 'epoch': 1.07}
{'loss': 0.4777, 'learning_rate': 9.499443461978571e-05, 'epoch': 1.07}
{'loss': 0.4336, 'learning_rate': 9.495113388120254e-05, 'epoch': 1.08}
{'loss': 0.4348, 'learning_rate': 9.490783314261938e-05, 'epoch': 1.08}
{'loss': 0.4942, 'learning_rate': 9.486453240403621e-05, 'epoch': 1.08}
{'loss': 0.4704, 'learning_rate': 9.482123166545303e-05, 'epoch': 1.09}
{'loss': 0.4674, 'learning_rate': 9.477793092686987e-05, 'epoch': 1.09}
{'loss': 0.4607, 'learning_rate': 9.473463018828669e-05, 'epoch': 1.1}
{'loss': 0.4489, 'learning_rate': 9.469132944970353e-05, 'epoch': 1.1}
{'loss': 0.4398, 'learning_rate': 9.464802871112036e-05, 'epoch': 1.1}
{'loss': 0.4456, 'learning_rate': 9.46047279725372e-05, 'epoch': 1.11}
{'loss': 0.48, 'learning_rate': 9.456142723395403e-05, 'epoch': 1.11}
{'loss': 0.4809, 'learning_rate': 9.451812649537086e-05, 'epoch': 1.12}
{'loss': 0.447, 'learning_rate': 9.447482575678769e-05, 'epoch': 1.12}
{'loss': 0.4566, 'learning_rate': 9.443152501820452e-05, 'epoch': 1.12}
{'loss': 0.4272, 'learning_rate': 9.438822427962136e-05, 'epoch': 1.13}
{'loss': 0.4716, 'learning_rate': 9.434492354103818e-05, 'epoch': 1.13}
{'loss': 0.4642, 'learning_rate': 9.430162280245501e-05, 'epoch': 1.14}
{'loss': 0.4618, 'learning_rate': 9.425832206387185e-05, 'epoch': 1.14}
{'loss': 0.4545, 'learning_rate': 9.421502132528868e-05, 'epoch': 1.14}
{'loss': 0.4669, 'learning_rate': 9.417172058670552e-05, 'epoch': 1.15}
{'loss': 0.4437, 'learning_rate': 9.412841984812234e-05, 'epoch': 1.15}
{'loss': 0.4964, 'learning_rate': 9.408511910953917e-05, 'epoch': 1.16}
{'loss': 0.5073, 'learning_rate': 9.4041818370956e-05, 'epoch': 1.16}
{'loss': 0.436, 'learning_rate': 9.399851763237283e-05, 'epoch': 1.17}
{'loss': 0.4591, 'learning_rate': 9.395521689378966e-05, 'epoch': 1.17}
{'loss': 0.5101, 'learning_rate': 9.39119161552065e-05, 'epoch': 1.17}
{'loss': 0.435, 'learning_rate': 9.386861541662332e-05, 'epoch': 1.18}
{'loss': 0.4558, 'learning_rate': 9.382531467804015e-05, 'epoch': 1.18}
{'loss': 0.4604, 'learning_rate': 9.3782013939457e-05, 'epoch': 1.19}
{'loss': 0.4339, 'learning_rate': 9.373871320087382e-05, 'epoch': 1.19}
{'loss': 0.474, 'learning_rate': 9.369541246229066e-05, 'epoch': 1.19}
{'loss': 0.5143, 'learning_rate': 9.365211172370748e-05, 'epoch': 1.2}
{'loss': 0.4609, 'learning_rate': 9.360881098512431e-05, 'epoch': 1.2}
{'loss': 0.4715, 'learning_rate': 9.356551024654115e-05, 'epoch': 1.21}
{'loss': 0.4069, 'learning_rate': 9.352307552272964e-05, 'epoch': 1.21}
{'loss': 0.4361, 'learning_rate': 9.347977478414647e-05, 'epoch': 1.21}
{'loss': 0.482, 'learning_rate': 9.34364740455633e-05, 'epoch': 1.22}
{'loss': 0.4731, 'learning_rate': 9.339317330698013e-05, 'epoch': 1.22}
{'loss': 0.4396, 'learning_rate': 9.334987256839696e-05, 'epoch': 1.23}
{'loss': 0.4445, 'learning_rate': 9.33065718298138e-05, 'epoch': 1.23}
{'loss': 0.4736, 'learning_rate': 9.326327109123063e-05, 'epoch': 1.23}
{'loss': 0.4653, 'learning_rate': 9.321997035264747e-05, 'epoch': 1.24}
{'loss': 0.44, 'learning_rate': 9.317666961406429e-05, 'epoch': 1.24}
{'loss': 0.4171, 'learning_rate': 9.313336887548112e-05, 'epoch': 1.25}
{'loss': 0.459, 'learning_rate': 9.309006813689796e-05, 'epoch': 1.25}
{'loss': 0.4743, 'learning_rate': 9.304676739831478e-05, 'epoch': 1.25}
{'loss': 0.4566, 'learning_rate': 9.300346665973161e-05, 'epoch': 1.26}
{'loss': 0.4295, 'learning_rate': 9.296016592114845e-05, 'epoch': 1.26}
{'loss': 0.4451, 'learning_rate': 9.291686518256528e-05, 'epoch': 1.27}
{'loss': 0.4607, 'learning_rate': 9.287356444398212e-05, 'epoch': 1.27}
{'loss': 0.4565, 'learning_rate': 9.283026370539895e-05, 'epoch': 1.28}
{'loss': 0.473, 'learning_rate': 9.278696296681577e-05, 'epoch': 1.28}
{'loss': 0.4557, 'learning_rate': 9.274366222823261e-05, 'epoch': 1.28}
{'loss': 0.4606, 'learning_rate': 9.270036148964944e-05, 'epoch': 1.29}
{'loss': 0.4443, 'learning_rate': 9.265706075106626e-05, 'epoch': 1.29}
{'loss': 0.4567, 'learning_rate': 9.26137600124831e-05, 'epoch': 1.3}
{'loss': 0.4346, 'learning_rate': 9.257045927389993e-05, 'epoch': 1.3}
{'loss': 0.4604, 'learning_rate': 9.252715853531677e-05, 'epoch': 1.3}
{'loss': 0.4598, 'learning_rate': 9.24838577967336e-05, 'epoch': 1.31}
{'loss': 0.4726, 'learning_rate': 9.244055705815042e-05, 'epoch': 1.31}
{'loss': 0.4502, 'learning_rate': 9.239725631956726e-05, 'epoch': 1.32}
{'loss': 0.4739, 'learning_rate': 9.23539555809841e-05, 'epoch': 1.32}
{'loss': 0.4358, 'learning_rate': 9.231065484240091e-05, 'epoch': 1.32}
{'loss': 0.4684, 'learning_rate': 9.226735410381775e-05, 'epoch': 1.33}
{'loss': 0.4463, 'learning_rate': 9.222405336523458e-05, 'epoch': 1.33}
{'loss': 0.4389, 'learning_rate': 9.21807526266514e-05, 'epoch': 1.34}
{'loss': 0.4516, 'learning_rate': 9.213745188806824e-05, 'epoch': 1.34}
{'loss': 0.4644, 'learning_rate': 9.209415114948508e-05, 'epoch': 1.34}
{'loss': 0.4676, 'learning_rate': 9.205085041090191e-05, 'epoch': 1.35}
{'loss': 0.4061, 'learning_rate': 9.200754967231874e-05, 'epoch': 1.35}
{'loss': 0.4541, 'learning_rate': 9.196424893373557e-05, 'epoch': 1.36}
{'loss': 0.4624, 'learning_rate': 9.19209481951524e-05, 'epoch': 1.36}
{'loss': 0.4321, 'learning_rate': 9.187764745656924e-05, 'epoch': 1.36}
{'loss': 0.471, 'learning_rate': 9.183434671798606e-05, 'epoch': 1.37}
{'loss': 0.4441, 'learning_rate': 9.179104597940289e-05, 'epoch': 1.37}
{'loss': 0.4561, 'learning_rate': 9.174774524081973e-05, 'epoch': 1.38}
{'loss': 0.4253, 'learning_rate': 9.170531051700821e-05, 'epoch': 1.38}
{'loss': 0.4124, 'learning_rate': 9.166200977842505e-05, 'epoch': 1.39}
{'loss': 0.4523, 'learning_rate': 9.161870903984188e-05, 'epoch': 1.39}
{'loss': 0.4477, 'learning_rate': 9.157540830125872e-05, 'epoch': 1.39}
{'loss': 0.4426, 'learning_rate': 9.153210756267555e-05, 'epoch': 1.4}
{'loss': 0.4907, 'learning_rate': 9.148880682409237e-05, 'epoch': 1.4}
{'loss': 0.465, 'learning_rate': 9.144550608550921e-05, 'epoch': 1.41}
{'loss': 0.4399, 'learning_rate': 9.140220534692604e-05, 'epoch': 1.41}
{'loss': 0.446, 'learning_rate': 9.135890460834287e-05, 'epoch': 1.41}
{'loss': 0.4632, 'learning_rate': 9.13156038697597e-05, 'epoch': 1.42}
{'loss': 0.4288, 'learning_rate': 9.127230313117654e-05, 'epoch': 1.42}
{'loss': 0.4347, 'learning_rate': 9.122900239259337e-05, 'epoch': 1.43}
{'loss': 0.4466, 'learning_rate': 9.11857016540102e-05, 'epoch': 1.43}
{'loss': 0.4056, 'learning_rate': 9.114240091542704e-05, 'epoch': 1.43}
{'loss': 0.4847, 'learning_rate': 9.109910017684386e-05, 'epoch': 1.44}
{'loss': 0.4667, 'learning_rate': 9.10557994382607e-05, 'epoch': 1.44}
{'loss': 0.4569, 'learning_rate': 9.101249869967753e-05, 'epoch': 1.45}
{'loss': 0.4276, 'learning_rate': 9.096919796109435e-05, 'epoch': 1.45}
{'loss': 0.4649, 'learning_rate': 9.092589722251119e-05, 'epoch': 1.45}
{'loss': 0.4075, 'learning_rate': 9.088259648392802e-05, 'epoch': 1.46}
{'loss': 0.4229, 'learning_rate': 9.083929574534486e-05, 'epoch': 1.46}
{'loss': 0.425, 'learning_rate': 9.079599500676169e-05, 'epoch': 1.47}
{'loss': 0.4514, 'learning_rate': 9.075269426817851e-05, 'epoch': 1.47}
{'loss': 0.4392, 'learning_rate': 9.070939352959535e-05, 'epoch': 1.47}
{'loss': 0.4591, 'learning_rate': 9.066609279101218e-05, 'epoch': 1.48}
{'loss': 0.4607, 'learning_rate': 9.0622792052429e-05, 'epoch': 1.48}
{'loss': 0.4842, 'learning_rate': 9.057949131384584e-05, 'epoch': 1.49}
{'loss': 0.4517, 'learning_rate': 9.053619057526266e-05, 'epoch': 1.49}
{'loss': 0.4824, 'learning_rate': 9.049288983667949e-05, 'epoch': 1.5}
{'loss': 0.4483, 'learning_rate': 9.044958909809634e-05, 'epoch': 1.5}
{'loss': 0.4359, 'learning_rate': 9.040628835951316e-05, 'epoch': 1.5}
{'loss': 0.4488, 'learning_rate': 9.036298762093e-05, 'epoch': 1.51}
{'loss': 0.4585, 'learning_rate': 9.031968688234683e-05, 'epoch': 1.51}
{'loss': 0.4532, 'learning_rate': 9.027638614376365e-05, 'epoch': 1.52}
{'loss': 0.4543, 'learning_rate': 9.023308540518049e-05, 'epoch': 1.52}
{'loss': 0.4358, 'learning_rate': 9.018978466659732e-05, 'epoch': 1.52}
{'loss': 0.4022, 'learning_rate': 9.014648392801414e-05, 'epoch': 1.53}
{'loss': 0.4552, 'learning_rate': 9.010318318943098e-05, 'epoch': 1.53}
{'loss': 0.4347, 'learning_rate': 9.005988245084781e-05, 'epoch': 1.54}
{'loss': 0.4494, 'learning_rate': 9.001658171226465e-05, 'epoch': 1.54}
{'loss': 0.4539, 'learning_rate': 8.997328097368148e-05, 'epoch': 1.54}
{'loss': 0.4617, 'learning_rate': 8.992998023509832e-05, 'epoch': 1.55}
{'loss': 0.4347, 'learning_rate': 8.988667949651514e-05, 'epoch': 1.55}
{'loss': 0.4229, 'learning_rate': 8.984337875793197e-05, 'epoch': 1.56}
{'loss': 0.4081, 'learning_rate': 8.980094403412046e-05, 'epoch': 1.56}
{'loss': 0.4216, 'learning_rate': 8.97576432955373e-05, 'epoch': 1.56}
{'loss': 0.4133, 'learning_rate': 8.971434255695413e-05, 'epoch': 1.57}
{'loss': 0.4701, 'learning_rate': 8.967104181837095e-05, 'epoch': 1.57}
{'loss': 0.4649, 'learning_rate': 8.962774107978779e-05, 'epoch': 1.58}
{'loss': 0.405, 'learning_rate': 8.958444034120462e-05, 'epoch': 1.58}
{'loss': 0.4609, 'learning_rate': 8.954113960262146e-05, 'epoch': 1.58}
{'loss': 0.4274, 'learning_rate': 8.949783886403829e-05, 'epoch': 1.59}
{'loss': 0.4069, 'learning_rate': 8.945453812545513e-05, 'epoch': 1.59}
{'loss': 0.455, 'learning_rate': 8.941123738687195e-05, 'epoch': 1.6}
{'loss': 0.4266, 'learning_rate': 8.936793664828878e-05, 'epoch': 1.6}
{'loss': 0.433, 'learning_rate': 8.932463590970562e-05, 'epoch': 1.61}
{'loss': 0.4443, 'learning_rate': 8.928133517112244e-05, 'epoch': 1.61}
{'loss': 0.4464, 'learning_rate': 8.923803443253927e-05, 'epoch': 1.61}
{'loss': 0.4528, 'learning_rate': 8.919473369395611e-05, 'epoch': 1.62}
{'loss': 0.4518, 'learning_rate': 8.915143295537294e-05, 'epoch': 1.62}
{'loss': 0.3992, 'learning_rate': 8.910813221678978e-05, 'epoch': 1.63}
{'loss': 0.4326, 'learning_rate': 8.90648314782066e-05, 'epoch': 1.63}
{'loss': 0.4396, 'learning_rate': 8.902153073962343e-05, 'epoch': 1.63}
{'loss': 0.4302, 'learning_rate': 8.897823000104027e-05, 'epoch': 1.64}
{'loss': 0.4605, 'learning_rate': 8.893492926245709e-05, 'epoch': 1.64}
{'loss': 0.4292, 'learning_rate': 8.889162852387392e-05, 'epoch': 1.65}
{'loss': 0.4405, 'learning_rate': 8.884832778529075e-05, 'epoch': 1.65}
{'loss': 0.4665, 'learning_rate': 8.880502704670758e-05, 'epoch': 1.65}
{'loss': 0.4646, 'learning_rate': 8.876172630812443e-05, 'epoch': 1.66}
{'loss': 0.4618, 'learning_rate': 8.871842556954125e-05, 'epoch': 1.66}
{'loss': 0.4315, 'learning_rate': 8.867599084572974e-05, 'epoch': 1.67}
{'loss': 0.4179, 'learning_rate': 8.863269010714659e-05, 'epoch': 1.67}
{'loss': 0.4537, 'learning_rate': 8.858938936856341e-05, 'epoch': 1.67}
{'loss': 0.4217, 'learning_rate': 8.854608862998024e-05, 'epoch': 1.68}
{'loss': 0.4151, 'learning_rate': 8.850278789139708e-05, 'epoch': 1.68}
{'loss': 0.4379, 'learning_rate': 8.84594871528139e-05, 'epoch': 1.69}
{'loss': 0.4486, 'learning_rate': 8.841618641423073e-05, 'epoch': 1.69}
{'loss': 0.4705, 'learning_rate': 8.837288567564755e-05, 'epoch': 1.69}
{'loss': 0.4532, 'learning_rate': 8.832958493706439e-05, 'epoch': 1.7}
{'loss': 0.4374, 'learning_rate': 8.828628419848122e-05, 'epoch': 1.7}
{'loss': 0.466, 'learning_rate': 8.824298345989806e-05, 'epoch': 1.71}
{'loss': 0.4562, 'learning_rate': 8.81996827213149e-05, 'epoch': 1.71}
{'loss': 0.4269, 'learning_rate': 8.815638198273173e-05, 'epoch': 1.72}
{'loss': 0.4319, 'learning_rate': 8.811308124414855e-05, 'epoch': 1.72}
{'loss': 0.4617, 'learning_rate': 8.806978050556538e-05, 'epoch': 1.72}
{'loss': 0.4444, 'learning_rate': 8.802647976698222e-05, 'epoch': 1.73}
{'loss': 0.4442, 'learning_rate': 8.798317902839904e-05, 'epoch': 1.73}
{'loss': 0.4376, 'learning_rate': 8.793987828981587e-05, 'epoch': 1.74}
{'loss': 0.4295, 'learning_rate': 8.789657755123271e-05, 'epoch': 1.74}
{'loss': 0.4206, 'learning_rate': 8.785327681264954e-05, 'epoch': 1.74}
{'loss': 0.4302, 'learning_rate': 8.780997607406638e-05, 'epoch': 1.75}
{'loss': 0.3969, 'learning_rate': 8.776667533548321e-05, 'epoch': 1.75}
{'loss': 0.4417, 'learning_rate': 8.772337459690004e-05, 'epoch': 1.76}
{'loss': 0.4241, 'learning_rate': 8.768007385831687e-05, 'epoch': 1.76}
{'loss': 0.4226, 'learning_rate': 8.763677311973369e-05, 'epoch': 1.76}
{'loss': 0.4342, 'learning_rate': 8.759347238115053e-05, 'epoch': 1.77}
{'loss': 0.4423, 'learning_rate': 8.755017164256736e-05, 'epoch': 1.77}
{'loss': 0.4407, 'learning_rate': 8.75068709039842e-05, 'epoch': 1.78}
{'loss': 0.4233, 'learning_rate': 8.746357016540103e-05, 'epoch': 1.78}
{'loss': 0.4496, 'learning_rate': 8.742026942681785e-05, 'epoch': 1.78}
{'loss': 0.4431, 'learning_rate': 8.737696868823469e-05, 'epoch': 1.79}
{'loss': 0.4338, 'learning_rate': 8.733366794965152e-05, 'epoch': 1.79}
{'loss': 0.4175, 'learning_rate': 8.729036721106834e-05, 'epoch': 1.8}
{'loss': 0.4277, 'learning_rate': 8.724706647248518e-05, 'epoch': 1.8}
{'loss': 0.4278, 'learning_rate': 8.720376573390201e-05, 'epoch': 1.8}
{'loss': 0.4427, 'learning_rate': 8.716046499531883e-05, 'epoch': 1.81}
{'loss': 0.4582, 'learning_rate': 8.711716425673567e-05, 'epoch': 1.81}
{'loss': 0.4438, 'learning_rate': 8.707386351815252e-05, 'epoch': 1.82}
{'loss': 0.4663, 'learning_rate': 8.703056277956934e-05, 'epoch': 1.82}
{'loss': 0.4143, 'learning_rate': 8.698726204098617e-05, 'epoch': 1.83}
{'loss': 0.4494, 'learning_rate': 8.6943961302403e-05, 'epoch': 1.83}
{'loss': 0.441, 'learning_rate': 8.690066056381983e-05, 'epoch': 1.83}
{'loss': 0.447, 'learning_rate': 8.685735982523666e-05, 'epoch': 1.84}
{'loss': 0.4311, 'learning_rate': 8.68140590866535e-05, 'epoch': 1.84}
{'loss': 0.4669, 'learning_rate': 8.677075834807032e-05, 'epoch': 1.85}
{'loss': 0.4537, 'learning_rate': 8.672745760948715e-05, 'epoch': 1.85}
{'loss': 0.4326, 'learning_rate': 8.668415687090399e-05, 'epoch': 1.85}
{'loss': 0.4344, 'learning_rate': 8.664085613232082e-05, 'epoch': 1.86}
{'loss': 0.4341, 'learning_rate': 8.659755539373766e-05, 'epoch': 1.86}
{'loss': 0.4313, 'learning_rate': 8.655425465515449e-05, 'epoch': 1.87}
{'loss': 0.4408, 'learning_rate': 8.651095391657131e-05, 'epoch': 1.87}
{'loss': 0.4384, 'learning_rate': 8.646765317798815e-05, 'epoch': 1.87}
{'loss': 0.4685, 'learning_rate': 8.642435243940497e-05, 'epoch': 1.88}
{'loss': 0.4491, 'learning_rate': 8.63810517008218e-05, 'epoch': 1.88}
{'loss': 0.4213, 'learning_rate': 8.633775096223864e-05, 'epoch': 1.89}
{'loss': 0.441, 'learning_rate': 8.629531623842713e-05, 'epoch': 1.89}
{'loss': 0.4288, 'learning_rate': 8.625201549984396e-05, 'epoch': 1.89}
{'loss': 0.432, 'learning_rate': 8.62087147612608e-05, 'epoch': 1.9}
{'loss': 0.4574, 'learning_rate': 8.616541402267763e-05, 'epoch': 1.9}
{'loss': 0.4423, 'learning_rate': 8.612211328409447e-05, 'epoch': 1.91}
{'loss': 0.4241, 'learning_rate': 8.60788125455113e-05, 'epoch': 1.91}
{'loss': 0.4525, 'learning_rate': 8.603551180692812e-05, 'epoch': 1.91}
{'loss': 0.4362, 'learning_rate': 8.599221106834496e-05, 'epoch': 1.92}
{'loss': 0.4274, 'learning_rate': 8.594891032976178e-05, 'epoch': 1.92}
{'loss': 0.4051, 'learning_rate': 8.590560959117861e-05, 'epoch': 1.93}
{'loss': 0.4451, 'learning_rate': 8.586230885259545e-05, 'epoch': 1.93}
{'loss': 0.4264, 'learning_rate': 8.581900811401228e-05, 'epoch': 1.94}
{'loss': 0.4328, 'learning_rate': 8.577570737542912e-05, 'epoch': 1.94}
{'loss': 0.4168, 'learning_rate': 8.573240663684594e-05, 'epoch': 1.94}
{'loss': 0.4443, 'learning_rate': 8.568910589826277e-05, 'epoch': 1.95}
{'loss': 0.4714, 'learning_rate': 8.564580515967961e-05, 'epoch': 1.95}
{'loss': 0.4149, 'learning_rate': 8.560250442109643e-05, 'epoch': 1.96}
{'loss': 0.443, 'learning_rate': 8.555920368251326e-05, 'epoch': 1.96}
{'loss': 0.4253, 'learning_rate': 8.55159029439301e-05, 'epoch': 1.96}
{'loss': 0.4068, 'learning_rate': 8.547260220534692e-05, 'epoch': 1.97}
{'loss': 0.4406, 'learning_rate': 8.542930146676375e-05, 'epoch': 1.97}
{'loss': 0.4396, 'learning_rate': 8.53860007281806e-05, 'epoch': 1.98}
{'loss': 0.4065, 'learning_rate': 8.534269998959742e-05, 'epoch': 1.98}
{'loss': 0.4712, 'learning_rate': 8.529939925101426e-05, 'epoch': 1.98}
{'loss': 0.4373, 'learning_rate': 8.52560985124311e-05, 'epoch': 1.99}
{'loss': 0.4158, 'learning_rate': 8.521279777384792e-05, 'epoch': 1.99}
{'loss': 0.4733, 'learning_rate': 8.516949703526475e-05, 'epoch': 2.0}
[INFO|trainer.py:520] 2026-10-04 16:53:18,019 >> The following columns in the evaluation set  don't have a corresponding argument in `PETLEncModel.forward` and have been ignored: hypothesis, premise, idx.
[INFO|trainer.py:2179] 2026-10-04 16:53:18,021 >> ***** Running Evaluation *****
[INFO|trainer.py:2181] 2026-10-04 16:53:18,021 >>   Num examples = 9815
[INFO|trainer.py:2184] 2026-10-04 16:53:18,021 >>   Batch size = 32
{'eval_loss': 0.39652615785598755, 'eval_accuracy': 0.8503311258278146, 'eval_runtime': 10.0398, 'eval_samples_per_second': 977.612, 'eval_steps_per_second': 30.578, 'epoch': 2.0}
[INFO|trainer.py:1933] 2026-10-04 16:53:28,062 >> Saving model checkpoint to checkpoints/glue/mnli/20261004/glue.mnli.mam.am_prefix.ao_concat.fm_adapter.fo_parallel.abn.fbn.ac_add.fl_none.finit_lora.fs_2.unfrz_ef_.ne10.warm0.06.wd0.1.seed8./checkpoint-24544
[INFO|configuration_utils.py:364] 2026-10-04 16:53:28,063 >> Configuration saved in checkpoints/glue/mnli/20261004/glue.mnli.mam.am_prefix.ao_concat.fm_adapter.fo_parallel.abn.fbn.ac_add.fl_none.finit_lora.fs_2.unfrz_ef_.ne10.warm0.06.wd0.1.seed8./checkpoint-24544/config.json
[INFO|modeling_utils.py:898] 2026-10-04 16:53:28,494 >> Model weights saved in checkpoints/glue/mnli/20261004/glue.mnli.mam.am_prefix.ao_concat.fm_adapter.fo_parallel.abn.fbn.ac_add.fl_none.finit_lora.fs_2.unfrz_ef_.ne10.warm0.06.wd0.1.seed8./checkpoint-24544/pytorch_model.bin
[INFO|tokenization_utils_base.py:1948] 2026-10-04 16:53:28,495 >> tokenizer config file saved in checkpoints/glue/mnli/20261004/glue.mnli.mam.am_prefix.ao_concat.fm_adapter.fo_parallel.abn.fbn.ac_add.fl_none.finit_lora.fs_2.unfrz_ef_.ne10.warm0.06.wd0.1.seed8./checkpoint-24544/tokenizer_config.json
[INFO|tokenization_utils_base.py:1954] 2026-10-04 16:53:28,496 >> Special tokens file saved in checkpoints/glue/mnli/20261004/glue.mnli.mam.am_prefix.ao_concat.fm_adapter.fo_parallel.abn.fbn.ac_add.fl_none.finit_lora.fs_2.unfrz_ef_.ne10.warm0.06.wd0.1.seed8./checkpoint-24544/special_tokens_map.json
/work/unify-parameter-efficient-tuning/src/transformers/trainer.py:1784: FutureWarning: `torch.cuda.amp.autocast(args...)` is deprecated. Please use `torch.amp.autocast('cuda', args...)` instead.
  with autocast():
{'loss': 0.3892, 'learning_rate': 8.512619629668158e-05, 'epoch': 2.0}
{'loss': 0.4381, 'learning_rate': 8.50828955580984e-05, 'epoch': 2.0}
{'loss': 0.4094, 'learning_rate': 8.503959481951524e-05, 'epoch': 2.01}
{'loss': 0.426, 'learning_rate': 8.499629408093209e-05, 'epoch': 2.01}
{'loss': 0.4306, 'learning_rate': 8.495299334234891e-05, 'epoch': 2.02}
{'loss': 0.4222, 'learning_rate': 8.490969260376574e-05, 'epoch': 2.02}
{'loss': 0.4346, 'learning_rate': 8.486639186518257e-05, 'epoch': 2.02}
{'loss': 0.4004, 'learning_rate': 8.48230911265994e-05, 'epoch': 2.03}
{'loss': 0.3911, 'learning_rate': 8.477979038801622e-05, 'epoch': 2.03}
{'loss': 0.444, 'learning_rate': 8.473648964943306e-05, 'epoch': 2.04}
{'loss': 0.4459, 'learning_rate': 8.469318891084989e-05, 'epoch': 2.04}
{'loss': 0.419, 'learning_rate': 8.464988817226673e-05, 'epoch': 2.05}
{'loss': 0.3861, 'learning_rate': 8.460658743368356e-05, 'epoch': 2.05}
{'loss': 0.4203, 'learning_rate': 8.45632866951004e-05, 'epoch': 2.05}
{'loss': 0.4217, 'learning_rate': 8.451998595651722e-05, 'epoch': 2.06}
{'loss': 0.4385, 'learning_rate': 8.447668521793405e-05, 'epoch': 2.06}
{'loss': 0.4101, 'learning_rate': 8.443338447935089e-05, 'epoch': 2.07}
{'loss': 0.4335, 'learning_rate': 8.439008374076771e-05, 'epoch': 2.07}
{'loss': 0.4436, 'learning_rate': 8.434678300218454e-05, 'epoch': 2.07}
{'loss': 0.4107, 'learning_rate': 8.430348226360138e-05, 'epoch': 2.08}
{'loss': 0.4287, 'learning_rate': 8.426018152501821e-05, 'epoch': 2.08}
{'loss': 0.4276, 'learning_rate': 8.421688078643505e-05, 'epoch': 2.09}
{'loss': 0.4224, 'learning_rate': 8.417358004785188e-05, 'epoch': 2.09}
{'loss': 0.4341, 'learning_rate': 8.41302793092687e-05, 'epoch': 2.09}
{'loss': 0.4186, 'learning_rate': 8.408697857068554e-05, 'epoch': 2.1}
{'loss': 0.4201, 'learning_rate': 8.404367783210237e-05, 'epoch': 2.1}
{'loss': 0.4196, 'learning_rate': 8.40003770935192e-05, 'epoch': 2.11}
{'loss': 0.3949, 'learning_rate': 8.395707635493603e-05, 'epoch': 2.11}
{'loss': 0.4228, 'learning_rate': 8.391377561635286e-05, 'epoch': 2.11}
{'loss': 0.4223, 'learning_rate': 8.38704748777697e-05, 'epoch': 2.12}
{'loss': 0.4104, 'learning_rate': 8.382717413918653e-05, 'epoch': 2.12}
{'loss': 0.3829, 'learning_rate': 8.378387340060335e-05, 'epoch': 2.13}
{'loss': 0.4466, 'learning_rate': 8.374057266202019e-05, 'epoch': 2.13}
{'loss': 0.4029, 'learning_rate': 8.369727192343701e-05, 'epoch': 2.13}
{'loss': 0.4217, 'learning_rate': 8.365397118485384e-05, 'epoch': 2.14}
{'loss': 0.4335, 'learning_rate': 8.361067044627068e-05, 'epoch': 2.14}
{'loss': 0.3999, 'learning_rate': 8.35673697076875e-05, 'epoch': 2.15}
{'loss': 0.4322, 'learning_rate': 8.352406896910434e-05, 'epoch': 2.15}
{'loss': 0.3973, 'learning_rate': 8.348076823052117e-05, 'epoch': 2.16}
{'loss': 0.4249, 'learning_rate': 8.3437467491938e-05, 'epoch': 2.16}
{'loss': 0.4533, 'learning_rate': 8.339416675335484e-05, 'epoch': 2.16}
{'loss': 0.417, 'learning_rate': 8.335086601477167e-05, 'epoch': 2.17}
{'loss': 0.4271, 'learning_rate': 8.33075652761885e-05, 'epoch': 2.17}
{'loss': 0.4485, 'learning_rate': 8.326426453760533e-05, 'epoch': 2.18}
{'loss': 0.4173, 'learning_rate': 8.322096379902216e-05, 'epoch': 2.18}
{'loss': 0.4284, 'learning_rate': 8.317766306043899e-05, 'epoch': 2.18}
{'loss': 0.442, 'learning_rate': 8.313436232185582e-05, 'epoch': 2.19}
{'loss': 0.4099, 'learning_rate': 8.309106158327266e-05, 'epoch': 2.19}
{'loss': 0.4148, 'learning_rate': 8.304776084468949e-05, 'epoch': 2.2}
{'loss': 0.4314, 'learning_rate': 8.300446010610632e-05, 'epoch': 2.2}
{'loss': 0.3992, 'learning_rate': 8.296115936752316e-05, 'epoch': 2.2}
{'loss': 0.4334, 'learning_rate': 8.291785862893998e-05, 'epoch': 2.21}
{'loss': 0.4003, 'learning_rate': 8.287455789035682e-05, 'epoch': 2.21}
{'loss': 0.4006, 'learning_rate': 8.283125715177364e-05, 'epoch': 2.22}
{'loss': 0.3985, 'learning_rate': 8.278795641319047e-05, 'epoch': 2.22}
{'loss': 0.4108, 'learning_rate': 8.274552168937897e-05, 'epoch': 2.22}
{'loss': 0.4269, 'learning_rate': 8.27022209507958e-05, 'epoch': 2.23}
{'loss': 0.4437, 'learning_rate': 8.265892021221263e-05, 'epoch': 2.23}
{'loss': 0.3987, 'learning_rate': 8.261561947362946e-05, 'epoch': 2.24}
{'loss': 0.4107, 'learning_rate': 8.25723187350463e-05, 'epoch': 2.24}
{'loss': 0.3985, 'learning_rate': 8.252901799646313e-05, 'epoch': 2.24}
{'loss': 0.4554, 'learning_rate': 8.248571725787997e-05, 'epoch': 2.25}
{'loss': 0.4367, 'learning_rate': 8.244241651929679e-05, 'epoch': 2.25}
{'loss': 0.4187, 'learning_rate': 8.239911578071362e-05, 'epoch': 2.26}
{'loss': 0.4376, 'learning_rate': 8.235581504213046e-05, 'epoch': 2.26}
{'loss': 0.4008, 'learning_rate': 8.231251430354728e-05, 'epoch': 2.27}
{'loss': 0.4125, 'learning_rate': 8.226921356496412e-05, 'epoch': 2.27}
{'loss': 0.4569, 'learning_rate': 8.222591282638094e-05, 'epoch': 2.27}
{'loss': 0.4019, 'learning_rate': 8.218261208779778e-05, 'epoch': 2.28}
{'loss': 0.3978, 'learning_rate': 8.21393113492146e-05, 'epoch': 2.28}
{'loss': 0.3917, 'learning_rate': 8.209601061063144e-05, 'epoch': 2.29}
{'loss': 0.4104, 'learning_rate': 8.205270987204828e-05, 'epoch': 2.29}
{'loss': 0.4082, 'learning_rate': 8.20094091334651e-05, 'epoch': 2.29}
{'loss': 0.4129, 'learning_rate': 8.196610839488193e-05, 'epoch': 2.3}
{'loss': 0.4171, 'learning_rate': 8.192280765629877e-05, 'epoch': 2.3}
{'loss': 0.3978, 'learning_rate': 8.187950691771559e-05, 'epoch': 2.31}
{'loss': 0.4382, 'learning_rate': 8.183620617913242e-05, 'epoch': 2.31}
{'loss': 0.4132, 'learning_rate': 8.179290544054926e-05, 'epoch': 2.31}
{'loss': 0.43, 'learning_rate': 8.174960470196609e-05, 'epoch': 2.32}
{'loss': 0.4365, 'learning_rate': 8.170630396338293e-05, 'epoch': 2.32}
{'loss': 0.3825, 'learning_rate': 8.166300322479976e-05, 'epoch': 2.33}
{'loss': 0.39, 'learning_rate': 8.161970248621658e-05, 'epoch': 2.33}
{'loss': 0.4164, 'learning_rate': 8.157640174763342e-05, 'epoch': 2.33}
{'loss': 0.4428, 'learning_rate': 8.153310100905025e-05, 'epoch': 2.34}
{'loss': 0.4381, 'learning_rate': 8.148980027046707e-05, 'epoch': 2.34}
{'loss': 0.4326, 'learning_rate': 8.144649953188391e-05, 'epoch': 2.35}
{'loss': 0.4086, 'learning_rate': 8.140319879330074e-05, 'epoch': 2.35}
{'loss': 0.428, 'learning_rate': 8.135989805471758e-05, 'epoch': 2.35}
{'loss': 0.4329, 'learning_rate': 8.131659731613441e-05, 'epoch': 2.36}
{'loss': 0.4242, 'learning_rate': 8.127329657755125e-05, 'epoch': 2.36}
{'loss': 0.4417, 'learning_rate': 8.122999583896807e-05, 'epoch': 2.37}
{'loss': 0.4528, 'learning_rate': 8.11866951003849e-05, 'epoch': 2.37}
{'loss': 0.4175, 'learning_rate': 8.114339436180172e-05, 'epoch': 2.38}
{'loss': 0.4078, 'learning_rate': 8.110009362321856e-05, 'epoch': 2.38}
{'loss': 0.4239, 'learning_rate': 8.10567928846354e-05, 'epoch': 2.38}
{'loss': 0.413, 'learning_rate': 8.101349214605223e-05, 'epoch': 2.39}
{'loss': 0.4276, 'learning_rate': 8.097105742224072e-05, 'epoch': 2.39}
{'loss': 0.4067, 'learning_rate': 8.092775668365755e-05, 'epoch': 2.4}
{'loss': 0.4516, 'learning_rate': 8.088445594507439e-05, 'epoch': 2.4}
{'loss': 0.4101, 'learning_rate': 8.084115520649122e-05, 'epoch': 2.4}
{'loss': 0.4228, 'learning_rate': 8.079785446790806e-05, 'epoch': 2.41}
{'loss': 0.4352, 'learning_rate': 8.075455372932488e-05, 'epoch': 2.41}
{'loss': 0.4264, 'learning_rate': 8.071125299074171e-05, 'epoch': 2.42}
{'loss': 0.451, 'learning_rate': 8.066795225215853e-05, 'epoch': 2.42}
{'loss': 0.4243, 'learning_rate': 8.062465151357537e-05, 'epoch': 2.42}
{'loss': 0.4044, 'learning_rate': 8.058221678976387e-05, 'epoch': 2.43}
{'loss': 0.4625, 'learning_rate': 8.053891605118069e-05, 'epoch': 2.43}
{'loss': 0.4078, 'learning_rate': 8.049561531259753e-05, 'epoch': 2.44}
{'loss': 0.4158, 'learning_rate': 8.045231457401436e-05, 'epoch': 2.44}
{'loss': 0.3945, 'learning_rate': 8.040901383543118e-05, 'epoch': 2.44}
{'loss': 0.4209, 'learning_rate': 8.036657911161968e-05, 'epoch': 2.45}
{'loss': 0.4063, 'learning_rate': 8.03232783730365e-05, 'epoch': 2.45}
{'loss': 0.4177, 'learning_rate': 8.027997763445334e-05, 'epoch': 2.46}
{'loss': 0.4501, 'learning_rate': 8.023667689587019e-05, 'epoch': 2.46}
{'loss': 0.4148, 'learning_rate': 8.019337615728701e-05, 'epoch': 2.46}
{'loss': 0.3883, 'learning_rate': 8.015007541870384e-05, 'epoch': 2.47}
{'loss': 0.3929, 'learning_rate': 8.010677468012068e-05, 'epoch': 2.47}
{'loss': 0.407, 'learning_rate': 8.00634739415375e-05, 'epoch': 2.48}
{'loss': 0.4338, 'learning_rate': 8.002017320295434e-05, 'epoch': 2.48}
{'loss': 0.4241, 'learning_rate': 7.997687246437117e-05, 'epoch': 2.49}
{'loss': 0.4333, 'learning_rate': 7.993357172578799e-05, 'epoch': 2.49}
{'loss': 0.4386, 'learning_rate': 7.989027098720483e-05, 'epoch': 2.49}
{'loss': 0.4186, 'learning_rate': 7.984697024862167e-05, 'epoch': 2.5}
{'loss': 0.4209, 'learning_rate': 7.98036695100385e-05, 'epoch': 2.5}
{'loss': 0.4007, 'learning_rate': 7.976036877145533e-05, 'epoch': 2.51}
{'loss': 0.3896, 'learning_rate': 7.971706803287216e-05, 'epoch': 2.51}
{'loss': 0.4271, 'learning_rate': 7.967376729428899e-05, 'epoch': 2.51}
{'loss': 0.4107, 'learning_rate': 7.963046655570582e-05, 'epoch': 2.52}
{'loss': 0.413, 'learning_rate': 7.958716581712266e-05, 'epoch': 2.52}
{'loss': 0.4112, 'learning_rate': 7.954386507853948e-05, 'epoch': 2.53}
{'loss': 0.4239, 'learning_rate': 7.950056433995631e-05, 'epoch': 2.53}
{'loss': 0.4293, 'learning_rate': 7.945726360137315e-05, 'epoch': 2.53}
{'loss': 0.4276, 'learning_rate': 7.941396286278998e-05, 'epoch': 2.54}
{'loss': 0.4009, 'learning_rate': 7.93706621242068e-05, 'epoch': 2.54}
{'loss': 0.4283, 'learning_rate': 7.932736138562364e-05, 'epoch': 2.55}
{'loss': 0.4229, 'learning_rate': 7.928406064704047e-05, 'epoch': 2.55}
{'loss': 0.4019, 'learning_rate': 7.924075990845729e-05, 'epoch': 2.55}
{'loss': 0.4249, 'learning_rate': 7.919745916987413e-05, 'epoch': 2.56}
{'loss': 0.4246, 'learning_rate': 7.915415843129096e-05, 'epoch': 2.56}
{'loss': 0.404, 'learning_rate': 7.91108576927078e-05, 'epoch': 2.57}
{'loss': 0.387, 'learning_rate': 7.906755695412463e-05, 'epoch': 2.57}
{'loss': 0.4174, 'learning_rate': 7.902425621554147e-05, 'epoch': 2.57}
{'loss': 0.432, 'learning_rate': 7.898095547695829e-05, 'epoch': 2.58}
{'loss': 0.3867, 'learning_rate': 7.893765473837512e-05, 'epoch': 2.58}
{'loss': 0.42, 'learning_rate': 7.889435399979196e-05, 'epoch': 2.59}
{'loss': 0.3957, 'learning_rate': 7.885105326120878e-05, 'epoch': 2.59}
{'loss': 0.4024, 'learning_rate': 7.880775252262561e-05, 'epoch': 2.6}
{'loss': 0.4127, 'learning_rate': 7.876445178404245e-05, 'epoch': 2.6}
{'loss': 0.3811, 'learning_rate': 7.872115104545928e-05, 'epoch': 2.6}
{'loss': 0.4156, 'learning_rate': 7.867785030687612e-05, 'epoch': 2.61}
{'loss': 0.4447, 'learning_rate': 7.863454956829295e-05, 'epoch': 2.61}
{'loss': 0.4236, 'learning_rate': 7.859124882970977e-05, 'epoch': 2.62}
{'loss': 0.379, 'learning_rate': 7.854794809112661e-05, 'epoch': 2.62}
{'loss': 0.3906, 'learning_rate': 7.850464735254343e-05, 'epoch': 2.62}
{'loss': 0.4016, 'learning_rate': 7.846134661396026e-05, 'epoch': 2.63}
{'loss': 0.4045, 'learning_rate': 7.84180458753771e-05, 'epoch': 2.63}
{'loss': 0.4518, 'learning_rate': 7.837474513679392e-05, 'epoch': 2.64}
{'loss': 0.4052, 'learning_rate': 7.833144439821076e-05, 'epoch': 2.64}
{'loss': 0.3802, 'learning_rate': 7.828814365962759e-05, 'epoch': 2.64}
{'loss': 0.4175, 'learning_rate': 7.824484292104442e-05, 'epoch': 2.65}
{'loss': 0.4313, 'learning_rate': 7.820154218246126e-05, 'epoch': 2.65}
{'loss': 0.4145, 'learning_rate': 7.815824144387808e-05, 'epoch': 2.66}
{'loss': 0.4059, 'learning_rate': 7.811494070529492e-05, 'epoch': 2.66}
{'loss': 0.4161, 'learning_rate': 7.807163996671175e-05, 'epoch': 2.66}
{'loss': 0.4162, 'learning_rate': 7.802833922812857e-05, 'epoch': 2.67}
{'loss': 0.394, 'learning_rate': 7.798590450431707e-05, 'epoch': 2.67}
{'loss': 0.4234, 'learning_rate': 7.794260376573391e-05, 'epoch': 2.68}
{'loss': 0.451, 'learning_rate': 7.789930302715073e-05, 'epoch': 2.68}
{'loss': 0.4177, 'learning_rate': 7.785600228856756e-05, 'epoch': 2.68}
{'loss': 0.4095, 'learning_rate': 7.78127015499844e-05, 'epoch': 2.69}
{'loss': 0.4296, 'learning_rate': 7.776940081140123e-05, 'epoch': 2.69}
{'loss': 0.4611, 'learning_rate': 7.772610007281807e-05, 'epoch': 2.7}
{'loss': 0.4151, 'learning_rate': 7.768279933423489e-05, 'epoch': 2.7}
{'loss': 0.4448, 'learning_rate': 7.763949859565172e-05, 'epoch': 2.71}
{'loss': 0.4091, 'learning_rate': 7.759619785706856e-05, 'epoch': 2.71}
{'loss': 0.4261, 'learning_rate': 7.755289711848538e-05, 'epoch': 2.71}
{'loss': 0.4202, 'learning_rate': 7.750959637990221e-05, 'epoch': 2.72}
{'loss': 0.4058, 'learning_rate': 7.746629564131905e-05, 'epoch': 2.72}
{'loss': 0.4014, 'learning_rate': 7.742299490273588e-05, 'epoch': 2.73}
{'loss': 0.4059, 'learning_rate': 7.737969416415272e-05, 'epoch': 2.73}
{'loss': 0.4214, 'learning_rate': 7.733639342556955e-05, 'epoch': 2.73}
{'loss': 0.4036, 'learning_rate': 7.729309268698638e-05, 'epoch': 2.74}
{'loss': 0.4237, 'learning_rate': 7.724979194840321e-05, 'epoch': 2.74}
{'loss': 0.4294, 'learning_rate': 7.720649120982004e-05, 'epoch': 2.75}
{'loss': 0.4423, 'learning_rate': 7.716319047123687e-05, 'epoch': 2.75}
{'loss': 0.4024, 'learning_rate': 7.71198897326537e-05, 'epoch': 2.75}
{'loss': 0.4178, 'learning_rate': 7.707658899407054e-05, 'epoch': 2.76}
{'loss': 0.4074, 'learning_rate': 7.703328825548737e-05, 'epoch': 2.76}
{'loss': 0.4316, 'learning_rate': 7.69899875169042e-05, 'epoch': 2.77}
{'loss': 0.429, 'learning_rate': 7.694668677832104e-05, 'epoch': 2.77}
{'loss': 0.4283, 'learning_rate': 7.690338603973786e-05, 'epoch': 2.77}
{'loss': 0.4288, 'learning_rate': 7.68600853011547e-05, 'epoch': 2.78}
{'loss': 0.3925, 'learning_rate': 7.681678456257152e-05, 'epoch': 2.78}
{'loss': 0.4157, 'learning_rate': 7.677348382398835e-05, 'epoch': 2.79}
{'loss': 0.4039, 'learning_rate': 7.673018308540517e-05, 'epoch': 2.79}
{'loss': 0.449, 'learning_rate': 7.668688234682201e-05, 'epoch': 2.79}
{'loss': 0.4009, 'learning_rate': 7.664358160823884e-05, 'epoch': 2.8}
{'loss': 0.3787, 'learning_rate': 7.660028086965568e-05, 'epoch': 2.8}
{'loss': 0.4406, 'learning_rate': 7.655698013107251e-05, 'epoch': 2.81}
{'loss': 0.3938, 'learning_rate': 7.651367939248935e-05, 'epoch': 2.81}
{'loss': 0.4328, 'learning_rate': 7.647037865390617e-05, 'epoch': 2.82}
{'loss': 0.4583, 'learning_rate': 7.6427077915323e-05, 'epoch': 2.82}
{'loss': 0.4122, 'learning_rate': 7.638377717673984e-05, 'epoch': 2.82}
{'loss': 0.384, 'learning_rate': 7.634047643815666e-05, 'epoch': 2.83}
{'loss': 0.4017, 'learning_rate': 7.62971756995735e-05, 'epoch': 2.83}
{'loss': 0.4193, 'learning_rate': 7.625387496099033e-05, 'epoch': 2.84}
{'loss': 0.4, 'learning_rate': 7.621057422240716e-05, 'epoch': 2.84}
{'loss': 0.4064, 'learning_rate': 7.6167273483824e-05, 'epoch': 2.84}
{'loss': 0.439, 'learning_rate': 7.612397274524083e-05, 'epoch': 2.85}
{'loss': 0.4004, 'learning_rate': 7.608067200665765e-05, 'epoch': 2.85}
{'loss': 0.4369, 'learning_rate': 7.603737126807449e-05, 'epoch': 2.86}
{'loss': 0.3875, 'learning_rate': 7.599407052949132e-05, 'epoch': 2.86}
{'loss': 0.4284, 'learning_rate': 7.595076979090814e-05, 'epoch': 2.86}
{'loss': 0.4143, 'learning_rate': 7.590746905232498e-05, 'epoch': 2.87}
{'loss': 0.4338, 'learning_rate': 7.586416831374181e-05, 'epoch': 2.87}
{'loss': 0.4117, 'learning_rate': 7.582086757515865e-05, 'epoch': 2.88}
{'loss': 0.4222, 'learning_rate': 7.577756683657548e-05, 'epoch': 2.88}
{'loss': 0.4229, 'learning_rate': 7.57342660979923e-05, 'epoch': 2.88}
{'loss': 0.4056, 'learning_rate': 7.569096535940914e-05, 'epoch': 2.89}
{'loss': 0.4122, 'learning_rate': 7.564766462082596e-05, 'epoch': 2.89}
{'loss': 0.4222, 'learning_rate': 7.56043638822428e-05, 'epoch': 2.9}
{'loss': 0.4116, 'learning_rate': 7.556106314365963e-05, 'epoch': 2.9}
{'loss': 0.4525, 'learning_rate': 7.551776240507645e-05, 'epoch': 2.9}
{'loss': 0.4355, 'learning_rate': 7.54744616664933e-05, 'epoch': 2.91}
{'loss': 0.4361, 'learning_rate': 7.543116092791013e-05, 'epoch': 2.91}
{'loss': 0.4117, 'learning_rate': 7.538786018932696e-05, 'epoch': 2.92}
{'loss': 0.4003, 'learning_rate': 7.534455945074379e-05, 'epoch': 2.92}
{'loss': 0.4596, 'learning_rate': 7.530125871216062e-05, 'epoch': 2.93}
{'loss': 0.4093, 'learning_rate': 7.525882398834911e-05, 'epoch': 2.93}
{'loss': 0.3728, 'learning_rate': 7.521552324976595e-05, 'epoch': 2.93}
{'loss': 0.4027, 'learning_rate': 7.517222251118278e-05, 'epoch': 2.94}
{'loss': 0.3666, 'learning_rate': 7.51289217725996e-05, 'epoch': 2.94}
{'loss': 0.3977, 'learning_rate': 7.508562103401644e-05, 'epoch': 2.95}
{'loss': 0.4426, 'learning_rate': 7.504232029543326e-05, 'epoch': 2.95}
{'loss': 0.382, 'learning_rate': 7.49990195568501e-05, 'epoch': 2.95}
{'loss': 0.3772, 'learning_rate': 7.495571881826693e-05, 'epoch': 2.96}
{'loss': 0.3814, 'learning_rate': 7.491241807968376e-05, 'epoch': 2.96}
{'loss': 0.4269, 'learning_rate': 7.48691173411006e-05, 'epoch': 2.97}
{'loss': 0.4257, 'learning_rate': 7.482581660251743e-05, 'epoch': 2.97}
{'loss': 0.4256, 'learning_rate': 7.478251586393426e-05, 'epoch': 2.97}
{'loss': 0.423, 'learning_rate': 7.473921512535109e-05, 'epoch': 2.98}
{'loss': 0.4365, 'learning_rate': 7.469591438676792e-05, 'epoch': 2.98}
{'loss': 0.4025, 'learning_rate': 7.465261364818475e-05, 'epoch': 2.99}
{'loss': 0.4223, 'learning_rate': 7.460931290960158e-05, 'epoch': 2.99}
{'loss': 0.397, 'learning_rate': 7.456601217101842e-05, 'epoch': 2.99}
{'loss': 0.3642, 'learning_rate': 7.452271143243525e-05, 'epoch': 3.0}
[INFO|trainer.py:520] 2026-10-04 16:59:47,134 >> The following columns in the evaluation set  don't have a corresponding argument in `PETLEncModel.forward` and have been ignored: hypothesis, premise, idx.
[INFO|trainer.py:2179] 2026-10-04 16:59:47,136 >> ***** Running Evaluation *****
[INFO|trainer.py:2181] 2026-10-04 16:59:47,136 >>   Num examples = 9815
[INFO|trainer.py:2184] 2026-10-04 16:59:47,136 >>   Batch size = 32
{'eval_loss': 0.37919625639915466, 'eval_accuracy': 0.8561385634233316, 'eval_runtime': 10.0569, 'eval_samples_per_second': 975.947, 'eval_steps_per_second': 30.526, 'epoch': 3.0}
[INFO|trainer.py:1933] 2026-10-04 16:59:57,193 >> Saving model checkpoint to checkpoints/glue/mnli/20261004/glue.mnli.mam.am_prefix.ao_concat.fm_adapter.fo_parallel.abn.fbn.ac_add.fl_none.finit_lora.fs_2.unfrz_ef_.ne10.warm0.06.wd0.1.seed8./checkpoint-36816
[INFO|configuration_utils.py:364] 2026-10-04 16:59:57,195 >> Configuration saved in checkpoints/glue/mnli/20261004/glue.mnli.mam.am_prefix.ao_concat.fm_adapter.fo_parallel.abn.fbn.ac_add.fl_none.finit_lora.fs_2.unfrz_ef_.ne10.warm0.06.wd0.1.seed8./checkpoint-36816/config.json
[INFO|modeling_utils.py:898] 2026-10-04 16:59:57,708 >> Model weights saved in checkpoints/glue/mnli/20261004/glue.mnli.mam.am_prefix.ao_concat.fm_adapter.fo_parallel.abn.fbn.ac_add.fl_none.finit_lora.fs_2.unfrz_ef_.ne10.warm0.06.wd0.1.seed8./checkpoint-36816/pytorch_model.bin
[INFO|tokenization_utils_base.py:1948] 2026-10-04 16:59:57,709 >> tokenizer config file saved in checkpoints/glue/mnli/20261004/glue.mnli.mam.am_prefix.ao_concat.fm_adapter.fo_parallel.abn.fbn.ac_add.fl_none.finit_lora.fs_2.unfrz_ef_.ne10.warm0.06.wd0.1.seed8./checkpoint-36816/tokenizer_config.json
[INFO|tokenization_utils_base.py:1954] 2026-10-04 16:59:57,710 >> Special tokens file saved in checkpoints/glue/mnli/20261004/glue.mnli.mam.am_prefix.ao_concat.fm_adapter.fo_parallel.abn.fbn.ac_add.fl_none.finit_lora.fs_2.unfrz_ef_.ne10.warm0.06.wd0.1.seed8./checkpoint-36816/special_tokens_map.json
[INFO|trainer.py:2009] 2026-10-04 16:59:57,901 >> Deleting older checkpoint [checkpoints/glue/mnli/20261004/glue.mnli.mam.am_prefix.ao_concat.fm_adapter.fo_parallel.abn.fbn.ac_add.fl_none.finit_lora.fs_2.unfrz_ef_.ne10.warm0.06.wd0.1.seed8./checkpoint-12272] due to args.save_total_limit
/work/unify-parameter-efficient-tuning/src/transformers/trainer.py:1784: FutureWarning: `torch.cuda.amp.autocast(args...)` is deprecated. Please use `torch.amp.autocast('cuda', args...)` instead.
  with autocast():
{'loss': 0.4263, 'learning_rate': 7.447941069385208e-05, 'epoch': 3.0}
{'loss': 0.3969, 'learning_rate': 7.443610995526892e-05, 'epoch': 3.01}
{'loss': 0.3934, 'learning_rate': 7.439280921668574e-05, 'epoch': 3.01}
{'loss': 0.4106, 'learning_rate': 7.434950847810258e-05, 'epoch': 3.01}
{'loss': 0.4098, 'learning_rate': 7.430620773951941e-05, 'epoch': 3.02}
{'loss': 0.4093, 'learning_rate': 7.426290700093623e-05, 'epoch': 3.02}
{'loss': 0.3853, 'learning_rate': 7.421960626235307e-05, 'epoch': 3.03}
{'loss': 0.3724, 'learning_rate': 7.41763055237699e-05, 'epoch': 3.03}
{'loss': 0.3898, 'learning_rate': 7.413300478518674e-05, 'epoch': 3.04}
{'loss': 0.3733, 'learning_rate': 7.408970404660356e-05, 'epoch': 3.04}
{'loss': 0.417, 'learning_rate': 7.404640330802039e-05, 'epoch': 3.04}
{'loss': 0.3765, 'learning_rate': 7.400310256943723e-05, 'epoch': 3.05}
{'loss': 0.4308, 'learning_rate': 7.395980183085405e-05, 'epoch': 3.05}
{'loss': 0.3758, 'learning_rate': 7.391650109227088e-05, 'epoch': 3.06}
{'loss': 0.3743, 'learning_rate': 7.387320035368772e-05, 'epoch': 3.06}
{'loss': 0.3876, 'learning_rate': 7.382989961510455e-05, 'epoch': 3.06}
{'loss': 0.3955, 'learning_rate': 7.378659887652139e-05, 'epoch': 3.07}
{'loss': 0.4163, 'learning_rate': 7.374329813793822e-05, 'epoch': 3.07}
{'loss': 0.4079, 'learning_rate': 7.369999739935504e-05, 'epoch': 3.08}
{'loss': 0.3913, 'learning_rate': 7.365669666077188e-05, 'epoch': 3.08}
{'loss': 0.412, 'learning_rate': 7.361339592218871e-05, 'epoch': 3.08}
{'loss': 0.3823, 'learning_rate': 7.357009518360553e-05, 'epoch': 3.09}
{'loss': 0.3921, 'learning_rate': 7.352679444502237e-05, 'epoch': 3.09}
{'loss': 0.3822, 'learning_rate': 7.34834937064392e-05, 'epoch': 3.1}
{'loss': 0.3782, 'learning_rate': 7.344019296785602e-05, 'epoch': 3.1}
{'loss': 0.4122, 'learning_rate': 7.339689222927287e-05, 'epoch': 3.1}
{'loss': 0.3776, 'learning_rate': 7.335359149068971e-05, 'epoch': 3.11}
{'loss': 0.426, 'learning_rate': 7.331029075210653e-05, 'epoch': 3.11}
{'loss': 0.4278, 'learning_rate': 7.326699001352335e-05, 'epoch': 3.12}
{'loss': 0.3944, 'learning_rate': 7.32236892749402e-05, 'epoch': 3.12}
{'loss': 0.4022, 'learning_rate': 7.318038853635702e-05, 'epoch': 3.12}
{'loss': 0.4122, 'learning_rate': 7.313708779777384e-05, 'epoch': 3.13}
{'loss': 0.4081, 'learning_rate': 7.309378705919069e-05, 'epoch': 3.13}
{'loss': 0.4075, 'learning_rate': 7.305048632060751e-05, 'epoch': 3.14}
{'loss': 0.3929, 'learning_rate': 7.300718558202434e-05, 'epoch': 3.14}
{'loss': 0.4023, 'learning_rate': 7.296388484344118e-05, 'epoch': 3.15}
{'loss': 0.3906, 'learning_rate': 7.292058410485801e-05, 'epoch': 3.15}
{'loss': 0.4207, 'learning_rate': 7.287728336627484e-05, 'epoch': 3.15}
{'loss': 0.4245, 'learning_rate': 7.283398262769167e-05, 'epoch': 3.16}
{'loss': 0.3919, 'learning_rate': 7.27906818891085e-05, 'epoch': 3.16}
{'loss': 0.4213, 'learning_rate': 7.274738115052533e-05, 'epoch': 3.17}
{'loss': 0.4253, 'learning_rate': 7.270408041194216e-05, 'epoch': 3.17}
{'loss': 0.4395, 'learning_rate': 7.2660779673359e-05, 'epoch': 3.17}
{'loss': 0.4149, 'learning_rate': 7.261747893477583e-05, 'epoch': 3.18}
{'loss': 0.3783, 'learning_rate': 7.257417819619267e-05, 'epoch': 3.18}
{'loss': 0.3654, 'learning_rate': 7.25308774576095e-05, 'epoch': 3.19}
{'loss': 0.3915, 'learning_rate': 7.248757671902632e-05, 'epoch': 3.19}
{'loss': 0.3726, 'learning_rate': 7.244427598044316e-05, 'epoch': 3.19}
{'loss': 0.3716, 'learning_rate': 7.240097524185999e-05, 'epoch': 3.2}
{'loss': 0.3767, 'learning_rate': 7.235767450327681e-05, 'epoch': 3.2}
{'loss': 0.4051, 'learning_rate': 7.231437376469365e-05, 'epoch': 3.21}
{'loss': 0.3951, 'learning_rate': 7.227107302611048e-05, 'epoch': 3.21}
{'loss': 0.4148, 'learning_rate': 7.222777228752732e-05, 'epoch': 3.21}
{'loss': 0.4016, 'learning_rate': 7.218447154894414e-05, 'epoch': 3.22}
{'loss': 0.3911, 'learning_rate': 7.214117081036099e-05, 'epoch': 3.22}
{'loss': 0.3927, 'learning_rate': 7.20978700717778e-05, 'epoch': 3.23}
{'loss': 0.4108, 'learning_rate': 7.205456933319463e-05, 'epoch': 3.23}
{'loss': 0.4133, 'learning_rate': 7.201126859461148e-05, 'epoch': 3.24}
{'loss': 0.4275, 'learning_rate': 7.19679678560283e-05, 'epoch': 3.24}
{'loss': 0.394, 'learning_rate': 7.192466711744512e-05, 'epoch': 3.24}
{'loss': 0.3638, 'learning_rate': 7.188136637886195e-05, 'epoch': 3.25}
{'loss': 0.4242, 'learning_rate': 7.18380656402788e-05, 'epoch': 3.25}
{'loss': 0.3788, 'learning_rate': 7.179476490169562e-05, 'epoch': 3.26}
{'loss': 0.3761, 'learning_rate': 7.175146416311246e-05, 'epoch': 3.26}
{'loss': 0.3696, 'learning_rate': 7.170816342452929e-05, 'epoch': 3.26}
{'loss': 0.4159, 'learning_rate': 7.166486268594611e-05, 'epoch': 3.27}
{'loss': 0.3787, 'learning_rate': 7.162156194736295e-05, 'epoch': 3.27}
{'loss': 0.3518, 'learning_rate': 7.157826120877978e-05, 'epoch': 3.28}
{'loss': 0.3899, 'learning_rate': 7.15349604701966e-05, 'epoch': 3.28}
{'loss': 0.3953, 'learning_rate': 7.149165973161344e-05, 'epoch': 3.28}
{'loss': 0.4055, 'learning_rate': 7.144835899303027e-05, 'epoch': 3.29}
{'loss': 0.4113, 'learning_rate': 7.140505825444711e-05, 'epoch': 3.29}
{'loss': 0.3827, 'learning_rate': 7.136175751586394e-05, 'epoch': 3.3}
{'loss': 0.4276, 'learning_rate': 7.131845677728078e-05, 'epoch': 3.3}
{'loss': 0.3821, 'learning_rate': 7.12751560386976e-05, 'epoch': 3.3}
{'loss': 0.4015, 'learning_rate': 7.123185530011443e-05, 'epoch': 3.31}
{'loss': 0.3899, 'learning_rate': 7.118855456153127e-05, 'epoch': 3.31}
{'loss': 0.3992, 'learning_rate': 7.114525382294809e-05, 'epoch': 3.32}
{'loss': 0.382, 'learning_rate': 7.110195308436492e-05, 'epoch': 3.32}
{'loss': 0.4157, 'learning_rate': 7.105865234578176e-05, 'epoch': 3.32}
{'loss': 0.4258, 'learning_rate': 7.10153516071986e-05, 'epoch': 3.33}
{'loss': 0.3976, 'learning_rate': 7.097205086861542e-05, 'epoch': 3.33}
{'loss': 0.3971, 'learning_rate': 7.092875013003225e-05, 'epoch': 3.34}
{'loss': 0.3945, 'learning_rate': 7.088544939144908e-05, 'epoch': 3.34}
{'loss': 0.3814, 'learning_rate': 7.08421486528659e-05, 'epoch': 3.35}
{'loss': 0.3986, 'learning_rate': 7.079884791428274e-05, 'epoch': 3.35}
{'loss': 0.4023, 'learning_rate': 7.075554717569958e-05, 'epoch': 3.35}
{'loss': 0.4108, 'learning_rate': 7.071224643711641e-05, 'epoch': 3.36}
{'loss': 0.4138, 'learning_rate': 7.066894569853325e-05, 'epoch': 3.36}
{'loss': 0.3934, 'learning_rate': 7.062564495995008e-05, 'epoch': 3.37}
{'loss': 0.4209, 'learning_rate': 7.05823442213669e-05, 'epoch': 3.37}
{'loss': 0.4181, 'learning_rate': 7.053904348278374e-05, 'epoch': 3.37}
{'loss': 0.4422, 'learning_rate': 7.049574274420057e-05, 'epoch': 3.38}
{'loss': 0.4166, 'learning_rate': 7.045244200561739e-05, 'epoch': 3.38}
{'loss': 0.3551, 'learning_rate': 7.040914126703423e-05, 'epoch': 3.39}
{'loss': 0.3894, 'learning_rate': 7.036584052845106e-05, 'epoch': 3.39}
{'loss': 0.4018, 'learning_rate': 7.032253978986788e-05, 'epoch': 3.39}
{'loss': 0.3717, 'learning_rate': 7.027923905128473e-05, 'epoch': 3.4}
{'loss': 0.4216, 'learning_rate': 7.023593831270157e-05, 'epoch': 3.4}
{'loss': 0.411, 'learning_rate': 7.019263757411839e-05, 'epoch': 3.41}
{'loss': 0.4119, 'learning_rate': 7.014933683553522e-05, 'epoch': 3.41}
{'loss': 0.3886, 'learning_rate': 7.010603609695206e-05, 'epoch': 3.41}
{'loss': 0.3895, 'learning_rate': 7.006360137314054e-05, 'epoch': 3.42}
{'loss': 0.4132, 'learning_rate': 7.002030063455738e-05, 'epoch': 3.42}
{'loss': 0.3974, 'learning_rate': 6.99769998959742e-05, 'epoch': 3.43}
{'loss': 0.4246, 'learning_rate': 6.993369915739104e-05, 'epoch': 3.43}
{'loss': 0.3668, 'learning_rate': 6.989039841880787e-05, 'epoch': 3.43}
{'loss': 0.4314, 'learning_rate': 6.984709768022469e-05, 'epoch': 3.44}
{'loss': 0.3983, 'learning_rate': 6.980379694164153e-05, 'epoch': 3.44}
{'loss': 0.3962, 'learning_rate': 6.976049620305836e-05, 'epoch': 3.45}
{'loss': 0.3731, 'learning_rate': 6.97171954644752e-05, 'epoch': 3.45}
{'loss': 0.3962, 'learning_rate': 6.967389472589203e-05, 'epoch': 3.46}
{'loss': 0.3961, 'learning_rate': 6.963059398730887e-05, 'epoch': 3.46}
{'loss': 0.4011, 'learning_rate': 6.958729324872569e-05, 'epoch': 3.46}
{'loss': 0.365, 'learning_rate': 6.954399251014251e-05, 'epoch': 3.47}
{'loss': 0.3778, 'learning_rate': 6.950069177155936e-05, 'epoch': 3.47}
{'loss': 0.4116, 'learning_rate': 6.945739103297618e-05, 'epoch': 3.48}
{'loss': 0.4018, 'learning_rate': 6.941409029439301e-05, 'epoch': 3.48}
{'loss': 0.3711, 'learning_rate': 6.937078955580985e-05, 'epoch': 3.48}
{'loss': 0.3729, 'learning_rate': 6.932748881722668e-05, 'epoch': 3.49}
{'loss': 0.3948, 'learning_rate': 6.92841880786435e-05, 'epoch': 3.49}
{'loss': 0.3724, 'learning_rate': 6.924088734006034e-05, 'epoch': 3.5}
{'loss': 0.4073, 'learning_rate': 6.919758660147717e-05, 'epoch': 3.5}
{'loss': 0.3838, 'learning_rate': 6.9154285862894e-05, 'epoch': 3.5}
{'loss': 0.3893, 'learning_rate': 6.911098512431083e-05, 'epoch': 3.51}
{'loss': 0.3858, 'learning_rate': 6.906768438572766e-05, 'epoch': 3.51}
{'loss': 0.3716, 'learning_rate': 6.90243836471445e-05, 'epoch': 3.52}
{'loss': 0.3772, 'learning_rate': 6.898108290856133e-05, 'epoch': 3.52}
{'loss': 0.381, 'learning_rate': 6.893778216997817e-05, 'epoch': 3.52}
{'loss': 0.4039, 'learning_rate': 6.889448143139499e-05, 'epoch': 3.53}
{'loss': 0.4213, 'learning_rate': 6.885118069281182e-05, 'epoch': 3.53}
{'loss': 0.4187, 'learning_rate': 6.880787995422866e-05, 'epoch': 3.54}
{'loss': 0.3738, 'learning_rate': 6.876457921564548e-05, 'epoch': 3.54}
{'loss': 0.3984, 'learning_rate': 6.872127847706231e-05, 'epoch': 3.54}
{'loss': 0.3943, 'learning_rate': 6.867797773847915e-05, 'epoch': 3.55}
{'loss': 0.4064, 'learning_rate': 6.863467699989598e-05, 'epoch': 3.55}
{'loss': 0.4331, 'learning_rate': 6.859137626131282e-05, 'epoch': 3.56}
{'loss': 0.3958, 'learning_rate': 6.854807552272965e-05, 'epoch': 3.56}
{'loss': 0.4301, 'learning_rate': 6.850477478414647e-05, 'epoch': 3.57}
{'loss': 0.3963, 'learning_rate': 6.84614740455633e-05, 'epoch': 3.57}
{'loss': 0.4215, 'learning_rate': 6.841817330698014e-05, 'epoch': 3.57}
{'loss': 0.3992, 'learning_rate': 6.837487256839696e-05, 'epoch': 3.58}
{'loss': 0.3987, 'learning_rate': 6.833243784458547e-05, 'epoch': 3.58}
{'loss': 0.4208, 'learning_rate': 6.828913710600229e-05, 'epoch': 3.59}
{'loss': 0.4086, 'learning_rate': 6.824583636741912e-05, 'epoch': 3.59}
{'loss': 0.4181, 'learning_rate': 6.820253562883596e-05, 'epoch': 3.59}
{'loss': 0.3953, 'learning_rate': 6.815923489025278e-05, 'epoch': 3.6}
{'loss': 0.4007, 'learning_rate': 6.811593415166961e-05, 'epoch': 3.6}
{'loss': 0.3668, 'learning_rate': 6.807263341308646e-05, 'epoch': 3.61}
{'loss': 0.3867, 'learning_rate': 6.802933267450328e-05, 'epoch': 3.61}
{'loss': 0.3963, 'learning_rate': 6.798603193592012e-05, 'epoch': 3.61}
{'loss': 0.404, 'learning_rate': 6.794273119733695e-05, 'epoch': 3.62}
{'loss': 0.3881, 'learning_rate': 6.789943045875377e-05, 'epoch': 3.62}
{'loss': 0.381, 'learning_rate': 6.78561297201706e-05, 'epoch': 3.63}
{'loss': 0.3615, 'learning_rate': 6.781282898158744e-05, 'epoch': 3.63}
{'loss': 0.4272, 'learning_rate': 6.776952824300426e-05, 'epoch': 3.63}
{'loss': 0.3892, 'learning_rate': 6.77262275044211e-05, 'epoch': 3.64}
{'loss': 0.4146, 'learning_rate': 6.768292676583793e-05, 'epoch': 3.64}
{'loss': 0.3926, 'learning_rate': 6.763962602725477e-05, 'epoch': 3.65}
{'loss': 0.4056, 'learning_rate': 6.759632528867159e-05, 'epoch': 3.65}
{'loss': 0.4039, 'learning_rate': 6.755302455008842e-05, 'epoch': 3.65}
{'loss': 0.4241, 'learning_rate': 6.750972381150526e-05, 'epoch': 3.66}
{'loss': 0.4188, 'learning_rate': 6.746642307292208e-05, 'epoch': 3.66}
{'loss': 0.3974, 'learning_rate': 6.742312233433892e-05, 'epoch': 3.67}
{'loss': 0.3634, 'learning_rate': 6.737982159575575e-05, 'epoch': 3.67}
{'loss': 0.3923, 'learning_rate': 6.733652085717259e-05, 'epoch': 3.68}
{'loss': 0.3755, 'learning_rate': 6.729322011858942e-05, 'epoch': 3.68}
{'loss': 0.3988, 'learning_rate': 6.724991938000625e-05, 'epoch': 3.68}
{'loss': 0.409, 'learning_rate': 6.720661864142308e-05, 'epoch': 3.69}
{'loss': 0.3675, 'learning_rate': 6.716331790283991e-05, 'epoch': 3.69}
{'loss': 0.3782, 'learning_rate': 6.712001716425675e-05, 'epoch': 3.7}
{'loss': 0.417, 'learning_rate': 6.707671642567357e-05, 'epoch': 3.7}
{'loss': 0.374, 'learning_rate': 6.70334156870904e-05, 'epoch': 3.7}
{'loss': 0.3852, 'learning_rate': 6.699011494850724e-05, 'epoch': 3.71}
{'loss': 0.4116, 'learning_rate': 6.694681420992407e-05, 'epoch': 3.71}
{'loss': 0.3966, 'learning_rate': 6.690351347134089e-05, 'epoch': 3.72}
{'loss': 0.3669, 'learning_rate': 6.686021273275774e-05, 'epoch': 3.72}
{'loss': 0.3993, 'learning_rate': 6.681691199417456e-05, 'epoch': 3.72}
{'loss': 0.399, 'learning_rate': 6.677361125559138e-05, 'epoch': 3.73}
{'loss': 0.4091, 'learning_rate': 6.673117653177988e-05, 'epoch': 3.73}
{'loss': 0.415, 'learning_rate': 6.668787579319672e-05, 'epoch': 3.74}
{'loss': 0.4254, 'learning_rate': 6.664457505461355e-05, 'epoch': 3.74}
{'loss': 0.4143, 'learning_rate': 6.660127431603038e-05, 'epoch': 3.74}
{'loss': 0.4023, 'learning_rate': 6.655797357744721e-05, 'epoch': 3.75}
{'loss': 0.4121, 'learning_rate': 6.651467283886405e-05, 'epoch': 3.75}
{'loss': 0.3921, 'learning_rate': 6.647137210028087e-05, 'epoch': 3.76}
{'loss': 0.3792, 'learning_rate': 6.64280713616977e-05, 'epoch': 3.76}
{'loss': 0.4171, 'learning_rate': 6.638477062311455e-05, 'epoch': 3.76}
{'loss': 0.4138, 'learning_rate': 6.634146988453137e-05, 'epoch': 3.77}
{'loss': 0.3974, 'learning_rate': 6.629816914594819e-05, 'epoch': 3.77}
{'loss': 0.3894, 'learning_rate': 6.625486840736504e-05, 'epoch': 3.78}
{'loss': 0.3841, 'learning_rate': 6.621156766878186e-05, 'epoch': 3.78}
{'loss': 0.399, 'learning_rate': 6.616826693019868e-05, 'epoch': 3.79}
{'loss': 0.4035, 'learning_rate': 6.612496619161553e-05, 'epoch': 3.79}
{'loss': 0.3693, 'learning_rate': 6.608166545303235e-05, 'epoch': 3.79}
{'loss': 0.4185, 'learning_rate': 6.603836471444919e-05, 'epoch': 3.8}
{'loss': 0.4, 'learning_rate': 6.599506397586602e-05, 'epoch': 3.8}
{'loss': 0.4036, 'learning_rate': 6.595176323728286e-05, 'epoch': 3.81}
{'loss': 0.4007, 'learning_rate': 6.590846249869968e-05, 'epoch': 3.81}
{'loss': 0.3878, 'learning_rate': 6.586516176011651e-05, 'epoch': 3.81}
{'loss': 0.4204, 'learning_rate': 6.582186102153335e-05, 'epoch': 3.82}
{'loss': 0.3818, 'learning_rate': 6.577856028295017e-05, 'epoch': 3.82}
{'loss': 0.3691, 'learning_rate': 6.5735259544367e-05, 'epoch': 3.83}
{'loss': 0.4022, 'learning_rate': 6.569195880578384e-05, 'epoch': 3.83}
{'loss': 0.4023, 'learning_rate': 6.564865806720067e-05, 'epoch': 3.83}
{'loss': 0.4066, 'learning_rate': 6.560535732861751e-05, 'epoch': 3.84}
{'loss': 0.4081, 'learning_rate': 6.556205659003434e-05, 'epoch': 3.84}
{'loss': 0.3858, 'learning_rate': 6.551875585145116e-05, 'epoch': 3.85}
{'loss': 0.4188, 'learning_rate': 6.5475455112868e-05, 'epoch': 3.85}
{'loss': 0.4009, 'learning_rate': 6.543215437428483e-05, 'epoch': 3.85}
{'loss': 0.4231, 'learning_rate': 6.538885363570165e-05, 'epoch': 3.86}
{'loss': 0.3965, 'learning_rate': 6.534555289711849e-05, 'epoch': 3.86}
{'loss': 0.3787, 'learning_rate': 6.530225215853532e-05, 'epoch': 3.87}
{'loss': 0.3956, 'learning_rate': 6.525895141995216e-05, 'epoch': 3.87}
{'loss': 0.3776, 'learning_rate': 6.521565068136898e-05, 'epoch': 3.87}
{'loss': 0.3925, 'learning_rate': 6.517234994278583e-05, 'epoch': 3.88}
{'loss': 0.4207, 'learning_rate': 6.512904920420265e-05, 'epoch': 3.88}
{'loss': 0.4208, 'learning_rate': 6.508574846561947e-05, 'epoch': 3.89}
{'loss': 0.439, 'learning_rate': 6.50424477270363e-05, 'epoch': 3.89}
{'loss': 0.3981, 'learning_rate': 6.499914698845314e-05, 'epoch': 3.9}
{'loss': 0.4298, 'learning_rate': 6.495584624986996e-05, 'epoch': 3.9}
{'loss': 0.3944, 'learning_rate': 6.49125455112868e-05, 'epoch': 3.9}
{'loss': 0.4471, 'learning_rate': 6.486924477270363e-05, 'epoch': 3.91}
{'loss': 0.4025, 'learning_rate': 6.482594403412046e-05, 'epoch': 3.91}
{'loss': 0.4055, 'learning_rate': 6.47826432955373e-05, 'epoch': 3.92}
{'loss': 0.387, 'learning_rate': 6.473934255695413e-05, 'epoch': 3.92}
{'loss': 0.3717, 'learning_rate': 6.469604181837096e-05, 'epoch': 3.92}
{'loss': 0.4369, 'learning_rate': 6.465274107978779e-05, 'epoch': 3.93}
{'loss': 0.4062, 'learning_rate': 6.460944034120463e-05, 'epoch': 3.93}
{'loss': 0.4171, 'learning_rate': 6.456613960262145e-05, 'epoch': 3.94}
{'loss': 0.4124, 'learning_rate': 6.452283886403828e-05, 'epoch': 3.94}
{'loss': 0.4051, 'learning_rate': 6.447953812545512e-05, 'epoch': 3.94}
{'loss': 0.4058, 'learning_rate': 6.443623738687195e-05, 'epoch': 3.95}
{'loss': 0.4178, 'learning_rate': 6.439293664828879e-05, 'epoch': 3.95}
{'loss': 0.4012, 'learning_rate': 6.434963590970562e-05, 'epoch': 3.96}
{'loss': 0.3706, 'learning_rate': 6.430633517112244e-05, 'epoch': 3.96}
{'loss': 0.3988, 'learning_rate': 6.426303443253926e-05, 'epoch': 3.96}
{'loss': 0.3887, 'learning_rate': 6.421973369395611e-05, 'epoch': 3.97}
{'loss': 0.4053, 'learning_rate': 6.417643295537293e-05, 'epoch': 3.97}
{'loss': 0.3964, 'learning_rate': 6.413313221678977e-05, 'epoch': 3.98}
{'loss': 0.4015, 'learning_rate': 6.40898314782066e-05, 'epoch': 3.98}
{'loss': 0.3693, 'learning_rate': 6.404653073962344e-05, 'epoch': 3.98}
{'loss': 0.3945, 'learning_rate': 6.400323000104026e-05, 'epoch': 3.99}
{'loss': 0.3877, 'learning_rate': 6.395992926245709e-05, 'epoch': 3.99}
{'loss': 0.3764, 'learning_rate': 6.391662852387393e-05, 'epoch': 4.0}
[INFO|trainer.py:520] 2026-10-04 17:06:12,654 >> The following columns in the evaluation set  don't have a corresponding argument in `PETLEncModel.forward` and have been ignored: hypothesis, premise, idx.
[INFO|trainer.py:2179] 2026-10-04 17:06:12,656 >> ***** Running Evaluation *****
[INFO|trainer.py:2181] 2026-10-04 17:06:12,656 >>   Num examples = 9815
[INFO|trainer.py:2184] 2026-10-04 17:06:12,656 >>   Batch size = 32
{'eval_loss': 0.36514317989349365, 'eval_accuracy': 0.8623535404992358, 'eval_runtime': 10.1158, 'eval_samples_per_second': 970.265, 'eval_steps_per_second': 30.349, 'epoch': 4.0}
[INFO|trainer.py:1933] 2026-10-04 17:06:22,773 >> Saving model checkpoint to checkpoints/glue/mnli/20261004/glue.mnli.mam.am_prefix.ao_concat.fm_adapter.fo_parallel.abn.fbn.ac_add.fl_none.finit_lora.fs_2.unfrz_ef_.ne10.warm0.06.wd0.1.seed8./checkpoint-49088
[INFO|configuration_utils.py:364] 2026-10-04 17:06:22,774 >> Configuration saved in checkpoints/glue/mnli/20261004/glue.mnli.mam.am_prefix.ao_concat.fm_adapter.fo_parallel.abn.fbn.ac_add.fl_none.finit_lora.fs_2.unfrz_ef_.ne10.warm0.06.wd0.1.seed8./checkpoint-49088/config.json
[INFO|modeling_utils.py:898] 2026-10-04 17:06:23,201 >> Model weights saved in checkpoints/glue/mnli/20261004/glue.mnli.mam.am_prefix.ao_concat.fm_adapter.fo_parallel.abn.fbn.ac_add.fl_none.finit_lora.fs_2.unfrz_ef_.ne10.warm0.06.wd0.1.seed8./checkpoint-49088/pytorch_model.bin
[INFO|tokenization_utils_base.py:1948] 2026-10-04 17:06:23,202 >> tokenizer config file saved in checkpoints/glue/mnli/20261004/glue.mnli.mam.am_prefix.ao_concat.fm_adapter.fo_parallel.abn.fbn.ac_add.fl_none.finit_lora.fs_2.unfrz_ef_.ne10.warm0.06.wd0.1.seed8./checkpoint-49088/tokenizer_config.json
[INFO|tokenization_utils_base.py:1954] 2026-10-04 17:06:23,202 >> Special tokens file saved in checkpoints/glue/mnli/20261004/glue.mnli.mam.am_prefix.ao_concat.fm_adapter.fo_parallel.abn.fbn.ac_add.fl_none.finit_lora.fs_2.unfrz_ef_.ne10.warm0.06.wd0.1.seed8./checkpoint-49088/special_tokens_map.json
[INFO|trainer.py:2009] 2026-10-04 17:06:23,363 >> Deleting older checkpoint [checkpoints/glue/mnli/20261004/glue.mnli.mam.am_prefix.ao_concat.fm_adapter.fo_parallel.abn.fbn.ac_add.fl_none.finit_lora.fs_2.unfrz_ef_.ne10.warm0.06.wd0.1.seed8./checkpoint-24544] due to args.save_total_limit
/work/unify-parameter-efficient-tuning/src/transformers/trainer.py:1784: FutureWarning: `torch.cuda.amp.autocast(args...)` is deprecated. Please use `torch.amp.autocast('cuda', args...)` instead.
  with autocast():
{'loss': 0.3768, 'learning_rate': 6.387332778529075e-05, 'epoch': 4.0}
{'loss': 0.3627, 'learning_rate': 6.383002704670758e-05, 'epoch': 4.01}
{'loss': 0.3998, 'learning_rate': 6.378672630812442e-05, 'epoch': 4.01}
{'loss': 0.3982, 'learning_rate': 6.374342556954124e-05, 'epoch': 4.01}
{'loss': 0.3845, 'learning_rate': 6.370012483095809e-05, 'epoch': 4.02}
{'loss': 0.3527, 'learning_rate': 6.365682409237492e-05, 'epoch': 4.02}
{'loss': 0.3766, 'learning_rate': 6.361352335379174e-05, 'epoch': 4.03}
{'loss': 0.4086, 'learning_rate': 6.357022261520858e-05, 'epoch': 4.03}
{'loss': 0.3832, 'learning_rate': 6.352692187662541e-05, 'epoch': 4.03}
{'loss': 0.4189, 'learning_rate': 6.348362113804223e-05, 'epoch': 4.04}
{'loss': 0.3592, 'learning_rate': 6.344032039945907e-05, 'epoch': 4.04}
{'loss': 0.377, 'learning_rate': 6.33970196608759e-05, 'epoch': 4.05}
{'loss': 0.374, 'learning_rate': 6.335371892229272e-05, 'epoch': 4.05}
{'loss': 0.4098, 'learning_rate': 6.331041818370956e-05, 'epoch': 4.05}
{'loss': 0.3784, 'learning_rate': 6.326711744512641e-05, 'epoch': 4.06}
{'loss': 0.3836, 'learning_rate': 6.322381670654323e-05, 'epoch': 4.06}
{'loss': 0.404, 'learning_rate': 6.318051596796005e-05, 'epoch': 4.07}
{'loss': 0.3477, 'learning_rate': 6.31372152293769e-05, 'epoch': 4.07}
{'loss': 0.3765, 'learning_rate': 6.309391449079372e-05, 'epoch': 4.07}
{'loss': 0.3861, 'learning_rate': 6.305061375221054e-05, 'epoch': 4.08}
{'loss': 0.4183, 'learning_rate': 6.300731301362739e-05, 'epoch': 4.08}
{'loss': 0.3752, 'learning_rate': 6.296401227504421e-05, 'epoch': 4.09}
{'loss': 0.3819, 'learning_rate': 6.292071153646105e-05, 'epoch': 4.09}
{'loss': 0.391, 'learning_rate': 6.287741079787788e-05, 'epoch': 4.09}
{'loss': 0.3667, 'learning_rate': 6.283497607406637e-05, 'epoch': 4.1}
{'loss': 0.3969, 'learning_rate': 6.27916753354832e-05, 'epoch': 4.1}
{'loss': 0.3737, 'learning_rate': 6.274837459690004e-05, 'epoch': 4.11}
{'loss': 0.3879, 'learning_rate': 6.270507385831687e-05, 'epoch': 4.11}
{'loss': 0.4215, 'learning_rate': 6.266177311973371e-05, 'epoch': 4.12}
{'loss': 0.3907, 'learning_rate': 6.261847238115053e-05, 'epoch': 4.12}
{'loss': 0.3833, 'learning_rate': 6.257517164256735e-05, 'epoch': 4.12}
{'loss': 0.3666, 'learning_rate': 6.25318709039842e-05, 'epoch': 4.13}
{'loss': 0.3421, 'learning_rate': 6.248857016540102e-05, 'epoch': 4.13}
{'loss': 0.367, 'learning_rate': 6.244526942681785e-05, 'epoch': 4.14}
{'loss': 0.3544, 'learning_rate': 6.240196868823469e-05, 'epoch': 4.14}
{'loss': 0.3858, 'learning_rate': 6.235866794965152e-05, 'epoch': 4.14}
{'loss': 0.3825, 'learning_rate': 6.231536721106834e-05, 'epoch': 4.15}
{'loss': 0.3875, 'learning_rate': 6.227206647248518e-05, 'epoch': 4.15}
{'loss': 0.3872, 'learning_rate': 6.222876573390201e-05, 'epoch': 4.16}
{'loss': 0.4081, 'learning_rate': 6.218546499531884e-05, 'epoch': 4.16}
{'loss': 0.3678, 'learning_rate': 6.214216425673567e-05, 'epoch': 4.16}
{'loss': 0.4014, 'learning_rate': 6.20988635181525e-05, 'epoch': 4.17}
{'loss': 0.3956, 'learning_rate': 6.205556277956934e-05, 'epoch': 4.17}
{'loss': 0.3597, 'learning_rate': 6.201226204098617e-05, 'epoch': 4.18}
{'loss': 0.3598, 'learning_rate': 6.196896130240301e-05, 'epoch': 4.18}
{'loss': 0.3884, 'learning_rate': 6.192566056381983e-05, 'epoch': 4.18}
{'loss': 0.3805, 'learning_rate': 6.188322584000833e-05, 'epoch': 4.19}
{'loss': 0.3735, 'learning_rate': 6.183992510142515e-05, 'epoch': 4.19}
{'loss': 0.4046, 'learning_rate': 6.179662436284199e-05, 'epoch': 4.2}
{'loss': 0.3928, 'learning_rate': 6.175332362425882e-05, 'epoch': 4.2}
{'loss': 0.4069, 'learning_rate': 6.171002288567564e-05, 'epoch': 4.2}
{'loss': 0.3726, 'learning_rate': 6.166672214709248e-05, 'epoch': 4.21}
{'loss': 0.3683, 'learning_rate': 6.162342140850931e-05, 'epoch': 4.21}
{'loss': 0.3912, 'learning_rate': 6.158012066992614e-05, 'epoch': 4.22}
{'loss': 0.3608, 'learning_rate': 6.153681993134297e-05, 'epoch': 4.22}
{'loss': 0.3696, 'learning_rate': 6.149351919275982e-05, 'epoch': 4.23}
{'loss': 0.3965, 'learning_rate': 6.145021845417664e-05, 'epoch': 4.23}
{'loss': 0.4192, 'learning_rate': 6.140691771559347e-05, 'epoch': 4.23}
{'loss': 0.4043, 'learning_rate': 6.136361697701031e-05, 'epoch': 4.24}
{'loss': 0.3855, 'learning_rate': 6.132031623842713e-05, 'epoch': 4.24}
{'loss': 0.3941, 'learning_rate': 6.127701549984397e-05, 'epoch': 4.25}
{'loss': 0.389, 'learning_rate': 6.12337147612608e-05, 'epoch': 4.25}
{'loss': 0.3996, 'learning_rate': 6.119041402267762e-05, 'epoch': 4.25}
{'loss': 0.3856, 'learning_rate': 6.114711328409446e-05, 'epoch': 4.26}
{'loss': 0.3822, 'learning_rate': 6.110381254551129e-05, 'epoch': 4.26}
{'loss': 0.3817, 'learning_rate': 6.106051180692811e-05, 'epoch': 4.27}
{'loss': 0.3711, 'learning_rate': 6.1017211068344946e-05, 'epoch': 4.27}
{'loss': 0.3814, 'learning_rate': 6.097477634453345e-05, 'epoch': 4.27}
{'loss': 0.3725, 'learning_rate': 6.093147560595027e-05, 'epoch': 4.28}
{'loss': 0.4132, 'learning_rate': 6.088817486736711e-05, 'epoch': 4.28}
{'loss': 0.3245, 'learning_rate': 6.084487412878393e-05, 'epoch': 4.29}
{'loss': 0.3615, 'learning_rate': 6.0801573390200774e-05, 'epoch': 4.29}
{'loss': 0.3926, 'learning_rate': 6.075827265161761e-05, 'epoch': 4.29}
{'loss': 0.3769, 'learning_rate': 6.071497191303444e-05, 'epoch': 4.3}
{'loss': 0.3944, 'learning_rate': 6.067167117445127e-05, 'epoch': 4.3}
{'loss': 0.3779, 'learning_rate': 6.0628370435868106e-05, 'epoch': 4.31}
{'loss': 0.3977, 'learning_rate': 6.058506969728492e-05, 'epoch': 4.31}
{'loss': 0.3935, 'learning_rate': 6.054176895870176e-05, 'epoch': 4.31}
{'loss': 0.3795, 'learning_rate': 6.04984682201186e-05, 'epoch': 4.32}
{'loss': 0.3922, 'learning_rate': 6.0455167481535425e-05, 'epoch': 4.32}
{'loss': 0.3928, 'learning_rate': 6.041186674295225e-05, 'epoch': 4.33}
{'loss': 0.402, 'learning_rate': 6.03685660043691e-05, 'epoch': 4.33}
{'loss': 0.4264, 'learning_rate': 6.032526526578592e-05, 'epoch': 4.34}
{'loss': 0.3935, 'learning_rate': 6.028196452720274e-05, 'epoch': 4.34}
{'loss': 0.3688, 'learning_rate': 6.023866378861958e-05, 'epoch': 4.34}
{'loss': 0.3878, 'learning_rate': 6.019536305003641e-05, 'epoch': 4.35}
{'loss': 0.3935, 'learning_rate': 6.015206231145324e-05, 'epoch': 4.35}
{'loss': 0.36, 'learning_rate': 6.0108761572870076e-05, 'epoch': 4.36}
{'loss': 0.3939, 'learning_rate': 6.006546083428691e-05, 'epoch': 4.36}
{'loss': 0.3937, 'learning_rate': 6.0022160095703725e-05, 'epoch': 4.36}
{'loss': 0.3571, 'learning_rate': 5.997885935712057e-05, 'epoch': 4.37}
{'loss': 0.39, 'learning_rate': 5.99355586185374e-05, 'epoch': 4.37}
{'loss': 0.3761, 'learning_rate': 5.989225787995423e-05, 'epoch': 4.38}
{'loss': 0.3921, 'learning_rate': 5.9848957141371064e-05, 'epoch': 4.38}
{'loss': 0.3988, 'learning_rate': 5.98056564027879e-05, 'epoch': 4.38}
{'loss': 0.3732, 'learning_rate': 5.976235566420473e-05, 'epoch': 4.39}
{'loss': 0.3882, 'learning_rate': 5.971905492562156e-05, 'epoch': 4.39}
{'loss': 0.3957, 'learning_rate': 5.96757541870384e-05, 'epoch': 4.4}
{'loss': 0.3538, 'learning_rate': 5.963245344845522e-05, 'epoch': 4.4}
{'loss': 0.3722, 'learning_rate': 5.958915270987205e-05, 'epoch': 4.4}
{'loss': 0.3708, 'learning_rate': 5.9545851971288894e-05, 'epoch': 4.41}
{'loss': 0.39, 'learning_rate': 5.9502551232705715e-05, 'epoch': 4.41}
{'loss': 0.3936, 'learning_rate': 5.945925049412253e-05, 'epoch': 4.42}
{'loss': 0.3761, 'learning_rate': 5.941594975553938e-05, 'epoch': 4.42}
{'loss': 0.3738, 'learning_rate': 5.9372649016956206e-05, 'epoch': 4.42}
{'loss': 0.3884, 'learning_rate': 5.9329348278373034e-05, 'epoch': 4.43}
{'loss': 0.3876, 'learning_rate': 5.928604753978988e-05, 'epoch': 4.43}
{'loss': 0.3639, 'learning_rate': 5.92427468012067e-05, 'epoch': 4.44}
{'loss': 0.3896, 'learning_rate': 5.919944606262353e-05, 'epoch': 4.44}
{'loss': 0.3795, 'learning_rate': 5.9156145324040366e-05, 'epoch': 4.45}
{'loss': 0.3536, 'learning_rate': 5.911284458545721e-05, 'epoch': 4.45}
{'loss': 0.4035, 'learning_rate': 5.906954384687402e-05, 'epoch': 4.45}
{'loss': 0.4093, 'learning_rate': 5.902624310829086e-05, 'epoch': 4.46}
{'loss': 0.3711, 'learning_rate': 5.898294236970769e-05, 'epoch': 4.46}
{'loss': 0.4156, 'learning_rate': 5.893964163112452e-05, 'epoch': 4.47}
{'loss': 0.3921, 'learning_rate': 5.8896340892541354e-05, 'epoch': 4.47}
{'loss': 0.3983, 'learning_rate': 5.8853040153958196e-05, 'epoch': 4.47}
{'loss': 0.4078, 'learning_rate': 5.880973941537501e-05, 'epoch': 4.48}
{'loss': 0.3946, 'learning_rate': 5.8766438676791845e-05, 'epoch': 4.48}
{'loss': 0.3916, 'learning_rate': 5.8723137938208686e-05, 'epoch': 4.49}
{'loss': 0.411, 'learning_rate': 5.867983719962551e-05, 'epoch': 4.49}
{'loss': 0.3825, 'learning_rate': 5.863653646104235e-05, 'epoch': 4.49}
{'loss': 0.4053, 'learning_rate': 5.859323572245917e-05, 'epoch': 4.5}
{'loss': 0.3899, 'learning_rate': 5.854993498387601e-05, 'epoch': 4.5}
{'loss': 0.3996, 'learning_rate': 5.850663424529283e-05, 'epoch': 4.51}
{'loss': 0.38, 'learning_rate': 5.8463333506709675e-05, 'epoch': 4.51}
{'loss': 0.4002, 'learning_rate': 5.8420032768126496e-05, 'epoch': 4.51}
{'loss': 0.3728, 'learning_rate': 5.8376732029543324e-05, 'epoch': 4.52}
{'loss': 0.3743, 'learning_rate': 5.833343129096017e-05, 'epoch': 4.52}
{'loss': 0.3593, 'learning_rate': 5.8290130552377e-05, 'epoch': 4.53}
{'loss': 0.4033, 'learning_rate': 5.8246829813793815e-05, 'epoch': 4.53}
{'loss': 0.3771, 'learning_rate': 5.820352907521066e-05, 'epoch': 4.53}
{'loss': 0.4043, 'learning_rate': 5.8160228336627484e-05, 'epoch': 4.54}
{'loss': 0.3915, 'learning_rate': 5.811692759804431e-05, 'epoch': 4.54}
{'loss': 0.4169, 'learning_rate': 5.807362685946115e-05, 'epoch': 4.55}
{'loss': 0.3681, 'learning_rate': 5.803032612087799e-05, 'epoch': 4.55}
{'loss': 0.4141, 'learning_rate': 5.798702538229481e-05, 'epoch': 4.56}
{'loss': 0.389, 'learning_rate': 5.794372464371164e-05, 'epoch': 4.56}
{'loss': 0.3735, 'learning_rate': 5.790042390512848e-05, 'epoch': 4.56}
{'loss': 0.4103, 'learning_rate': 5.78571231665453e-05, 'epoch': 4.57}
{'loss': 0.4136, 'learning_rate': 5.781382242796214e-05, 'epoch': 4.57}
{'loss': 0.3816, 'learning_rate': 5.7770521689378977e-05, 'epoch': 4.58}
{'loss': 0.3753, 'learning_rate': 5.7727220950795805e-05, 'epoch': 4.58}
{'loss': 0.3482, 'learning_rate': 5.7683920212212626e-05, 'epoch': 4.58}
{'loss': 0.4154, 'learning_rate': 5.764061947362947e-05, 'epoch': 4.59}
{'loss': 0.3992, 'learning_rate': 5.759731873504629e-05, 'epoch': 4.59}
{'loss': 0.3697, 'learning_rate': 5.755401799646313e-05, 'epoch': 4.6}
{'loss': 0.3962, 'learning_rate': 5.7510717257879965e-05, 'epoch': 4.6}
{'loss': 0.3913, 'learning_rate': 5.746741651929679e-05, 'epoch': 4.6}
{'loss': 0.3912, 'learning_rate': 5.7424115780713614e-05, 'epoch': 4.61}
{'loss': 0.3822, 'learning_rate': 5.7380815042130455e-05, 'epoch': 4.61}
{'loss': 0.3776, 'learning_rate': 5.733751430354728e-05, 'epoch': 4.62}
{'loss': 0.3723, 'learning_rate': 5.7294213564964105e-05, 'epoch': 4.62}
{'loss': 0.4, 'learning_rate': 5.725091282638095e-05, 'epoch': 4.62}
{'loss': 0.3657, 'learning_rate': 5.720761208779778e-05, 'epoch': 4.63}
{'loss': 0.3649, 'learning_rate': 5.71643113492146e-05, 'epoch': 4.63}
{'loss': 0.4, 'learning_rate': 5.712101061063145e-05, 'epoch': 4.64}
{'loss': 0.3868, 'learning_rate': 5.707770987204827e-05, 'epoch': 4.64}
{'loss': 0.3831, 'learning_rate': 5.703440913346509e-05, 'epoch': 4.64}
{'loss': 0.3756, 'learning_rate': 5.6991108394881934e-05, 'epoch': 4.65}
{'loss': 0.4032, 'learning_rate': 5.694780765629877e-05, 'epoch': 4.65}
{'loss': 0.4049, 'learning_rate': 5.69045069177156e-05, 'epoch': 4.66}
{'loss': 0.3886, 'learning_rate': 5.686120617913242e-05, 'epoch': 4.66}
{'loss': 0.3804, 'learning_rate': 5.681790544054926e-05, 'epoch': 4.67}
{'loss': 0.3975, 'learning_rate': 5.677460470196608e-05, 'epoch': 4.67}
{'loss': 0.3926, 'learning_rate': 5.673130396338292e-05, 'epoch': 4.67}
{'loss': 0.3883, 'learning_rate': 5.668800322479976e-05, 'epoch': 4.68}
{'loss': 0.3517, 'learning_rate': 5.6644702486216585e-05, 'epoch': 4.68}
{'loss': 0.3775, 'learning_rate': 5.660140174763342e-05, 'epoch': 4.69}
{'loss': 0.3761, 'learning_rate': 5.6558101009050255e-05, 'epoch': 4.69}
{'loss': 0.3779, 'learning_rate': 5.651480027046707e-05, 'epoch': 4.69}
{'loss': 0.3768, 'learning_rate': 5.647149953188391e-05, 'epoch': 4.7}
{'loss': 0.3964, 'learning_rate': 5.6428198793300746e-05, 'epoch': 4.7}
{'loss': 0.3798, 'learning_rate': 5.6384898054717574e-05, 'epoch': 4.71}
{'loss': 0.3709, 'learning_rate': 5.634159731613441e-05, 'epoch': 4.71}
{'loss': 0.3902, 'learning_rate': 5.629829657755124e-05, 'epoch': 4.71}
{'loss': 0.3979, 'learning_rate': 5.6254995838968064e-05, 'epoch': 4.72}
{'loss': 0.3548, 'learning_rate': 5.6211695100384885e-05, 'epoch': 4.72}
{'loss': 0.3892, 'learning_rate': 5.616839436180175e-05, 'epoch': 4.73}
{'loss': 0.3766, 'learning_rate': 5.612509362321856e-05, 'epoch': 4.73}
{'loss': 0.4094, 'learning_rate': 5.608179288463539e-05, 'epoch': 4.73}
{'loss': 0.3859, 'learning_rate': 5.6038492146052224e-05, 'epoch': 4.74}
{'loss': 0.3593, 'learning_rate': 5.599519140746906e-05, 'epoch': 4.74}
{'loss': 0.4168, 'learning_rate': 5.5951890668885874e-05, 'epoch': 4.75}
{'loss': 0.3787, 'learning_rate': 5.5908589930302715e-05, 'epoch': 4.75}
{'loss': 0.3726, 'learning_rate': 5.586528919171955e-05, 'epoch': 4.75}
{'loss': 0.3989, 'learning_rate': 5.582198845313638e-05, 'epoch': 4.76}
{'loss': 0.4176, 'learning_rate': 5.577868771455321e-05, 'epoch': 4.76}
{'loss': 0.3614, 'learning_rate': 5.57362529907417e-05, 'epoch': 4.77}
{'loss': 0.378, 'learning_rate': 5.569295225215855e-05, 'epoch': 4.77}
{'loss': 0.3857, 'learning_rate': 5.564965151357537e-05, 'epoch': 4.78}
{'loss': 0.3984, 'learning_rate': 5.560635077499219e-05, 'epoch': 4.78}
{'loss': 0.3875, 'learning_rate': 5.5563050036409034e-05, 'epoch': 4.78}
{'loss': 0.3506, 'learning_rate': 5.5519749297825875e-05, 'epoch': 4.79}
{'loss': 0.4022, 'learning_rate': 5.547644855924269e-05, 'epoch': 4.79}
{'loss': 0.4219, 'learning_rate': 5.5433147820659524e-05, 'epoch': 4.8}
{'loss': 0.4045, 'learning_rate': 5.5389847082076366e-05, 'epoch': 4.8}
{'loss': 0.3664, 'learning_rate': 5.534654634349319e-05, 'epoch': 4.8}
{'loss': 0.3966, 'learning_rate': 5.530324560491003e-05, 'epoch': 4.81}
{'loss': 0.3819, 'learning_rate': 5.525994486632685e-05, 'epoch': 4.81}
{'loss': 0.4076, 'learning_rate': 5.521664412774368e-05, 'epoch': 4.82}
{'loss': 0.3285, 'learning_rate': 5.517334338916051e-05, 'epoch': 4.82}
{'loss': 0.3996, 'learning_rate': 5.5130042650577354e-05, 'epoch': 4.82}
{'loss': 0.3713, 'learning_rate': 5.5086741911994175e-05, 'epoch': 4.83}
{'loss': 0.3918, 'learning_rate': 5.504344117341102e-05, 'epoch': 4.83}
{'loss': 0.37, 'learning_rate': 5.500014043482784e-05, 'epoch': 4.84}
{'loss': 0.4033, 'learning_rate': 5.495683969624468e-05, 'epoch': 4.84}
{'loss': 0.3926, 'learning_rate': 5.49135389576615e-05, 'epoch': 4.84}
{'loss': 0.4045, 'learning_rate': 5.487023821907834e-05, 'epoch': 4.85}
{'loss': 0.3944, 'learning_rate': 5.482693748049516e-05, 'epoch': 4.85}
{'loss': 0.3826, 'learning_rate': 5.4783636741912005e-05, 'epoch': 4.86}
{'loss': 0.3889, 'learning_rate': 5.4740336003328826e-05, 'epoch': 4.86}
{'loss': 0.3807, 'learning_rate': 5.469703526474567e-05, 'epoch': 4.86}
{'loss': 0.3515, 'learning_rate': 5.465373452616248e-05, 'epoch': 4.87}
{'loss': 0.3701, 'learning_rate': 5.461043378757933e-05, 'epoch': 4.87}
{'loss': 0.3988, 'learning_rate': 5.456713304899616e-05, 'epoch': 4.88}
{'loss': 0.402, 'learning_rate': 5.452383231041298e-05, 'epoch': 4.88}
{'loss': 0.3568, 'learning_rate': 5.448053157182983e-05, 'epoch': 4.89}
{'loss': 0.4031, 'learning_rate': 5.443723083324664e-05, 'epoch': 4.89}
{'loss': 0.3829, 'learning_rate': 5.4393930094663484e-05, 'epoch': 4.89}
{'loss': 0.3702, 'learning_rate': 5.4350629356080305e-05, 'epoch': 4.9}
{'loss': 0.3791, 'learning_rate': 5.4307328617497147e-05, 'epoch': 4.9}
{'loss': 0.4021, 'learning_rate': 5.426402787891397e-05, 'epoch': 4.91}
{'loss': 0.4072, 'learning_rate': 5.422072714033081e-05, 'epoch': 4.91}
{'loss': 0.3755, 'learning_rate': 5.417742640174763e-05, 'epoch': 4.91}
{'loss': 0.4159, 'learning_rate': 5.413412566316447e-05, 'epoch': 4.92}
{'loss': 0.3974, 'learning_rate': 5.409082492458129e-05, 'epoch': 4.92}
{'loss': 0.3799, 'learning_rate': 5.4047524185998135e-05, 'epoch': 4.93}
{'loss': 0.3549, 'learning_rate': 5.4004223447414956e-05, 'epoch': 4.93}
{'loss': 0.3856, 'learning_rate': 5.396178872360346e-05, 'epoch': 4.93}
{'loss': 0.3752, 'learning_rate': 5.3918487985020286e-05, 'epoch': 4.94}
{'loss': 0.3791, 'learning_rate': 5.387518724643712e-05, 'epoch': 4.94}
{'loss': 0.4184, 'learning_rate': 5.3831886507853956e-05, 'epoch': 4.95}
{'loss': 0.3941, 'learning_rate': 5.378858576927077e-05, 'epoch': 4.95}
{'loss': 0.4044, 'learning_rate': 5.374528503068761e-05, 'epoch': 4.95}
{'loss': 0.3951, 'learning_rate': 5.3701984292104446e-05, 'epoch': 4.96}
{'loss': 0.3867, 'learning_rate': 5.3658683553521274e-05, 'epoch': 4.96}
{'loss': 0.3896, 'learning_rate': 5.361538281493811e-05, 'epoch': 4.97}
{'loss': 0.4107, 'learning_rate': 5.3572082076354944e-05, 'epoch': 4.97}
{'loss': 0.3865, 'learning_rate': 5.352878133777176e-05, 'epoch': 4.97}
{'loss': 0.3857, 'learning_rate': 5.34854805991886e-05, 'epoch': 4.98}
{'loss': 0.3671, 'learning_rate': 5.344217986060545e-05, 'epoch': 4.98}
{'loss': 0.3799, 'learning_rate': 5.339887912202226e-05, 'epoch': 4.99}
{'loss': 0.3594, 'learning_rate': 5.33555783834391e-05, 'epoch': 4.99}
{'loss': 0.3471, 'learning_rate': 5.331227764485593e-05, 'epoch': 5.0}
{'loss': 0.4064, 'learning_rate': 5.326897690627276e-05, 'epoch': 5.0}
[INFO|trainer.py:520] 2026-10-04 17:12:37,381 >> The following columns in the evaluation set  don't have a corresponding argument in `PETLEncModel.forward` and have been ignored: hypothesis, premise, idx.
[INFO|trainer.py:2179] 2026-10-04 17:12:37,383 >> ***** Running Evaluation *****
[INFO|trainer.py:2181] 2026-10-04 17:12:37,383 >>   Num examples = 9815
[INFO|trainer.py:2184] 2026-10-04 17:12:37,383 >>   Batch size = 32
{'eval_loss': 0.3639562726020813, 'eval_accuracy': 0.8668364747834947, 'eval_runtime': 10.0399, 'eval_samples_per_second': 977.601, 'eval_steps_per_second': 30.578, 'epoch': 5.0}
[INFO|trainer.py:1933] 2026-10-04 17:12:47,424 >> Saving model checkpoint to checkpoints/glue/mnli/20261004/glue.mnli.mam.am_prefix.ao_concat.fm_adapter.fo_parallel.abn.fbn.ac_add.fl_none.finit_lora.fs_2.unfrz_ef_.ne10.warm0.06.wd0.1.seed8./checkpoint-61360
[INFO|configuration_utils.py:364] 2026-10-04 17:12:47,425 >> Configuration saved in checkpoints/glue/mnli/20261004/glue.mnli.mam.am_prefix.ao_concat.fm_adapter.fo_parallel.abn.fbn.ac_add.fl_none.finit_lora.fs_2.unfrz_ef_.ne10.warm0.06.wd0.1.seed8./checkpoint-61360/config.json
[INFO|modeling_utils.py:898] 2026-10-04 17:12:47,844 >> Model weights saved in checkpoints/glue/mnli/20261004/glue.mnli.mam.am_prefix.ao_concat.fm_adapter.fo_parallel.abn.fbn.ac_add.fl_none.finit_lora.fs_2.unfrz_ef_.ne10.warm0.06.wd0.1.seed8./checkpoint-61360/pytorch_model.bin
[INFO|tokenization_utils_base.py:1948] 2026-10-04 17:12:47,845 >> tokenizer config file saved in checkpoints/glue/mnli/20261004/glue.mnli.mam.am_prefix.ao_concat.fm_adapter.fo_parallel.abn.fbn.ac_add.fl_none.finit_lora.fs_2.unfrz_ef_.ne10.warm0.06.wd0.1.seed8./checkpoint-61360/tokenizer_config.json
[INFO|tokenization_utils_base.py:1954] 2026-10-04 17:12:47,846 >> Special tokens file saved in checkpoints/glue/mnli/20261004/glue.mnli.mam.am_prefix.ao_concat.fm_adapter.fo_parallel.abn.fbn.ac_add.fl_none.finit_lora.fs_2.unfrz_ef_.ne10.warm0.06.wd0.1.seed8./checkpoint-61360/special_tokens_map.json
[INFO|trainer.py:2009] 2026-10-04 17:12:48,010 >> Deleting older checkpoint [checkpoints/glue/mnli/20261004/glue.mnli.mam.am_prefix.ao_concat.fm_adapter.fo_parallel.abn.fbn.ac_add.fl_none.finit_lora.fs_2.unfrz_ef_.ne10.warm0.06.wd0.1.seed8./checkpoint-36816] due to args.save_total_limit
/work/unify-parameter-efficient-tuning/src/transformers/trainer.py:1784: FutureWarning: `torch.cuda.amp.autocast(args...)` is deprecated. Please use `torch.amp.autocast('cuda', args...)` instead.
  with autocast():
{'loss': 0.3876, 'learning_rate': 5.3225676167689595e-05, 'epoch': 5.0}
{'loss': 0.3351, 'learning_rate': 5.3182375429106436e-05, 'epoch': 5.01}
{'loss': 0.3903, 'learning_rate': 5.313907469052325e-05, 'epoch': 5.01}
{'loss': 0.3826, 'learning_rate': 5.309577395194008e-05, 'epoch': 5.02}
{'loss': 0.3982, 'learning_rate': 5.305247321335692e-05, 'epoch': 5.02}
{'loss': 0.3584, 'learning_rate': 5.300917247477375e-05, 'epoch': 5.02}
{'loss': 0.3818, 'learning_rate': 5.296587173619056e-05, 'epoch': 5.03}
{'loss': 0.382, 'learning_rate': 5.292257099760741e-05, 'epoch': 5.03}
{'loss': 0.3945, 'learning_rate': 5.287927025902425e-05, 'epoch': 5.04}
{'loss': 0.3789, 'learning_rate': 5.283596952044107e-05, 'epoch': 5.04}
{'loss': 0.3847, 'learning_rate': 5.27926687818579e-05, 'epoch': 5.04}
{'loss': 0.3709, 'learning_rate': 5.2749368043274736e-05, 'epoch': 5.05}
{'loss': 0.3877, 'learning_rate': 5.2706067304691564e-05, 'epoch': 5.05}
{'loss': 0.3804, 'learning_rate': 5.26627665661084e-05, 'epoch': 5.06}
{'loss': 0.4101, 'learning_rate': 5.261946582752524e-05, 'epoch': 5.06}
{'loss': 0.3956, 'learning_rate': 5.2576165088942055e-05, 'epoch': 5.06}
{'loss': 0.3839, 'learning_rate': 5.253286435035889e-05, 'epoch': 5.07}
{'loss': 0.3809, 'learning_rate': 5.2489563611775725e-05, 'epoch': 5.07}
{'loss': 0.3702, 'learning_rate': 5.244626287319255e-05, 'epoch': 5.08}
{'loss': 0.3726, 'learning_rate': 5.240296213460939e-05, 'epoch': 5.08}
{'loss': 0.3758, 'learning_rate': 5.2360527410797876e-05, 'epoch': 5.08}
{'loss': 0.3809, 'learning_rate': 5.2317226672214724e-05, 'epoch': 5.09}
{'loss': 0.3779, 'learning_rate': 5.227392593363154e-05, 'epoch': 5.09}
{'loss': 0.3553, 'learning_rate': 5.2230625195048367e-05, 'epoch': 5.1}
{'loss': 0.3724, 'learning_rate': 5.21873244564652e-05, 'epoch': 5.1}
{'loss': 0.3387, 'learning_rate': 5.214402371788204e-05, 'epoch': 5.11}
{'loss': 0.3762, 'learning_rate': 5.2100722979298864e-05, 'epoch': 5.11}
{'loss': 0.3743, 'learning_rate': 5.2057422240715706e-05, 'epoch': 5.11}
{'loss': 0.3894, 'learning_rate': 5.201412150213253e-05, 'epoch': 5.12}
{'loss': 0.3661, 'learning_rate': 5.197082076354937e-05, 'epoch': 5.12}
{'loss': 0.3846, 'learning_rate': 5.192752002496619e-05, 'epoch': 5.13}
{'loss': 0.405, 'learning_rate': 5.188421928638303e-05, 'epoch': 5.13}
{'loss': 0.387, 'learning_rate': 5.184091854779985e-05, 'epoch': 5.13}
{'loss': 0.3898, 'learning_rate': 5.1797617809216694e-05, 'epoch': 5.14}
{'loss': 0.3983, 'learning_rate': 5.175431707063353e-05, 'epoch': 5.14}
{'loss': 0.3646, 'learning_rate': 5.1711016332050357e-05, 'epoch': 5.15}
{'loss': 0.3496, 'learning_rate': 5.166771559346718e-05, 'epoch': 5.15}
{'loss': 0.4077, 'learning_rate': 5.162441485488402e-05, 'epoch': 5.15}
{'loss': 0.385, 'learning_rate': 5.158111411630084e-05, 'epoch': 5.16}
{'loss': 0.3643, 'learning_rate': 5.153781337771768e-05, 'epoch': 5.16}
{'loss': 0.3716, 'learning_rate': 5.149451263913452e-05, 'epoch': 5.17}
{'loss': 0.3695, 'learning_rate': 5.145121190055133e-05, 'epoch': 5.17}
{'loss': 0.3736, 'learning_rate': 5.140791116196817e-05, 'epoch': 5.17}
{'loss': 0.3623, 'learning_rate': 5.136461042338501e-05, 'epoch': 5.18}
{'loss': 0.3862, 'learning_rate': 5.1321309684801835e-05, 'epoch': 5.18}
{'loss': 0.3766, 'learning_rate': 5.127800894621866e-05, 'epoch': 5.19}
{'loss': 0.3679, 'learning_rate': 5.12347082076355e-05, 'epoch': 5.19}
{'loss': 0.3629, 'learning_rate': 5.119140746905233e-05, 'epoch': 5.19}
{'loss': 0.3682, 'learning_rate': 5.114810673046916e-05, 'epoch': 5.2}
{'loss': 0.3685, 'learning_rate': 5.110480599188598e-05, 'epoch': 5.2}
{'loss': 0.3607, 'learning_rate': 5.1061505253302824e-05, 'epoch': 5.21}
{'loss': 0.3457, 'learning_rate': 5.1018204514719645e-05, 'epoch': 5.21}
{'loss': 0.3917, 'learning_rate': 5.0974903776136486e-05, 'epoch': 5.22}
{'loss': 0.4042, 'learning_rate': 5.093160303755332e-05, 'epoch': 5.22}
{'loss': 0.3683, 'learning_rate': 5.088830229897015e-05, 'epoch': 5.22}
{'loss': 0.3594, 'learning_rate': 5.084500156038697e-05, 'epoch': 5.23}
{'loss': 0.3439, 'learning_rate': 5.080170082180381e-05, 'epoch': 5.23}
{'loss': 0.3792, 'learning_rate': 5.075840008322063e-05, 'epoch': 5.24}
{'loss': 0.4049, 'learning_rate': 5.0715099344637475e-05, 'epoch': 5.24}
{'loss': 0.3812, 'learning_rate': 5.067179860605431e-05, 'epoch': 5.24}
{'loss': 0.378, 'learning_rate': 5.062849786747114e-05, 'epoch': 5.25}
{'loss': 0.3937, 'learning_rate': 5.058519712888797e-05, 'epoch': 5.25}
{'loss': 0.3675, 'learning_rate': 5.0541896390304814e-05, 'epoch': 5.26}
{'loss': 0.3693, 'learning_rate': 5.049859565172163e-05, 'epoch': 5.26}
{'loss': 0.3573, 'learning_rate': 5.045529491313845e-05, 'epoch': 5.26}
{'loss': 0.3852, 'learning_rate': 5.04119941745553e-05, 'epoch': 5.27}
{'loss': 0.4077, 'learning_rate': 5.0368693435972126e-05, 'epoch': 5.27}
{'loss': 0.367, 'learning_rate': 5.0325392697388954e-05, 'epoch': 5.28}
{'loss': 0.3421, 'learning_rate': 5.02820919588058e-05, 'epoch': 5.28}
{'loss': 0.362, 'learning_rate': 5.0238791220222616e-05, 'epoch': 5.28}
{'loss': 0.3522, 'learning_rate': 5.019549048163944e-05, 'epoch': 5.29}
{'loss': 0.3769, 'learning_rate': 5.015218974305628e-05, 'epoch': 5.29}
{'loss': 0.361, 'learning_rate': 5.0108889004473114e-05, 'epoch': 5.3}
{'loss': 0.3451, 'learning_rate': 5.006558826588994e-05, 'epoch': 5.3}
{'loss': 0.3862, 'learning_rate': 5.0022287527306776e-05, 'epoch': 5.3}
{'loss': 0.3972, 'learning_rate': 4.997898678872361e-05, 'epoch': 5.31}
{'loss': 0.362, 'learning_rate': 4.993568605014043e-05, 'epoch': 5.31}
{'loss': 0.3798, 'learning_rate': 4.989238531155727e-05, 'epoch': 5.32}
{'loss': 0.397, 'learning_rate': 4.98490845729741e-05, 'epoch': 5.32}
{'loss': 0.3789, 'learning_rate': 4.980578383439093e-05, 'epoch': 5.33}
{'loss': 0.3544, 'learning_rate': 4.9762483095807765e-05, 'epoch': 5.33}
{'loss': 0.3438, 'learning_rate': 4.97191823572246e-05, 'epoch': 5.33}
{'loss': 0.3687, 'learning_rate': 4.967588161864142e-05, 'epoch': 5.34}
{'loss': 0.3852, 'learning_rate': 4.963258088005826e-05, 'epoch': 5.34}
{'loss': 0.3852, 'learning_rate': 4.95892801414751e-05, 'epoch': 5.35}
{'loss': 0.3622, 'learning_rate': 4.954597940289192e-05, 'epoch': 5.35}
{'loss': 0.3232, 'learning_rate': 4.950267866430875e-05, 'epoch': 5.35}
{'loss': 0.3684, 'learning_rate': 4.945937792572558e-05, 'epoch': 5.36}
{'loss': 0.382, 'learning_rate': 4.9416077187142416e-05, 'epoch': 5.36}
{'loss': 0.3795, 'learning_rate': 4.937277644855925e-05, 'epoch': 5.37}
{'loss': 0.3625, 'learning_rate': 4.932947570997607e-05, 'epoch': 5.37}
{'loss': 0.4172, 'learning_rate': 4.9286174971392906e-05, 'epoch': 5.37}
{'loss': 0.3722, 'learning_rate': 4.924287423280974e-05, 'epoch': 5.38}
{'loss': 0.3842, 'learning_rate': 4.919957349422657e-05, 'epoch': 5.38}
{'loss': 0.3523, 'learning_rate': 4.9156272755643404e-05, 'epoch': 5.39}
{'loss': 0.399, 'learning_rate': 4.911297201706024e-05, 'epoch': 5.39}
{'loss': 0.3728, 'learning_rate': 4.9069671278477067e-05, 'epoch': 5.39}
{'loss': 0.3548, 'learning_rate': 4.90263705398939e-05, 'epoch': 5.4}
{'loss': 0.3408, 'learning_rate': 4.898306980131072e-05, 'epoch': 5.4}
{'loss': 0.3889, 'learning_rate': 4.893976906272756e-05, 'epoch': 5.41}
{'loss': 0.3709, 'learning_rate': 4.889646832414439e-05, 'epoch': 5.41}
{'loss': 0.4124, 'learning_rate': 4.885316758556122e-05, 'epoch': 5.41}
{'loss': 0.3627, 'learning_rate': 4.8809866846978055e-05, 'epoch': 5.42}
{'loss': 0.3928, 'learning_rate': 4.876656610839489e-05, 'epoch': 5.42}
{'loss': 0.3628, 'learning_rate': 4.872326536981171e-05, 'epoch': 5.43}
{'loss': 0.3633, 'learning_rate': 4.867996463122855e-05, 'epoch': 5.43}
{'loss': 0.3878, 'learning_rate': 4.863666389264539e-05, 'epoch': 5.44}
{'loss': 0.3903, 'learning_rate': 4.859422916883387e-05, 'epoch': 5.44}
{'loss': 0.3466, 'learning_rate': 4.855092843025071e-05, 'epoch': 5.44}
{'loss': 0.3691, 'learning_rate': 4.8508493706439206e-05, 'epoch': 5.45}
{'loss': 0.378, 'learning_rate': 4.846519296785603e-05, 'epoch': 5.45}
{'loss': 0.3393, 'learning_rate': 4.842189222927287e-05, 'epoch': 5.46}
{'loss': 0.3792, 'learning_rate': 4.837859149068969e-05, 'epoch': 5.46}
{'loss': 0.394, 'learning_rate': 4.8335290752106524e-05, 'epoch': 5.46}
{'loss': 0.3849, 'learning_rate': 4.829199001352336e-05, 'epoch': 5.47}
{'loss': 0.366, 'learning_rate': 4.824868927494019e-05, 'epoch': 5.47}
{'loss': 0.3488, 'learning_rate': 4.820538853635702e-05, 'epoch': 5.48}
{'loss': 0.3759, 'learning_rate': 4.816208779777386e-05, 'epoch': 5.48}
{'loss': 0.3803, 'learning_rate': 4.811878705919068e-05, 'epoch': 5.48}
{'loss': 0.3569, 'learning_rate': 4.807548632060751e-05, 'epoch': 5.49}
{'loss': 0.3792, 'learning_rate': 4.803218558202435e-05, 'epoch': 5.49}
{'loss': 0.3728, 'learning_rate': 4.7988884843441175e-05, 'epoch': 5.5}
{'loss': 0.3699, 'learning_rate': 4.794558410485801e-05, 'epoch': 5.5}
{'loss': 0.3674, 'learning_rate': 4.790228336627483e-05, 'epoch': 5.5}
{'loss': 0.3922, 'learning_rate': 4.785898262769167e-05, 'epoch': 5.51}
{'loss': 0.38, 'learning_rate': 4.781568188910851e-05, 'epoch': 5.51}
{'loss': 0.3463, 'learning_rate': 4.777238115052533e-05, 'epoch': 5.52}
{'loss': 0.355, 'learning_rate': 4.7729080411942164e-05, 'epoch': 5.52}
{'loss': 0.4011, 'learning_rate': 4.7685779673359e-05, 'epoch': 5.52}
{'loss': 0.378, 'learning_rate': 4.7642478934775826e-05, 'epoch': 5.53}
{'loss': 0.3377, 'learning_rate': 4.759917819619266e-05, 'epoch': 5.53}
{'loss': 0.3875, 'learning_rate': 4.7555877457609496e-05, 'epoch': 5.54}
{'loss': 0.3702, 'learning_rate': 4.751257671902632e-05, 'epoch': 5.54}
{'loss': 0.3597, 'learning_rate': 4.746927598044315e-05, 'epoch': 5.55}
{'loss': 0.3769, 'learning_rate': 4.742597524185999e-05, 'epoch': 5.55}
{'loss': 0.3636, 'learning_rate': 4.7382674503276814e-05, 'epoch': 5.55}
{'loss': 0.3938, 'learning_rate': 4.733937376469365e-05, 'epoch': 5.56}
{'loss': 0.3652, 'learning_rate': 4.729607302611048e-05, 'epoch': 5.56}
{'loss': 0.3966, 'learning_rate': 4.725277228752731e-05, 'epoch': 5.57}
{'loss': 0.3571, 'learning_rate': 4.720947154894415e-05, 'epoch': 5.57}
{'loss': 0.4002, 'learning_rate': 4.716617081036097e-05, 'epoch': 5.57}
{'loss': 0.3969, 'learning_rate': 4.71228700717778e-05, 'epoch': 5.58}
{'loss': 0.3846, 'learning_rate': 4.707956933319464e-05, 'epoch': 5.58}
{'loss': 0.3461, 'learning_rate': 4.7036268594611465e-05, 'epoch': 5.59}
{'loss': 0.3643, 'learning_rate': 4.69929678560283e-05, 'epoch': 5.59}
{'loss': 0.3712, 'learning_rate': 4.6949667117445135e-05, 'epoch': 5.59}
{'loss': 0.403, 'learning_rate': 4.6906366378861956e-05, 'epoch': 5.6}
{'loss': 0.397, 'learning_rate': 4.68630656402788e-05, 'epoch': 5.6}
{'loss': 0.3735, 'learning_rate': 4.681976490169562e-05, 'epoch': 5.61}
{'loss': 0.3793, 'learning_rate': 4.6776464163112454e-05, 'epoch': 5.61}
{'loss': 0.3739, 'learning_rate': 4.673316342452929e-05, 'epoch': 5.61}
{'loss': 0.3748, 'learning_rate': 4.6689862685946116e-05, 'epoch': 5.62}
{'loss': 0.3982, 'learning_rate': 4.664656194736295e-05, 'epoch': 5.62}
{'loss': 0.3534, 'learning_rate': 4.6603261208779786e-05, 'epoch': 5.63}
{'loss': 0.3604, 'learning_rate': 4.655996047019661e-05, 'epoch': 5.63}
{'loss': 0.3517, 'learning_rate': 4.651665973161344e-05, 'epoch': 5.63}
{'loss': 0.406, 'learning_rate': 4.6473358993030277e-05, 'epoch': 5.64}
{'loss': 0.3773, 'learning_rate': 4.6430058254447105e-05, 'epoch': 5.64}
{'loss': 0.3518, 'learning_rate': 4.638675751586394e-05, 'epoch': 5.65}
{'loss': 0.3756, 'learning_rate': 4.634345677728076e-05, 'epoch': 5.65}
{'loss': 0.3497, 'learning_rate': 4.63001560386976e-05, 'epoch': 5.66}
{'loss': 0.3662, 'learning_rate': 4.625685530011444e-05, 'epoch': 5.66}
{'loss': 0.3979, 'learning_rate': 4.621355456153126e-05, 'epoch': 5.66}
{'loss': 0.333, 'learning_rate': 4.617025382294809e-05, 'epoch': 5.67}
{'loss': 0.3414, 'learning_rate': 4.612695308436493e-05, 'epoch': 5.67}
{'loss': 0.3834, 'learning_rate': 4.6083652345781756e-05, 'epoch': 5.68}
{'loss': 0.3527, 'learning_rate': 4.604035160719859e-05, 'epoch': 5.68}
{'loss': 0.363, 'learning_rate': 4.5997050868615425e-05, 'epoch': 5.68}
{'loss': 0.3497, 'learning_rate': 4.5953750130032246e-05, 'epoch': 5.69}
{'loss': 0.4012, 'learning_rate': 4.591044939144908e-05, 'epoch': 5.69}
{'loss': 0.4013, 'learning_rate': 4.586714865286592e-05, 'epoch': 5.7}
{'loss': 0.3767, 'learning_rate': 4.5823847914282744e-05, 'epoch': 5.7}
{'loss': 0.3913, 'learning_rate': 4.578054717569958e-05, 'epoch': 5.7}
{'loss': 0.3544, 'learning_rate': 4.5737246437116406e-05, 'epoch': 5.71}
{'loss': 0.3829, 'learning_rate': 4.569394569853324e-05, 'epoch': 5.71}
{'loss': 0.3767, 'learning_rate': 4.5650644959950076e-05, 'epoch': 5.72}
{'loss': 0.355, 'learning_rate': 4.56073442213669e-05, 'epoch': 5.72}
{'loss': 0.366, 'learning_rate': 4.556404348278373e-05, 'epoch': 5.72}
{'loss': 0.4064, 'learning_rate': 4.552074274420057e-05, 'epoch': 5.73}
{'loss': 0.3321, 'learning_rate': 4.5477442005617395e-05, 'epoch': 5.73}
{'loss': 0.4032, 'learning_rate': 4.543414126703423e-05, 'epoch': 5.74}
{'loss': 0.3534, 'learning_rate': 4.5390840528451064e-05, 'epoch': 5.74}
{'loss': 0.3652, 'learning_rate': 4.5347539789867885e-05, 'epoch': 5.74}
{'loss': 0.3807, 'learning_rate': 4.530423905128473e-05, 'epoch': 5.75}
{'loss': 0.3727, 'learning_rate': 4.526093831270155e-05, 'epoch': 5.75}
{'loss': 0.3785, 'learning_rate': 4.521763757411838e-05, 'epoch': 5.76}
{'loss': 0.3539, 'learning_rate': 4.517433683553522e-05, 'epoch': 5.76}
{'loss': 0.3643, 'learning_rate': 4.5131036096952046e-05, 'epoch': 5.77}
{'loss': 0.3663, 'learning_rate': 4.508773535836888e-05, 'epoch': 5.77}
{'loss': 0.387, 'learning_rate': 4.5044434619785715e-05, 'epoch': 5.77}
{'loss': 0.3887, 'learning_rate': 4.5001133881202536e-05, 'epoch': 5.78}
{'loss': 0.383, 'learning_rate': 4.495783314261937e-05, 'epoch': 5.78}
{'loss': 0.3863, 'learning_rate': 4.491539841880787e-05, 'epoch': 5.79}
{'loss': 0.4062, 'learning_rate': 4.4872097680224694e-05, 'epoch': 5.79}
{'loss': 0.3648, 'learning_rate': 4.482879694164153e-05, 'epoch': 5.79}
{'loss': 0.3683, 'learning_rate': 4.4785496203058364e-05, 'epoch': 5.8}
{'loss': 0.3525, 'learning_rate': 4.474219546447519e-05, 'epoch': 5.8}
{'loss': 0.3844, 'learning_rate': 4.469889472589203e-05, 'epoch': 5.81}
{'loss': 0.3851, 'learning_rate': 4.465559398730885e-05, 'epoch': 5.81}
{'loss': 0.3603, 'learning_rate': 4.461229324872569e-05, 'epoch': 5.81}
{'loss': 0.3654, 'learning_rate': 4.4568992510142524e-05, 'epoch': 5.82}
{'loss': 0.3496, 'learning_rate': 4.4525691771559345e-05, 'epoch': 5.82}
{'loss': 0.385, 'learning_rate': 4.448239103297618e-05, 'epoch': 5.83}
{'loss': 0.3706, 'learning_rate': 4.4439090294393015e-05, 'epoch': 5.83}
{'loss': 0.3697, 'learning_rate': 4.439578955580984e-05, 'epoch': 5.83}
{'loss': 0.3596, 'learning_rate': 4.435248881722668e-05, 'epoch': 5.84}
{'loss': 0.356, 'learning_rate': 4.430918807864351e-05, 'epoch': 5.84}
{'loss': 0.355, 'learning_rate': 4.4265887340060334e-05, 'epoch': 5.85}
{'loss': 0.3753, 'learning_rate': 4.422258660147717e-05, 'epoch': 5.85}
{'loss': 0.3457, 'learning_rate': 4.4179285862893996e-05, 'epoch': 5.85}
{'loss': 0.3609, 'learning_rate': 4.413598512431083e-05, 'epoch': 5.86}
{'loss': 0.3851, 'learning_rate': 4.4092684385727666e-05, 'epoch': 5.86}
{'loss': 0.4229, 'learning_rate': 4.4049383647144494e-05, 'epoch': 5.87}
{'loss': 0.3847, 'learning_rate': 4.400608290856133e-05, 'epoch': 5.87}
{'loss': 0.3819, 'learning_rate': 4.396278216997816e-05, 'epoch': 5.88}
{'loss': 0.3886, 'learning_rate': 4.3919481431394984e-05, 'epoch': 5.88}
{'loss': 0.3845, 'learning_rate': 4.387618069281182e-05, 'epoch': 5.88}
{'loss': 0.3704, 'learning_rate': 4.383374596900032e-05, 'epoch': 5.89}
{'loss': 0.4123, 'learning_rate': 4.379044523041714e-05, 'epoch': 5.89}
{'loss': 0.4012, 'learning_rate': 4.374714449183398e-05, 'epoch': 5.9}
{'loss': 0.4043, 'learning_rate': 4.370384375325081e-05, 'epoch': 5.9}
{'loss': 0.3907, 'learning_rate': 4.366054301466764e-05, 'epoch': 5.9}
{'loss': 0.3758, 'learning_rate': 4.3617242276084475e-05, 'epoch': 5.91}
{'loss': 0.376, 'learning_rate': 4.3573941537501296e-05, 'epoch': 5.91}
{'loss': 0.3656, 'learning_rate': 4.353064079891814e-05, 'epoch': 5.92}
{'loss': 0.3732, 'learning_rate': 4.348734006033497e-05, 'epoch': 5.92}
{'loss': 0.3784, 'learning_rate': 4.3444039321751793e-05, 'epoch': 5.92}
{'loss': 0.3508, 'learning_rate': 4.340073858316863e-05, 'epoch': 5.93}
{'loss': 0.3594, 'learning_rate': 4.335743784458546e-05, 'epoch': 5.93}
{'loss': 0.3534, 'learning_rate': 4.331413710600229e-05, 'epoch': 5.94}
{'loss': 0.3999, 'learning_rate': 4.3270836367419126e-05, 'epoch': 5.94}
{'loss': 0.3649, 'learning_rate': 4.322753562883596e-05, 'epoch': 5.94}
{'loss': 0.3488, 'learning_rate': 4.318423489025278e-05, 'epoch': 5.95}
{'loss': 0.3657, 'learning_rate': 4.3140934151669616e-05, 'epoch': 5.95}
{'loss': 0.386, 'learning_rate': 4.3097633413086444e-05, 'epoch': 5.96}
{'loss': 0.3663, 'learning_rate': 4.305433267450328e-05, 'epoch': 5.96}
{'loss': 0.3775, 'learning_rate': 4.3011031935920114e-05, 'epoch': 5.96}
{'loss': 0.3452, 'learning_rate': 4.296773119733694e-05, 'epoch': 5.97}
{'loss': 0.3852, 'learning_rate': 4.292443045875378e-05, 'epoch': 5.97}
{'loss': 0.3887, 'learning_rate': 4.288112972017061e-05, 'epoch': 5.98}
{'loss': 0.3562, 'learning_rate': 4.283782898158743e-05, 'epoch': 5.98}
{'loss': 0.3955, 'learning_rate': 4.279452824300427e-05, 'epoch': 5.99}
{'loss': 0.3369, 'learning_rate': 4.27512275044211e-05, 'epoch': 5.99}
{'loss': 0.3995, 'learning_rate': 4.270792676583793e-05, 'epoch': 5.99}
{'loss': 0.3819, 'learning_rate': 4.2664626027254765e-05, 'epoch': 6.0}
[INFO|trainer.py:520] 2026-10-04 17:19:03,833 >> The following columns in the evaluation set  don't have a corresponding argument in `PETLEncModel.forward` and have been ignored: hypothesis, premise, idx.
[INFO|trainer.py:2179] 2026-10-04 17:19:03,835 >> ***** Running Evaluation *****
[INFO|trainer.py:2181] 2026-10-04 17:19:03,835 >>   Num examples = 9815
[INFO|trainer.py:2184] 2026-10-04 17:19:03,835 >>   Batch size = 32
{'eval_loss': 0.35812658071517944, 'eval_accuracy': 0.866225165562914, 'eval_runtime': 10.0385, 'eval_samples_per_second': 977.739, 'eval_steps_per_second': 30.582, 'epoch': 6.0}
[INFO|trainer.py:1933] 2026-10-04 17:19:13,874 >> Saving model checkpoint to checkpoints/glue/mnli/20261004/glue.mnli.mam.am_prefix.ao_concat.fm_adapter.fo_parallel.abn.fbn.ac_add.fl_none.finit_lora.fs_2.unfrz_ef_.ne10.warm0.06.wd0.1.seed8./checkpoint-73632
[INFO|configuration_utils.py:364] 2026-10-04 17:19:13,876 >> Configuration saved in checkpoints/glue/mnli/20261004/glue.mnli.mam.am_prefix.ao_concat.fm_adapter.fo_parallel.abn.fbn.ac_add.fl_none.finit_lora.fs_2.unfrz_ef_.ne10.warm0.06.wd0.1.seed8./checkpoint-73632/config.json
[INFO|modeling_utils.py:898] 2026-10-04 17:19:14,312 >> Model weights saved in checkpoints/glue/mnli/20261004/glue.mnli.mam.am_prefix.ao_concat.fm_adapter.fo_parallel.abn.fbn.ac_add.fl_none.finit_lora.fs_2.unfrz_ef_.ne10.warm0.06.wd0.1.seed8./checkpoint-73632/pytorch_model.bin
[INFO|tokenization_utils_base.py:1948] 2026-10-04 17:19:14,313 >> tokenizer config file saved in checkpoints/glue/mnli/20261004/glue.mnli.mam.am_prefix.ao_concat.fm_adapter.fo_parallel.abn.fbn.ac_add.fl_none.finit_lora.fs_2.unfrz_ef_.ne10.warm0.06.wd0.1.seed8./checkpoint-73632/tokenizer_config.json
[INFO|tokenization_utils_base.py:1954] 2026-10-04 17:19:14,313 >> Special tokens file saved in checkpoints/glue/mnli/20261004/glue.mnli.mam.am_prefix.ao_concat.fm_adapter.fo_parallel.abn.fbn.ac_add.fl_none.finit_lora.fs_2.unfrz_ef_.ne10.warm0.06.wd0.1.seed8./checkpoint-73632/special_tokens_map.json
[INFO|trainer.py:2009] 2026-10-04 17:19:14,481 >> Deleting older checkpoint [checkpoints/glue/mnli/20261004/glue.mnli.mam.am_prefix.ao_concat.fm_adapter.fo_parallel.abn.fbn.ac_add.fl_none.finit_lora.fs_2.unfrz_ef_.ne10.warm0.06.wd0.1.seed8./checkpoint-49088] due to args.save_total_limit
/work/unify-parameter-efficient-tuning/src/transformers/trainer.py:1784: FutureWarning: `torch.cuda.amp.autocast(args...)` is deprecated. Please use `torch.amp.autocast('cuda', args...)` instead.
  with autocast():
{'loss': 0.3748, 'learning_rate': 4.26213252886716e-05, 'epoch': 6.0}
{'loss': 0.368, 'learning_rate': 4.257802455008842e-05, 'epoch': 6.01}
{'loss': 0.3713, 'learning_rate': 4.253472381150526e-05, 'epoch': 6.01}
{'loss': 0.3176, 'learning_rate': 4.2491423072922084e-05, 'epoch': 6.01}
{'loss': 0.3451, 'learning_rate': 4.244812233433892e-05, 'epoch': 6.02}
{'loss': 0.3368, 'learning_rate': 4.240482159575575e-05, 'epoch': 6.02}
{'loss': 0.3381, 'learning_rate': 4.236152085717258e-05, 'epoch': 6.03}
{'loss': 0.3744, 'learning_rate': 4.2318220118589416e-05, 'epoch': 6.03}
{'loss': 0.3745, 'learning_rate': 4.227491938000625e-05, 'epoch': 6.03}
{'loss': 0.3601, 'learning_rate': 4.223161864142307e-05, 'epoch': 6.04}
{'loss': 0.3502, 'learning_rate': 4.2188317902839907e-05, 'epoch': 6.04}
{'loss': 0.3669, 'learning_rate': 4.214501716425674e-05, 'epoch': 6.05}
{'loss': 0.3377, 'learning_rate': 4.210171642567357e-05, 'epoch': 6.05}
{'loss': 0.4044, 'learning_rate': 4.2058415687090404e-05, 'epoch': 6.05}
{'loss': 0.3286, 'learning_rate': 4.2015114948507225e-05, 'epoch': 6.06}
{'loss': 0.3842, 'learning_rate': 4.197181420992407e-05, 'epoch': 6.06}
{'loss': 0.3836, 'learning_rate': 4.19285134713409e-05, 'epoch': 6.07}
{'loss': 0.3707, 'learning_rate': 4.188521273275772e-05, 'epoch': 6.07}
{'loss': 0.3694, 'learning_rate': 4.184191199417456e-05, 'epoch': 6.07}
{'loss': 0.3557, 'learning_rate': 4.179861125559139e-05, 'epoch': 6.08}
{'loss': 0.3626, 'learning_rate': 4.175531051700822e-05, 'epoch': 6.08}
{'loss': 0.3546, 'learning_rate': 4.1712009778425055e-05, 'epoch': 6.09}
{'loss': 0.3463, 'learning_rate': 4.166870903984189e-05, 'epoch': 6.09}
{'loss': 0.3742, 'learning_rate': 4.162540830125871e-05, 'epoch': 6.1}
{'loss': 0.3734, 'learning_rate': 4.1582107562675546e-05, 'epoch': 6.1}
{'loss': 0.3576, 'learning_rate': 4.1538806824092374e-05, 'epoch': 6.1}
{'loss': 0.3498, 'learning_rate': 4.149550608550921e-05, 'epoch': 6.11}
{'loss': 0.3735, 'learning_rate': 4.145220534692604e-05, 'epoch': 6.11}
{'loss': 0.3656, 'learning_rate': 4.140890460834287e-05, 'epoch': 6.12}
{'loss': 0.3911, 'learning_rate': 4.1365603869759706e-05, 'epoch': 6.12}
{'loss': 0.3478, 'learning_rate': 4.132230313117654e-05, 'epoch': 6.12}
{'loss': 0.3582, 'learning_rate': 4.127900239259336e-05, 'epoch': 6.13}
{'loss': 0.3318, 'learning_rate': 4.12357016540102e-05, 'epoch': 6.13}
{'loss': 0.3655, 'learning_rate': 4.119240091542703e-05, 'epoch': 6.14}
{'loss': 0.3404, 'learning_rate': 4.114910017684386e-05, 'epoch': 6.14}
{'loss': 0.3772, 'learning_rate': 4.1105799438260694e-05, 'epoch': 6.14}
{'loss': 0.3904, 'learning_rate': 4.106249869967753e-05, 'epoch': 6.15}
{'loss': 0.3584, 'learning_rate': 4.101919796109435e-05, 'epoch': 6.15}
{'loss': 0.3445, 'learning_rate': 4.097589722251119e-05, 'epoch': 6.16}
{'loss': 0.3421, 'learning_rate': 4.093259648392801e-05, 'epoch': 6.16}
{'loss': 0.3579, 'learning_rate': 4.088929574534485e-05, 'epoch': 6.16}
{'loss': 0.3751, 'learning_rate': 4.084599500676168e-05, 'epoch': 6.17}
{'loss': 0.3647, 'learning_rate': 4.080269426817851e-05, 'epoch': 6.17}
{'loss': 0.3676, 'learning_rate': 4.0759393529595345e-05, 'epoch': 6.18}
{'loss': 0.3523, 'learning_rate': 4.071609279101218e-05, 'epoch': 6.18}
{'loss': 0.3832, 'learning_rate': 4.0672792052429e-05, 'epoch': 6.18}
{'loss': 0.3355, 'learning_rate': 4.0629491313845836e-05, 'epoch': 6.19}
{'loss': 0.3509, 'learning_rate': 4.058619057526267e-05, 'epoch': 6.19}
{'loss': 0.3605, 'learning_rate': 4.05428898366795e-05, 'epoch': 6.2}
{'loss': 0.3396, 'learning_rate': 4.049958909809633e-05, 'epoch': 6.2}
{'loss': 0.3965, 'learning_rate': 4.0456288359513154e-05, 'epoch': 6.21}
{'loss': 0.3609, 'learning_rate': 4.0412987620929996e-05, 'epoch': 6.21}
{'loss': 0.3499, 'learning_rate': 4.036968688234683e-05, 'epoch': 6.21}
{'loss': 0.3793, 'learning_rate': 4.032725215853531e-05, 'epoch': 6.22}
{'loss': 0.356, 'learning_rate': 4.0283951419952154e-05, 'epoch': 6.22}
{'loss': 0.3633, 'learning_rate': 4.024065068136899e-05, 'epoch': 6.23}
{'loss': 0.3572, 'learning_rate': 4.019734994278581e-05, 'epoch': 6.23}
{'loss': 0.3695, 'learning_rate': 4.0154049204202645e-05, 'epoch': 6.23}
{'loss': 0.3817, 'learning_rate': 4.011074846561948e-05, 'epoch': 6.24}
{'loss': 0.3544, 'learning_rate': 4.006744772703631e-05, 'epoch': 6.24}
{'loss': 0.3624, 'learning_rate': 4.002414698845314e-05, 'epoch': 6.25}
{'loss': 0.3614, 'learning_rate': 3.998084624986998e-05, 'epoch': 6.25}
{'loss': 0.3387, 'learning_rate': 3.99375455112868e-05, 'epoch': 6.25}
{'loss': 0.349, 'learning_rate': 3.989424477270363e-05, 'epoch': 6.26}
{'loss': 0.364, 'learning_rate': 3.985094403412046e-05, 'epoch': 6.26}
{'loss': 0.386, 'learning_rate': 3.9807643295537296e-05, 'epoch': 6.27}
{'loss': 0.3754, 'learning_rate': 3.976434255695413e-05, 'epoch': 6.27}
{'loss': 0.354, 'learning_rate': 3.972104181837096e-05, 'epoch': 6.27}
{'loss': 0.3313, 'learning_rate': 3.967774107978779e-05, 'epoch': 6.28}
{'loss': 0.3472, 'learning_rate': 3.963444034120463e-05, 'epoch': 6.28}
{'loss': 0.3571, 'learning_rate': 3.959113960262145e-05, 'epoch': 6.29}
{'loss': 0.3495, 'learning_rate': 3.9547838864038284e-05, 'epoch': 6.29}
{'loss': 0.3877, 'learning_rate': 3.950453812545512e-05, 'epoch': 6.29}
{'loss': 0.3618, 'learning_rate': 3.946123738687195e-05, 'epoch': 6.3}
{'loss': 0.3547, 'learning_rate': 3.941793664828878e-05, 'epoch': 6.3}
{'loss': 0.3632, 'learning_rate': 3.93746359097056e-05, 'epoch': 6.31}
{'loss': 0.3704, 'learning_rate': 3.933133517112244e-05, 'epoch': 6.31}
{'loss': 0.3582, 'learning_rate': 3.928803443253928e-05, 'epoch': 6.32}
{'loss': 0.3415, 'learning_rate': 3.92447336939561e-05, 'epoch': 6.32}
{'loss': 0.3713, 'learning_rate': 3.9201432955372935e-05, 'epoch': 6.32}
{'loss': 0.3522, 'learning_rate': 3.915813221678977e-05, 'epoch': 6.33}
{'loss': 0.3879, 'learning_rate': 3.91148314782066e-05, 'epoch': 6.33}
{'loss': 0.3711, 'learning_rate': 3.907239675439509e-05, 'epoch': 6.34}
{'loss': 0.3651, 'learning_rate': 3.902909601581193e-05, 'epoch': 6.34}
{'loss': 0.3378, 'learning_rate': 3.8985795277228756e-05, 'epoch': 6.34}
{'loss': 0.3885, 'learning_rate': 3.894249453864559e-05, 'epoch': 6.35}
{'loss': 0.3594, 'learning_rate': 3.8899193800062425e-05, 'epoch': 6.35}
{'loss': 0.3378, 'learning_rate': 3.8855893061479246e-05, 'epoch': 6.36}
{'loss': 0.3358, 'learning_rate': 3.881259232289608e-05, 'epoch': 6.36}
{'loss': 0.3563, 'learning_rate': 3.876929158431291e-05, 'epoch': 6.36}
{'loss': 0.3806, 'learning_rate': 3.8725990845729744e-05, 'epoch': 6.37}
{'loss': 0.3396, 'learning_rate': 3.868269010714658e-05, 'epoch': 6.37}
{'loss': 0.3618, 'learning_rate': 3.86393893685634e-05, 'epoch': 6.38}
{'loss': 0.3622, 'learning_rate': 3.859608862998024e-05, 'epoch': 6.38}
{'loss': 0.3987, 'learning_rate': 3.8552787891397076e-05, 'epoch': 6.38}
{'loss': 0.3882, 'learning_rate': 3.85094871528139e-05, 'epoch': 6.39}
{'loss': 0.3496, 'learning_rate': 3.846618641423073e-05, 'epoch': 6.39}
{'loss': 0.3573, 'learning_rate': 3.842288567564757e-05, 'epoch': 6.4}
{'loss': 0.3782, 'learning_rate': 3.8379584937064395e-05, 'epoch': 6.4}
{'loss': 0.3604, 'learning_rate': 3.833628419848123e-05, 'epoch': 6.4}
{'loss': 0.3345, 'learning_rate': 3.829298345989805e-05, 'epoch': 6.41}
{'loss': 0.3776, 'learning_rate': 3.8249682721314886e-05, 'epoch': 6.41}
{'loss': 0.3576, 'learning_rate': 3.820638198273173e-05, 'epoch': 6.42}
{'loss': 0.3695, 'learning_rate': 3.816308124414855e-05, 'epoch': 6.42}
{'loss': 0.3508, 'learning_rate': 3.811978050556538e-05, 'epoch': 6.43}
{'loss': 0.3659, 'learning_rate': 3.807647976698222e-05, 'epoch': 6.43}
{'loss': 0.3328, 'learning_rate': 3.8033179028399046e-05, 'epoch': 6.43}
{'loss': 0.3712, 'learning_rate': 3.798987828981588e-05, 'epoch': 6.44}
{'loss': 0.354, 'learning_rate': 3.7946577551232715e-05, 'epoch': 6.44}
{'loss': 0.3355, 'learning_rate': 3.7903276812649536e-05, 'epoch': 6.45}
{'loss': 0.3756, 'learning_rate': 3.785997607406637e-05, 'epoch': 6.45}
{'loss': 0.3842, 'learning_rate': 3.78166753354832e-05, 'epoch': 6.45}
{'loss': 0.3858, 'learning_rate': 3.7773374596900034e-05, 'epoch': 6.46}
{'loss': 0.3763, 'learning_rate': 3.773007385831687e-05, 'epoch': 6.46}
{'loss': 0.3813, 'learning_rate': 3.768677311973369e-05, 'epoch': 6.47}
{'loss': 0.3865, 'learning_rate': 3.764347238115053e-05, 'epoch': 6.47}
{'loss': 0.3737, 'learning_rate': 3.7600171642567366e-05, 'epoch': 6.47}
{'loss': 0.3662, 'learning_rate': 3.755687090398419e-05, 'epoch': 6.48}
{'loss': 0.3929, 'learning_rate': 3.751357016540102e-05, 'epoch': 6.48}
{'loss': 0.3722, 'learning_rate': 3.747026942681786e-05, 'epoch': 6.49}
{'loss': 0.3217, 'learning_rate': 3.7426968688234685e-05, 'epoch': 6.49}
{'loss': 0.3803, 'learning_rate': 3.738366794965152e-05, 'epoch': 6.49}
{'loss': 0.3519, 'learning_rate': 3.7340367211068354e-05, 'epoch': 6.5}
{'loss': 0.3598, 'learning_rate': 3.7297066472485176e-05, 'epoch': 6.5}
{'loss': 0.3576, 'learning_rate': 3.725376573390201e-05, 'epoch': 6.51}
{'loss': 0.367, 'learning_rate': 3.721046499531884e-05, 'epoch': 6.51}
{'loss': 0.373, 'learning_rate': 3.716716425673567e-05, 'epoch': 6.51}
{'loss': 0.36, 'learning_rate': 3.712386351815251e-05, 'epoch': 6.52}
{'loss': 0.3843, 'learning_rate': 3.7080562779569336e-05, 'epoch': 6.52}
{'loss': 0.3389, 'learning_rate': 3.703726204098617e-05, 'epoch': 6.53}
{'loss': 0.3975, 'learning_rate': 3.6993961302403005e-05, 'epoch': 6.53}
{'loss': 0.3937, 'learning_rate': 3.6950660563819827e-05, 'epoch': 6.54}
{'loss': 0.3538, 'learning_rate': 3.690735982523666e-05, 'epoch': 6.54}
{'loss': 0.3678, 'learning_rate': 3.6864059086653496e-05, 'epoch': 6.54}
{'loss': 0.3632, 'learning_rate': 3.6820758348070324e-05, 'epoch': 6.55}
{'loss': 0.3727, 'learning_rate': 3.677745760948716e-05, 'epoch': 6.55}
{'loss': 0.3558, 'learning_rate': 3.673415687090398e-05, 'epoch': 6.56}
{'loss': 0.3723, 'learning_rate': 3.6690856132320815e-05, 'epoch': 6.56}
{'loss': 0.3776, 'learning_rate': 3.6647555393737656e-05, 'epoch': 6.56}
{'loss': 0.3704, 'learning_rate': 3.660425465515448e-05, 'epoch': 6.57}
{'loss': 0.3481, 'learning_rate': 3.656095391657131e-05, 'epoch': 6.57}
{'loss': 0.3806, 'learning_rate': 3.651765317798815e-05, 'epoch': 6.58}
{'loss': 0.3614, 'learning_rate': 3.6474352439404975e-05, 'epoch': 6.58}
{'loss': 0.3555, 'learning_rate': 3.643105170082181e-05, 'epoch': 6.58}
{'loss': 0.3605, 'learning_rate': 3.6387750962238645e-05, 'epoch': 6.59}
{'loss': 0.3565, 'learning_rate': 3.6344450223655466e-05, 'epoch': 6.59}
{'loss': 0.3557, 'learning_rate': 3.63011494850723e-05, 'epoch': 6.6}
{'loss': 0.3668, 'learning_rate': 3.625784874648913e-05, 'epoch': 6.6}
{'loss': 0.3665, 'learning_rate': 3.621454800790596e-05, 'epoch': 6.6}
{'loss': 0.3621, 'learning_rate': 3.61712472693228e-05, 'epoch': 6.61}
{'loss': 0.3713, 'learning_rate': 3.612794653073962e-05, 'epoch': 6.61}
{'loss': 0.3604, 'learning_rate': 3.608464579215646e-05, 'epoch': 6.62}
{'loss': 0.3231, 'learning_rate': 3.6041345053573295e-05, 'epoch': 6.62}
{'loss': 0.3747, 'learning_rate': 3.599804431499012e-05, 'epoch': 6.62}
{'loss': 0.3835, 'learning_rate': 3.595474357640695e-05, 'epoch': 6.63}
{'loss': 0.3626, 'learning_rate': 3.5911442837823786e-05, 'epoch': 6.63}
{'loss': 0.3485, 'learning_rate': 3.5868142099240614e-05, 'epoch': 6.64}
{'loss': 0.3826, 'learning_rate': 3.582484136065745e-05, 'epoch': 6.64}
{'loss': 0.3884, 'learning_rate': 3.5781540622074284e-05, 'epoch': 6.65}
{'loss': 0.3689, 'learning_rate': 3.5738239883491105e-05, 'epoch': 6.65}
{'loss': 0.3669, 'learning_rate': 3.569493914490794e-05, 'epoch': 6.65}
{'loss': 0.3875, 'learning_rate': 3.565163840632477e-05, 'epoch': 6.66}
{'loss': 0.3887, 'learning_rate': 3.560920368251326e-05, 'epoch': 6.66}
{'loss': 0.3689, 'learning_rate': 3.55659029439301e-05, 'epoch': 6.67}
{'loss': 0.3564, 'learning_rate': 3.5522602205346926e-05, 'epoch': 6.67}
{'loss': 0.4023, 'learning_rate': 3.547930146676376e-05, 'epoch': 6.67}
{'loss': 0.3519, 'learning_rate': 3.5436000728180595e-05, 'epoch': 6.68}
{'loss': 0.3865, 'learning_rate': 3.539269998959742e-05, 'epoch': 6.68}
{'loss': 0.3836, 'learning_rate': 3.534939925101426e-05, 'epoch': 6.69}
{'loss': 0.3728, 'learning_rate': 3.530609851243109e-05, 'epoch': 6.69}
{'loss': 0.3326, 'learning_rate': 3.5262797773847914e-05, 'epoch': 6.69}
{'loss': 0.3565, 'learning_rate': 3.521949703526475e-05, 'epoch': 6.7}
{'loss': 0.3229, 'learning_rate': 3.517619629668158e-05, 'epoch': 6.7}
{'loss': 0.3839, 'learning_rate': 3.513289555809841e-05, 'epoch': 6.71}
{'loss': 0.3701, 'learning_rate': 3.5089594819515246e-05, 'epoch': 6.71}
{'loss': 0.387, 'learning_rate': 3.504629408093207e-05, 'epoch': 6.71}
{'loss': 0.3485, 'learning_rate': 3.50029933423489e-05, 'epoch': 6.72}
{'loss': 0.357, 'learning_rate': 3.4959692603765744e-05, 'epoch': 6.72}
{'loss': 0.3592, 'learning_rate': 3.4916391865182565e-05, 'epoch': 6.73}
{'loss': 0.3836, 'learning_rate': 3.48730911265994e-05, 'epoch': 6.73}
{'loss': 0.3507, 'learning_rate': 3.4829790388016234e-05, 'epoch': 6.73}
{'loss': 0.3629, 'learning_rate': 3.478648964943306e-05, 'epoch': 6.74}
{'loss': 0.3725, 'learning_rate': 3.47431889108499e-05, 'epoch': 6.74}
{'loss': 0.3436, 'learning_rate': 3.469988817226673e-05, 'epoch': 6.75}
{'loss': 0.3855, 'learning_rate': 3.465658743368355e-05, 'epoch': 6.75}
{'loss': 0.3838, 'learning_rate': 3.461328669510039e-05, 'epoch': 6.76}
{'loss': 0.368, 'learning_rate': 3.4569985956517216e-05, 'epoch': 6.76}
{'loss': 0.3576, 'learning_rate': 3.452668521793405e-05, 'epoch': 6.76}
{'loss': 0.3643, 'learning_rate': 3.4483384479350885e-05, 'epoch': 6.77}
{'loss': 0.3691, 'learning_rate': 3.4440083740767706e-05, 'epoch': 6.77}
{'loss': 0.3585, 'learning_rate': 3.439678300218455e-05, 'epoch': 6.78}
{'loss': 0.3648, 'learning_rate': 3.435348226360138e-05, 'epoch': 6.78}
{'loss': 0.3536, 'learning_rate': 3.4310181525018204e-05, 'epoch': 6.78}
{'loss': 0.359, 'learning_rate': 3.426688078643504e-05, 'epoch': 6.79}
{'loss': 0.3448, 'learning_rate': 3.4223580047851873e-05, 'epoch': 6.79}
{'loss': 0.369, 'learning_rate': 3.41802793092687e-05, 'epoch': 6.8}
{'loss': 0.3693, 'learning_rate': 3.4136978570685536e-05, 'epoch': 6.8}
{'loss': 0.3728, 'learning_rate': 3.409367783210236e-05, 'epoch': 6.8}
{'loss': 0.3816, 'learning_rate': 3.405037709351919e-05, 'epoch': 6.81}
{'loss': 0.3954, 'learning_rate': 3.400707635493603e-05, 'epoch': 6.81}
{'loss': 0.3641, 'learning_rate': 3.3963775616352855e-05, 'epoch': 6.82}
{'loss': 0.349, 'learning_rate': 3.392047487776969e-05, 'epoch': 6.82}
{'loss': 0.3569, 'learning_rate': 3.3877174139186524e-05, 'epoch': 6.82}
{'loss': 0.3949, 'learning_rate': 3.383473941537501e-05, 'epoch': 6.83}
{'loss': 0.3503, 'learning_rate': 3.379143867679185e-05, 'epoch': 6.83}
{'loss': 0.3337, 'learning_rate': 3.374813793820868e-05, 'epoch': 6.84}
{'loss': 0.3975, 'learning_rate': 3.370483719962551e-05, 'epoch': 6.84}
{'loss': 0.3437, 'learning_rate': 3.3661536461042345e-05, 'epoch': 6.84}
{'loss': 0.3583, 'learning_rate': 3.361823572245918e-05, 'epoch': 6.85}
{'loss': 0.3704, 'learning_rate': 3.3574934983876e-05, 'epoch': 6.85}
{'loss': 0.3853, 'learning_rate': 3.3531634245292836e-05, 'epoch': 6.86}
{'loss': 0.3739, 'learning_rate': 3.3488333506709664e-05, 'epoch': 6.86}
{'loss': 0.3705, 'learning_rate': 3.34450327681265e-05, 'epoch': 6.87}
{'loss': 0.3693, 'learning_rate': 3.3401732029543333e-05, 'epoch': 6.87}
{'loss': 0.3648, 'learning_rate': 3.3358431290960155e-05, 'epoch': 6.87}
{'loss': 0.3902, 'learning_rate': 3.331513055237699e-05, 'epoch': 6.88}
{'loss': 0.3858, 'learning_rate': 3.327182981379383e-05, 'epoch': 6.88}
{'loss': 0.3231, 'learning_rate': 3.322852907521065e-05, 'epoch': 6.89}
{'loss': 0.3451, 'learning_rate': 3.318522833662749e-05, 'epoch': 6.89}
{'loss': 0.3883, 'learning_rate': 3.314192759804432e-05, 'epoch': 6.89}
{'loss': 0.3749, 'learning_rate': 3.309862685946115e-05, 'epoch': 6.9}
{'loss': 0.3822, 'learning_rate': 3.3055326120877984e-05, 'epoch': 6.9}
{'loss': 0.367, 'learning_rate': 3.3012025382294806e-05, 'epoch': 6.91}
{'loss': 0.3559, 'learning_rate': 3.296872464371164e-05, 'epoch': 6.91}
{'loss': 0.3807, 'learning_rate': 3.2925423905128475e-05, 'epoch': 6.91}
{'loss': 0.3751, 'learning_rate': 3.28821231665453e-05, 'epoch': 6.92}
{'loss': 0.3818, 'learning_rate': 3.283882242796214e-05, 'epoch': 6.92}
{'loss': 0.3675, 'learning_rate': 3.279552168937897e-05, 'epoch': 6.93}
{'loss': 0.3885, 'learning_rate': 3.2752220950795794e-05, 'epoch': 6.93}
{'loss': 0.3818, 'learning_rate': 3.2708920212212635e-05, 'epoch': 6.93}
{'loss': 0.3935, 'learning_rate': 3.266561947362947e-05, 'epoch': 6.94}
{'loss': 0.3598, 'learning_rate': 3.262231873504629e-05, 'epoch': 6.94}
{'loss': 0.3561, 'learning_rate': 3.2579017996463126e-05, 'epoch': 6.95}
{'loss': 0.3577, 'learning_rate': 3.253571725787996e-05, 'epoch': 6.95}
{'loss': 0.3488, 'learning_rate': 3.249241651929679e-05, 'epoch': 6.95}
{'loss': 0.3726, 'learning_rate': 3.2449115780713624e-05, 'epoch': 6.96}
{'loss': 0.3448, 'learning_rate': 3.2405815042130445e-05, 'epoch': 6.96}
{'loss': 0.3412, 'learning_rate': 3.236251430354728e-05, 'epoch': 6.97}
{'loss': 0.3721, 'learning_rate': 3.231921356496412e-05, 'epoch': 6.97}
{'loss': 0.3493, 'learning_rate': 3.227591282638094e-05, 'epoch': 6.98}
{'loss': 0.3782, 'learning_rate': 3.223261208779778e-05, 'epoch': 6.98}
{'loss': 0.3591, 'learning_rate': 3.218931134921461e-05, 'epoch': 6.98}
{'loss': 0.3736, 'learning_rate': 3.214601061063144e-05, 'epoch': 6.99}
{'loss': 0.3836, 'learning_rate': 3.2102709872048274e-05, 'epoch': 6.99}
{'loss': 0.3558, 'learning_rate': 3.206027514823677e-05, 'epoch': 7.0}
{'loss': 0.3623, 'learning_rate': 3.20169744096536e-05, 'epoch': 7.0}
[INFO|trainer.py:520] 2026-10-04 17:25:31,960 >> The following columns in the evaluation set  don't have a corresponding argument in `PETLEncModel.forward` and have been ignored: hypothesis, premise, idx.
[INFO|trainer.py:2179] 2026-10-04 17:25:31,962 >> ***** Running Evaluation *****
[INFO|trainer.py:2181] 2026-10-04 17:25:31,962 >>   Num examples = 9815
[INFO|trainer.py:2184] 2026-10-04 17:25:31,962 >>   Batch size = 32
{'eval_loss': 0.35606515407562256, 'eval_accuracy': 0.8679572083545594, 'eval_runtime': 9.9843, 'eval_samples_per_second': 983.045, 'eval_steps_per_second': 30.748, 'epoch': 7.0}
[INFO|trainer.py:1933] 2026-10-04 17:25:41,947 >> Saving model checkpoint to checkpoints/glue/mnli/20261004/glue.mnli.mam.am_prefix.ao_concat.fm_adapter.fo_parallel.abn.fbn.ac_add.fl_none.finit_lora.fs_2.unfrz_ef_.ne10.warm0.06.wd0.1.seed8./checkpoint-85904
[INFO|configuration_utils.py:364] 2026-10-04 17:25:41,948 >> Configuration saved in checkpoints/glue/mnli/20261004/glue.mnli.mam.am_prefix.ao_concat.fm_adapter.fo_parallel.abn.fbn.ac_add.fl_none.finit_lora.fs_2.unfrz_ef_.ne10.warm0.06.wd0.1.seed8./checkpoint-85904/config.json
[INFO|modeling_utils.py:898] 2026-10-04 17:25:42,427 >> Model weights saved in checkpoints/glue/mnli/20261004/glue.mnli.mam.am_prefix.ao_concat.fm_adapter.fo_parallel.abn.fbn.ac_add.fl_none.finit_lora.fs_2.unfrz_ef_.ne10.warm0.06.wd0.1.seed8./checkpoint-85904/pytorch_model.bin
[INFO|tokenization_utils_base.py:1948] 2026-10-04 17:25:42,429 >> tokenizer config file saved in checkpoints/glue/mnli/20261004/glue.mnli.mam.am_prefix.ao_concat.fm_adapter.fo_parallel.abn.fbn.ac_add.fl_none.finit_lora.fs_2.unfrz_ef_.ne10.warm0.06.wd0.1.seed8./checkpoint-85904/tokenizer_config.json
[INFO|tokenization_utils_base.py:1954] 2026-10-04 17:25:42,432 >> Special tokens file saved in checkpoints/glue/mnli/20261004/glue.mnli.mam.am_prefix.ao_concat.fm_adapter.fo_parallel.abn.fbn.ac_add.fl_none.finit_lora.fs_2.unfrz_ef_.ne10.warm0.06.wd0.1.seed8./checkpoint-85904/special_tokens_map.json
[INFO|trainer.py:2009] 2026-10-04 17:25:42,635 >> Deleting older checkpoint [checkpoints/glue/mnli/20261004/glue.mnli.mam.am_prefix.ao_concat.fm_adapter.fo_parallel.abn.fbn.ac_add.fl_none.finit_lora.fs_2.unfrz_ef_.ne10.warm0.06.wd0.1.seed8./checkpoint-61360] due to args.save_total_limit
/work/unify-parameter-efficient-tuning/src/transformers/trainer.py:1784: FutureWarning: `torch.cuda.amp.autocast(args...)` is deprecated. Please use `torch.amp.autocast('cuda', args...)` instead.
  with autocast():
{'loss': 0.3387, 'learning_rate': 3.197367367107043e-05, 'epoch': 7.0}
{'loss': 0.3387, 'learning_rate': 3.1930372932487254e-05, 'epoch': 7.01}
{'loss': 0.3786, 'learning_rate': 3.188707219390409e-05, 'epoch': 7.01}
{'loss': 0.3659, 'learning_rate': 3.184377145532092e-05, 'epoch': 7.02}
{'loss': 0.3075, 'learning_rate': 3.180047071673775e-05, 'epoch': 7.02}
{'loss': 0.3622, 'learning_rate': 3.1757169978154586e-05, 'epoch': 7.02}
{'loss': 0.3497, 'learning_rate': 3.171386923957142e-05, 'epoch': 7.03}
{'loss': 0.3898, 'learning_rate': 3.167056850098824e-05, 'epoch': 7.03}
{'loss': 0.3559, 'learning_rate': 3.1627267762405083e-05, 'epoch': 7.04}
{'loss': 0.3505, 'learning_rate': 3.158396702382192e-05, 'epoch': 7.04}
{'loss': 0.3317, 'learning_rate': 3.154066628523874e-05, 'epoch': 7.04}
{'loss': 0.3709, 'learning_rate': 3.1497365546655574e-05, 'epoch': 7.05}
{'loss': 0.3644, 'learning_rate': 3.145406480807241e-05, 'epoch': 7.05}
{'loss': 0.372, 'learning_rate': 3.141076406948924e-05, 'epoch': 7.06}
{'loss': 0.3301, 'learning_rate': 3.136746333090607e-05, 'epoch': 7.06}
{'loss': 0.3559, 'learning_rate': 3.132416259232289e-05, 'epoch': 7.06}
{'loss': 0.3791, 'learning_rate': 3.128086185373973e-05, 'epoch': 7.07}
{'loss': 0.3868, 'learning_rate': 3.123756111515656e-05, 'epoch': 7.07}
{'loss': 0.3549, 'learning_rate': 3.119426037657339e-05, 'epoch': 7.08}
{'loss': 0.3337, 'learning_rate': 3.1150959637990225e-05, 'epoch': 7.08}
{'loss': 0.3608, 'learning_rate': 3.110765889940706e-05, 'epoch': 7.09}
{'loss': 0.3523, 'learning_rate': 3.106435816082389e-05, 'epoch': 7.09}
{'loss': 0.3507, 'learning_rate': 3.102105742224072e-05, 'epoch': 7.09}
{'loss': 0.3405, 'learning_rate': 3.097775668365756e-05, 'epoch': 7.1}
{'loss': 0.3719, 'learning_rate': 3.093445594507438e-05, 'epoch': 7.1}
{'loss': 0.3489, 'learning_rate': 3.089115520649121e-05, 'epoch': 7.11}
{'loss': 0.3542, 'learning_rate': 3.084785446790804e-05, 'epoch': 7.11}
{'loss': 0.3335, 'learning_rate': 3.0804553729324876e-05, 'epoch': 7.11}
{'loss': 0.3326, 'learning_rate': 3.076125299074171e-05, 'epoch': 7.12}
{'loss': 0.319, 'learning_rate': 3.071795225215853e-05, 'epoch': 7.12}
{'loss': 0.3664, 'learning_rate': 3.067465151357537e-05, 'epoch': 7.13}
{'loss': 0.3732, 'learning_rate': 3.063135077499221e-05, 'epoch': 7.13}
{'loss': 0.3343, 'learning_rate': 3.058805003640903e-05, 'epoch': 7.13}
{'loss': 0.3701, 'learning_rate': 3.0544749297825864e-05, 'epoch': 7.14}
{'loss': 0.3363, 'learning_rate': 3.0501448559242696e-05, 'epoch': 7.14}
{'loss': 0.3808, 'learning_rate': 3.045814782065952e-05, 'epoch': 7.15}
{'loss': 0.3422, 'learning_rate': 3.041484708207635e-05, 'epoch': 7.15}
{'loss': 0.3372, 'learning_rate': 3.037154634349318e-05, 'epoch': 7.15}
{'loss': 0.3899, 'learning_rate': 3.032911161968168e-05, 'epoch': 7.16}
{'loss': 0.3402, 'learning_rate': 3.0285810881098513e-05, 'epoch': 7.16}
{'loss': 0.3659, 'learning_rate': 3.024251014251534e-05, 'epoch': 7.17}
{'loss': 0.3409, 'learning_rate': 3.0199209403932176e-05, 'epoch': 7.17}
{'loss': 0.3707, 'learning_rate': 3.0155908665349007e-05, 'epoch': 7.17}
{'loss': 0.3585, 'learning_rate': 3.0112607926765835e-05, 'epoch': 7.18}
{'loss': 0.366, 'learning_rate': 3.006930718818267e-05, 'epoch': 7.18}
{'loss': 0.3348, 'learning_rate': 3.0026006449599505e-05, 'epoch': 7.19}
{'loss': 0.3474, 'learning_rate': 2.998270571101633e-05, 'epoch': 7.19}
{'loss': 0.3483, 'learning_rate': 2.9939404972433167e-05, 'epoch': 7.2}
{'loss': 0.3687, 'learning_rate': 2.989610423385e-05, 'epoch': 7.2}
{'loss': 0.3419, 'learning_rate': 2.9852803495266823e-05, 'epoch': 7.2}
{'loss': 0.3757, 'learning_rate': 2.980950275668366e-05, 'epoch': 7.21}
{'loss': 0.3151, 'learning_rate': 2.976620201810048e-05, 'epoch': 7.21}
{'loss': 0.3576, 'learning_rate': 2.9722901279517317e-05, 'epoch': 7.22}
{'loss': 0.3259, 'learning_rate': 2.9679600540934156e-05, 'epoch': 7.22}
{'loss': 0.3235, 'learning_rate': 2.963629980235098e-05, 'epoch': 7.22}
{'loss': 0.3914, 'learning_rate': 2.959299906376781e-05, 'epoch': 7.23}
{'loss': 0.3775, 'learning_rate': 2.954969832518465e-05, 'epoch': 7.23}
{'loss': 0.3652, 'learning_rate': 2.9506397586601474e-05, 'epoch': 7.24}
{'loss': 0.3632, 'learning_rate': 2.9463096848018306e-05, 'epoch': 7.24}
{'loss': 0.3684, 'learning_rate': 2.9419796109435144e-05, 'epoch': 7.24}
{'loss': 0.3482, 'learning_rate': 2.937649537085197e-05, 'epoch': 7.25}
{'loss': 0.3573, 'learning_rate': 2.93331946322688e-05, 'epoch': 7.25}
{'loss': 0.3907, 'learning_rate': 2.9289893893685628e-05, 'epoch': 7.26}
{'loss': 0.3497, 'learning_rate': 2.9246593155102463e-05, 'epoch': 7.26}
{'loss': 0.3677, 'learning_rate': 2.92032924165193e-05, 'epoch': 7.26}
{'loss': 0.3568, 'learning_rate': 2.9159991677936122e-05, 'epoch': 7.27}
{'loss': 0.3547, 'learning_rate': 2.911669093935296e-05, 'epoch': 7.27}
{'loss': 0.3707, 'learning_rate': 2.9073390200769795e-05, 'epoch': 7.28}
{'loss': 0.3705, 'learning_rate': 2.9030089462186623e-05, 'epoch': 7.28}
{'loss': 0.3646, 'learning_rate': 2.8986788723603454e-05, 'epoch': 7.28}
{'loss': 0.3503, 'learning_rate': 2.894348798502029e-05, 'epoch': 7.29}
{'loss': 0.3481, 'learning_rate': 2.8900187246437117e-05, 'epoch': 7.29}
{'loss': 0.3469, 'learning_rate': 2.8856886507853948e-05, 'epoch': 7.3}
{'loss': 0.363, 'learning_rate': 2.8813585769270783e-05, 'epoch': 7.3}
{'loss': 0.3324, 'learning_rate': 2.8770285030687604e-05, 'epoch': 7.31}
{'loss': 0.3591, 'learning_rate': 2.8726984292104442e-05, 'epoch': 7.31}
{'loss': 0.3458, 'learning_rate': 2.8683683553521267e-05, 'epoch': 7.31}
{'loss': 0.3488, 'learning_rate': 2.8640382814938105e-05, 'epoch': 7.32}
{'loss': 0.354, 'learning_rate': 2.8597948091126604e-05, 'epoch': 7.32}
{'loss': 0.3648, 'learning_rate': 2.855464735254342e-05, 'epoch': 7.33}
{'loss': 0.3557, 'learning_rate': 2.8511346613960267e-05, 'epoch': 7.33}
{'loss': 0.3657, 'learning_rate': 2.8468045875377098e-05, 'epoch': 7.33}
{'loss': 0.3358, 'learning_rate': 2.8424745136793922e-05, 'epoch': 7.34}
{'loss': 0.375, 'learning_rate': 2.8381444398210754e-05, 'epoch': 7.34}
{'loss': 0.3554, 'learning_rate': 2.8338143659627592e-05, 'epoch': 7.35}
{'loss': 0.379, 'learning_rate': 2.8294842921044417e-05, 'epoch': 7.35}
{'loss': 0.3629, 'learning_rate': 2.8251542182461248e-05, 'epoch': 7.35}
{'loss': 0.329, 'learning_rate': 2.8208241443878076e-05, 'epoch': 7.36}
{'loss': 0.3761, 'learning_rate': 2.816494070529491e-05, 'epoch': 7.36}
{'loss': 0.3446, 'learning_rate': 2.8121639966711742e-05, 'epoch': 7.37}
{'loss': 0.3256, 'learning_rate': 2.807833922812857e-05, 'epoch': 7.37}
{'loss': 0.3191, 'learning_rate': 2.8035038489545408e-05, 'epoch': 7.37}
{'loss': 0.3989, 'learning_rate': 2.7991737750962243e-05, 'epoch': 7.38}
{'loss': 0.3603, 'learning_rate': 2.794843701237907e-05, 'epoch': 7.38}
{'loss': 0.3677, 'learning_rate': 2.7905136273795902e-05, 'epoch': 7.39}
{'loss': 0.3554, 'learning_rate': 2.7861835535212737e-05, 'epoch': 7.39}
{'loss': 0.3457, 'learning_rate': 2.7818534796629565e-05, 'epoch': 7.39}
{'loss': 0.3709, 'learning_rate': 2.7775234058046396e-05, 'epoch': 7.4}
{'loss': 0.3339, 'learning_rate': 2.773193331946323e-05, 'epoch': 7.4}
{'loss': 0.3205, 'learning_rate': 2.768863258088006e-05, 'epoch': 7.41}
{'loss': 0.325, 'learning_rate': 2.764533184229689e-05, 'epoch': 7.41}
{'loss': 0.338, 'learning_rate': 2.7602031103713715e-05, 'epoch': 7.42}
{'loss': 0.3912, 'learning_rate': 2.7558730365130546e-05, 'epoch': 7.42}
{'loss': 0.3291, 'learning_rate': 2.751542962654739e-05, 'epoch': 7.42}
{'loss': 0.3518, 'learning_rate': 2.747212888796421e-05, 'epoch': 7.43}
{'loss': 0.3502, 'learning_rate': 2.7428828149381047e-05, 'epoch': 7.43}
{'loss': 0.3826, 'learning_rate': 2.7385527410797885e-05, 'epoch': 7.44}
{'loss': 0.3472, 'learning_rate': 2.7342226672214703e-05, 'epoch': 7.44}
{'loss': 0.3394, 'learning_rate': 2.729892593363154e-05, 'epoch': 7.44}
{'loss': 0.3651, 'learning_rate': 2.725562519504838e-05, 'epoch': 7.45}
{'loss': 0.3279, 'learning_rate': 2.72123244564652e-05, 'epoch': 7.45}
{'loss': 0.367, 'learning_rate': 2.7169023717882036e-05, 'epoch': 7.46}
{'loss': 0.3464, 'learning_rate': 2.7125722979298863e-05, 'epoch': 7.46}
{'loss': 0.3487, 'learning_rate': 2.7082422240715695e-05, 'epoch': 7.46}
{'loss': 0.3594, 'learning_rate': 2.703912150213253e-05, 'epoch': 7.47}
{'loss': 0.3669, 'learning_rate': 2.6995820763549358e-05, 'epoch': 7.47}
{'loss': 0.3617, 'learning_rate': 2.6952520024966192e-05, 'epoch': 7.48}
{'loss': 0.3046, 'learning_rate': 2.6909219286383024e-05, 'epoch': 7.48}
{'loss': 0.3464, 'learning_rate': 2.6866784562571512e-05, 'epoch': 7.48}
{'loss': 0.384, 'learning_rate': 2.682348382398835e-05, 'epoch': 7.49}
{'loss': 0.372, 'learning_rate': 2.6780183085405185e-05, 'epoch': 7.49}
{'loss': 0.3468, 'learning_rate': 2.6736882346822013e-05, 'epoch': 7.5}
{'loss': 0.3713, 'learning_rate': 2.6693581608238845e-05, 'epoch': 7.5}
{'loss': 0.3555, 'learning_rate': 2.665028086965568e-05, 'epoch': 7.5}
{'loss': 0.3705, 'learning_rate': 2.6606980131072507e-05, 'epoch': 7.51}
{'loss': 0.3774, 'learning_rate': 2.656367939248934e-05, 'epoch': 7.51}
{'loss': 0.3435, 'learning_rate': 2.6520378653906163e-05, 'epoch': 7.52}
{'loss': 0.3274, 'learning_rate': 2.6477077915322995e-05, 'epoch': 7.52}
{'loss': 0.3716, 'learning_rate': 2.6433777176739833e-05, 'epoch': 7.53}
{'loss': 0.3842, 'learning_rate': 2.6390476438156657e-05, 'epoch': 7.53}
{'loss': 0.3701, 'learning_rate': 2.6347175699573495e-05, 'epoch': 7.53}
{'loss': 0.3671, 'learning_rate': 2.6303874960990334e-05, 'epoch': 7.54}
{'loss': 0.3535, 'learning_rate': 2.626057422240715e-05, 'epoch': 7.54}
{'loss': 0.3616, 'learning_rate': 2.621727348382399e-05, 'epoch': 7.55}
{'loss': 0.3492, 'learning_rate': 2.6173972745240828e-05, 'epoch': 7.55}
{'loss': 0.3312, 'learning_rate': 2.6130672006657646e-05, 'epoch': 7.55}
{'loss': 0.3614, 'learning_rate': 2.6087371268074484e-05, 'epoch': 7.56}
{'loss': 0.3397, 'learning_rate': 2.604407052949131e-05, 'epoch': 7.56}
{'loss': 0.3668, 'learning_rate': 2.6000769790908143e-05, 'epoch': 7.57}
{'loss': 0.3812, 'learning_rate': 2.5957469052324978e-05, 'epoch': 7.57}
{'loss': 0.3447, 'learning_rate': 2.5914168313741806e-05, 'epoch': 7.57}
{'loss': 0.3906, 'learning_rate': 2.5870867575158637e-05, 'epoch': 7.58}
{'loss': 0.3508, 'learning_rate': 2.5827566836575472e-05, 'epoch': 7.58}
{'loss': 0.3615, 'learning_rate': 2.57842660979923e-05, 'epoch': 7.59}
{'loss': 0.3364, 'learning_rate': 2.5740965359409135e-05, 'epoch': 7.59}
{'loss': 0.3824, 'learning_rate': 2.5697664620825966e-05, 'epoch': 7.59}
{'loss': 0.3809, 'learning_rate': 2.5654363882242794e-05, 'epoch': 7.6}
{'loss': 0.3628, 'learning_rate': 2.5611063143659632e-05, 'epoch': 7.6}
{'loss': 0.3557, 'learning_rate': 2.556776240507645e-05, 'epoch': 7.61}
{'loss': 0.3605, 'learning_rate': 2.5524461666493288e-05, 'epoch': 7.61}
{'loss': 0.3524, 'learning_rate': 2.5481160927910126e-05, 'epoch': 7.61}
{'loss': 0.3678, 'learning_rate': 2.5437860189326944e-05, 'epoch': 7.62}
{'loss': 0.3412, 'learning_rate': 2.5394559450743782e-05, 'epoch': 7.62}
{'loss': 0.3663, 'learning_rate': 2.535125871216062e-05, 'epoch': 7.63}
{'loss': 0.3183, 'learning_rate': 2.5307957973577445e-05, 'epoch': 7.63}
{'loss': 0.3484, 'learning_rate': 2.5264657234994283e-05, 'epoch': 7.64}
{'loss': 0.3562, 'learning_rate': 2.5221356496411114e-05, 'epoch': 7.64}
{'loss': 0.3441, 'learning_rate': 2.517805575782794e-05, 'epoch': 7.64}
{'loss': 0.3642, 'learning_rate': 2.5135621034016438e-05, 'epoch': 7.65}
{'loss': 0.3718, 'learning_rate': 2.5092320295433276e-05, 'epoch': 7.65}
{'loss': 0.3868, 'learning_rate': 2.5049019556850094e-05, 'epoch': 7.66}
{'loss': 0.3439, 'learning_rate': 2.5005718818266932e-05, 'epoch': 7.66}
{'loss': 0.3435, 'learning_rate': 2.4962418079683756e-05, 'epoch': 7.66}
{'loss': 0.336, 'learning_rate': 2.491911734110059e-05, 'epoch': 7.67}
{'loss': 0.3515, 'learning_rate': 2.4875816602517426e-05, 'epoch': 7.67}
{'loss': 0.3596, 'learning_rate': 2.483251586393425e-05, 'epoch': 7.68}
{'loss': 0.3671, 'learning_rate': 2.4789215125351085e-05, 'epoch': 7.68}
{'loss': 0.3594, 'learning_rate': 2.4745914386767923e-05, 'epoch': 7.68}
{'loss': 0.3669, 'learning_rate': 2.4702613648184745e-05, 'epoch': 7.69}
{'loss': 0.3422, 'learning_rate': 2.4659312909601583e-05, 'epoch': 7.69}
{'loss': 0.3847, 'learning_rate': 2.4616012171018418e-05, 'epoch': 7.7}
{'loss': 0.3506, 'learning_rate': 2.4572711432435242e-05, 'epoch': 7.7}
{'loss': 0.3503, 'learning_rate': 2.4529410693852077e-05, 'epoch': 7.7}
{'loss': 0.3737, 'learning_rate': 2.44861099552689e-05, 'epoch': 7.71}
{'loss': 0.326, 'learning_rate': 2.4442809216685736e-05, 'epoch': 7.71}
{'loss': 0.3713, 'learning_rate': 2.439950847810257e-05, 'epoch': 7.72}
{'loss': 0.3495, 'learning_rate': 2.4356207739519396e-05, 'epoch': 7.72}
{'loss': 0.375, 'learning_rate': 2.431290700093623e-05, 'epoch': 7.72}
{'loss': 0.3525, 'learning_rate': 2.4269606262353065e-05, 'epoch': 7.73}
{'loss': 0.3495, 'learning_rate': 2.422630552376989e-05, 'epoch': 7.73}
{'loss': 0.3382, 'learning_rate': 2.4183004785186728e-05, 'epoch': 7.74}
{'loss': 0.3442, 'learning_rate': 2.4139704046603563e-05, 'epoch': 7.74}
{'loss': 0.3575, 'learning_rate': 2.4096403308020387e-05, 'epoch': 7.75}
{'loss': 0.339, 'learning_rate': 2.4053102569437222e-05, 'epoch': 7.75}
{'loss': 0.3732, 'learning_rate': 2.4009801830854057e-05, 'epoch': 7.75}
{'loss': 0.3413, 'learning_rate': 2.396650109227088e-05, 'epoch': 7.76}
{'loss': 0.3414, 'learning_rate': 2.3923200353687716e-05, 'epoch': 7.76}
{'loss': 0.3185, 'learning_rate': 2.387989961510454e-05, 'epoch': 7.77}
{'loss': 0.3254, 'learning_rate': 2.3836598876521375e-05, 'epoch': 7.77}
{'loss': 0.38, 'learning_rate': 2.379329813793821e-05, 'epoch': 7.77}
{'loss': 0.3257, 'learning_rate': 2.3749997399355035e-05, 'epoch': 7.78}
{'loss': 0.3693, 'learning_rate': 2.370669666077187e-05, 'epoch': 7.78}
{'loss': 0.3804, 'learning_rate': 2.3664261936960368e-05, 'epoch': 7.79}
{'loss': 0.3227, 'learning_rate': 2.3620961198377193e-05, 'epoch': 7.79}
{'loss': 0.3381, 'learning_rate': 2.3577660459794028e-05, 'epoch': 7.79}
{'loss': 0.3328, 'learning_rate': 2.3534359721210866e-05, 'epoch': 7.8}
{'loss': 0.3725, 'learning_rate': 2.349105898262769e-05, 'epoch': 7.8}
{'loss': 0.3541, 'learning_rate': 2.3447758244044525e-05, 'epoch': 7.81}
{'loss': 0.3562, 'learning_rate': 2.340445750546135e-05, 'epoch': 7.81}
{'loss': 0.3681, 'learning_rate': 2.3361156766878184e-05, 'epoch': 7.81}
{'loss': 0.3731, 'learning_rate': 2.331785602829502e-05, 'epoch': 7.82}
{'loss': 0.3698, 'learning_rate': 2.3274555289711844e-05, 'epoch': 7.82}
{'loss': 0.375, 'learning_rate': 2.323125455112868e-05, 'epoch': 7.83}
{'loss': 0.3662, 'learning_rate': 2.3187953812545513e-05, 'epoch': 7.83}
{'loss': 0.3588, 'learning_rate': 2.3144653073962338e-05, 'epoch': 7.83}
{'loss': 0.3276, 'learning_rate': 2.3101352335379173e-05, 'epoch': 7.84}
{'loss': 0.3716, 'learning_rate': 2.305805159679601e-05, 'epoch': 7.84}
{'loss': 0.3566, 'learning_rate': 2.3014750858212835e-05, 'epoch': 7.85}
{'loss': 0.3645, 'learning_rate': 2.297145011962967e-05, 'epoch': 7.85}
{'loss': 0.3625, 'learning_rate': 2.2928149381046505e-05, 'epoch': 7.86}
{'loss': 0.372, 'learning_rate': 2.288484864246333e-05, 'epoch': 7.86}
{'loss': 0.3506, 'learning_rate': 2.2841547903880164e-05, 'epoch': 7.86}
{'loss': 0.351, 'learning_rate': 2.279824716529699e-05, 'epoch': 7.87}
{'loss': 0.375, 'learning_rate': 2.2754946426713824e-05, 'epoch': 7.87}
{'loss': 0.3356, 'learning_rate': 2.271164568813066e-05, 'epoch': 7.88}
{'loss': 0.3732, 'learning_rate': 2.2668344949547483e-05, 'epoch': 7.88}
{'loss': 0.3528, 'learning_rate': 2.2625044210964318e-05, 'epoch': 7.88}
{'loss': 0.3387, 'learning_rate': 2.2581743472381156e-05, 'epoch': 7.89}
{'loss': 0.3513, 'learning_rate': 2.2538442733797977e-05, 'epoch': 7.89}
{'loss': 0.3566, 'learning_rate': 2.2495141995214815e-05, 'epoch': 7.9}
{'loss': 0.359, 'learning_rate': 2.245184125663165e-05, 'epoch': 7.9}
{'loss': 0.3764, 'learning_rate': 2.2408540518048474e-05, 'epoch': 7.9}
{'loss': 0.3345, 'learning_rate': 2.236523977946531e-05, 'epoch': 7.91}
{'loss': 0.3723, 'learning_rate': 2.2321939040882134e-05, 'epoch': 7.91}
{'loss': 0.3459, 'learning_rate': 2.227863830229897e-05, 'epoch': 7.92}
{'loss': 0.358, 'learning_rate': 2.2235337563715803e-05, 'epoch': 7.92}
{'loss': 0.3593, 'learning_rate': 2.2192036825132628e-05, 'epoch': 7.92}
{'loss': 0.3205, 'learning_rate': 2.2148736086549463e-05, 'epoch': 7.93}
{'loss': 0.4021, 'learning_rate': 2.2105435347966297e-05, 'epoch': 7.93}
{'loss': 0.3317, 'learning_rate': 2.2062134609383122e-05, 'epoch': 7.94}
{'loss': 0.3728, 'learning_rate': 2.201883387079996e-05, 'epoch': 7.94}
{'loss': 0.3496, 'learning_rate': 2.1975533132216795e-05, 'epoch': 7.94}
{'loss': 0.3473, 'learning_rate': 2.193223239363362e-05, 'epoch': 7.95}
{'loss': 0.3732, 'learning_rate': 2.1888931655050454e-05, 'epoch': 7.95}
{'loss': 0.3637, 'learning_rate': 2.184563091646728e-05, 'epoch': 7.96}
{'loss': 0.3724, 'learning_rate': 2.1802330177884114e-05, 'epoch': 7.96}
{'loss': 0.3595, 'learning_rate': 2.175902943930095e-05, 'epoch': 7.97}
{'loss': 0.3845, 'learning_rate': 2.1715728700717773e-05, 'epoch': 7.97}
{'loss': 0.3375, 'learning_rate': 2.1672427962134608e-05, 'epoch': 7.97}
{'loss': 0.3814, 'learning_rate': 2.1629127223551442e-05, 'epoch': 7.98}
{'loss': 0.3739, 'learning_rate': 2.1585826484968267e-05, 'epoch': 7.98}
{'loss': 0.3563, 'learning_rate': 2.1542525746385102e-05, 'epoch': 7.99}
{'loss': 0.3971, 'learning_rate': 2.149922500780194e-05, 'epoch': 7.99}
{'loss': 0.3528, 'learning_rate': 2.1455924269218765e-05, 'epoch': 7.99}
{'loss': 0.3727, 'learning_rate': 2.14126235306356e-05, 'epoch': 8.0}
[INFO|trainer.py:520] 2026-10-04 17:31:57,835 >> The following columns in the evaluation set  don't have a corresponding argument in `PETLEncModel.forward` and have been ignored: hypothesis, premise, idx.
[INFO|trainer.py:2179] 2026-10-04 17:31:57,837 >> ***** Running Evaluation *****
[INFO|trainer.py:2181] 2026-10-04 17:31:57,837 >>   Num examples = 9815
[INFO|trainer.py:2184] 2026-10-04 17:31:57,837 >>   Batch size = 32
{'eval_loss': 0.35354697704315186, 'eval_accuracy': 0.869077941925624, 'eval_runtime': 10.0633, 'eval_samples_per_second': 975.322, 'eval_steps_per_second': 30.507, 'epoch': 8.0}
[INFO|trainer.py:1933] 2026-10-04 17:32:07,915 >> Saving model checkpoint to checkpoints/glue/mnli/20261004/glue.mnli.mam.am_prefix.ao_concat.fm_adapter.fo_parallel.abn.fbn.ac_add.fl_none.finit_lora.fs_2.unfrz_ef_.ne10.warm0.06.wd0.1.seed8./checkpoint-98176
[INFO|configuration_utils.py:364] 2026-10-04 17:32:07,917 >> Configuration saved in checkpoints/glue/mnli/20261004/glue.mnli.mam.am_prefix.ao_concat.fm_adapter.fo_parallel.abn.fbn.ac_add.fl_none.finit_lora.fs_2.unfrz_ef_.ne10.warm0.06.wd0.1.seed8./checkpoint-98176/config.json
[INFO|modeling_utils.py:898] 2026-10-04 17:32:08,346 >> Model weights saved in checkpoints/glue/mnli/20261004/glue.mnli.mam.am_prefix.ao_concat.fm_adapter.fo_parallel.abn.fbn.ac_add.fl_none.finit_lora.fs_2.unfrz_ef_.ne10.warm0.06.wd0.1.seed8./checkpoint-98176/pytorch_model.bin
[INFO|tokenization_utils_base.py:1948] 2026-10-04 17:32:08,347 >> tokenizer config file saved in checkpoints/glue/mnli/20261004/glue.mnli.mam.am_prefix.ao_concat.fm_adapter.fo_parallel.abn.fbn.ac_add.fl_none.finit_lora.fs_2.unfrz_ef_.ne10.warm0.06.wd0.1.seed8./checkpoint-98176/tokenizer_config.json
[INFO|tokenization_utils_base.py:1954] 2026-10-04 17:32:08,348 >> Special tokens file saved in checkpoints/glue/mnli/20261004/glue.mnli.mam.am_prefix.ao_concat.fm_adapter.fo_parallel.abn.fbn.ac_add.fl_none.finit_lora.fs_2.unfrz_ef_.ne10.warm0.06.wd0.1.seed8./checkpoint-98176/special_tokens_map.json
[INFO|trainer.py:2009] 2026-10-04 17:32:08,510 >> Deleting older checkpoint [checkpoints/glue/mnli/20261004/glue.mnli.mam.am_prefix.ao_concat.fm_adapter.fo_parallel.abn.fbn.ac_add.fl_none.finit_lora.fs_2.unfrz_ef_.ne10.warm0.06.wd0.1.seed8./checkpoint-73632] due to args.save_total_limit
/work/unify-parameter-efficient-tuning/src/transformers/trainer.py:1784: FutureWarning: `torch.cuda.amp.autocast(args...)` is deprecated. Please use `torch.amp.autocast('cuda', args...)` instead.
  with autocast():
{'loss': 0.3255, 'learning_rate': 2.1369322792052434e-05, 'epoch': 8.0}
{'loss': 0.3268, 'learning_rate': 2.132602205346926e-05, 'epoch': 8.01}
{'loss': 0.3701, 'learning_rate': 2.1282721314886093e-05, 'epoch': 8.01}
{'loss': 0.3458, 'learning_rate': 2.1239420576302918e-05, 'epoch': 8.01}
{'loss': 0.3535, 'learning_rate': 2.1196985852491417e-05, 'epoch': 8.02}
{'loss': 0.3359, 'learning_rate': 2.115368511390825e-05, 'epoch': 8.02}
{'loss': 0.3448, 'learning_rate': 2.1110384375325076e-05, 'epoch': 8.03}
{'loss': 0.3452, 'learning_rate': 2.106708363674191e-05, 'epoch': 8.03}
{'loss': 0.3421, 'learning_rate': 2.1023782898158746e-05, 'epoch': 8.03}
{'loss': 0.3638, 'learning_rate': 2.098048215957557e-05, 'epoch': 8.04}
{'loss': 0.3581, 'learning_rate': 2.0937181420992405e-05, 'epoch': 8.04}
{'loss': 0.3375, 'learning_rate': 2.0893880682409243e-05, 'epoch': 8.05}
{'loss': 0.3404, 'learning_rate': 2.0850579943826064e-05, 'epoch': 8.05}
{'loss': 0.3716, 'learning_rate': 2.0807279205242902e-05, 'epoch': 8.05}
{'loss': 0.375, 'learning_rate': 2.0763978466659727e-05, 'epoch': 8.06}
{'loss': 0.3321, 'learning_rate': 2.0720677728076562e-05, 'epoch': 8.06}
{'loss': 0.3379, 'learning_rate': 2.0677376989493397e-05, 'epoch': 8.07}
{'loss': 0.3651, 'learning_rate': 2.063407625091022e-05, 'epoch': 8.07}
{'loss': 0.3308, 'learning_rate': 2.0590775512327056e-05, 'epoch': 8.08}
{'loss': 0.3331, 'learning_rate': 2.054747477374389e-05, 'epoch': 8.08}
{'loss': 0.3507, 'learning_rate': 2.0504174035160715e-05, 'epoch': 8.08}
{'loss': 0.3701, 'learning_rate': 2.046087329657755e-05, 'epoch': 8.09}
{'loss': 0.3257, 'learning_rate': 2.0417572557994385e-05, 'epoch': 8.09}
{'loss': 0.3461, 'learning_rate': 2.037427181941121e-05, 'epoch': 8.1}
{'loss': 0.3397, 'learning_rate': 2.0330971080828047e-05, 'epoch': 8.1}
{'loss': 0.3471, 'learning_rate': 2.0287670342244882e-05, 'epoch': 8.1}
{'loss': 0.3644, 'learning_rate': 2.0244369603661707e-05, 'epoch': 8.11}
{'loss': 0.3557, 'learning_rate': 2.020106886507854e-05, 'epoch': 8.11}
{'loss': 0.3379, 'learning_rate': 2.0157768126495366e-05, 'epoch': 8.12}
{'loss': 0.3443, 'learning_rate': 2.01144673879122e-05, 'epoch': 8.12}
{'loss': 0.3568, 'learning_rate': 2.0071166649329036e-05, 'epoch': 8.12}
{'loss': 0.3734, 'learning_rate': 2.002786591074586e-05, 'epoch': 8.13}
{'loss': 0.3223, 'learning_rate': 1.9984565172162695e-05, 'epoch': 8.13}
{'loss': 0.3353, 'learning_rate': 1.994126443357953e-05, 'epoch': 8.14}
{'loss': 0.3476, 'learning_rate': 1.9897963694996354e-05, 'epoch': 8.14}
{'loss': 0.3241, 'learning_rate': 1.9854662956413193e-05, 'epoch': 8.14}
{'loss': 0.3338, 'learning_rate': 1.9811362217830027e-05, 'epoch': 8.15}
{'loss': 0.3406, 'learning_rate': 1.9768061479246852e-05, 'epoch': 8.15}
{'loss': 0.349, 'learning_rate': 1.9724760740663687e-05, 'epoch': 8.16}
{'loss': 0.3561, 'learning_rate': 1.968146000208051e-05, 'epoch': 8.16}
{'loss': 0.369, 'learning_rate': 1.9638159263497346e-05, 'epoch': 8.16}
{'loss': 0.3662, 'learning_rate': 1.959485852491418e-05, 'epoch': 8.17}
{'loss': 0.3531, 'learning_rate': 1.9551557786331005e-05, 'epoch': 8.17}
{'loss': 0.3341, 'learning_rate': 1.950825704774784e-05, 'epoch': 8.18}
{'loss': 0.3381, 'learning_rate': 1.9464956309164675e-05, 'epoch': 8.18}
{'loss': 0.3495, 'learning_rate': 1.94216555705815e-05, 'epoch': 8.19}
{'loss': 0.3497, 'learning_rate': 1.9378354831998334e-05, 'epoch': 8.19}
{'loss': 0.3447, 'learning_rate': 1.9335054093415172e-05, 'epoch': 8.19}
{'loss': 0.3161, 'learning_rate': 1.9291753354831997e-05, 'epoch': 8.2}
{'loss': 0.359, 'learning_rate': 1.924845261624883e-05, 'epoch': 8.2}
{'loss': 0.3362, 'learning_rate': 1.9205151877665666e-05, 'epoch': 8.21}
{'loss': 0.3616, 'learning_rate': 1.916185113908249e-05, 'epoch': 8.21}
{'loss': 0.3469, 'learning_rate': 1.9118550400499326e-05, 'epoch': 8.21}
{'loss': 0.3553, 'learning_rate': 1.907524966191615e-05, 'epoch': 8.22}
{'loss': 0.3393, 'learning_rate': 1.9031948923332985e-05, 'epoch': 8.22}
{'loss': 0.3343, 'learning_rate': 1.898864818474982e-05, 'epoch': 8.23}
{'loss': 0.3251, 'learning_rate': 1.8945347446166644e-05, 'epoch': 8.23}
{'loss': 0.3615, 'learning_rate': 1.890204670758348e-05, 'epoch': 8.23}
{'loss': 0.3344, 'learning_rate': 1.8858745969000317e-05, 'epoch': 8.24}
{'loss': 0.3687, 'learning_rate': 1.881544523041714e-05, 'epoch': 8.24}
{'loss': 0.3386, 'learning_rate': 1.8772144491833977e-05, 'epoch': 8.25}
{'loss': 0.3712, 'learning_rate': 1.872884375325081e-05, 'epoch': 8.25}
{'loss': 0.3566, 'learning_rate': 1.8685543014667636e-05, 'epoch': 8.25}
{'loss': 0.3351, 'learning_rate': 1.864224227608447e-05, 'epoch': 8.26}
{'loss': 0.3309, 'learning_rate': 1.8598941537501295e-05, 'epoch': 8.26}
{'loss': 0.3502, 'learning_rate': 1.855564079891813e-05, 'epoch': 8.27}
{'loss': 0.3517, 'learning_rate': 1.8512340060334965e-05, 'epoch': 8.27}
{'loss': 0.3241, 'learning_rate': 1.846903932175179e-05, 'epoch': 8.27}
{'loss': 0.3466, 'learning_rate': 1.8425738583168624e-05, 'epoch': 8.28}
{'loss': 0.3484, 'learning_rate': 1.838243784458546e-05, 'epoch': 8.28}
{'loss': 0.3397, 'learning_rate': 1.8339137106002284e-05, 'epoch': 8.29}
{'loss': 0.3339, 'learning_rate': 1.8295836367419122e-05, 'epoch': 8.29}
{'loss': 0.3491, 'learning_rate': 1.8252535628835957e-05, 'epoch': 8.3}
{'loss': 0.3611, 'learning_rate': 1.820923489025278e-05, 'epoch': 8.3}
{'loss': 0.367, 'learning_rate': 1.8165934151669616e-05, 'epoch': 8.3}
{'loss': 0.3217, 'learning_rate': 1.812263341308644e-05, 'epoch': 8.31}
{'loss': 0.3789, 'learning_rate': 1.8079332674503275e-05, 'epoch': 8.31}
{'loss': 0.3277, 'learning_rate': 1.803603193592011e-05, 'epoch': 8.32}
{'loss': 0.3317, 'learning_rate': 1.7992731197336935e-05, 'epoch': 8.32}
{'loss': 0.3518, 'learning_rate': 1.794943045875377e-05, 'epoch': 8.32}
{'loss': 0.373, 'learning_rate': 1.7906129720170604e-05, 'epoch': 8.33}
{'loss': 0.3654, 'learning_rate': 1.786282898158743e-05, 'epoch': 8.33}
{'loss': 0.3372, 'learning_rate': 1.7819528243004263e-05, 'epoch': 8.34}
{'loss': 0.3461, 'learning_rate': 1.77762275044211e-05, 'epoch': 8.34}
{'loss': 0.3209, 'learning_rate': 1.7733792780609587e-05, 'epoch': 8.34}
{'loss': 0.3399, 'learning_rate': 1.769049204202642e-05, 'epoch': 8.35}
{'loss': 0.3492, 'learning_rate': 1.764719130344326e-05, 'epoch': 8.35}
{'loss': 0.3715, 'learning_rate': 1.7603890564860084e-05, 'epoch': 8.36}
{'loss': 0.3592, 'learning_rate': 1.756058982627692e-05, 'epoch': 8.36}
{'loss': 0.3319, 'learning_rate': 1.7517289087693744e-05, 'epoch': 8.36}
{'loss': 0.3187, 'learning_rate': 1.747398834911058e-05, 'epoch': 8.37}
{'loss': 0.319, 'learning_rate': 1.7430687610527413e-05, 'epoch': 8.37}
{'loss': 0.336, 'learning_rate': 1.7387386871944238e-05, 'epoch': 8.38}
{'loss': 0.3431, 'learning_rate': 1.7344086133361072e-05, 'epoch': 8.38}
{'loss': 0.357, 'learning_rate': 1.7300785394777907e-05, 'epoch': 8.38}
{'loss': 0.3357, 'learning_rate': 1.7257484656194732e-05, 'epoch': 8.39}
{'loss': 0.3452, 'learning_rate': 1.7214183917611567e-05, 'epoch': 8.39}
{'loss': 0.3716, 'learning_rate': 1.7170883179028405e-05, 'epoch': 8.4}
{'loss': 0.3346, 'learning_rate': 1.712758244044523e-05, 'epoch': 8.4}
{'loss': 0.3359, 'learning_rate': 1.7084281701862064e-05, 'epoch': 8.41}
{'loss': 0.3351, 'learning_rate': 1.704098096327889e-05, 'epoch': 8.41}
{'loss': 0.3184, 'learning_rate': 1.6997680224695723e-05, 'epoch': 8.41}
{'loss': 0.316, 'learning_rate': 1.6955245500884222e-05, 'epoch': 8.42}
{'loss': 0.3317, 'learning_rate': 1.6911944762301047e-05, 'epoch': 8.42}
{'loss': 0.3387, 'learning_rate': 1.686864402371788e-05, 'epoch': 8.43}
{'loss': 0.3234, 'learning_rate': 1.6825343285134716e-05, 'epoch': 8.43}
{'loss': 0.3659, 'learning_rate': 1.678204254655154e-05, 'epoch': 8.43}
{'loss': 0.3363, 'learning_rate': 1.6738741807968376e-05, 'epoch': 8.44}
{'loss': 0.3452, 'learning_rate': 1.669544106938521e-05, 'epoch': 8.44}
{'loss': 0.3997, 'learning_rate': 1.6652140330802035e-05, 'epoch': 8.45}
{'loss': 0.3799, 'learning_rate': 1.660883959221887e-05, 'epoch': 8.45}
{'loss': 0.3519, 'learning_rate': 1.6565538853635708e-05, 'epoch': 8.45}
{'loss': 0.364, 'learning_rate': 1.652223811505253e-05, 'epoch': 8.46}
{'loss': 0.3529, 'learning_rate': 1.6478937376469367e-05, 'epoch': 8.46}
{'loss': 0.3523, 'learning_rate': 1.6435636637886192e-05, 'epoch': 8.47}
{'loss': 0.3459, 'learning_rate': 1.6392335899303027e-05, 'epoch': 8.47}
{'loss': 0.365, 'learning_rate': 1.634903516071986e-05, 'epoch': 8.47}
{'loss': 0.3198, 'learning_rate': 1.6305734422136686e-05, 'epoch': 8.48}
{'loss': 0.3508, 'learning_rate': 1.626243368355352e-05, 'epoch': 8.48}
{'loss': 0.3119, 'learning_rate': 1.6219132944970355e-05, 'epoch': 8.49}
{'loss': 0.3797, 'learning_rate': 1.617583220638718e-05, 'epoch': 8.49}
{'loss': 0.3569, 'learning_rate': 1.6132531467804015e-05, 'epoch': 8.49}
{'loss': 0.3479, 'learning_rate': 1.608923072922085e-05, 'epoch': 8.5}
{'loss': 0.3388, 'learning_rate': 1.6045929990637674e-05, 'epoch': 8.5}
{'loss': 0.3373, 'learning_rate': 1.6002629252054512e-05, 'epoch': 8.51}
{'loss': 0.3467, 'learning_rate': 1.5959328513471333e-05, 'epoch': 8.51}
{'loss': 0.3652, 'learning_rate': 1.591602777488817e-05, 'epoch': 8.52}
{'loss': 0.3169, 'learning_rate': 1.5872727036305006e-05, 'epoch': 8.52}
{'loss': 0.3081, 'learning_rate': 1.582942629772183e-05, 'epoch': 8.52}
{'loss': 0.3383, 'learning_rate': 1.5786125559138666e-05, 'epoch': 8.53}
{'loss': 0.3515, 'learning_rate': 1.57428248205555e-05, 'epoch': 8.53}
{'loss': 0.3559, 'learning_rate': 1.5699524081972325e-05, 'epoch': 8.54}
{'loss': 0.3487, 'learning_rate': 1.565622334338916e-05, 'epoch': 8.54}
{'loss': 0.3285, 'learning_rate': 1.5612922604805995e-05, 'epoch': 8.54}
{'loss': 0.3418, 'learning_rate': 1.556962186622282e-05, 'epoch': 8.55}
{'loss': 0.3536, 'learning_rate': 1.5526321127639654e-05, 'epoch': 8.55}
{'loss': 0.3452, 'learning_rate': 1.5483020389056492e-05, 'epoch': 8.56}
{'loss': 0.3752, 'learning_rate': 1.5439719650473317e-05, 'epoch': 8.56}
{'loss': 0.3421, 'learning_rate': 1.539641891189015e-05, 'epoch': 8.56}
{'loss': 0.3167, 'learning_rate': 1.5353118173306976e-05, 'epoch': 8.57}
{'loss': 0.3416, 'learning_rate': 1.530981743472381e-05, 'epoch': 8.57}
{'loss': 0.3601, 'learning_rate': 1.5266516696140645e-05, 'epoch': 8.58}
{'loss': 0.331, 'learning_rate': 1.5223215957557472e-05, 'epoch': 8.58}
{'loss': 0.3788, 'learning_rate': 1.5179915218974305e-05, 'epoch': 8.58}
{'loss': 0.3379, 'learning_rate': 1.5136614480391143e-05, 'epoch': 8.59}
{'loss': 0.3366, 'learning_rate': 1.5093313741807966e-05, 'epoch': 8.59}
{'loss': 0.3432, 'learning_rate': 1.5050879017996463e-05, 'epoch': 8.6}
{'loss': 0.3597, 'learning_rate': 1.5007578279413301e-05, 'epoch': 8.6}
{'loss': 0.344, 'learning_rate': 1.4964277540830124e-05, 'epoch': 8.6}
{'loss': 0.36, 'learning_rate': 1.492097680224696e-05, 'epoch': 8.61}
{'loss': 0.3383, 'learning_rate': 1.4877676063663783e-05, 'epoch': 8.61}
{'loss': 0.3752, 'learning_rate': 1.4834375325080618e-05, 'epoch': 8.62}
{'loss': 0.3366, 'learning_rate': 1.4791074586497456e-05, 'epoch': 8.62}
{'loss': 0.3383, 'learning_rate': 1.4747773847914279e-05, 'epoch': 8.63}
{'loss': 0.3231, 'learning_rate': 1.4704473109331116e-05, 'epoch': 8.63}
{'loss': 0.3526, 'learning_rate': 1.466117237074795e-05, 'epoch': 8.63}
{'loss': 0.3359, 'learning_rate': 1.4617871632164777e-05, 'epoch': 8.64}
{'loss': 0.3215, 'learning_rate': 1.457457089358161e-05, 'epoch': 8.64}
{'loss': 0.3392, 'learning_rate': 1.4531270154998444e-05, 'epoch': 8.65}
{'loss': 0.3622, 'learning_rate': 1.448796941641527e-05, 'epoch': 8.65}
{'loss': 0.3486, 'learning_rate': 1.4444668677832104e-05, 'epoch': 8.65}
{'loss': 0.3555, 'learning_rate': 1.4401367939248942e-05, 'epoch': 8.66}
{'loss': 0.3323, 'learning_rate': 1.4358067200665765e-05, 'epoch': 8.66}
{'loss': 0.3356, 'learning_rate': 1.43147664620826e-05, 'epoch': 8.67}
{'loss': 0.3372, 'learning_rate': 1.4271465723499424e-05, 'epoch': 8.67}
{'loss': 0.3697, 'learning_rate': 1.4228164984916259e-05, 'epoch': 8.67}
{'loss': 0.3541, 'learning_rate': 1.4184864246333095e-05, 'epoch': 8.68}
{'loss': 0.332, 'learning_rate': 1.414156350774992e-05, 'epoch': 8.68}
{'loss': 0.3377, 'learning_rate': 1.4098262769166753e-05, 'epoch': 8.69}
{'loss': 0.3759, 'learning_rate': 1.4054962030583591e-05, 'epoch': 8.69}
{'loss': 0.3629, 'learning_rate': 1.4011661292000414e-05, 'epoch': 8.69}
{'loss': 0.3182, 'learning_rate': 1.396836055341725e-05, 'epoch': 8.7}
{'loss': 0.3537, 'learning_rate': 1.3925059814834085e-05, 'epoch': 8.7}
{'loss': 0.3529, 'learning_rate': 1.3881759076250911e-05, 'epoch': 8.71}
{'loss': 0.3474, 'learning_rate': 1.3838458337667745e-05, 'epoch': 8.71}
{'loss': 0.3479, 'learning_rate': 1.3795157599084567e-05, 'epoch': 8.71}
{'loss': 0.3486, 'learning_rate': 1.3751856860501402e-05, 'epoch': 8.72}
{'loss': 0.3536, 'learning_rate': 1.370855612191824e-05, 'epoch': 8.72}
{'loss': 0.3285, 'learning_rate': 1.3665255383335063e-05, 'epoch': 8.73}
{'loss': 0.3448, 'learning_rate': 1.36219546447519e-05, 'epoch': 8.73}
{'loss': 0.337, 'learning_rate': 1.3578653906168734e-05, 'epoch': 8.74}
{'loss': 0.3609, 'learning_rate': 1.353535316758556e-05, 'epoch': 8.74}
{'loss': 0.3643, 'learning_rate': 1.3492052429002394e-05, 'epoch': 8.74}
{'loss': 0.3692, 'learning_rate': 1.3448751690419232e-05, 'epoch': 8.75}
{'loss': 0.3342, 'learning_rate': 1.3405450951836055e-05, 'epoch': 8.75}
{'loss': 0.3575, 'learning_rate': 1.3362150213252888e-05, 'epoch': 8.76}
{'loss': 0.3498, 'learning_rate': 1.3318849474669714e-05, 'epoch': 8.76}
{'loss': 0.3458, 'learning_rate': 1.3275548736086549e-05, 'epoch': 8.76}
{'loss': 0.3466, 'learning_rate': 1.3232247997503384e-05, 'epoch': 8.77}
{'loss': 0.3611, 'learning_rate': 1.3188947258920208e-05, 'epoch': 8.77}
{'loss': 0.3299, 'learning_rate': 1.3145646520337046e-05, 'epoch': 8.78}
{'loss': 0.3361, 'learning_rate': 1.310234578175388e-05, 'epoch': 8.78}
{'loss': 0.3472, 'learning_rate': 1.3059045043170704e-05, 'epoch': 8.78}
{'loss': 0.3388, 'learning_rate': 1.3015744304587537e-05, 'epoch': 8.79}
{'loss': 0.3706, 'learning_rate': 1.2972443566004375e-05, 'epoch': 8.79}
{'loss': 0.332, 'learning_rate': 1.2929142827421198e-05, 'epoch': 8.8}
{'loss': 0.3324, 'learning_rate': 1.2885842088838035e-05, 'epoch': 8.8}
{'loss': 0.3871, 'learning_rate': 1.284254135025487e-05, 'epoch': 8.8}
{'loss': 0.3513, 'learning_rate': 1.2799240611671696e-05, 'epoch': 8.81}
{'loss': 0.3472, 'learning_rate': 1.2755939873088529e-05, 'epoch': 8.81}
{'loss': 0.3414, 'learning_rate': 1.2712639134505353e-05, 'epoch': 8.82}
{'loss': 0.3115, 'learning_rate': 1.266933839592219e-05, 'epoch': 8.82}
{'loss': 0.3578, 'learning_rate': 1.2626037657339025e-05, 'epoch': 8.82}
{'loss': 0.3474, 'learning_rate': 1.2582736918755849e-05, 'epoch': 8.83}
{'loss': 0.3576, 'learning_rate': 1.2539436180172684e-05, 'epoch': 8.83}
{'loss': 0.3599, 'learning_rate': 1.2496135441589519e-05, 'epoch': 8.84}
{'loss': 0.3342, 'learning_rate': 1.2452834703006343e-05, 'epoch': 8.84}
{'loss': 0.3507, 'learning_rate': 1.240953396442318e-05, 'epoch': 8.85}
{'loss': 0.3537, 'learning_rate': 1.2366233225840014e-05, 'epoch': 8.85}
{'loss': 0.3345, 'learning_rate': 1.2322932487256839e-05, 'epoch': 8.85}
{'loss': 0.3632, 'learning_rate': 1.2279631748673674e-05, 'epoch': 8.86}
{'loss': 0.3533, 'learning_rate': 1.2236331010090498e-05, 'epoch': 8.86}
{'loss': 0.3639, 'learning_rate': 1.2193030271507333e-05, 'epoch': 8.87}
{'loss': 0.3528, 'learning_rate': 1.214972953292417e-05, 'epoch': 8.87}
{'loss': 0.3581, 'learning_rate': 1.2106428794340994e-05, 'epoch': 8.87}
{'loss': 0.3472, 'learning_rate': 1.2063128055757829e-05, 'epoch': 8.88}
{'loss': 0.3266, 'learning_rate': 1.2019827317174664e-05, 'epoch': 8.88}
{'loss': 0.3188, 'learning_rate': 1.1976526578591488e-05, 'epoch': 8.89}
{'loss': 0.3547, 'learning_rate': 1.1933225840008323e-05, 'epoch': 8.89}
{'loss': 0.3548, 'learning_rate': 1.188992510142516e-05, 'epoch': 8.89}
{'loss': 0.3381, 'learning_rate': 1.1846624362841984e-05, 'epoch': 8.9}
{'loss': 0.3211, 'learning_rate': 1.1803323624258819e-05, 'epoch': 8.9}
{'loss': 0.3502, 'learning_rate': 1.1760022885675643e-05, 'epoch': 8.91}
{'loss': 0.368, 'learning_rate': 1.1716722147092478e-05, 'epoch': 8.91}
{'loss': 0.3325, 'learning_rate': 1.1673421408509315e-05, 'epoch': 8.91}
{'loss': 0.3296, 'learning_rate': 1.1630120669926138e-05, 'epoch': 8.92}
{'loss': 0.349, 'learning_rate': 1.1586819931342974e-05, 'epoch': 8.92}
{'loss': 0.3404, 'learning_rate': 1.1544385207531473e-05, 'epoch': 8.93}
{'loss': 0.3614, 'learning_rate': 1.1501084468948296e-05, 'epoch': 8.93}
{'loss': 0.3659, 'learning_rate': 1.1457783730365132e-05, 'epoch': 8.93}
{'loss': 0.3265, 'learning_rate': 1.1414482991781967e-05, 'epoch': 8.94}
{'loss': 0.3613, 'learning_rate': 1.1371182253198791e-05, 'epoch': 8.94}
{'loss': 0.3305, 'learning_rate': 1.1327881514615626e-05, 'epoch': 8.95}
{'loss': 0.3432, 'learning_rate': 1.1284580776032463e-05, 'epoch': 8.95}
{'loss': 0.3448, 'learning_rate': 1.1241280037449287e-05, 'epoch': 8.96}
{'loss': 0.3194, 'learning_rate': 1.1197979298866122e-05, 'epoch': 8.96}
{'loss': 0.3709, 'learning_rate': 1.1154678560282947e-05, 'epoch': 8.96}
{'loss': 0.3713, 'learning_rate': 1.1111377821699781e-05, 'epoch': 8.97}
{'loss': 0.3877, 'learning_rate': 1.1068077083116616e-05, 'epoch': 8.97}
{'loss': 0.3376, 'learning_rate': 1.102477634453344e-05, 'epoch': 8.98}
{'loss': 0.3546, 'learning_rate': 1.0981475605950277e-05, 'epoch': 8.98}
{'loss': 0.3431, 'learning_rate': 1.0938174867367112e-05, 'epoch': 8.98}
{'loss': 0.3527, 'learning_rate': 1.0894874128783936e-05, 'epoch': 8.99}
{'loss': 0.3848, 'learning_rate': 1.0851573390200771e-05, 'epoch': 8.99}
{'loss': 0.3519, 'learning_rate': 1.0808272651617608e-05, 'epoch': 9.0}
[INFO|trainer.py:520] 2026-10-04 17:38:27,044 >> The following columns in the evaluation set  don't have a corresponding argument in `PETLEncModel.forward` and have been ignored: hypothesis, premise, idx.
[INFO|trainer.py:2179] 2026-10-04 17:38:27,045 >> ***** Running Evaluation *****
[INFO|trainer.py:2181] 2026-10-04 17:38:27,046 >>   Num examples = 9815
[INFO|trainer.py:2184] 2026-10-04 17:38:27,046 >>   Batch size = 32
{'eval_loss': 0.35489174723625183, 'eval_accuracy': 0.8689760570555273, 'eval_runtime': 10.2431, 'eval_samples_per_second': 958.207, 'eval_steps_per_second': 29.971, 'epoch': 9.0}
[INFO|trainer.py:1933] 2026-10-04 17:38:37,289 >> Saving model checkpoint to checkpoints/glue/mnli/20261004/glue.mnli.mam.am_prefix.ao_concat.fm_adapter.fo_parallel.abn.fbn.ac_add.fl_none.finit_lora.fs_2.unfrz_ef_.ne10.warm0.06.wd0.1.seed8./checkpoint-110448
[INFO|configuration_utils.py:364] 2026-10-04 17:38:37,291 >> Configuration saved in checkpoints/glue/mnli/20261004/glue.mnli.mam.am_prefix.ao_concat.fm_adapter.fo_parallel.abn.fbn.ac_add.fl_none.finit_lora.fs_2.unfrz_ef_.ne10.warm0.06.wd0.1.seed8./checkpoint-110448/config.json
[INFO|modeling_utils.py:898] 2026-10-04 17:38:37,789 >> Model weights saved in checkpoints/glue/mnli/20261004/glue.mnli.mam.am_prefix.ao_concat.fm_adapter.fo_parallel.abn.fbn.ac_add.fl_none.finit_lora.fs_2.unfrz_ef_.ne10.warm0.06.wd0.1.seed8./checkpoint-110448/pytorch_model.bin
[INFO|tokenization_utils_base.py:1948] 2026-10-04 17:38:37,790 >> tokenizer config file saved in checkpoints/glue/mnli/20261004/glue.mnli.mam.am_prefix.ao_concat.fm_adapter.fo_parallel.abn.fbn.ac_add.fl_none.finit_lora.fs_2.unfrz_ef_.ne10.warm0.06.wd0.1.seed8./checkpoint-110448/tokenizer_config.json
[INFO|tokenization_utils_base.py:1954] 2026-10-04 17:38:37,790 >> Special tokens file saved in checkpoints/glue/mnli/20261004/glue.mnli.mam.am_prefix.ao_concat.fm_adapter.fo_parallel.abn.fbn.ac_add.fl_none.finit_lora.fs_2.unfrz_ef_.ne10.warm0.06.wd0.1.seed8./checkpoint-110448/special_tokens_map.json
[INFO|trainer.py:2009] 2026-10-04 17:38:37,971 >> Deleting older checkpoint [checkpoints/glue/mnli/20261004/glue.mnli.mam.am_prefix.ao_concat.fm_adapter.fo_parallel.abn.fbn.ac_add.fl_none.finit_lora.fs_2.unfrz_ef_.ne10.warm0.06.wd0.1.seed8./checkpoint-85904] due to args.save_total_limit
/work/unify-parameter-efficient-tuning/src/transformers/trainer.py:1784: FutureWarning: `torch.cuda.amp.autocast(args...)` is deprecated. Please use `torch.amp.autocast('cuda', args...)` instead.
  with autocast():
{'loss': 0.3359, 'learning_rate': 1.076497191303443e-05, 'epoch': 9.0}
{'loss': 0.3307, 'learning_rate': 1.0721671174451267e-05, 'epoch': 9.0}
{'loss': 0.3437, 'learning_rate': 1.0678370435868092e-05, 'epoch': 9.01}
{'loss': 0.3205, 'learning_rate': 1.0635069697284926e-05, 'epoch': 9.01}
{'loss': 0.3218, 'learning_rate': 1.0591768958701761e-05, 'epoch': 9.02}
{'loss': 0.3446, 'learning_rate': 1.0548468220118586e-05, 'epoch': 9.02}
{'loss': 0.3338, 'learning_rate': 1.050516748153542e-05, 'epoch': 9.02}
{'loss': 0.3425, 'learning_rate': 1.0461866742952257e-05, 'epoch': 9.03}
{'loss': 0.3264, 'learning_rate': 1.0418566004369081e-05, 'epoch': 9.03}
{'loss': 0.3209, 'learning_rate': 1.0376131280557579e-05, 'epoch': 9.04}
{'loss': 0.3548, 'learning_rate': 1.0332830541974415e-05, 'epoch': 9.04}
{'loss': 0.3285, 'learning_rate': 1.028952980339124e-05, 'epoch': 9.04}
{'loss': 0.3569, 'learning_rate': 1.0246229064808074e-05, 'epoch': 9.05}
{'loss': 0.348, 'learning_rate': 1.0202928326224909e-05, 'epoch': 9.05}
{'loss': 0.3427, 'learning_rate': 1.0159627587641734e-05, 'epoch': 9.06}
{'loss': 0.3226, 'learning_rate': 1.011632684905857e-05, 'epoch': 9.06}
{'loss': 0.3577, 'learning_rate': 1.0073026110475393e-05, 'epoch': 9.07}
{'loss': 0.3131, 'learning_rate': 1.002972537189223e-05, 'epoch': 9.07}
{'loss': 0.3127, 'learning_rate': 9.986424633309064e-06, 'epoch': 9.07}
{'loss': 0.3554, 'learning_rate': 9.943123894725889e-06, 'epoch': 9.08}
{'loss': 0.3198, 'learning_rate': 9.899823156142724e-06, 'epoch': 9.08}
{'loss': 0.3557, 'learning_rate': 9.85652241755956e-06, 'epoch': 9.09}
{'loss': 0.3415, 'learning_rate': 9.813221678976385e-06, 'epoch': 9.09}
{'loss': 0.3335, 'learning_rate': 9.76992094039322e-06, 'epoch': 9.09}
{'loss': 0.3243, 'learning_rate': 9.726620201810054e-06, 'epoch': 9.1}
{'loss': 0.3246, 'learning_rate': 9.683319463226879e-06, 'epoch': 9.1}
{'loss': 0.3306, 'learning_rate': 9.640018724643713e-06, 'epoch': 9.11}
{'loss': 0.3306, 'learning_rate': 9.596717986060538e-06, 'epoch': 9.11}
{'loss': 0.3275, 'learning_rate': 9.553417247477375e-06, 'epoch': 9.11}
{'loss': 0.3188, 'learning_rate': 9.51011650889421e-06, 'epoch': 9.12}
{'loss': 0.342, 'learning_rate': 9.466815770311034e-06, 'epoch': 9.12}
{'loss': 0.367, 'learning_rate': 9.423515031727869e-06, 'epoch': 9.13}
{'loss': 0.3554, 'learning_rate': 9.380214293144705e-06, 'epoch': 9.13}
{'loss': 0.3214, 'learning_rate': 9.336913554561528e-06, 'epoch': 9.13}
{'loss': 0.3548, 'learning_rate': 9.293612815978364e-06, 'epoch': 9.14}
{'loss': 0.3422, 'learning_rate': 9.2503120773952e-06, 'epoch': 9.14}
{'loss': 0.3412, 'learning_rate': 9.207011338812024e-06, 'epoch': 9.15}
{'loss': 0.3107, 'learning_rate': 9.163710600228859e-06, 'epoch': 9.15}
{'loss': 0.3215, 'learning_rate': 9.120409861645695e-06, 'epoch': 9.15}
{'loss': 0.3399, 'learning_rate': 9.077109123062518e-06, 'epoch': 9.16}
{'loss': 0.3422, 'learning_rate': 9.033808384479354e-06, 'epoch': 9.16}
{'loss': 0.3672, 'learning_rate': 8.990507645896179e-06, 'epoch': 9.17}
{'loss': 0.3476, 'learning_rate': 8.947206907313014e-06, 'epoch': 9.17}
{'loss': 0.3488, 'learning_rate': 8.903906168729848e-06, 'epoch': 9.18}
{'loss': 0.3198, 'learning_rate': 8.860605430146673e-06, 'epoch': 9.18}
{'loss': 0.3313, 'learning_rate': 8.81730469156351e-06, 'epoch': 9.18}
{'loss': 0.336, 'learning_rate': 8.774003952980344e-06, 'epoch': 9.19}
{'loss': 0.3509, 'learning_rate': 8.730703214397169e-06, 'epoch': 9.19}
{'loss': 0.3478, 'learning_rate': 8.687402475814004e-06, 'epoch': 9.2}
{'loss': 0.3746, 'learning_rate': 8.644101737230838e-06, 'epoch': 9.2}
{'loss': 0.3159, 'learning_rate': 8.600800998647663e-06, 'epoch': 9.2}
{'loss': 0.3482, 'learning_rate': 8.5575002600645e-06, 'epoch': 9.21}
{'loss': 0.3568, 'learning_rate': 8.514199521481324e-06, 'epoch': 9.21}
{'loss': 0.3452, 'learning_rate': 8.470898782898159e-06, 'epoch': 9.22}
{'loss': 0.389, 'learning_rate': 8.427598044314993e-06, 'epoch': 9.22}
{'loss': 0.346, 'learning_rate': 8.384297305731818e-06, 'epoch': 9.22}
{'loss': 0.3536, 'learning_rate': 8.340996567148653e-06, 'epoch': 9.23}
{'loss': 0.3175, 'learning_rate': 8.29769582856549e-06, 'epoch': 9.23}
{'loss': 0.3471, 'learning_rate': 8.254395089982314e-06, 'epoch': 9.24}
{'loss': 0.362, 'learning_rate': 8.211094351399149e-06, 'epoch': 9.24}
{'loss': 0.3221, 'learning_rate': 8.167793612815983e-06, 'epoch': 9.24}
{'loss': 0.3442, 'learning_rate': 8.124492874232808e-06, 'epoch': 9.25}
{'loss': 0.3121, 'learning_rate': 8.081192135649644e-06, 'epoch': 9.25}
{'loss': 0.3453, 'learning_rate': 8.037891397066467e-06, 'epoch': 9.26}
{'loss': 0.3314, 'learning_rate': 7.994590658483304e-06, 'epoch': 9.26}
{'loss': 0.344, 'learning_rate': 7.951289919900138e-06, 'epoch': 9.26}
{'loss': 0.3518, 'learning_rate': 7.907989181316963e-06, 'epoch': 9.27}
{'loss': 0.3572, 'learning_rate': 7.864688442733798e-06, 'epoch': 9.27}
{'loss': 0.3454, 'learning_rate': 7.821387704150634e-06, 'epoch': 9.28}
{'loss': 0.3544, 'learning_rate': 7.778086965567457e-06, 'epoch': 9.28}
{'loss': 0.3117, 'learning_rate': 7.734786226984294e-06, 'epoch': 9.29}
{'loss': 0.3389, 'learning_rate': 7.691485488401128e-06, 'epoch': 9.29}
{'loss': 0.319, 'learning_rate': 7.648184749817953e-06, 'epoch': 9.29}
{'loss': 0.3367, 'learning_rate': 7.604884011234788e-06, 'epoch': 9.3}
{'loss': 0.3201, 'learning_rate': 7.561583272651622e-06, 'epoch': 9.3}
{'loss': 0.3306, 'learning_rate': 7.518282534068446e-06, 'epoch': 9.31}
{'loss': 0.3196, 'learning_rate': 7.474981795485282e-06, 'epoch': 9.31}
{'loss': 0.3524, 'learning_rate': 7.4316810569021064e-06, 'epoch': 9.31}
{'loss': 0.3393, 'learning_rate': 7.388380318318942e-06, 'epoch': 9.32}
{'loss': 0.3415, 'learning_rate': 7.345079579735778e-06, 'epoch': 9.32}
{'loss': 0.3468, 'learning_rate': 7.301778841152602e-06, 'epoch': 9.33}
{'loss': 0.3375, 'learning_rate': 7.258478102569437e-06, 'epoch': 9.33}
{'loss': 0.3506, 'learning_rate': 7.215177363986273e-06, 'epoch': 9.33}
{'loss': 0.3542, 'learning_rate': 7.171876625403097e-06, 'epoch': 9.34}
{'loss': 0.3104, 'learning_rate': 7.128575886819933e-06, 'epoch': 9.34}
{'loss': 0.3616, 'learning_rate': 7.085275148236767e-06, 'epoch': 9.35}
{'loss': 0.3177, 'learning_rate': 7.041974409653593e-06, 'epoch': 9.35}
{'loss': 0.3162, 'learning_rate': 6.998673671070427e-06, 'epoch': 9.35}
{'loss': 0.3406, 'learning_rate': 6.9553729324872515e-06, 'epoch': 9.36}
{'loss': 0.3376, 'learning_rate': 6.912938208675749e-06, 'epoch': 9.36}
{'loss': 0.3356, 'learning_rate': 6.869637470092585e-06, 'epoch': 9.37}
{'loss': 0.3301, 'learning_rate': 6.8263367315094096e-06, 'epoch': 9.37}
{'loss': 0.3372, 'learning_rate': 6.783035992926245e-06, 'epoch': 9.38}
{'loss': 0.3565, 'learning_rate': 6.739735254343081e-06, 'epoch': 9.38}
{'loss': 0.3364, 'learning_rate': 6.6964345157599045e-06, 'epoch': 9.38}
{'loss': 0.3548, 'learning_rate': 6.65313377717674e-06, 'epoch': 9.39}
{'loss': 0.356, 'learning_rate': 6.609833038593576e-06, 'epoch': 9.39}
{'loss': 0.3418, 'learning_rate': 6.5665323000104e-06, 'epoch': 9.4}
{'loss': 0.3492, 'learning_rate': 6.523231561427236e-06, 'epoch': 9.4}
{'loss': 0.3514, 'learning_rate': 6.47993082284407e-06, 'epoch': 9.4}
{'loss': 0.3515, 'learning_rate': 6.436630084260896e-06, 'epoch': 9.41}
{'loss': 0.3475, 'learning_rate': 6.39332934567773e-06, 'epoch': 9.41}
{'loss': 0.3636, 'learning_rate': 6.350028607094555e-06, 'epoch': 9.42}
{'loss': 0.3396, 'learning_rate': 6.30672786851139e-06, 'epoch': 9.42}
{'loss': 0.3408, 'learning_rate': 6.263427129928225e-06, 'epoch': 9.42}
{'loss': 0.3565, 'learning_rate': 6.2201263913450495e-06, 'epoch': 9.43}
{'loss': 0.3168, 'learning_rate': 6.176825652761885e-06, 'epoch': 9.43}
{'loss': 0.3427, 'learning_rate': 6.13352491417872e-06, 'epoch': 9.44}
{'loss': 0.3353, 'learning_rate': 6.0902241755955445e-06, 'epoch': 9.44}
{'loss': 0.3554, 'learning_rate': 6.04692343701238e-06, 'epoch': 9.44}
{'loss': 0.324, 'learning_rate': 6.003622698429216e-06, 'epoch': 9.45}
{'loss': 0.3604, 'learning_rate': 5.9603219598460394e-06, 'epoch': 9.45}
{'loss': 0.3358, 'learning_rate': 5.917021221262875e-06, 'epoch': 9.46}
{'loss': 0.3307, 'learning_rate': 5.8737204826797e-06, 'epoch': 9.46}
{'loss': 0.3511, 'learning_rate': 5.830419744096534e-06, 'epoch': 9.46}
{'loss': 0.3661, 'learning_rate': 5.78711900551337e-06, 'epoch': 9.47}
{'loss': 0.344, 'learning_rate': 5.743818266930195e-06, 'epoch': 9.47}
{'loss': 0.358, 'learning_rate': 5.700517528347029e-06, 'epoch': 9.48}
{'loss': 0.3464, 'learning_rate': 5.657216789763865e-06, 'epoch': 9.48}
{'loss': 0.3503, 'learning_rate': 5.6139160511806895e-06, 'epoch': 9.49}
{'loss': 0.3475, 'learning_rate': 5.570615312597525e-06, 'epoch': 9.49}
{'loss': 0.3295, 'learning_rate': 5.52731457401436e-06, 'epoch': 9.49}
{'loss': 0.3104, 'learning_rate': 5.4840138354311845e-06, 'epoch': 9.5}
{'loss': 0.3772, 'learning_rate': 5.44071309684802e-06, 'epoch': 9.5}
{'loss': 0.3371, 'learning_rate': 5.397412358264855e-06, 'epoch': 9.51}
{'loss': 0.3383, 'learning_rate': 5.3541116196816794e-06, 'epoch': 9.51}
{'loss': 0.3398, 'learning_rate': 5.310810881098515e-06, 'epoch': 9.51}
{'loss': 0.3362, 'learning_rate': 5.267510142515339e-06, 'epoch': 9.52}
{'loss': 0.3303, 'learning_rate': 5.224209403932174e-06, 'epoch': 9.52}
{'loss': 0.3644, 'learning_rate': 5.18090866534901e-06, 'epoch': 9.53}
{'loss': 0.3655, 'learning_rate': 5.138473941537497e-06, 'epoch': 9.53}
{'loss': 0.2954, 'learning_rate': 5.0951732029543325e-06, 'epoch': 9.53}
{'loss': 0.342, 'learning_rate': 5.051872464371168e-06, 'epoch': 9.54}
{'loss': 0.3342, 'learning_rate': 5.008571725787993e-06, 'epoch': 9.54}
{'loss': 0.353, 'learning_rate': 4.965270987204827e-06, 'epoch': 9.55}
{'loss': 0.3427, 'learning_rate': 4.921970248621663e-06, 'epoch': 9.55}
{'loss': 0.3382, 'learning_rate': 4.878669510038488e-06, 'epoch': 9.55}
{'loss': 0.3339, 'learning_rate': 4.835368771455322e-06, 'epoch': 9.56}
{'loss': 0.3284, 'learning_rate': 4.792068032872147e-06, 'epoch': 9.56}
{'loss': 0.3406, 'learning_rate': 4.7487672942889826e-06, 'epoch': 9.57}
{'loss': 0.3462, 'learning_rate': 4.705466555705818e-06, 'epoch': 9.57}
{'loss': 0.3617, 'learning_rate': 4.662165817122642e-06, 'epoch': 9.57}
{'loss': 0.3714, 'learning_rate': 4.6188650785394775e-06, 'epoch': 9.58}
{'loss': 0.3405, 'learning_rate': 4.575564339956313e-06, 'epoch': 9.58}
{'loss': 0.3224, 'learning_rate': 4.532263601373137e-06, 'epoch': 9.59}
{'loss': 0.3349, 'learning_rate': 4.4889628627899725e-06, 'epoch': 9.59}
{'loss': 0.3469, 'learning_rate': 4.445662124206808e-06, 'epoch': 9.6}
{'loss': 0.3178, 'learning_rate': 4.402361385623632e-06, 'epoch': 9.6}
{'loss': 0.32, 'learning_rate': 4.359060647040467e-06, 'epoch': 9.6}
{'loss': 0.3398, 'learning_rate': 4.315759908457303e-06, 'epoch': 9.61}
{'loss': 0.3041, 'learning_rate': 4.272459169874127e-06, 'epoch': 9.61}
{'loss': 0.3567, 'learning_rate': 4.229158431290962e-06, 'epoch': 9.62}
{'loss': 0.3266, 'learning_rate': 4.185857692707787e-06, 'epoch': 9.62}
{'loss': 0.344, 'learning_rate': 4.1425569541246225e-06, 'epoch': 9.62}
{'loss': 0.338, 'learning_rate': 4.099256215541457e-06, 'epoch': 9.63}
{'loss': 0.3698, 'learning_rate': 4.055955476958282e-06, 'epoch': 9.63}
{'loss': 0.3422, 'learning_rate': 4.0126547383751175e-06, 'epoch': 9.64}
{'loss': 0.3312, 'learning_rate': 3.969353999791952e-06, 'epoch': 9.64}
{'loss': 0.3262, 'learning_rate': 3.926053261208777e-06, 'epoch': 9.64}
{'loss': 0.367, 'learning_rate': 3.8827525226256124e-06, 'epoch': 9.65}
{'loss': 0.309, 'learning_rate': 3.839451784042448e-06, 'epoch': 9.65}
{'loss': 0.358, 'learning_rate': 3.796151045459272e-06, 'epoch': 9.66}
{'loss': 0.3591, 'learning_rate': 3.7528503068761074e-06, 'epoch': 9.66}
{'loss': 0.3259, 'learning_rate': 3.709549568292932e-06, 'epoch': 9.66}
{'loss': 0.3132, 'learning_rate': 3.6662488297097676e-06, 'epoch': 9.67}
{'loss': 0.3226, 'learning_rate': 3.6229480911266023e-06, 'epoch': 9.67}
{'loss': 0.3418, 'learning_rate': 3.579647352543426e-06, 'epoch': 9.68}
{'loss': 0.3369, 'learning_rate': 3.5363466139602617e-06, 'epoch': 9.68}
{'loss': 0.3491, 'learning_rate': 3.4930458753770977e-06, 'epoch': 9.68}
{'loss': 0.3332, 'learning_rate': 3.449745136793922e-06, 'epoch': 9.69}
{'loss': 0.3291, 'learning_rate': 3.40731041298242e-06, 'epoch': 9.69}
{'loss': 0.2887, 'learning_rate': 3.364009674399255e-06, 'epoch': 9.7}
{'loss': 0.3424, 'learning_rate': 3.3207089358160795e-06, 'epoch': 9.7}
{'loss': 0.3341, 'learning_rate': 3.277408197232915e-06, 'epoch': 9.71}
{'loss': 0.3482, 'learning_rate': 3.2341074586497508e-06, 'epoch': 9.71}
{'loss': 0.3558, 'learning_rate': 3.190806720066575e-06, 'epoch': 9.71}
{'loss': 0.329, 'learning_rate': 3.1475059814834105e-06, 'epoch': 9.72}
{'loss': 0.3488, 'learning_rate': 3.1042052429002347e-06, 'epoch': 9.72}
{'loss': 0.3416, 'learning_rate': 3.06090450431707e-06, 'epoch': 9.73}
{'loss': 0.3446, 'learning_rate': 3.017603765733905e-06, 'epoch': 9.73}
{'loss': 0.3662, 'learning_rate': 2.9743030271507296e-06, 'epoch': 9.73}
{'loss': 0.3857, 'learning_rate': 2.931002288567565e-06, 'epoch': 9.74}
{'loss': 0.3414, 'learning_rate': 2.8877015499844004e-06, 'epoch': 9.74}
{'loss': 0.3405, 'learning_rate': 2.8444008114012246e-06, 'epoch': 9.75}
{'loss': 0.3399, 'learning_rate': 2.8011000728180598e-06, 'epoch': 9.75}
{'loss': 0.3727, 'learning_rate': 2.7577993342348954e-06, 'epoch': 9.75}
{'loss': 0.3744, 'learning_rate': 2.7144985956517195e-06, 'epoch': 9.76}
{'loss': 0.3881, 'learning_rate': 2.671197857068555e-06, 'epoch': 9.76}
{'loss': 0.347, 'learning_rate': 2.6278971184853793e-06, 'epoch': 9.77}
{'loss': 0.3377, 'learning_rate': 2.5845963799022145e-06, 'epoch': 9.77}
{'loss': 0.3505, 'learning_rate': 2.54129564131905e-06, 'epoch': 9.77}
{'loss': 0.3037, 'learning_rate': 2.4979949027358743e-06, 'epoch': 9.78}
{'loss': 0.3711, 'learning_rate': 2.45469416415271e-06, 'epoch': 9.78}
{'loss': 0.3458, 'learning_rate': 2.411393425569545e-06, 'epoch': 9.79}
{'loss': 0.338, 'learning_rate': 2.368092686986369e-06, 'epoch': 9.79}
{'loss': 0.3298, 'learning_rate': 2.324791948403205e-06, 'epoch': 9.79}
{'loss': 0.3623, 'learning_rate': 2.28149120982004e-06, 'epoch': 9.8}
{'loss': 0.3191, 'learning_rate': 2.2381904712368646e-06, 'epoch': 9.8}
{'loss': 0.3341, 'learning_rate': 2.1948897326536998e-06, 'epoch': 9.81}
{'loss': 0.3232, 'learning_rate': 2.151588994070524e-06, 'epoch': 9.81}
{'loss': 0.3497, 'learning_rate': 2.1082882554873595e-06, 'epoch': 9.82}
{'loss': 0.3534, 'learning_rate': 2.0649875169041947e-06, 'epoch': 9.82}
{'loss': 0.3263, 'learning_rate': 2.0216867783210193e-06, 'epoch': 9.82}
{'loss': 0.3447, 'learning_rate': 1.9783860397378545e-06, 'epoch': 9.83}
{'loss': 0.3293, 'learning_rate': 1.93508530115469e-06, 'epoch': 9.83}
{'loss': 0.3152, 'learning_rate': 1.8917845625715142e-06, 'epoch': 9.84}
{'loss': 0.34, 'learning_rate': 1.8484838239883496e-06, 'epoch': 9.84}
{'loss': 0.3534, 'learning_rate': 1.8051830854051848e-06, 'epoch': 9.84}
{'loss': 0.3176, 'learning_rate': 1.761882346822009e-06, 'epoch': 9.85}
{'loss': 0.3499, 'learning_rate': 1.7185816082388448e-06, 'epoch': 9.85}
{'loss': 0.3481, 'learning_rate': 1.67528086965568e-06, 'epoch': 9.86}
{'loss': 0.3335, 'learning_rate': 1.6328461458441673e-06, 'epoch': 9.86}
{'loss': 0.3235, 'learning_rate': 1.5895454072610029e-06, 'epoch': 9.86}
{'loss': 0.3414, 'learning_rate': 1.546244668677827e-06, 'epoch': 9.87}
{'loss': 0.3268, 'learning_rate': 1.5029439300946622e-06, 'epoch': 9.87}
{'loss': 0.3267, 'learning_rate': 1.4596431915114978e-06, 'epoch': 9.88}
{'loss': 0.3328, 'learning_rate': 1.416342452928322e-06, 'epoch': 9.88}
{'loss': 0.3265, 'learning_rate': 1.3730417143451576e-06, 'epoch': 9.88}
{'loss': 0.3478, 'learning_rate': 1.3297409757619928e-06, 'epoch': 9.89}
{'loss': 0.3708, 'learning_rate': 1.286440237178817e-06, 'epoch': 9.89}
{'loss': 0.3392, 'learning_rate': 1.2431394985956526e-06, 'epoch': 9.9}
{'loss': 0.3311, 'learning_rate': 1.1998387600124877e-06, 'epoch': 9.9}
{'loss': 0.3347, 'learning_rate': 1.1565380214293123e-06, 'epoch': 9.9}
{'loss': 0.3297, 'learning_rate': 1.1132372828461475e-06, 'epoch': 9.91}
{'loss': 0.3712, 'learning_rate': 1.0699365442629717e-06, 'epoch': 9.91}
{'loss': 0.321, 'learning_rate': 1.0266358056798073e-06, 'epoch': 9.92}
{'loss': 0.3387, 'learning_rate': 9.833350670966425e-07, 'epoch': 9.92}
{'loss': 0.3413, 'learning_rate': 9.400343285134668e-07, 'epoch': 9.93}
{'loss': 0.3308, 'learning_rate': 8.967335899303023e-07, 'epoch': 9.93}
{'loss': 0.323, 'learning_rate': 8.534328513471376e-07, 'epoch': 9.93}
{'loss': 0.3495, 'learning_rate': 8.10132112763962e-07, 'epoch': 9.94}
{'loss': 0.3739, 'learning_rate': 7.668313741807973e-07, 'epoch': 9.94}
{'loss': 0.324, 'learning_rate': 7.235306355976327e-07, 'epoch': 9.95}
{'loss': 0.3395, 'learning_rate': 6.802298970144569e-07, 'epoch': 9.95}
{'loss': 0.3536, 'learning_rate': 6.369291584312923e-07, 'epoch': 9.95}
{'loss': 0.3334, 'learning_rate': 5.936284198481277e-07, 'epoch': 9.96}
{'loss': 0.3515, 'learning_rate': 5.50327681264952e-07, 'epoch': 9.96}
{'loss': 0.3486, 'learning_rate': 5.070269426817874e-07, 'epoch': 9.97}
{'loss': 0.3323, 'learning_rate': 4.637262040986116e-07, 'epoch': 9.97}
{'loss': 0.3254, 'learning_rate': 4.20425465515447e-07, 'epoch': 9.97}
{'loss': 0.3501, 'learning_rate': 3.7799074170394547e-07, 'epoch': 9.98}
{'loss': 0.3367, 'learning_rate': 3.3469000312076974e-07, 'epoch': 9.98}
{'loss': 0.336, 'learning_rate': 2.9138926453760514e-07, 'epoch': 9.99}
{'loss': 0.3462, 'learning_rate': 2.480885259544405e-07, 'epoch': 9.99}
{'loss': 0.371, 'learning_rate': 2.047877873712648e-07, 'epoch': 9.99}
{'loss': 0.3503, 'learning_rate': 1.614870487881002e-07, 'epoch': 10.0}
[INFO|trainer.py:520] 2026-10-04 17:43:19,590 >> The following columns in the evaluation set  don't have a corresponding argument in `PETLEncModel.forward` and have been ignored: hypothesis, premise, idx.
[INFO|trainer.py:2179] 2026-10-04 17:43:19,592 >> ***** Running Evaluation *****
[INFO|trainer.py:2181] 2026-10-04 17:43:19,592 >>   Num examples = 9815
[INFO|trainer.py:2184] 2026-10-04 17:43:19,592 >>   Batch size = 32
{'eval_loss': 0.3533589541912079, 'eval_accuracy': 0.8705043301069791, 'eval_runtime': 5.45, 'eval_samples_per_second': 1800.927, 'eval_steps_per_second': 56.331, 'epoch': 10.0}
[INFO|trainer.py:1933] 2026-10-04 17:43:25,043 >> Saving model checkpoint to checkpoints/glue/mnli/20261004/glue.mnli.mam.am_prefix.ao_concat.fm_adapter.fo_parallel.abn.fbn.ac_add.fl_none.finit_lora.fs_2.unfrz_ef_.ne10.warm0.06.wd0.1.seed8./checkpoint-122720
[INFO|configuration_utils.py:364] 2026-10-04 17:43:25,044 >> Configuration saved in checkpoints/glue/mnli/20261004/glue.mnli.mam.am_prefix.ao_concat.fm_adapter.fo_parallel.abn.fbn.ac_add.fl_none.finit_lora.fs_2.unfrz_ef_.ne10.warm0.06.wd0.1.seed8./checkpoint-122720/config.json
[INFO|modeling_utils.py:898] 2026-10-04 17:43:25,430 >> Model weights saved in checkpoints/glue/mnli/20261004/glue.mnli.mam.am_prefix.ao_concat.fm_adapter.fo_parallel.abn.fbn.ac_add.fl_none.finit_lora.fs_2.unfrz_ef_.ne10.warm0.06.wd0.1.seed8./checkpoint-122720/pytorch_model.bin
[INFO|tokenization_utils_base.py:1948] 2026-10-04 17:43:25,431 >> tokenizer config file saved in checkpoints/glue/mnli/20261004/glue.mnli.mam.am_prefix.ao_concat.fm_adapter.fo_parallel.abn.fbn.ac_add.fl_none.finit_lora.fs_2.unfrz_ef_.ne10.warm0.06.wd0.1.seed8./checkpoint-122720/tokenizer_config.json
[INFO|tokenization_utils_base.py:1954] 2026-10-04 17:43:25,431 >> Special tokens file saved in checkpoints/glue/mnli/20261004/glue.mnli.mam.am_prefix.ao_concat.fm_adapter.fo_parallel.abn.fbn.ac_add.fl_none.finit_lora.fs_2.unfrz_ef_.ne10.warm0.06.wd0.1.seed8./checkpoint-122720/special_tokens_map.json
[INFO|trainer.py:2009] 2026-10-04 17:43:25,573 >> Deleting older checkpoint [checkpoints/glue/mnli/20261004/glue.mnli.mam.am_prefix.ao_concat.fm_adapter.fo_parallel.abn.fbn.ac_add.fl_none.finit_lora.fs_2.unfrz_ef_.ne10.warm0.06.wd0.1.seed8./checkpoint-98176] due to args.save_total_limit
[INFO|trainer.py:1382] 2026-10-04 17:43:25,587 >> 

Training completed. Do not forget to share your model on huggingface.co/models =)


[INFO|trainer.py:1390] 2026-10-04 17:43:25,587 >> Loading best model from checkpoints/glue/mnli/20261004/glue.mnli.mam.am_prefix.ao_concat.fm_adapter.fo_parallel.abn.fbn.ac_add.fl_none.finit_lora.fs_2.unfrz_ef_.ne10.warm0.06.wd0.1.seed8./checkpoint-122720 (score: 0.8705043301069791).
{'train_runtime': 3871.1803, 'train_samples_per_second': 1014.424, 'train_steps_per_second': 31.701, 'train_loss': 0.40643496155117137, 'epoch': 10.0}
[INFO|trainer.py:1933] 2026-10-04 17:43:25,778 >> Saving model checkpoint to checkpoints/glue/mnli/20261004/glue.mnli.mam.am_prefix.ao_concat.fm_adapter.fo_parallel.abn.fbn.ac_add.fl_none.finit_lora.fs_2.unfrz_ef_.ne10.warm0.06.wd0.1.seed8.
[INFO|configuration_utils.py:364] 2026-10-04 17:43:25,779 >> Configuration saved in checkpoints/glue/mnli/20261004/glue.mnli.mam.am_prefix.ao_concat.fm_adapter.fo_parallel.abn.fbn.ac_add.fl_none.finit_lora.fs_2.unfrz_ef_.ne10.warm0.06.wd0.1.seed8./config.json
[INFO|modeling_utils.py:898] 2026-10-04 17:43:26,174 >> Model weights saved in checkpoints/glue/mnli/20261004/glue.mnli.mam.am_prefix.ao_concat.fm_adapter.fo_parallel.abn.fbn.ac_add.fl_none.finit_lora.fs_2.unfrz_ef_.ne10.warm0.06.wd0.1.seed8./pytorch_model.bin
[INFO|tokenization_utils_base.py:1948] 2026-10-04 17:43:26,176 >> tokenizer config file saved in checkpoints/glue/mnli/20261004/glue.mnli.mam.am_prefix.ao_concat.fm_adapter.fo_parallel.abn.fbn.ac_add.fl_none.finit_lora.fs_2.unfrz_ef_.ne10.warm0.06.wd0.1.seed8./tokenizer_config.json
[INFO|tokenization_utils_base.py:1954] 2026-10-04 17:43:26,176 >> Special tokens file saved in checkpoints/glue/mnli/20261004/glue.mnli.mam.am_prefix.ao_concat.fm_adapter.fo_parallel.abn.fbn.ac_add.fl_none.finit_lora.fs_2.unfrz_ef_.ne10.warm0.06.wd0.1.seed8./special_tokens_map.json
***** train metrics *****
  epoch                    =       10.0
  train_loss               =     0.4064
  train_runtime            = 1:04:31.18
  train_samples            =     392702
  train_samples_per_second =   1014.424
  train_steps_per_second   =     31.701
10/04/2026 17:43:26 - INFO - __main__ -   *** Evaluate ***
[INFO|trainer.py:520] 2026-10-04 17:43:26,238 >> The following columns in the evaluation set  don't have a corresponding argument in `PETLEncModel.forward` and have been ignored: hypothesis, premise, idx.
[INFO|trainer.py:2179] 2026-10-04 17:43:26,239 >> ***** Running Evaluation *****
[INFO|trainer.py:2181] 2026-10-04 17:43:26,239 >>   Num examples = 9815
[INFO|trainer.py:2184] 2026-10-04 17:43:26,239 >>   Batch size = 32
{'eval_loss': 0.3533589541912079, 'eval_accuracy': 0.8705043301069791, 'eval_runtime': 5.4443, 'eval_samples_per_second': 1802.814, 'eval_steps_per_second': 56.39, 'epoch': 10.0}
***** eval metrics *****
  epoch                   =       10.0
  eval_accuracy           =     0.8705
  eval_loss               =     0.3534
  eval_runtime            = 0:00:05.44
  eval_samples            =       9815
  eval_samples_per_second =   1802.814
  eval_steps_per_second   =      56.39
[INFO|trainer.py:520] 2026-10-04 17:43:31,685 >> The following columns in the evaluation set  don't have a corresponding argument in `PETLEncModel.forward` and have been ignored: hypothesis, premise, idx.
[INFO|trainer.py:2179] 2026-10-04 17:43:31,686 >> ***** Running Evaluation *****
[INFO|trainer.py:2181] 2026-10-04 17:43:31,686 >>   Num examples = 9832
[INFO|trainer.py:2184] 2026-10-04 17:43:31,686 >>   Batch size = 32
{'eval_loss': 0.35608014464378357, 'eval_accuracy': 0.8695077298616761, 'eval_runtime': 5.5626, 'eval_samples_per_second': 1767.507, 'eval_steps_per_second': 55.369, 'epoch': 10.0}
***** eval metrics *****
  epoch                   =       10.0
  eval_accuracy           =     0.8695
  eval_loss               =     0.3561
  eval_runtime            = 0:00:05.56
  eval_samples            =       9815
  eval_samples_per_second =   1767.507
  eval_steps_per_second   =     55.369
