checkpoints/glue/mnli/20261004/glue.mnli.prefix.am_prefix.ao_concat.fm_none.fo_parallel.abn.fbn.ac_add.fl_none.finit_lora.fs_4.unfrz_ef_.ne10.warm0.06.wd0.1.seed42.
10/04/2026 14:50:02 - WARNING - __main__ -   Process rank: -1, device: cuda:0, n_gpu: 1distributed training: False, 16-bits training: True
10/04/2026 14:50:02 - INFO - __main__ -   Training/evaluation parameters TrainingArguments(
_n_gpu=1,
adafactor=False,
adam_beta1=0.9,
adam_beta2=0.98,
adam_epsilon=1e-06,
dataloader_drop_last=False,
dataloader_num_workers=0,
dataloader_pin_memory=True,
ddp_find_unused_parameters=False,
debug=[],
deepspeed=None,
disable_tqdm=True,
do_eval=True,
do_predict=False,
do_train=True,
eval_accumulation_steps=None,
eval_steps=5000,
evaluation_strategy=IntervalStrategy.EPOCH,
fp16=True,
fp16_backend=auto,
fp16_full_eval=False,
fp16_opt_level=O1,
gradient_accumulation_steps=1,
greater_is_better=True,
group_by_length=False,
ignore_data_skip=False,
label_names=None,
label_smoothing_factor=0.0,
learning_rate=0.0001,
length_column_name=length,
load_best_model_at_end=True,
local_rank=-1,
log_level=-1,
log_level_replica=-1,
log_on_each_node=True,
logging_dir=checkpoints/glue/mnli/20261004/glue.mnli.prefix.am_prefix.ao_concat.fm_none.fo_parallel.abn.fbn.ac_add.fl_none.finit_lora.fs_4.unfrz_ef_.ne10.warm0.06.wd0.1.seed42./runs/Oct04_14-50-02_j-12410940-job-0,
logging_first_step=False,
logging_steps=50,
logging_strategy=IntervalStrategy.STEPS,
lr_scheduler_type=SchedulerType.POLYNOMIAL,
max_grad_norm=1.0,
max_steps=-1,
metric_for_best_model=accuracy,
mp_parameters=,
no_cuda=False,
num_train_epochs=10.0,
output_dir=checkpoints/glue/mnli/20261004/glue.mnli.prefix.am_prefix.ao_concat.fm_none.fo_parallel.abn.fbn.ac_add.fl_none.finit_lora.fs_4.unfrz_ef_.ne10.warm0.06.wd0.1.seed42.,
overwrite_output_dir=True,
past_index=-1,
per_device_eval_batch_size=32,
per_device_train_batch_size=32,
prediction_loss_only=False,
push_to_hub=False,
push_to_hub_model_id=glue.mnli.prefix.am_prefix.ao_concat.fm_none.fo_parallel.abn.fbn.ac_add.fl_none.finit_lora.fs_4.unfrz_ef_.ne10.warm0.06.wd0.1.seed42.,
push_to_hub_organization=None,
push_to_hub_token=None,
remove_unused_columns=True,
report_to=[],
resume_from_checkpoint=None,
run_name=mnli.20261004.glue.mnli.prefix.am_prefix.ao_concat.fm_none.fo_parallel.abn.fbn.ac_add.fl_none.finit_lora.fs_4.unfrz_ef_.ne10.warm0.06.wd0.1.seed42.,
save_steps=5000,
save_strategy=IntervalStrategy.EPOCH,
save_total_limit=2,
seed=42,
sharded_ddp=[],
skip_memory_metrics=True,
tpu_metrics_debug=False,
tpu_num_cores=None,
use_legacy_prediction_loop=False,
warmup_ratio=0.06,
warmup_steps=0,
weight_decay=0.1,
)
10/04/2026 14:50:02 - WARNING - datasets.builder -   Reusing dataset glue (checkpoints/hf_model/glue/mnli/1.0.0/dacbe3125aa31d7f70367a07a8a9e72a5a0bfeb5fc42e75c9db75b96da6053ad)
[INFO|configuration_utils.py:528] 2026-10-04 14:50:02,950 >> loading configuration file /work/unify-parameter-efficient-tuning/_setup/models/roberta-base/config.json
[INFO|configuration_utils.py:566] 2026-10-04 14:50:02,950 >> Model config RobertaConfig {
  "architectures": [
    "RobertaForMaskedLM"
  ],
  "attention_probs_dropout_prob": 0.1,
  "bos_token_id": 0,
  "eos_token_id": 2,
  "finetuning_task": "mnli",
  "gradient_checkpointing": false,
  "hidden_act": "gelu",
  "hidden_dropout_prob": 0.1,
  "hidden_size": 768,
  "id2label": {
    "0": "LABEL_0",
    "1": "LABEL_1",
    "2": "LABEL_2"
  },
  "initializer_range": 0.02,
  "intermediate_size": 3072,
  "label2id": {
    "LABEL_0": 0,
    "LABEL_1": 1,
    "LABEL_2": 2
  },
  "layer_norm_eps": 1e-05,
  "max_position_embeddings": 514,
  "model_type": "roberta",
  "num_attention_heads": 12,
  "num_hidden_layers": 12,
  "pad_token_id": 1,
  "position_embedding_type": "absolute",
  "transformers_version": "4.9.0.dev0",
  "type_vocab_size": 1,
  "use_cache": true,
  "vocab_size": 50265
}

[INFO|tokenization_auto.py:427] 2026-10-04 14:50:02,950 >> Could not locate the tokenizer configuration file, will try to use the model config instead.
[INFO|configuration_utils.py:528] 2026-10-04 14:50:02,950 >> loading configuration file /work/unify-parameter-efficient-tuning/_setup/models/roberta-base/config.json
[INFO|configuration_utils.py:566] 2026-10-04 14:50:02,950 >> Model config RobertaConfig {
  "architectures": [
    "RobertaForMaskedLM"
  ],
  "attention_probs_dropout_prob": 0.1,
  "bos_token_id": 0,
  "eos_token_id": 2,
  "gradient_checkpointing": false,
  "hidden_act": "gelu",
  "hidden_dropout_prob": 0.1,
  "hidden_size": 768,
  "initializer_range": 0.02,
  "intermediate_size": 3072,
  "layer_norm_eps": 1e-05,
  "max_position_embeddings": 514,
  "model_type": "roberta",
  "num_attention_heads": 12,
  "num_hidden_layers": 12,
  "pad_token_id": 1,
  "position_embedding_type": "absolute",
  "transformers_version": "4.9.0.dev0",
  "type_vocab_size": 1,
  "use_cache": true,
  "vocab_size": 50265
}

[INFO|tokenization_utils_base.py:1651] 2026-10-04 14:50:02,950 >> Didn't find file /work/unify-parameter-efficient-tuning/_setup/models/roberta-base/added_tokens.json. We won't load it.
[INFO|tokenization_utils_base.py:1651] 2026-10-04 14:50:02,950 >> Didn't find file /work/unify-parameter-efficient-tuning/_setup/models/roberta-base/special_tokens_map.json. We won't load it.
[INFO|tokenization_utils_base.py:1651] 2026-10-04 14:50:02,951 >> Didn't find file /work/unify-parameter-efficient-tuning/_setup/models/roberta-base/tokenizer_config.json. We won't load it.
[INFO|tokenization_utils_base.py:1715] 2026-10-04 14:50:02,951 >> loading file /work/unify-parameter-efficient-tuning/_setup/models/roberta-base/vocab.json
[INFO|tokenization_utils_base.py:1715] 2026-10-04 14:50:02,951 >> loading file /work/unify-parameter-efficient-tuning/_setup/models/roberta-base/merges.txt
[INFO|tokenization_utils_base.py:1715] 2026-10-04 14:50:02,951 >> loading file /work/unify-parameter-efficient-tuning/_setup/models/roberta-base/tokenizer.json
[INFO|tokenization_utils_base.py:1715] 2026-10-04 14:50:02,951 >> loading file None
[INFO|tokenization_utils_base.py:1715] 2026-10-04 14:50:02,951 >> loading file None
[INFO|tokenization_utils_base.py:1715] 2026-10-04 14:50:02,951 >> loading file None
[INFO|modeling_utils.py:1159] 2026-10-04 14:50:02,988 >> loading weights file /work/unify-parameter-efficient-tuning/_setup/models/roberta-base/pytorch_model.bin
============================ init weights is called! ====================================
============================ init weights is called! ====================================
[WARNING|modeling_utils.py:1336] 2026-10-04 14:50:04,271 >> Some weights of the model checkpoint at /work/unify-parameter-efficient-tuning/_setup/models/roberta-base were not used when initializing RobertaForSequenceClassification: ['roberta.pooler.dense.weight', 'lm_head.layer_norm.bias', 'lm_head.bias', 'lm_head.dense.weight', 'lm_head.dense.bias', 'lm_head.layer_norm.weight', 'lm_head.decoder.weight', 'roberta.pooler.dense.bias']
- This IS expected if you are initializing RobertaForSequenceClassification from the checkpoint of a model trained on another task or with another architecture (e.g. initializing a BertForSequenceClassification model from a BertForPreTraining model).
- This IS NOT expected if you are initializing RobertaForSequenceClassification from the checkpoint of a model that you expect to be exactly identical (initializing a BertForSequenceClassification model from a BertForSequenceClassification model).
[WARNING|modeling_utils.py:1347] 2026-10-04 14:50:04,272 >> Some weights of RobertaForSequenceClassification were not initialized from the model checkpoint at /work/unify-parameter-efficient-tuning/_setup/models/roberta-base and are newly initialized: ['classifier.dense.bias', 'classifier.dense.weight', 'classifier.out_proj.weight', 'classifier.out_proj.bias']
You should probably TRAIN this model on a down-stream task to be able to use it for predictions and inference.
10/04/2026 14:50:04 - WARNING - datasets.fingerprint -   Parameter 'function'=<function main.<locals>.preprocess_function at 0x7fa2757fde50> of the transform datasets.arrow_dataset.Dataset._map_single couldn't be hashed properly, a random hash was used instead. Make sure your transforms and parameters are serializable with pickle or dill for the dataset fingerprinting and caching to work. If you reuse this transform, the caching mechanism will consider it to be different from the previous calls and recompute everything. This warning is only showed once. Subsequent hashing failures won't be showed.
10/04/2026 14:50:04 - WARNING - datasets.arrow_dataset -   Loading cached processed dataset at checkpoints/hf_model/glue/mnli/1.0.0/dacbe3125aa31d7f70367a07a8a9e72a5a0bfeb5fc42e75c9db75b96da6053ad/cache-1c80317fa3b1799d.arrow
10/04/2026 14:50:04 - WARNING - datasets.arrow_dataset -   Loading cached processed dataset at checkpoints/hf_model/glue/mnli/1.0.0/dacbe3125aa31d7f70367a07a8a9e72a5a0bfeb5fc42e75c9db75b96da6053ad/cache-bdd640fb06671ad1.arrow
10/04/2026 14:50:04 - WARNING - datasets.arrow_dataset -   Loading cached processed dataset at checkpoints/hf_model/glue/mnli/1.0.0/dacbe3125aa31d7f70367a07a8a9e72a5a0bfeb5fc42e75c9db75b96da6053ad/cache-3eb13b9046685257.arrow
10/04/2026 14:50:04 - WARNING - datasets.arrow_dataset -   Loading cached processed dataset at checkpoints/hf_model/glue/mnli/1.0.0/dacbe3125aa31d7f70367a07a8a9e72a5a0bfeb5fc42e75c9db75b96da6053ad/cache-23b8c1e9392456de.arrow
10/04/2026 14:50:04 - WARNING - datasets.arrow_dataset -   Loading cached processed dataset at checkpoints/hf_model/glue/mnli/1.0.0/dacbe3125aa31d7f70367a07a8a9e72a5a0bfeb5fc42e75c9db75b96da6053ad/cache-1a3d1fa7bc8960a9.arrow
10/04/2026 14:50:04 - INFO - __main__ -   Sample 354785 of the training set: {'attention_mask': [1, 1, 1, 1, 1, 1, 1, 1, 1, 1, 1, 1, 1, 1, 1, 1, 1, 1, 1, 1, 1, 1, 1, 1, 1, 1, 1, 1, 1, 1, 1, 1, 1, 1, 1, 1, 1, 1, 1, 1, 1, 1, 1, 1], 'hypothesis': 'The small town had little more that one street that was bordered by shops, houses and a train station.', 'idx': 354785, 'input_ids': [0, 133, 1139, 21, 410, 55, 87, 10, 881, 1049, 2014, 6, 741, 24932, 30, 6464, 8, 3960, 4, 2, 2, 133, 650, 1139, 56, 410, 55, 14, 65, 2014, 14, 21, 741, 24932, 30, 6464, 6, 3960, 8, 10, 2341, 1992, 4, 2], 'label': 1, 'premise': 'The town was little more than a single main street, bordered by shops and houses.'}.
10/04/2026 14:50:04 - INFO - __main__ -   Sample 388323 of the training set: {'attention_mask': [1, 1, 1, 1, 1, 1, 1, 1, 1, 1, 1, 1, 1, 1, 1, 1, 1, 1, 1, 1, 1, 1, 1, 1, 1, 1, 1, 1, 1, 1, 1, 1, 1, 1, 1, 1, 1, 1, 1, 1, 1, 1, 1, 1, 1, 1, 1, 1, 1, 1, 1, 1], 'hypothesis': 'Gisleburtus destroyed the tympanum of Jesus.', 'idx': 388323, 'input_ids': [0, 45943, 5772, 108, 1730, 16, 10, 5862, 11, 116, 5514, 25120, 14, 3649, 14, 5, 13152, 6195, 260, 783, 21, 5, 173, 9, 65, 313, 6, 272, 20491, 6747, 687, 36, 38981, 6747, 322, 2, 2, 534, 20491, 428, 7363, 687, 4957, 5, 13152, 6195, 260, 783, 9, 5772, 4, 2], 'label': 2, 'premise': "Below Jesus' feet is a Latin in?\xadscription that suggests that the tympanum was the work of one man, Gislebertus (Gilbert)."}.
10/04/2026 14:50:04 - INFO - __main__ -   Sample 285929 of the training set: {'attention_mask': [1, 1, 1, 1, 1, 1, 1, 1, 1, 1, 1, 1, 1, 1, 1, 1, 1, 1, 1, 1, 1, 1, 1, 1, 1, 1, 1, 1, 1, 1, 1, 1, 1, 1, 1, 1, 1, 1, 1, 1, 1, 1, 1, 1, 1, 1, 1, 1, 1, 1, 1, 1, 1, 1, 1, 1, 1, 1, 1, 1, 1, 1, 1, 1, 1, 1, 1, 1, 1, 1, 1, 1, 1, 1, 1, 1, 1, 1, 1, 1, 1, 1, 1, 1, 1, 1, 1, 1, 1, 1, 1, 1, 1, 1, 1, 1, 1, 1, 1, 1, 1, 1, 1, 1, 1, 1, 1, 1, 1, 1, 1, 1, 1, 1, 1, 1], 'hypothesis': "Critics appreciated the book of the scientist Richard Rhodes, which succeeded in explaining very carefully the mad-cow disease and other digressions, but it hasn't won any prize yet.", 'idx': 285929, 'input_ids': [0, 250, 750, 9, 7758, 12, 31645, 2199, 30, 3142, 2866, 3331, 2431, 16635, 36, 20, 11102, 9, 5, 30169, 14521, 32801, 11943, 8249, 16635, 108, 44876, 22907, 14086, 9, 2632, 12987, 27895, 25, 157, 25, 39, 1186, 5579, 627, 1040, 1171, 8512, 5224, 2485, 15, 559, 8, 17205, 12049, 8, 10, 2810, 15, 5, 4220, 3817, 10, 12821, 9421, 12, 5189, 3827, 15, 5, 2199, 54, 682, 4407, 2181, 7, 13200, 24472, 10, 410, 2143, 4, 2, 2, 47312, 10874, 5, 1040, 9, 5, 9744, 2431, 16635, 6, 61, 13227, 11, 8926, 182, 7015, 5, 7758, 12, 31645, 2199, 8, 97, 8512, 5224, 2485, 6, 53, 24, 2282, 75, 351, 143, 4588, 648, 4, 2], 'label': 1, 'premise': "A history of mad-cow disease by veteran science writer Richard Rhodes ( The Making of the Atomic Bomb ). Critics praise Rhodes' lucid explication of complex virology as well as his range--the book includes digressions on political and literary themes and a section on the scandal surrounding a Nobel Prize-winning expert on the disease who recently pleaded guilty to molesting a little boy."}.
[INFO|trainer.py:420] 2026-10-04 14:50:05,597 >> Using amp fp16 backend
/work/unify-parameter-efficient-tuning/src/transformers/trainer.py:430: FutureWarning: `torch.cuda.amp.GradScaler(args...)` is deprecated. Please use `torch.amp.GradScaler('cuda', args...)` instead.
  self.scaler = torch.cuda.amp.GradScaler()
[INFO|trainer.py:520] 2026-10-04 14:50:05,597 >> The following columns in the training set  don't have a corresponding argument in `PETLEncModel.forward` and have been ignored: premise, hypothesis, idx.
[INFO|trainer.py:1183] 2026-10-04 14:50:06,462 >> ***** Running training *****
[INFO|trainer.py:1184] 2026-10-04 14:50:06,462 >>   Num examples = 392702
[INFO|trainer.py:1185] 2026-10-04 14:50:06,462 >>   Num Epochs = 10
[INFO|trainer.py:1186] 2026-10-04 14:50:06,462 >>   Instantaneous batch size per device = 32
[INFO|trainer.py:1187] 2026-10-04 14:50:06,462 >>   Total train batch size (w. parallel, distributed & accumulation) = 32
[INFO|trainer.py:1188] 2026-10-04 14:50:06,462 >>   Gradient Accumulation steps = 1
[INFO|trainer.py:1189] 2026-10-04 14:50:06,462 >>   Total optimization steps = 122720
/work/unify-parameter-efficient-tuning/src/transformers/trainer.py:1784: FutureWarning: `torch.cuda.amp.autocast(args...)` is deprecated. Please use `torch.amp.autocast('cuda', args...)` instead.
  with autocast():
{'loss': 1.1004, 'learning_rate': 6.789788158609453e-07, 'epoch': 0.0}
{'loss': 1.1003, 'learning_rate': 1.3579576317218905e-06, 'epoch': 0.01}
{'loss': 1.1021, 'learning_rate': 2.0369364475828354e-06, 'epoch': 0.01}
{'loss': 1.0972, 'learning_rate': 2.715915263443781e-06, 'epoch': 0.02}
{'loss': 1.1018, 'learning_rate': 3.3948940793047257e-06, 'epoch': 0.02}
{'loss': 1.1016, 'learning_rate': 4.073872895165671e-06, 'epoch': 0.02}
{'loss': 1.1044, 'learning_rate': 4.752851711026616e-06, 'epoch': 0.03}
{'loss': 1.1005, 'learning_rate': 5.431830526887562e-06, 'epoch': 0.03}
{'loss': 1.1011, 'learning_rate': 6.110809342748506e-06, 'epoch': 0.04}
{'loss': 1.104, 'learning_rate': 6.7897881586094514e-06, 'epoch': 0.04}
{'loss': 1.0977, 'learning_rate': 7.468766974470397e-06, 'epoch': 0.04}
{'loss': 1.104, 'learning_rate': 8.147745790331342e-06, 'epoch': 0.05}
{'loss': 1.0989, 'learning_rate': 8.826724606192287e-06, 'epoch': 0.05}
{'loss': 1.0992, 'learning_rate': 9.505703422053232e-06, 'epoch': 0.06}
{'loss': 1.1004, 'learning_rate': 1.0184682237914179e-05, 'epoch': 0.06}
{'loss': 1.1023, 'learning_rate': 1.0863661053775124e-05, 'epoch': 0.07}
{'loss': 1.0998, 'learning_rate': 1.1542639869636067e-05, 'epoch': 0.07}
{'loss': 1.0974, 'learning_rate': 1.2221618685497013e-05, 'epoch': 0.07}
{'loss': 1.1016, 'learning_rate': 1.2900597501357958e-05, 'epoch': 0.08}
{'loss': 1.0998, 'learning_rate': 1.3579576317218903e-05, 'epoch': 0.08}
{'loss': 1.0998, 'learning_rate': 1.4258555133079848e-05, 'epoch': 0.09}
{'loss': 1.0978, 'learning_rate': 1.4937533948940793e-05, 'epoch': 0.09}
{'loss': 1.098, 'learning_rate': 1.561651276480174e-05, 'epoch': 0.09}
{'loss': 1.0992, 'learning_rate': 1.6295491580662683e-05, 'epoch': 0.1}
{'loss': 1.0979, 'learning_rate': 1.6974470396523627e-05, 'epoch': 0.1}
{'loss': 1.0983, 'learning_rate': 1.7653449212384574e-05, 'epoch': 0.11}
{'loss': 1.0987, 'learning_rate': 1.8332428028245517e-05, 'epoch': 0.11}
{'loss': 1.1, 'learning_rate': 1.9011406844106464e-05, 'epoch': 0.11}
{'loss': 1.0993, 'learning_rate': 1.9690385659967407e-05, 'epoch': 0.12}
{'loss': 1.0995, 'learning_rate': 2.0369364475828358e-05, 'epoch': 0.12}
{'loss': 1.1012, 'learning_rate': 2.10483432916893e-05, 'epoch': 0.13}
{'loss': 1.0994, 'learning_rate': 2.1727322107550248e-05, 'epoch': 0.13}
{'loss': 1.0984, 'learning_rate': 2.240630092341119e-05, 'epoch': 0.13}
{'loss': 1.0996, 'learning_rate': 2.3085279739272135e-05, 'epoch': 0.14}
{'loss': 1.1011, 'learning_rate': 2.3764258555133082e-05, 'epoch': 0.14}
{'loss': 1.0979, 'learning_rate': 2.4443237370994025e-05, 'epoch': 0.15}
{'loss': 1.1014, 'learning_rate': 2.512221618685497e-05, 'epoch': 0.15}
{'loss': 1.1003, 'learning_rate': 2.5801195002715915e-05, 'epoch': 0.15}
{'loss': 1.0985, 'learning_rate': 2.6480173818576866e-05, 'epoch': 0.16}
{'loss': 1.0984, 'learning_rate': 2.7159152634437806e-05, 'epoch': 0.16}
{'loss': 1.0996, 'learning_rate': 2.7838131450298756e-05, 'epoch': 0.17}
{'loss': 1.0981, 'learning_rate': 2.8517110266159696e-05, 'epoch': 0.17}
{'loss': 1.0983, 'learning_rate': 2.9196089082020643e-05, 'epoch': 0.18}
{'loss': 1.0985, 'learning_rate': 2.9875067897881586e-05, 'epoch': 0.18}
{'loss': 1.0982, 'learning_rate': 3.055404671374253e-05, 'epoch': 0.18}
{'loss': 1.0979, 'learning_rate': 3.123302552960348e-05, 'epoch': 0.19}
{'loss': 1.0941, 'learning_rate': 3.191200434546443e-05, 'epoch': 0.19}
{'loss': 1.0942, 'learning_rate': 3.259098316132537e-05, 'epoch': 0.2}
{'loss': 1.0925, 'learning_rate': 3.3269961977186314e-05, 'epoch': 0.2}
{'loss': 1.0882, 'learning_rate': 3.3948940793047254e-05, 'epoch': 0.2}
{'loss': 1.0816, 'learning_rate': 3.462791960890821e-05, 'epoch': 0.21}
{'loss': 1.0536, 'learning_rate': 3.530689842476915e-05, 'epoch': 0.21}
{'loss': 1.0389, 'learning_rate': 3.5985877240630094e-05, 'epoch': 0.22}
{'loss': 1.0184, 'learning_rate': 3.6664856056491034e-05, 'epoch': 0.22}
{'loss': 0.9866, 'learning_rate': 3.7330255296034763e-05, 'epoch': 0.22}
{'loss': 0.9837, 'learning_rate': 3.800923411189571e-05, 'epoch': 0.23}
{'loss': 0.9946, 'learning_rate': 3.868821292775666e-05, 'epoch': 0.23}
{'loss': 0.9583, 'learning_rate': 3.93671917436176e-05, 'epoch': 0.24}
{'loss': 0.9362, 'learning_rate': 4.0046170559478544e-05, 'epoch': 0.24}
{'loss': 0.9115, 'learning_rate': 4.072514937533949e-05, 'epoch': 0.24}
{'loss': 0.8759, 'learning_rate': 4.140412819120044e-05, 'epoch': 0.25}
{'loss': 0.8698, 'learning_rate': 4.2083107007061384e-05, 'epoch': 0.25}
{'loss': 0.8338, 'learning_rate': 4.2762085822922325e-05, 'epoch': 0.26}
{'loss': 0.8491, 'learning_rate': 4.344106463878327e-05, 'epoch': 0.26}
{'loss': 0.8039, 'learning_rate': 4.412004345464422e-05, 'epoch': 0.26}
{'loss': 0.7972, 'learning_rate': 4.4799022270505165e-05, 'epoch': 0.27}
{'loss': 0.7908, 'learning_rate': 4.5478001086366105e-05, 'epoch': 0.27}
{'loss': 0.7772, 'learning_rate': 4.615697990222705e-05, 'epoch': 0.28}
{'loss': 0.7752, 'learning_rate': 4.6835958718088e-05, 'epoch': 0.28}
{'loss': 0.774, 'learning_rate': 4.7514937533948946e-05, 'epoch': 0.29}
{'loss': 0.7268, 'learning_rate': 4.8193916349809886e-05, 'epoch': 0.29}
{'loss': 0.7666, 'learning_rate': 4.887289516567083e-05, 'epoch': 0.29}
{'loss': 0.728, 'learning_rate': 4.955187398153178e-05, 'epoch': 0.3}
{'loss': 0.7002, 'learning_rate': 5.02172732210755e-05, 'epoch': 0.3}
{'loss': 0.7085, 'learning_rate': 5.0896252036936455e-05, 'epoch': 0.31}
{'loss': 0.7098, 'learning_rate': 5.1575230852797395e-05, 'epoch': 0.31}
{'loss': 0.6698, 'learning_rate': 5.2254209668658335e-05, 'epoch': 0.31}
{'loss': 0.6754, 'learning_rate': 5.293318848451928e-05, 'epoch': 0.32}
{'loss': 0.7025, 'learning_rate': 5.3612167300380236e-05, 'epoch': 0.32}
{'loss': 0.6693, 'learning_rate': 5.4291146116241176e-05, 'epoch': 0.33}
{'loss': 0.6693, 'learning_rate': 5.4970124932102116e-05, 'epoch': 0.33}
{'loss': 0.67, 'learning_rate': 5.564910374796307e-05, 'epoch': 0.33}
{'loss': 0.6582, 'learning_rate': 5.6328082563824016e-05, 'epoch': 0.34}
{'loss': 0.6555, 'learning_rate': 5.7007061379684956e-05, 'epoch': 0.34}
{'loss': 0.6514, 'learning_rate': 5.7686040195545896e-05, 'epoch': 0.35}
{'loss': 0.6596, 'learning_rate': 5.836501901140685e-05, 'epoch': 0.35}
{'loss': 0.6411, 'learning_rate': 5.90439978272678e-05, 'epoch': 0.35}
{'loss': 0.636, 'learning_rate': 5.972297664312874e-05, 'epoch': 0.36}
{'loss': 0.6409, 'learning_rate': 6.040195545898968e-05, 'epoch': 0.36}
{'loss': 0.6151, 'learning_rate': 6.108093427485063e-05, 'epoch': 0.37}
{'loss': 0.6319, 'learning_rate': 6.175991309071158e-05, 'epoch': 0.37}
{'loss': 0.6678, 'learning_rate': 6.243889190657251e-05, 'epoch': 0.37}
{'loss': 0.6082, 'learning_rate': 6.311787072243346e-05, 'epoch': 0.38}
{'loss': 0.6553, 'learning_rate': 6.379684953829442e-05, 'epoch': 0.38}
{'loss': 0.6263, 'learning_rate': 6.447582835415535e-05, 'epoch': 0.39}
{'loss': 0.6523, 'learning_rate': 6.51548071700163e-05, 'epoch': 0.39}
{'loss': 0.6048, 'learning_rate': 6.583378598587724e-05, 'epoch': 0.4}
{'loss': 0.6199, 'learning_rate': 6.651276480173819e-05, 'epoch': 0.4}
{'loss': 0.6197, 'learning_rate': 6.719174361759914e-05, 'epoch': 0.4}
{'loss': 0.6213, 'learning_rate': 6.787072243346007e-05, 'epoch': 0.41}
{'loss': 0.6083, 'learning_rate': 6.854970124932103e-05, 'epoch': 0.41}
{'loss': 0.5941, 'learning_rate': 6.922868006518197e-05, 'epoch': 0.42}
{'loss': 0.6475, 'learning_rate': 6.990765888104291e-05, 'epoch': 0.42}
{'loss': 0.6407, 'learning_rate': 7.058663769690386e-05, 'epoch': 0.42}
{'loss': 0.661, 'learning_rate': 7.12656165127648e-05, 'epoch': 0.43}
{'loss': 0.6191, 'learning_rate': 7.194459532862575e-05, 'epoch': 0.43}
{'loss': 0.6031, 'learning_rate': 7.26235741444867e-05, 'epoch': 0.44}
{'loss': 0.6248, 'learning_rate': 7.330255296034763e-05, 'epoch': 0.44}
{'loss': 0.6373, 'learning_rate': 7.39815317762086e-05, 'epoch': 0.44}
{'loss': 0.6079, 'learning_rate': 7.466051059206953e-05, 'epoch': 0.45}
{'loss': 0.5884, 'learning_rate': 7.533948940793047e-05, 'epoch': 0.45}
{'loss': 0.6097, 'learning_rate': 7.601846822379142e-05, 'epoch': 0.46}
{'loss': 0.5954, 'learning_rate': 7.669744703965237e-05, 'epoch': 0.46}
{'loss': 0.6101, 'learning_rate': 7.737642585551331e-05, 'epoch': 0.46}
{'loss': 0.629, 'learning_rate': 7.805540467137426e-05, 'epoch': 0.47}
{'loss': 0.5913, 'learning_rate': 7.87343834872352e-05, 'epoch': 0.47}
{'loss': 0.6003, 'learning_rate': 7.941336230309615e-05, 'epoch': 0.48}
{'loss': 0.5936, 'learning_rate': 8.009234111895709e-05, 'epoch': 0.48}
{'loss': 0.5921, 'learning_rate': 8.077131993481803e-05, 'epoch': 0.48}
{'loss': 0.625, 'learning_rate': 8.145029875067898e-05, 'epoch': 0.49}
{'loss': 0.592, 'learning_rate': 8.212927756653993e-05, 'epoch': 0.49}
{'loss': 0.5752, 'learning_rate': 8.279467680608365e-05, 'epoch': 0.5}
{'loss': 0.6114, 'learning_rate': 8.34736556219446e-05, 'epoch': 0.5}
{'loss': 0.6102, 'learning_rate': 8.415263443780554e-05, 'epoch': 0.51}
{'loss': 0.577, 'learning_rate': 8.483161325366649e-05, 'epoch': 0.51}
{'loss': 0.6155, 'learning_rate': 8.551059206952744e-05, 'epoch': 0.51}
{'loss': 0.6131, 'learning_rate': 8.618957088538838e-05, 'epoch': 0.52}
{'loss': 0.5896, 'learning_rate': 8.686854970124932e-05, 'epoch': 0.52}
{'loss': 0.585, 'learning_rate': 8.754752851711026e-05, 'epoch': 0.53}
{'loss': 0.6149, 'learning_rate': 8.822650733297123e-05, 'epoch': 0.53}
{'loss': 0.5766, 'learning_rate': 8.890548614883216e-05, 'epoch': 0.53}
{'loss': 0.6103, 'learning_rate': 8.95844649646931e-05, 'epoch': 0.54}
{'loss': 0.6134, 'learning_rate': 9.026344378055405e-05, 'epoch': 0.54}
{'loss': 0.5541, 'learning_rate': 9.0942422596415e-05, 'epoch': 0.55}
{'loss': 0.5582, 'learning_rate': 9.162140141227595e-05, 'epoch': 0.55}
{'loss': 0.6082, 'learning_rate': 9.230038022813688e-05, 'epoch': 0.55}
{'loss': 0.5814, 'learning_rate': 9.297935904399783e-05, 'epoch': 0.56}
{'loss': 0.579, 'learning_rate': 9.365833785985879e-05, 'epoch': 0.56}
{'loss': 0.5895, 'learning_rate': 9.433731667571972e-05, 'epoch': 0.57}
{'loss': 0.5741, 'learning_rate': 9.501629549158067e-05, 'epoch': 0.57}
{'loss': 0.5705, 'learning_rate': 9.569527430744161e-05, 'epoch': 0.57}
{'loss': 0.5649, 'learning_rate': 9.637425312330256e-05, 'epoch': 0.58}
{'loss': 0.5784, 'learning_rate': 9.705323193916351e-05, 'epoch': 0.58}
{'loss': 0.5755, 'learning_rate': 9.773221075502444e-05, 'epoch': 0.59}
{'loss': 0.5784, 'learning_rate': 9.84111895708854e-05, 'epoch': 0.59}
{'loss': 0.5892, 'learning_rate': 9.909016838674633e-05, 'epoch': 0.59}
{'loss': 0.5648, 'learning_rate': 9.976914720260728e-05, 'epoch': 0.6}
{'loss': 0.5744, 'learning_rate': 9.997142151253512e-05, 'epoch': 0.6}
{'loss': 0.6239, 'learning_rate': 9.992812077395195e-05, 'epoch': 0.61}
{'loss': 0.5678, 'learning_rate': 9.988482003536877e-05, 'epoch': 0.61}
{'loss': 0.5656, 'learning_rate': 9.984151929678561e-05, 'epoch': 0.62}
{'loss': 0.5322, 'learning_rate': 9.979821855820244e-05, 'epoch': 0.62}
{'loss': 0.553, 'learning_rate': 9.975491781961926e-05, 'epoch': 0.62}
{'loss': 0.5799, 'learning_rate': 9.97116170810361e-05, 'epoch': 0.63}
{'loss': 0.6244, 'learning_rate': 9.966831634245293e-05, 'epoch': 0.63}
{'loss': 0.5743, 'learning_rate': 9.962501560386977e-05, 'epoch': 0.64}
{'loss': 0.6055, 'learning_rate': 9.95817148652866e-05, 'epoch': 0.64}
{'loss': 0.5418, 'learning_rate': 9.953841412670342e-05, 'epoch': 0.64}
{'loss': 0.5644, 'learning_rate': 9.949511338812026e-05, 'epoch': 0.65}
{'loss': 0.5833, 'learning_rate': 9.94518126495371e-05, 'epoch': 0.65}
{'loss': 0.5452, 'learning_rate': 9.940851191095391e-05, 'epoch': 0.66}
{'loss': 0.5993, 'learning_rate': 9.936521117237075e-05, 'epoch': 0.66}
{'loss': 0.562, 'learning_rate': 9.932191043378758e-05, 'epoch': 0.66}
{'loss': 0.5679, 'learning_rate': 9.92786096952044e-05, 'epoch': 0.67}
{'loss': 0.5508, 'learning_rate': 9.923530895662125e-05, 'epoch': 0.67}
{'loss': 0.5563, 'learning_rate': 9.919200821803809e-05, 'epoch': 0.68}
{'loss': 0.5665, 'learning_rate': 9.914870747945491e-05, 'epoch': 0.68}
{'loss': 0.5598, 'learning_rate': 9.910540674087174e-05, 'epoch': 0.68}
{'loss': 0.5422, 'learning_rate': 9.906210600228858e-05, 'epoch': 0.69}
{'loss': 0.5374, 'learning_rate': 9.90188052637054e-05, 'epoch': 0.69}
{'loss': 0.5622, 'learning_rate': 9.897550452512224e-05, 'epoch': 0.7}
{'loss': 0.58, 'learning_rate': 9.893220378653906e-05, 'epoch': 0.7}
{'loss': 0.5885, 'learning_rate': 9.888890304795589e-05, 'epoch': 0.7}
{'loss': 0.5434, 'learning_rate': 9.884560230937273e-05, 'epoch': 0.71}
{'loss': 0.5435, 'learning_rate': 9.880230157078956e-05, 'epoch': 0.71}
{'loss': 0.5486, 'learning_rate': 9.87590008322064e-05, 'epoch': 0.72}
{'loss': 0.5579, 'learning_rate': 9.871570009362323e-05, 'epoch': 0.72}
{'loss': 0.5388, 'learning_rate': 9.867239935504005e-05, 'epoch': 0.73}
{'loss': 0.5357, 'learning_rate': 9.862909861645689e-05, 'epoch': 0.73}
{'loss': 0.5137, 'learning_rate': 9.858579787787372e-05, 'epoch': 0.73}
{'loss': 0.5482, 'learning_rate': 9.854249713929054e-05, 'epoch': 0.74}
{'loss': 0.5716, 'learning_rate': 9.850006241547904e-05, 'epoch': 0.74}
{'loss': 0.5116, 'learning_rate': 9.845676167689588e-05, 'epoch': 0.75}
{'loss': 0.5139, 'learning_rate': 9.84134609383127e-05, 'epoch': 0.75}
{'loss': 0.5447, 'learning_rate': 9.837016019972953e-05, 'epoch': 0.75}
{'loss': 0.5695, 'learning_rate': 9.832685946114637e-05, 'epoch': 0.76}
{'loss': 0.528, 'learning_rate': 9.82835587225632e-05, 'epoch': 0.76}
{'loss': 0.5654, 'learning_rate': 9.824025798398004e-05, 'epoch': 0.77}
{'loss': 0.5363, 'learning_rate': 9.819695724539686e-05, 'epoch': 0.77}
{'loss': 0.5546, 'learning_rate': 9.81536565068137e-05, 'epoch': 0.77}
{'loss': 0.4974, 'learning_rate': 9.811035576823053e-05, 'epoch': 0.78}
{'loss': 0.569, 'learning_rate': 9.806705502964735e-05, 'epoch': 0.78}
{'loss': 0.5452, 'learning_rate': 9.802375429106419e-05, 'epoch': 0.79}
{'loss': 0.5163, 'learning_rate': 9.798045355248102e-05, 'epoch': 0.79}
{'loss': 0.5312, 'learning_rate': 9.793715281389786e-05, 'epoch': 0.79}
{'loss': 0.5478, 'learning_rate': 9.789385207531469e-05, 'epoch': 0.8}
{'loss': 0.5101, 'learning_rate': 9.785055133673151e-05, 'epoch': 0.8}
{'loss': 0.5084, 'learning_rate': 9.780725059814835e-05, 'epoch': 0.81}
{'loss': 0.5335, 'learning_rate': 9.776394985956518e-05, 'epoch': 0.81}
{'loss': 0.5362, 'learning_rate': 9.7720649120982e-05, 'epoch': 0.81}
{'loss': 0.5218, 'learning_rate': 9.767734838239884e-05, 'epoch': 0.82}
{'loss': 0.5705, 'learning_rate': 9.763404764381567e-05, 'epoch': 0.82}
{'loss': 0.5697, 'learning_rate': 9.759074690523249e-05, 'epoch': 0.83}
{'loss': 0.5275, 'learning_rate': 9.754744616664934e-05, 'epoch': 0.83}
{'loss': 0.5234, 'learning_rate': 9.750414542806618e-05, 'epoch': 0.84}
{'loss': 0.5144, 'learning_rate': 9.7460844689483e-05, 'epoch': 0.84}
{'loss': 0.518, 'learning_rate': 9.741754395089983e-05, 'epoch': 0.84}
{'loss': 0.553, 'learning_rate': 9.737424321231665e-05, 'epoch': 0.85}
{'loss': 0.5389, 'learning_rate': 9.733094247373349e-05, 'epoch': 0.85}
{'loss': 0.5469, 'learning_rate': 9.728764173515032e-05, 'epoch': 0.86}
{'loss': 0.5379, 'learning_rate': 9.724434099656714e-05, 'epoch': 0.86}
{'loss': 0.5422, 'learning_rate': 9.720104025798398e-05, 'epoch': 0.86}
{'loss': 0.489, 'learning_rate': 9.715773951940081e-05, 'epoch': 0.87}
{'loss': 0.5696, 'learning_rate': 9.711443878081765e-05, 'epoch': 0.87}
{'loss': 0.4815, 'learning_rate': 9.707113804223448e-05, 'epoch': 0.88}
{'loss': 0.5098, 'learning_rate': 9.702783730365132e-05, 'epoch': 0.88}
{'loss': 0.5612, 'learning_rate': 9.698453656506814e-05, 'epoch': 0.88}
{'loss': 0.5721, 'learning_rate': 9.694123582648497e-05, 'epoch': 0.89}
{'loss': 0.5434, 'learning_rate': 9.68979350879018e-05, 'epoch': 0.89}
{'loss': 0.5347, 'learning_rate': 9.685463434931863e-05, 'epoch': 0.9}
{'loss': 0.5406, 'learning_rate': 9.681133361073546e-05, 'epoch': 0.9}
{'loss': 0.5208, 'learning_rate': 9.67680328721523e-05, 'epoch': 0.9}
{'loss': 0.5261, 'learning_rate': 9.672473213356913e-05, 'epoch': 0.91}
{'loss': 0.5259, 'learning_rate': 9.668143139498597e-05, 'epoch': 0.91}
{'loss': 0.5507, 'learning_rate': 9.663813065640279e-05, 'epoch': 0.92}
{'loss': 0.53, 'learning_rate': 9.659482991781962e-05, 'epoch': 0.92}
{'loss': 0.5633, 'learning_rate': 9.655152917923646e-05, 'epoch': 0.92}
{'loss': 0.5457, 'learning_rate': 9.650822844065328e-05, 'epoch': 0.93}
{'loss': 0.5182, 'learning_rate': 9.646492770207012e-05, 'epoch': 0.93}
{'loss': 0.5315, 'learning_rate': 9.642162696348695e-05, 'epoch': 0.94}
{'loss': 0.5291, 'learning_rate': 9.637832622490378e-05, 'epoch': 0.94}
{'loss': 0.571, 'learning_rate': 9.633502548632062e-05, 'epoch': 0.95}
{'loss': 0.5072, 'learning_rate': 9.629172474773744e-05, 'epoch': 0.95}
{'loss': 0.4835, 'learning_rate': 9.624842400915428e-05, 'epoch': 0.95}
{'loss': 0.5425, 'learning_rate': 9.620512327057111e-05, 'epoch': 0.96}
{'loss': 0.5482, 'learning_rate': 9.616182253198793e-05, 'epoch': 0.96}
{'loss': 0.5438, 'learning_rate': 9.611852179340477e-05, 'epoch': 0.97}
{'loss': 0.5267, 'learning_rate': 9.60752210548216e-05, 'epoch': 0.97}
{'loss': 0.5349, 'learning_rate': 9.603192031623844e-05, 'epoch': 0.97}
{'loss': 0.5568, 'learning_rate': 9.598861957765527e-05, 'epoch': 0.98}
{'loss': 0.5389, 'learning_rate': 9.59453188390721e-05, 'epoch': 0.98}
{'loss': 0.5605, 'learning_rate': 9.590201810048893e-05, 'epoch': 0.99}
{'loss': 0.4992, 'learning_rate': 9.585871736190576e-05, 'epoch': 0.99}
{'loss': 0.4993, 'learning_rate': 9.581541662332258e-05, 'epoch': 0.99}
{'loss': 0.5501, 'learning_rate': 9.577211588473942e-05, 'epoch': 1.0}
[INFO|trainer.py:520] 2026-10-04 14:57:47,693 >> The following columns in the evaluation set  don't have a corresponding argument in `PETLEncModel.forward` and have been ignored: premise, hypothesis, idx.
[INFO|trainer.py:2179] 2026-10-04 14:57:47,695 >> ***** Running Evaluation *****
[INFO|trainer.py:2181] 2026-10-04 14:57:47,695 >>   Num examples = 9815
[INFO|trainer.py:2184] 2026-10-04 14:57:47,695 >>   Batch size = 32
{'eval_loss': 0.48481762409210205, 'eval_accuracy': 0.8191543555781966, 'eval_runtime': 14.0736, 'eval_samples_per_second': 697.406, 'eval_steps_per_second': 21.814, 'epoch': 1.0}
[INFO|trainer.py:1933] 2026-10-04 14:58:01,770 >> Saving model checkpoint to checkpoints/glue/mnli/20261004/glue.mnli.prefix.am_prefix.ao_concat.fm_none.fo_parallel.abn.fbn.ac_add.fl_none.finit_lora.fs_4.unfrz_ef_.ne10.warm0.06.wd0.1.seed42./checkpoint-12272
[INFO|configuration_utils.py:364] 2026-10-04 14:58:01,771 >> Configuration saved in checkpoints/glue/mnli/20261004/glue.mnli.prefix.am_prefix.ao_concat.fm_none.fo_parallel.abn.fbn.ac_add.fl_none.finit_lora.fs_4.unfrz_ef_.ne10.warm0.06.wd0.1.seed42./checkpoint-12272/config.json
[INFO|modeling_utils.py:898] 2026-10-04 14:58:02,242 >> Model weights saved in checkpoints/glue/mnli/20261004/glue.mnli.prefix.am_prefix.ao_concat.fm_none.fo_parallel.abn.fbn.ac_add.fl_none.finit_lora.fs_4.unfrz_ef_.ne10.warm0.06.wd0.1.seed42./checkpoint-12272/pytorch_model.bin
[INFO|tokenization_utils_base.py:1948] 2026-10-04 14:58:02,244 >> tokenizer config file saved in checkpoints/glue/mnli/20261004/glue.mnli.prefix.am_prefix.ao_concat.fm_none.fo_parallel.abn.fbn.ac_add.fl_none.finit_lora.fs_4.unfrz_ef_.ne10.warm0.06.wd0.1.seed42./checkpoint-12272/tokenizer_config.json
[INFO|tokenization_utils_base.py:1954] 2026-10-04 14:58:02,244 >> Special tokens file saved in checkpoints/glue/mnli/20261004/glue.mnli.prefix.am_prefix.ao_concat.fm_none.fo_parallel.abn.fbn.ac_add.fl_none.finit_lora.fs_4.unfrz_ef_.ne10.warm0.06.wd0.1.seed42./checkpoint-12272/special_tokens_map.json
/work/unify-parameter-efficient-tuning/src/transformers/trainer.py:1784: FutureWarning: `torch.cuda.amp.autocast(args...)` is deprecated. Please use `torch.amp.autocast('cuda', args...)` instead.
  with autocast():
{'loss': 0.5336, 'learning_rate': 9.572881514615625e-05, 'epoch': 1.0}
{'loss': 0.5442, 'learning_rate': 9.568551440757307e-05, 'epoch': 1.01}
{'loss': 0.5058, 'learning_rate': 9.564221366898991e-05, 'epoch': 1.01}
{'loss': 0.5132, 'learning_rate': 9.559891293040676e-05, 'epoch': 1.01}
{'loss': 0.4927, 'learning_rate': 9.555561219182358e-05, 'epoch': 1.02}
{'loss': 0.553, 'learning_rate': 9.551231145324041e-05, 'epoch': 1.02}
{'loss': 0.5512, 'learning_rate': 9.546901071465725e-05, 'epoch': 1.03}
{'loss': 0.5262, 'learning_rate': 9.542570997607407e-05, 'epoch': 1.03}
{'loss': 0.5302, 'learning_rate': 9.53824092374909e-05, 'epoch': 1.03}
{'loss': 0.5234, 'learning_rate': 9.533910849890774e-05, 'epoch': 1.04}
{'loss': 0.5242, 'learning_rate': 9.529580776032456e-05, 'epoch': 1.04}
{'loss': 0.5284, 'learning_rate': 9.52525070217414e-05, 'epoch': 1.05}
{'loss': 0.4939, 'learning_rate': 9.520920628315823e-05, 'epoch': 1.05}
{'loss': 0.5042, 'learning_rate': 9.516590554457506e-05, 'epoch': 1.06}
{'loss': 0.5293, 'learning_rate': 9.51226048059919e-05, 'epoch': 1.06}
{'loss': 0.5442, 'learning_rate': 9.507930406740872e-05, 'epoch': 1.06}
{'loss': 0.4993, 'learning_rate': 9.503686934359722e-05, 'epoch': 1.07}
{'loss': 0.5081, 'learning_rate': 9.499443461978571e-05, 'epoch': 1.07}
{'loss': 0.5457, 'learning_rate': 9.495113388120254e-05, 'epoch': 1.08}
{'loss': 0.5001, 'learning_rate': 9.490783314261938e-05, 'epoch': 1.08}
{'loss': 0.5007, 'learning_rate': 9.486453240403621e-05, 'epoch': 1.08}
{'loss': 0.5403, 'learning_rate': 9.482123166545303e-05, 'epoch': 1.09}
{'loss': 0.5138, 'learning_rate': 9.477793092686987e-05, 'epoch': 1.09}
{'loss': 0.523, 'learning_rate': 9.473463018828669e-05, 'epoch': 1.1}
{'loss': 0.5085, 'learning_rate': 9.469132944970353e-05, 'epoch': 1.1}
{'loss': 0.5283, 'learning_rate': 9.464802871112036e-05, 'epoch': 1.1}
{'loss': 0.5116, 'learning_rate': 9.46047279725372e-05, 'epoch': 1.11}
{'loss': 0.5194, 'learning_rate': 9.456142723395403e-05, 'epoch': 1.11}
{'loss': 0.5402, 'learning_rate': 9.451812649537086e-05, 'epoch': 1.12}
{'loss': 0.5229, 'learning_rate': 9.447482575678769e-05, 'epoch': 1.12}
{'loss': 0.5077, 'learning_rate': 9.443152501820452e-05, 'epoch': 1.12}
{'loss': 0.4872, 'learning_rate': 9.438822427962136e-05, 'epoch': 1.13}
{'loss': 0.5102, 'learning_rate': 9.434492354103818e-05, 'epoch': 1.13}
{'loss': 0.5215, 'learning_rate': 9.430162280245501e-05, 'epoch': 1.14}
{'loss': 0.528, 'learning_rate': 9.425832206387185e-05, 'epoch': 1.14}
{'loss': 0.4904, 'learning_rate': 9.421502132528868e-05, 'epoch': 1.14}
{'loss': 0.4855, 'learning_rate': 9.417172058670552e-05, 'epoch': 1.15}
{'loss': 0.5139, 'learning_rate': 9.412841984812234e-05, 'epoch': 1.15}
{'loss': 0.4882, 'learning_rate': 9.408511910953917e-05, 'epoch': 1.16}
{'loss': 0.5136, 'learning_rate': 9.4041818370956e-05, 'epoch': 1.16}
{'loss': 0.4894, 'learning_rate': 9.399851763237283e-05, 'epoch': 1.17}
{'loss': 0.4867, 'learning_rate': 9.395521689378966e-05, 'epoch': 1.17}
{'loss': 0.5411, 'learning_rate': 9.39119161552065e-05, 'epoch': 1.17}
{'loss': 0.5354, 'learning_rate': 9.386861541662332e-05, 'epoch': 1.18}
{'loss': 0.5026, 'learning_rate': 9.382531467804015e-05, 'epoch': 1.18}
{'loss': 0.5191, 'learning_rate': 9.3782013939457e-05, 'epoch': 1.19}
{'loss': 0.5103, 'learning_rate': 9.373871320087382e-05, 'epoch': 1.19}
{'loss': 0.4794, 'learning_rate': 9.369541246229066e-05, 'epoch': 1.19}
{'loss': 0.5114, 'learning_rate': 9.365211172370748e-05, 'epoch': 1.2}
{'loss': 0.5114, 'learning_rate': 9.360881098512431e-05, 'epoch': 1.2}
{'loss': 0.5168, 'learning_rate': 9.356551024654115e-05, 'epoch': 1.21}
{'loss': 0.5291, 'learning_rate': 9.352220950795797e-05, 'epoch': 1.21}
{'loss': 0.5258, 'learning_rate': 9.34789087693748e-05, 'epoch': 1.21}
{'loss': 0.4948, 'learning_rate': 9.343560803079164e-05, 'epoch': 1.22}
{'loss': 0.4987, 'learning_rate': 9.339230729220847e-05, 'epoch': 1.22}
{'loss': 0.4989, 'learning_rate': 9.334900655362531e-05, 'epoch': 1.23}
{'loss': 0.5061, 'learning_rate': 9.330570581504214e-05, 'epoch': 1.23}
{'loss': 0.5066, 'learning_rate': 9.326240507645896e-05, 'epoch': 1.23}
{'loss': 0.4923, 'learning_rate': 9.32191043378758e-05, 'epoch': 1.24}
{'loss': 0.5018, 'learning_rate': 9.317580359929263e-05, 'epoch': 1.24}
{'loss': 0.4912, 'learning_rate': 9.313250286070945e-05, 'epoch': 1.25}
{'loss': 0.514, 'learning_rate': 9.308920212212629e-05, 'epoch': 1.25}
{'loss': 0.5254, 'learning_rate': 9.304590138354312e-05, 'epoch': 1.25}
{'loss': 0.4739, 'learning_rate': 9.300260064495996e-05, 'epoch': 1.26}
{'loss': 0.471, 'learning_rate': 9.29592999063768e-05, 'epoch': 1.26}
{'loss': 0.5152, 'learning_rate': 9.291599916779362e-05, 'epoch': 1.27}
{'loss': 0.4878, 'learning_rate': 9.287269842921045e-05, 'epoch': 1.27}
{'loss': 0.5185, 'learning_rate': 9.282939769062728e-05, 'epoch': 1.28}
{'loss': 0.4805, 'learning_rate': 9.27860969520441e-05, 'epoch': 1.28}
{'loss': 0.5105, 'learning_rate': 9.274279621346094e-05, 'epoch': 1.28}
{'loss': 0.4959, 'learning_rate': 9.269949547487776e-05, 'epoch': 1.29}
{'loss': 0.5041, 'learning_rate': 9.265706075106626e-05, 'epoch': 1.29}
{'loss': 0.4993, 'learning_rate': 9.26137600124831e-05, 'epoch': 1.3}
{'loss': 0.498, 'learning_rate': 9.257045927389993e-05, 'epoch': 1.3}
{'loss': 0.4983, 'learning_rate': 9.252715853531677e-05, 'epoch': 1.3}
{'loss': 0.4856, 'learning_rate': 9.24838577967336e-05, 'epoch': 1.31}
{'loss': 0.5158, 'learning_rate': 9.244055705815042e-05, 'epoch': 1.31}
{'loss': 0.498, 'learning_rate': 9.239725631956726e-05, 'epoch': 1.32}
{'loss': 0.4962, 'learning_rate': 9.23539555809841e-05, 'epoch': 1.32}
{'loss': 0.4998, 'learning_rate': 9.231065484240091e-05, 'epoch': 1.32}
{'loss': 0.5052, 'learning_rate': 9.226735410381775e-05, 'epoch': 1.33}
{'loss': 0.4836, 'learning_rate': 9.222405336523458e-05, 'epoch': 1.33}
{'loss': 0.4969, 'learning_rate': 9.21807526266514e-05, 'epoch': 1.34}
{'loss': 0.5298, 'learning_rate': 9.213745188806824e-05, 'epoch': 1.34}
{'loss': 0.5213, 'learning_rate': 9.209415114948508e-05, 'epoch': 1.34}
{'loss': 0.4925, 'learning_rate': 9.205085041090191e-05, 'epoch': 1.35}
{'loss': 0.5207, 'learning_rate': 9.200754967231874e-05, 'epoch': 1.35}
{'loss': 0.5142, 'learning_rate': 9.196424893373557e-05, 'epoch': 1.36}
{'loss': 0.5109, 'learning_rate': 9.19209481951524e-05, 'epoch': 1.36}
{'loss': 0.5225, 'learning_rate': 9.187764745656924e-05, 'epoch': 1.36}
{'loss': 0.4837, 'learning_rate': 9.183434671798606e-05, 'epoch': 1.37}
{'loss': 0.5103, 'learning_rate': 9.179104597940289e-05, 'epoch': 1.37}
{'loss': 0.4565, 'learning_rate': 9.174774524081973e-05, 'epoch': 1.38}
{'loss': 0.5315, 'learning_rate': 9.170444450223656e-05, 'epoch': 1.38}
{'loss': 0.5167, 'learning_rate': 9.16611437636534e-05, 'epoch': 1.39}
{'loss': 0.4905, 'learning_rate': 9.161784302507023e-05, 'epoch': 1.39}
{'loss': 0.4517, 'learning_rate': 9.157454228648705e-05, 'epoch': 1.39}
{'loss': 0.5255, 'learning_rate': 9.153124154790389e-05, 'epoch': 1.4}
{'loss': 0.5032, 'learning_rate': 9.148794080932072e-05, 'epoch': 1.4}
{'loss': 0.4665, 'learning_rate': 9.144464007073754e-05, 'epoch': 1.41}
{'loss': 0.492, 'learning_rate': 9.140133933215438e-05, 'epoch': 1.41}
{'loss': 0.5275, 'learning_rate': 9.135803859357121e-05, 'epoch': 1.41}
{'loss': 0.4868, 'learning_rate': 9.131473785498805e-05, 'epoch': 1.42}
{'loss': 0.4883, 'learning_rate': 9.127143711640488e-05, 'epoch': 1.42}
{'loss': 0.4527, 'learning_rate': 9.12281363778217e-05, 'epoch': 1.43}
{'loss': 0.4931, 'learning_rate': 9.118483563923854e-05, 'epoch': 1.43}
{'loss': 0.4937, 'learning_rate': 9.114153490065537e-05, 'epoch': 1.43}
{'loss': 0.5093, 'learning_rate': 9.109823416207219e-05, 'epoch': 1.44}
{'loss': 0.4566, 'learning_rate': 9.105493342348903e-05, 'epoch': 1.44}
{'loss': 0.4912, 'learning_rate': 9.101163268490585e-05, 'epoch': 1.45}
{'loss': 0.5017, 'learning_rate': 9.09683319463227e-05, 'epoch': 1.45}
{'loss': 0.5058, 'learning_rate': 9.092503120773953e-05, 'epoch': 1.45}
{'loss': 0.4807, 'learning_rate': 9.088173046915635e-05, 'epoch': 1.46}
{'loss': 0.4633, 'learning_rate': 9.083842973057319e-05, 'epoch': 1.46}
{'loss': 0.5018, 'learning_rate': 9.079512899199002e-05, 'epoch': 1.47}
{'loss': 0.4789, 'learning_rate': 9.075182825340684e-05, 'epoch': 1.47}
{'loss': 0.4883, 'learning_rate': 9.070852751482368e-05, 'epoch': 1.47}
{'loss': 0.5007, 'learning_rate': 9.066609279101218e-05, 'epoch': 1.48}
{'loss': 0.4914, 'learning_rate': 9.0622792052429e-05, 'epoch': 1.48}
{'loss': 0.5013, 'learning_rate': 9.057949131384584e-05, 'epoch': 1.49}
{'loss': 0.4721, 'learning_rate': 9.053619057526266e-05, 'epoch': 1.49}
{'loss': 0.4772, 'learning_rate': 9.049288983667949e-05, 'epoch': 1.5}
{'loss': 0.4874, 'learning_rate': 9.044958909809634e-05, 'epoch': 1.5}
{'loss': 0.5139, 'learning_rate': 9.040628835951316e-05, 'epoch': 1.5}
{'loss': 0.5055, 'learning_rate': 9.036298762093e-05, 'epoch': 1.51}
{'loss': 0.4884, 'learning_rate': 9.031968688234683e-05, 'epoch': 1.51}
{'loss': 0.4648, 'learning_rate': 9.027638614376365e-05, 'epoch': 1.52}
{'loss': 0.5115, 'learning_rate': 9.023308540518049e-05, 'epoch': 1.52}
{'loss': 0.5211, 'learning_rate': 9.018978466659732e-05, 'epoch': 1.52}
{'loss': 0.4813, 'learning_rate': 9.014648392801414e-05, 'epoch': 1.53}
{'loss': 0.4808, 'learning_rate': 9.010318318943098e-05, 'epoch': 1.53}
{'loss': 0.5139, 'learning_rate': 9.005988245084781e-05, 'epoch': 1.54}
{'loss': 0.4837, 'learning_rate': 9.001658171226465e-05, 'epoch': 1.54}
{'loss': 0.475, 'learning_rate': 8.997328097368148e-05, 'epoch': 1.54}
{'loss': 0.4757, 'learning_rate': 8.992998023509832e-05, 'epoch': 1.55}
{'loss': 0.4909, 'learning_rate': 8.988667949651514e-05, 'epoch': 1.55}
{'loss': 0.4695, 'learning_rate': 8.984337875793197e-05, 'epoch': 1.56}
{'loss': 0.4998, 'learning_rate': 8.98000780193488e-05, 'epoch': 1.56}
{'loss': 0.5042, 'learning_rate': 8.975677728076563e-05, 'epoch': 1.56}
{'loss': 0.4792, 'learning_rate': 8.971347654218246e-05, 'epoch': 1.57}
{'loss': 0.4987, 'learning_rate': 8.96701758035993e-05, 'epoch': 1.57}
{'loss': 0.5139, 'learning_rate': 8.962687506501613e-05, 'epoch': 1.58}
{'loss': 0.4839, 'learning_rate': 8.958357432643297e-05, 'epoch': 1.58}
{'loss': 0.5367, 'learning_rate': 8.954027358784979e-05, 'epoch': 1.58}
{'loss': 0.5102, 'learning_rate': 8.949697284926662e-05, 'epoch': 1.59}
{'loss': 0.4744, 'learning_rate': 8.945367211068345e-05, 'epoch': 1.59}
{'loss': 0.4934, 'learning_rate': 8.941037137210028e-05, 'epoch': 1.6}
{'loss': 0.5055, 'learning_rate': 8.936707063351712e-05, 'epoch': 1.6}
{'loss': 0.481, 'learning_rate': 8.932376989493395e-05, 'epoch': 1.61}
{'loss': 0.4654, 'learning_rate': 8.928046915635078e-05, 'epoch': 1.61}
{'loss': 0.4678, 'learning_rate': 8.923716841776762e-05, 'epoch': 1.61}
{'loss': 0.4972, 'learning_rate': 8.919386767918444e-05, 'epoch': 1.62}
{'loss': 0.4902, 'learning_rate': 8.915056694060128e-05, 'epoch': 1.62}
{'loss': 0.5329, 'learning_rate': 8.910726620201811e-05, 'epoch': 1.63}
{'loss': 0.5107, 'learning_rate': 8.906396546343493e-05, 'epoch': 1.63}
{'loss': 0.4825, 'learning_rate': 8.902066472485177e-05, 'epoch': 1.63}
{'loss': 0.4874, 'learning_rate': 8.89773639862686e-05, 'epoch': 1.64}
{'loss': 0.5028, 'learning_rate': 8.893406324768542e-05, 'epoch': 1.64}
{'loss': 0.4863, 'learning_rate': 8.889076250910227e-05, 'epoch': 1.65}
{'loss': 0.4695, 'learning_rate': 8.88474617705191e-05, 'epoch': 1.65}
{'loss': 0.495, 'learning_rate': 8.880416103193593e-05, 'epoch': 1.65}
{'loss': 0.5053, 'learning_rate': 8.876086029335276e-05, 'epoch': 1.66}
{'loss': 0.4782, 'learning_rate': 8.871755955476958e-05, 'epoch': 1.66}
{'loss': 0.4881, 'learning_rate': 8.867425881618642e-05, 'epoch': 1.67}
{'loss': 0.4702, 'learning_rate': 8.863095807760325e-05, 'epoch': 1.67}
{'loss': 0.5208, 'learning_rate': 8.858765733902007e-05, 'epoch': 1.67}
{'loss': 0.4619, 'learning_rate': 8.854435660043691e-05, 'epoch': 1.68}
{'loss': 0.5037, 'learning_rate': 8.850192187662541e-05, 'epoch': 1.68}
{'loss': 0.505, 'learning_rate': 8.845862113804223e-05, 'epoch': 1.69}
{'loss': 0.4844, 'learning_rate': 8.841532039945907e-05, 'epoch': 1.69}
{'loss': 0.4955, 'learning_rate': 8.83720196608759e-05, 'epoch': 1.69}
{'loss': 0.4627, 'learning_rate': 8.832871892229274e-05, 'epoch': 1.7}
{'loss': 0.4688, 'learning_rate': 8.828541818370957e-05, 'epoch': 1.7}
{'loss': 0.4892, 'learning_rate': 8.824211744512639e-05, 'epoch': 1.71}
{'loss': 0.4958, 'learning_rate': 8.819881670654323e-05, 'epoch': 1.71}
{'loss': 0.4714, 'learning_rate': 8.815551596796006e-05, 'epoch': 1.72}
{'loss': 0.5208, 'learning_rate': 8.811221522937688e-05, 'epoch': 1.72}
{'loss': 0.4763, 'learning_rate': 8.806891449079372e-05, 'epoch': 1.72}
{'loss': 0.4575, 'learning_rate': 8.802561375221055e-05, 'epoch': 1.73}
{'loss': 0.5028, 'learning_rate': 8.798231301362739e-05, 'epoch': 1.73}
{'loss': 0.4887, 'learning_rate': 8.793901227504422e-05, 'epoch': 1.74}
{'loss': 0.4997, 'learning_rate': 8.789571153646104e-05, 'epoch': 1.74}
{'loss': 0.4865, 'learning_rate': 8.785241079787788e-05, 'epoch': 1.74}
{'loss': 0.4844, 'learning_rate': 8.780911005929471e-05, 'epoch': 1.75}
{'loss': 0.4897, 'learning_rate': 8.776580932071153e-05, 'epoch': 1.75}
{'loss': 0.5036, 'learning_rate': 8.772250858212837e-05, 'epoch': 1.76}
{'loss': 0.4761, 'learning_rate': 8.76792078435452e-05, 'epoch': 1.76}
{'loss': 0.4837, 'learning_rate': 8.763590710496204e-05, 'epoch': 1.76}
{'loss': 0.4741, 'learning_rate': 8.759260636637887e-05, 'epoch': 1.77}
{'loss': 0.492, 'learning_rate': 8.754930562779571e-05, 'epoch': 1.77}
{'loss': 0.4782, 'learning_rate': 8.750600488921253e-05, 'epoch': 1.78}
{'loss': 0.4969, 'learning_rate': 8.746270415062936e-05, 'epoch': 1.78}
{'loss': 0.4776, 'learning_rate': 8.74194034120462e-05, 'epoch': 1.78}
{'loss': 0.4756, 'learning_rate': 8.737610267346302e-05, 'epoch': 1.79}
{'loss': 0.4899, 'learning_rate': 8.733280193487985e-05, 'epoch': 1.79}
{'loss': 0.502, 'learning_rate': 8.728950119629669e-05, 'epoch': 1.8}
{'loss': 0.5087, 'learning_rate': 8.724620045771351e-05, 'epoch': 1.8}
{'loss': 0.4891, 'learning_rate': 8.720289971913036e-05, 'epoch': 1.8}
{'loss': 0.4902, 'learning_rate': 8.715959898054719e-05, 'epoch': 1.81}
{'loss': 0.4785, 'learning_rate': 8.711629824196401e-05, 'epoch': 1.81}
{'loss': 0.5017, 'learning_rate': 8.707299750338085e-05, 'epoch': 1.82}
{'loss': 0.4803, 'learning_rate': 8.702969676479767e-05, 'epoch': 1.82}
{'loss': 0.4918, 'learning_rate': 8.69863960262145e-05, 'epoch': 1.83}
{'loss': 0.4865, 'learning_rate': 8.694309528763133e-05, 'epoch': 1.83}
{'loss': 0.4743, 'learning_rate': 8.689979454904816e-05, 'epoch': 1.83}
{'loss': 0.4944, 'learning_rate': 8.6856493810465e-05, 'epoch': 1.84}
{'loss': 0.5053, 'learning_rate': 8.681319307188183e-05, 'epoch': 1.84}
{'loss': 0.5037, 'learning_rate': 8.676989233329866e-05, 'epoch': 1.85}
{'loss': 0.4612, 'learning_rate': 8.67265915947155e-05, 'epoch': 1.85}
{'loss': 0.4781, 'learning_rate': 8.668329085613232e-05, 'epoch': 1.85}
{'loss': 0.5013, 'learning_rate': 8.663999011754916e-05, 'epoch': 1.86}
{'loss': 0.5297, 'learning_rate': 8.659668937896599e-05, 'epoch': 1.86}
{'loss': 0.4748, 'learning_rate': 8.655338864038281e-05, 'epoch': 1.87}
{'loss': 0.4974, 'learning_rate': 8.651008790179965e-05, 'epoch': 1.87}
{'loss': 0.4844, 'learning_rate': 8.646765317798815e-05, 'epoch': 1.87}
{'loss': 0.5057, 'learning_rate': 8.642435243940497e-05, 'epoch': 1.88}
{'loss': 0.5072, 'learning_rate': 8.63810517008218e-05, 'epoch': 1.88}
{'loss': 0.5023, 'learning_rate': 8.633775096223864e-05, 'epoch': 1.89}
{'loss': 0.4226, 'learning_rate': 8.629445022365547e-05, 'epoch': 1.89}
{'loss': 0.5014, 'learning_rate': 8.625114948507231e-05, 'epoch': 1.89}
{'loss': 0.44, 'learning_rate': 8.620784874648913e-05, 'epoch': 1.9}
{'loss': 0.4806, 'learning_rate': 8.616454800790596e-05, 'epoch': 1.9}
{'loss': 0.4808, 'learning_rate': 8.61212472693228e-05, 'epoch': 1.91}
{'loss': 0.4651, 'learning_rate': 8.607794653073962e-05, 'epoch': 1.91}
{'loss': 0.4766, 'learning_rate': 8.603464579215646e-05, 'epoch': 1.91}
{'loss': 0.5136, 'learning_rate': 8.599134505357329e-05, 'epoch': 1.92}
{'loss': 0.4841, 'learning_rate': 8.594804431499012e-05, 'epoch': 1.92}
{'loss': 0.4319, 'learning_rate': 8.590474357640696e-05, 'epoch': 1.93}
{'loss': 0.4659, 'learning_rate': 8.58614428378238e-05, 'epoch': 1.93}
{'loss': 0.4858, 'learning_rate': 8.581814209924062e-05, 'epoch': 1.94}
{'loss': 0.49, 'learning_rate': 8.577484136065745e-05, 'epoch': 1.94}
{'loss': 0.512, 'learning_rate': 8.573154062207428e-05, 'epoch': 1.94}
{'loss': 0.4596, 'learning_rate': 8.56882398834911e-05, 'epoch': 1.95}
{'loss': 0.477, 'learning_rate': 8.564493914490794e-05, 'epoch': 1.95}
{'loss': 0.4746, 'learning_rate': 8.560163840632478e-05, 'epoch': 1.96}
{'loss': 0.4706, 'learning_rate': 8.55583376677416e-05, 'epoch': 1.96}
{'loss': 0.5021, 'learning_rate': 8.551503692915845e-05, 'epoch': 1.96}
{'loss': 0.4776, 'learning_rate': 8.547173619057527e-05, 'epoch': 1.97}
{'loss': 0.4959, 'learning_rate': 8.54284354519921e-05, 'epoch': 1.97}
{'loss': 0.4715, 'learning_rate': 8.538513471340894e-05, 'epoch': 1.98}
{'loss': 0.4978, 'learning_rate': 8.534183397482576e-05, 'epoch': 1.98}
{'loss': 0.5027, 'learning_rate': 8.529853323624259e-05, 'epoch': 1.98}
{'loss': 0.4959, 'learning_rate': 8.525523249765941e-05, 'epoch': 1.99}
{'loss': 0.4865, 'learning_rate': 8.521193175907625e-05, 'epoch': 1.99}
{'loss': 0.4972, 'learning_rate': 8.516863102049308e-05, 'epoch': 2.0}
[INFO|trainer.py:520] 2026-10-04 15:06:18,419 >> The following columns in the evaluation set  don't have a corresponding argument in `PETLEncModel.forward` and have been ignored: premise, hypothesis, idx.
[INFO|trainer.py:2179] 2026-10-04 15:06:18,422 >> ***** Running Evaluation *****
[INFO|trainer.py:2181] 2026-10-04 15:06:18,422 >>   Num examples = 9815
[INFO|trainer.py:2184] 2026-10-04 15:06:18,422 >>   Batch size = 32
{'eval_loss': 0.41985830664634705, 'eval_accuracy': 0.8395313295975547, 'eval_runtime': 14.7348, 'eval_samples_per_second': 666.109, 'eval_steps_per_second': 20.835, 'epoch': 2.0}
[INFO|trainer.py:1933] 2026-10-04 15:06:33,157 >> Saving model checkpoint to checkpoints/glue/mnli/20261004/glue.mnli.prefix.am_prefix.ao_concat.fm_none.fo_parallel.abn.fbn.ac_add.fl_none.finit_lora.fs_4.unfrz_ef_.ne10.warm0.06.wd0.1.seed42./checkpoint-24544
[INFO|configuration_utils.py:364] 2026-10-04 15:06:33,159 >> Configuration saved in checkpoints/glue/mnli/20261004/glue.mnli.prefix.am_prefix.ao_concat.fm_none.fo_parallel.abn.fbn.ac_add.fl_none.finit_lora.fs_4.unfrz_ef_.ne10.warm0.06.wd0.1.seed42./checkpoint-24544/config.json
[INFO|modeling_utils.py:898] 2026-10-04 15:06:33,535 >> Model weights saved in checkpoints/glue/mnli/20261004/glue.mnli.prefix.am_prefix.ao_concat.fm_none.fo_parallel.abn.fbn.ac_add.fl_none.finit_lora.fs_4.unfrz_ef_.ne10.warm0.06.wd0.1.seed42./checkpoint-24544/pytorch_model.bin
[INFO|tokenization_utils_base.py:1948] 2026-10-04 15:06:33,536 >> tokenizer config file saved in checkpoints/glue/mnli/20261004/glue.mnli.prefix.am_prefix.ao_concat.fm_none.fo_parallel.abn.fbn.ac_add.fl_none.finit_lora.fs_4.unfrz_ef_.ne10.warm0.06.wd0.1.seed42./checkpoint-24544/tokenizer_config.json
[INFO|tokenization_utils_base.py:1954] 2026-10-04 15:06:33,537 >> Special tokens file saved in checkpoints/glue/mnli/20261004/glue.mnli.prefix.am_prefix.ao_concat.fm_none.fo_parallel.abn.fbn.ac_add.fl_none.finit_lora.fs_4.unfrz_ef_.ne10.warm0.06.wd0.1.seed42./checkpoint-24544/special_tokens_map.json
/work/unify-parameter-efficient-tuning/src/transformers/trainer.py:1784: FutureWarning: `torch.cuda.amp.autocast(args...)` is deprecated. Please use `torch.amp.autocast('cuda', args...)` instead.
  with autocast():
{'loss': 0.5114, 'learning_rate': 8.512533028190992e-05, 'epoch': 2.0}
{'loss': 0.4471, 'learning_rate': 8.508202954332675e-05, 'epoch': 2.0}
{'loss': 0.4414, 'learning_rate': 8.503872880474359e-05, 'epoch': 2.01}
{'loss': 0.5077, 'learning_rate': 8.499542806616041e-05, 'epoch': 2.01}
{'loss': 0.4568, 'learning_rate': 8.495212732757724e-05, 'epoch': 2.02}
{'loss': 0.4966, 'learning_rate': 8.490882658899408e-05, 'epoch': 2.02}
{'loss': 0.4753, 'learning_rate': 8.48655258504109e-05, 'epoch': 2.02}
{'loss': 0.4599, 'learning_rate': 8.482222511182773e-05, 'epoch': 2.03}
{'loss': 0.434, 'learning_rate': 8.477892437324457e-05, 'epoch': 2.03}
{'loss': 0.4495, 'learning_rate': 8.47356236346614e-05, 'epoch': 2.04}
{'loss': 0.4567, 'learning_rate': 8.469232289607824e-05, 'epoch': 2.04}
{'loss': 0.4798, 'learning_rate': 8.464902215749507e-05, 'epoch': 2.05}
{'loss': 0.501, 'learning_rate': 8.46057214189119e-05, 'epoch': 2.05}
{'loss': 0.4463, 'learning_rate': 8.456242068032873e-05, 'epoch': 2.05}
{'loss': 0.5135, 'learning_rate': 8.451911994174556e-05, 'epoch': 2.06}
{'loss': 0.4837, 'learning_rate': 8.447668521793405e-05, 'epoch': 2.06}
{'loss': 0.504, 'learning_rate': 8.443338447935089e-05, 'epoch': 2.07}
{'loss': 0.4458, 'learning_rate': 8.439008374076771e-05, 'epoch': 2.07}
{'loss': 0.4639, 'learning_rate': 8.434678300218454e-05, 'epoch': 2.07}
{'loss': 0.51, 'learning_rate': 8.430348226360138e-05, 'epoch': 2.08}
{'loss': 0.4579, 'learning_rate': 8.426018152501821e-05, 'epoch': 2.08}
{'loss': 0.4651, 'learning_rate': 8.421688078643505e-05, 'epoch': 2.09}
{'loss': 0.4874, 'learning_rate': 8.417358004785188e-05, 'epoch': 2.09}
{'loss': 0.4906, 'learning_rate': 8.41302793092687e-05, 'epoch': 2.09}
{'loss': 0.4772, 'learning_rate': 8.408697857068554e-05, 'epoch': 2.1}
{'loss': 0.4592, 'learning_rate': 8.404367783210237e-05, 'epoch': 2.1}
{'loss': 0.4913, 'learning_rate': 8.40003770935192e-05, 'epoch': 2.11}
{'loss': 0.4765, 'learning_rate': 8.395707635493603e-05, 'epoch': 2.11}
{'loss': 0.4541, 'learning_rate': 8.391377561635286e-05, 'epoch': 2.11}
{'loss': 0.4596, 'learning_rate': 8.38704748777697e-05, 'epoch': 2.12}
{'loss': 0.4961, 'learning_rate': 8.382717413918653e-05, 'epoch': 2.12}
{'loss': 0.4367, 'learning_rate': 8.378387340060335e-05, 'epoch': 2.13}
{'loss': 0.4936, 'learning_rate': 8.374057266202019e-05, 'epoch': 2.13}
{'loss': 0.4443, 'learning_rate': 8.369727192343701e-05, 'epoch': 2.13}
{'loss': 0.4666, 'learning_rate': 8.365397118485384e-05, 'epoch': 2.14}
{'loss': 0.496, 'learning_rate': 8.361067044627068e-05, 'epoch': 2.14}
{'loss': 0.4757, 'learning_rate': 8.35673697076875e-05, 'epoch': 2.15}
{'loss': 0.4629, 'learning_rate': 8.352406896910434e-05, 'epoch': 2.15}
{'loss': 0.4626, 'learning_rate': 8.348076823052117e-05, 'epoch': 2.16}
{'loss': 0.4703, 'learning_rate': 8.3437467491938e-05, 'epoch': 2.16}
{'loss': 0.4526, 'learning_rate': 8.339416675335484e-05, 'epoch': 2.16}
{'loss': 0.4898, 'learning_rate': 8.335086601477167e-05, 'epoch': 2.17}
{'loss': 0.487, 'learning_rate': 8.33075652761885e-05, 'epoch': 2.17}
{'loss': 0.459, 'learning_rate': 8.326426453760533e-05, 'epoch': 2.18}
{'loss': 0.4412, 'learning_rate': 8.322096379902216e-05, 'epoch': 2.18}
{'loss': 0.4529, 'learning_rate': 8.317766306043899e-05, 'epoch': 2.18}
{'loss': 0.4765, 'learning_rate': 8.313436232185582e-05, 'epoch': 2.19}
{'loss': 0.4672, 'learning_rate': 8.309106158327266e-05, 'epoch': 2.19}
{'loss': 0.469, 'learning_rate': 8.304776084468949e-05, 'epoch': 2.2}
{'loss': 0.4746, 'learning_rate': 8.300446010610632e-05, 'epoch': 2.2}
{'loss': 0.518, 'learning_rate': 8.296115936752316e-05, 'epoch': 2.2}
{'loss': 0.471, 'learning_rate': 8.291785862893998e-05, 'epoch': 2.21}
{'loss': 0.4758, 'learning_rate': 8.287455789035682e-05, 'epoch': 2.21}
{'loss': 0.4578, 'learning_rate': 8.283125715177364e-05, 'epoch': 2.22}
{'loss': 0.4607, 'learning_rate': 8.278795641319047e-05, 'epoch': 2.22}
{'loss': 0.4804, 'learning_rate': 8.27446556746073e-05, 'epoch': 2.22}
{'loss': 0.4857, 'learning_rate': 8.270135493602414e-05, 'epoch': 2.23}
{'loss': 0.4445, 'learning_rate': 8.265805419744098e-05, 'epoch': 2.23}
{'loss': 0.4966, 'learning_rate': 8.26147534588578e-05, 'epoch': 2.24}
{'loss': 0.4852, 'learning_rate': 8.257145272027463e-05, 'epoch': 2.24}
{'loss': 0.4853, 'learning_rate': 8.252815198169147e-05, 'epoch': 2.24}
{'loss': 0.4573, 'learning_rate': 8.248485124310829e-05, 'epoch': 2.25}
{'loss': 0.4402, 'learning_rate': 8.244241651929679e-05, 'epoch': 2.25}
{'loss': 0.4999, 'learning_rate': 8.239911578071362e-05, 'epoch': 2.26}
{'loss': 0.4939, 'learning_rate': 8.235581504213046e-05, 'epoch': 2.26}
{'loss': 0.4935, 'learning_rate': 8.231251430354728e-05, 'epoch': 2.27}
{'loss': 0.45, 'learning_rate': 8.226921356496412e-05, 'epoch': 2.27}
{'loss': 0.4576, 'learning_rate': 8.222591282638094e-05, 'epoch': 2.27}
{'loss': 0.4595, 'learning_rate': 8.218261208779778e-05, 'epoch': 2.28}
{'loss': 0.4807, 'learning_rate': 8.21393113492146e-05, 'epoch': 2.28}
{'loss': 0.4611, 'learning_rate': 8.209601061063144e-05, 'epoch': 2.29}
{'loss': 0.4873, 'learning_rate': 8.205270987204828e-05, 'epoch': 2.29}
{'loss': 0.4713, 'learning_rate': 8.20094091334651e-05, 'epoch': 2.29}
{'loss': 0.4581, 'learning_rate': 8.196610839488193e-05, 'epoch': 2.3}
{'loss': 0.4422, 'learning_rate': 8.192280765629877e-05, 'epoch': 2.3}
{'loss': 0.4714, 'learning_rate': 8.187950691771559e-05, 'epoch': 2.31}
{'loss': 0.4371, 'learning_rate': 8.183620617913242e-05, 'epoch': 2.31}
{'loss': 0.4481, 'learning_rate': 8.179290544054926e-05, 'epoch': 2.31}
{'loss': 0.469, 'learning_rate': 8.174960470196609e-05, 'epoch': 2.32}
{'loss': 0.4508, 'learning_rate': 8.170630396338293e-05, 'epoch': 2.32}
{'loss': 0.4754, 'learning_rate': 8.166300322479976e-05, 'epoch': 2.33}
{'loss': 0.4356, 'learning_rate': 8.161970248621658e-05, 'epoch': 2.33}
{'loss': 0.4645, 'learning_rate': 8.157640174763342e-05, 'epoch': 2.33}
{'loss': 0.4726, 'learning_rate': 8.153310100905025e-05, 'epoch': 2.34}
{'loss': 0.4967, 'learning_rate': 8.148980027046707e-05, 'epoch': 2.34}
{'loss': 0.4572, 'learning_rate': 8.144649953188391e-05, 'epoch': 2.35}
{'loss': 0.445, 'learning_rate': 8.140319879330074e-05, 'epoch': 2.35}
{'loss': 0.4671, 'learning_rate': 8.135989805471758e-05, 'epoch': 2.35}
{'loss': 0.4802, 'learning_rate': 8.131659731613441e-05, 'epoch': 2.36}
{'loss': 0.4891, 'learning_rate': 8.127329657755125e-05, 'epoch': 2.36}
{'loss': 0.4572, 'learning_rate': 8.122999583896807e-05, 'epoch': 2.37}
{'loss': 0.4718, 'learning_rate': 8.11866951003849e-05, 'epoch': 2.37}
{'loss': 0.45, 'learning_rate': 8.114339436180172e-05, 'epoch': 2.38}
{'loss': 0.483, 'learning_rate': 8.110009362321856e-05, 'epoch': 2.38}
{'loss': 0.461, 'learning_rate': 8.10567928846354e-05, 'epoch': 2.38}
{'loss': 0.4688, 'learning_rate': 8.101349214605223e-05, 'epoch': 2.39}
{'loss': 0.4775, 'learning_rate': 8.097019140746906e-05, 'epoch': 2.39}
{'loss': 0.4801, 'learning_rate': 8.092689066888588e-05, 'epoch': 2.4}
{'loss': 0.4866, 'learning_rate': 8.088358993030272e-05, 'epoch': 2.4}
{'loss': 0.443, 'learning_rate': 8.084028919171955e-05, 'epoch': 2.4}
{'loss': 0.4686, 'learning_rate': 8.079698845313638e-05, 'epoch': 2.41}
{'loss': 0.488, 'learning_rate': 8.075368771455321e-05, 'epoch': 2.41}
{'loss': 0.4685, 'learning_rate': 8.071125299074171e-05, 'epoch': 2.42}
{'loss': 0.4323, 'learning_rate': 8.066795225215853e-05, 'epoch': 2.42}
{'loss': 0.4368, 'learning_rate': 8.062465151357537e-05, 'epoch': 2.42}
{'loss': 0.4529, 'learning_rate': 8.05813507749922e-05, 'epoch': 2.43}
{'loss': 0.4559, 'learning_rate': 8.053805003640902e-05, 'epoch': 2.43}
{'loss': 0.4511, 'learning_rate': 8.049474929782587e-05, 'epoch': 2.44}
{'loss': 0.4684, 'learning_rate': 8.04514485592427e-05, 'epoch': 2.44}
{'loss': 0.4726, 'learning_rate': 8.040814782065953e-05, 'epoch': 2.44}
{'loss': 0.4843, 'learning_rate': 8.036484708207636e-05, 'epoch': 2.45}
{'loss': 0.4458, 'learning_rate': 8.032154634349318e-05, 'epoch': 2.45}
{'loss': 0.4803, 'learning_rate': 8.027824560491002e-05, 'epoch': 2.46}
{'loss': 0.4823, 'learning_rate': 8.023494486632685e-05, 'epoch': 2.46}
{'loss': 0.4974, 'learning_rate': 8.019164412774367e-05, 'epoch': 2.46}
{'loss': 0.4781, 'learning_rate': 8.014834338916051e-05, 'epoch': 2.47}
{'loss': 0.4882, 'learning_rate': 8.010504265057734e-05, 'epoch': 2.47}
{'loss': 0.4389, 'learning_rate': 8.006174191199418e-05, 'epoch': 2.48}
{'loss': 0.4777, 'learning_rate': 8.001844117341101e-05, 'epoch': 2.48}
{'loss': 0.4745, 'learning_rate': 7.997514043482785e-05, 'epoch': 2.49}
{'loss': 0.4667, 'learning_rate': 7.993183969624467e-05, 'epoch': 2.49}
{'loss': 0.4619, 'learning_rate': 7.98885389576615e-05, 'epoch': 2.49}
{'loss': 0.457, 'learning_rate': 7.984523821907834e-05, 'epoch': 2.5}
{'loss': 0.4762, 'learning_rate': 7.980193748049516e-05, 'epoch': 2.5}
{'loss': 0.4546, 'learning_rate': 7.9758636741912e-05, 'epoch': 2.51}
{'loss': 0.4818, 'learning_rate': 7.971533600332883e-05, 'epoch': 2.51}
{'loss': 0.4332, 'learning_rate': 7.967203526474566e-05, 'epoch': 2.51}
{'loss': 0.4585, 'learning_rate': 7.96287345261625e-05, 'epoch': 2.52}
{'loss': 0.4425, 'learning_rate': 7.958543378757932e-05, 'epoch': 2.52}
{'loss': 0.4741, 'learning_rate': 7.954213304899616e-05, 'epoch': 2.53}
{'loss': 0.4407, 'learning_rate': 7.949883231041298e-05, 'epoch': 2.53}
{'loss': 0.4687, 'learning_rate': 7.945553157182981e-05, 'epoch': 2.53}
{'loss': 0.4558, 'learning_rate': 7.941223083324665e-05, 'epoch': 2.54}
{'loss': 0.4732, 'learning_rate': 7.936893009466348e-05, 'epoch': 2.54}
{'loss': 0.4642, 'learning_rate': 7.932562935608032e-05, 'epoch': 2.55}
{'loss': 0.4905, 'learning_rate': 7.928232861749715e-05, 'epoch': 2.55}
{'loss': 0.4646, 'learning_rate': 7.923902787891397e-05, 'epoch': 2.55}
{'loss': 0.4418, 'learning_rate': 7.91957271403308e-05, 'epoch': 2.56}
{'loss': 0.4661, 'learning_rate': 7.915329241651931e-05, 'epoch': 2.56}
{'loss': 0.4826, 'learning_rate': 7.910999167793614e-05, 'epoch': 2.57}
{'loss': 0.4897, 'learning_rate': 7.906669093935296e-05, 'epoch': 2.57}
{'loss': 0.453, 'learning_rate': 7.90233902007698e-05, 'epoch': 2.57}
{'loss': 0.4584, 'learning_rate': 7.898008946218662e-05, 'epoch': 2.58}
{'loss': 0.4762, 'learning_rate': 7.893678872360346e-05, 'epoch': 2.58}
{'loss': 0.4807, 'learning_rate': 7.889348798502028e-05, 'epoch': 2.59}
{'loss': 0.464, 'learning_rate': 7.885018724643712e-05, 'epoch': 2.59}
{'loss': 0.4674, 'learning_rate': 7.880688650785396e-05, 'epoch': 2.6}
{'loss': 0.4721, 'learning_rate': 7.876358576927078e-05, 'epoch': 2.6}
{'loss': 0.4417, 'learning_rate': 7.872028503068762e-05, 'epoch': 2.6}
{'loss': 0.4632, 'learning_rate': 7.867698429210445e-05, 'epoch': 2.61}
{'loss': 0.4662, 'learning_rate': 7.863368355352127e-05, 'epoch': 2.61}
{'loss': 0.4251, 'learning_rate': 7.85903828149381e-05, 'epoch': 2.62}
{'loss': 0.4554, 'learning_rate': 7.854708207635494e-05, 'epoch': 2.62}
{'loss': 0.44, 'learning_rate': 7.850378133777176e-05, 'epoch': 2.62}
{'loss': 0.4327, 'learning_rate': 7.84604805991886e-05, 'epoch': 2.63}
{'loss': 0.4792, 'learning_rate': 7.841717986060545e-05, 'epoch': 2.63}
{'loss': 0.4453, 'learning_rate': 7.837387912202227e-05, 'epoch': 2.64}
{'loss': 0.4714, 'learning_rate': 7.83305783834391e-05, 'epoch': 2.64}
{'loss': 0.4476, 'learning_rate': 7.828727764485594e-05, 'epoch': 2.64}
{'loss': 0.464, 'learning_rate': 7.824397690627276e-05, 'epoch': 2.65}
{'loss': 0.4653, 'learning_rate': 7.820067616768959e-05, 'epoch': 2.65}
{'loss': 0.4859, 'learning_rate': 7.815737542910643e-05, 'epoch': 2.66}
{'loss': 0.4561, 'learning_rate': 7.811407469052325e-05, 'epoch': 2.66}
{'loss': 0.4962, 'learning_rate': 7.807077395194008e-05, 'epoch': 2.66}
{'loss': 0.4526, 'learning_rate': 7.802747321335692e-05, 'epoch': 2.67}
{'loss': 0.459, 'learning_rate': 7.798417247477375e-05, 'epoch': 2.67}
{'loss': 0.4645, 'learning_rate': 7.794087173619059e-05, 'epoch': 2.68}
{'loss': 0.4869, 'learning_rate': 7.789757099760741e-05, 'epoch': 2.68}
{'loss': 0.4551, 'learning_rate': 7.785427025902424e-05, 'epoch': 2.68}
{'loss': 0.4308, 'learning_rate': 7.781096952044106e-05, 'epoch': 2.69}
{'loss': 0.4671, 'learning_rate': 7.77676687818579e-05, 'epoch': 2.69}
{'loss': 0.4722, 'learning_rate': 7.772436804327473e-05, 'epoch': 2.7}
{'loss': 0.395, 'learning_rate': 7.768106730469157e-05, 'epoch': 2.7}
{'loss': 0.4558, 'learning_rate': 7.76377665661084e-05, 'epoch': 2.71}
{'loss': 0.4506, 'learning_rate': 7.759446582752524e-05, 'epoch': 2.71}
{'loss': 0.4642, 'learning_rate': 7.755116508894206e-05, 'epoch': 2.71}
{'loss': 0.4303, 'learning_rate': 7.75078643503589e-05, 'epoch': 2.72}
{'loss': 0.4497, 'learning_rate': 7.746456361177573e-05, 'epoch': 2.72}
{'loss': 0.4732, 'learning_rate': 7.742126287319255e-05, 'epoch': 2.73}
{'loss': 0.4628, 'learning_rate': 7.737796213460938e-05, 'epoch': 2.73}
{'loss': 0.4987, 'learning_rate': 7.733466139602622e-05, 'epoch': 2.73}
{'loss': 0.4589, 'learning_rate': 7.729136065744305e-05, 'epoch': 2.74}
{'loss': 0.4603, 'learning_rate': 7.724805991885989e-05, 'epoch': 2.74}
{'loss': 0.4724, 'learning_rate': 7.720475918027672e-05, 'epoch': 2.75}
{'loss': 0.4673, 'learning_rate': 7.716145844169354e-05, 'epoch': 2.75}
{'loss': 0.4377, 'learning_rate': 7.711815770311038e-05, 'epoch': 2.75}
{'loss': 0.4295, 'learning_rate': 7.707485696452721e-05, 'epoch': 2.76}
{'loss': 0.4792, 'learning_rate': 7.703155622594404e-05, 'epoch': 2.76}
{'loss': 0.465, 'learning_rate': 7.698825548736087e-05, 'epoch': 2.77}
{'loss': 0.4805, 'learning_rate': 7.694495474877769e-05, 'epoch': 2.77}
{'loss': 0.4605, 'learning_rate': 7.690165401019453e-05, 'epoch': 2.77}
{'loss': 0.4621, 'learning_rate': 7.685835327161136e-05, 'epoch': 2.78}
{'loss': 0.4856, 'learning_rate': 7.68150525330282e-05, 'epoch': 2.78}
{'loss': 0.4807, 'learning_rate': 7.677175179444503e-05, 'epoch': 2.79}
{'loss': 0.4807, 'learning_rate': 7.672845105586185e-05, 'epoch': 2.79}
{'loss': 0.4911, 'learning_rate': 7.668515031727869e-05, 'epoch': 2.79}
{'loss': 0.472, 'learning_rate': 7.664184957869552e-05, 'epoch': 2.8}
{'loss': 0.4673, 'learning_rate': 7.659854884011234e-05, 'epoch': 2.8}
{'loss': 0.4639, 'learning_rate': 7.655524810152918e-05, 'epoch': 2.81}
{'loss': 0.4361, 'learning_rate': 7.651194736294601e-05, 'epoch': 2.81}
{'loss': 0.4726, 'learning_rate': 7.646864662436285e-05, 'epoch': 2.82}
{'loss': 0.4598, 'learning_rate': 7.642534588577968e-05, 'epoch': 2.82}
{'loss': 0.4358, 'learning_rate': 7.638204514719652e-05, 'epoch': 2.82}
{'loss': 0.4627, 'learning_rate': 7.633874440861334e-05, 'epoch': 2.83}
{'loss': 0.4627, 'learning_rate': 7.629544367003017e-05, 'epoch': 2.83}
{'loss': 0.4491, 'learning_rate': 7.625214293144701e-05, 'epoch': 2.84}
{'loss': 0.4564, 'learning_rate': 7.620884219286383e-05, 'epoch': 2.84}
{'loss': 0.4275, 'learning_rate': 7.616554145428066e-05, 'epoch': 2.84}
{'loss': 0.4767, 'learning_rate': 7.61222407156975e-05, 'epoch': 2.85}
{'loss': 0.4384, 'learning_rate': 7.607893997711433e-05, 'epoch': 2.85}
{'loss': 0.439, 'learning_rate': 7.603563923853117e-05, 'epoch': 2.86}
{'loss': 0.4453, 'learning_rate': 7.5992338499948e-05, 'epoch': 2.86}
{'loss': 0.4743, 'learning_rate': 7.594903776136482e-05, 'epoch': 2.86}
{'loss': 0.4655, 'learning_rate': 7.590573702278166e-05, 'epoch': 2.87}
{'loss': 0.4395, 'learning_rate': 7.586243628419848e-05, 'epoch': 2.87}
{'loss': 0.4766, 'learning_rate': 7.581913554561531e-05, 'epoch': 2.88}
{'loss': 0.4722, 'learning_rate': 7.577583480703213e-05, 'epoch': 2.88}
{'loss': 0.4652, 'learning_rate': 7.573253406844898e-05, 'epoch': 2.88}
{'loss': 0.4868, 'learning_rate': 7.568923332986582e-05, 'epoch': 2.89}
{'loss': 0.4559, 'learning_rate': 7.564593259128264e-05, 'epoch': 2.89}
{'loss': 0.4781, 'learning_rate': 7.560263185269947e-05, 'epoch': 2.9}
{'loss': 0.4822, 'learning_rate': 7.555933111411631e-05, 'epoch': 2.9}
{'loss': 0.4716, 'learning_rate': 7.551603037553313e-05, 'epoch': 2.9}
{'loss': 0.4731, 'learning_rate': 7.547272963694996e-05, 'epoch': 2.91}
{'loss': 0.4804, 'learning_rate': 7.54294288983668e-05, 'epoch': 2.91}
{'loss': 0.4669, 'learning_rate': 7.538612815978362e-05, 'epoch': 2.92}
{'loss': 0.4571, 'learning_rate': 7.534282742120046e-05, 'epoch': 2.92}
{'loss': 0.4573, 'learning_rate': 7.52995266826173e-05, 'epoch': 2.93}
{'loss': 0.4456, 'learning_rate': 7.525622594403412e-05, 'epoch': 2.93}
{'loss': 0.4512, 'learning_rate': 7.521292520545096e-05, 'epoch': 2.93}
{'loss': 0.4572, 'learning_rate': 7.51696244668678e-05, 'epoch': 2.94}
{'loss': 0.4616, 'learning_rate': 7.512718974305628e-05, 'epoch': 2.94}
{'loss': 0.4689, 'learning_rate': 7.508388900447312e-05, 'epoch': 2.95}
{'loss': 0.4461, 'learning_rate': 7.504058826588994e-05, 'epoch': 2.95}
{'loss': 0.4513, 'learning_rate': 7.499728752730677e-05, 'epoch': 2.95}
{'loss': 0.4796, 'learning_rate': 7.495398678872361e-05, 'epoch': 2.96}
{'loss': 0.4464, 'learning_rate': 7.491068605014043e-05, 'epoch': 2.96}
{'loss': 0.4619, 'learning_rate': 7.486738531155726e-05, 'epoch': 2.97}
{'loss': 0.4688, 'learning_rate': 7.48240845729741e-05, 'epoch': 2.97}
{'loss': 0.4575, 'learning_rate': 7.478078383439093e-05, 'epoch': 2.97}
{'loss': 0.4456, 'learning_rate': 7.473748309580777e-05, 'epoch': 2.98}
{'loss': 0.492, 'learning_rate': 7.46941823572246e-05, 'epoch': 2.98}
{'loss': 0.4398, 'learning_rate': 7.465088161864142e-05, 'epoch': 2.99}
{'loss': 0.4435, 'learning_rate': 7.460758088005826e-05, 'epoch': 2.99}
{'loss': 0.4648, 'learning_rate': 7.45642801414751e-05, 'epoch': 2.99}
{'loss': 0.4266, 'learning_rate': 7.452097940289192e-05, 'epoch': 3.0}
[INFO|trainer.py:520] 2026-10-04 15:15:00,795 >> The following columns in the evaluation set  don't have a corresponding argument in `PETLEncModel.forward` and have been ignored: premise, hypothesis, idx.
[INFO|trainer.py:2179] 2026-10-04 15:15:00,797 >> ***** Running Evaluation *****
[INFO|trainer.py:2181] 2026-10-04 15:15:00,797 >>   Num examples = 9815
[INFO|trainer.py:2184] 2026-10-04 15:15:00,797 >>   Batch size = 32
{'eval_loss': 0.41424015164375305, 'eval_accuracy': 0.841874681609781, 'eval_runtime': 14.8509, 'eval_samples_per_second': 660.903, 'eval_steps_per_second': 20.672, 'epoch': 3.0}
[INFO|trainer.py:1933] 2026-10-04 15:15:15,649 >> Saving model checkpoint to checkpoints/glue/mnli/20261004/glue.mnli.prefix.am_prefix.ao_concat.fm_none.fo_parallel.abn.fbn.ac_add.fl_none.finit_lora.fs_4.unfrz_ef_.ne10.warm0.06.wd0.1.seed42./checkpoint-36816
[INFO|configuration_utils.py:364] 2026-10-04 15:15:15,651 >> Configuration saved in checkpoints/glue/mnli/20261004/glue.mnli.prefix.am_prefix.ao_concat.fm_none.fo_parallel.abn.fbn.ac_add.fl_none.finit_lora.fs_4.unfrz_ef_.ne10.warm0.06.wd0.1.seed42./checkpoint-36816/config.json
[INFO|modeling_utils.py:898] 2026-10-04 15:15:16,058 >> Model weights saved in checkpoints/glue/mnli/20261004/glue.mnli.prefix.am_prefix.ao_concat.fm_none.fo_parallel.abn.fbn.ac_add.fl_none.finit_lora.fs_4.unfrz_ef_.ne10.warm0.06.wd0.1.seed42./checkpoint-36816/pytorch_model.bin
[INFO|tokenization_utils_base.py:1948] 2026-10-04 15:15:16,059 >> tokenizer config file saved in checkpoints/glue/mnli/20261004/glue.mnli.prefix.am_prefix.ao_concat.fm_none.fo_parallel.abn.fbn.ac_add.fl_none.finit_lora.fs_4.unfrz_ef_.ne10.warm0.06.wd0.1.seed42./checkpoint-36816/tokenizer_config.json
[INFO|tokenization_utils_base.py:1954] 2026-10-04 15:15:16,060 >> Special tokens file saved in checkpoints/glue/mnli/20261004/glue.mnli.prefix.am_prefix.ao_concat.fm_none.fo_parallel.abn.fbn.ac_add.fl_none.finit_lora.fs_4.unfrz_ef_.ne10.warm0.06.wd0.1.seed42./checkpoint-36816/special_tokens_map.json
[INFO|trainer.py:2009] 2026-10-04 15:15:16,203 >> Deleting older checkpoint [checkpoints/glue/mnli/20261004/glue.mnli.prefix.am_prefix.ao_concat.fm_none.fo_parallel.abn.fbn.ac_add.fl_none.finit_lora.fs_4.unfrz_ef_.ne10.warm0.06.wd0.1.seed42./checkpoint-12272] due to args.save_total_limit
/work/unify-parameter-efficient-tuning/src/transformers/trainer.py:1784: FutureWarning: `torch.cuda.amp.autocast(args...)` is deprecated. Please use `torch.amp.autocast('cuda', args...)` instead.
  with autocast():
{'loss': 0.4558, 'learning_rate': 7.447767866430875e-05, 'epoch': 3.0}
{'loss': 0.4611, 'learning_rate': 7.443437792572558e-05, 'epoch': 3.01}
{'loss': 0.4127, 'learning_rate': 7.439107718714242e-05, 'epoch': 3.01}
{'loss': 0.4679, 'learning_rate': 7.434777644855924e-05, 'epoch': 3.01}
{'loss': 0.4435, 'learning_rate': 7.430447570997609e-05, 'epoch': 3.02}
{'loss': 0.4389, 'learning_rate': 7.426117497139291e-05, 'epoch': 3.02}
{'loss': 0.4316, 'learning_rate': 7.421787423280973e-05, 'epoch': 3.03}
{'loss': 0.4158, 'learning_rate': 7.417457349422658e-05, 'epoch': 3.03}
{'loss': 0.4653, 'learning_rate': 7.41312727556434e-05, 'epoch': 3.04}
{'loss': 0.4338, 'learning_rate': 7.408797201706024e-05, 'epoch': 3.04}
{'loss': 0.4545, 'learning_rate': 7.404467127847707e-05, 'epoch': 3.04}
{'loss': 0.4595, 'learning_rate': 7.40013705398939e-05, 'epoch': 3.05}
{'loss': 0.4528, 'learning_rate': 7.395806980131073e-05, 'epoch': 3.05}
{'loss': 0.4622, 'learning_rate': 7.391476906272756e-05, 'epoch': 3.06}
{'loss': 0.4515, 'learning_rate': 7.38714683241444e-05, 'epoch': 3.06}
{'loss': 0.458, 'learning_rate': 7.382816758556122e-05, 'epoch': 3.06}
{'loss': 0.4223, 'learning_rate': 7.378486684697805e-05, 'epoch': 3.07}
{'loss': 0.438, 'learning_rate': 7.374156610839489e-05, 'epoch': 3.07}
{'loss': 0.4496, 'learning_rate': 7.369826536981171e-05, 'epoch': 3.08}
{'loss': 0.4599, 'learning_rate': 7.365496463122856e-05, 'epoch': 3.08}
{'loss': 0.4607, 'learning_rate': 7.361166389264539e-05, 'epoch': 3.08}
{'loss': 0.4329, 'learning_rate': 7.356836315406221e-05, 'epoch': 3.09}
{'loss': 0.4635, 'learning_rate': 7.352506241547905e-05, 'epoch': 3.09}
{'loss': 0.4558, 'learning_rate': 7.348176167689588e-05, 'epoch': 3.1}
{'loss': 0.4358, 'learning_rate': 7.34384609383127e-05, 'epoch': 3.1}
{'loss': 0.4702, 'learning_rate': 7.339516019972954e-05, 'epoch': 3.1}
{'loss': 0.4682, 'learning_rate': 7.335185946114637e-05, 'epoch': 3.11}
{'loss': 0.4362, 'learning_rate': 7.33085587225632e-05, 'epoch': 3.11}
{'loss': 0.4635, 'learning_rate': 7.326525798398003e-05, 'epoch': 3.12}
{'loss': 0.4462, 'learning_rate': 7.322282326016852e-05, 'epoch': 3.12}
{'loss': 0.4482, 'learning_rate': 7.317952252158535e-05, 'epoch': 3.12}
{'loss': 0.4505, 'learning_rate': 7.313622178300219e-05, 'epoch': 3.13}
{'loss': 0.4262, 'learning_rate': 7.309292104441902e-05, 'epoch': 3.13}
{'loss': 0.4412, 'learning_rate': 7.304962030583586e-05, 'epoch': 3.14}
{'loss': 0.475, 'learning_rate': 7.300631956725269e-05, 'epoch': 3.14}
{'loss': 0.4643, 'learning_rate': 7.296301882866951e-05, 'epoch': 3.15}
{'loss': 0.4687, 'learning_rate': 7.291971809008635e-05, 'epoch': 3.15}
{'loss': 0.4247, 'learning_rate': 7.287641735150318e-05, 'epoch': 3.15}
{'loss': 0.4493, 'learning_rate': 7.283311661292e-05, 'epoch': 3.16}
{'loss': 0.4318, 'learning_rate': 7.278981587433684e-05, 'epoch': 3.16}
{'loss': 0.4487, 'learning_rate': 7.274651513575367e-05, 'epoch': 3.17}
{'loss': 0.4384, 'learning_rate': 7.270321439717051e-05, 'epoch': 3.17}
{'loss': 0.4365, 'learning_rate': 7.265991365858733e-05, 'epoch': 3.17}
{'loss': 0.4544, 'learning_rate': 7.261661292000418e-05, 'epoch': 3.18}
{'loss': 0.4207, 'learning_rate': 7.2573312181421e-05, 'epoch': 3.18}
{'loss': 0.45, 'learning_rate': 7.253001144283782e-05, 'epoch': 3.19}
{'loss': 0.45, 'learning_rate': 7.248671070425465e-05, 'epoch': 3.19}
{'loss': 0.4277, 'learning_rate': 7.244340996567149e-05, 'epoch': 3.19}
{'loss': 0.4433, 'learning_rate': 7.240010922708832e-05, 'epoch': 3.2}
{'loss': 0.4398, 'learning_rate': 7.235680848850516e-05, 'epoch': 3.2}
{'loss': 0.4284, 'learning_rate': 7.231350774992199e-05, 'epoch': 3.21}
{'loss': 0.4344, 'learning_rate': 7.227020701133881e-05, 'epoch': 3.21}
{'loss': 0.4504, 'learning_rate': 7.222690627275565e-05, 'epoch': 3.21}
{'loss': 0.4639, 'learning_rate': 7.218360553417248e-05, 'epoch': 3.22}
{'loss': 0.4546, 'learning_rate': 7.21403047955893e-05, 'epoch': 3.22}
{'loss': 0.4696, 'learning_rate': 7.209700405700614e-05, 'epoch': 3.23}
{'loss': 0.4675, 'learning_rate': 7.205370331842297e-05, 'epoch': 3.23}
{'loss': 0.4604, 'learning_rate': 7.20104025798398e-05, 'epoch': 3.24}
{'loss': 0.4554, 'learning_rate': 7.196710184125664e-05, 'epoch': 3.24}
{'loss': 0.4312, 'learning_rate': 7.192380110267348e-05, 'epoch': 3.24}
{'loss': 0.4536, 'learning_rate': 7.18805003640903e-05, 'epoch': 3.25}
{'loss': 0.4559, 'learning_rate': 7.183719962550713e-05, 'epoch': 3.25}
{'loss': 0.4622, 'learning_rate': 7.179389888692397e-05, 'epoch': 3.26}
{'loss': 0.4749, 'learning_rate': 7.175059814834079e-05, 'epoch': 3.26}
{'loss': 0.4622, 'learning_rate': 7.170729740975761e-05, 'epoch': 3.26}
{'loss': 0.4612, 'learning_rate': 7.166399667117446e-05, 'epoch': 3.27}
{'loss': 0.4469, 'learning_rate': 7.162069593259128e-05, 'epoch': 3.27}
{'loss': 0.4877, 'learning_rate': 7.157739519400812e-05, 'epoch': 3.28}
{'loss': 0.4378, 'learning_rate': 7.153409445542496e-05, 'epoch': 3.28}
{'loss': 0.4422, 'learning_rate': 7.149079371684179e-05, 'epoch': 3.28}
{'loss': 0.4488, 'learning_rate': 7.14474929782586e-05, 'epoch': 3.29}
{'loss': 0.4625, 'learning_rate': 7.140419223967544e-05, 'epoch': 3.29}
{'loss': 0.4555, 'learning_rate': 7.136089150109228e-05, 'epoch': 3.3}
{'loss': 0.502, 'learning_rate': 7.13175907625091e-05, 'epoch': 3.3}
{'loss': 0.4491, 'learning_rate': 7.127429002392593e-05, 'epoch': 3.3}
{'loss': 0.4537, 'learning_rate': 7.123098928534277e-05, 'epoch': 3.31}
{'loss': 0.4671, 'learning_rate': 7.11876885467596e-05, 'epoch': 3.31}
{'loss': 0.4468, 'learning_rate': 7.114438780817644e-05, 'epoch': 3.32}
{'loss': 0.4374, 'learning_rate': 7.110108706959327e-05, 'epoch': 3.32}
{'loss': 0.4447, 'learning_rate': 7.105778633101009e-05, 'epoch': 3.32}
{'loss': 0.4194, 'learning_rate': 7.101448559242693e-05, 'epoch': 3.33}
{'loss': 0.4524, 'learning_rate': 7.097118485384376e-05, 'epoch': 3.33}
{'loss': 0.46, 'learning_rate': 7.092788411526058e-05, 'epoch': 3.34}
{'loss': 0.4458, 'learning_rate': 7.088458337667742e-05, 'epoch': 3.34}
{'loss': 0.445, 'learning_rate': 7.084128263809425e-05, 'epoch': 3.35}
{'loss': 0.4543, 'learning_rate': 7.079798189951109e-05, 'epoch': 3.35}
{'loss': 0.4275, 'learning_rate': 7.075468116092792e-05, 'epoch': 3.35}
{'loss': 0.4395, 'learning_rate': 7.071224643711641e-05, 'epoch': 3.36}
{'loss': 0.4435, 'learning_rate': 7.066894569853325e-05, 'epoch': 3.36}
{'loss': 0.4268, 'learning_rate': 7.062564495995008e-05, 'epoch': 3.37}
{'loss': 0.4462, 'learning_rate': 7.05823442213669e-05, 'epoch': 3.37}
{'loss': 0.4356, 'learning_rate': 7.053904348278374e-05, 'epoch': 3.37}
{'loss': 0.4721, 'learning_rate': 7.049574274420057e-05, 'epoch': 3.38}
{'loss': 0.4565, 'learning_rate': 7.045244200561739e-05, 'epoch': 3.38}
{'loss': 0.4435, 'learning_rate': 7.040914126703423e-05, 'epoch': 3.39}
{'loss': 0.4659, 'learning_rate': 7.036584052845106e-05, 'epoch': 3.39}
{'loss': 0.4087, 'learning_rate': 7.032253978986788e-05, 'epoch': 3.39}
{'loss': 0.4736, 'learning_rate': 7.027923905128473e-05, 'epoch': 3.4}
{'loss': 0.4789, 'learning_rate': 7.023593831270157e-05, 'epoch': 3.4}
{'loss': 0.49, 'learning_rate': 7.019263757411839e-05, 'epoch': 3.41}
{'loss': 0.4562, 'learning_rate': 7.014933683553522e-05, 'epoch': 3.41}
{'loss': 0.4249, 'learning_rate': 7.010603609695206e-05, 'epoch': 3.41}
{'loss': 0.4283, 'learning_rate': 7.006273535836888e-05, 'epoch': 3.42}
{'loss': 0.4377, 'learning_rate': 7.00194346197857e-05, 'epoch': 3.42}
{'loss': 0.4636, 'learning_rate': 6.997613388120255e-05, 'epoch': 3.43}
{'loss': 0.4927, 'learning_rate': 6.993283314261937e-05, 'epoch': 3.43}
{'loss': 0.4452, 'learning_rate': 6.98895324040362e-05, 'epoch': 3.43}
{'loss': 0.4644, 'learning_rate': 6.984623166545304e-05, 'epoch': 3.44}
{'loss': 0.4564, 'learning_rate': 6.980293092686987e-05, 'epoch': 3.44}
{'loss': 0.4375, 'learning_rate': 6.97596301882867e-05, 'epoch': 3.45}
{'loss': 0.4423, 'learning_rate': 6.971632944970353e-05, 'epoch': 3.45}
{'loss': 0.4203, 'learning_rate': 6.967302871112036e-05, 'epoch': 3.46}
{'loss': 0.4682, 'learning_rate': 6.962972797253718e-05, 'epoch': 3.46}
{'loss': 0.4336, 'learning_rate': 6.958642723395402e-05, 'epoch': 3.46}
{'loss': 0.4581, 'learning_rate': 6.954312649537085e-05, 'epoch': 3.47}
{'loss': 0.4332, 'learning_rate': 6.949982575678769e-05, 'epoch': 3.47}
{'loss': 0.398, 'learning_rate': 6.945652501820452e-05, 'epoch': 3.48}
{'loss': 0.4471, 'learning_rate': 6.941322427962136e-05, 'epoch': 3.48}
{'loss': 0.4476, 'learning_rate': 6.936992354103818e-05, 'epoch': 3.48}
{'loss': 0.4328, 'learning_rate': 6.932662280245501e-05, 'epoch': 3.49}
{'loss': 0.4715, 'learning_rate': 6.928332206387185e-05, 'epoch': 3.49}
{'loss': 0.4294, 'learning_rate': 6.924002132528867e-05, 'epoch': 3.5}
{'loss': 0.4688, 'learning_rate': 6.91967205867055e-05, 'epoch': 3.5}
{'loss': 0.4564, 'learning_rate': 6.915341984812234e-05, 'epoch': 3.5}
{'loss': 0.434, 'learning_rate': 6.911011910953917e-05, 'epoch': 3.51}
{'loss': 0.4494, 'learning_rate': 6.9066818370956e-05, 'epoch': 3.51}
{'loss': 0.4487, 'learning_rate': 6.902351763237284e-05, 'epoch': 3.52}
{'loss': 0.4759, 'learning_rate': 6.898021689378967e-05, 'epoch': 3.52}
{'loss': 0.4529, 'learning_rate': 6.893691615520649e-05, 'epoch': 3.52}
{'loss': 0.4474, 'learning_rate': 6.889361541662333e-05, 'epoch': 3.53}
{'loss': 0.4535, 'learning_rate': 6.885031467804016e-05, 'epoch': 3.53}
{'loss': 0.4232, 'learning_rate': 6.880701393945698e-05, 'epoch': 3.54}
{'loss': 0.4632, 'learning_rate': 6.876371320087381e-05, 'epoch': 3.54}
{'loss': 0.4972, 'learning_rate': 6.872041246229066e-05, 'epoch': 3.54}
{'loss': 0.4592, 'learning_rate': 6.867711172370748e-05, 'epoch': 3.55}
{'loss': 0.4328, 'learning_rate': 6.863381098512432e-05, 'epoch': 3.55}
{'loss': 0.4456, 'learning_rate': 6.859051024654115e-05, 'epoch': 3.56}
{'loss': 0.4357, 'learning_rate': 6.854720950795797e-05, 'epoch': 3.56}
{'loss': 0.4637, 'learning_rate': 6.850390876937481e-05, 'epoch': 3.57}
{'loss': 0.4704, 'learning_rate': 6.846060803079164e-05, 'epoch': 3.57}
{'loss': 0.4377, 'learning_rate': 6.841730729220846e-05, 'epoch': 3.57}
{'loss': 0.444, 'learning_rate': 6.83740065536253e-05, 'epoch': 3.58}
{'loss': 0.4327, 'learning_rate': 6.833157182981379e-05, 'epoch': 3.58}
{'loss': 0.4439, 'learning_rate': 6.828827109123063e-05, 'epoch': 3.59}
{'loss': 0.4209, 'learning_rate': 6.824497035264746e-05, 'epoch': 3.59}
{'loss': 0.492, 'learning_rate': 6.820166961406429e-05, 'epoch': 3.59}
{'loss': 0.4631, 'learning_rate': 6.815836887548113e-05, 'epoch': 3.6}
{'loss': 0.48, 'learning_rate': 6.811506813689796e-05, 'epoch': 3.6}
{'loss': 0.4327, 'learning_rate': 6.807176739831478e-05, 'epoch': 3.61}
{'loss': 0.4621, 'learning_rate': 6.802846665973162e-05, 'epoch': 3.61}
{'loss': 0.4365, 'learning_rate': 6.798516592114845e-05, 'epoch': 3.61}
{'loss': 0.4254, 'learning_rate': 6.794186518256527e-05, 'epoch': 3.62}
{'loss': 0.4918, 'learning_rate': 6.78985644439821e-05, 'epoch': 3.62}
{'loss': 0.4664, 'learning_rate': 6.785526370539894e-05, 'epoch': 3.63}
{'loss': 0.4678, 'learning_rate': 6.781196296681578e-05, 'epoch': 3.63}
{'loss': 0.4859, 'learning_rate': 6.776866222823261e-05, 'epoch': 3.63}
{'loss': 0.4542, 'learning_rate': 6.772536148964945e-05, 'epoch': 3.64}
{'loss': 0.4701, 'learning_rate': 6.768206075106627e-05, 'epoch': 3.64}
{'loss': 0.417, 'learning_rate': 6.76387600124831e-05, 'epoch': 3.65}
{'loss': 0.4737, 'learning_rate': 6.759545927389994e-05, 'epoch': 3.65}
{'loss': 0.4538, 'learning_rate': 6.755215853531676e-05, 'epoch': 3.65}
{'loss': 0.434, 'learning_rate': 6.750885779673359e-05, 'epoch': 3.66}
{'loss': 0.4458, 'learning_rate': 6.746555705815043e-05, 'epoch': 3.66}
{'loss': 0.4646, 'learning_rate': 6.742225631956726e-05, 'epoch': 3.67}
{'loss': 0.4476, 'learning_rate': 6.737895558098408e-05, 'epoch': 3.67}
{'loss': 0.4603, 'learning_rate': 6.733565484240093e-05, 'epoch': 3.68}
{'loss': 0.4361, 'learning_rate': 6.729235410381775e-05, 'epoch': 3.68}
{'loss': 0.4445, 'learning_rate': 6.724905336523457e-05, 'epoch': 3.68}
{'loss': 0.4555, 'learning_rate': 6.720575262665141e-05, 'epoch': 3.69}
{'loss': 0.4144, 'learning_rate': 6.716245188806824e-05, 'epoch': 3.69}
{'loss': 0.4334, 'learning_rate': 6.711915114948506e-05, 'epoch': 3.7}
{'loss': 0.4484, 'learning_rate': 6.707585041090191e-05, 'epoch': 3.7}
{'loss': 0.4296, 'learning_rate': 6.703254967231875e-05, 'epoch': 3.7}
{'loss': 0.46, 'learning_rate': 6.698924893373557e-05, 'epoch': 3.71}
{'loss': 0.4202, 'learning_rate': 6.69459481951524e-05, 'epoch': 3.71}
{'loss': 0.4369, 'learning_rate': 6.690264745656924e-05, 'epoch': 3.72}
{'loss': 0.4446, 'learning_rate': 6.685934671798606e-05, 'epoch': 3.72}
{'loss': 0.4655, 'learning_rate': 6.68160459794029e-05, 'epoch': 3.72}
{'loss': 0.4476, 'learning_rate': 6.677274524081973e-05, 'epoch': 3.73}
{'loss': 0.4424, 'learning_rate': 6.672944450223655e-05, 'epoch': 3.73}
{'loss': 0.4558, 'learning_rate': 6.668614376365338e-05, 'epoch': 3.74}
{'loss': 0.4149, 'learning_rate': 6.664284302507023e-05, 'epoch': 3.74}
{'loss': 0.4245, 'learning_rate': 6.659954228648705e-05, 'epoch': 3.74}
{'loss': 0.4424, 'learning_rate': 6.655624154790389e-05, 'epoch': 3.75}
{'loss': 0.4254, 'learning_rate': 6.651294080932072e-05, 'epoch': 3.75}
{'loss': 0.4732, 'learning_rate': 6.646964007073755e-05, 'epoch': 3.76}
{'loss': 0.4606, 'learning_rate': 6.642633933215437e-05, 'epoch': 3.76}
{'loss': 0.4728, 'learning_rate': 6.638303859357121e-05, 'epoch': 3.76}
{'loss': 0.4362, 'learning_rate': 6.633973785498804e-05, 'epoch': 3.77}
{'loss': 0.4292, 'learning_rate': 6.629643711640487e-05, 'epoch': 3.77}
{'loss': 0.4441, 'learning_rate': 6.62531363778217e-05, 'epoch': 3.78}
{'loss': 0.4238, 'learning_rate': 6.620983563923854e-05, 'epoch': 3.78}
{'loss': 0.4465, 'learning_rate': 6.616653490065536e-05, 'epoch': 3.79}
{'loss': 0.4218, 'learning_rate': 6.61232341620722e-05, 'epoch': 3.79}
{'loss': 0.4428, 'learning_rate': 6.607993342348903e-05, 'epoch': 3.79}
{'loss': 0.4617, 'learning_rate': 6.603663268490585e-05, 'epoch': 3.8}
{'loss': 0.4601, 'learning_rate': 6.599333194632269e-05, 'epoch': 3.8}
{'loss': 0.4584, 'learning_rate': 6.595003120773952e-05, 'epoch': 3.81}
{'loss': 0.4675, 'learning_rate': 6.590673046915636e-05, 'epoch': 3.81}
{'loss': 0.4651, 'learning_rate': 6.586342973057319e-05, 'epoch': 3.81}
{'loss': 0.4617, 'learning_rate': 6.582012899199003e-05, 'epoch': 3.82}
{'loss': 0.4722, 'learning_rate': 6.577682825340685e-05, 'epoch': 3.82}
{'loss': 0.4521, 'learning_rate': 6.573352751482368e-05, 'epoch': 3.83}
{'loss': 0.4263, 'learning_rate': 6.569022677624052e-05, 'epoch': 3.83}
{'loss': 0.4376, 'learning_rate': 6.564692603765734e-05, 'epoch': 3.83}
{'loss': 0.4598, 'learning_rate': 6.560362529907417e-05, 'epoch': 3.84}
{'loss': 0.3995, 'learning_rate': 6.556032456049101e-05, 'epoch': 3.84}
{'loss': 0.4153, 'learning_rate': 6.551702382190784e-05, 'epoch': 3.85}
{'loss': 0.4466, 'learning_rate': 6.547372308332468e-05, 'epoch': 3.85}
{'loss': 0.4154, 'learning_rate': 6.543042234474151e-05, 'epoch': 3.85}
{'loss': 0.4674, 'learning_rate': 6.538798762093e-05, 'epoch': 3.86}
{'loss': 0.4237, 'learning_rate': 6.534468688234683e-05, 'epoch': 3.86}
{'loss': 0.4448, 'learning_rate': 6.530138614376366e-05, 'epoch': 3.87}
{'loss': 0.445, 'learning_rate': 6.525808540518049e-05, 'epoch': 3.87}
{'loss': 0.43, 'learning_rate': 6.521478466659733e-05, 'epoch': 3.87}
{'loss': 0.4511, 'learning_rate': 6.517148392801415e-05, 'epoch': 3.88}
{'loss': 0.4429, 'learning_rate': 6.512818318943098e-05, 'epoch': 3.88}
{'loss': 0.429, 'learning_rate': 6.508488245084782e-05, 'epoch': 3.89}
{'loss': 0.438, 'learning_rate': 6.504158171226464e-05, 'epoch': 3.89}
{'loss': 0.4495, 'learning_rate': 6.499828097368147e-05, 'epoch': 3.9}
{'loss': 0.4475, 'learning_rate': 6.495498023509832e-05, 'epoch': 3.9}
{'loss': 0.4508, 'learning_rate': 6.491167949651514e-05, 'epoch': 3.9}
{'loss': 0.3994, 'learning_rate': 6.486837875793198e-05, 'epoch': 3.91}
{'loss': 0.4219, 'learning_rate': 6.482507801934881e-05, 'epoch': 3.91}
{'loss': 0.432, 'learning_rate': 6.478177728076563e-05, 'epoch': 3.92}
{'loss': 0.4246, 'learning_rate': 6.473847654218245e-05, 'epoch': 3.92}
{'loss': 0.4385, 'learning_rate': 6.46951758035993e-05, 'epoch': 3.92}
{'loss': 0.4374, 'learning_rate': 6.465187506501612e-05, 'epoch': 3.93}
{'loss': 0.4662, 'learning_rate': 6.460857432643296e-05, 'epoch': 3.93}
{'loss': 0.4911, 'learning_rate': 6.456527358784979e-05, 'epoch': 3.94}
{'loss': 0.3989, 'learning_rate': 6.452197284926663e-05, 'epoch': 3.94}
{'loss': 0.4629, 'learning_rate': 6.447867211068345e-05, 'epoch': 3.94}
{'loss': 0.4366, 'learning_rate': 6.443537137210028e-05, 'epoch': 3.95}
{'loss': 0.4257, 'learning_rate': 6.439207063351712e-05, 'epoch': 3.95}
{'loss': 0.4122, 'learning_rate': 6.434876989493394e-05, 'epoch': 3.96}
{'loss': 0.4733, 'learning_rate': 6.430546915635077e-05, 'epoch': 3.96}
{'loss': 0.4102, 'learning_rate': 6.426216841776761e-05, 'epoch': 3.96}
{'loss': 0.4196, 'learning_rate': 6.421886767918444e-05, 'epoch': 3.97}
{'loss': 0.4504, 'learning_rate': 6.417556694060128e-05, 'epoch': 3.97}
{'loss': 0.4138, 'learning_rate': 6.413226620201811e-05, 'epoch': 3.98}
{'loss': 0.4221, 'learning_rate': 6.408896546343493e-05, 'epoch': 3.98}
{'loss': 0.4164, 'learning_rate': 6.404566472485177e-05, 'epoch': 3.98}
{'loss': 0.446, 'learning_rate': 6.40023639862686e-05, 'epoch': 3.99}
{'loss': 0.4456, 'learning_rate': 6.395906324768542e-05, 'epoch': 3.99}
{'loss': 0.4146, 'learning_rate': 6.391576250910226e-05, 'epoch': 4.0}
[INFO|trainer.py:520] 2026-10-04 15:23:39,976 >> The following columns in the evaluation set  don't have a corresponding argument in `PETLEncModel.forward` and have been ignored: premise, hypothesis, idx.
[INFO|trainer.py:2179] 2026-10-04 15:23:39,978 >> ***** Running Evaluation *****
[INFO|trainer.py:2181] 2026-10-04 15:23:39,978 >>   Num examples = 9815
[INFO|trainer.py:2184] 2026-10-04 15:23:39,978 >>   Batch size = 32
{'eval_loss': 0.41190287470817566, 'eval_accuracy': 0.8478858889454916, 'eval_runtime': 14.9, 'eval_samples_per_second': 658.725, 'eval_steps_per_second': 20.604, 'epoch': 4.0}
[INFO|trainer.py:1933] 2026-10-04 15:23:54,879 >> Saving model checkpoint to checkpoints/glue/mnli/20261004/glue.mnli.prefix.am_prefix.ao_concat.fm_none.fo_parallel.abn.fbn.ac_add.fl_none.finit_lora.fs_4.unfrz_ef_.ne10.warm0.06.wd0.1.seed42./checkpoint-49088
[INFO|configuration_utils.py:364] 2026-10-04 15:23:54,880 >> Configuration saved in checkpoints/glue/mnli/20261004/glue.mnli.prefix.am_prefix.ao_concat.fm_none.fo_parallel.abn.fbn.ac_add.fl_none.finit_lora.fs_4.unfrz_ef_.ne10.warm0.06.wd0.1.seed42./checkpoint-49088/config.json
[INFO|modeling_utils.py:898] 2026-10-04 15:23:55,273 >> Model weights saved in checkpoints/glue/mnli/20261004/glue.mnli.prefix.am_prefix.ao_concat.fm_none.fo_parallel.abn.fbn.ac_add.fl_none.finit_lora.fs_4.unfrz_ef_.ne10.warm0.06.wd0.1.seed42./checkpoint-49088/pytorch_model.bin
[INFO|tokenization_utils_base.py:1948] 2026-10-04 15:23:55,274 >> tokenizer config file saved in checkpoints/glue/mnli/20261004/glue.mnli.prefix.am_prefix.ao_concat.fm_none.fo_parallel.abn.fbn.ac_add.fl_none.finit_lora.fs_4.unfrz_ef_.ne10.warm0.06.wd0.1.seed42./checkpoint-49088/tokenizer_config.json
[INFO|tokenization_utils_base.py:1954] 2026-10-04 15:23:55,275 >> Special tokens file saved in checkpoints/glue/mnli/20261004/glue.mnli.prefix.am_prefix.ao_concat.fm_none.fo_parallel.abn.fbn.ac_add.fl_none.finit_lora.fs_4.unfrz_ef_.ne10.warm0.06.wd0.1.seed42./checkpoint-49088/special_tokens_map.json
[INFO|trainer.py:2009] 2026-10-04 15:23:55,410 >> Deleting older checkpoint [checkpoints/glue/mnli/20261004/glue.mnli.prefix.am_prefix.ao_concat.fm_none.fo_parallel.abn.fbn.ac_add.fl_none.finit_lora.fs_4.unfrz_ef_.ne10.warm0.06.wd0.1.seed42./checkpoint-24544] due to args.save_total_limit
/work/unify-parameter-efficient-tuning/src/transformers/trainer.py:1784: FutureWarning: `torch.cuda.amp.autocast(args...)` is deprecated. Please use `torch.amp.autocast('cuda', args...)` instead.
  with autocast():
{'loss': 0.4117, 'learning_rate': 6.38724617705191e-05, 'epoch': 4.0}
{'loss': 0.4524, 'learning_rate': 6.382916103193593e-05, 'epoch': 4.01}
{'loss': 0.4045, 'learning_rate': 6.378586029335275e-05, 'epoch': 4.01}
{'loss': 0.4233, 'learning_rate': 6.37425595547696e-05, 'epoch': 4.01}
{'loss': 0.4089, 'learning_rate': 6.369925881618642e-05, 'epoch': 4.02}
{'loss': 0.4154, 'learning_rate': 6.365595807760324e-05, 'epoch': 4.02}
{'loss': 0.4419, 'learning_rate': 6.361265733902009e-05, 'epoch': 4.03}
{'loss': 0.4176, 'learning_rate': 6.356935660043691e-05, 'epoch': 4.03}
{'loss': 0.4727, 'learning_rate': 6.352605586185373e-05, 'epoch': 4.03}
{'loss': 0.4267, 'learning_rate': 6.348275512327057e-05, 'epoch': 4.04}
{'loss': 0.4465, 'learning_rate': 6.34394543846874e-05, 'epoch': 4.04}
{'loss': 0.4394, 'learning_rate': 6.339615364610424e-05, 'epoch': 4.05}
{'loss': 0.4773, 'learning_rate': 6.335285290752107e-05, 'epoch': 4.05}
{'loss': 0.4467, 'learning_rate': 6.33095521689379e-05, 'epoch': 4.05}
{'loss': 0.4417, 'learning_rate': 6.326625143035473e-05, 'epoch': 4.06}
{'loss': 0.4327, 'learning_rate': 6.322295069177156e-05, 'epoch': 4.06}
{'loss': 0.4302, 'learning_rate': 6.31796499531884e-05, 'epoch': 4.07}
{'loss': 0.4309, 'learning_rate': 6.31372152293769e-05, 'epoch': 4.07}
{'loss': 0.4466, 'learning_rate': 6.309391449079372e-05, 'epoch': 4.07}
{'loss': 0.4599, 'learning_rate': 6.305061375221054e-05, 'epoch': 4.08}
{'loss': 0.3926, 'learning_rate': 6.300731301362739e-05, 'epoch': 4.08}
{'loss': 0.4393, 'learning_rate': 6.296401227504421e-05, 'epoch': 4.09}
{'loss': 0.4286, 'learning_rate': 6.292071153646105e-05, 'epoch': 4.09}
{'loss': 0.4367, 'learning_rate': 6.287741079787788e-05, 'epoch': 4.09}
{'loss': 0.4485, 'learning_rate': 6.283411005929471e-05, 'epoch': 4.1}
{'loss': 0.4449, 'learning_rate': 6.279080932071154e-05, 'epoch': 4.1}
{'loss': 0.4752, 'learning_rate': 6.274750858212837e-05, 'epoch': 4.11}
{'loss': 0.4467, 'learning_rate': 6.27042078435452e-05, 'epoch': 4.11}
{'loss': 0.4388, 'learning_rate': 6.266090710496203e-05, 'epoch': 4.12}
{'loss': 0.4137, 'learning_rate': 6.261760636637886e-05, 'epoch': 4.12}
{'loss': 0.4591, 'learning_rate': 6.25743056277957e-05, 'epoch': 4.12}
{'loss': 0.4315, 'learning_rate': 6.253100488921253e-05, 'epoch': 4.13}
{'loss': 0.3962, 'learning_rate': 6.248770415062937e-05, 'epoch': 4.13}
{'loss': 0.4419, 'learning_rate': 6.24444034120462e-05, 'epoch': 4.14}
{'loss': 0.4288, 'learning_rate': 6.240110267346302e-05, 'epoch': 4.14}
{'loss': 0.4347, 'learning_rate': 6.235780193487986e-05, 'epoch': 4.14}
{'loss': 0.4398, 'learning_rate': 6.231450119629669e-05, 'epoch': 4.15}
{'loss': 0.4014, 'learning_rate': 6.227120045771351e-05, 'epoch': 4.15}
{'loss': 0.4283, 'learning_rate': 6.222789971913035e-05, 'epoch': 4.16}
{'loss': 0.41, 'learning_rate': 6.218459898054718e-05, 'epoch': 4.16}
{'loss': 0.4186, 'learning_rate': 6.214129824196402e-05, 'epoch': 4.16}
{'loss': 0.4473, 'learning_rate': 6.209799750338084e-05, 'epoch': 4.17}
{'loss': 0.4431, 'learning_rate': 6.205469676479769e-05, 'epoch': 4.17}
{'loss': 0.4256, 'learning_rate': 6.201139602621451e-05, 'epoch': 4.18}
{'loss': 0.4203, 'learning_rate': 6.196809528763133e-05, 'epoch': 4.18}
{'loss': 0.4312, 'learning_rate': 6.192479454904816e-05, 'epoch': 4.18}
{'loss': 0.4626, 'learning_rate': 6.1881493810465e-05, 'epoch': 4.19}
{'loss': 0.447, 'learning_rate': 6.183819307188182e-05, 'epoch': 4.19}
{'loss': 0.4026, 'learning_rate': 6.179489233329865e-05, 'epoch': 4.2}
{'loss': 0.4261, 'learning_rate': 6.17515915947155e-05, 'epoch': 4.2}
{'loss': 0.3943, 'learning_rate': 6.170829085613232e-05, 'epoch': 4.2}
{'loss': 0.43, 'learning_rate': 6.166499011754916e-05, 'epoch': 4.21}
{'loss': 0.4172, 'learning_rate': 6.162168937896599e-05, 'epoch': 4.21}
{'loss': 0.3942, 'learning_rate': 6.157838864038281e-05, 'epoch': 4.22}
{'loss': 0.4324, 'learning_rate': 6.153508790179965e-05, 'epoch': 4.22}
{'loss': 0.4427, 'learning_rate': 6.149178716321648e-05, 'epoch': 4.23}
{'loss': 0.4123, 'learning_rate': 6.14484864246333e-05, 'epoch': 4.23}
{'loss': 0.4415, 'learning_rate': 6.140518568605014e-05, 'epoch': 4.23}
{'loss': 0.4156, 'learning_rate': 6.136188494746697e-05, 'epoch': 4.24}
{'loss': 0.4379, 'learning_rate': 6.131858420888381e-05, 'epoch': 4.24}
{'loss': 0.4616, 'learning_rate': 6.127528347030064e-05, 'epoch': 4.25}
{'loss': 0.4836, 'learning_rate': 6.123198273171748e-05, 'epoch': 4.25}
{'loss': 0.4411, 'learning_rate': 6.11886819931343e-05, 'epoch': 4.25}
{'loss': 0.4276, 'learning_rate': 6.114538125455112e-05, 'epoch': 4.26}
{'loss': 0.4088, 'learning_rate': 6.110208051596797e-05, 'epoch': 4.26}
{'loss': 0.4415, 'learning_rate': 6.105877977738479e-05, 'epoch': 4.27}
{'loss': 0.4121, 'learning_rate': 6.1016345053573286e-05, 'epoch': 4.27}
{'loss': 0.4381, 'learning_rate': 6.097304431499013e-05, 'epoch': 4.27}
{'loss': 0.4574, 'learning_rate': 6.092974357640695e-05, 'epoch': 4.28}
{'loss': 0.419, 'learning_rate': 6.088644283782379e-05, 'epoch': 4.28}
{'loss': 0.4059, 'learning_rate': 6.084314209924061e-05, 'epoch': 4.29}
{'loss': 0.4485, 'learning_rate': 6.079984136065745e-05, 'epoch': 4.29}
{'loss': 0.4359, 'learning_rate': 6.0756540622074274e-05, 'epoch': 4.29}
{'loss': 0.3986, 'learning_rate': 6.0713239883491116e-05, 'epoch': 4.3}
{'loss': 0.4218, 'learning_rate': 6.066993914490794e-05, 'epoch': 4.3}
{'loss': 0.4497, 'learning_rate': 6.062663840632478e-05, 'epoch': 4.31}
{'loss': 0.4728, 'learning_rate': 6.05833376677416e-05, 'epoch': 4.31}
{'loss': 0.4119, 'learning_rate': 6.054003692915843e-05, 'epoch': 4.31}
{'loss': 0.4381, 'learning_rate': 6.0496736190575276e-05, 'epoch': 4.32}
{'loss': 0.4334, 'learning_rate': 6.0453435451992104e-05, 'epoch': 4.32}
{'loss': 0.4024, 'learning_rate': 6.0410134713408925e-05, 'epoch': 4.33}
{'loss': 0.4089, 'learning_rate': 6.0366833974825767e-05, 'epoch': 4.33}
{'loss': 0.4184, 'learning_rate': 6.032353323624259e-05, 'epoch': 4.34}
{'loss': 0.3932, 'learning_rate': 6.0280232497659416e-05, 'epoch': 4.34}
{'loss': 0.4206, 'learning_rate': 6.023693175907625e-05, 'epoch': 4.34}
{'loss': 0.4237, 'learning_rate': 6.019363102049308e-05, 'epoch': 4.35}
{'loss': 0.4601, 'learning_rate': 6.015033028190992e-05, 'epoch': 4.35}
{'loss': 0.4359, 'learning_rate': 6.010702954332674e-05, 'epoch': 4.36}
{'loss': 0.4473, 'learning_rate': 6.006372880474358e-05, 'epoch': 4.36}
{'loss': 0.4278, 'learning_rate': 6.0020428066160404e-05, 'epoch': 4.36}
{'loss': 0.3804, 'learning_rate': 5.9977127327577245e-05, 'epoch': 4.37}
{'loss': 0.4241, 'learning_rate': 5.993382658899408e-05, 'epoch': 4.37}
{'loss': 0.4179, 'learning_rate': 5.989052585041091e-05, 'epoch': 4.38}
{'loss': 0.4192, 'learning_rate': 5.984722511182773e-05, 'epoch': 4.38}
{'loss': 0.4871, 'learning_rate': 5.980392437324457e-05, 'epoch': 4.38}
{'loss': 0.4426, 'learning_rate': 5.976062363466139e-05, 'epoch': 4.39}
{'loss': 0.4467, 'learning_rate': 5.9717322896078234e-05, 'epoch': 4.39}
{'loss': 0.461, 'learning_rate': 5.967402215749507e-05, 'epoch': 4.4}
{'loss': 0.4446, 'learning_rate': 5.9630721418911896e-05, 'epoch': 4.4}
{'loss': 0.4527, 'learning_rate': 5.958742068032873e-05, 'epoch': 4.4}
{'loss': 0.442, 'learning_rate': 5.9544119941745566e-05, 'epoch': 4.41}
{'loss': 0.4157, 'learning_rate': 5.950168521793405e-05, 'epoch': 4.41}
{'loss': 0.4179, 'learning_rate': 5.945838447935089e-05, 'epoch': 4.42}
{'loss': 0.4275, 'learning_rate': 5.941508374076771e-05, 'epoch': 4.42}
{'loss': 0.4202, 'learning_rate': 5.9371783002184545e-05, 'epoch': 4.42}
{'loss': 0.4265, 'learning_rate': 5.932848226360138e-05, 'epoch': 4.43}
{'loss': 0.4342, 'learning_rate': 5.928518152501821e-05, 'epoch': 4.43}
{'loss': 0.4251, 'learning_rate': 5.924188078643504e-05, 'epoch': 4.44}
{'loss': 0.4529, 'learning_rate': 5.9198580047851884e-05, 'epoch': 4.44}
{'loss': 0.4471, 'learning_rate': 5.91552793092687e-05, 'epoch': 4.45}
{'loss': 0.4624, 'learning_rate': 5.9111978570685533e-05, 'epoch': 4.45}
{'loss': 0.4341, 'learning_rate': 5.906867783210237e-05, 'epoch': 4.45}
{'loss': 0.4559, 'learning_rate': 5.9025377093519196e-05, 'epoch': 4.46}
{'loss': 0.4527, 'learning_rate': 5.8982076354936024e-05, 'epoch': 4.46}
{'loss': 0.4546, 'learning_rate': 5.893877561635287e-05, 'epoch': 4.47}
{'loss': 0.4612, 'learning_rate': 5.8895474877769694e-05, 'epoch': 4.47}
{'loss': 0.4602, 'learning_rate': 5.885217413918651e-05, 'epoch': 4.47}
{'loss': 0.4377, 'learning_rate': 5.8808873400603356e-05, 'epoch': 4.48}
{'loss': 0.4437, 'learning_rate': 5.8765572662020184e-05, 'epoch': 4.48}
{'loss': 0.4183, 'learning_rate': 5.872227192343701e-05, 'epoch': 4.49}
{'loss': 0.4676, 'learning_rate': 5.867897118485385e-05, 'epoch': 4.49}
{'loss': 0.4359, 'learning_rate': 5.863567044627068e-05, 'epoch': 4.49}
{'loss': 0.4398, 'learning_rate': 5.85923697076875e-05, 'epoch': 4.5}
{'loss': 0.4232, 'learning_rate': 5.854906896910434e-05, 'epoch': 4.5}
{'loss': 0.3821, 'learning_rate': 5.850576823052117e-05, 'epoch': 4.51}
{'loss': 0.3938, 'learning_rate': 5.8462467491938e-05, 'epoch': 4.51}
{'loss': 0.399, 'learning_rate': 5.8419166753354835e-05, 'epoch': 4.51}
{'loss': 0.4344, 'learning_rate': 5.837586601477168e-05, 'epoch': 4.52}
{'loss': 0.4352, 'learning_rate': 5.83325652761885e-05, 'epoch': 4.52}
{'loss': 0.3918, 'learning_rate': 5.828926453760534e-05, 'epoch': 4.53}
{'loss': 0.4341, 'learning_rate': 5.824596379902216e-05, 'epoch': 4.53}
{'loss': 0.4113, 'learning_rate': 5.820266306043899e-05, 'epoch': 4.53}
{'loss': 0.4105, 'learning_rate': 5.8159362321855823e-05, 'epoch': 4.54}
{'loss': 0.4303, 'learning_rate': 5.8116061583272665e-05, 'epoch': 4.54}
{'loss': 0.4264, 'learning_rate': 5.8072760844689486e-05, 'epoch': 4.55}
{'loss': 0.4256, 'learning_rate': 5.802946010610633e-05, 'epoch': 4.55}
{'loss': 0.4356, 'learning_rate': 5.798615936752315e-05, 'epoch': 4.56}
{'loss': 0.4237, 'learning_rate': 5.794285862893998e-05, 'epoch': 4.56}
{'loss': 0.429, 'learning_rate': 5.7899557890356805e-05, 'epoch': 4.56}
{'loss': 0.4148, 'learning_rate': 5.785625715177365e-05, 'epoch': 4.57}
{'loss': 0.4799, 'learning_rate': 5.7812956413190474e-05, 'epoch': 4.57}
{'loss': 0.4401, 'learning_rate': 5.77696556746073e-05, 'epoch': 4.58}
{'loss': 0.416, 'learning_rate': 5.7726354936024144e-05, 'epoch': 4.58}
{'loss': 0.4313, 'learning_rate': 5.7683054197440965e-05, 'epoch': 4.58}
{'loss': 0.4572, 'learning_rate': 5.763975345885779e-05, 'epoch': 4.59}
{'loss': 0.4296, 'learning_rate': 5.759645272027463e-05, 'epoch': 4.59}
{'loss': 0.4278, 'learning_rate': 5.755315198169147e-05, 'epoch': 4.6}
{'loss': 0.4446, 'learning_rate': 5.750985124310829e-05, 'epoch': 4.6}
{'loss': 0.4275, 'learning_rate': 5.746655050452513e-05, 'epoch': 4.6}
{'loss': 0.4271, 'learning_rate': 5.742324976594195e-05, 'epoch': 4.61}
{'loss': 0.4309, 'learning_rate': 5.737994902735878e-05, 'epoch': 4.61}
{'loss': 0.4465, 'learning_rate': 5.7336648288775616e-05, 'epoch': 4.62}
{'loss': 0.4381, 'learning_rate': 5.729334755019246e-05, 'epoch': 4.62}
{'loss': 0.422, 'learning_rate': 5.725004681160928e-05, 'epoch': 4.62}
{'loss': 0.4398, 'learning_rate': 5.720674607302612e-05, 'epoch': 4.63}
{'loss': 0.4248, 'learning_rate': 5.716344533444294e-05, 'epoch': 4.63}
{'loss': 0.395, 'learning_rate': 5.712014459585978e-05, 'epoch': 4.64}
{'loss': 0.4061, 'learning_rate': 5.7076843857276604e-05, 'epoch': 4.64}
{'loss': 0.462, 'learning_rate': 5.7033543118693446e-05, 'epoch': 4.64}
{'loss': 0.3852, 'learning_rate': 5.699024238011027e-05, 'epoch': 4.65}
{'loss': 0.4019, 'learning_rate': 5.694694164152711e-05, 'epoch': 4.65}
{'loss': 0.423, 'learning_rate': 5.690364090294394e-05, 'epoch': 4.66}
{'loss': 0.4218, 'learning_rate': 5.686034016436076e-05, 'epoch': 4.66}
{'loss': 0.4252, 'learning_rate': 5.6817039425777586e-05, 'epoch': 4.67}
{'loss': 0.442, 'learning_rate': 5.6773738687194434e-05, 'epoch': 4.67}
{'loss': 0.4297, 'learning_rate': 5.673043794861126e-05, 'epoch': 4.67}
{'loss': 0.4657, 'learning_rate': 5.668713721002808e-05, 'epoch': 4.68}
{'loss': 0.4526, 'learning_rate': 5.664383647144493e-05, 'epoch': 4.68}
{'loss': 0.3924, 'learning_rate': 5.6600535732861746e-05, 'epoch': 4.69}
{'loss': 0.4339, 'learning_rate': 5.655723499427859e-05, 'epoch': 4.69}
{'loss': 0.4218, 'learning_rate': 5.651393425569541e-05, 'epoch': 4.69}
{'loss': 0.4235, 'learning_rate': 5.647063351711225e-05, 'epoch': 4.7}
{'loss': 0.4045, 'learning_rate': 5.642733277852907e-05, 'epoch': 4.7}
{'loss': 0.4385, 'learning_rate': 5.638403203994591e-05, 'epoch': 4.71}
{'loss': 0.4286, 'learning_rate': 5.634073130136275e-05, 'epoch': 4.71}
{'loss': 0.4229, 'learning_rate': 5.6297430562779576e-05, 'epoch': 4.71}
{'loss': 0.4125, 'learning_rate': 5.62541298241964e-05, 'epoch': 4.72}
{'loss': 0.4452, 'learning_rate': 5.621082908561324e-05, 'epoch': 4.72}
{'loss': 0.4512, 'learning_rate': 5.616752834703006e-05, 'epoch': 4.73}
{'loss': 0.4286, 'learning_rate': 5.61242276084469e-05, 'epoch': 4.73}
{'loss': 0.4441, 'learning_rate': 5.6080926869863736e-05, 'epoch': 4.73}
{'loss': 0.4383, 'learning_rate': 5.603762613128055e-05, 'epoch': 4.74}
{'loss': 0.4434, 'learning_rate': 5.599432539269739e-05, 'epoch': 4.74}
{'loss': 0.4307, 'learning_rate': 5.595102465411423e-05, 'epoch': 4.75}
{'loss': 0.3995, 'learning_rate': 5.5907723915531055e-05, 'epoch': 4.75}
{'loss': 0.4606, 'learning_rate': 5.586442317694789e-05, 'epoch': 4.75}
{'loss': 0.4477, 'learning_rate': 5.5821122438364724e-05, 'epoch': 4.76}
{'loss': 0.4038, 'learning_rate': 5.577782169978155e-05, 'epoch': 4.76}
{'loss': 0.4254, 'learning_rate': 5.573452096119838e-05, 'epoch': 4.77}
{'loss': 0.4348, 'learning_rate': 5.569122022261523e-05, 'epoch': 4.77}
{'loss': 0.4057, 'learning_rate': 5.564791948403204e-05, 'epoch': 4.78}
{'loss': 0.4144, 'learning_rate': 5.5604618745448864e-05, 'epoch': 4.78}
{'loss': 0.4151, 'learning_rate': 5.5561318006865706e-05, 'epoch': 4.78}
{'loss': 0.4094, 'learning_rate': 5.551801726828254e-05, 'epoch': 4.79}
{'loss': 0.4078, 'learning_rate': 5.547471652969937e-05, 'epoch': 4.79}
{'loss': 0.4135, 'learning_rate': 5.543141579111619e-05, 'epoch': 4.8}
{'loss': 0.4194, 'learning_rate': 5.538811505253303e-05, 'epoch': 4.8}
{'loss': 0.4303, 'learning_rate': 5.534481431394985e-05, 'epoch': 4.8}
{'loss': 0.3971, 'learning_rate': 5.5301513575366694e-05, 'epoch': 4.81}
{'loss': 0.3829, 'learning_rate': 5.525907885155518e-05, 'epoch': 4.81}
{'loss': 0.4433, 'learning_rate': 5.521577811297203e-05, 'epoch': 4.82}
{'loss': 0.4406, 'learning_rate': 5.517247737438885e-05, 'epoch': 4.82}
{'loss': 0.4445, 'learning_rate': 5.5129176635805666e-05, 'epoch': 4.82}
{'loss': 0.4751, 'learning_rate': 5.5085875897222515e-05, 'epoch': 4.83}
{'loss': 0.459, 'learning_rate': 5.5042575158639356e-05, 'epoch': 4.83}
{'loss': 0.4399, 'learning_rate': 5.499927442005617e-05, 'epoch': 4.84}
{'loss': 0.4366, 'learning_rate': 5.4955973681473005e-05, 'epoch': 4.84}
{'loss': 0.4163, 'learning_rate': 5.491267294288984e-05, 'epoch': 4.84}
{'loss': 0.4361, 'learning_rate': 5.486937220430667e-05, 'epoch': 4.85}
{'loss': 0.4559, 'learning_rate': 5.48260714657235e-05, 'epoch': 4.85}
{'loss': 0.4182, 'learning_rate': 5.4782770727140344e-05, 'epoch': 4.86}
{'loss': 0.4202, 'learning_rate': 5.473946998855716e-05, 'epoch': 4.86}
{'loss': 0.4309, 'learning_rate': 5.469616924997401e-05, 'epoch': 4.86}
{'loss': 0.4056, 'learning_rate': 5.465286851139083e-05, 'epoch': 4.87}
{'loss': 0.39, 'learning_rate': 5.4609567772807656e-05, 'epoch': 4.87}
{'loss': 0.4421, 'learning_rate': 5.456626703422449e-05, 'epoch': 4.88}
{'loss': 0.463, 'learning_rate': 5.452296629564133e-05, 'epoch': 4.88}
{'loss': 0.4251, 'learning_rate': 5.447966555705816e-05, 'epoch': 4.89}
{'loss': 0.437, 'learning_rate': 5.443636481847498e-05, 'epoch': 4.89}
{'loss': 0.4602, 'learning_rate': 5.439306407989182e-05, 'epoch': 4.89}
{'loss': 0.4015, 'learning_rate': 5.4349763341308644e-05, 'epoch': 4.9}
{'loss': 0.4278, 'learning_rate': 5.4306462602725486e-05, 'epoch': 4.9}
{'loss': 0.4233, 'learning_rate': 5.426316186414232e-05, 'epoch': 4.91}
{'loss': 0.4372, 'learning_rate': 5.421986112555915e-05, 'epoch': 4.91}
{'loss': 0.4736, 'learning_rate': 5.417656038697596e-05, 'epoch': 4.91}
{'loss': 0.4265, 'learning_rate': 5.413325964839281e-05, 'epoch': 4.92}
{'loss': 0.4097, 'learning_rate': 5.408995890980963e-05, 'epoch': 4.92}
{'loss': 0.4556, 'learning_rate': 5.404665817122646e-05, 'epoch': 4.93}
{'loss': 0.4331, 'learning_rate': 5.400335743264331e-05, 'epoch': 4.93}
{'loss': 0.4386, 'learning_rate': 5.396005669406014e-05, 'epoch': 4.93}
{'loss': 0.4717, 'learning_rate': 5.391675595547696e-05, 'epoch': 4.94}
{'loss': 0.4203, 'learning_rate': 5.38734552168938e-05, 'epoch': 4.94}
{'loss': 0.4243, 'learning_rate': 5.383015447831062e-05, 'epoch': 4.95}
{'loss': 0.4187, 'learning_rate': 5.378685373972745e-05, 'epoch': 4.95}
{'loss': 0.4087, 'learning_rate': 5.3743553001144284e-05, 'epoch': 4.95}
{'loss': 0.4393, 'learning_rate': 5.3700252262561125e-05, 'epoch': 4.96}
{'loss': 0.4202, 'learning_rate': 5.3656951523977946e-05, 'epoch': 4.96}
{'loss': 0.4199, 'learning_rate': 5.3613650785394774e-05, 'epoch': 4.97}
{'loss': 0.4513, 'learning_rate': 5.3570350046811616e-05, 'epoch': 4.97}
{'loss': 0.436, 'learning_rate': 5.352704930822844e-05, 'epoch': 4.97}
{'loss': 0.4666, 'learning_rate': 5.348374856964528e-05, 'epoch': 4.98}
{'loss': 0.4478, 'learning_rate': 5.344044783106211e-05, 'epoch': 4.98}
{'loss': 0.4016, 'learning_rate': 5.339714709247894e-05, 'epoch': 4.99}
{'loss': 0.4652, 'learning_rate': 5.335384635389576e-05, 'epoch': 4.99}
{'loss': 0.4275, 'learning_rate': 5.3310545615312604e-05, 'epoch': 5.0}
{'loss': 0.4084, 'learning_rate': 5.3267244876729425e-05, 'epoch': 5.0}
[INFO|trainer.py:520] 2026-10-04 15:32:18,699 >> The following columns in the evaluation set  don't have a corresponding argument in `PETLEncModel.forward` and have been ignored: premise, hypothesis, idx.
[INFO|trainer.py:2179] 2026-10-04 15:32:18,701 >> ***** Running Evaluation *****
[INFO|trainer.py:2181] 2026-10-04 15:32:18,701 >>   Num examples = 9815
[INFO|trainer.py:2184] 2026-10-04 15:32:18,701 >>   Batch size = 32
{'eval_loss': 0.41471412777900696, 'eval_accuracy': 0.8513499745287825, 'eval_runtime': 14.6611, 'eval_samples_per_second': 669.456, 'eval_steps_per_second': 20.94, 'epoch': 5.0}
[INFO|trainer.py:1933] 2026-10-04 15:32:33,363 >> Saving model checkpoint to checkpoints/glue/mnli/20261004/glue.mnli.prefix.am_prefix.ao_concat.fm_none.fo_parallel.abn.fbn.ac_add.fl_none.finit_lora.fs_4.unfrz_ef_.ne10.warm0.06.wd0.1.seed42./checkpoint-61360
[INFO|configuration_utils.py:364] 2026-10-04 15:32:33,365 >> Configuration saved in checkpoints/glue/mnli/20261004/glue.mnli.prefix.am_prefix.ao_concat.fm_none.fo_parallel.abn.fbn.ac_add.fl_none.finit_lora.fs_4.unfrz_ef_.ne10.warm0.06.wd0.1.seed42./checkpoint-61360/config.json
[INFO|modeling_utils.py:898] 2026-10-04 15:32:33,740 >> Model weights saved in checkpoints/glue/mnli/20261004/glue.mnli.prefix.am_prefix.ao_concat.fm_none.fo_parallel.abn.fbn.ac_add.fl_none.finit_lora.fs_4.unfrz_ef_.ne10.warm0.06.wd0.1.seed42./checkpoint-61360/pytorch_model.bin
[INFO|tokenization_utils_base.py:1948] 2026-10-04 15:32:33,741 >> tokenizer config file saved in checkpoints/glue/mnli/20261004/glue.mnli.prefix.am_prefix.ao_concat.fm_none.fo_parallel.abn.fbn.ac_add.fl_none.finit_lora.fs_4.unfrz_ef_.ne10.warm0.06.wd0.1.seed42./checkpoint-61360/tokenizer_config.json
[INFO|tokenization_utils_base.py:1954] 2026-10-04 15:32:33,742 >> Special tokens file saved in checkpoints/glue/mnli/20261004/glue.mnli.prefix.am_prefix.ao_concat.fm_none.fo_parallel.abn.fbn.ac_add.fl_none.finit_lora.fs_4.unfrz_ef_.ne10.warm0.06.wd0.1.seed42./checkpoint-61360/special_tokens_map.json
[INFO|trainer.py:2009] 2026-10-04 15:32:33,870 >> Deleting older checkpoint [checkpoints/glue/mnli/20261004/glue.mnli.prefix.am_prefix.ao_concat.fm_none.fo_parallel.abn.fbn.ac_add.fl_none.finit_lora.fs_4.unfrz_ef_.ne10.warm0.06.wd0.1.seed42./checkpoint-36816] due to args.save_total_limit
/work/unify-parameter-efficient-tuning/src/transformers/trainer.py:1784: FutureWarning: `torch.cuda.amp.autocast(args...)` is deprecated. Please use `torch.amp.autocast('cuda', args...)` instead.
  with autocast():
{'loss': 0.4375, 'learning_rate': 5.322394413814627e-05, 'epoch': 5.0}
{'loss': 0.4364, 'learning_rate': 5.31806433995631e-05, 'epoch': 5.01}
{'loss': 0.4033, 'learning_rate': 5.313734266097993e-05, 'epoch': 5.01}
{'loss': 0.3905, 'learning_rate': 5.309404192239675e-05, 'epoch': 5.02}
{'loss': 0.4378, 'learning_rate': 5.30507411838136e-05, 'epoch': 5.02}
{'loss': 0.4239, 'learning_rate': 5.3007440445230413e-05, 'epoch': 5.02}
{'loss': 0.4156, 'learning_rate': 5.2964139706647255e-05, 'epoch': 5.03}
{'loss': 0.4287, 'learning_rate': 5.2920838968064076e-05, 'epoch': 5.03}
{'loss': 0.4618, 'learning_rate': 5.287753822948092e-05, 'epoch': 5.04}
{'loss': 0.4074, 'learning_rate': 5.283423749089774e-05, 'epoch': 5.04}
{'loss': 0.4231, 'learning_rate': 5.279093675231457e-05, 'epoch': 5.04}
{'loss': 0.3855, 'learning_rate': 5.274763601373141e-05, 'epoch': 5.05}
{'loss': 0.417, 'learning_rate': 5.270433527514823e-05, 'epoch': 5.05}
{'loss': 0.4105, 'learning_rate': 5.266103453656507e-05, 'epoch': 5.06}
{'loss': 0.4125, 'learning_rate': 5.2617733797981906e-05, 'epoch': 5.06}
{'loss': 0.4039, 'learning_rate': 5.2574433059398734e-05, 'epoch': 5.06}
{'loss': 0.423, 'learning_rate': 5.253113232081557e-05, 'epoch': 5.07}
{'loss': 0.4016, 'learning_rate': 5.24878315822324e-05, 'epoch': 5.07}
{'loss': 0.3926, 'learning_rate': 5.244453084364922e-05, 'epoch': 5.08}
{'loss': 0.4605, 'learning_rate': 5.240123010506606e-05, 'epoch': 5.08}
{'loss': 0.4339, 'learning_rate': 5.2357929366482894e-05, 'epoch': 5.08}
{'loss': 0.4357, 'learning_rate': 5.231462862789972e-05, 'epoch': 5.09}
{'loss': 0.4146, 'learning_rate': 5.227132788931656e-05, 'epoch': 5.09}
{'loss': 0.4088, 'learning_rate': 5.222802715073339e-05, 'epoch': 5.1}
{'loss': 0.4312, 'learning_rate': 5.2184726412150206e-05, 'epoch': 5.1}
{'loss': 0.4107, 'learning_rate': 5.214142567356705e-05, 'epoch': 5.11}
{'loss': 0.3947, 'learning_rate': 5.2098124934983896e-05, 'epoch': 5.11}
{'loss': 0.4218, 'learning_rate': 5.205482419640071e-05, 'epoch': 5.11}
{'loss': 0.4236, 'learning_rate': 5.201152345781753e-05, 'epoch': 5.12}
{'loss': 0.4074, 'learning_rate': 5.196822271923438e-05, 'epoch': 5.12}
{'loss': 0.415, 'learning_rate': 5.192492198065121e-05, 'epoch': 5.13}
{'loss': 0.4302, 'learning_rate': 5.188162124206802e-05, 'epoch': 5.13}
{'loss': 0.4252, 'learning_rate': 5.1838320503484864e-05, 'epoch': 5.13}
{'loss': 0.4162, 'learning_rate': 5.17950197649017e-05, 'epoch': 5.14}
{'loss': 0.4133, 'learning_rate': 5.1752585041090194e-05, 'epoch': 5.14}
{'loss': 0.3869, 'learning_rate': 5.170928430250702e-05, 'epoch': 5.15}
{'loss': 0.4052, 'learning_rate': 5.1665983563923857e-05, 'epoch': 5.15}
{'loss': 0.4445, 'learning_rate': 5.16226828253407e-05, 'epoch': 5.15}
{'loss': 0.4334, 'learning_rate': 5.157938208675752e-05, 'epoch': 5.16}
{'loss': 0.4009, 'learning_rate': 5.1536081348174334e-05, 'epoch': 5.16}
{'loss': 0.432, 'learning_rate': 5.149278060959118e-05, 'epoch': 5.17}
{'loss': 0.4535, 'learning_rate': 5.1449479871008024e-05, 'epoch': 5.17}
{'loss': 0.4306, 'learning_rate': 5.140617913242484e-05, 'epoch': 5.17}
{'loss': 0.4293, 'learning_rate': 5.1362878393841686e-05, 'epoch': 5.18}
{'loss': 0.4198, 'learning_rate': 5.131957765525851e-05, 'epoch': 5.18}
{'loss': 0.4277, 'learning_rate': 5.1276276916675335e-05, 'epoch': 5.19}
{'loss': 0.4251, 'learning_rate': 5.123297617809217e-05, 'epoch': 5.19}
{'loss': 0.4518, 'learning_rate': 5.1189675439509e-05, 'epoch': 5.19}
{'loss': 0.4186, 'learning_rate': 5.1146374700925826e-05, 'epoch': 5.2}
{'loss': 0.449, 'learning_rate': 5.110307396234266e-05, 'epoch': 5.2}
{'loss': 0.4334, 'learning_rate': 5.10597732237595e-05, 'epoch': 5.21}
{'loss': 0.431, 'learning_rate': 5.1016472485176324e-05, 'epoch': 5.21}
{'loss': 0.4127, 'learning_rate': 5.0973171746593165e-05, 'epoch': 5.22}
{'loss': 0.4078, 'learning_rate': 5.0929871008009986e-05, 'epoch': 5.22}
{'loss': 0.4207, 'learning_rate': 5.088657026942683e-05, 'epoch': 5.22}
{'loss': 0.4431, 'learning_rate': 5.084326953084365e-05, 'epoch': 5.23}
{'loss': 0.4403, 'learning_rate': 5.079996879226049e-05, 'epoch': 5.23}
{'loss': 0.4063, 'learning_rate': 5.075666805367731e-05, 'epoch': 5.24}
{'loss': 0.4083, 'learning_rate': 5.0713367315094153e-05, 'epoch': 5.24}
{'loss': 0.3936, 'learning_rate': 5.0670066576510975e-05, 'epoch': 5.24}
{'loss': 0.4313, 'learning_rate': 5.062763185269948e-05, 'epoch': 5.25}
{'loss': 0.4161, 'learning_rate': 5.05843311141163e-05, 'epoch': 5.25}
{'loss': 0.3995, 'learning_rate': 5.054103037553314e-05, 'epoch': 5.26}
{'loss': 0.4135, 'learning_rate': 5.049772963694997e-05, 'epoch': 5.26}
{'loss': 0.4506, 'learning_rate': 5.04544288983668e-05, 'epoch': 5.26}
{'loss': 0.4224, 'learning_rate': 5.041112815978363e-05, 'epoch': 5.27}
{'loss': 0.3879, 'learning_rate': 5.036782742120045e-05, 'epoch': 5.27}
{'loss': 0.4195, 'learning_rate': 5.03245266826173e-05, 'epoch': 5.28}
{'loss': 0.4103, 'learning_rate': 5.0281225944034114e-05, 'epoch': 5.28}
{'loss': 0.4464, 'learning_rate': 5.0237925205450956e-05, 'epoch': 5.28}
{'loss': 0.4263, 'learning_rate': 5.019462446686779e-05, 'epoch': 5.29}
{'loss': 0.4081, 'learning_rate': 5.015132372828462e-05, 'epoch': 5.29}
{'loss': 0.4206, 'learning_rate': 5.010802298970145e-05, 'epoch': 5.3}
{'loss': 0.409, 'learning_rate': 5.006472225111829e-05, 'epoch': 5.3}
{'loss': 0.4093, 'learning_rate': 5.00214215125351e-05, 'epoch': 5.3}
{'loss': 0.3988, 'learning_rate': 4.9978120773951944e-05, 'epoch': 5.31}
{'loss': 0.3994, 'learning_rate': 4.993482003536877e-05, 'epoch': 5.31}
{'loss': 0.4316, 'learning_rate': 4.989151929678561e-05, 'epoch': 5.32}
{'loss': 0.4424, 'learning_rate': 4.984821855820244e-05, 'epoch': 5.32}
{'loss': 0.4056, 'learning_rate': 4.980491781961926e-05, 'epoch': 5.33}
{'loss': 0.4241, 'learning_rate': 4.9761617081036104e-05, 'epoch': 5.33}
{'loss': 0.4259, 'learning_rate': 4.971831634245294e-05, 'epoch': 5.33}
{'loss': 0.4328, 'learning_rate': 4.967501560386976e-05, 'epoch': 5.34}
{'loss': 0.4299, 'learning_rate': 4.9631714865286595e-05, 'epoch': 5.34}
{'loss': 0.4154, 'learning_rate': 4.958841412670342e-05, 'epoch': 5.35}
{'loss': 0.4121, 'learning_rate': 4.954511338812026e-05, 'epoch': 5.35}
{'loss': 0.4051, 'learning_rate': 4.950181264953709e-05, 'epoch': 5.35}
{'loss': 0.4161, 'learning_rate': 4.9458511910953914e-05, 'epoch': 5.36}
{'loss': 0.3903, 'learning_rate': 4.941521117237075e-05, 'epoch': 5.36}
{'loss': 0.4425, 'learning_rate': 4.937191043378758e-05, 'epoch': 5.37}
{'loss': 0.4152, 'learning_rate': 4.932860969520441e-05, 'epoch': 5.37}
{'loss': 0.3978, 'learning_rate': 4.9285308956621246e-05, 'epoch': 5.37}
{'loss': 0.4191, 'learning_rate': 4.924200821803808e-05, 'epoch': 5.38}
{'loss': 0.3767, 'learning_rate': 4.919870747945491e-05, 'epoch': 5.38}
{'loss': 0.4074, 'learning_rate': 4.915540674087174e-05, 'epoch': 5.39}
{'loss': 0.4075, 'learning_rate': 4.911210600228858e-05, 'epoch': 5.39}
{'loss': 0.4326, 'learning_rate': 4.90688052637054e-05, 'epoch': 5.39}
{'loss': 0.3987, 'learning_rate': 4.9025504525122234e-05, 'epoch': 5.4}
{'loss': 0.4317, 'learning_rate': 4.898220378653906e-05, 'epoch': 5.4}
{'loss': 0.4174, 'learning_rate': 4.89389030479559e-05, 'epoch': 5.41}
{'loss': 0.4204, 'learning_rate': 4.889560230937273e-05, 'epoch': 5.41}
{'loss': 0.4496, 'learning_rate': 4.885230157078955e-05, 'epoch': 5.41}
{'loss': 0.4317, 'learning_rate': 4.8809000832206394e-05, 'epoch': 5.42}
{'loss': 0.4335, 'learning_rate': 4.876570009362323e-05, 'epoch': 5.42}
{'loss': 0.4213, 'learning_rate': 4.872239935504005e-05, 'epoch': 5.43}
{'loss': 0.3904, 'learning_rate': 4.8679098616456885e-05, 'epoch': 5.43}
{'loss': 0.4032, 'learning_rate': 4.863579787787372e-05, 'epoch': 5.44}
{'loss': 0.4304, 'learning_rate': 4.859249713929055e-05, 'epoch': 5.44}
{'loss': 0.4076, 'learning_rate': 4.854919640070738e-05, 'epoch': 5.44}
{'loss': 0.4121, 'learning_rate': 4.8505895662124204e-05, 'epoch': 5.45}
{'loss': 0.4191, 'learning_rate': 4.8463460938312706e-05, 'epoch': 5.45}
{'loss': 0.407, 'learning_rate': 4.842016019972954e-05, 'epoch': 5.46}
{'loss': 0.4149, 'learning_rate': 4.837685946114636e-05, 'epoch': 5.46}
{'loss': 0.4276, 'learning_rate': 4.8333558722563196e-05, 'epoch': 5.46}
{'loss': 0.4174, 'learning_rate': 4.829025798398003e-05, 'epoch': 5.47}
{'loss': 0.4493, 'learning_rate': 4.824695724539686e-05, 'epoch': 5.47}
{'loss': 0.4257, 'learning_rate': 4.8203656506813694e-05, 'epoch': 5.48}
{'loss': 0.4483, 'learning_rate': 4.816035576823053e-05, 'epoch': 5.48}
{'loss': 0.3946, 'learning_rate': 4.811705502964736e-05, 'epoch': 5.48}
{'loss': 0.41, 'learning_rate': 4.807375429106419e-05, 'epoch': 5.49}
{'loss': 0.3956, 'learning_rate': 4.8030453552481026e-05, 'epoch': 5.49}
{'loss': 0.4324, 'learning_rate': 4.798715281389785e-05, 'epoch': 5.5}
{'loss': 0.407, 'learning_rate': 4.794385207531468e-05, 'epoch': 5.5}
{'loss': 0.4203, 'learning_rate': 4.790055133673151e-05, 'epoch': 5.5}
{'loss': 0.4423, 'learning_rate': 4.7857250598148345e-05, 'epoch': 5.51}
{'loss': 0.4093, 'learning_rate': 4.781394985956518e-05, 'epoch': 5.51}
{'loss': 0.4092, 'learning_rate': 4.7770649120982e-05, 'epoch': 5.52}
{'loss': 0.4118, 'learning_rate': 4.7727348382398836e-05, 'epoch': 5.52}
{'loss': 0.3973, 'learning_rate': 4.768404764381568e-05, 'epoch': 5.52}
{'loss': 0.4293, 'learning_rate': 4.76407469052325e-05, 'epoch': 5.53}
{'loss': 0.4043, 'learning_rate': 4.759744616664933e-05, 'epoch': 5.53}
{'loss': 0.4023, 'learning_rate': 4.755414542806617e-05, 'epoch': 5.54}
{'loss': 0.4272, 'learning_rate': 4.7510844689482996e-05, 'epoch': 5.54}
{'loss': 0.4193, 'learning_rate': 4.746754395089983e-05, 'epoch': 5.55}
{'loss': 0.4285, 'learning_rate': 4.742424321231665e-05, 'epoch': 5.55}
{'loss': 0.4341, 'learning_rate': 4.7380942473733487e-05, 'epoch': 5.55}
{'loss': 0.4517, 'learning_rate': 4.733764173515032e-05, 'epoch': 5.56}
{'loss': 0.4195, 'learning_rate': 4.729434099656715e-05, 'epoch': 5.56}
{'loss': 0.4327, 'learning_rate': 4.7251040257983984e-05, 'epoch': 5.57}
{'loss': 0.4154, 'learning_rate': 4.720773951940082e-05, 'epoch': 5.57}
{'loss': 0.462, 'learning_rate': 4.716443878081764e-05, 'epoch': 5.57}
{'loss': 0.4415, 'learning_rate': 4.712113804223448e-05, 'epoch': 5.58}
{'loss': 0.3952, 'learning_rate': 4.7077837303651316e-05, 'epoch': 5.58}
{'loss': 0.4338, 'learning_rate': 4.703453656506814e-05, 'epoch': 5.59}
{'loss': 0.3871, 'learning_rate': 4.699123582648497e-05, 'epoch': 5.59}
{'loss': 0.4131, 'learning_rate': 4.69479350879018e-05, 'epoch': 5.59}
{'loss': 0.4071, 'learning_rate': 4.6904634349318635e-05, 'epoch': 5.6}
{'loss': 0.4387, 'learning_rate': 4.686133361073547e-05, 'epoch': 5.6}
{'loss': 0.4208, 'learning_rate': 4.681803287215229e-05, 'epoch': 5.61}
{'loss': 0.4086, 'learning_rate': 4.6774732133569126e-05, 'epoch': 5.61}
{'loss': 0.3967, 'learning_rate': 4.673143139498596e-05, 'epoch': 5.61}
{'loss': 0.4379, 'learning_rate': 4.668813065640279e-05, 'epoch': 5.62}
{'loss': 0.4148, 'learning_rate': 4.664482991781962e-05, 'epoch': 5.62}
{'loss': 0.4314, 'learning_rate': 4.660152917923646e-05, 'epoch': 5.63}
{'loss': 0.4152, 'learning_rate': 4.6558228440653286e-05, 'epoch': 5.63}
{'loss': 0.3912, 'learning_rate': 4.651492770207012e-05, 'epoch': 5.63}
{'loss': 0.4106, 'learning_rate': 4.6471626963486955e-05, 'epoch': 5.64}
{'loss': 0.4179, 'learning_rate': 4.6428326224903777e-05, 'epoch': 5.64}
{'loss': 0.4211, 'learning_rate': 4.638502548632061e-05, 'epoch': 5.65}
{'loss': 0.4217, 'learning_rate': 4.634172474773744e-05, 'epoch': 5.65}
{'loss': 0.43, 'learning_rate': 4.6298424009154274e-05, 'epoch': 5.66}
{'loss': 0.4178, 'learning_rate': 4.625512327057111e-05, 'epoch': 5.66}
{'loss': 0.4153, 'learning_rate': 4.621182253198793e-05, 'epoch': 5.66}
{'loss': 0.4253, 'learning_rate': 4.6168521793404765e-05, 'epoch': 5.67}
{'loss': 0.4189, 'learning_rate': 4.6125221054821606e-05, 'epoch': 5.67}
{'loss': 0.4354, 'learning_rate': 4.608192031623843e-05, 'epoch': 5.68}
{'loss': 0.4252, 'learning_rate': 4.603861957765526e-05, 'epoch': 5.68}
{'loss': 0.4089, 'learning_rate': 4.59953188390721e-05, 'epoch': 5.68}
{'loss': 0.4296, 'learning_rate': 4.5952018100488925e-05, 'epoch': 5.69}
{'loss': 0.3982, 'learning_rate': 4.590958337667742e-05, 'epoch': 5.69}
{'loss': 0.4078, 'learning_rate': 4.586628263809425e-05, 'epoch': 5.7}
{'loss': 0.4178, 'learning_rate': 4.582298189951108e-05, 'epoch': 5.7}
{'loss': 0.4039, 'learning_rate': 4.577968116092792e-05, 'epoch': 5.7}
{'loss': 0.4127, 'learning_rate': 4.573638042234474e-05, 'epoch': 5.71}
{'loss': 0.4035, 'learning_rate': 4.5693079683761574e-05, 'epoch': 5.71}
{'loss': 0.4384, 'learning_rate': 4.564977894517841e-05, 'epoch': 5.72}
{'loss': 0.4145, 'learning_rate': 4.5606478206595237e-05, 'epoch': 5.72}
{'loss': 0.4322, 'learning_rate': 4.556317746801207e-05, 'epoch': 5.72}
{'loss': 0.4505, 'learning_rate': 4.5519876729428906e-05, 'epoch': 5.73}
{'loss': 0.4266, 'learning_rate': 4.547657599084573e-05, 'epoch': 5.73}
{'loss': 0.4246, 'learning_rate': 4.543327525226257e-05, 'epoch': 5.74}
{'loss': 0.4331, 'learning_rate': 4.5389974513679404e-05, 'epoch': 5.74}
{'loss': 0.4174, 'learning_rate': 4.5346673775096225e-05, 'epoch': 5.74}
{'loss': 0.431, 'learning_rate': 4.530337303651306e-05, 'epoch': 5.75}
{'loss': 0.4187, 'learning_rate': 4.526007229792989e-05, 'epoch': 5.75}
{'loss': 0.4349, 'learning_rate': 4.521677155934672e-05, 'epoch': 5.76}
{'loss': 0.4464, 'learning_rate': 4.517347082076356e-05, 'epoch': 5.76}
{'loss': 0.4069, 'learning_rate': 4.513017008218038e-05, 'epoch': 5.77}
{'loss': 0.4233, 'learning_rate': 4.508686934359721e-05, 'epoch': 5.77}
{'loss': 0.4438, 'learning_rate': 4.504356860501405e-05, 'epoch': 5.77}
{'loss': 0.395, 'learning_rate': 4.5000267866430876e-05, 'epoch': 5.78}
{'loss': 0.3971, 'learning_rate': 4.495696712784771e-05, 'epoch': 5.78}
{'loss': 0.4467, 'learning_rate': 4.4913666389264545e-05, 'epoch': 5.79}
{'loss': 0.4375, 'learning_rate': 4.487036565068137e-05, 'epoch': 5.79}
{'loss': 0.4461, 'learning_rate': 4.482706491209821e-05, 'epoch': 5.79}
{'loss': 0.4242, 'learning_rate': 4.478376417351503e-05, 'epoch': 5.8}
{'loss': 0.4067, 'learning_rate': 4.4740463434931864e-05, 'epoch': 5.8}
{'loss': 0.4268, 'learning_rate': 4.46971626963487e-05, 'epoch': 5.81}
{'loss': 0.4191, 'learning_rate': 4.465386195776553e-05, 'epoch': 5.81}
{'loss': 0.3998, 'learning_rate': 4.461056121918236e-05, 'epoch': 5.81}
{'loss': 0.4222, 'learning_rate': 4.4567260480599196e-05, 'epoch': 5.82}
{'loss': 0.4173, 'learning_rate': 4.452395974201602e-05, 'epoch': 5.82}
{'loss': 0.4027, 'learning_rate': 4.448065900343285e-05, 'epoch': 5.83}
{'loss': 0.4204, 'learning_rate': 4.4437358264849694e-05, 'epoch': 5.83}
{'loss': 0.415, 'learning_rate': 4.4394057526266515e-05, 'epoch': 5.83}
{'loss': 0.4227, 'learning_rate': 4.435075678768335e-05, 'epoch': 5.84}
{'loss': 0.4077, 'learning_rate': 4.4307456049100184e-05, 'epoch': 5.84}
{'loss': 0.4213, 'learning_rate': 4.426415531051701e-05, 'epoch': 5.85}
{'loss': 0.4218, 'learning_rate': 4.422085457193385e-05, 'epoch': 5.85}
{'loss': 0.3917, 'learning_rate': 4.417755383335067e-05, 'epoch': 5.85}
{'loss': 0.4095, 'learning_rate': 4.41342530947675e-05, 'epoch': 5.86}
{'loss': 0.4272, 'learning_rate': 4.409095235618434e-05, 'epoch': 5.86}
{'loss': 0.452, 'learning_rate': 4.4047651617601166e-05, 'epoch': 5.87}
{'loss': 0.4377, 'learning_rate': 4.4004350879018e-05, 'epoch': 5.87}
{'loss': 0.3915, 'learning_rate': 4.3961050140434835e-05, 'epoch': 5.88}
{'loss': 0.4084, 'learning_rate': 4.3917749401851657e-05, 'epoch': 5.88}
{'loss': 0.4249, 'learning_rate': 4.38744486632685e-05, 'epoch': 5.88}
{'loss': 0.4116, 'learning_rate': 4.383114792468533e-05, 'epoch': 5.89}
{'loss': 0.4165, 'learning_rate': 4.3787847186102154e-05, 'epoch': 5.89}
{'loss': 0.4318, 'learning_rate': 4.374454644751899e-05, 'epoch': 5.9}
{'loss': 0.4298, 'learning_rate': 4.370124570893582e-05, 'epoch': 5.9}
{'loss': 0.3944, 'learning_rate': 4.365794497035265e-05, 'epoch': 5.9}
{'loss': 0.394, 'learning_rate': 4.3614644231769486e-05, 'epoch': 5.91}
{'loss': 0.3957, 'learning_rate': 4.357134349318631e-05, 'epoch': 5.91}
{'loss': 0.3922, 'learning_rate': 4.352804275460314e-05, 'epoch': 5.92}
{'loss': 0.4072, 'learning_rate': 4.3484742016019984e-05, 'epoch': 5.92}
{'loss': 0.4294, 'learning_rate': 4.3441441277436805e-05, 'epoch': 5.92}
{'loss': 0.4113, 'learning_rate': 4.339814053885364e-05, 'epoch': 5.93}
{'loss': 0.4083, 'learning_rate': 4.3354839800270474e-05, 'epoch': 5.93}
{'loss': 0.3952, 'learning_rate': 4.331240507645896e-05, 'epoch': 5.94}
{'loss': 0.4041, 'learning_rate': 4.32691043378758e-05, 'epoch': 5.94}
{'loss': 0.39, 'learning_rate': 4.322580359929263e-05, 'epoch': 5.94}
{'loss': 0.3957, 'learning_rate': 4.318250286070946e-05, 'epoch': 5.95}
{'loss': 0.3791, 'learning_rate': 4.3139202122126295e-05, 'epoch': 5.95}
{'loss': 0.4487, 'learning_rate': 4.3095901383543116e-05, 'epoch': 5.96}
{'loss': 0.4263, 'learning_rate': 4.305260064495995e-05, 'epoch': 5.96}
{'loss': 0.4012, 'learning_rate': 4.3009299906376786e-05, 'epoch': 5.96}
{'loss': 0.4512, 'learning_rate': 4.2965999167793614e-05, 'epoch': 5.97}
{'loss': 0.4336, 'learning_rate': 4.292269842921045e-05, 'epoch': 5.97}
{'loss': 0.3874, 'learning_rate': 4.2879397690627283e-05, 'epoch': 5.98}
{'loss': 0.4412, 'learning_rate': 4.2836096952044105e-05, 'epoch': 5.98}
{'loss': 0.4217, 'learning_rate': 4.2792796213460946e-05, 'epoch': 5.99}
{'loss': 0.4575, 'learning_rate': 4.274949547487778e-05, 'epoch': 5.99}
{'loss': 0.4336, 'learning_rate': 4.27061947362946e-05, 'epoch': 5.99}
{'loss': 0.3986, 'learning_rate': 4.266289399771144e-05, 'epoch': 6.0}
[INFO|trainer.py:520] 2026-10-04 15:41:00,009 >> The following columns in the evaluation set  don't have a corresponding argument in `PETLEncModel.forward` and have been ignored: premise, hypothesis, idx.
[INFO|trainer.py:2179] 2026-10-04 15:41:00,011 >> ***** Running Evaluation *****
[INFO|trainer.py:2181] 2026-10-04 15:41:00,011 >>   Num examples = 9815
[INFO|trainer.py:2184] 2026-10-04 15:41:00,011 >>   Batch size = 32
{'eval_loss': 0.39830198884010315, 'eval_accuracy': 0.8526744778400408, 'eval_runtime': 14.7982, 'eval_samples_per_second': 663.258, 'eval_steps_per_second': 20.746, 'epoch': 6.0}
[INFO|trainer.py:1933] 2026-10-04 15:41:14,810 >> Saving model checkpoint to checkpoints/glue/mnli/20261004/glue.mnli.prefix.am_prefix.ao_concat.fm_none.fo_parallel.abn.fbn.ac_add.fl_none.finit_lora.fs_4.unfrz_ef_.ne10.warm0.06.wd0.1.seed42./checkpoint-73632
[INFO|configuration_utils.py:364] 2026-10-04 15:41:14,812 >> Configuration saved in checkpoints/glue/mnli/20261004/glue.mnli.prefix.am_prefix.ao_concat.fm_none.fo_parallel.abn.fbn.ac_add.fl_none.finit_lora.fs_4.unfrz_ef_.ne10.warm0.06.wd0.1.seed42./checkpoint-73632/config.json
[INFO|modeling_utils.py:898] 2026-10-04 15:41:15,177 >> Model weights saved in checkpoints/glue/mnli/20261004/glue.mnli.prefix.am_prefix.ao_concat.fm_none.fo_parallel.abn.fbn.ac_add.fl_none.finit_lora.fs_4.unfrz_ef_.ne10.warm0.06.wd0.1.seed42./checkpoint-73632/pytorch_model.bin
[INFO|tokenization_utils_base.py:1948] 2026-10-04 15:41:15,179 >> tokenizer config file saved in checkpoints/glue/mnli/20261004/glue.mnli.prefix.am_prefix.ao_concat.fm_none.fo_parallel.abn.fbn.ac_add.fl_none.finit_lora.fs_4.unfrz_ef_.ne10.warm0.06.wd0.1.seed42./checkpoint-73632/tokenizer_config.json
[INFO|tokenization_utils_base.py:1954] 2026-10-04 15:41:15,179 >> Special tokens file saved in checkpoints/glue/mnli/20261004/glue.mnli.prefix.am_prefix.ao_concat.fm_none.fo_parallel.abn.fbn.ac_add.fl_none.finit_lora.fs_4.unfrz_ef_.ne10.warm0.06.wd0.1.seed42./checkpoint-73632/special_tokens_map.json
[INFO|trainer.py:2009] 2026-10-04 15:41:15,307 >> Deleting older checkpoint [checkpoints/glue/mnli/20261004/glue.mnli.prefix.am_prefix.ao_concat.fm_none.fo_parallel.abn.fbn.ac_add.fl_none.finit_lora.fs_4.unfrz_ef_.ne10.warm0.06.wd0.1.seed42./checkpoint-49088] due to args.save_total_limit
/work/unify-parameter-efficient-tuning/src/transformers/trainer.py:1784: FutureWarning: `torch.cuda.amp.autocast(args...)` is deprecated. Please use `torch.amp.autocast('cuda', args...)` instead.
  with autocast():
{'loss': 0.4018, 'learning_rate': 4.2619593259128265e-05, 'epoch': 6.0}
{'loss': 0.4264, 'learning_rate': 4.25762925205451e-05, 'epoch': 6.01}
{'loss': 0.4083, 'learning_rate': 4.2532991781961934e-05, 'epoch': 6.01}
{'loss': 0.4214, 'learning_rate': 4.2489691043378756e-05, 'epoch': 6.01}
{'loss': 0.3767, 'learning_rate': 4.244639030479559e-05, 'epoch': 6.02}
{'loss': 0.4014, 'learning_rate': 4.2403089566212425e-05, 'epoch': 6.02}
{'loss': 0.3874, 'learning_rate': 4.235978882762925e-05, 'epoch': 6.03}
{'loss': 0.4143, 'learning_rate': 4.231648808904609e-05, 'epoch': 6.03}
{'loss': 0.3951, 'learning_rate': 4.227318735046292e-05, 'epoch': 6.03}
{'loss': 0.3919, 'learning_rate': 4.222988661187975e-05, 'epoch': 6.04}
{'loss': 0.3986, 'learning_rate': 4.2186585873296585e-05, 'epoch': 6.04}
{'loss': 0.4177, 'learning_rate': 4.2143285134713407e-05, 'epoch': 6.05}
{'loss': 0.4043, 'learning_rate': 4.209998439613024e-05, 'epoch': 6.05}
{'loss': 0.4242, 'learning_rate': 4.2056683657547076e-05, 'epoch': 6.05}
{'loss': 0.4093, 'learning_rate': 4.2013382918963904e-05, 'epoch': 6.06}
{'loss': 0.4029, 'learning_rate': 4.197008218038074e-05, 'epoch': 6.06}
{'loss': 0.3937, 'learning_rate': 4.1926781441797574e-05, 'epoch': 6.07}
{'loss': 0.3838, 'learning_rate': 4.1883480703214395e-05, 'epoch': 6.07}
{'loss': 0.4099, 'learning_rate': 4.184017996463123e-05, 'epoch': 6.07}
{'loss': 0.4073, 'learning_rate': 4.179687922604807e-05, 'epoch': 6.08}
{'loss': 0.4018, 'learning_rate': 4.175357848746489e-05, 'epoch': 6.08}
{'loss': 0.3955, 'learning_rate': 4.171027774888173e-05, 'epoch': 6.09}
{'loss': 0.4323, 'learning_rate': 4.166697701029856e-05, 'epoch': 6.09}
{'loss': 0.3977, 'learning_rate': 4.162367627171539e-05, 'epoch': 6.1}
{'loss': 0.4376, 'learning_rate': 4.1580375533132224e-05, 'epoch': 6.1}
{'loss': 0.3815, 'learning_rate': 4.1537074794549046e-05, 'epoch': 6.1}
{'loss': 0.4235, 'learning_rate': 4.149377405596588e-05, 'epoch': 6.11}
{'loss': 0.3977, 'learning_rate': 4.1450473317382715e-05, 'epoch': 6.11}
{'loss': 0.398, 'learning_rate': 4.140717257879954e-05, 'epoch': 6.12}
{'loss': 0.4332, 'learning_rate': 4.136387184021638e-05, 'epoch': 6.12}
{'loss': 0.4089, 'learning_rate': 4.132057110163321e-05, 'epoch': 6.12}
{'loss': 0.4407, 'learning_rate': 4.1277270363050034e-05, 'epoch': 6.13}
{'loss': 0.4208, 'learning_rate': 4.1233969624466875e-05, 'epoch': 6.13}
{'loss': 0.433, 'learning_rate': 4.119066888588371e-05, 'epoch': 6.14}
{'loss': 0.4057, 'learning_rate': 4.114736814730053e-05, 'epoch': 6.14}
{'loss': 0.3989, 'learning_rate': 4.1104067408717366e-05, 'epoch': 6.14}
{'loss': 0.3785, 'learning_rate': 4.1060766670134194e-05, 'epoch': 6.15}
{'loss': 0.3814, 'learning_rate': 4.101746593155103e-05, 'epoch': 6.15}
{'loss': 0.4133, 'learning_rate': 4.0975031207739524e-05, 'epoch': 6.16}
{'loss': 0.4077, 'learning_rate': 4.093173046915635e-05, 'epoch': 6.16}
{'loss': 0.4149, 'learning_rate': 4.088842973057319e-05, 'epoch': 6.16}
{'loss': 0.3934, 'learning_rate': 4.084512899199002e-05, 'epoch': 6.17}
{'loss': 0.4152, 'learning_rate': 4.080182825340684e-05, 'epoch': 6.17}
{'loss': 0.4162, 'learning_rate': 4.075852751482368e-05, 'epoch': 6.18}
{'loss': 0.375, 'learning_rate': 4.071522677624051e-05, 'epoch': 6.18}
{'loss': 0.4259, 'learning_rate': 4.067192603765734e-05, 'epoch': 6.18}
{'loss': 0.3981, 'learning_rate': 4.0628625299074175e-05, 'epoch': 6.19}
{'loss': 0.4224, 'learning_rate': 4.058532456049101e-05, 'epoch': 6.19}
{'loss': 0.405, 'learning_rate': 4.054202382190784e-05, 'epoch': 6.2}
{'loss': 0.4201, 'learning_rate': 4.049872308332467e-05, 'epoch': 6.2}
{'loss': 0.4201, 'learning_rate': 4.0455422344741494e-05, 'epoch': 6.21}
{'loss': 0.4206, 'learning_rate': 4.041212160615833e-05, 'epoch': 6.21}
{'loss': 0.4083, 'learning_rate': 4.036882086757516e-05, 'epoch': 6.21}
{'loss': 0.4384, 'learning_rate': 4.032552012899199e-05, 'epoch': 6.22}
{'loss': 0.3843, 'learning_rate': 4.0282219390408826e-05, 'epoch': 6.22}
{'loss': 0.4167, 'learning_rate': 4.023891865182566e-05, 'epoch': 6.23}
{'loss': 0.4269, 'learning_rate': 4.019561791324248e-05, 'epoch': 6.23}
{'loss': 0.4121, 'learning_rate': 4.015231717465932e-05, 'epoch': 6.23}
{'loss': 0.3835, 'learning_rate': 4.010901643607616e-05, 'epoch': 6.24}
{'loss': 0.4152, 'learning_rate': 4.006571569749298e-05, 'epoch': 6.24}
{'loss': 0.4097, 'learning_rate': 4.0022414958909814e-05, 'epoch': 6.25}
{'loss': 0.3602, 'learning_rate': 3.997911422032664e-05, 'epoch': 6.25}
{'loss': 0.3975, 'learning_rate': 3.993581348174348e-05, 'epoch': 6.25}
{'loss': 0.4055, 'learning_rate': 3.989251274316031e-05, 'epoch': 6.26}
{'loss': 0.3975, 'learning_rate': 3.984921200457713e-05, 'epoch': 6.26}
{'loss': 0.4122, 'learning_rate': 3.980591126599397e-05, 'epoch': 6.27}
{'loss': 0.411, 'learning_rate': 3.97626105274108e-05, 'epoch': 6.27}
{'loss': 0.3716, 'learning_rate': 3.971930978882763e-05, 'epoch': 6.27}
{'loss': 0.4055, 'learning_rate': 3.9676009050244465e-05, 'epoch': 6.28}
{'loss': 0.3812, 'learning_rate': 3.96327083116613e-05, 'epoch': 6.28}
{'loss': 0.3716, 'learning_rate': 3.958940757307812e-05, 'epoch': 6.29}
{'loss': 0.4351, 'learning_rate': 3.954610683449496e-05, 'epoch': 6.29}
{'loss': 0.4038, 'learning_rate': 3.9502806095911784e-05, 'epoch': 6.29}
{'loss': 0.4312, 'learning_rate': 3.945950535732862e-05, 'epoch': 6.3}
{'loss': 0.4069, 'learning_rate': 3.9416204618745453e-05, 'epoch': 6.3}
{'loss': 0.4143, 'learning_rate': 3.937290388016228e-05, 'epoch': 6.31}
{'loss': 0.4023, 'learning_rate': 3.9329603141579116e-05, 'epoch': 6.31}
{'loss': 0.4249, 'learning_rate': 3.928630240299595e-05, 'epoch': 6.32}
{'loss': 0.4215, 'learning_rate': 3.924300166441277e-05, 'epoch': 6.32}
{'loss': 0.4379, 'learning_rate': 3.919970092582961e-05, 'epoch': 6.32}
{'loss': 0.3981, 'learning_rate': 3.915640018724644e-05, 'epoch': 6.33}
{'loss': 0.3985, 'learning_rate': 3.911309944866327e-05, 'epoch': 6.33}
{'loss': 0.3931, 'learning_rate': 3.9069798710080104e-05, 'epoch': 6.34}
{'loss': 0.3994, 'learning_rate': 3.902649797149694e-05, 'epoch': 6.34}
{'loss': 0.4112, 'learning_rate': 3.898319723291377e-05, 'epoch': 6.34}
{'loss': 0.4125, 'learning_rate': 3.89398964943306e-05, 'epoch': 6.35}
{'loss': 0.4296, 'learning_rate': 3.889659575574742e-05, 'epoch': 6.35}
{'loss': 0.4158, 'learning_rate': 3.885329501716426e-05, 'epoch': 6.36}
{'loss': 0.4201, 'learning_rate': 3.880999427858109e-05, 'epoch': 6.36}
{'loss': 0.4112, 'learning_rate': 3.876669353999792e-05, 'epoch': 6.36}
{'loss': 0.4095, 'learning_rate': 3.8723392801414755e-05, 'epoch': 6.37}
{'loss': 0.3881, 'learning_rate': 3.868009206283159e-05, 'epoch': 6.37}
{'loss': 0.3984, 'learning_rate': 3.863679132424841e-05, 'epoch': 6.38}
{'loss': 0.3897, 'learning_rate': 3.8593490585665246e-05, 'epoch': 6.38}
{'loss': 0.4256, 'learning_rate': 3.855018984708209e-05, 'epoch': 6.38}
{'loss': 0.409, 'learning_rate': 3.850688910849891e-05, 'epoch': 6.39}
{'loss': 0.403, 'learning_rate': 3.8463588369915744e-05, 'epoch': 6.39}
{'loss': 0.426, 'learning_rate': 3.842028763133257e-05, 'epoch': 6.4}
{'loss': 0.41, 'learning_rate': 3.8376986892749406e-05, 'epoch': 6.4}
{'loss': 0.3978, 'learning_rate': 3.833368615416624e-05, 'epoch': 6.4}
{'loss': 0.4246, 'learning_rate': 3.829038541558306e-05, 'epoch': 6.41}
{'loss': 0.4224, 'learning_rate': 3.82470846769999e-05, 'epoch': 6.41}
{'loss': 0.4082, 'learning_rate': 3.820378393841673e-05, 'epoch': 6.42}
{'loss': 0.3984, 'learning_rate': 3.816048319983356e-05, 'epoch': 6.42}
{'loss': 0.4062, 'learning_rate': 3.8117182461250394e-05, 'epoch': 6.43}
{'loss': 0.375, 'learning_rate': 3.807388172266723e-05, 'epoch': 6.43}
{'loss': 0.3993, 'learning_rate': 3.803058098408405e-05, 'epoch': 6.43}
{'loss': 0.4102, 'learning_rate': 3.798728024550089e-05, 'epoch': 6.44}
{'loss': 0.3843, 'learning_rate': 3.794397950691771e-05, 'epoch': 6.44}
{'loss': 0.4012, 'learning_rate': 3.790067876833455e-05, 'epoch': 6.45}
{'loss': 0.4138, 'learning_rate': 3.785737802975138e-05, 'epoch': 6.45}
{'loss': 0.4083, 'learning_rate': 3.781407729116821e-05, 'epoch': 6.45}
{'loss': 0.4206, 'learning_rate': 3.7770776552585045e-05, 'epoch': 6.46}
{'loss': 0.3998, 'learning_rate': 3.772747581400188e-05, 'epoch': 6.46}
{'loss': 0.3884, 'learning_rate': 3.76841750754187e-05, 'epoch': 6.47}
{'loss': 0.406, 'learning_rate': 3.7640874336835536e-05, 'epoch': 6.47}
{'loss': 0.3795, 'learning_rate': 3.759757359825238e-05, 'epoch': 6.47}
{'loss': 0.3883, 'learning_rate': 3.75542728596692e-05, 'epoch': 6.48}
{'loss': 0.424, 'learning_rate': 3.7510972121086034e-05, 'epoch': 6.48}
{'loss': 0.3859, 'learning_rate': 3.7468537397274536e-05, 'epoch': 6.49}
{'loss': 0.4032, 'learning_rate': 3.742523665869136e-05, 'epoch': 6.49}
{'loss': 0.3899, 'learning_rate': 3.738193592010819e-05, 'epoch': 6.49}
{'loss': 0.4113, 'learning_rate': 3.733863518152502e-05, 'epoch': 6.5}
{'loss': 0.436, 'learning_rate': 3.7295334442941854e-05, 'epoch': 6.5}
{'loss': 0.3965, 'learning_rate': 3.725203370435869e-05, 'epoch': 6.51}
{'loss': 0.3998, 'learning_rate': 3.720873296577551e-05, 'epoch': 6.51}
{'loss': 0.3904, 'learning_rate': 3.7165432227192345e-05, 'epoch': 6.51}
{'loss': 0.4148, 'learning_rate': 3.712213148860918e-05, 'epoch': 6.52}
{'loss': 0.3897, 'learning_rate': 3.707969676479767e-05, 'epoch': 6.52}
{'loss': 0.4094, 'learning_rate': 3.70363960262145e-05, 'epoch': 6.53}
{'loss': 0.4468, 'learning_rate': 3.699309528763134e-05, 'epoch': 6.53}
{'loss': 0.4103, 'learning_rate': 3.6949794549048166e-05, 'epoch': 6.54}
{'loss': 0.3789, 'learning_rate': 3.6906493810465e-05, 'epoch': 6.54}
{'loss': 0.3974, 'learning_rate': 3.6863193071881835e-05, 'epoch': 6.54}
{'loss': 0.3858, 'learning_rate': 3.681989233329866e-05, 'epoch': 6.55}
{'loss': 0.4122, 'learning_rate': 3.67765915947155e-05, 'epoch': 6.55}
{'loss': 0.4025, 'learning_rate': 3.673329085613232e-05, 'epoch': 6.56}
{'loss': 0.4291, 'learning_rate': 3.6689990117549154e-05, 'epoch': 6.56}
{'loss': 0.4057, 'learning_rate': 3.664668937896599e-05, 'epoch': 6.56}
{'loss': 0.4131, 'learning_rate': 3.660338864038282e-05, 'epoch': 6.57}
{'loss': 0.3824, 'learning_rate': 3.656008790179965e-05, 'epoch': 6.57}
{'loss': 0.4007, 'learning_rate': 3.6516787163216486e-05, 'epoch': 6.58}
{'loss': 0.3925, 'learning_rate': 3.647348642463331e-05, 'epoch': 6.58}
{'loss': 0.4337, 'learning_rate': 3.643018568605014e-05, 'epoch': 6.58}
{'loss': 0.3692, 'learning_rate': 3.638688494746698e-05, 'epoch': 6.59}
{'loss': 0.3995, 'learning_rate': 3.6343584208883805e-05, 'epoch': 6.59}
{'loss': 0.3898, 'learning_rate': 3.630028347030064e-05, 'epoch': 6.6}
{'loss': 0.4071, 'learning_rate': 3.625698273171746e-05, 'epoch': 6.6}
{'loss': 0.4049, 'learning_rate': 3.62136819931343e-05, 'epoch': 6.6}
{'loss': 0.4157, 'learning_rate': 3.617038125455114e-05, 'epoch': 6.61}
{'loss': 0.3936, 'learning_rate': 3.612708051596796e-05, 'epoch': 6.61}
{'loss': 0.4293, 'learning_rate': 3.608377977738479e-05, 'epoch': 6.62}
{'loss': 0.3914, 'learning_rate': 3.604047903880163e-05, 'epoch': 6.62}
{'loss': 0.3961, 'learning_rate': 3.5997178300218456e-05, 'epoch': 6.62}
{'loss': 0.3888, 'learning_rate': 3.595387756163529e-05, 'epoch': 6.63}
{'loss': 0.416, 'learning_rate': 3.5910576823052126e-05, 'epoch': 6.63}
{'loss': 0.4058, 'learning_rate': 3.586727608446895e-05, 'epoch': 6.64}
{'loss': 0.3856, 'learning_rate': 3.582397534588578e-05, 'epoch': 6.64}
{'loss': 0.389, 'learning_rate': 3.578067460730261e-05, 'epoch': 6.65}
{'loss': 0.4402, 'learning_rate': 3.5737373868719444e-05, 'epoch': 6.65}
{'loss': 0.3809, 'learning_rate': 3.569407313013628e-05, 'epoch': 6.65}
{'loss': 0.431, 'learning_rate': 3.565077239155311e-05, 'epoch': 6.66}
{'loss': 0.4166, 'learning_rate': 3.560747165296994e-05, 'epoch': 6.66}
{'loss': 0.4459, 'learning_rate': 3.5564170914386777e-05, 'epoch': 6.67}
{'loss': 0.3882, 'learning_rate': 3.55208701758036e-05, 'epoch': 6.67}
{'loss': 0.3854, 'learning_rate': 3.547756943722043e-05, 'epoch': 6.67}
{'loss': 0.4215, 'learning_rate': 3.543426869863727e-05, 'epoch': 6.68}
{'loss': 0.4048, 'learning_rate': 3.5390967960054095e-05, 'epoch': 6.68}
{'loss': 0.4046, 'learning_rate': 3.534766722147093e-05, 'epoch': 6.69}
{'loss': 0.3949, 'learning_rate': 3.5304366482887765e-05, 'epoch': 6.69}
{'loss': 0.4028, 'learning_rate': 3.5261065744304586e-05, 'epoch': 6.69}
{'loss': 0.4067, 'learning_rate': 3.521776500572143e-05, 'epoch': 6.7}
{'loss': 0.423, 'learning_rate': 3.517446426713825e-05, 'epoch': 6.7}
{'loss': 0.4056, 'learning_rate': 3.5131163528555083e-05, 'epoch': 6.71}
{'loss': 0.4142, 'learning_rate': 3.508786278997192e-05, 'epoch': 6.71}
{'loss': 0.4008, 'learning_rate': 3.5044562051388746e-05, 'epoch': 6.71}
{'loss': 0.4189, 'learning_rate': 3.500126131280558e-05, 'epoch': 6.72}
{'loss': 0.3884, 'learning_rate': 3.4957960574222416e-05, 'epoch': 6.72}
{'loss': 0.4016, 'learning_rate': 3.491465983563924e-05, 'epoch': 6.73}
{'loss': 0.3982, 'learning_rate': 3.487135909705607e-05, 'epoch': 6.73}
{'loss': 0.4443, 'learning_rate': 3.4828058358472906e-05, 'epoch': 6.73}
{'loss': 0.4118, 'learning_rate': 3.4784757619889734e-05, 'epoch': 6.74}
{'loss': 0.3867, 'learning_rate': 3.474145688130657e-05, 'epoch': 6.74}
{'loss': 0.4063, 'learning_rate': 3.469815614272339e-05, 'epoch': 6.75}
{'loss': 0.4206, 'learning_rate': 3.465485540414023e-05, 'epoch': 6.75}
{'loss': 0.4106, 'learning_rate': 3.4611554665557067e-05, 'epoch': 6.76}
{'loss': 0.3883, 'learning_rate': 3.456825392697389e-05, 'epoch': 6.76}
{'loss': 0.4296, 'learning_rate': 3.452495318839072e-05, 'epoch': 6.76}
{'loss': 0.405, 'learning_rate': 3.448165244980756e-05, 'epoch': 6.77}
{'loss': 0.3809, 'learning_rate': 3.4438351711224385e-05, 'epoch': 6.77}
{'loss': 0.3908, 'learning_rate': 3.439505097264122e-05, 'epoch': 6.78}
{'loss': 0.4112, 'learning_rate': 3.4352616248829715e-05, 'epoch': 6.78}
{'loss': 0.4107, 'learning_rate': 3.430931551024654e-05, 'epoch': 6.78}
{'loss': 0.403, 'learning_rate': 3.426601477166338e-05, 'epoch': 6.79}
{'loss': 0.4458, 'learning_rate': 3.422271403308021e-05, 'epoch': 6.79}
{'loss': 0.4376, 'learning_rate': 3.4179413294497034e-05, 'epoch': 6.8}
{'loss': 0.3784, 'learning_rate': 3.413611255591387e-05, 'epoch': 6.8}
{'loss': 0.39, 'learning_rate': 3.40928118173307e-05, 'epoch': 6.8}
{'loss': 0.4346, 'learning_rate': 3.404951107874753e-05, 'epoch': 6.81}
{'loss': 0.4168, 'learning_rate': 3.4006210340164366e-05, 'epoch': 6.81}
{'loss': 0.3733, 'learning_rate': 3.3962909601581194e-05, 'epoch': 6.82}
{'loss': 0.3944, 'learning_rate': 3.391960886299803e-05, 'epoch': 6.82}
{'loss': 0.4272, 'learning_rate': 3.3876308124414864e-05, 'epoch': 6.82}
{'loss': 0.4085, 'learning_rate': 3.3833007385831685e-05, 'epoch': 6.83}
{'loss': 0.3683, 'learning_rate': 3.378970664724852e-05, 'epoch': 6.83}
{'loss': 0.4233, 'learning_rate': 3.3746405908665355e-05, 'epoch': 6.84}
{'loss': 0.3953, 'learning_rate': 3.370310517008218e-05, 'epoch': 6.84}
{'loss': 0.393, 'learning_rate': 3.365980443149902e-05, 'epoch': 6.84}
{'loss': 0.4015, 'learning_rate': 3.361650369291584e-05, 'epoch': 6.85}
{'loss': 0.4171, 'learning_rate': 3.357320295433267e-05, 'epoch': 6.85}
{'loss': 0.3882, 'learning_rate': 3.3529902215749515e-05, 'epoch': 6.86}
{'loss': 0.4363, 'learning_rate': 3.3486601477166336e-05, 'epoch': 6.86}
{'loss': 0.4137, 'learning_rate': 3.344330073858317e-05, 'epoch': 6.87}
{'loss': 0.3737, 'learning_rate': 3.3400000000000005e-05, 'epoch': 6.87}
{'loss': 0.404, 'learning_rate': 3.3357565276188494e-05, 'epoch': 6.87}
{'loss': 0.4422, 'learning_rate': 3.331426453760533e-05, 'epoch': 6.88}
{'loss': 0.4131, 'learning_rate': 3.3270963799022164e-05, 'epoch': 6.88}
{'loss': 0.3988, 'learning_rate': 3.322766306043899e-05, 'epoch': 6.89}
{'loss': 0.3703, 'learning_rate': 3.3184362321855826e-05, 'epoch': 6.89}
{'loss': 0.3873, 'learning_rate': 3.314106158327266e-05, 'epoch': 6.89}
{'loss': 0.4166, 'learning_rate': 3.309776084468948e-05, 'epoch': 6.9}
{'loss': 0.4, 'learning_rate': 3.305446010610632e-05, 'epoch': 6.9}
{'loss': 0.3611, 'learning_rate': 3.3011159367523145e-05, 'epoch': 6.91}
{'loss': 0.4318, 'learning_rate': 3.296785862893998e-05, 'epoch': 6.91}
{'loss': 0.406, 'learning_rate': 3.2924557890356815e-05, 'epoch': 6.91}
{'loss': 0.3678, 'learning_rate': 3.2881257151773636e-05, 'epoch': 6.92}
{'loss': 0.3899, 'learning_rate': 3.283795641319048e-05, 'epoch': 6.92}
{'loss': 0.428, 'learning_rate': 3.279465567460731e-05, 'epoch': 6.93}
{'loss': 0.3851, 'learning_rate': 3.275135493602413e-05, 'epoch': 6.93}
{'loss': 0.4058, 'learning_rate': 3.270805419744097e-05, 'epoch': 6.93}
{'loss': 0.3812, 'learning_rate': 3.26647534588578e-05, 'epoch': 6.94}
{'loss': 0.3869, 'learning_rate': 3.262145272027463e-05, 'epoch': 6.94}
{'loss': 0.4029, 'learning_rate': 3.2578151981691465e-05, 'epoch': 6.95}
{'loss': 0.4194, 'learning_rate': 3.253485124310829e-05, 'epoch': 6.95}
{'loss': 0.3962, 'learning_rate': 3.249155050452512e-05, 'epoch': 6.95}
{'loss': 0.4302, 'learning_rate': 3.244824976594196e-05, 'epoch': 6.96}
{'loss': 0.4087, 'learning_rate': 3.2404949027358784e-05, 'epoch': 6.96}
{'loss': 0.427, 'learning_rate': 3.236164828877562e-05, 'epoch': 6.97}
{'loss': 0.4007, 'learning_rate': 3.2318347550192454e-05, 'epoch': 6.97}
{'loss': 0.4044, 'learning_rate': 3.227504681160928e-05, 'epoch': 6.98}
{'loss': 0.4214, 'learning_rate': 3.2231746073026116e-05, 'epoch': 6.98}
{'loss': 0.3921, 'learning_rate': 3.218844533444295e-05, 'epoch': 6.98}
{'loss': 0.4012, 'learning_rate': 3.214514459585977e-05, 'epoch': 6.99}
{'loss': 0.4127, 'learning_rate': 3.210184385727661e-05, 'epoch': 6.99}
{'loss': 0.3853, 'learning_rate': 3.205854311869344e-05, 'epoch': 7.0}
{'loss': 0.3916, 'learning_rate': 3.201524238011027e-05, 'epoch': 7.0}
[INFO|trainer.py:520] 2026-10-04 15:49:39,342 >> The following columns in the evaluation set  don't have a corresponding argument in `PETLEncModel.forward` and have been ignored: premise, hypothesis, idx.
[INFO|trainer.py:2179] 2026-10-04 15:49:39,344 >> ***** Running Evaluation *****
[INFO|trainer.py:2181] 2026-10-04 15:49:39,344 >>   Num examples = 9815
[INFO|trainer.py:2184] 2026-10-04 15:49:39,344 >>   Batch size = 32
{'eval_loss': 0.38947099447250366, 'eval_accuracy': 0.8559347936831381, 'eval_runtime': 14.9338, 'eval_samples_per_second': 657.234, 'eval_steps_per_second': 20.557, 'epoch': 7.0}
[INFO|trainer.py:1933] 2026-10-04 15:49:54,279 >> Saving model checkpoint to checkpoints/glue/mnli/20261004/glue.mnli.prefix.am_prefix.ao_concat.fm_none.fo_parallel.abn.fbn.ac_add.fl_none.finit_lora.fs_4.unfrz_ef_.ne10.warm0.06.wd0.1.seed42./checkpoint-85904
[INFO|configuration_utils.py:364] 2026-10-04 15:49:54,280 >> Configuration saved in checkpoints/glue/mnli/20261004/glue.mnli.prefix.am_prefix.ao_concat.fm_none.fo_parallel.abn.fbn.ac_add.fl_none.finit_lora.fs_4.unfrz_ef_.ne10.warm0.06.wd0.1.seed42./checkpoint-85904/config.json
[INFO|modeling_utils.py:898] 2026-10-04 15:49:54,623 >> Model weights saved in checkpoints/glue/mnli/20261004/glue.mnli.prefix.am_prefix.ao_concat.fm_none.fo_parallel.abn.fbn.ac_add.fl_none.finit_lora.fs_4.unfrz_ef_.ne10.warm0.06.wd0.1.seed42./checkpoint-85904/pytorch_model.bin
[INFO|tokenization_utils_base.py:1948] 2026-10-04 15:49:54,624 >> tokenizer config file saved in checkpoints/glue/mnli/20261004/glue.mnli.prefix.am_prefix.ao_concat.fm_none.fo_parallel.abn.fbn.ac_add.fl_none.finit_lora.fs_4.unfrz_ef_.ne10.warm0.06.wd0.1.seed42./checkpoint-85904/tokenizer_config.json
[INFO|tokenization_utils_base.py:1954] 2026-10-04 15:49:54,624 >> Special tokens file saved in checkpoints/glue/mnli/20261004/glue.mnli.prefix.am_prefix.ao_concat.fm_none.fo_parallel.abn.fbn.ac_add.fl_none.finit_lora.fs_4.unfrz_ef_.ne10.warm0.06.wd0.1.seed42./checkpoint-85904/special_tokens_map.json
[INFO|trainer.py:2009] 2026-10-04 15:49:54,746 >> Deleting older checkpoint [checkpoints/glue/mnli/20261004/glue.mnli.prefix.am_prefix.ao_concat.fm_none.fo_parallel.abn.fbn.ac_add.fl_none.finit_lora.fs_4.unfrz_ef_.ne10.warm0.06.wd0.1.seed42./checkpoint-61360] due to args.save_total_limit
/work/unify-parameter-efficient-tuning/src/transformers/trainer.py:1784: FutureWarning: `torch.cuda.amp.autocast(args...)` is deprecated. Please use `torch.amp.autocast('cuda', args...)` instead.
  with autocast():
{'loss': 0.4112, 'learning_rate': 3.1971941641527105e-05, 'epoch': 7.0}
{'loss': 0.4446, 'learning_rate': 3.1928640902943926e-05, 'epoch': 7.01}
{'loss': 0.4114, 'learning_rate': 3.188534016436077e-05, 'epoch': 7.01}
{'loss': 0.3852, 'learning_rate': 3.18420394257776e-05, 'epoch': 7.02}
{'loss': 0.3981, 'learning_rate': 3.179873868719442e-05, 'epoch': 7.02}
{'loss': 0.3784, 'learning_rate': 3.175543794861126e-05, 'epoch': 7.02}
{'loss': 0.3984, 'learning_rate': 3.171213721002809e-05, 'epoch': 7.03}
{'loss': 0.4466, 'learning_rate': 3.166883647144492e-05, 'epoch': 7.03}
{'loss': 0.3667, 'learning_rate': 3.1625535732861756e-05, 'epoch': 7.04}
{'loss': 0.3753, 'learning_rate': 3.158223499427859e-05, 'epoch': 7.04}
{'loss': 0.3845, 'learning_rate': 3.153893425569541e-05, 'epoch': 7.04}
{'loss': 0.3876, 'learning_rate': 3.1495633517112246e-05, 'epoch': 7.05}
{'loss': 0.397, 'learning_rate': 3.1452332778529074e-05, 'epoch': 7.05}
{'loss': 0.3888, 'learning_rate': 3.140903203994591e-05, 'epoch': 7.06}
{'loss': 0.3835, 'learning_rate': 3.1365731301362744e-05, 'epoch': 7.06}
{'loss': 0.394, 'learning_rate': 3.132243056277957e-05, 'epoch': 7.06}
{'loss': 0.3785, 'learning_rate': 3.127999583896807e-05, 'epoch': 7.07}
{'loss': 0.3945, 'learning_rate': 3.12366951003849e-05, 'epoch': 7.07}
{'loss': 0.3687, 'learning_rate': 3.119339436180173e-05, 'epoch': 7.08}
{'loss': 0.402, 'learning_rate': 3.1150093623218565e-05, 'epoch': 7.08}
{'loss': 0.365, 'learning_rate': 3.11067928846354e-05, 'epoch': 7.09}
{'loss': 0.4328, 'learning_rate': 3.106349214605222e-05, 'epoch': 7.09}
{'loss': 0.3965, 'learning_rate': 3.1020191407469055e-05, 'epoch': 7.09}
{'loss': 0.3912, 'learning_rate': 3.097689066888589e-05, 'epoch': 7.1}
{'loss': 0.3972, 'learning_rate': 3.093358993030272e-05, 'epoch': 7.1}
{'loss': 0.4039, 'learning_rate': 3.089028919171955e-05, 'epoch': 7.11}
{'loss': 0.4421, 'learning_rate': 3.0846988453136374e-05, 'epoch': 7.11}
{'loss': 0.423, 'learning_rate': 3.080368771455321e-05, 'epoch': 7.11}
{'loss': 0.3834, 'learning_rate': 3.076038697597005e-05, 'epoch': 7.12}
{'loss': 0.3844, 'learning_rate': 3.071708623738687e-05, 'epoch': 7.12}
{'loss': 0.389, 'learning_rate': 3.0673785498803706e-05, 'epoch': 7.13}
{'loss': 0.4008, 'learning_rate': 3.063048476022054e-05, 'epoch': 7.13}
{'loss': 0.3779, 'learning_rate': 3.058718402163736e-05, 'epoch': 7.13}
{'loss': 0.3854, 'learning_rate': 3.05438832830542e-05, 'epoch': 7.14}
{'loss': 0.3882, 'learning_rate': 3.0500582544471035e-05, 'epoch': 7.14}
{'loss': 0.4421, 'learning_rate': 3.045728180588786e-05, 'epoch': 7.15}
{'loss': 0.3753, 'learning_rate': 3.041398106730469e-05, 'epoch': 7.15}
{'loss': 0.4071, 'learning_rate': 3.037068032872152e-05, 'epoch': 7.15}
{'loss': 0.3855, 'learning_rate': 3.0327379590138354e-05, 'epoch': 7.16}
{'loss': 0.4073, 'learning_rate': 3.0284078851555185e-05, 'epoch': 7.16}
{'loss': 0.388, 'learning_rate': 3.0240778112972013e-05, 'epoch': 7.17}
{'loss': 0.3868, 'learning_rate': 3.0197477374388848e-05, 'epoch': 7.17}
{'loss': 0.4026, 'learning_rate': 3.0154176635805683e-05, 'epoch': 7.17}
{'loss': 0.3891, 'learning_rate': 3.0110875897222507e-05, 'epoch': 7.18}
{'loss': 0.4318, 'learning_rate': 3.0067575158639345e-05, 'epoch': 7.18}
{'loss': 0.3973, 'learning_rate': 3.002427442005618e-05, 'epoch': 7.19}
{'loss': 0.3882, 'learning_rate': 2.9980973681473e-05, 'epoch': 7.19}
{'loss': 0.3641, 'learning_rate': 2.993767294288984e-05, 'epoch': 7.2}
{'loss': 0.4012, 'learning_rate': 2.9894372204306664e-05, 'epoch': 7.2}
{'loss': 0.4214, 'learning_rate': 2.9851071465723502e-05, 'epoch': 7.2}
{'loss': 0.3877, 'learning_rate': 2.9807770727140334e-05, 'epoch': 7.21}
{'loss': 0.383, 'learning_rate': 2.9764469988557158e-05, 'epoch': 7.21}
{'loss': 0.3963, 'learning_rate': 2.972116924997399e-05, 'epoch': 7.22}
{'loss': 0.4018, 'learning_rate': 2.9677868511390828e-05, 'epoch': 7.22}
{'loss': 0.4174, 'learning_rate': 2.9634567772807652e-05, 'epoch': 7.22}
{'loss': 0.412, 'learning_rate': 2.9591267034224484e-05, 'epoch': 7.23}
{'loss': 0.408, 'learning_rate': 2.9547966295641322e-05, 'epoch': 7.23}
{'loss': 0.3932, 'learning_rate': 2.9504665557058146e-05, 'epoch': 7.24}
{'loss': 0.3665, 'learning_rate': 2.9461364818474984e-05, 'epoch': 7.24}
{'loss': 0.3717, 'learning_rate': 2.9418064079891823e-05, 'epoch': 7.24}
{'loss': 0.3869, 'learning_rate': 2.937476334130864e-05, 'epoch': 7.25}
{'loss': 0.3972, 'learning_rate': 2.933146260272548e-05, 'epoch': 7.25}
{'loss': 0.3904, 'learning_rate': 2.9288161864142307e-05, 'epoch': 7.26}
{'loss': 0.3983, 'learning_rate': 2.9244861125559138e-05, 'epoch': 7.26}
{'loss': 0.3984, 'learning_rate': 2.9201560386975973e-05, 'epoch': 7.26}
{'loss': 0.3831, 'learning_rate': 2.91582596483928e-05, 'epoch': 7.27}
{'loss': 0.3566, 'learning_rate': 2.9114958909809632e-05, 'epoch': 7.27}
{'loss': 0.372, 'learning_rate': 2.9071658171226467e-05, 'epoch': 7.28}
{'loss': 0.3813, 'learning_rate': 2.9028357432643295e-05, 'epoch': 7.28}
{'loss': 0.4068, 'learning_rate': 2.8985056694060126e-05, 'epoch': 7.28}
{'loss': 0.3985, 'learning_rate': 2.894175595547696e-05, 'epoch': 7.29}
{'loss': 0.3582, 'learning_rate': 2.889845521689379e-05, 'epoch': 7.29}
{'loss': 0.3973, 'learning_rate': 2.8855154478310627e-05, 'epoch': 7.3}
{'loss': 0.4411, 'learning_rate': 2.8811853739727445e-05, 'epoch': 7.3}
{'loss': 0.4089, 'learning_rate': 2.8768553001144283e-05, 'epoch': 7.31}
{'loss': 0.3981, 'learning_rate': 2.872525226256112e-05, 'epoch': 7.31}
{'loss': 0.4186, 'learning_rate': 2.868195152397794e-05, 'epoch': 7.31}
{'loss': 0.397, 'learning_rate': 2.8638650785394777e-05, 'epoch': 7.32}
{'loss': 0.3813, 'learning_rate': 2.8595350046811615e-05, 'epoch': 7.32}
{'loss': 0.3584, 'learning_rate': 2.8552049308228433e-05, 'epoch': 7.33}
{'loss': 0.4027, 'learning_rate': 2.850874856964527e-05, 'epoch': 7.33}
{'loss': 0.4121, 'learning_rate': 2.846544783106211e-05, 'epoch': 7.33}
{'loss': 0.3701, 'learning_rate': 2.842214709247893e-05, 'epoch': 7.34}
{'loss': 0.4204, 'learning_rate': 2.8378846353895765e-05, 'epoch': 7.34}
{'loss': 0.4039, 'learning_rate': 2.8335545615312593e-05, 'epoch': 7.35}
{'loss': 0.3821, 'learning_rate': 2.8292244876729428e-05, 'epoch': 7.35}
{'loss': 0.3866, 'learning_rate': 2.824894413814626e-05, 'epoch': 7.35}
{'loss': 0.3774, 'learning_rate': 2.8205643399563087e-05, 'epoch': 7.36}
{'loss': 0.3723, 'learning_rate': 2.8162342660979922e-05, 'epoch': 7.36}
{'loss': 0.3966, 'learning_rate': 2.8119041922396753e-05, 'epoch': 7.37}
{'loss': 0.3702, 'learning_rate': 2.807574118381358e-05, 'epoch': 7.37}
{'loss': 0.4048, 'learning_rate': 2.8032440445230416e-05, 'epoch': 7.37}
{'loss': 0.4031, 'learning_rate': 2.7989139706647254e-05, 'epoch': 7.38}
{'loss': 0.3761, 'learning_rate': 2.7945838968064076e-05, 'epoch': 7.38}
{'loss': 0.383, 'learning_rate': 2.7902538229480914e-05, 'epoch': 7.39}
{'loss': 0.3918, 'learning_rate': 2.785923749089775e-05, 'epoch': 7.39}
{'loss': 0.3669, 'learning_rate': 2.7815936752314576e-05, 'epoch': 7.39}
{'loss': 0.3873, 'learning_rate': 2.7772636013731408e-05, 'epoch': 7.4}
{'loss': 0.4101, 'learning_rate': 2.7729335275148232e-05, 'epoch': 7.4}
{'loss': 0.4174, 'learning_rate': 2.768690055133673e-05, 'epoch': 7.41}
{'loss': 0.3945, 'learning_rate': 2.764359981275357e-05, 'epoch': 7.41}
{'loss': 0.3786, 'learning_rate': 2.7600299074170387e-05, 'epoch': 7.42}
{'loss': 0.3643, 'learning_rate': 2.7556998335587225e-05, 'epoch': 7.42}
{'loss': 0.4114, 'learning_rate': 2.7513697597004063e-05, 'epoch': 7.42}
{'loss': 0.4111, 'learning_rate': 2.747039685842088e-05, 'epoch': 7.43}
{'loss': 0.4096, 'learning_rate': 2.742709611983772e-05, 'epoch': 7.43}
{'loss': 0.4122, 'learning_rate': 2.7383795381254557e-05, 'epoch': 7.44}
{'loss': 0.4332, 'learning_rate': 2.734049464267138e-05, 'epoch': 7.44}
{'loss': 0.4048, 'learning_rate': 2.7297193904088213e-05, 'epoch': 7.44}
{'loss': 0.3838, 'learning_rate': 2.725389316550504e-05, 'epoch': 7.45}
{'loss': 0.39, 'learning_rate': 2.7210592426921876e-05, 'epoch': 7.45}
{'loss': 0.3825, 'learning_rate': 2.7167291688338708e-05, 'epoch': 7.46}
{'loss': 0.3984, 'learning_rate': 2.7123990949755536e-05, 'epoch': 7.46}
{'loss': 0.3863, 'learning_rate': 2.708069021117237e-05, 'epoch': 7.46}
{'loss': 0.4379, 'learning_rate': 2.70373894725892e-05, 'epoch': 7.47}
{'loss': 0.3835, 'learning_rate': 2.699408873400603e-05, 'epoch': 7.47}
{'loss': 0.4066, 'learning_rate': 2.6950787995422864e-05, 'epoch': 7.48}
{'loss': 0.4062, 'learning_rate': 2.6907487256839696e-05, 'epoch': 7.48}
{'loss': 0.3904, 'learning_rate': 2.6864186518256524e-05, 'epoch': 7.48}
{'loss': 0.3866, 'learning_rate': 2.6820885779673362e-05, 'epoch': 7.49}
{'loss': 0.4301, 'learning_rate': 2.6777585041090197e-05, 'epoch': 7.49}
{'loss': 0.4051, 'learning_rate': 2.6734284302507025e-05, 'epoch': 7.5}
{'loss': 0.3887, 'learning_rate': 2.6690983563923856e-05, 'epoch': 7.5}
{'loss': 0.4201, 'learning_rate': 2.664768282534068e-05, 'epoch': 7.5}
{'loss': 0.393, 'learning_rate': 2.660438208675752e-05, 'epoch': 7.51}
{'loss': 0.3909, 'learning_rate': 2.656108134817435e-05, 'epoch': 7.51}
{'loss': 0.366, 'learning_rate': 2.6517780609591175e-05, 'epoch': 7.52}
{'loss': 0.3816, 'learning_rate': 2.6474479871008013e-05, 'epoch': 7.52}
{'loss': 0.381, 'learning_rate': 2.6431179132424844e-05, 'epoch': 7.53}
{'loss': 0.3808, 'learning_rate': 2.638787839384167e-05, 'epoch': 7.53}
{'loss': 0.39, 'learning_rate': 2.63445776552585e-05, 'epoch': 7.53}
{'loss': 0.3941, 'learning_rate': 2.6301276916675345e-05, 'epoch': 7.54}
{'loss': 0.3789, 'learning_rate': 2.6257976178092163e-05, 'epoch': 7.54}
{'loss': 0.392, 'learning_rate': 2.6214675439509e-05, 'epoch': 7.55}
{'loss': 0.4362, 'learning_rate': 2.6171374700925826e-05, 'epoch': 7.55}
{'loss': 0.3748, 'learning_rate': 2.6128073962342657e-05, 'epoch': 7.55}
{'loss': 0.4168, 'learning_rate': 2.6084773223759495e-05, 'epoch': 7.56}
{'loss': 0.3841, 'learning_rate': 2.6041472485176323e-05, 'epoch': 7.56}
{'loss': 0.4148, 'learning_rate': 2.5998171746593154e-05, 'epoch': 7.57}
{'loss': 0.3983, 'learning_rate': 2.595487100800999e-05, 'epoch': 7.57}
{'loss': 0.3718, 'learning_rate': 2.5911570269426817e-05, 'epoch': 7.57}
{'loss': 0.3713, 'learning_rate': 2.586826953084365e-05, 'epoch': 7.58}
{'loss': 0.3908, 'learning_rate': 2.5824968792260483e-05, 'epoch': 7.58}
{'loss': 0.3785, 'learning_rate': 2.578166805367731e-05, 'epoch': 7.59}
{'loss': 0.3895, 'learning_rate': 2.5738367315094146e-05, 'epoch': 7.59}
{'loss': 0.3745, 'learning_rate': 2.5695066576510967e-05, 'epoch': 7.59}
{'loss': 0.4296, 'learning_rate': 2.5651765837927805e-05, 'epoch': 7.6}
{'loss': 0.4045, 'learning_rate': 2.560846509934464e-05, 'epoch': 7.6}
{'loss': 0.3838, 'learning_rate': 2.556516436076146e-05, 'epoch': 7.61}
{'loss': 0.396, 'learning_rate': 2.55218636221783e-05, 'epoch': 7.61}
{'loss': 0.4137, 'learning_rate': 2.5478562883595138e-05, 'epoch': 7.61}
{'loss': 0.3806, 'learning_rate': 2.5436128159783623e-05, 'epoch': 7.62}
{'loss': 0.3968, 'learning_rate': 2.539282742120046e-05, 'epoch': 7.62}
{'loss': 0.3922, 'learning_rate': 2.5349526682617292e-05, 'epoch': 7.63}
{'loss': 0.411, 'learning_rate': 2.5306225944034117e-05, 'epoch': 7.63}
{'loss': 0.405, 'learning_rate': 2.526292520545095e-05, 'epoch': 7.64}
{'loss': 0.3922, 'learning_rate': 2.5219624466867786e-05, 'epoch': 7.64}
{'loss': 0.4143, 'learning_rate': 2.517632372828461e-05, 'epoch': 7.64}
{'loss': 0.3923, 'learning_rate': 2.513302298970145e-05, 'epoch': 7.65}
{'loss': 0.3651, 'learning_rate': 2.508972225111827e-05, 'epoch': 7.65}
{'loss': 0.3953, 'learning_rate': 2.5046421512535105e-05, 'epoch': 7.66}
{'loss': 0.3899, 'learning_rate': 2.5003120773951943e-05, 'epoch': 7.66}
{'loss': 0.3657, 'learning_rate': 2.4959820035368768e-05, 'epoch': 7.66}
{'loss': 0.3862, 'learning_rate': 2.4916519296785603e-05, 'epoch': 7.67}
{'loss': 0.429, 'learning_rate': 2.4873218558202437e-05, 'epoch': 7.67}
{'loss': 0.4103, 'learning_rate': 2.4829917819619262e-05, 'epoch': 7.68}
{'loss': 0.3906, 'learning_rate': 2.4786617081036097e-05, 'epoch': 7.68}
{'loss': 0.4078, 'learning_rate': 2.474331634245293e-05, 'epoch': 7.68}
{'loss': 0.3978, 'learning_rate': 2.4700015603869756e-05, 'epoch': 7.69}
{'loss': 0.3998, 'learning_rate': 2.465671486528659e-05, 'epoch': 7.69}
{'loss': 0.3827, 'learning_rate': 2.4613414126703415e-05, 'epoch': 7.7}
{'loss': 0.379, 'learning_rate': 2.4570113388120254e-05, 'epoch': 7.7}
{'loss': 0.4032, 'learning_rate': 2.452681264953709e-05, 'epoch': 7.7}
{'loss': 0.4004, 'learning_rate': 2.4483511910953913e-05, 'epoch': 7.71}
{'loss': 0.4038, 'learning_rate': 2.4440211172370748e-05, 'epoch': 7.71}
{'loss': 0.3691, 'learning_rate': 2.4396910433787582e-05, 'epoch': 7.72}
{'loss': 0.3789, 'learning_rate': 2.4353609695204407e-05, 'epoch': 7.72}
{'loss': 0.3812, 'learning_rate': 2.4310308956621242e-05, 'epoch': 7.72}
{'loss': 0.4029, 'learning_rate': 2.4267008218038077e-05, 'epoch': 7.73}
{'loss': 0.3945, 'learning_rate': 2.42237074794549e-05, 'epoch': 7.73}
{'loss': 0.4113, 'learning_rate': 2.4180406740871736e-05, 'epoch': 7.74}
{'loss': 0.4063, 'learning_rate': 2.4137106002288574e-05, 'epoch': 7.74}
{'loss': 0.4061, 'learning_rate': 2.4093805263705395e-05, 'epoch': 7.75}
{'loss': 0.3849, 'learning_rate': 2.4050504525122233e-05, 'epoch': 7.75}
{'loss': 0.401, 'learning_rate': 2.4007203786539058e-05, 'epoch': 7.75}
{'loss': 0.3693, 'learning_rate': 2.3963903047955893e-05, 'epoch': 7.76}
{'loss': 0.3701, 'learning_rate': 2.3920602309372727e-05, 'epoch': 7.76}
{'loss': 0.428, 'learning_rate': 2.3877301570789552e-05, 'epoch': 7.77}
{'loss': 0.4036, 'learning_rate': 2.3834000832206387e-05, 'epoch': 7.77}
{'loss': 0.4, 'learning_rate': 2.379070009362322e-05, 'epoch': 7.77}
{'loss': 0.3832, 'learning_rate': 2.3747399355040046e-05, 'epoch': 7.78}
{'loss': 0.4064, 'learning_rate': 2.370409861645688e-05, 'epoch': 7.78}
{'loss': 0.3927, 'learning_rate': 2.3660797877873716e-05, 'epoch': 7.79}
{'loss': 0.366, 'learning_rate': 2.361749713929054e-05, 'epoch': 7.79}
{'loss': 0.3707, 'learning_rate': 2.357419640070738e-05, 'epoch': 7.79}
{'loss': 0.3865, 'learning_rate': 2.35308956621242e-05, 'epoch': 7.8}
{'loss': 0.4309, 'learning_rate': 2.3487594923541038e-05, 'epoch': 7.8}
{'loss': 0.3576, 'learning_rate': 2.3444294184957873e-05, 'epoch': 7.81}
{'loss': 0.3723, 'learning_rate': 2.3400993446374697e-05, 'epoch': 7.81}
{'loss': 0.3734, 'learning_rate': 2.3357692707791532e-05, 'epoch': 7.81}
{'loss': 0.4105, 'learning_rate': 2.3314391969208367e-05, 'epoch': 7.82}
{'loss': 0.4042, 'learning_rate': 2.327109123062519e-05, 'epoch': 7.82}
{'loss': 0.3587, 'learning_rate': 2.3227790492042026e-05, 'epoch': 7.83}
{'loss': 0.401, 'learning_rate': 2.318448975345886e-05, 'epoch': 7.83}
{'loss': 0.3823, 'learning_rate': 2.3141189014875685e-05, 'epoch': 7.83}
{'loss': 0.402, 'learning_rate': 2.309788827629252e-05, 'epoch': 7.84}
{'loss': 0.3847, 'learning_rate': 2.3054587537709345e-05, 'epoch': 7.84}
{'loss': 0.3622, 'learning_rate': 2.3011286799126183e-05, 'epoch': 7.85}
{'loss': 0.3876, 'learning_rate': 2.2967986060543018e-05, 'epoch': 7.85}
{'loss': 0.3849, 'learning_rate': 2.2924685321959842e-05, 'epoch': 7.86}
{'loss': 0.3902, 'learning_rate': 2.2881384583376677e-05, 'epoch': 7.86}
{'loss': 0.3977, 'learning_rate': 2.283808384479351e-05, 'epoch': 7.86}
{'loss': 0.4022, 'learning_rate': 2.2794783106210336e-05, 'epoch': 7.87}
{'loss': 0.3831, 'learning_rate': 2.275148236762717e-05, 'epoch': 7.87}
{'loss': 0.3458, 'learning_rate': 2.2708181629044006e-05, 'epoch': 7.88}
{'loss': 0.3663, 'learning_rate': 2.266488089046083e-05, 'epoch': 7.88}
{'loss': 0.3823, 'learning_rate': 2.2621580151877665e-05, 'epoch': 7.88}
{'loss': 0.3952, 'learning_rate': 2.2578279413294503e-05, 'epoch': 7.89}
{'loss': 0.3915, 'learning_rate': 2.2534978674711328e-05, 'epoch': 7.89}
{'loss': 0.4046, 'learning_rate': 2.2491677936128163e-05, 'epoch': 7.9}
{'loss': 0.3825, 'learning_rate': 2.2448377197544987e-05, 'epoch': 7.9}
{'loss': 0.3882, 'learning_rate': 2.2405076458961822e-05, 'epoch': 7.9}
{'loss': 0.3859, 'learning_rate': 2.2361775720378657e-05, 'epoch': 7.91}
{'loss': 0.413, 'learning_rate': 2.231847498179548e-05, 'epoch': 7.91}
{'loss': 0.3953, 'learning_rate': 2.2275174243212316e-05, 'epoch': 7.92}
{'loss': 0.3911, 'learning_rate': 2.223187350462915e-05, 'epoch': 7.92}
{'loss': 0.3969, 'learning_rate': 2.2188572766045975e-05, 'epoch': 7.92}
{'loss': 0.4302, 'learning_rate': 2.214527202746281e-05, 'epoch': 7.93}
{'loss': 0.4017, 'learning_rate': 2.2101971288879648e-05, 'epoch': 7.93}
{'loss': 0.376, 'learning_rate': 2.205867055029647e-05, 'epoch': 7.94}
{'loss': 0.4225, 'learning_rate': 2.2015369811713308e-05, 'epoch': 7.94}
{'loss': 0.3858, 'learning_rate': 2.1972069073130132e-05, 'epoch': 7.94}
{'loss': 0.3744, 'learning_rate': 2.1929634349318628e-05, 'epoch': 7.95}
{'loss': 0.3846, 'learning_rate': 2.1886333610735466e-05, 'epoch': 7.95}
{'loss': 0.3943, 'learning_rate': 2.184303287215229e-05, 'epoch': 7.96}
{'loss': 0.4117, 'learning_rate': 2.1799732133569125e-05, 'epoch': 7.96}
{'loss': 0.3691, 'learning_rate': 2.175643139498596e-05, 'epoch': 7.97}
{'loss': 0.3725, 'learning_rate': 2.1713130656402784e-05, 'epoch': 7.97}
{'loss': 0.4061, 'learning_rate': 2.166982991781962e-05, 'epoch': 7.97}
{'loss': 0.3517, 'learning_rate': 2.1626529179236454e-05, 'epoch': 7.98}
{'loss': 0.4098, 'learning_rate': 2.158322844065328e-05, 'epoch': 7.98}
{'loss': 0.3828, 'learning_rate': 2.1539927702070113e-05, 'epoch': 7.99}
{'loss': 0.4061, 'learning_rate': 2.1496626963486948e-05, 'epoch': 7.99}
{'loss': 0.3985, 'learning_rate': 2.1453326224903773e-05, 'epoch': 7.99}
{'loss': 0.3852, 'learning_rate': 2.141002548632061e-05, 'epoch': 8.0}
[INFO|trainer.py:520] 2026-10-04 15:58:22,322 >> The following columns in the evaluation set  don't have a corresponding argument in `PETLEncModel.forward` and have been ignored: premise, hypothesis, idx.
[INFO|trainer.py:2179] 2026-10-04 15:58:22,324 >> ***** Running Evaluation *****
[INFO|trainer.py:2181] 2026-10-04 15:58:22,324 >>   Num examples = 9815
[INFO|trainer.py:2184] 2026-10-04 15:58:22,324 >>   Batch size = 32
{'eval_loss': 0.390070378780365, 'eval_accuracy': 0.8586856851757514, 'eval_runtime': 14.8499, 'eval_samples_per_second': 660.947, 'eval_steps_per_second': 20.674, 'epoch': 8.0}
[INFO|trainer.py:1933] 2026-10-04 15:58:37,174 >> Saving model checkpoint to checkpoints/glue/mnli/20261004/glue.mnli.prefix.am_prefix.ao_concat.fm_none.fo_parallel.abn.fbn.ac_add.fl_none.finit_lora.fs_4.unfrz_ef_.ne10.warm0.06.wd0.1.seed42./checkpoint-98176
[INFO|configuration_utils.py:364] 2026-10-04 15:58:37,176 >> Configuration saved in checkpoints/glue/mnli/20261004/glue.mnli.prefix.am_prefix.ao_concat.fm_none.fo_parallel.abn.fbn.ac_add.fl_none.finit_lora.fs_4.unfrz_ef_.ne10.warm0.06.wd0.1.seed42./checkpoint-98176/config.json
[INFO|modeling_utils.py:898] 2026-10-04 15:58:37,598 >> Model weights saved in checkpoints/glue/mnli/20261004/glue.mnli.prefix.am_prefix.ao_concat.fm_none.fo_parallel.abn.fbn.ac_add.fl_none.finit_lora.fs_4.unfrz_ef_.ne10.warm0.06.wd0.1.seed42./checkpoint-98176/pytorch_model.bin
[INFO|tokenization_utils_base.py:1948] 2026-10-04 15:58:37,600 >> tokenizer config file saved in checkpoints/glue/mnli/20261004/glue.mnli.prefix.am_prefix.ao_concat.fm_none.fo_parallel.abn.fbn.ac_add.fl_none.finit_lora.fs_4.unfrz_ef_.ne10.warm0.06.wd0.1.seed42./checkpoint-98176/tokenizer_config.json
[INFO|tokenization_utils_base.py:1954] 2026-10-04 15:58:37,600 >> Special tokens file saved in checkpoints/glue/mnli/20261004/glue.mnli.prefix.am_prefix.ao_concat.fm_none.fo_parallel.abn.fbn.ac_add.fl_none.finit_lora.fs_4.unfrz_ef_.ne10.warm0.06.wd0.1.seed42./checkpoint-98176/special_tokens_map.json
[INFO|trainer.py:2009] 2026-10-04 15:58:37,755 >> Deleting older checkpoint [checkpoints/glue/mnli/20261004/glue.mnli.prefix.am_prefix.ao_concat.fm_none.fo_parallel.abn.fbn.ac_add.fl_none.finit_lora.fs_4.unfrz_ef_.ne10.warm0.06.wd0.1.seed42./checkpoint-73632] due to args.save_total_limit
/work/unify-parameter-efficient-tuning/src/transformers/trainer.py:1784: FutureWarning: `torch.cuda.amp.autocast(args...)` is deprecated. Please use `torch.amp.autocast('cuda', args...)` instead.
  with autocast():
{'loss': 0.3706, 'learning_rate': 2.1366724747737432e-05, 'epoch': 8.0}
{'loss': 0.3768, 'learning_rate': 2.132342400915427e-05, 'epoch': 8.01}
{'loss': 0.3986, 'learning_rate': 2.1280123270571105e-05, 'epoch': 8.01}
{'loss': 0.3941, 'learning_rate': 2.123682253198793e-05, 'epoch': 8.01}
{'loss': 0.3772, 'learning_rate': 2.1193521793404764e-05, 'epoch': 8.02}
{'loss': 0.3901, 'learning_rate': 2.11502210548216e-05, 'epoch': 8.02}
{'loss': 0.3757, 'learning_rate': 2.1106920316238424e-05, 'epoch': 8.03}
{'loss': 0.4093, 'learning_rate': 2.106361957765526e-05, 'epoch': 8.03}
{'loss': 0.3772, 'learning_rate': 2.1020318839072093e-05, 'epoch': 8.03}
{'loss': 0.3636, 'learning_rate': 2.0977018100488918e-05, 'epoch': 8.04}
{'loss': 0.3374, 'learning_rate': 2.0933717361905752e-05, 'epoch': 8.04}
{'loss': 0.344, 'learning_rate': 2.0890416623322577e-05, 'epoch': 8.05}
{'loss': 0.382, 'learning_rate': 2.0847115884739415e-05, 'epoch': 8.05}
{'loss': 0.3699, 'learning_rate': 2.080381514615625e-05, 'epoch': 8.05}
{'loss': 0.4083, 'learning_rate': 2.0760514407573075e-05, 'epoch': 8.06}
{'loss': 0.4034, 'learning_rate': 2.071721366898991e-05, 'epoch': 8.06}
{'loss': 0.3933, 'learning_rate': 2.0673912930406744e-05, 'epoch': 8.07}
{'loss': 0.3836, 'learning_rate': 2.063061219182357e-05, 'epoch': 8.07}
{'loss': 0.3751, 'learning_rate': 2.0587311453240403e-05, 'epoch': 8.08}
{'loss': 0.402, 'learning_rate': 2.0544010714657238e-05, 'epoch': 8.08}
{'loss': 0.3601, 'learning_rate': 2.0500709976074063e-05, 'epoch': 8.08}
{'loss': 0.4156, 'learning_rate': 2.0457409237490897e-05, 'epoch': 8.09}
{'loss': 0.3859, 'learning_rate': 2.0414108498907736e-05, 'epoch': 8.09}
{'loss': 0.3937, 'learning_rate': 2.0370807760324557e-05, 'epoch': 8.1}
{'loss': 0.4038, 'learning_rate': 2.0327507021741395e-05, 'epoch': 8.1}
{'loss': 0.3854, 'learning_rate': 2.028420628315822e-05, 'epoch': 8.1}
{'loss': 0.3758, 'learning_rate': 2.0240905544575054e-05, 'epoch': 8.11}
{'loss': 0.372, 'learning_rate': 2.019760480599189e-05, 'epoch': 8.11}
{'loss': 0.395, 'learning_rate': 2.0154304067408714e-05, 'epoch': 8.12}
{'loss': 0.4015, 'learning_rate': 2.011100332882555e-05, 'epoch': 8.12}
{'loss': 0.3584, 'learning_rate': 2.0068568605014047e-05, 'epoch': 8.12}
{'loss': 0.3887, 'learning_rate': 2.0025267866430872e-05, 'epoch': 8.13}
{'loss': 0.3772, 'learning_rate': 1.9981967127847706e-05, 'epoch': 8.13}
{'loss': 0.3946, 'learning_rate': 1.993866638926454e-05, 'epoch': 8.14}
{'loss': 0.3864, 'learning_rate': 1.9895365650681366e-05, 'epoch': 8.14}
{'loss': 0.3843, 'learning_rate': 1.98520649120982e-05, 'epoch': 8.14}
{'loss': 0.3733, 'learning_rate': 1.9808764173515025e-05, 'epoch': 8.15}
{'loss': 0.3671, 'learning_rate': 1.976546343493186e-05, 'epoch': 8.15}
{'loss': 0.3887, 'learning_rate': 1.9722162696348698e-05, 'epoch': 8.16}
{'loss': 0.4241, 'learning_rate': 1.9678861957765523e-05, 'epoch': 8.16}
{'loss': 0.3811, 'learning_rate': 1.9635561219182357e-05, 'epoch': 8.16}
{'loss': 0.3834, 'learning_rate': 1.9592260480599192e-05, 'epoch': 8.17}
{'loss': 0.3692, 'learning_rate': 1.9548959742016017e-05, 'epoch': 8.17}
{'loss': 0.3793, 'learning_rate': 1.950565900343285e-05, 'epoch': 8.18}
{'loss': 0.3819, 'learning_rate': 1.9462358264849686e-05, 'epoch': 8.18}
{'loss': 0.3949, 'learning_rate': 1.941905752626651e-05, 'epoch': 8.19}
{'loss': 0.3744, 'learning_rate': 1.9375756787683346e-05, 'epoch': 8.19}
{'loss': 0.3788, 'learning_rate': 1.933245604910018e-05, 'epoch': 8.19}
{'loss': 0.3855, 'learning_rate': 1.9289155310517005e-05, 'epoch': 8.2}
{'loss': 0.3612, 'learning_rate': 1.9245854571933843e-05, 'epoch': 8.2}
{'loss': 0.3753, 'learning_rate': 1.9202553833350664e-05, 'epoch': 8.21}
{'loss': 0.3842, 'learning_rate': 1.9159253094767502e-05, 'epoch': 8.21}
{'loss': 0.3911, 'learning_rate': 1.9115952356184337e-05, 'epoch': 8.21}
{'loss': 0.3742, 'learning_rate': 1.9072651617601162e-05, 'epoch': 8.22}
{'loss': 0.3812, 'learning_rate': 1.9029350879017997e-05, 'epoch': 8.22}
{'loss': 0.391, 'learning_rate': 1.898605014043483e-05, 'epoch': 8.23}
{'loss': 0.3625, 'learning_rate': 1.8942749401851656e-05, 'epoch': 8.23}
{'loss': 0.4064, 'learning_rate': 1.889944866326849e-05, 'epoch': 8.23}
{'loss': 0.3688, 'learning_rate': 1.8856147924685325e-05, 'epoch': 8.24}
{'loss': 0.3654, 'learning_rate': 1.881284718610215e-05, 'epoch': 8.24}
{'loss': 0.3992, 'learning_rate': 1.8769546447518985e-05, 'epoch': 8.25}
{'loss': 0.3695, 'learning_rate': 1.872624570893581e-05, 'epoch': 8.25}
{'loss': 0.3943, 'learning_rate': 1.8682944970352648e-05, 'epoch': 8.25}
{'loss': 0.421, 'learning_rate': 1.8639644231769482e-05, 'epoch': 8.26}
{'loss': 0.3847, 'learning_rate': 1.8596343493186307e-05, 'epoch': 8.26}
{'loss': 0.4169, 'learning_rate': 1.855304275460314e-05, 'epoch': 8.27}
{'loss': 0.4346, 'learning_rate': 1.8509742016019976e-05, 'epoch': 8.27}
{'loss': 0.3918, 'learning_rate': 1.84664412774368e-05, 'epoch': 8.27}
{'loss': 0.3759, 'learning_rate': 1.8423140538853636e-05, 'epoch': 8.28}
{'loss': 0.3682, 'learning_rate': 1.837983980027047e-05, 'epoch': 8.28}
{'loss': 0.3882, 'learning_rate': 1.833740507645896e-05, 'epoch': 8.29}
{'loss': 0.3909, 'learning_rate': 1.8294104337875794e-05, 'epoch': 8.29}
{'loss': 0.3947, 'learning_rate': 1.825080359929263e-05, 'epoch': 8.3}
{'loss': 0.3932, 'learning_rate': 1.8207502860709453e-05, 'epoch': 8.3}
{'loss': 0.3631, 'learning_rate': 1.8164202122126288e-05, 'epoch': 8.3}
{'loss': 0.4247, 'learning_rate': 1.8120901383543112e-05, 'epoch': 8.31}
{'loss': 0.3937, 'learning_rate': 1.8077600644959947e-05, 'epoch': 8.31}
{'loss': 0.3548, 'learning_rate': 1.8034299906376785e-05, 'epoch': 8.32}
{'loss': 0.397, 'learning_rate': 1.799099916779361e-05, 'epoch': 8.32}
{'loss': 0.3738, 'learning_rate': 1.7947698429210445e-05, 'epoch': 8.32}
{'loss': 0.405, 'learning_rate': 1.790439769062728e-05, 'epoch': 8.33}
{'loss': 0.3767, 'learning_rate': 1.7861096952044104e-05, 'epoch': 8.33}
{'loss': 0.3734, 'learning_rate': 1.781779621346094e-05, 'epoch': 8.34}
{'loss': 0.3835, 'learning_rate': 1.7774495474877774e-05, 'epoch': 8.34}
{'loss': 0.392, 'learning_rate': 1.7732060751066262e-05, 'epoch': 8.34}
{'loss': 0.4139, 'learning_rate': 1.7688760012483097e-05, 'epoch': 8.35}
{'loss': 0.4076, 'learning_rate': 1.764545927389992e-05, 'epoch': 8.35}
{'loss': 0.367, 'learning_rate': 1.7602158535316756e-05, 'epoch': 8.36}
{'loss': 0.3661, 'learning_rate': 1.755885779673359e-05, 'epoch': 8.36}
{'loss': 0.3898, 'learning_rate': 1.7515557058150416e-05, 'epoch': 8.36}
{'loss': 0.3892, 'learning_rate': 1.747225631956725e-05, 'epoch': 8.37}
{'loss': 0.3987, 'learning_rate': 1.742895558098409e-05, 'epoch': 8.37}
{'loss': 0.3598, 'learning_rate': 1.738565484240091e-05, 'epoch': 8.38}
{'loss': 0.3601, 'learning_rate': 1.7342354103817748e-05, 'epoch': 8.38}
{'loss': 0.4159, 'learning_rate': 1.7299053365234583e-05, 'epoch': 8.38}
{'loss': 0.4068, 'learning_rate': 1.7255752626651407e-05, 'epoch': 8.39}
{'loss': 0.3896, 'learning_rate': 1.7212451888068242e-05, 'epoch': 8.39}
{'loss': 0.3918, 'learning_rate': 1.7169151149485077e-05, 'epoch': 8.4}
{'loss': 0.3676, 'learning_rate': 1.71258504109019e-05, 'epoch': 8.4}
{'loss': 0.4011, 'learning_rate': 1.7082549672318736e-05, 'epoch': 8.41}
{'loss': 0.3449, 'learning_rate': 1.703924893373556e-05, 'epoch': 8.41}
{'loss': 0.388, 'learning_rate': 1.6995948195152395e-05, 'epoch': 8.41}
{'loss': 0.3719, 'learning_rate': 1.6952647456569234e-05, 'epoch': 8.42}
{'loss': 0.3863, 'learning_rate': 1.6909346717986055e-05, 'epoch': 8.42}
{'loss': 0.3824, 'learning_rate': 1.6866045979402893e-05, 'epoch': 8.43}
{'loss': 0.4045, 'learning_rate': 1.6822745240819728e-05, 'epoch': 8.43}
{'loss': 0.4046, 'learning_rate': 1.6779444502236552e-05, 'epoch': 8.43}
{'loss': 0.4134, 'learning_rate': 1.6736143763653387e-05, 'epoch': 8.44}
{'loss': 0.4059, 'learning_rate': 1.6692843025070222e-05, 'epoch': 8.44}
{'loss': 0.3971, 'learning_rate': 1.6649542286487046e-05, 'epoch': 8.45}
{'loss': 0.3635, 'learning_rate': 1.660624154790388e-05, 'epoch': 8.45}
{'loss': 0.3692, 'learning_rate': 1.6562940809320706e-05, 'epoch': 8.45}
{'loss': 0.3156, 'learning_rate': 1.651964007073754e-05, 'epoch': 8.46}
{'loss': 0.3962, 'learning_rate': 1.6476339332154375e-05, 'epoch': 8.46}
{'loss': 0.3784, 'learning_rate': 1.64330385935712e-05, 'epoch': 8.47}
{'loss': 0.3922, 'learning_rate': 1.6389737854988038e-05, 'epoch': 8.47}
{'loss': 0.4039, 'learning_rate': 1.6346437116404873e-05, 'epoch': 8.47}
{'loss': 0.4161, 'learning_rate': 1.6303136377821697e-05, 'epoch': 8.48}
{'loss': 0.4008, 'learning_rate': 1.6259835639238532e-05, 'epoch': 8.48}
{'loss': 0.3818, 'learning_rate': 1.6216534900655367e-05, 'epoch': 8.49}
{'loss': 0.3653, 'learning_rate': 1.617323416207219e-05, 'epoch': 8.49}
{'loss': 0.3898, 'learning_rate': 1.6129933423489026e-05, 'epoch': 8.49}
{'loss': 0.3795, 'learning_rate': 1.608663268490585e-05, 'epoch': 8.5}
{'loss': 0.3974, 'learning_rate': 1.6043331946322685e-05, 'epoch': 8.5}
{'loss': 0.3869, 'learning_rate': 1.600003120773952e-05, 'epoch': 8.51}
{'loss': 0.4083, 'learning_rate': 1.5956730469156345e-05, 'epoch': 8.51}
{'loss': 0.3655, 'learning_rate': 1.591342973057318e-05, 'epoch': 8.52}
{'loss': 0.3937, 'learning_rate': 1.5870128991990018e-05, 'epoch': 8.52}
{'loss': 0.3829, 'learning_rate': 1.5826828253406842e-05, 'epoch': 8.52}
{'loss': 0.3757, 'learning_rate': 1.5783527514823677e-05, 'epoch': 8.53}
{'loss': 0.3823, 'learning_rate': 1.5740226776240512e-05, 'epoch': 8.53}
{'loss': 0.4185, 'learning_rate': 1.5696926037657336e-05, 'epoch': 8.54}
{'loss': 0.3445, 'learning_rate': 1.565362529907417e-05, 'epoch': 8.54}
{'loss': 0.4088, 'learning_rate': 1.5610324560491006e-05, 'epoch': 8.54}
{'loss': 0.3737, 'learning_rate': 1.556702382190783e-05, 'epoch': 8.55}
{'loss': 0.362, 'learning_rate': 1.5523723083324665e-05, 'epoch': 8.55}
{'loss': 0.3802, 'learning_rate': 1.548042234474149e-05, 'epoch': 8.56}
{'loss': 0.3523, 'learning_rate': 1.5437121606158325e-05, 'epoch': 8.56}
{'loss': 0.4138, 'learning_rate': 1.5393820867575163e-05, 'epoch': 8.56}
{'loss': 0.3781, 'learning_rate': 1.5350520128991987e-05, 'epoch': 8.57}
{'loss': 0.3737, 'learning_rate': 1.5307219390408822e-05, 'epoch': 8.57}
{'loss': 0.3558, 'learning_rate': 1.5263918651825657e-05, 'epoch': 8.58}
{'loss': 0.3839, 'learning_rate': 1.5220617913242483e-05, 'epoch': 8.58}
{'loss': 0.3735, 'learning_rate': 1.5177317174659316e-05, 'epoch': 8.58}
{'loss': 0.3747, 'learning_rate': 1.5134016436076154e-05, 'epoch': 8.59}
{'loss': 0.3693, 'learning_rate': 1.5090715697492977e-05, 'epoch': 8.59}
{'loss': 0.3724, 'learning_rate': 1.5047414958909812e-05, 'epoch': 8.6}
{'loss': 0.3578, 'learning_rate': 1.5004114220326637e-05, 'epoch': 8.6}
{'loss': 0.387, 'learning_rate': 1.4960813481743475e-05, 'epoch': 8.6}
{'loss': 0.3839, 'learning_rate': 1.4917512743160308e-05, 'epoch': 8.61}
{'loss': 0.3807, 'learning_rate': 1.4874212004577132e-05, 'epoch': 8.61}
{'loss': 0.3841, 'learning_rate': 1.4830911265993965e-05, 'epoch': 8.62}
{'loss': 0.3691, 'learning_rate': 1.4787610527410804e-05, 'epoch': 8.62}
{'loss': 0.3767, 'learning_rate': 1.4744309788827627e-05, 'epoch': 8.63}
{'loss': 0.3885, 'learning_rate': 1.4701875065016124e-05, 'epoch': 8.63}
{'loss': 0.3819, 'learning_rate': 1.4658574326432962e-05, 'epoch': 8.63}
{'loss': 0.3792, 'learning_rate': 1.4615273587849785e-05, 'epoch': 8.64}
{'loss': 0.3858, 'learning_rate': 1.4571972849266621e-05, 'epoch': 8.64}
{'loss': 0.3781, 'learning_rate': 1.4528672110683456e-05, 'epoch': 8.65}
{'loss': 0.4133, 'learning_rate': 1.4485371372100282e-05, 'epoch': 8.65}
{'loss': 0.3755, 'learning_rate': 1.4442070633517115e-05, 'epoch': 8.65}
{'loss': 0.3899, 'learning_rate': 1.439876989493394e-05, 'epoch': 8.66}
{'loss': 0.3794, 'learning_rate': 1.4355469156350773e-05, 'epoch': 8.66}
{'loss': 0.39, 'learning_rate': 1.4312168417767611e-05, 'epoch': 8.67}
{'loss': 0.3943, 'learning_rate': 1.4268867679184436e-05, 'epoch': 8.67}
{'loss': 0.3563, 'learning_rate': 1.422556694060127e-05, 'epoch': 8.67}
{'loss': 0.3786, 'learning_rate': 1.4182266202018105e-05, 'epoch': 8.68}
{'loss': 0.4078, 'learning_rate': 1.4138965463434931e-05, 'epoch': 8.68}
{'loss': 0.3822, 'learning_rate': 1.4095664724851764e-05, 'epoch': 8.69}
{'loss': 0.3989, 'learning_rate': 1.4052363986268603e-05, 'epoch': 8.69}
{'loss': 0.3527, 'learning_rate': 1.4009063247685425e-05, 'epoch': 8.69}
{'loss': 0.3531, 'learning_rate': 1.3965762509102259e-05, 'epoch': 8.7}
{'loss': 0.384, 'learning_rate': 1.3922461770519085e-05, 'epoch': 8.7}
{'loss': 0.3545, 'learning_rate': 1.387916103193592e-05, 'epoch': 8.71}
{'loss': 0.3571, 'learning_rate': 1.3835860293352756e-05, 'epoch': 8.71}
{'loss': 0.3919, 'learning_rate': 1.3792559554769579e-05, 'epoch': 8.71}
{'loss': 0.4054, 'learning_rate': 1.3749258816186417e-05, 'epoch': 8.72}
{'loss': 0.3759, 'learning_rate': 1.370595807760325e-05, 'epoch': 8.72}
{'loss': 0.3757, 'learning_rate': 1.3662657339020075e-05, 'epoch': 8.73}
{'loss': 0.3827, 'learning_rate': 1.3619356600436908e-05, 'epoch': 8.73}
{'loss': 0.3921, 'learning_rate': 1.3576055861853746e-05, 'epoch': 8.74}
{'loss': 0.3567, 'learning_rate': 1.353275512327057e-05, 'epoch': 8.74}
{'loss': 0.3799, 'learning_rate': 1.3489454384687405e-05, 'epoch': 8.74}
{'loss': 0.3968, 'learning_rate': 1.3446153646104228e-05, 'epoch': 8.75}
{'loss': 0.372, 'learning_rate': 1.3402852907521066e-05, 'epoch': 8.75}
{'loss': 0.3847, 'learning_rate': 1.33595521689379e-05, 'epoch': 8.76}
{'loss': 0.3756, 'learning_rate': 1.3316251430354724e-05, 'epoch': 8.76}
{'loss': 0.3813, 'learning_rate': 1.327295069177156e-05, 'epoch': 8.76}
{'loss': 0.3922, 'learning_rate': 1.3229649953188395e-05, 'epoch': 8.77}
{'loss': 0.3832, 'learning_rate': 1.318634921460522e-05, 'epoch': 8.77}
{'loss': 0.3598, 'learning_rate': 1.3143048476022054e-05, 'epoch': 8.78}
{'loss': 0.3824, 'learning_rate': 1.3099747737438891e-05, 'epoch': 8.78}
{'loss': 0.4196, 'learning_rate': 1.3056446998855716e-05, 'epoch': 8.78}
{'loss': 0.3738, 'learning_rate': 1.3013146260272549e-05, 'epoch': 8.79}
{'loss': 0.3829, 'learning_rate': 1.2969845521689387e-05, 'epoch': 8.79}
{'loss': 0.3952, 'learning_rate': 1.292654478310621e-05, 'epoch': 8.8}
{'loss': 0.3676, 'learning_rate': 1.2883244044523043e-05, 'epoch': 8.8}
{'loss': 0.3891, 'learning_rate': 1.2840809320711533e-05, 'epoch': 8.8}
{'loss': 0.357, 'learning_rate': 1.2798374596900032e-05, 'epoch': 8.81}
{'loss': 0.3595, 'learning_rate': 1.2755073858316865e-05, 'epoch': 8.81}
{'loss': 0.3948, 'learning_rate': 1.2711773119733691e-05, 'epoch': 8.82}
{'loss': 0.3898, 'learning_rate': 1.2668472381150526e-05, 'epoch': 8.82}
{'loss': 0.3981, 'learning_rate': 1.262517164256736e-05, 'epoch': 8.82}
{'loss': 0.3738, 'learning_rate': 1.2581870903984185e-05, 'epoch': 8.83}
{'loss': 0.3823, 'learning_rate': 1.2538570165401023e-05, 'epoch': 8.83}
{'loss': 0.3956, 'learning_rate': 1.2495269426817856e-05, 'epoch': 8.84}
{'loss': 0.352, 'learning_rate': 1.2451968688234681e-05, 'epoch': 8.84}
{'loss': 0.3749, 'learning_rate': 1.2408667949651516e-05, 'epoch': 8.85}
{'loss': 0.3858, 'learning_rate': 1.2365367211068352e-05, 'epoch': 8.85}
{'loss': 0.3968, 'learning_rate': 1.2322066472485175e-05, 'epoch': 8.85}
{'loss': 0.3631, 'learning_rate': 1.2278765733902011e-05, 'epoch': 8.86}
{'loss': 0.4016, 'learning_rate': 1.2235464995318836e-05, 'epoch': 8.86}
{'loss': 0.3827, 'learning_rate': 1.219216425673567e-05, 'epoch': 8.87}
{'loss': 0.3899, 'learning_rate': 1.2148863518152506e-05, 'epoch': 8.87}
{'loss': 0.3787, 'learning_rate': 1.210556277956933e-05, 'epoch': 8.87}
{'loss': 0.3962, 'learning_rate': 1.2062262040986165e-05, 'epoch': 8.88}
{'loss': 0.4434, 'learning_rate': 1.2018961302403001e-05, 'epoch': 8.88}
{'loss': 0.3622, 'learning_rate': 1.1975660563819826e-05, 'epoch': 8.89}
{'loss': 0.3605, 'learning_rate': 1.193235982523666e-05, 'epoch': 8.89}
{'loss': 0.3644, 'learning_rate': 1.1889059086653495e-05, 'epoch': 8.89}
{'loss': 0.342, 'learning_rate': 1.184575834807032e-05, 'epoch': 8.9}
{'loss': 0.3789, 'learning_rate': 1.1802457609487157e-05, 'epoch': 8.9}
{'loss': 0.3971, 'learning_rate': 1.175915687090398e-05, 'epoch': 8.91}
{'loss': 0.3745, 'learning_rate': 1.1715856132320816e-05, 'epoch': 8.91}
{'loss': 0.3824, 'learning_rate': 1.167255539373765e-05, 'epoch': 8.91}
{'loss': 0.3854, 'learning_rate': 1.1629254655154475e-05, 'epoch': 8.92}
{'loss': 0.3834, 'learning_rate': 1.158595391657131e-05, 'epoch': 8.92}
{'loss': 0.4122, 'learning_rate': 1.1542653177988146e-05, 'epoch': 8.93}
{'loss': 0.3632, 'learning_rate': 1.149935243940497e-05, 'epoch': 8.93}
{'loss': 0.3752, 'learning_rate': 1.1456051700821806e-05, 'epoch': 8.93}
{'loss': 0.3934, 'learning_rate': 1.141275096223864e-05, 'epoch': 8.94}
{'loss': 0.3799, 'learning_rate': 1.1369450223655465e-05, 'epoch': 8.94}
{'loss': 0.3509, 'learning_rate': 1.13261494850723e-05, 'epoch': 8.95}
{'loss': 0.3619, 'learning_rate': 1.1282848746489124e-05, 'epoch': 8.95}
{'loss': 0.3665, 'learning_rate': 1.1239548007905961e-05, 'epoch': 8.96}
{'loss': 0.375, 'learning_rate': 1.1196247269322796e-05, 'epoch': 8.96}
{'loss': 0.3506, 'learning_rate': 1.115294653073962e-05, 'epoch': 8.96}
{'loss': 0.3926, 'learning_rate': 1.1109645792156455e-05, 'epoch': 8.97}
{'loss': 0.3775, 'learning_rate': 1.1066345053573291e-05, 'epoch': 8.97}
{'loss': 0.367, 'learning_rate': 1.1023044314990114e-05, 'epoch': 8.98}
{'loss': 0.3697, 'learning_rate': 1.097974357640695e-05, 'epoch': 8.98}
{'loss': 0.38, 'learning_rate': 1.0936442837823786e-05, 'epoch': 8.98}
{'loss': 0.365, 'learning_rate': 1.089314209924061e-05, 'epoch': 8.99}
{'loss': 0.3708, 'learning_rate': 1.0849841360657445e-05, 'epoch': 8.99}
{'loss': 0.355, 'learning_rate': 1.0806540622074281e-05, 'epoch': 9.0}
[INFO|trainer.py:520] 2026-10-04 16:07:04,325 >> The following columns in the evaluation set  don't have a corresponding argument in `PETLEncModel.forward` and have been ignored: premise, hypothesis, idx.
[INFO|trainer.py:2179] 2026-10-04 16:07:04,327 >> ***** Running Evaluation *****
[INFO|trainer.py:2181] 2026-10-04 16:07:04,327 >>   Num examples = 9815
[INFO|trainer.py:2184] 2026-10-04 16:07:04,327 >>   Batch size = 32
{'eval_loss': 0.3829144239425659, 'eval_accuracy': 0.8626591951095263, 'eval_runtime': 14.7356, 'eval_samples_per_second': 666.075, 'eval_steps_per_second': 20.834, 'epoch': 9.0}
[INFO|trainer.py:1933] 2026-10-04 16:07:19,064 >> Saving model checkpoint to checkpoints/glue/mnli/20261004/glue.mnli.prefix.am_prefix.ao_concat.fm_none.fo_parallel.abn.fbn.ac_add.fl_none.finit_lora.fs_4.unfrz_ef_.ne10.warm0.06.wd0.1.seed42./checkpoint-110448
[INFO|configuration_utils.py:364] 2026-10-04 16:07:19,065 >> Configuration saved in checkpoints/glue/mnli/20261004/glue.mnli.prefix.am_prefix.ao_concat.fm_none.fo_parallel.abn.fbn.ac_add.fl_none.finit_lora.fs_4.unfrz_ef_.ne10.warm0.06.wd0.1.seed42./checkpoint-110448/config.json
[INFO|modeling_utils.py:898] 2026-10-04 16:07:19,467 >> Model weights saved in checkpoints/glue/mnli/20261004/glue.mnli.prefix.am_prefix.ao_concat.fm_none.fo_parallel.abn.fbn.ac_add.fl_none.finit_lora.fs_4.unfrz_ef_.ne10.warm0.06.wd0.1.seed42./checkpoint-110448/pytorch_model.bin
[INFO|tokenization_utils_base.py:1948] 2026-10-04 16:07:19,468 >> tokenizer config file saved in checkpoints/glue/mnli/20261004/glue.mnli.prefix.am_prefix.ao_concat.fm_none.fo_parallel.abn.fbn.ac_add.fl_none.finit_lora.fs_4.unfrz_ef_.ne10.warm0.06.wd0.1.seed42./checkpoint-110448/tokenizer_config.json
[INFO|tokenization_utils_base.py:1954] 2026-10-04 16:07:19,469 >> Special tokens file saved in checkpoints/glue/mnli/20261004/glue.mnli.prefix.am_prefix.ao_concat.fm_none.fo_parallel.abn.fbn.ac_add.fl_none.finit_lora.fs_4.unfrz_ef_.ne10.warm0.06.wd0.1.seed42./checkpoint-110448/special_tokens_map.json
[INFO|trainer.py:2009] 2026-10-04 16:07:19,632 >> Deleting older checkpoint [checkpoints/glue/mnli/20261004/glue.mnli.prefix.am_prefix.ao_concat.fm_none.fo_parallel.abn.fbn.ac_add.fl_none.finit_lora.fs_4.unfrz_ef_.ne10.warm0.06.wd0.1.seed42./checkpoint-85904] due to args.save_total_limit
/work/unify-parameter-efficient-tuning/src/transformers/trainer.py:1784: FutureWarning: `torch.cuda.amp.autocast(args...)` is deprecated. Please use `torch.amp.autocast('cuda', args...)` instead.
  with autocast():
{'loss': 0.3769, 'learning_rate': 1.0763239883491104e-05, 'epoch': 9.0}
{'loss': 0.3826, 'learning_rate': 1.071993914490794e-05, 'epoch': 9.0}
{'loss': 0.3897, 'learning_rate': 1.0676638406324765e-05, 'epoch': 9.01}
{'loss': 0.3844, 'learning_rate': 1.06333376677416e-05, 'epoch': 9.01}
{'loss': 0.3597, 'learning_rate': 1.0590036929158435e-05, 'epoch': 9.02}
{'loss': 0.3523, 'learning_rate': 1.054673619057526e-05, 'epoch': 9.02}
{'loss': 0.3785, 'learning_rate': 1.0503435451992096e-05, 'epoch': 9.02}
{'loss': 0.3773, 'learning_rate': 1.046013471340893e-05, 'epoch': 9.03}
{'loss': 0.3736, 'learning_rate': 1.0416833974825755e-05, 'epoch': 9.03}
{'loss': 0.4269, 'learning_rate': 1.037353323624259e-05, 'epoch': 9.04}
{'loss': 0.3601, 'learning_rate': 1.0330232497659425e-05, 'epoch': 9.04}
{'loss': 0.3584, 'learning_rate': 1.028693175907625e-05, 'epoch': 9.04}
{'loss': 0.3484, 'learning_rate': 1.0243631020493086e-05, 'epoch': 9.05}
{'loss': 0.3693, 'learning_rate': 1.0200330281909909e-05, 'epoch': 9.05}
{'loss': 0.3688, 'learning_rate': 1.0157029543326745e-05, 'epoch': 9.06}
{'loss': 0.3629, 'learning_rate': 1.011372880474358e-05, 'epoch': 9.06}
{'loss': 0.3919, 'learning_rate': 1.0070428066160404e-05, 'epoch': 9.07}
{'loss': 0.363, 'learning_rate': 1.002712732757724e-05, 'epoch': 9.07}
{'loss': 0.3744, 'learning_rate': 9.983826588994076e-06, 'epoch': 9.07}
{'loss': 0.353, 'learning_rate': 9.9405258504109e-06, 'epoch': 9.08}
{'loss': 0.3446, 'learning_rate': 9.897225111827735e-06, 'epoch': 9.08}
{'loss': 0.3546, 'learning_rate': 9.85392437324457e-06, 'epoch': 9.09}
{'loss': 0.3742, 'learning_rate': 9.810623634661394e-06, 'epoch': 9.09}
{'loss': 0.3609, 'learning_rate': 9.767322896078229e-06, 'epoch': 9.09}
{'loss': 0.3823, 'learning_rate': 9.724022157495054e-06, 'epoch': 9.1}
{'loss': 0.3677, 'learning_rate': 9.68072141891189e-06, 'epoch': 9.1}
{'loss': 0.3478, 'learning_rate': 9.637420680328725e-06, 'epoch': 9.11}
{'loss': 0.4153, 'learning_rate': 9.59411994174555e-06, 'epoch': 9.11}
{'loss': 0.3741, 'learning_rate': 9.550819203162384e-06, 'epoch': 9.11}
{'loss': 0.4124, 'learning_rate': 9.50751846457922e-06, 'epoch': 9.12}
{'loss': 0.3866, 'learning_rate': 9.464217725996044e-06, 'epoch': 9.12}
{'loss': 0.3389, 'learning_rate': 9.42091698741288e-06, 'epoch': 9.13}
{'loss': 0.3811, 'learning_rate': 9.377616248829715e-06, 'epoch': 9.13}
{'loss': 0.4015, 'learning_rate': 9.33431551024654e-06, 'epoch': 9.13}
{'loss': 0.3953, 'learning_rate': 9.291014771663374e-06, 'epoch': 9.14}
{'loss': 0.3497, 'learning_rate': 9.24771403308021e-06, 'epoch': 9.14}
{'loss': 0.4152, 'learning_rate': 9.204413294497035e-06, 'epoch': 9.15}
{'loss': 0.3497, 'learning_rate': 9.16111255591387e-06, 'epoch': 9.15}
{'loss': 0.3419, 'learning_rate': 9.117811817330695e-06, 'epoch': 9.15}
{'loss': 0.3871, 'learning_rate': 9.07451107874753e-06, 'epoch': 9.16}
{'loss': 0.354, 'learning_rate': 9.031210340164364e-06, 'epoch': 9.16}
{'loss': 0.3858, 'learning_rate': 8.987909601581189e-06, 'epoch': 9.17}
{'loss': 0.3772, 'learning_rate': 8.945474877769687e-06, 'epoch': 9.17}
{'loss': 0.3708, 'learning_rate': 8.902174139186522e-06, 'epoch': 9.18}
{'loss': 0.3751, 'learning_rate': 8.858873400603347e-06, 'epoch': 9.18}
{'loss': 0.3546, 'learning_rate': 8.815572662020183e-06, 'epoch': 9.18}
{'loss': 0.3566, 'learning_rate': 8.772271923437018e-06, 'epoch': 9.19}
{'loss': 0.357, 'learning_rate': 8.728971184853843e-06, 'epoch': 9.19}
{'loss': 0.3839, 'learning_rate': 8.685670446270677e-06, 'epoch': 9.2}
{'loss': 0.401, 'learning_rate': 8.642369707687502e-06, 'epoch': 9.2}
{'loss': 0.3839, 'learning_rate': 8.599068969104337e-06, 'epoch': 9.2}
{'loss': 0.3439, 'learning_rate': 8.555768230521173e-06, 'epoch': 9.21}
{'loss': 0.336, 'learning_rate': 8.512467491937998e-06, 'epoch': 9.21}
{'loss': 0.3787, 'learning_rate': 8.469166753354832e-06, 'epoch': 9.22}
{'loss': 0.3525, 'learning_rate': 8.425866014771667e-06, 'epoch': 9.22}
{'loss': 0.4026, 'learning_rate': 8.382565276188492e-06, 'epoch': 9.22}
{'loss': 0.3748, 'learning_rate': 8.339264537605327e-06, 'epoch': 9.23}
{'loss': 0.3759, 'learning_rate': 8.295963799022163e-06, 'epoch': 9.23}
{'loss': 0.3775, 'learning_rate': 8.252663060438988e-06, 'epoch': 9.24}
{'loss': 0.404, 'learning_rate': 8.209362321855822e-06, 'epoch': 9.24}
{'loss': 0.3596, 'learning_rate': 8.166061583272657e-06, 'epoch': 9.24}
{'loss': 0.3585, 'learning_rate': 8.122760844689482e-06, 'epoch': 9.25}
{'loss': 0.3675, 'learning_rate': 8.079460106106318e-06, 'epoch': 9.25}
{'loss': 0.3568, 'learning_rate': 8.036159367523141e-06, 'epoch': 9.26}
{'loss': 0.3617, 'learning_rate': 7.992858628939977e-06, 'epoch': 9.26}
{'loss': 0.3958, 'learning_rate': 7.949557890356812e-06, 'epoch': 9.26}
{'loss': 0.3906, 'learning_rate': 7.906257151773637e-06, 'epoch': 9.27}
{'loss': 0.3699, 'learning_rate': 7.862956413190472e-06, 'epoch': 9.27}
{'loss': 0.3521, 'learning_rate': 7.819655674607308e-06, 'epoch': 9.28}
{'loss': 0.3411, 'learning_rate': 7.776354936024133e-06, 'epoch': 9.28}
{'loss': 0.3619, 'learning_rate': 7.733054197440967e-06, 'epoch': 9.29}
{'loss': 0.395, 'learning_rate': 7.689753458857802e-06, 'epoch': 9.29}
{'loss': 0.3601, 'learning_rate': 7.646452720274627e-06, 'epoch': 9.29}
{'loss': 0.3776, 'learning_rate': 7.6031519816914615e-06, 'epoch': 9.3}
{'loss': 0.3989, 'learning_rate': 7.559851243108286e-06, 'epoch': 9.3}
{'loss': 0.3886, 'learning_rate': 7.51655050452512e-06, 'epoch': 9.31}
{'loss': 0.3611, 'learning_rate': 7.4732497659419556e-06, 'epoch': 9.31}
{'loss': 0.4168, 'learning_rate': 7.42994902735878e-06, 'epoch': 9.31}
{'loss': 0.3962, 'learning_rate': 7.386648288775616e-06, 'epoch': 9.32}
{'loss': 0.3546, 'learning_rate': 7.343347550192451e-06, 'epoch': 9.32}
{'loss': 0.3641, 'learning_rate': 7.300046811609276e-06, 'epoch': 9.33}
{'loss': 0.3555, 'learning_rate': 7.256746073026111e-06, 'epoch': 9.33}
{'loss': 0.3796, 'learning_rate': 7.213445334442946e-06, 'epoch': 9.33}
{'loss': 0.3743, 'learning_rate': 7.170144595859771e-06, 'epoch': 9.34}
{'loss': 0.3686, 'learning_rate': 7.1268438572766065e-06, 'epoch': 9.34}
{'loss': 0.3693, 'learning_rate': 7.08354311869344e-06, 'epoch': 9.35}
{'loss': 0.3511, 'learning_rate': 7.040242380110265e-06, 'epoch': 9.35}
{'loss': 0.342, 'learning_rate': 6.996941641527101e-06, 'epoch': 9.35}
{'loss': 0.3596, 'learning_rate': 6.953640902943925e-06, 'epoch': 9.36}
{'loss': 0.3808, 'learning_rate': 6.910340164360761e-06, 'epoch': 9.36}
{'loss': 0.345, 'learning_rate': 6.867039425777596e-06, 'epoch': 9.37}
{'loss': 0.3881, 'learning_rate': 6.824604701966083e-06, 'epoch': 9.37}
{'loss': 0.3651, 'learning_rate': 6.781303963382919e-06, 'epoch': 9.38}
{'loss': 0.4017, 'learning_rate': 6.7380032247997545e-06, 'epoch': 9.38}
{'loss': 0.3809, 'learning_rate': 6.694702486216578e-06, 'epoch': 9.38}
{'loss': 0.3468, 'learning_rate': 6.651401747633414e-06, 'epoch': 9.39}
{'loss': 0.3321, 'learning_rate': 6.6081010090502494e-06, 'epoch': 9.39}
{'loss': 0.3912, 'learning_rate': 6.564800270467074e-06, 'epoch': 9.4}
{'loss': 0.3788, 'learning_rate': 6.521499531883908e-06, 'epoch': 9.4}
{'loss': 0.3773, 'learning_rate': 6.478198793300734e-06, 'epoch': 9.4}
{'loss': 0.3898, 'learning_rate': 6.434898054717568e-06, 'epoch': 9.41}
{'loss': 0.3479, 'learning_rate': 6.391597316134404e-06, 'epoch': 9.41}
{'loss': 0.3776, 'learning_rate': 6.348296577551228e-06, 'epoch': 9.42}
{'loss': 0.3595, 'learning_rate': 6.304995838968064e-06, 'epoch': 9.42}
{'loss': 0.3892, 'learning_rate': 6.2616951003848995e-06, 'epoch': 9.42}
{'loss': 0.3741, 'learning_rate': 6.218394361801723e-06, 'epoch': 9.43}
{'loss': 0.3987, 'learning_rate': 6.175093623218559e-06, 'epoch': 9.43}
{'loss': 0.3742, 'learning_rate': 6.1317928846353945e-06, 'epoch': 9.44}
{'loss': 0.3564, 'learning_rate': 6.088492146052218e-06, 'epoch': 9.44}
{'loss': 0.3857, 'learning_rate': 6.045191407469054e-06, 'epoch': 9.44}
{'loss': 0.3677, 'learning_rate': 6.0018906688858894e-06, 'epoch': 9.45}
{'loss': 0.3643, 'learning_rate': 5.958589930302713e-06, 'epoch': 9.45}
{'loss': 0.3723, 'learning_rate': 5.915289191719549e-06, 'epoch': 9.46}
{'loss': 0.3579, 'learning_rate': 5.871988453136373e-06, 'epoch': 9.46}
{'loss': 0.3589, 'learning_rate': 5.828687714553209e-06, 'epoch': 9.46}
{'loss': 0.3828, 'learning_rate': 5.785386975970044e-06, 'epoch': 9.47}
{'loss': 0.3672, 'learning_rate': 5.742086237386868e-06, 'epoch': 9.47}
{'loss': 0.3606, 'learning_rate': 5.698785498803704e-06, 'epoch': 9.48}
{'loss': 0.3907, 'learning_rate': 5.655484760220539e-06, 'epoch': 9.48}
{'loss': 0.3959, 'learning_rate': 5.612184021637363e-06, 'epoch': 9.49}
{'loss': 0.3636, 'learning_rate': 5.568883283054199e-06, 'epoch': 9.49}
{'loss': 0.3366, 'learning_rate': 5.525582544471034e-06, 'epoch': 9.49}
{'loss': 0.3409, 'learning_rate': 5.482281805887858e-06, 'epoch': 9.5}
{'loss': 0.3717, 'learning_rate': 5.438981067304694e-06, 'epoch': 9.5}
{'loss': 0.3644, 'learning_rate': 5.3956803287215176e-06, 'epoch': 9.51}
{'loss': 0.3895, 'learning_rate': 5.352379590138353e-06, 'epoch': 9.51}
{'loss': 0.3755, 'learning_rate': 5.309078851555189e-06, 'epoch': 9.51}
{'loss': 0.3567, 'learning_rate': 5.265778112972013e-06, 'epoch': 9.52}
{'loss': 0.3837, 'learning_rate': 5.222477374388848e-06, 'epoch': 9.52}
{'loss': 0.3927, 'learning_rate': 5.179176635805684e-06, 'epoch': 9.53}
{'loss': 0.3803, 'learning_rate': 5.135875897222508e-06, 'epoch': 9.53}
{'loss': 0.3501, 'learning_rate': 5.092575158639343e-06, 'epoch': 9.53}
{'loss': 0.3788, 'learning_rate': 5.049274420056179e-06, 'epoch': 9.54}
{'loss': 0.3433, 'learning_rate': 5.005973681473003e-06, 'epoch': 9.54}
{'loss': 0.385, 'learning_rate': 4.962672942889839e-06, 'epoch': 9.55}
{'loss': 0.3979, 'learning_rate': 4.919372204306663e-06, 'epoch': 9.55}
{'loss': 0.3975, 'learning_rate': 4.876071465723498e-06, 'epoch': 9.55}
{'loss': 0.3519, 'learning_rate': 4.832770727140334e-06, 'epoch': 9.56}
{'loss': 0.3813, 'learning_rate': 4.7894699885571575e-06, 'epoch': 9.56}
{'loss': 0.354, 'learning_rate': 4.746169249973993e-06, 'epoch': 9.57}
{'loss': 0.3596, 'learning_rate': 4.702868511390829e-06, 'epoch': 9.57}
{'loss': 0.3752, 'learning_rate': 4.6595677728076525e-06, 'epoch': 9.57}
{'loss': 0.3725, 'learning_rate': 4.616267034224488e-06, 'epoch': 9.58}
{'loss': 0.3607, 'learning_rate': 4.572966295641324e-06, 'epoch': 9.58}
{'loss': 0.4181, 'learning_rate': 4.5296655570581474e-06, 'epoch': 9.59}
{'loss': 0.3461, 'learning_rate': 4.487230833246646e-06, 'epoch': 9.59}
{'loss': 0.3742, 'learning_rate': 4.443930094663482e-06, 'epoch': 9.6}
{'loss': 0.3628, 'learning_rate': 4.400629356080306e-06, 'epoch': 9.6}
{'loss': 0.4009, 'learning_rate': 4.357328617497141e-06, 'epoch': 9.6}
{'loss': 0.3673, 'learning_rate': 4.314027878913966e-06, 'epoch': 9.61}
{'loss': 0.372, 'learning_rate': 4.270727140330801e-06, 'epoch': 9.61}
{'loss': 0.3665, 'learning_rate': 4.227426401747636e-06, 'epoch': 9.62}
{'loss': 0.3815, 'learning_rate': 4.184125663164461e-06, 'epoch': 9.62}
{'loss': 0.3964, 'learning_rate': 4.140824924581296e-06, 'epoch': 9.62}
{'loss': 0.378, 'learning_rate': 4.097524185998131e-06, 'epoch': 9.63}
{'loss': 0.3514, 'learning_rate': 4.054223447414956e-06, 'epoch': 9.63}
{'loss': 0.3784, 'learning_rate': 4.010922708831791e-06, 'epoch': 9.64}
{'loss': 0.3697, 'learning_rate': 3.967621970248627e-06, 'epoch': 9.64}
{'loss': 0.3745, 'learning_rate': 3.9243212316654506e-06, 'epoch': 9.64}
{'loss': 0.3456, 'learning_rate': 3.881020493082286e-06, 'epoch': 9.65}
{'loss': 0.3798, 'learning_rate': 3.837719754499111e-06, 'epoch': 9.65}
{'loss': 0.371, 'learning_rate': 3.794419015915946e-06, 'epoch': 9.66}
{'loss': 0.4035, 'learning_rate': 3.751118277332781e-06, 'epoch': 9.66}
{'loss': 0.3812, 'learning_rate': 3.7078175387496057e-06, 'epoch': 9.66}
{'loss': 0.3753, 'learning_rate': 3.6645168001664413e-06, 'epoch': 9.67}
{'loss': 0.3721, 'learning_rate': 3.621216061583276e-06, 'epoch': 9.67}
{'loss': 0.3713, 'learning_rate': 3.5779153230001007e-06, 'epoch': 9.68}
{'loss': 0.3868, 'learning_rate': 3.534614584416936e-06, 'epoch': 9.68}
{'loss': 0.3509, 'learning_rate': 3.4913138458337714e-06, 'epoch': 9.68}
{'loss': 0.3748, 'learning_rate': 3.448013107250596e-06, 'epoch': 9.69}
{'loss': 0.3527, 'learning_rate': 3.404712368667431e-06, 'epoch': 9.69}
{'loss': 0.3775, 'learning_rate': 3.3614116300842664e-06, 'epoch': 9.7}
{'loss': 0.3825, 'learning_rate': 3.31811089150109e-06, 'epoch': 9.7}
{'loss': 0.3782, 'learning_rate': 3.2748101529179257e-06, 'epoch': 9.71}
{'loss': 0.3731, 'learning_rate': 3.2315094143347503e-06, 'epoch': 9.71}
{'loss': 0.3755, 'learning_rate': 3.1882086757515855e-06, 'epoch': 9.71}
{'loss': 0.3346, 'learning_rate': 3.144907937168421e-06, 'epoch': 9.72}
{'loss': 0.3674, 'learning_rate': 3.1016071985852453e-06, 'epoch': 9.72}
{'loss': 0.3577, 'learning_rate': 3.0583064600020805e-06, 'epoch': 9.73}
{'loss': 0.3728, 'learning_rate': 3.015005721418916e-06, 'epoch': 9.73}
{'loss': 0.3572, 'learning_rate': 2.9717049828357402e-06, 'epoch': 9.73}
{'loss': 0.3812, 'learning_rate': 2.928404244252576e-06, 'epoch': 9.74}
{'loss': 0.3796, 'learning_rate': 2.885103505669411e-06, 'epoch': 9.74}
{'loss': 0.4014, 'learning_rate': 2.841802767086235e-06, 'epoch': 9.75}
{'loss': 0.3788, 'learning_rate': 2.7985020285030708e-06, 'epoch': 9.75}
{'loss': 0.3519, 'learning_rate': 2.755201289919895e-06, 'epoch': 9.75}
{'loss': 0.3693, 'learning_rate': 2.7119005513367306e-06, 'epoch': 9.76}
{'loss': 0.3915, 'learning_rate': 2.6685998127535657e-06, 'epoch': 9.76}
{'loss': 0.3737, 'learning_rate': 2.62529907417039e-06, 'epoch': 9.77}
{'loss': 0.3638, 'learning_rate': 2.5819983355872255e-06, 'epoch': 9.77}
{'loss': 0.3763, 'learning_rate': 2.5386975970040607e-06, 'epoch': 9.77}
{'loss': 0.3948, 'learning_rate': 2.4953968584208853e-06, 'epoch': 9.78}
{'loss': 0.3635, 'learning_rate': 2.4520961198377205e-06, 'epoch': 9.78}
{'loss': 0.3838, 'learning_rate': 2.408795381254556e-06, 'epoch': 9.79}
{'loss': 0.3936, 'learning_rate': 2.3654946426713802e-06, 'epoch': 9.79}
{'loss': 0.3802, 'learning_rate': 2.3221939040882154e-06, 'epoch': 9.79}
{'loss': 0.4061, 'learning_rate': 2.27889316550504e-06, 'epoch': 9.8}
{'loss': 0.3666, 'learning_rate': 2.235592426921875e-06, 'epoch': 9.8}
{'loss': 0.3689, 'learning_rate': 2.1922916883387104e-06, 'epoch': 9.81}
{'loss': 0.3798, 'learning_rate': 2.148990949755535e-06, 'epoch': 9.81}
{'loss': 0.3461, 'learning_rate': 2.10569021117237e-06, 'epoch': 9.82}
{'loss': 0.3588, 'learning_rate': 2.0623894725892057e-06, 'epoch': 9.82}
{'loss': 0.3604, 'learning_rate': 2.01908873400603e-06, 'epoch': 9.82}
{'loss': 0.3775, 'learning_rate': 1.9757879954228655e-06, 'epoch': 9.83}
{'loss': 0.3813, 'learning_rate': 1.9324872568397007e-06, 'epoch': 9.83}
{'loss': 0.3783, 'learning_rate': 1.8891865182565248e-06, 'epoch': 9.84}
{'loss': 0.3966, 'learning_rate': 1.8458857796733607e-06, 'epoch': 9.84}
{'loss': 0.3796, 'learning_rate': 1.8025850410901956e-06, 'epoch': 9.84}
{'loss': 0.3832, 'learning_rate': 1.75928430250702e-06, 'epoch': 9.85}
{'loss': 0.3581, 'learning_rate': 1.7159835639238554e-06, 'epoch': 9.85}
{'loss': 0.377, 'learning_rate': 1.6726828253406796e-06, 'epoch': 9.86}
{'loss': 0.3921, 'learning_rate': 1.6293820867575152e-06, 'epoch': 9.86}
{'loss': 0.3481, 'learning_rate': 1.5860813481743506e-06, 'epoch': 9.86}
{'loss': 0.3516, 'learning_rate': 1.542780609591175e-06, 'epoch': 9.87}
{'loss': 0.3599, 'learning_rate': 1.4994798710080101e-06, 'epoch': 9.87}
{'loss': 0.3621, 'learning_rate': 1.4561791324248457e-06, 'epoch': 9.88}
{'loss': 0.3918, 'learning_rate': 1.4128783938416699e-06, 'epoch': 9.88}
{'loss': 0.3621, 'learning_rate': 1.369577655258505e-06, 'epoch': 9.88}
{'loss': 0.3888, 'learning_rate': 1.3271429314470038e-06, 'epoch': 9.89}
{'loss': 0.397, 'learning_rate': 1.283842192863828e-06, 'epoch': 9.89}
{'loss': 0.3501, 'learning_rate': 1.2405414542806631e-06, 'epoch': 9.9}
{'loss': 0.3707, 'learning_rate': 1.1972407156974877e-06, 'epoch': 9.9}
{'loss': 0.3584, 'learning_rate': 1.153939977114323e-06, 'epoch': 9.9}
{'loss': 0.3592, 'learning_rate': 1.1106392385311585e-06, 'epoch': 9.91}
{'loss': 0.3747, 'learning_rate': 1.0673384999479827e-06, 'epoch': 9.91}
{'loss': 0.3225, 'learning_rate': 1.0240377613648179e-06, 'epoch': 9.92}
{'loss': 0.3756, 'learning_rate': 9.807370227816535e-07, 'epoch': 9.92}
{'loss': 0.3937, 'learning_rate': 9.374362841984776e-07, 'epoch': 9.93}
{'loss': 0.3734, 'learning_rate': 8.941355456153131e-07, 'epoch': 9.93}
{'loss': 0.3348, 'learning_rate': 8.508348070321484e-07, 'epoch': 9.93}
{'loss': 0.3919, 'learning_rate': 8.075340684489728e-07, 'epoch': 9.94}
{'loss': 0.35, 'learning_rate': 7.642333298658081e-07, 'epoch': 9.94}
{'loss': 0.3419, 'learning_rate': 7.209325912826435e-07, 'epoch': 9.95}
{'loss': 0.3759, 'learning_rate': 6.776318526994677e-07, 'epoch': 9.95}
{'loss': 0.3501, 'learning_rate': 6.343311141163031e-07, 'epoch': 9.95}
{'loss': 0.3847, 'learning_rate': 5.910303755331274e-07, 'epoch': 9.96}
{'loss': 0.3987, 'learning_rate': 5.477296369499628e-07, 'epoch': 9.96}
{'loss': 0.3784, 'learning_rate': 5.044288983667982e-07, 'epoch': 9.97}
{'loss': 0.3912, 'learning_rate': 4.611281597836224e-07, 'epoch': 9.97}
{'loss': 0.3996, 'learning_rate': 4.178274212004578e-07, 'epoch': 9.97}
{'loss': 0.345, 'learning_rate': 3.745266826172932e-07, 'epoch': 9.98}
{'loss': 0.3479, 'learning_rate': 3.312259440341175e-07, 'epoch': 9.98}
{'loss': 0.3444, 'learning_rate': 2.8792520545095286e-07, 'epoch': 9.99}
{'loss': 0.3843, 'learning_rate': 2.4462446686778825e-07, 'epoch': 9.99}
{'loss': 0.3947, 'learning_rate': 2.0132372828461252e-07, 'epoch': 9.99}
{'loss': 0.3622, 'learning_rate': 1.5802298970144791e-07, 'epoch': 10.0}
[INFO|trainer.py:520] 2026-10-04 16:15:45,774 >> The following columns in the evaluation set  don't have a corresponding argument in `PETLEncModel.forward` and have been ignored: premise, hypothesis, idx.
[INFO|trainer.py:2179] 2026-10-04 16:15:45,775 >> ***** Running Evaluation *****
[INFO|trainer.py:2181] 2026-10-04 16:15:45,775 >>   Num examples = 9815
[INFO|trainer.py:2184] 2026-10-04 16:15:45,775 >>   Batch size = 32
{'eval_loss': 0.3825676739215851, 'eval_accuracy': 0.8626591951095263, 'eval_runtime': 14.8429, 'eval_samples_per_second': 661.259, 'eval_steps_per_second': 20.683, 'epoch': 10.0}
[INFO|trainer.py:1933] 2026-10-04 16:16:00,619 >> Saving model checkpoint to checkpoints/glue/mnli/20261004/glue.mnli.prefix.am_prefix.ao_concat.fm_none.fo_parallel.abn.fbn.ac_add.fl_none.finit_lora.fs_4.unfrz_ef_.ne10.warm0.06.wd0.1.seed42./checkpoint-122720
[INFO|configuration_utils.py:364] 2026-10-04 16:16:00,621 >> Configuration saved in checkpoints/glue/mnli/20261004/glue.mnli.prefix.am_prefix.ao_concat.fm_none.fo_parallel.abn.fbn.ac_add.fl_none.finit_lora.fs_4.unfrz_ef_.ne10.warm0.06.wd0.1.seed42./checkpoint-122720/config.json
[INFO|modeling_utils.py:898] 2026-10-04 16:16:00,967 >> Model weights saved in checkpoints/glue/mnli/20261004/glue.mnli.prefix.am_prefix.ao_concat.fm_none.fo_parallel.abn.fbn.ac_add.fl_none.finit_lora.fs_4.unfrz_ef_.ne10.warm0.06.wd0.1.seed42./checkpoint-122720/pytorch_model.bin
[INFO|tokenization_utils_base.py:1948] 2026-10-04 16:16:00,968 >> tokenizer config file saved in checkpoints/glue/mnli/20261004/glue.mnli.prefix.am_prefix.ao_concat.fm_none.fo_parallel.abn.fbn.ac_add.fl_none.finit_lora.fs_4.unfrz_ef_.ne10.warm0.06.wd0.1.seed42./checkpoint-122720/tokenizer_config.json
[INFO|tokenization_utils_base.py:1954] 2026-10-04 16:16:00,968 >> Special tokens file saved in checkpoints/glue/mnli/20261004/glue.mnli.prefix.am_prefix.ao_concat.fm_none.fo_parallel.abn.fbn.ac_add.fl_none.finit_lora.fs_4.unfrz_ef_.ne10.warm0.06.wd0.1.seed42./checkpoint-122720/special_tokens_map.json
[INFO|trainer.py:2009] 2026-10-04 16:16:01,099 >> Deleting older checkpoint [checkpoints/glue/mnli/20261004/glue.mnli.prefix.am_prefix.ao_concat.fm_none.fo_parallel.abn.fbn.ac_add.fl_none.finit_lora.fs_4.unfrz_ef_.ne10.warm0.06.wd0.1.seed42./checkpoint-98176] due to args.save_total_limit
[INFO|trainer.py:1382] 2026-10-04 16:16:01,106 >> 

Training completed. Do not forget to share your model on huggingface.co/models =)


[INFO|trainer.py:1390] 2026-10-04 16:16:01,106 >> Loading best model from checkpoints/glue/mnli/20261004/glue.mnli.prefix.am_prefix.ao_concat.fm_none.fo_parallel.abn.fbn.ac_add.fl_none.finit_lora.fs_4.unfrz_ef_.ne10.warm0.06.wd0.1.seed42./checkpoint-110448 (score: 0.8626591951095263).
{'train_runtime': 5154.8718, 'train_samples_per_second': 761.808, 'train_steps_per_second': 23.807, 'train_loss': 0.4524482105864695, 'epoch': 10.0}
[INFO|trainer.py:1933] 2026-10-04 16:16:01,340 >> Saving model checkpoint to checkpoints/glue/mnli/20261004/glue.mnli.prefix.am_prefix.ao_concat.fm_none.fo_parallel.abn.fbn.ac_add.fl_none.finit_lora.fs_4.unfrz_ef_.ne10.warm0.06.wd0.1.seed42.
[INFO|configuration_utils.py:364] 2026-10-04 16:16:01,340 >> Configuration saved in checkpoints/glue/mnli/20261004/glue.mnli.prefix.am_prefix.ao_concat.fm_none.fo_parallel.abn.fbn.ac_add.fl_none.finit_lora.fs_4.unfrz_ef_.ne10.warm0.06.wd0.1.seed42./config.json
[INFO|modeling_utils.py:898] 2026-10-04 16:16:01,663 >> Model weights saved in checkpoints/glue/mnli/20261004/glue.mnli.prefix.am_prefix.ao_concat.fm_none.fo_parallel.abn.fbn.ac_add.fl_none.finit_lora.fs_4.unfrz_ef_.ne10.warm0.06.wd0.1.seed42./pytorch_model.bin
[INFO|tokenization_utils_base.py:1948] 2026-10-04 16:16:01,677 >> tokenizer config file saved in checkpoints/glue/mnli/20261004/glue.mnli.prefix.am_prefix.ao_concat.fm_none.fo_parallel.abn.fbn.ac_add.fl_none.finit_lora.fs_4.unfrz_ef_.ne10.warm0.06.wd0.1.seed42./tokenizer_config.json
[INFO|tokenization_utils_base.py:1954] 2026-10-04 16:16:01,678 >> Special tokens file saved in checkpoints/glue/mnli/20261004/glue.mnli.prefix.am_prefix.ao_concat.fm_none.fo_parallel.abn.fbn.ac_add.fl_none.finit_lora.fs_4.unfrz_ef_.ne10.warm0.06.wd0.1.seed42./special_tokens_map.json
***** train metrics *****
  epoch                    =       10.0
  train_loss               =     0.4524
  train_runtime            = 1:25:54.87
  train_samples            =     392702
  train_samples_per_second =    761.808
  train_steps_per_second   =     23.807
10/04/2026 16:16:01 - INFO - __main__ -   *** Evaluate ***
[INFO|trainer.py:520] 2026-10-04 16:16:01,745 >> The following columns in the evaluation set  don't have a corresponding argument in `PETLEncModel.forward` and have been ignored: premise, hypothesis, idx.
[INFO|trainer.py:2179] 2026-10-04 16:16:01,746 >> ***** Running Evaluation *****
[INFO|trainer.py:2181] 2026-10-04 16:16:01,747 >>   Num examples = 9815
[INFO|trainer.py:2184] 2026-10-04 16:16:01,747 >>   Batch size = 32
{'eval_loss': 0.3829144239425659, 'eval_accuracy': 0.8626591951095263, 'eval_runtime': 14.8705, 'eval_samples_per_second': 660.032, 'eval_steps_per_second': 20.645, 'epoch': 10.0}
***** eval metrics *****
  epoch                   =       10.0
  eval_accuracy           =     0.8627
  eval_loss               =     0.3829
  eval_runtime            = 0:00:14.87
  eval_samples            =       9815
  eval_samples_per_second =    660.032
  eval_steps_per_second   =     20.645
[INFO|trainer.py:520] 2026-10-04 16:16:16,619 >> The following columns in the evaluation set  don't have a corresponding argument in `PETLEncModel.forward` and have been ignored: premise, hypothesis, idx.
[INFO|trainer.py:2179] 2026-10-04 16:16:16,620 >> ***** Running Evaluation *****
[INFO|trainer.py:2181] 2026-10-04 16:16:16,620 >>   Num examples = 9832
[INFO|trainer.py:2184] 2026-10-04 16:16:16,620 >>   Batch size = 32
{'eval_loss': 0.3871002197265625, 'eval_accuracy': 0.8620829943043125, 'eval_runtime': 15.0263, 'eval_samples_per_second': 654.321, 'eval_steps_per_second': 20.497, 'epoch': 10.0}
***** eval metrics *****
  epoch                   =       10.0
  eval_accuracy           =     0.8621
  eval_loss               =     0.3871
  eval_runtime            = 0:00:15.02
  eval_samples            =       9815
  eval_samples_per_second =    654.321
  eval_steps_per_second   =     20.497
