checkpoints/glue/mnli/20261004/glue.mnli.prefix.am_prefix.ao_concat.fm_none.fo_parallel.abn.fbn.ac_add.fl_none.finit_lora.fs_4.unfrz_ef_.ne10.warm0.06.wd0.1.seed8.
10/04/2026 16:22:24 - WARNING - __main__ -   Process rank: -1, device: cuda:0, n_gpu: 1distributed training: False, 16-bits training: True
10/04/2026 16:22:24 - INFO - __main__ -   Training/evaluation parameters TrainingArguments(
_n_gpu=1,
adafactor=False,
adam_beta1=0.9,
adam_beta2=0.98,
adam_epsilon=1e-06,
dataloader_drop_last=False,
dataloader_num_workers=0,
dataloader_pin_memory=True,
ddp_find_unused_parameters=False,
debug=[],
deepspeed=None,
disable_tqdm=True,
do_eval=True,
do_predict=False,
do_train=True,
eval_accumulation_steps=None,
eval_steps=5000,
evaluation_strategy=IntervalStrategy.EPOCH,
fp16=True,
fp16_backend=auto,
fp16_full_eval=False,
fp16_opt_level=O1,
gradient_accumulation_steps=1,
greater_is_better=True,
group_by_length=False,
ignore_data_skip=False,
label_names=None,
label_smoothing_factor=0.0,
learning_rate=0.0001,
length_column_name=length,
load_best_model_at_end=True,
local_rank=-1,
log_level=-1,
log_level_replica=-1,
log_on_each_node=True,
logging_dir=checkpoints/glue/mnli/20261004/glue.mnli.prefix.am_prefix.ao_concat.fm_none.fo_parallel.abn.fbn.ac_add.fl_none.finit_lora.fs_4.unfrz_ef_.ne10.warm0.06.wd0.1.seed8./runs/Oct04_16-22-24_j-12410940-job-0,
logging_first_step=False,
logging_steps=50,
logging_strategy=IntervalStrategy.STEPS,
lr_scheduler_type=SchedulerType.POLYNOMIAL,
max_grad_norm=1.0,
max_steps=-1,
metric_for_best_model=accuracy,
mp_parameters=,
no_cuda=False,
num_train_epochs=10.0,
output_dir=checkpoints/glue/mnli/20261004/glue.mnli.prefix.am_prefix.ao_concat.fm_none.fo_parallel.abn.fbn.ac_add.fl_none.finit_lora.fs_4.unfrz_ef_.ne10.warm0.06.wd0.1.seed8.,
overwrite_output_dir=True,
past_index=-1,
per_device_eval_batch_size=32,
per_device_train_batch_size=32,
prediction_loss_only=False,
push_to_hub=False,
push_to_hub_model_id=glue.mnli.prefix.am_prefix.ao_concat.fm_none.fo_parallel.abn.fbn.ac_add.fl_none.finit_lora.fs_4.unfrz_ef_.ne10.warm0.06.wd0.1.seed8.,
push_to_hub_organization=None,
push_to_hub_token=None,
remove_unused_columns=True,
report_to=[],
resume_from_checkpoint=None,
run_name=mnli.20261004.glue.mnli.prefix.am_prefix.ao_concat.fm_none.fo_parallel.abn.fbn.ac_add.fl_none.finit_lora.fs_4.unfrz_ef_.ne10.warm0.06.wd0.1.seed8.,
save_steps=5000,
save_strategy=IntervalStrategy.EPOCH,
save_total_limit=2,
seed=8,
sharded_ddp=[],
skip_memory_metrics=True,
tpu_metrics_debug=False,
tpu_num_cores=None,
use_legacy_prediction_loop=False,
warmup_ratio=0.06,
warmup_steps=0,
weight_decay=0.1,
)
10/04/2026 16:22:25 - WARNING - datasets.builder -   Reusing dataset glue (checkpoints/hf_model/glue/mnli/1.0.0/dacbe3125aa31d7f70367a07a8a9e72a5a0bfeb5fc42e75c9db75b96da6053ad)
[INFO|configuration_utils.py:528] 2026-10-04 16:22:25,262 >> loading configuration file /work/unify-parameter-efficient-tuning/_setup/models/roberta-base/config.json
[INFO|configuration_utils.py:566] 2026-10-04 16:22:25,262 >> Model config RobertaConfig {
  "architectures": [
    "RobertaForMaskedLM"
  ],
  "attention_probs_dropout_prob": 0.1,
  "bos_token_id": 0,
  "eos_token_id": 2,
  "finetuning_task": "mnli",
  "gradient_checkpointing": false,
  "hidden_act": "gelu",
  "hidden_dropout_prob": 0.1,
  "hidden_size": 768,
  "id2label": {
    "0": "LABEL_0",
    "1": "LABEL_1",
    "2": "LABEL_2"
  },
  "initializer_range": 0.02,
  "intermediate_size": 3072,
  "label2id": {
    "LABEL_0": 0,
    "LABEL_1": 1,
    "LABEL_2": 2
  },
  "layer_norm_eps": 1e-05,
  "max_position_embeddings": 514,
  "model_type": "roberta",
  "num_attention_heads": 12,
  "num_hidden_layers": 12,
  "pad_token_id": 1,
  "position_embedding_type": "absolute",
  "transformers_version": "4.9.0.dev0",
  "type_vocab_size": 1,
  "use_cache": true,
  "vocab_size": 50265
}

[INFO|tokenization_auto.py:427] 2026-10-04 16:22:25,262 >> Could not locate the tokenizer configuration file, will try to use the model config instead.
[INFO|configuration_utils.py:528] 2026-10-04 16:22:25,262 >> loading configuration file /work/unify-parameter-efficient-tuning/_setup/models/roberta-base/config.json
[INFO|configuration_utils.py:566] 2026-10-04 16:22:25,262 >> Model config RobertaConfig {
  "architectures": [
    "RobertaForMaskedLM"
  ],
  "attention_probs_dropout_prob": 0.1,
  "bos_token_id": 0,
  "eos_token_id": 2,
  "gradient_checkpointing": false,
  "hidden_act": "gelu",
  "hidden_dropout_prob": 0.1,
  "hidden_size": 768,
  "initializer_range": 0.02,
  "intermediate_size": 3072,
  "layer_norm_eps": 1e-05,
  "max_position_embeddings": 514,
  "model_type": "roberta",
  "num_attention_heads": 12,
  "num_hidden_layers": 12,
  "pad_token_id": 1,
  "position_embedding_type": "absolute",
  "transformers_version": "4.9.0.dev0",
  "type_vocab_size": 1,
  "use_cache": true,
  "vocab_size": 50265
}

[INFO|tokenization_utils_base.py:1651] 2026-10-04 16:22:25,263 >> Didn't find file /work/unify-parameter-efficient-tuning/_setup/models/roberta-base/added_tokens.json. We won't load it.
[INFO|tokenization_utils_base.py:1651] 2026-10-04 16:22:25,263 >> Didn't find file /work/unify-parameter-efficient-tuning/_setup/models/roberta-base/special_tokens_map.json. We won't load it.
[INFO|tokenization_utils_base.py:1651] 2026-10-04 16:22:25,263 >> Didn't find file /work/unify-parameter-efficient-tuning/_setup/models/roberta-base/tokenizer_config.json. We won't load it.
[INFO|tokenization_utils_base.py:1715] 2026-10-04 16:22:25,263 >> loading file /work/unify-parameter-efficient-tuning/_setup/models/roberta-base/vocab.json
[INFO|tokenization_utils_base.py:1715] 2026-10-04 16:22:25,263 >> loading file /work/unify-parameter-efficient-tuning/_setup/models/roberta-base/merges.txt
[INFO|tokenization_utils_base.py:1715] 2026-10-04 16:22:25,263 >> loading file /work/unify-parameter-efficient-tuning/_setup/models/roberta-base/tokenizer.json
[INFO|tokenization_utils_base.py:1715] 2026-10-04 16:22:25,263 >> loading file None
[INFO|tokenization_utils_base.py:1715] 2026-10-04 16:22:25,263 >> loading file None
[INFO|tokenization_utils_base.py:1715] 2026-10-04 16:22:25,263 >> loading file None
[INFO|modeling_utils.py:1159] 2026-10-04 16:22:25,294 >> loading weights file /work/unify-parameter-efficient-tuning/_setup/models/roberta-base/pytorch_model.bin
============================ init weights is called! ====================================
============================ init weights is called! ====================================
[WARNING|modeling_utils.py:1336] 2026-10-04 16:22:25,857 >> Some weights of the model checkpoint at /work/unify-parameter-efficient-tuning/_setup/models/roberta-base were not used when initializing RobertaForSequenceClassification: ['lm_head.decoder.weight', 'lm_head.layer_norm.bias', 'roberta.pooler.dense.weight', 'lm_head.dense.bias', 'lm_head.dense.weight', 'lm_head.bias', 'roberta.pooler.dense.bias', 'lm_head.layer_norm.weight']
- This IS expected if you are initializing RobertaForSequenceClassification from the checkpoint of a model trained on another task or with another architecture (e.g. initializing a BertForSequenceClassification model from a BertForPreTraining model).
- This IS NOT expected if you are initializing RobertaForSequenceClassification from the checkpoint of a model that you expect to be exactly identical (initializing a BertForSequenceClassification model from a BertForSequenceClassification model).
[WARNING|modeling_utils.py:1347] 2026-10-04 16:22:25,858 >> Some weights of RobertaForSequenceClassification were not initialized from the model checkpoint at /work/unify-parameter-efficient-tuning/_setup/models/roberta-base and are newly initialized: ['classifier.dense.bias', 'classifier.dense.weight', 'classifier.out_proj.weight', 'classifier.out_proj.bias']
You should probably TRAIN this model on a down-stream task to be able to use it for predictions and inference.
10/04/2026 16:22:25 - WARNING - datasets.fingerprint -   Parameter 'function'=<function main.<locals>.preprocess_function at 0x7fd6bf17de50> of the transform datasets.arrow_dataset.Dataset._map_single couldn't be hashed properly, a random hash was used instead. Make sure your transforms and parameters are serializable with pickle or dill for the dataset fingerprinting and caching to work. If you reuse this transform, the caching mechanism will consider it to be different from the previous calls and recompute everything. This warning is only showed once. Subsequent hashing failures won't be showed.
10/04/2026 16:22:25 - WARNING - datasets.arrow_dataset -   Loading cached processed dataset at checkpoints/hf_model/glue/mnli/1.0.0/dacbe3125aa31d7f70367a07a8a9e72a5a0bfeb5fc42e75c9db75b96da6053ad/cache-5ed34fe53a096533.arrow
10/04/2026 16:22:26 - WARNING - datasets.arrow_dataset -   Loading cached processed dataset at checkpoints/hf_model/glue/mnli/1.0.0/dacbe3125aa31d7f70367a07a8a9e72a5a0bfeb5fc42e75c9db75b96da6053ad/cache-6018366cf658f7a7.arrow
10/04/2026 16:22:26 - WARNING - datasets.arrow_dataset -   Loading cached processed dataset at checkpoints/hf_model/glue/mnli/1.0.0/dacbe3125aa31d7f70367a07a8a9e72a5a0bfeb5fc42e75c9db75b96da6053ad/cache-317017a6205738d1.arrow
10/04/2026 16:22:26 - WARNING - datasets.arrow_dataset -   Loading cached processed dataset at checkpoints/hf_model/glue/mnli/1.0.0/dacbe3125aa31d7f70367a07a8a9e72a5a0bfeb5fc42e75c9db75b96da6053ad/cache-0b3510b0b46ee1da.arrow
10/04/2026 16:22:26 - WARNING - datasets.arrow_dataset -   Loading cached processed dataset at checkpoints/hf_model/glue/mnli/1.0.0/dacbe3125aa31d7f70367a07a8a9e72a5a0bfeb5fc42e75c9db75b96da6053ad/cache-230824d215ceb3a1.arrow
10/04/2026 16:22:26 - INFO - __main__ -   Sample 129730 of the training set: {'attention_mask': [1, 1, 1, 1, 1, 1, 1, 1, 1, 1, 1, 1, 1, 1, 1, 1, 1, 1, 1, 1, 1, 1, 1, 1, 1], 'hypothesis': 'That typically is the opposite of what I assume.', 'idx': 129730, 'input_ids': [0, 13437, 14, 3700, 16, 182, 3680, 939, 64, 75, 4744, 24, 2, 2, 1711, 3700, 16, 5, 5483, 9, 99, 38, 6876, 4, 2], 'label': 0, 'premise': "because that typically is very otherwise i can't imagine it"}.
10/04/2026 16:22:26 - INFO - __main__ -   Sample 265478 of the training set: {'attention_mask': [1, 1, 1, 1, 1, 1, 1, 1, 1, 1, 1, 1, 1, 1, 1, 1, 1, 1, 1, 1, 1, 1], 'hypothesis': 'There are no doubts about the Governments power.', 'idx': 265478, 'input_ids': [0, 133, 1621, 74, 28, 3187, 1747, 8, 2198, 72, 2, 2, 970, 32, 117, 10903, 59, 5, 26581, 476, 4, 2], 'label': 1, 'premise': 'The Government would be broken finally and completely."'}.
10/04/2026 16:22:26 - INFO - __main__ -   Sample 109784 of the training set: {'attention_mask': [1, 1, 1, 1, 1, 1, 1, 1, 1, 1, 1, 1, 1, 1, 1, 1, 1, 1, 1, 1, 1, 1, 1, 1, 1, 1, 1, 1, 1, 1, 1], 'hypothesis': 'Documentation would ensure interventions would not be repeated more than necessary. ', 'idx': 109784, 'input_ids': [0, 47088, 1258, 74, 67, 244, 1306, 15985, 74, 45, 28, 6636, 31875, 4, 2, 2, 47088, 1258, 74, 1306, 15985, 74, 45, 28, 6636, 55, 87, 2139, 4, 1437, 2], 'label': 0, 'premise': 'Documentation would also help ensure interventions would not be repeated unnecessarily.'}.
[INFO|trainer.py:420] 2026-10-04 16:22:28,373 >> Using amp fp16 backend
/work/unify-parameter-efficient-tuning/src/transformers/trainer.py:430: FutureWarning: `torch.cuda.amp.GradScaler(args...)` is deprecated. Please use `torch.amp.GradScaler('cuda', args...)` instead.
  self.scaler = torch.cuda.amp.GradScaler()
[INFO|trainer.py:520] 2026-10-04 16:22:28,374 >> The following columns in the training set  don't have a corresponding argument in `PETLEncModel.forward` and have been ignored: idx, premise, hypothesis.
[INFO|trainer.py:1183] 2026-10-04 16:22:29,097 >> ***** Running training *****
[INFO|trainer.py:1184] 2026-10-04 16:22:29,097 >>   Num examples = 392702
[INFO|trainer.py:1185] 2026-10-04 16:22:29,097 >>   Num Epochs = 10
[INFO|trainer.py:1186] 2026-10-04 16:22:29,097 >>   Instantaneous batch size per device = 32
[INFO|trainer.py:1187] 2026-10-04 16:22:29,097 >>   Total train batch size (w. parallel, distributed & accumulation) = 32
[INFO|trainer.py:1188] 2026-10-04 16:22:29,097 >>   Gradient Accumulation steps = 1
[INFO|trainer.py:1189] 2026-10-04 16:22:29,097 >>   Total optimization steps = 122720
/work/unify-parameter-efficient-tuning/src/transformers/trainer.py:1784: FutureWarning: `torch.cuda.amp.autocast(args...)` is deprecated. Please use `torch.amp.autocast('cuda', args...)` instead.
  with autocast():
{'loss': 1.1089, 'learning_rate': 6.789788158609453e-07, 'epoch': 0.0}
{'loss': 1.1019, 'learning_rate': 1.3579576317218905e-06, 'epoch': 0.01}
{'loss': 1.1046, 'learning_rate': 2.0369364475828354e-06, 'epoch': 0.01}
{'loss': 1.1025, 'learning_rate': 2.715915263443781e-06, 'epoch': 0.02}
{'loss': 1.1039, 'learning_rate': 3.3948940793047257e-06, 'epoch': 0.02}
{'loss': 1.1051, 'learning_rate': 4.073872895165671e-06, 'epoch': 0.02}
{'loss': 1.1024, 'learning_rate': 4.752851711026616e-06, 'epoch': 0.03}
{'loss': 1.1028, 'learning_rate': 5.431830526887562e-06, 'epoch': 0.03}
{'loss': 1.1019, 'learning_rate': 6.110809342748506e-06, 'epoch': 0.04}
{'loss': 1.104, 'learning_rate': 6.7897881586094514e-06, 'epoch': 0.04}
{'loss': 1.1029, 'learning_rate': 7.468766974470397e-06, 'epoch': 0.04}
{'loss': 1.1048, 'learning_rate': 8.147745790331342e-06, 'epoch': 0.05}
{'loss': 1.102, 'learning_rate': 8.826724606192287e-06, 'epoch': 0.05}
{'loss': 1.1006, 'learning_rate': 9.505703422053232e-06, 'epoch': 0.06}
{'loss': 1.1027, 'learning_rate': 1.0184682237914179e-05, 'epoch': 0.06}
{'loss': 1.103, 'learning_rate': 1.0863661053775124e-05, 'epoch': 0.07}
{'loss': 1.0995, 'learning_rate': 1.1542639869636067e-05, 'epoch': 0.07}
{'loss': 1.1008, 'learning_rate': 1.2221618685497013e-05, 'epoch': 0.07}
{'loss': 1.0975, 'learning_rate': 1.2900597501357958e-05, 'epoch': 0.08}
{'loss': 1.1033, 'learning_rate': 1.3579576317218903e-05, 'epoch': 0.08}
{'loss': 1.1023, 'learning_rate': 1.4258555133079848e-05, 'epoch': 0.09}
{'loss': 1.101, 'learning_rate': 1.4937533948940793e-05, 'epoch': 0.09}
{'loss': 1.1039, 'learning_rate': 1.561651276480174e-05, 'epoch': 0.09}
{'loss': 1.1003, 'learning_rate': 1.6295491580662683e-05, 'epoch': 0.1}
{'loss': 1.1017, 'learning_rate': 1.6974470396523627e-05, 'epoch': 0.1}
{'loss': 1.1009, 'learning_rate': 1.7653449212384574e-05, 'epoch': 0.11}
{'loss': 1.0991, 'learning_rate': 1.8332428028245517e-05, 'epoch': 0.11}
{'loss': 1.0997, 'learning_rate': 1.9011406844106464e-05, 'epoch': 0.11}
{'loss': 1.098, 'learning_rate': 1.9690385659967407e-05, 'epoch': 0.12}
{'loss': 1.0995, 'learning_rate': 2.0369364475828358e-05, 'epoch': 0.12}
{'loss': 1.0986, 'learning_rate': 2.10483432916893e-05, 'epoch': 0.13}
{'loss': 1.0999, 'learning_rate': 2.1727322107550248e-05, 'epoch': 0.13}
{'loss': 1.1009, 'learning_rate': 2.240630092341119e-05, 'epoch': 0.13}
{'loss': 1.099, 'learning_rate': 2.3085279739272135e-05, 'epoch': 0.14}
{'loss': 1.0995, 'learning_rate': 2.3764258555133082e-05, 'epoch': 0.14}
{'loss': 1.099, 'learning_rate': 2.4443237370994025e-05, 'epoch': 0.15}
{'loss': 1.1007, 'learning_rate': 2.512221618685497e-05, 'epoch': 0.15}
{'loss': 1.0987, 'learning_rate': 2.5801195002715915e-05, 'epoch': 0.15}
{'loss': 1.0999, 'learning_rate': 2.6480173818576866e-05, 'epoch': 0.16}
{'loss': 1.0996, 'learning_rate': 2.7159152634437806e-05, 'epoch': 0.16}
{'loss': 1.0984, 'learning_rate': 2.7838131450298756e-05, 'epoch': 0.17}
{'loss': 1.0969, 'learning_rate': 2.8517110266159696e-05, 'epoch': 0.17}
{'loss': 1.0991, 'learning_rate': 2.9196089082020643e-05, 'epoch': 0.18}
{'loss': 1.095, 'learning_rate': 2.9875067897881586e-05, 'epoch': 0.18}
{'loss': 1.0956, 'learning_rate': 3.055404671374253e-05, 'epoch': 0.18}
{'loss': 1.0932, 'learning_rate': 3.123302552960348e-05, 'epoch': 0.19}
{'loss': 1.0923, 'learning_rate': 3.191200434546443e-05, 'epoch': 0.19}
{'loss': 1.0893, 'learning_rate': 3.259098316132537e-05, 'epoch': 0.2}
{'loss': 1.0762, 'learning_rate': 3.3269961977186314e-05, 'epoch': 0.2}
{'loss': 1.0724, 'learning_rate': 3.3948940793047254e-05, 'epoch': 0.2}
{'loss': 1.0433, 'learning_rate': 3.462791960890821e-05, 'epoch': 0.21}
{'loss': 1.0201, 'learning_rate': 3.530689842476915e-05, 'epoch': 0.21}
{'loss': 1.0155, 'learning_rate': 3.5972297664312876e-05, 'epoch': 0.22}
{'loss': 1.0148, 'learning_rate': 3.6651276480173817e-05, 'epoch': 0.22}
{'loss': 1.013, 'learning_rate': 3.7316675719717546e-05, 'epoch': 0.22}
{'loss': 0.9871, 'learning_rate': 3.799565453557849e-05, 'epoch': 0.23}
{'loss': 0.982, 'learning_rate': 3.867463335143944e-05, 'epoch': 0.23}
{'loss': 0.96, 'learning_rate': 3.935361216730038e-05, 'epoch': 0.24}
{'loss': 0.9577, 'learning_rate': 4.0032590983161326e-05, 'epoch': 0.24}
{'loss': 0.9441, 'learning_rate': 4.071156979902227e-05, 'epoch': 0.24}
{'loss': 0.9242, 'learning_rate': 4.139054861488322e-05, 'epoch': 0.25}
{'loss': 0.9131, 'learning_rate': 4.206952743074416e-05, 'epoch': 0.25}
{'loss': 0.9058, 'learning_rate': 4.274850624660511e-05, 'epoch': 0.26}
{'loss': 0.8983, 'learning_rate': 4.3427485062466054e-05, 'epoch': 0.26}
{'loss': 0.8747, 'learning_rate': 4.4106463878327e-05, 'epoch': 0.26}
{'loss': 0.8772, 'learning_rate': 4.478544269418795e-05, 'epoch': 0.27}
{'loss': 0.819, 'learning_rate': 4.546442151004889e-05, 'epoch': 0.27}
{'loss': 0.8305, 'learning_rate': 4.6143400325909834e-05, 'epoch': 0.28}
{'loss': 0.8124, 'learning_rate': 4.682237914177078e-05, 'epoch': 0.28}
{'loss': 0.7808, 'learning_rate': 4.750135795763173e-05, 'epoch': 0.29}
{'loss': 0.8195, 'learning_rate': 4.818033677349267e-05, 'epoch': 0.29}
{'loss': 0.8281, 'learning_rate': 4.88457360130364e-05, 'epoch': 0.29}
{'loss': 0.7989, 'learning_rate': 4.952471482889734e-05, 'epoch': 0.3}
{'loss': 0.794, 'learning_rate': 5.020369364475829e-05, 'epoch': 0.3}
{'loss': 0.7348, 'learning_rate': 5.088267246061923e-05, 'epoch': 0.31}
{'loss': 0.7622, 'learning_rate': 5.156165127648017e-05, 'epoch': 0.31}
{'loss': 0.7901, 'learning_rate': 5.2240630092341124e-05, 'epoch': 0.31}
{'loss': 0.7518, 'learning_rate': 5.2919608908202064e-05, 'epoch': 0.32}
{'loss': 0.754, 'learning_rate': 5.359858772406301e-05, 'epoch': 0.32}
{'loss': 0.7332, 'learning_rate': 5.427756653992395e-05, 'epoch': 0.33}
{'loss': 0.7224, 'learning_rate': 5.4956545355784905e-05, 'epoch': 0.33}
{'loss': 0.7476, 'learning_rate': 5.5635524171645845e-05, 'epoch': 0.33}
{'loss': 0.7059, 'learning_rate': 5.631450298750679e-05, 'epoch': 0.34}
{'loss': 0.706, 'learning_rate': 5.6993481803367745e-05, 'epoch': 0.34}
{'loss': 0.7489, 'learning_rate': 5.7672460619228685e-05, 'epoch': 0.35}
{'loss': 0.6781, 'learning_rate': 5.8351439435089625e-05, 'epoch': 0.35}
{'loss': 0.6919, 'learning_rate': 5.903041825095057e-05, 'epoch': 0.35}
{'loss': 0.694, 'learning_rate': 5.9709397066811526e-05, 'epoch': 0.36}
{'loss': 0.6897, 'learning_rate': 6.0388375882672466e-05, 'epoch': 0.36}
{'loss': 0.6648, 'learning_rate': 6.10673546985334e-05, 'epoch': 0.37}
{'loss': 0.6491, 'learning_rate': 6.174633351439435e-05, 'epoch': 0.37}
{'loss': 0.6759, 'learning_rate': 6.24253123302553e-05, 'epoch': 0.37}
{'loss': 0.6793, 'learning_rate': 6.310429114611625e-05, 'epoch': 0.38}
{'loss': 0.6502, 'learning_rate': 6.37832699619772e-05, 'epoch': 0.38}
{'loss': 0.6663, 'learning_rate': 6.446224877783813e-05, 'epoch': 0.39}
{'loss': 0.6775, 'learning_rate': 6.514122759369909e-05, 'epoch': 0.39}
{'loss': 0.6875, 'learning_rate': 6.582020640956002e-05, 'epoch': 0.4}
{'loss': 0.6769, 'learning_rate': 6.649918522542097e-05, 'epoch': 0.4}
{'loss': 0.6522, 'learning_rate': 6.717816404128191e-05, 'epoch': 0.4}
{'loss': 0.651, 'learning_rate': 6.785714285714286e-05, 'epoch': 0.41}
{'loss': 0.6667, 'learning_rate': 6.853612167300381e-05, 'epoch': 0.41}
{'loss': 0.6512, 'learning_rate': 6.921510048886475e-05, 'epoch': 0.42}
{'loss': 0.6636, 'learning_rate': 6.98940793047257e-05, 'epoch': 0.42}
{'loss': 0.6676, 'learning_rate': 7.057305812058665e-05, 'epoch': 0.42}
{'loss': 0.6495, 'learning_rate': 7.125203693644758e-05, 'epoch': 0.43}
{'loss': 0.6428, 'learning_rate': 7.193101575230853e-05, 'epoch': 0.43}
{'loss': 0.6516, 'learning_rate': 7.260999456816948e-05, 'epoch': 0.44}
{'loss': 0.6133, 'learning_rate': 7.328897338403042e-05, 'epoch': 0.44}
{'loss': 0.6091, 'learning_rate': 7.396795219989137e-05, 'epoch': 0.44}
{'loss': 0.637, 'learning_rate': 7.46469310157523e-05, 'epoch': 0.45}
{'loss': 0.6282, 'learning_rate': 7.532590983161326e-05, 'epoch': 0.45}
{'loss': 0.6084, 'learning_rate': 7.600488864747421e-05, 'epoch': 0.46}
{'loss': 0.6421, 'learning_rate': 7.668386746333514e-05, 'epoch': 0.46}
{'loss': 0.6565, 'learning_rate': 7.736284627919609e-05, 'epoch': 0.46}
{'loss': 0.6483, 'learning_rate': 7.804182509505704e-05, 'epoch': 0.47}
{'loss': 0.6621, 'learning_rate': 7.872080391091798e-05, 'epoch': 0.47}
{'loss': 0.6006, 'learning_rate': 7.939978272677893e-05, 'epoch': 0.48}
{'loss': 0.6376, 'learning_rate': 8.007876154263986e-05, 'epoch': 0.48}
{'loss': 0.6172, 'learning_rate': 8.075774035850082e-05, 'epoch': 0.48}
{'loss': 0.6158, 'learning_rate': 8.143671917436177e-05, 'epoch': 0.49}
{'loss': 0.6278, 'learning_rate': 8.21156979902227e-05, 'epoch': 0.49}
{'loss': 0.6256, 'learning_rate': 8.279467680608365e-05, 'epoch': 0.5}
{'loss': 0.6488, 'learning_rate': 8.34736556219446e-05, 'epoch': 0.5}
{'loss': 0.6026, 'learning_rate': 8.415263443780554e-05, 'epoch': 0.51}
{'loss': 0.5867, 'learning_rate': 8.483161325366649e-05, 'epoch': 0.51}
{'loss': 0.6194, 'learning_rate': 8.551059206952744e-05, 'epoch': 0.51}
{'loss': 0.594, 'learning_rate': 8.618957088538838e-05, 'epoch': 0.52}
{'loss': 0.609, 'learning_rate': 8.686854970124932e-05, 'epoch': 0.52}
{'loss': 0.6104, 'learning_rate': 8.754752851711026e-05, 'epoch': 0.53}
{'loss': 0.6166, 'learning_rate': 8.822650733297123e-05, 'epoch': 0.53}
{'loss': 0.5872, 'learning_rate': 8.890548614883216e-05, 'epoch': 0.53}
{'loss': 0.6192, 'learning_rate': 8.95844649646931e-05, 'epoch': 0.54}
{'loss': 0.6275, 'learning_rate': 9.026344378055405e-05, 'epoch': 0.54}
{'loss': 0.6109, 'learning_rate': 9.0942422596415e-05, 'epoch': 0.55}
{'loss': 0.594, 'learning_rate': 9.162140141227595e-05, 'epoch': 0.55}
{'loss': 0.6222, 'learning_rate': 9.230038022813688e-05, 'epoch': 0.55}
{'loss': 0.621, 'learning_rate': 9.297935904399783e-05, 'epoch': 0.56}
{'loss': 0.6092, 'learning_rate': 9.365833785985879e-05, 'epoch': 0.56}
{'loss': 0.5807, 'learning_rate': 9.433731667571972e-05, 'epoch': 0.57}
{'loss': 0.6095, 'learning_rate': 9.501629549158067e-05, 'epoch': 0.57}
{'loss': 0.6127, 'learning_rate': 9.569527430744161e-05, 'epoch': 0.57}
{'loss': 0.6002, 'learning_rate': 9.637425312330256e-05, 'epoch': 0.58}
{'loss': 0.5902, 'learning_rate': 9.705323193916351e-05, 'epoch': 0.58}
{'loss': 0.5684, 'learning_rate': 9.773221075502444e-05, 'epoch': 0.59}
{'loss': 0.5609, 'learning_rate': 9.84111895708854e-05, 'epoch': 0.59}
{'loss': 0.5919, 'learning_rate': 9.909016838674633e-05, 'epoch': 0.59}
{'loss': 0.5649, 'learning_rate': 9.976914720260728e-05, 'epoch': 0.6}
{'loss': 0.6002, 'learning_rate': 9.997142151253512e-05, 'epoch': 0.6}
{'loss': 0.5869, 'learning_rate': 9.992812077395195e-05, 'epoch': 0.61}
{'loss': 0.6019, 'learning_rate': 9.988482003536877e-05, 'epoch': 0.61}
{'loss': 0.6139, 'learning_rate': 9.984151929678561e-05, 'epoch': 0.62}
{'loss': 0.5989, 'learning_rate': 9.979821855820244e-05, 'epoch': 0.62}
{'loss': 0.5813, 'learning_rate': 9.975491781961926e-05, 'epoch': 0.62}
{'loss': 0.5599, 'learning_rate': 9.97116170810361e-05, 'epoch': 0.63}
{'loss': 0.5793, 'learning_rate': 9.966831634245293e-05, 'epoch': 0.63}
{'loss': 0.6164, 'learning_rate': 9.962501560386977e-05, 'epoch': 0.64}
{'loss': 0.5879, 'learning_rate': 9.95817148652866e-05, 'epoch': 0.64}
{'loss': 0.5658, 'learning_rate': 9.953841412670342e-05, 'epoch': 0.64}
{'loss': 0.5583, 'learning_rate': 9.949511338812026e-05, 'epoch': 0.65}
{'loss': 0.5944, 'learning_rate': 9.94518126495371e-05, 'epoch': 0.65}
{'loss': 0.589, 'learning_rate': 9.940851191095391e-05, 'epoch': 0.66}
{'loss': 0.5963, 'learning_rate': 9.936521117237075e-05, 'epoch': 0.66}
{'loss': 0.5515, 'learning_rate': 9.932191043378758e-05, 'epoch': 0.66}
{'loss': 0.5741, 'learning_rate': 9.92786096952044e-05, 'epoch': 0.67}
{'loss': 0.6029, 'learning_rate': 9.923530895662125e-05, 'epoch': 0.67}
{'loss': 0.5857, 'learning_rate': 9.919200821803809e-05, 'epoch': 0.68}
{'loss': 0.5729, 'learning_rate': 9.914870747945491e-05, 'epoch': 0.68}
{'loss': 0.5705, 'learning_rate': 9.910540674087174e-05, 'epoch': 0.68}
{'loss': 0.5751, 'learning_rate': 9.906210600228858e-05, 'epoch': 0.69}
{'loss': 0.5611, 'learning_rate': 9.90188052637054e-05, 'epoch': 0.69}
{'loss': 0.5273, 'learning_rate': 9.897550452512224e-05, 'epoch': 0.7}
{'loss': 0.5636, 'learning_rate': 9.893220378653906e-05, 'epoch': 0.7}
{'loss': 0.5748, 'learning_rate': 9.888890304795589e-05, 'epoch': 0.7}
{'loss': 0.5809, 'learning_rate': 9.88464683241444e-05, 'epoch': 0.71}
{'loss': 0.5713, 'learning_rate': 9.880316758556121e-05, 'epoch': 0.71}
{'loss': 0.5715, 'learning_rate': 9.875986684697805e-05, 'epoch': 0.72}
{'loss': 0.5784, 'learning_rate': 9.871656610839488e-05, 'epoch': 0.72}
{'loss': 0.5537, 'learning_rate': 9.867326536981172e-05, 'epoch': 0.73}
{'loss': 0.5785, 'learning_rate': 9.862996463122855e-05, 'epoch': 0.73}
{'loss': 0.5563, 'learning_rate': 9.858666389264539e-05, 'epoch': 0.73}
{'loss': 0.5554, 'learning_rate': 9.854336315406221e-05, 'epoch': 0.74}
{'loss': 0.5563, 'learning_rate': 9.850006241547904e-05, 'epoch': 0.74}
{'loss': 0.5824, 'learning_rate': 9.845676167689588e-05, 'epoch': 0.75}
{'loss': 0.5782, 'learning_rate': 9.84134609383127e-05, 'epoch': 0.75}
{'loss': 0.5826, 'learning_rate': 9.837016019972953e-05, 'epoch': 0.75}
{'loss': 0.5432, 'learning_rate': 9.832685946114637e-05, 'epoch': 0.76}
{'loss': 0.5464, 'learning_rate': 9.82835587225632e-05, 'epoch': 0.76}
{'loss': 0.5579, 'learning_rate': 9.824025798398004e-05, 'epoch': 0.77}
{'loss': 0.5536, 'learning_rate': 9.819695724539686e-05, 'epoch': 0.77}
{'loss': 0.5381, 'learning_rate': 9.81536565068137e-05, 'epoch': 0.77}
{'loss': 0.5673, 'learning_rate': 9.811035576823053e-05, 'epoch': 0.78}
{'loss': 0.5271, 'learning_rate': 9.806705502964735e-05, 'epoch': 0.78}
{'loss': 0.5355, 'learning_rate': 9.802375429106419e-05, 'epoch': 0.79}
{'loss': 0.5459, 'learning_rate': 9.798045355248102e-05, 'epoch': 0.79}
{'loss': 0.5419, 'learning_rate': 9.793715281389786e-05, 'epoch': 0.79}
{'loss': 0.5367, 'learning_rate': 9.789385207531469e-05, 'epoch': 0.8}
{'loss': 0.5437, 'learning_rate': 9.785055133673151e-05, 'epoch': 0.8}
{'loss': 0.5736, 'learning_rate': 9.780725059814835e-05, 'epoch': 0.81}
{'loss': 0.5629, 'learning_rate': 9.776394985956518e-05, 'epoch': 0.81}
{'loss': 0.5633, 'learning_rate': 9.7720649120982e-05, 'epoch': 0.81}
{'loss': 0.5398, 'learning_rate': 9.767734838239884e-05, 'epoch': 0.82}
{'loss': 0.5482, 'learning_rate': 9.763404764381567e-05, 'epoch': 0.82}
{'loss': 0.5431, 'learning_rate': 9.759074690523249e-05, 'epoch': 0.83}
{'loss': 0.518, 'learning_rate': 9.754744616664934e-05, 'epoch': 0.83}
{'loss': 0.5802, 'learning_rate': 9.750414542806618e-05, 'epoch': 0.84}
{'loss': 0.5778, 'learning_rate': 9.7460844689483e-05, 'epoch': 0.84}
{'loss': 0.5339, 'learning_rate': 9.741754395089983e-05, 'epoch': 0.84}
{'loss': 0.5304, 'learning_rate': 9.737424321231665e-05, 'epoch': 0.85}
{'loss': 0.5453, 'learning_rate': 9.733094247373349e-05, 'epoch': 0.85}
{'loss': 0.5816, 'learning_rate': 9.728764173515032e-05, 'epoch': 0.86}
{'loss': 0.5586, 'learning_rate': 9.724434099656714e-05, 'epoch': 0.86}
{'loss': 0.5671, 'learning_rate': 9.720104025798398e-05, 'epoch': 0.86}
{'loss': 0.554, 'learning_rate': 9.715773951940081e-05, 'epoch': 0.87}
{'loss': 0.5239, 'learning_rate': 9.711443878081765e-05, 'epoch': 0.87}
{'loss': 0.5538, 'learning_rate': 9.707113804223448e-05, 'epoch': 0.88}
{'loss': 0.5803, 'learning_rate': 9.702783730365132e-05, 'epoch': 0.88}
{'loss': 0.5732, 'learning_rate': 9.698453656506814e-05, 'epoch': 0.88}
{'loss': 0.5372, 'learning_rate': 9.694123582648497e-05, 'epoch': 0.89}
{'loss': 0.541, 'learning_rate': 9.68979350879018e-05, 'epoch': 0.89}
{'loss': 0.5102, 'learning_rate': 9.685463434931863e-05, 'epoch': 0.9}
{'loss': 0.55, 'learning_rate': 9.681133361073546e-05, 'epoch': 0.9}
{'loss': 0.5647, 'learning_rate': 9.676889888692395e-05, 'epoch': 0.9}
{'loss': 0.5333, 'learning_rate': 9.672559814834079e-05, 'epoch': 0.91}
{'loss': 0.5156, 'learning_rate': 9.668229740975762e-05, 'epoch': 0.91}
{'loss': 0.5644, 'learning_rate': 9.663899667117446e-05, 'epoch': 0.92}
{'loss': 0.5451, 'learning_rate': 9.659569593259129e-05, 'epoch': 0.92}
{'loss': 0.5466, 'learning_rate': 9.655239519400813e-05, 'epoch': 0.92}
{'loss': 0.4997, 'learning_rate': 9.650909445542495e-05, 'epoch': 0.93}
{'loss': 0.5577, 'learning_rate': 9.646579371684178e-05, 'epoch': 0.93}
{'loss': 0.5537, 'learning_rate': 9.642249297825862e-05, 'epoch': 0.94}
{'loss': 0.5602, 'learning_rate': 9.637919223967544e-05, 'epoch': 0.94}
{'loss': 0.5261, 'learning_rate': 9.633589150109227e-05, 'epoch': 0.95}
{'loss': 0.5473, 'learning_rate': 9.629259076250911e-05, 'epoch': 0.95}
{'loss': 0.506, 'learning_rate': 9.624929002392594e-05, 'epoch': 0.95}
{'loss': 0.5338, 'learning_rate': 9.620598928534278e-05, 'epoch': 0.96}
{'loss': 0.5227, 'learning_rate': 9.61626885467596e-05, 'epoch': 0.96}
{'loss': 0.5236, 'learning_rate': 9.611938780817643e-05, 'epoch': 0.97}
{'loss': 0.5217, 'learning_rate': 9.607608706959327e-05, 'epoch': 0.97}
{'loss': 0.5602, 'learning_rate': 9.603278633101009e-05, 'epoch': 0.97}
{'loss': 0.5395, 'learning_rate': 9.598948559242692e-05, 'epoch': 0.98}
{'loss': 0.5375, 'learning_rate': 9.594618485384376e-05, 'epoch': 0.98}
{'loss': 0.5219, 'learning_rate': 9.59028841152606e-05, 'epoch': 0.99}
{'loss': 0.53, 'learning_rate': 9.585958337667743e-05, 'epoch': 0.99}
{'loss': 0.5569, 'learning_rate': 9.581628263809426e-05, 'epoch': 0.99}
{'loss': 0.4864, 'learning_rate': 9.577298189951108e-05, 'epoch': 1.0}
[INFO|trainer.py:520] 2026-10-04 16:29:48,491 >> The following columns in the evaluation set  don't have a corresponding argument in `PETLEncModel.forward` and have been ignored: idx, premise, hypothesis.
[INFO|trainer.py:2179] 2026-10-04 16:29:48,493 >> ***** Running Evaluation *****
[INFO|trainer.py:2181] 2026-10-04 16:29:48,493 >>   Num examples = 9815
[INFO|trainer.py:2184] 2026-10-04 16:29:48,493 >>   Batch size = 32
{'eval_loss': 0.4689846634864807, 'eval_accuracy': 0.8176260825267447, 'eval_runtime': 9.194, 'eval_samples_per_second': 1067.546, 'eval_steps_per_second': 33.391, 'epoch': 1.0}
[INFO|trainer.py:1933] 2026-10-04 16:29:57,688 >> Saving model checkpoint to checkpoints/glue/mnli/20261004/glue.mnli.prefix.am_prefix.ao_concat.fm_none.fo_parallel.abn.fbn.ac_add.fl_none.finit_lora.fs_4.unfrz_ef_.ne10.warm0.06.wd0.1.seed8./checkpoint-12272
[INFO|configuration_utils.py:364] 2026-10-04 16:29:57,689 >> Configuration saved in checkpoints/glue/mnli/20261004/glue.mnli.prefix.am_prefix.ao_concat.fm_none.fo_parallel.abn.fbn.ac_add.fl_none.finit_lora.fs_4.unfrz_ef_.ne10.warm0.06.wd0.1.seed8./checkpoint-12272/config.json
[INFO|modeling_utils.py:898] 2026-10-04 16:29:58,107 >> Model weights saved in checkpoints/glue/mnli/20261004/glue.mnli.prefix.am_prefix.ao_concat.fm_none.fo_parallel.abn.fbn.ac_add.fl_none.finit_lora.fs_4.unfrz_ef_.ne10.warm0.06.wd0.1.seed8./checkpoint-12272/pytorch_model.bin
[INFO|tokenization_utils_base.py:1948] 2026-10-04 16:29:58,108 >> tokenizer config file saved in checkpoints/glue/mnli/20261004/glue.mnli.prefix.am_prefix.ao_concat.fm_none.fo_parallel.abn.fbn.ac_add.fl_none.finit_lora.fs_4.unfrz_ef_.ne10.warm0.06.wd0.1.seed8./checkpoint-12272/tokenizer_config.json
[INFO|tokenization_utils_base.py:1954] 2026-10-04 16:29:58,109 >> Special tokens file saved in checkpoints/glue/mnli/20261004/glue.mnli.prefix.am_prefix.ao_concat.fm_none.fo_parallel.abn.fbn.ac_add.fl_none.finit_lora.fs_4.unfrz_ef_.ne10.warm0.06.wd0.1.seed8./checkpoint-12272/special_tokens_map.json
/work/unify-parameter-efficient-tuning/src/transformers/trainer.py:1784: FutureWarning: `torch.cuda.amp.autocast(args...)` is deprecated. Please use `torch.amp.autocast('cuda', args...)` instead.
  with autocast():
{'loss': 0.5167, 'learning_rate': 9.572968116092792e-05, 'epoch': 1.0}
{'loss': 0.5007, 'learning_rate': 9.568638042234474e-05, 'epoch': 1.01}
{'loss': 0.5065, 'learning_rate': 9.564307968376158e-05, 'epoch': 1.01}
{'loss': 0.5037, 'learning_rate': 9.559977894517841e-05, 'epoch': 1.01}
{'loss': 0.5208, 'learning_rate': 9.555647820659523e-05, 'epoch': 1.02}
{'loss': 0.5319, 'learning_rate': 9.551317746801207e-05, 'epoch': 1.02}
{'loss': 0.556, 'learning_rate': 9.546987672942891e-05, 'epoch': 1.03}
{'loss': 0.486, 'learning_rate': 9.542657599084574e-05, 'epoch': 1.03}
{'loss': 0.5204, 'learning_rate': 9.538327525226257e-05, 'epoch': 1.03}
{'loss': 0.4961, 'learning_rate': 9.533997451367939e-05, 'epoch': 1.04}
{'loss': 0.5453, 'learning_rate': 9.529667377509623e-05, 'epoch': 1.04}
{'loss': 0.5607, 'learning_rate': 9.525337303651306e-05, 'epoch': 1.05}
{'loss': 0.5824, 'learning_rate': 9.521007229792988e-05, 'epoch': 1.05}
{'loss': 0.5272, 'learning_rate': 9.516677155934672e-05, 'epoch': 1.06}
{'loss': 0.5471, 'learning_rate': 9.512347082076355e-05, 'epoch': 1.06}
{'loss': 0.5408, 'learning_rate': 9.508017008218039e-05, 'epoch': 1.06}
{'loss': 0.54, 'learning_rate': 9.503686934359722e-05, 'epoch': 1.07}
{'loss': 0.5218, 'learning_rate': 9.499356860501406e-05, 'epoch': 1.07}
{'loss': 0.492, 'learning_rate': 9.495026786643088e-05, 'epoch': 1.08}
{'loss': 0.495, 'learning_rate': 9.490783314261938e-05, 'epoch': 1.08}
{'loss': 0.5561, 'learning_rate': 9.486453240403621e-05, 'epoch': 1.08}
{'loss': 0.54, 'learning_rate': 9.482123166545303e-05, 'epoch': 1.09}
{'loss': 0.52, 'learning_rate': 9.477793092686987e-05, 'epoch': 1.09}
{'loss': 0.5077, 'learning_rate': 9.473463018828669e-05, 'epoch': 1.1}
{'loss': 0.5217, 'learning_rate': 9.469132944970353e-05, 'epoch': 1.1}
{'loss': 0.5038, 'learning_rate': 9.464802871112036e-05, 'epoch': 1.1}
{'loss': 0.5101, 'learning_rate': 9.46047279725372e-05, 'epoch': 1.11}
{'loss': 0.5491, 'learning_rate': 9.456142723395403e-05, 'epoch': 1.11}
{'loss': 0.5336, 'learning_rate': 9.451812649537086e-05, 'epoch': 1.12}
{'loss': 0.4956, 'learning_rate': 9.447482575678769e-05, 'epoch': 1.12}
{'loss': 0.5089, 'learning_rate': 9.443152501820452e-05, 'epoch': 1.12}
{'loss': 0.4974, 'learning_rate': 9.438822427962136e-05, 'epoch': 1.13}
{'loss': 0.5382, 'learning_rate': 9.434492354103818e-05, 'epoch': 1.13}
{'loss': 0.5144, 'learning_rate': 9.430162280245501e-05, 'epoch': 1.14}
{'loss': 0.5418, 'learning_rate': 9.425832206387185e-05, 'epoch': 1.14}
{'loss': 0.5082, 'learning_rate': 9.421502132528868e-05, 'epoch': 1.14}
{'loss': 0.5463, 'learning_rate': 9.417172058670552e-05, 'epoch': 1.15}
{'loss': 0.5096, 'learning_rate': 9.412841984812234e-05, 'epoch': 1.15}
{'loss': 0.5608, 'learning_rate': 9.408511910953917e-05, 'epoch': 1.16}
{'loss': 0.5574, 'learning_rate': 9.4041818370956e-05, 'epoch': 1.16}
{'loss': 0.5148, 'learning_rate': 9.399851763237283e-05, 'epoch': 1.17}
{'loss': 0.5285, 'learning_rate': 9.395521689378966e-05, 'epoch': 1.17}
{'loss': 0.5675, 'learning_rate': 9.39119161552065e-05, 'epoch': 1.17}
{'loss': 0.5206, 'learning_rate': 9.386861541662332e-05, 'epoch': 1.18}
{'loss': 0.5168, 'learning_rate': 9.382531467804015e-05, 'epoch': 1.18}
{'loss': 0.5002, 'learning_rate': 9.3782013939457e-05, 'epoch': 1.19}
{'loss': 0.4834, 'learning_rate': 9.373871320087382e-05, 'epoch': 1.19}
{'loss': 0.5301, 'learning_rate': 9.369541246229066e-05, 'epoch': 1.19}
{'loss': 0.5598, 'learning_rate': 9.365211172370748e-05, 'epoch': 1.2}
{'loss': 0.5208, 'learning_rate': 9.360881098512431e-05, 'epoch': 1.2}
{'loss': 0.5227, 'learning_rate': 9.356551024654115e-05, 'epoch': 1.21}
{'loss': 0.4536, 'learning_rate': 9.352220950795797e-05, 'epoch': 1.21}
{'loss': 0.489, 'learning_rate': 9.34789087693748e-05, 'epoch': 1.21}
{'loss': 0.5419, 'learning_rate': 9.343560803079164e-05, 'epoch': 1.22}
{'loss': 0.5217, 'learning_rate': 9.339230729220847e-05, 'epoch': 1.22}
{'loss': 0.4637, 'learning_rate': 9.334900655362531e-05, 'epoch': 1.23}
{'loss': 0.5303, 'learning_rate': 9.330570581504214e-05, 'epoch': 1.23}
{'loss': 0.5368, 'learning_rate': 9.326240507645896e-05, 'epoch': 1.23}
{'loss': 0.5392, 'learning_rate': 9.32191043378758e-05, 'epoch': 1.24}
{'loss': 0.4929, 'learning_rate': 9.317580359929263e-05, 'epoch': 1.24}
{'loss': 0.4854, 'learning_rate': 9.313250286070945e-05, 'epoch': 1.25}
{'loss': 0.5035, 'learning_rate': 9.308920212212629e-05, 'epoch': 1.25}
{'loss': 0.53, 'learning_rate': 9.304590138354312e-05, 'epoch': 1.25}
{'loss': 0.5193, 'learning_rate': 9.300260064495996e-05, 'epoch': 1.26}
{'loss': 0.4742, 'learning_rate': 9.29592999063768e-05, 'epoch': 1.26}
{'loss': 0.4962, 'learning_rate': 9.291599916779362e-05, 'epoch': 1.27}
{'loss': 0.5183, 'learning_rate': 9.287269842921045e-05, 'epoch': 1.27}
{'loss': 0.5143, 'learning_rate': 9.282939769062728e-05, 'epoch': 1.28}
{'loss': 0.5217, 'learning_rate': 9.27860969520441e-05, 'epoch': 1.28}
{'loss': 0.5127, 'learning_rate': 9.274279621346094e-05, 'epoch': 1.28}
{'loss': 0.5185, 'learning_rate': 9.269949547487776e-05, 'epoch': 1.29}
{'loss': 0.497, 'learning_rate': 9.265619473629461e-05, 'epoch': 1.29}
{'loss': 0.5111, 'learning_rate': 9.261289399771144e-05, 'epoch': 1.3}
{'loss': 0.4976, 'learning_rate': 9.257045927389993e-05, 'epoch': 1.3}
{'loss': 0.5129, 'learning_rate': 9.252715853531677e-05, 'epoch': 1.3}
{'loss': 0.5104, 'learning_rate': 9.24838577967336e-05, 'epoch': 1.31}
{'loss': 0.5349, 'learning_rate': 9.244055705815042e-05, 'epoch': 1.31}
{'loss': 0.4882, 'learning_rate': 9.239725631956726e-05, 'epoch': 1.32}
{'loss': 0.5007, 'learning_rate': 9.23539555809841e-05, 'epoch': 1.32}
{'loss': 0.5057, 'learning_rate': 9.231065484240091e-05, 'epoch': 1.32}
{'loss': 0.52, 'learning_rate': 9.226735410381775e-05, 'epoch': 1.33}
{'loss': 0.5131, 'learning_rate': 9.222405336523458e-05, 'epoch': 1.33}
{'loss': 0.4972, 'learning_rate': 9.21807526266514e-05, 'epoch': 1.34}
{'loss': 0.5098, 'learning_rate': 9.213745188806824e-05, 'epoch': 1.34}
{'loss': 0.5266, 'learning_rate': 9.209415114948508e-05, 'epoch': 1.34}
{'loss': 0.509, 'learning_rate': 9.205085041090191e-05, 'epoch': 1.35}
{'loss': 0.4624, 'learning_rate': 9.200754967231874e-05, 'epoch': 1.35}
{'loss': 0.4907, 'learning_rate': 9.196424893373557e-05, 'epoch': 1.36}
{'loss': 0.51, 'learning_rate': 9.19209481951524e-05, 'epoch': 1.36}
{'loss': 0.4967, 'learning_rate': 9.187764745656924e-05, 'epoch': 1.36}
{'loss': 0.5161, 'learning_rate': 9.183434671798606e-05, 'epoch': 1.37}
{'loss': 0.5173, 'learning_rate': 9.179104597940289e-05, 'epoch': 1.37}
{'loss': 0.5057, 'learning_rate': 9.174774524081973e-05, 'epoch': 1.38}
{'loss': 0.4818, 'learning_rate': 9.170444450223656e-05, 'epoch': 1.38}
{'loss': 0.4772, 'learning_rate': 9.16611437636534e-05, 'epoch': 1.39}
{'loss': 0.4895, 'learning_rate': 9.161784302507023e-05, 'epoch': 1.39}
{'loss': 0.4937, 'learning_rate': 9.157454228648705e-05, 'epoch': 1.39}
{'loss': 0.4976, 'learning_rate': 9.153124154790389e-05, 'epoch': 1.4}
{'loss': 0.524, 'learning_rate': 9.148794080932072e-05, 'epoch': 1.4}
{'loss': 0.5122, 'learning_rate': 9.144464007073754e-05, 'epoch': 1.41}
{'loss': 0.5012, 'learning_rate': 9.140133933215438e-05, 'epoch': 1.41}
{'loss': 0.4951, 'learning_rate': 9.135803859357121e-05, 'epoch': 1.41}
{'loss': 0.5161, 'learning_rate': 9.131473785498805e-05, 'epoch': 1.42}
{'loss': 0.4796, 'learning_rate': 9.127143711640488e-05, 'epoch': 1.42}
{'loss': 0.4997, 'learning_rate': 9.12281363778217e-05, 'epoch': 1.43}
{'loss': 0.5041, 'learning_rate': 9.118483563923854e-05, 'epoch': 1.43}
{'loss': 0.4809, 'learning_rate': 9.114153490065537e-05, 'epoch': 1.43}
{'loss': 0.5433, 'learning_rate': 9.109823416207219e-05, 'epoch': 1.44}
{'loss': 0.5172, 'learning_rate': 9.105493342348903e-05, 'epoch': 1.44}
{'loss': 0.4957, 'learning_rate': 9.101163268490585e-05, 'epoch': 1.45}
{'loss': 0.49, 'learning_rate': 9.09683319463227e-05, 'epoch': 1.45}
{'loss': 0.5151, 'learning_rate': 9.092503120773953e-05, 'epoch': 1.45}
{'loss': 0.4704, 'learning_rate': 9.088173046915635e-05, 'epoch': 1.46}
{'loss': 0.4705, 'learning_rate': 9.083842973057319e-05, 'epoch': 1.46}
{'loss': 0.4875, 'learning_rate': 9.079512899199002e-05, 'epoch': 1.47}
{'loss': 0.498, 'learning_rate': 9.075182825340684e-05, 'epoch': 1.47}
{'loss': 0.4838, 'learning_rate': 9.070852751482368e-05, 'epoch': 1.47}
{'loss': 0.5134, 'learning_rate': 9.066522677624051e-05, 'epoch': 1.48}
{'loss': 0.5304, 'learning_rate': 9.062192603765733e-05, 'epoch': 1.48}
{'loss': 0.522, 'learning_rate': 9.057862529907418e-05, 'epoch': 1.49}
{'loss': 0.4903, 'learning_rate': 9.053532456049102e-05, 'epoch': 1.49}
{'loss': 0.5346, 'learning_rate': 9.049202382190784e-05, 'epoch': 1.5}
{'loss': 0.5057, 'learning_rate': 9.044872308332467e-05, 'epoch': 1.5}
{'loss': 0.4701, 'learning_rate': 9.04054223447415e-05, 'epoch': 1.5}
{'loss': 0.5218, 'learning_rate': 9.036212160615833e-05, 'epoch': 1.51}
{'loss': 0.5152, 'learning_rate': 9.031968688234683e-05, 'epoch': 1.51}
{'loss': 0.5075, 'learning_rate': 9.027638614376365e-05, 'epoch': 1.52}
{'loss': 0.5317, 'learning_rate': 9.023308540518049e-05, 'epoch': 1.52}
{'loss': 0.485, 'learning_rate': 9.018978466659732e-05, 'epoch': 1.52}
{'loss': 0.4628, 'learning_rate': 9.014648392801414e-05, 'epoch': 1.53}
{'loss': 0.5051, 'learning_rate': 9.010318318943098e-05, 'epoch': 1.53}
{'loss': 0.4901, 'learning_rate': 9.005988245084781e-05, 'epoch': 1.54}
{'loss': 0.5332, 'learning_rate': 9.001658171226465e-05, 'epoch': 1.54}
{'loss': 0.5076, 'learning_rate': 8.997328097368148e-05, 'epoch': 1.54}
{'loss': 0.5084, 'learning_rate': 8.992998023509832e-05, 'epoch': 1.55}
{'loss': 0.4822, 'learning_rate': 8.988667949651514e-05, 'epoch': 1.55}
{'loss': 0.4743, 'learning_rate': 8.984337875793197e-05, 'epoch': 1.56}
{'loss': 0.4662, 'learning_rate': 8.98000780193488e-05, 'epoch': 1.56}
{'loss': 0.4878, 'learning_rate': 8.975677728076563e-05, 'epoch': 1.56}
{'loss': 0.4879, 'learning_rate': 8.971347654218246e-05, 'epoch': 1.57}
{'loss': 0.5082, 'learning_rate': 8.96701758035993e-05, 'epoch': 1.57}
{'loss': 0.5098, 'learning_rate': 8.962687506501613e-05, 'epoch': 1.58}
{'loss': 0.4741, 'learning_rate': 8.958357432643297e-05, 'epoch': 1.58}
{'loss': 0.5138, 'learning_rate': 8.954027358784979e-05, 'epoch': 1.58}
{'loss': 0.4971, 'learning_rate': 8.949697284926662e-05, 'epoch': 1.59}
{'loss': 0.461, 'learning_rate': 8.945367211068345e-05, 'epoch': 1.59}
{'loss': 0.5157, 'learning_rate': 8.941037137210028e-05, 'epoch': 1.6}
{'loss': 0.4717, 'learning_rate': 8.936707063351712e-05, 'epoch': 1.6}
{'loss': 0.4906, 'learning_rate': 8.932376989493395e-05, 'epoch': 1.61}
{'loss': 0.4766, 'learning_rate': 8.928046915635078e-05, 'epoch': 1.61}
{'loss': 0.5092, 'learning_rate': 8.923716841776762e-05, 'epoch': 1.61}
{'loss': 0.4864, 'learning_rate': 8.919386767918444e-05, 'epoch': 1.62}
{'loss': 0.5165, 'learning_rate': 8.915056694060128e-05, 'epoch': 1.62}
{'loss': 0.4639, 'learning_rate': 8.910726620201811e-05, 'epoch': 1.63}
{'loss': 0.4688, 'learning_rate': 8.906396546343493e-05, 'epoch': 1.63}
{'loss': 0.4996, 'learning_rate': 8.902066472485177e-05, 'epoch': 1.63}
{'loss': 0.4684, 'learning_rate': 8.89773639862686e-05, 'epoch': 1.64}
{'loss': 0.5329, 'learning_rate': 8.893406324768542e-05, 'epoch': 1.64}
{'loss': 0.4908, 'learning_rate': 8.889076250910227e-05, 'epoch': 1.65}
{'loss': 0.4837, 'learning_rate': 8.88474617705191e-05, 'epoch': 1.65}
{'loss': 0.5061, 'learning_rate': 8.880416103193593e-05, 'epoch': 1.65}
{'loss': 0.5293, 'learning_rate': 8.876086029335276e-05, 'epoch': 1.66}
{'loss': 0.5048, 'learning_rate': 8.871755955476958e-05, 'epoch': 1.66}
{'loss': 0.4958, 'learning_rate': 8.867425881618642e-05, 'epoch': 1.67}
{'loss': 0.4867, 'learning_rate': 8.863095807760325e-05, 'epoch': 1.67}
{'loss': 0.508, 'learning_rate': 8.858765733902007e-05, 'epoch': 1.67}
{'loss': 0.4851, 'learning_rate': 8.854435660043691e-05, 'epoch': 1.68}
{'loss': 0.4696, 'learning_rate': 8.850105586185374e-05, 'epoch': 1.68}
{'loss': 0.4907, 'learning_rate': 8.845775512327058e-05, 'epoch': 1.69}
{'loss': 0.4967, 'learning_rate': 8.841445438468741e-05, 'epoch': 1.69}
{'loss': 0.5381, 'learning_rate': 8.837115364610423e-05, 'epoch': 1.69}
{'loss': 0.5018, 'learning_rate': 8.832785290752107e-05, 'epoch': 1.7}
{'loss': 0.4822, 'learning_rate': 8.82845521689379e-05, 'epoch': 1.7}
{'loss': 0.52, 'learning_rate': 8.824125143035472e-05, 'epoch': 1.71}
{'loss': 0.5191, 'learning_rate': 8.819795069177156e-05, 'epoch': 1.71}
{'loss': 0.4723, 'learning_rate': 8.81546499531884e-05, 'epoch': 1.72}
{'loss': 0.5017, 'learning_rate': 8.811134921460523e-05, 'epoch': 1.72}
{'loss': 0.505, 'learning_rate': 8.806804847602206e-05, 'epoch': 1.72}
{'loss': 0.496, 'learning_rate': 8.80247477374389e-05, 'epoch': 1.73}
{'loss': 0.5097, 'learning_rate': 8.798231301362739e-05, 'epoch': 1.73}
{'loss': 0.4941, 'learning_rate': 8.793901227504422e-05, 'epoch': 1.74}
{'loss': 0.4831, 'learning_rate': 8.789571153646104e-05, 'epoch': 1.74}
{'loss': 0.4766, 'learning_rate': 8.785241079787788e-05, 'epoch': 1.74}
{'loss': 0.4858, 'learning_rate': 8.780911005929471e-05, 'epoch': 1.75}
{'loss': 0.4366, 'learning_rate': 8.776580932071153e-05, 'epoch': 1.75}
{'loss': 0.5131, 'learning_rate': 8.772250858212837e-05, 'epoch': 1.76}
{'loss': 0.4908, 'learning_rate': 8.76792078435452e-05, 'epoch': 1.76}
{'loss': 0.4676, 'learning_rate': 8.763590710496204e-05, 'epoch': 1.76}
{'loss': 0.4847, 'learning_rate': 8.759260636637887e-05, 'epoch': 1.77}
{'loss': 0.5008, 'learning_rate': 8.754930562779571e-05, 'epoch': 1.77}
{'loss': 0.4925, 'learning_rate': 8.750600488921253e-05, 'epoch': 1.78}
{'loss': 0.4785, 'learning_rate': 8.746270415062936e-05, 'epoch': 1.78}
{'loss': 0.5317, 'learning_rate': 8.74194034120462e-05, 'epoch': 1.78}
{'loss': 0.4903, 'learning_rate': 8.737610267346302e-05, 'epoch': 1.79}
{'loss': 0.4762, 'learning_rate': 8.733280193487985e-05, 'epoch': 1.79}
{'loss': 0.476, 'learning_rate': 8.728950119629669e-05, 'epoch': 1.8}
{'loss': 0.4869, 'learning_rate': 8.724620045771351e-05, 'epoch': 1.8}
{'loss': 0.503, 'learning_rate': 8.720289971913036e-05, 'epoch': 1.8}
{'loss': 0.5045, 'learning_rate': 8.715959898054719e-05, 'epoch': 1.81}
{'loss': 0.5007, 'learning_rate': 8.711629824196401e-05, 'epoch': 1.81}
{'loss': 0.5001, 'learning_rate': 8.707299750338085e-05, 'epoch': 1.82}
{'loss': 0.5177, 'learning_rate': 8.702969676479767e-05, 'epoch': 1.82}
{'loss': 0.4655, 'learning_rate': 8.69863960262145e-05, 'epoch': 1.83}
{'loss': 0.482, 'learning_rate': 8.694309528763133e-05, 'epoch': 1.83}
{'loss': 0.497, 'learning_rate': 8.689979454904816e-05, 'epoch': 1.83}
{'loss': 0.5068, 'learning_rate': 8.6856493810465e-05, 'epoch': 1.84}
{'loss': 0.484, 'learning_rate': 8.681319307188183e-05, 'epoch': 1.84}
{'loss': 0.5225, 'learning_rate': 8.676989233329866e-05, 'epoch': 1.85}
{'loss': 0.4963, 'learning_rate': 8.67265915947155e-05, 'epoch': 1.85}
{'loss': 0.4828, 'learning_rate': 8.668329085613232e-05, 'epoch': 1.85}
{'loss': 0.4896, 'learning_rate': 8.663999011754916e-05, 'epoch': 1.86}
{'loss': 0.4781, 'learning_rate': 8.659668937896599e-05, 'epoch': 1.86}
{'loss': 0.4959, 'learning_rate': 8.655338864038281e-05, 'epoch': 1.87}
{'loss': 0.4738, 'learning_rate': 8.651008790179965e-05, 'epoch': 1.87}
{'loss': 0.5011, 'learning_rate': 8.646678716321648e-05, 'epoch': 1.87}
{'loss': 0.504, 'learning_rate': 8.642348642463332e-05, 'epoch': 1.88}
{'loss': 0.4956, 'learning_rate': 8.638018568605015e-05, 'epoch': 1.88}
{'loss': 0.4621, 'learning_rate': 8.633688494746699e-05, 'epoch': 1.89}
{'loss': 0.5088, 'learning_rate': 8.62935842088838e-05, 'epoch': 1.89}
{'loss': 0.48, 'learning_rate': 8.625028347030064e-05, 'epoch': 1.89}
{'loss': 0.4789, 'learning_rate': 8.620784874648913e-05, 'epoch': 1.9}
{'loss': 0.5121, 'learning_rate': 8.616454800790596e-05, 'epoch': 1.9}
{'loss': 0.477, 'learning_rate': 8.61212472693228e-05, 'epoch': 1.91}
{'loss': 0.4939, 'learning_rate': 8.607794653073962e-05, 'epoch': 1.91}
{'loss': 0.5182, 'learning_rate': 8.603464579215646e-05, 'epoch': 1.91}
{'loss': 0.4803, 'learning_rate': 8.599134505357329e-05, 'epoch': 1.92}
{'loss': 0.4822, 'learning_rate': 8.594804431499012e-05, 'epoch': 1.92}
{'loss': 0.4585, 'learning_rate': 8.590474357640696e-05, 'epoch': 1.93}
{'loss': 0.4979, 'learning_rate': 8.58614428378238e-05, 'epoch': 1.93}
{'loss': 0.4804, 'learning_rate': 8.581814209924062e-05, 'epoch': 1.94}
{'loss': 0.4878, 'learning_rate': 8.577484136065745e-05, 'epoch': 1.94}
{'loss': 0.449, 'learning_rate': 8.573154062207428e-05, 'epoch': 1.94}
{'loss': 0.4857, 'learning_rate': 8.56882398834911e-05, 'epoch': 1.95}
{'loss': 0.5103, 'learning_rate': 8.564493914490794e-05, 'epoch': 1.95}
{'loss': 0.4875, 'learning_rate': 8.560163840632478e-05, 'epoch': 1.96}
{'loss': 0.4955, 'learning_rate': 8.55583376677416e-05, 'epoch': 1.96}
{'loss': 0.4776, 'learning_rate': 8.551503692915845e-05, 'epoch': 1.96}
{'loss': 0.4542, 'learning_rate': 8.547173619057527e-05, 'epoch': 1.97}
{'loss': 0.5041, 'learning_rate': 8.54284354519921e-05, 'epoch': 1.97}
{'loss': 0.4859, 'learning_rate': 8.538513471340894e-05, 'epoch': 1.98}
{'loss': 0.4484, 'learning_rate': 8.534183397482576e-05, 'epoch': 1.98}
{'loss': 0.5163, 'learning_rate': 8.529853323624259e-05, 'epoch': 1.98}
{'loss': 0.4906, 'learning_rate': 8.525523249765941e-05, 'epoch': 1.99}
{'loss': 0.4581, 'learning_rate': 8.521193175907625e-05, 'epoch': 1.99}
{'loss': 0.521, 'learning_rate': 8.516863102049308e-05, 'epoch': 2.0}
[INFO|trainer.py:520] 2026-10-04 16:35:03,610 >> The following columns in the evaluation set  don't have a corresponding argument in `PETLEncModel.forward` and have been ignored: idx, premise, hypothesis.
[INFO|trainer.py:2179] 2026-10-04 16:35:03,613 >> ***** Running Evaluation *****
[INFO|trainer.py:2181] 2026-10-04 16:35:03,613 >>   Num examples = 9815
[INFO|trainer.py:2184] 2026-10-04 16:35:03,613 >>   Batch size = 32
{'eval_loss': 0.45011258125305176, 'eval_accuracy': 0.829648497198166, 'eval_runtime': 8.9469, 'eval_samples_per_second': 1097.033, 'eval_steps_per_second': 34.314, 'epoch': 2.0}
[INFO|trainer.py:1933] 2026-10-04 16:35:12,560 >> Saving model checkpoint to checkpoints/glue/mnli/20261004/glue.mnli.prefix.am_prefix.ao_concat.fm_none.fo_parallel.abn.fbn.ac_add.fl_none.finit_lora.fs_4.unfrz_ef_.ne10.warm0.06.wd0.1.seed8./checkpoint-24544
[INFO|configuration_utils.py:364] 2026-10-04 16:35:12,562 >> Configuration saved in checkpoints/glue/mnli/20261004/glue.mnli.prefix.am_prefix.ao_concat.fm_none.fo_parallel.abn.fbn.ac_add.fl_none.finit_lora.fs_4.unfrz_ef_.ne10.warm0.06.wd0.1.seed8./checkpoint-24544/config.json
[INFO|modeling_utils.py:898] 2026-10-04 16:35:12,970 >> Model weights saved in checkpoints/glue/mnli/20261004/glue.mnli.prefix.am_prefix.ao_concat.fm_none.fo_parallel.abn.fbn.ac_add.fl_none.finit_lora.fs_4.unfrz_ef_.ne10.warm0.06.wd0.1.seed8./checkpoint-24544/pytorch_model.bin
[INFO|tokenization_utils_base.py:1948] 2026-10-04 16:35:12,971 >> tokenizer config file saved in checkpoints/glue/mnli/20261004/glue.mnli.prefix.am_prefix.ao_concat.fm_none.fo_parallel.abn.fbn.ac_add.fl_none.finit_lora.fs_4.unfrz_ef_.ne10.warm0.06.wd0.1.seed8./checkpoint-24544/tokenizer_config.json
[INFO|tokenization_utils_base.py:1954] 2026-10-04 16:35:12,972 >> Special tokens file saved in checkpoints/glue/mnli/20261004/glue.mnli.prefix.am_prefix.ao_concat.fm_none.fo_parallel.abn.fbn.ac_add.fl_none.finit_lora.fs_4.unfrz_ef_.ne10.warm0.06.wd0.1.seed8./checkpoint-24544/special_tokens_map.json
/work/unify-parameter-efficient-tuning/src/transformers/trainer.py:1784: FutureWarning: `torch.cuda.amp.autocast(args...)` is deprecated. Please use `torch.amp.autocast('cuda', args...)` instead.
  with autocast():
{'loss': 0.4829, 'learning_rate': 8.512533028190992e-05, 'epoch': 2.0}
{'loss': 0.4902, 'learning_rate': 8.508202954332675e-05, 'epoch': 2.0}
{'loss': 0.4476, 'learning_rate': 8.503872880474359e-05, 'epoch': 2.01}
{'loss': 0.463, 'learning_rate': 8.499542806616041e-05, 'epoch': 2.01}
{'loss': 0.5096, 'learning_rate': 8.495212732757724e-05, 'epoch': 2.02}
{'loss': 0.4783, 'learning_rate': 8.490882658899408e-05, 'epoch': 2.02}
{'loss': 0.4759, 'learning_rate': 8.48655258504109e-05, 'epoch': 2.02}
{'loss': 0.468, 'learning_rate': 8.482222511182773e-05, 'epoch': 2.03}
{'loss': 0.4551, 'learning_rate': 8.477892437324457e-05, 'epoch': 2.03}
{'loss': 0.4918, 'learning_rate': 8.47356236346614e-05, 'epoch': 2.04}
{'loss': 0.4979, 'learning_rate': 8.469232289607824e-05, 'epoch': 2.04}
{'loss': 0.4873, 'learning_rate': 8.464902215749507e-05, 'epoch': 2.05}
{'loss': 0.4404, 'learning_rate': 8.46057214189119e-05, 'epoch': 2.05}
{'loss': 0.48, 'learning_rate': 8.456242068032873e-05, 'epoch': 2.05}
{'loss': 0.4622, 'learning_rate': 8.451911994174556e-05, 'epoch': 2.06}
{'loss': 0.4982, 'learning_rate': 8.447581920316238e-05, 'epoch': 2.06}
{'loss': 0.4676, 'learning_rate': 8.443251846457922e-05, 'epoch': 2.07}
{'loss': 0.4824, 'learning_rate': 8.438921772599605e-05, 'epoch': 2.07}
{'loss': 0.5136, 'learning_rate': 8.434591698741289e-05, 'epoch': 2.07}
{'loss': 0.4613, 'learning_rate': 8.430261624882971e-05, 'epoch': 2.08}
{'loss': 0.4953, 'learning_rate': 8.425931551024654e-05, 'epoch': 2.08}
{'loss': 0.4546, 'learning_rate': 8.421601477166338e-05, 'epoch': 2.09}
{'loss': 0.4837, 'learning_rate': 8.41727140330802e-05, 'epoch': 2.09}
{'loss': 0.4756, 'learning_rate': 8.412941329449704e-05, 'epoch': 2.09}
{'loss': 0.4611, 'learning_rate': 8.408611255591387e-05, 'epoch': 2.1}
{'loss': 0.4896, 'learning_rate': 8.404281181733069e-05, 'epoch': 2.1}
{'loss': 0.4641, 'learning_rate': 8.399951107874754e-05, 'epoch': 2.11}
{'loss': 0.4574, 'learning_rate': 8.395621034016437e-05, 'epoch': 2.11}
{'loss': 0.4724, 'learning_rate': 8.39129096015812e-05, 'epoch': 2.11}
{'loss': 0.492, 'learning_rate': 8.386960886299803e-05, 'epoch': 2.12}
{'loss': 0.4666, 'learning_rate': 8.382630812441487e-05, 'epoch': 2.12}
{'loss': 0.4549, 'learning_rate': 8.378300738583169e-05, 'epoch': 2.13}
{'loss': 0.4983, 'learning_rate': 8.373970664724852e-05, 'epoch': 2.13}
{'loss': 0.4607, 'learning_rate': 8.369727192343701e-05, 'epoch': 2.13}
{'loss': 0.4798, 'learning_rate': 8.365397118485384e-05, 'epoch': 2.14}
{'loss': 0.4749, 'learning_rate': 8.361067044627068e-05, 'epoch': 2.14}
{'loss': 0.4612, 'learning_rate': 8.35673697076875e-05, 'epoch': 2.15}
{'loss': 0.486, 'learning_rate': 8.352406896910434e-05, 'epoch': 2.15}
{'loss': 0.4459, 'learning_rate': 8.348076823052117e-05, 'epoch': 2.16}
{'loss': 0.4747, 'learning_rate': 8.3437467491938e-05, 'epoch': 2.16}
{'loss': 0.5001, 'learning_rate': 8.339416675335484e-05, 'epoch': 2.16}
{'loss': 0.4801, 'learning_rate': 8.335086601477167e-05, 'epoch': 2.17}
{'loss': 0.4803, 'learning_rate': 8.33075652761885e-05, 'epoch': 2.17}
{'loss': 0.5082, 'learning_rate': 8.326426453760533e-05, 'epoch': 2.18}
{'loss': 0.4549, 'learning_rate': 8.322096379902216e-05, 'epoch': 2.18}
{'loss': 0.497, 'learning_rate': 8.317766306043899e-05, 'epoch': 2.18}
{'loss': 0.5012, 'learning_rate': 8.313436232185582e-05, 'epoch': 2.19}
{'loss': 0.4436, 'learning_rate': 8.309106158327266e-05, 'epoch': 2.19}
{'loss': 0.4629, 'learning_rate': 8.304776084468949e-05, 'epoch': 2.2}
{'loss': 0.4932, 'learning_rate': 8.300446010610632e-05, 'epoch': 2.2}
{'loss': 0.4697, 'learning_rate': 8.296115936752316e-05, 'epoch': 2.2}
{'loss': 0.4659, 'learning_rate': 8.291785862893998e-05, 'epoch': 2.21}
{'loss': 0.4751, 'learning_rate': 8.287455789035682e-05, 'epoch': 2.21}
{'loss': 0.4686, 'learning_rate': 8.283125715177364e-05, 'epoch': 2.22}
{'loss': 0.4503, 'learning_rate': 8.278795641319047e-05, 'epoch': 2.22}
{'loss': 0.4538, 'learning_rate': 8.27446556746073e-05, 'epoch': 2.22}
{'loss': 0.4709, 'learning_rate': 8.270135493602414e-05, 'epoch': 2.23}
{'loss': 0.4745, 'learning_rate': 8.265805419744098e-05, 'epoch': 2.23}
{'loss': 0.4635, 'learning_rate': 8.26147534588578e-05, 'epoch': 2.24}
{'loss': 0.4506, 'learning_rate': 8.257145272027463e-05, 'epoch': 2.24}
{'loss': 0.4763, 'learning_rate': 8.252815198169147e-05, 'epoch': 2.24}
{'loss': 0.5, 'learning_rate': 8.248485124310829e-05, 'epoch': 2.25}
{'loss': 0.4771, 'learning_rate': 8.244155050452512e-05, 'epoch': 2.25}
{'loss': 0.4736, 'learning_rate': 8.239824976594196e-05, 'epoch': 2.26}
{'loss': 0.4956, 'learning_rate': 8.235494902735878e-05, 'epoch': 2.26}
{'loss': 0.45, 'learning_rate': 8.231164828877563e-05, 'epoch': 2.27}
{'loss': 0.4759, 'learning_rate': 8.226834755019246e-05, 'epoch': 2.27}
{'loss': 0.4888, 'learning_rate': 8.222504681160928e-05, 'epoch': 2.27}
{'loss': 0.4618, 'learning_rate': 8.218174607302612e-05, 'epoch': 2.28}
{'loss': 0.4714, 'learning_rate': 8.213844533444295e-05, 'epoch': 2.28}
{'loss': 0.4505, 'learning_rate': 8.209514459585977e-05, 'epoch': 2.29}
{'loss': 0.4855, 'learning_rate': 8.205184385727661e-05, 'epoch': 2.29}
{'loss': 0.4841, 'learning_rate': 8.200854311869344e-05, 'epoch': 2.29}
{'loss': 0.4812, 'learning_rate': 8.196524238011026e-05, 'epoch': 2.3}
{'loss': 0.5008, 'learning_rate': 8.19219416415271e-05, 'epoch': 2.3}
{'loss': 0.4553, 'learning_rate': 8.187864090294395e-05, 'epoch': 2.31}
{'loss': 0.4772, 'learning_rate': 8.183534016436077e-05, 'epoch': 2.31}
{'loss': 0.4659, 'learning_rate': 8.17920394257776e-05, 'epoch': 2.31}
{'loss': 0.4949, 'learning_rate': 8.174873868719442e-05, 'epoch': 2.32}
{'loss': 0.4757, 'learning_rate': 8.170543794861126e-05, 'epoch': 2.32}
{'loss': 0.4382, 'learning_rate': 8.166213721002808e-05, 'epoch': 2.33}
{'loss': 0.4434, 'learning_rate': 8.161883647144492e-05, 'epoch': 2.33}
{'loss': 0.4604, 'learning_rate': 8.157553573286175e-05, 'epoch': 2.33}
{'loss': 0.4782, 'learning_rate': 8.153223499427858e-05, 'epoch': 2.34}
{'loss': 0.5127, 'learning_rate': 8.148893425569542e-05, 'epoch': 2.34}
{'loss': 0.4949, 'learning_rate': 8.144563351711225e-05, 'epoch': 2.35}
{'loss': 0.4635, 'learning_rate': 8.140233277852908e-05, 'epoch': 2.35}
{'loss': 0.4742, 'learning_rate': 8.135903203994591e-05, 'epoch': 2.35}
{'loss': 0.4828, 'learning_rate': 8.131573130136274e-05, 'epoch': 2.36}
{'loss': 0.4769, 'learning_rate': 8.127243056277957e-05, 'epoch': 2.36}
{'loss': 0.5031, 'learning_rate': 8.12291298241964e-05, 'epoch': 2.37}
{'loss': 0.4959, 'learning_rate': 8.118582908561324e-05, 'epoch': 2.37}
{'loss': 0.4655, 'learning_rate': 8.114252834703007e-05, 'epoch': 2.38}
{'loss': 0.4562, 'learning_rate': 8.10992276084469e-05, 'epoch': 2.38}
{'loss': 0.4846, 'learning_rate': 8.10567928846354e-05, 'epoch': 2.38}
{'loss': 0.4585, 'learning_rate': 8.101349214605223e-05, 'epoch': 2.39}
{'loss': 0.4782, 'learning_rate': 8.097019140746906e-05, 'epoch': 2.39}
{'loss': 0.4634, 'learning_rate': 8.092689066888588e-05, 'epoch': 2.4}
{'loss': 0.4976, 'learning_rate': 8.088358993030272e-05, 'epoch': 2.4}
{'loss': 0.486, 'learning_rate': 8.084028919171955e-05, 'epoch': 2.4}
{'loss': 0.4786, 'learning_rate': 8.079698845313638e-05, 'epoch': 2.41}
{'loss': 0.4804, 'learning_rate': 8.075368771455321e-05, 'epoch': 2.41}
{'loss': 0.4759, 'learning_rate': 8.071038697597004e-05, 'epoch': 2.42}
{'loss': 0.5325, 'learning_rate': 8.066708623738687e-05, 'epoch': 2.42}
{'loss': 0.48, 'learning_rate': 8.062378549880371e-05, 'epoch': 2.42}
{'loss': 0.4699, 'learning_rate': 8.058048476022055e-05, 'epoch': 2.43}
{'loss': 0.5078, 'learning_rate': 8.053718402163737e-05, 'epoch': 2.43}
{'loss': 0.453, 'learning_rate': 8.04938832830542e-05, 'epoch': 2.44}
{'loss': 0.4772, 'learning_rate': 8.045058254447104e-05, 'epoch': 2.44}
{'loss': 0.4418, 'learning_rate': 8.040728180588786e-05, 'epoch': 2.44}
{'loss': 0.4627, 'learning_rate': 8.03639810673047e-05, 'epoch': 2.45}
{'loss': 0.4612, 'learning_rate': 8.032068032872153e-05, 'epoch': 2.45}
{'loss': 0.4395, 'learning_rate': 8.027737959013835e-05, 'epoch': 2.46}
{'loss': 0.4887, 'learning_rate': 8.023407885155519e-05, 'epoch': 2.46}
{'loss': 0.4651, 'learning_rate': 8.019077811297202e-05, 'epoch': 2.46}
{'loss': 0.4358, 'learning_rate': 8.014747737438886e-05, 'epoch': 2.47}
{'loss': 0.4522, 'learning_rate': 8.010417663580569e-05, 'epoch': 2.47}
{'loss': 0.4543, 'learning_rate': 8.006087589722251e-05, 'epoch': 2.48}
{'loss': 0.5002, 'learning_rate': 8.001757515863935e-05, 'epoch': 2.48}
{'loss': 0.4849, 'learning_rate': 7.997427442005617e-05, 'epoch': 2.49}
{'loss': 0.4692, 'learning_rate': 7.9930973681473e-05, 'epoch': 2.49}
{'loss': 0.5092, 'learning_rate': 7.988767294288984e-05, 'epoch': 2.49}
{'loss': 0.4841, 'learning_rate': 7.984437220430667e-05, 'epoch': 2.5}
{'loss': 0.477, 'learning_rate': 7.98010714657235e-05, 'epoch': 2.5}
{'loss': 0.4551, 'learning_rate': 7.975777072714034e-05, 'epoch': 2.51}
{'loss': 0.4527, 'learning_rate': 7.971446998855716e-05, 'epoch': 2.51}
{'loss': 0.4975, 'learning_rate': 7.9671169249974e-05, 'epoch': 2.51}
{'loss': 0.4621, 'learning_rate': 7.962786851139083e-05, 'epoch': 2.52}
{'loss': 0.4489, 'learning_rate': 7.958456777280765e-05, 'epoch': 2.52}
{'loss': 0.4712, 'learning_rate': 7.954126703422449e-05, 'epoch': 2.53}
{'loss': 0.4828, 'learning_rate': 7.949796629564132e-05, 'epoch': 2.53}
{'loss': 0.4827, 'learning_rate': 7.945466555705816e-05, 'epoch': 2.53}
{'loss': 0.4813, 'learning_rate': 7.941136481847499e-05, 'epoch': 2.54}
{'loss': 0.4668, 'learning_rate': 7.936806407989183e-05, 'epoch': 2.54}
{'loss': 0.4878, 'learning_rate': 7.932476334130865e-05, 'epoch': 2.55}
{'loss': 0.4664, 'learning_rate': 7.928146260272548e-05, 'epoch': 2.55}
{'loss': 0.4677, 'learning_rate': 7.923902787891397e-05, 'epoch': 2.55}
{'loss': 0.465, 'learning_rate': 7.91957271403308e-05, 'epoch': 2.56}
{'loss': 0.4678, 'learning_rate': 7.915242640174764e-05, 'epoch': 2.56}
{'loss': 0.4511, 'learning_rate': 7.910912566316446e-05, 'epoch': 2.57}
{'loss': 0.4504, 'learning_rate': 7.90658249245813e-05, 'epoch': 2.57}
{'loss': 0.4704, 'learning_rate': 7.902252418599813e-05, 'epoch': 2.57}
{'loss': 0.4639, 'learning_rate': 7.897922344741497e-05, 'epoch': 2.58}
{'loss': 0.4465, 'learning_rate': 7.89359227088318e-05, 'epoch': 2.58}
{'loss': 0.4514, 'learning_rate': 7.889262197024864e-05, 'epoch': 2.59}
{'loss': 0.4294, 'learning_rate': 7.884932123166546e-05, 'epoch': 2.59}
{'loss': 0.4616, 'learning_rate': 7.880602049308229e-05, 'epoch': 2.6}
{'loss': 0.4583, 'learning_rate': 7.876271975449913e-05, 'epoch': 2.6}
{'loss': 0.4488, 'learning_rate': 7.871941901591595e-05, 'epoch': 2.6}
{'loss': 0.4727, 'learning_rate': 7.867611827733278e-05, 'epoch': 2.61}
{'loss': 0.5013, 'learning_rate': 7.863281753874962e-05, 'epoch': 2.61}
{'loss': 0.4642, 'learning_rate': 7.858951680016644e-05, 'epoch': 2.62}
{'loss': 0.4448, 'learning_rate': 7.854621606158329e-05, 'epoch': 2.62}
{'loss': 0.4418, 'learning_rate': 7.850291532300011e-05, 'epoch': 2.62}
{'loss': 0.4511, 'learning_rate': 7.845961458441694e-05, 'epoch': 2.63}
{'loss': 0.4573, 'learning_rate': 7.841631384583376e-05, 'epoch': 2.63}
{'loss': 0.4938, 'learning_rate': 7.83730131072506e-05, 'epoch': 2.64}
{'loss': 0.4508, 'learning_rate': 7.832971236866743e-05, 'epoch': 2.64}
{'loss': 0.443, 'learning_rate': 7.828641163008426e-05, 'epoch': 2.64}
{'loss': 0.4754, 'learning_rate': 7.824311089150109e-05, 'epoch': 2.65}
{'loss': 0.468, 'learning_rate': 7.819981015291792e-05, 'epoch': 2.65}
{'loss': 0.4564, 'learning_rate': 7.815650941433476e-05, 'epoch': 2.66}
{'loss': 0.4566, 'learning_rate': 7.81132086757516e-05, 'epoch': 2.66}
{'loss': 0.4729, 'learning_rate': 7.806990793716843e-05, 'epoch': 2.66}
{'loss': 0.4482, 'learning_rate': 7.802660719858525e-05, 'epoch': 2.67}
{'loss': 0.4757, 'learning_rate': 7.798330646000208e-05, 'epoch': 2.67}
{'loss': 0.467, 'learning_rate': 7.794000572141892e-05, 'epoch': 2.68}
{'loss': 0.5123, 'learning_rate': 7.789670498283574e-05, 'epoch': 2.68}
{'loss': 0.472, 'learning_rate': 7.785340424425258e-05, 'epoch': 2.68}
{'loss': 0.4631, 'learning_rate': 7.781010350566941e-05, 'epoch': 2.69}
{'loss': 0.4919, 'learning_rate': 7.776680276708624e-05, 'epoch': 2.69}
{'loss': 0.5159, 'learning_rate': 7.772350202850308e-05, 'epoch': 2.7}
{'loss': 0.4697, 'learning_rate': 7.768020128991991e-05, 'epoch': 2.7}
{'loss': 0.4755, 'learning_rate': 7.763690055133674e-05, 'epoch': 2.71}
{'loss': 0.4512, 'learning_rate': 7.759359981275357e-05, 'epoch': 2.71}
{'loss': 0.4892, 'learning_rate': 7.755029907417039e-05, 'epoch': 2.71}
{'loss': 0.461, 'learning_rate': 7.750699833558723e-05, 'epoch': 2.72}
{'loss': 0.4541, 'learning_rate': 7.746369759700406e-05, 'epoch': 2.72}
{'loss': 0.4577, 'learning_rate': 7.742126287319255e-05, 'epoch': 2.73}
{'loss': 0.4394, 'learning_rate': 7.737796213460938e-05, 'epoch': 2.73}
{'loss': 0.468, 'learning_rate': 7.733466139602622e-05, 'epoch': 2.73}
{'loss': 0.4488, 'learning_rate': 7.729136065744305e-05, 'epoch': 2.74}
{'loss': 0.4786, 'learning_rate': 7.724805991885989e-05, 'epoch': 2.74}
{'loss': 0.496, 'learning_rate': 7.720475918027672e-05, 'epoch': 2.75}
{'loss': 0.4809, 'learning_rate': 7.716145844169354e-05, 'epoch': 2.75}
{'loss': 0.4632, 'learning_rate': 7.711815770311038e-05, 'epoch': 2.75}
{'loss': 0.4428, 'learning_rate': 7.707485696452721e-05, 'epoch': 2.76}
{'loss': 0.4743, 'learning_rate': 7.703155622594404e-05, 'epoch': 2.76}
{'loss': 0.4958, 'learning_rate': 7.698825548736087e-05, 'epoch': 2.77}
{'loss': 0.4832, 'learning_rate': 7.694495474877769e-05, 'epoch': 2.77}
{'loss': 0.4771, 'learning_rate': 7.690165401019453e-05, 'epoch': 2.77}
{'loss': 0.4754, 'learning_rate': 7.685835327161136e-05, 'epoch': 2.78}
{'loss': 0.4693, 'learning_rate': 7.68150525330282e-05, 'epoch': 2.78}
{'loss': 0.453, 'learning_rate': 7.677175179444503e-05, 'epoch': 2.79}
{'loss': 0.4745, 'learning_rate': 7.672845105586185e-05, 'epoch': 2.79}
{'loss': 0.4869, 'learning_rate': 7.668515031727869e-05, 'epoch': 2.79}
{'loss': 0.4517, 'learning_rate': 7.664184957869552e-05, 'epoch': 2.8}
{'loss': 0.4382, 'learning_rate': 7.659854884011234e-05, 'epoch': 2.8}
{'loss': 0.4847, 'learning_rate': 7.655524810152918e-05, 'epoch': 2.81}
{'loss': 0.4522, 'learning_rate': 7.651194736294601e-05, 'epoch': 2.81}
{'loss': 0.4743, 'learning_rate': 7.646864662436285e-05, 'epoch': 2.82}
{'loss': 0.4888, 'learning_rate': 7.642534588577968e-05, 'epoch': 2.82}
{'loss': 0.4789, 'learning_rate': 7.638204514719652e-05, 'epoch': 2.82}
{'loss': 0.4382, 'learning_rate': 7.633874440861334e-05, 'epoch': 2.83}
{'loss': 0.4578, 'learning_rate': 7.629544367003017e-05, 'epoch': 2.83}
{'loss': 0.4463, 'learning_rate': 7.625214293144701e-05, 'epoch': 2.84}
{'loss': 0.466, 'learning_rate': 7.620884219286383e-05, 'epoch': 2.84}
{'loss': 0.4539, 'learning_rate': 7.616554145428066e-05, 'epoch': 2.84}
{'loss': 0.4875, 'learning_rate': 7.61222407156975e-05, 'epoch': 2.85}
{'loss': 0.4496, 'learning_rate': 7.607893997711433e-05, 'epoch': 2.85}
{'loss': 0.4703, 'learning_rate': 7.603563923853117e-05, 'epoch': 2.86}
{'loss': 0.4265, 'learning_rate': 7.5992338499948e-05, 'epoch': 2.86}
{'loss': 0.4579, 'learning_rate': 7.594903776136482e-05, 'epoch': 2.86}
{'loss': 0.4703, 'learning_rate': 7.590573702278166e-05, 'epoch': 2.87}
{'loss': 0.481, 'learning_rate': 7.586243628419848e-05, 'epoch': 2.87}
{'loss': 0.4675, 'learning_rate': 7.581913554561531e-05, 'epoch': 2.88}
{'loss': 0.4736, 'learning_rate': 7.577583480703213e-05, 'epoch': 2.88}
{'loss': 0.4942, 'learning_rate': 7.573253406844898e-05, 'epoch': 2.88}
{'loss': 0.4558, 'learning_rate': 7.568923332986582e-05, 'epoch': 2.89}
{'loss': 0.4592, 'learning_rate': 7.564593259128264e-05, 'epoch': 2.89}
{'loss': 0.4726, 'learning_rate': 7.560263185269947e-05, 'epoch': 2.9}
{'loss': 0.4447, 'learning_rate': 7.555933111411631e-05, 'epoch': 2.9}
{'loss': 0.4656, 'learning_rate': 7.551689639030481e-05, 'epoch': 2.9}
{'loss': 0.4741, 'learning_rate': 7.547359565172163e-05, 'epoch': 2.91}
{'loss': 0.485, 'learning_rate': 7.543029491313847e-05, 'epoch': 2.91}
{'loss': 0.4792, 'learning_rate': 7.53869941745553e-05, 'epoch': 2.92}
{'loss': 0.458, 'learning_rate': 7.534369343597212e-05, 'epoch': 2.92}
{'loss': 0.4872, 'learning_rate': 7.530039269738896e-05, 'epoch': 2.93}
{'loss': 0.456, 'learning_rate': 7.525709195880578e-05, 'epoch': 2.93}
{'loss': 0.4093, 'learning_rate': 7.521379122022261e-05, 'epoch': 2.93}
{'loss': 0.4565, 'learning_rate': 7.517049048163945e-05, 'epoch': 2.94}
{'loss': 0.4239, 'learning_rate': 7.512718974305628e-05, 'epoch': 2.94}
{'loss': 0.4761, 'learning_rate': 7.508388900447312e-05, 'epoch': 2.95}
{'loss': 0.4869, 'learning_rate': 7.504058826588994e-05, 'epoch': 2.95}
{'loss': 0.4352, 'learning_rate': 7.499728752730677e-05, 'epoch': 2.95}
{'loss': 0.4484, 'learning_rate': 7.495398678872361e-05, 'epoch': 2.96}
{'loss': 0.4502, 'learning_rate': 7.491068605014043e-05, 'epoch': 2.96}
{'loss': 0.4833, 'learning_rate': 7.486738531155726e-05, 'epoch': 2.97}
{'loss': 0.4699, 'learning_rate': 7.48240845729741e-05, 'epoch': 2.97}
{'loss': 0.4725, 'learning_rate': 7.478078383439093e-05, 'epoch': 2.97}
{'loss': 0.4764, 'learning_rate': 7.473748309580777e-05, 'epoch': 2.98}
{'loss': 0.4811, 'learning_rate': 7.46941823572246e-05, 'epoch': 2.98}
{'loss': 0.4503, 'learning_rate': 7.465088161864142e-05, 'epoch': 2.99}
{'loss': 0.473, 'learning_rate': 7.460758088005826e-05, 'epoch': 2.99}
{'loss': 0.4587, 'learning_rate': 7.45642801414751e-05, 'epoch': 2.99}
{'loss': 0.4348, 'learning_rate': 7.452097940289192e-05, 'epoch': 3.0}
[INFO|trainer.py:520] 2026-10-04 16:40:15,775 >> The following columns in the evaluation set  don't have a corresponding argument in `PETLEncModel.forward` and have been ignored: idx, premise, hypothesis.
[INFO|trainer.py:2179] 2026-10-04 16:40:15,778 >> ***** Running Evaluation *****
[INFO|trainer.py:2181] 2026-10-04 16:40:15,778 >>   Num examples = 9815
[INFO|trainer.py:2184] 2026-10-04 16:40:15,778 >>   Batch size = 32
{'eval_loss': 0.42900195717811584, 'eval_accuracy': 0.8343352012226184, 'eval_runtime': 9.1165, 'eval_samples_per_second': 1076.615, 'eval_steps_per_second': 33.675, 'epoch': 3.0}
[INFO|trainer.py:1933] 2026-10-04 16:40:24,895 >> Saving model checkpoint to checkpoints/glue/mnli/20261004/glue.mnli.prefix.am_prefix.ao_concat.fm_none.fo_parallel.abn.fbn.ac_add.fl_none.finit_lora.fs_4.unfrz_ef_.ne10.warm0.06.wd0.1.seed8./checkpoint-36816
[INFO|configuration_utils.py:364] 2026-10-04 16:40:24,897 >> Configuration saved in checkpoints/glue/mnli/20261004/glue.mnli.prefix.am_prefix.ao_concat.fm_none.fo_parallel.abn.fbn.ac_add.fl_none.finit_lora.fs_4.unfrz_ef_.ne10.warm0.06.wd0.1.seed8./checkpoint-36816/config.json
[INFO|modeling_utils.py:898] 2026-10-04 16:40:25,284 >> Model weights saved in checkpoints/glue/mnli/20261004/glue.mnli.prefix.am_prefix.ao_concat.fm_none.fo_parallel.abn.fbn.ac_add.fl_none.finit_lora.fs_4.unfrz_ef_.ne10.warm0.06.wd0.1.seed8./checkpoint-36816/pytorch_model.bin
[INFO|tokenization_utils_base.py:1948] 2026-10-04 16:40:25,285 >> tokenizer config file saved in checkpoints/glue/mnli/20261004/glue.mnli.prefix.am_prefix.ao_concat.fm_none.fo_parallel.abn.fbn.ac_add.fl_none.finit_lora.fs_4.unfrz_ef_.ne10.warm0.06.wd0.1.seed8./checkpoint-36816/tokenizer_config.json
[INFO|tokenization_utils_base.py:1954] 2026-10-04 16:40:25,285 >> Special tokens file saved in checkpoints/glue/mnli/20261004/glue.mnli.prefix.am_prefix.ao_concat.fm_none.fo_parallel.abn.fbn.ac_add.fl_none.finit_lora.fs_4.unfrz_ef_.ne10.warm0.06.wd0.1.seed8./checkpoint-36816/special_tokens_map.json
[INFO|trainer.py:2009] 2026-10-04 16:40:25,415 >> Deleting older checkpoint [checkpoints/glue/mnli/20261004/glue.mnli.prefix.am_prefix.ao_concat.fm_none.fo_parallel.abn.fbn.ac_add.fl_none.finit_lora.fs_4.unfrz_ef_.ne10.warm0.06.wd0.1.seed8./checkpoint-12272] due to args.save_total_limit
/work/unify-parameter-efficient-tuning/src/transformers/trainer.py:1784: FutureWarning: `torch.cuda.amp.autocast(args...)` is deprecated. Please use `torch.amp.autocast('cuda', args...)` instead.
  with autocast():
{'loss': 0.485, 'learning_rate': 7.447767866430875e-05, 'epoch': 3.0}
{'loss': 0.4622, 'learning_rate': 7.443437792572558e-05, 'epoch': 3.01}
{'loss': 0.4396, 'learning_rate': 7.439107718714242e-05, 'epoch': 3.01}
{'loss': 0.4473, 'learning_rate': 7.434777644855924e-05, 'epoch': 3.01}
{'loss': 0.4698, 'learning_rate': 7.430447570997609e-05, 'epoch': 3.02}
{'loss': 0.4675, 'learning_rate': 7.426117497139291e-05, 'epoch': 3.02}
{'loss': 0.4481, 'learning_rate': 7.421787423280973e-05, 'epoch': 3.03}
{'loss': 0.4194, 'learning_rate': 7.417457349422658e-05, 'epoch': 3.03}
{'loss': 0.4242, 'learning_rate': 7.41312727556434e-05, 'epoch': 3.04}
{'loss': 0.4558, 'learning_rate': 7.408797201706024e-05, 'epoch': 3.04}
{'loss': 0.4462, 'learning_rate': 7.404467127847707e-05, 'epoch': 3.04}
{'loss': 0.4309, 'learning_rate': 7.40013705398939e-05, 'epoch': 3.05}
{'loss': 0.4764, 'learning_rate': 7.395806980131073e-05, 'epoch': 3.05}
{'loss': 0.4346, 'learning_rate': 7.391476906272756e-05, 'epoch': 3.06}
{'loss': 0.4245, 'learning_rate': 7.38714683241444e-05, 'epoch': 3.06}
{'loss': 0.4353, 'learning_rate': 7.382816758556122e-05, 'epoch': 3.06}
{'loss': 0.4478, 'learning_rate': 7.378486684697805e-05, 'epoch': 3.07}
{'loss': 0.4789, 'learning_rate': 7.374156610839489e-05, 'epoch': 3.07}
{'loss': 0.4487, 'learning_rate': 7.369826536981171e-05, 'epoch': 3.08}
{'loss': 0.4313, 'learning_rate': 7.365496463122856e-05, 'epoch': 3.08}
{'loss': 0.4546, 'learning_rate': 7.361166389264539e-05, 'epoch': 3.08}
{'loss': 0.4332, 'learning_rate': 7.356836315406221e-05, 'epoch': 3.09}
{'loss': 0.4296, 'learning_rate': 7.352506241547905e-05, 'epoch': 3.09}
{'loss': 0.4547, 'learning_rate': 7.348262769166754e-05, 'epoch': 3.1}
{'loss': 0.4376, 'learning_rate': 7.343932695308437e-05, 'epoch': 3.1}
{'loss': 0.4462, 'learning_rate': 7.33960262145012e-05, 'epoch': 3.1}
{'loss': 0.4281, 'learning_rate': 7.335272547591803e-05, 'epoch': 3.11}
{'loss': 0.4645, 'learning_rate': 7.330942473733486e-05, 'epoch': 3.11}
{'loss': 0.4816, 'learning_rate': 7.32661239987517e-05, 'epoch': 3.12}
{'loss': 0.4589, 'learning_rate': 7.322282326016852e-05, 'epoch': 3.12}
{'loss': 0.4579, 'learning_rate': 7.317952252158535e-05, 'epoch': 3.12}
{'loss': 0.4509, 'learning_rate': 7.313622178300219e-05, 'epoch': 3.13}
{'loss': 0.466, 'learning_rate': 7.309292104441902e-05, 'epoch': 3.13}
{'loss': 0.458, 'learning_rate': 7.304962030583586e-05, 'epoch': 3.14}
{'loss': 0.4473, 'learning_rate': 7.300631956725269e-05, 'epoch': 3.14}
{'loss': 0.4626, 'learning_rate': 7.296301882866951e-05, 'epoch': 3.15}
{'loss': 0.4334, 'learning_rate': 7.291971809008635e-05, 'epoch': 3.15}
{'loss': 0.4722, 'learning_rate': 7.287641735150318e-05, 'epoch': 3.15}
{'loss': 0.4656, 'learning_rate': 7.283311661292e-05, 'epoch': 3.16}
{'loss': 0.4531, 'learning_rate': 7.278981587433684e-05, 'epoch': 3.16}
{'loss': 0.4664, 'learning_rate': 7.274651513575367e-05, 'epoch': 3.17}
{'loss': 0.4789, 'learning_rate': 7.270321439717051e-05, 'epoch': 3.17}
{'loss': 0.4706, 'learning_rate': 7.265991365858733e-05, 'epoch': 3.17}
{'loss': 0.4561, 'learning_rate': 7.261661292000418e-05, 'epoch': 3.18}
{'loss': 0.433, 'learning_rate': 7.2573312181421e-05, 'epoch': 3.18}
{'loss': 0.4339, 'learning_rate': 7.253001144283782e-05, 'epoch': 3.19}
{'loss': 0.4353, 'learning_rate': 7.248671070425465e-05, 'epoch': 3.19}
{'loss': 0.4191, 'learning_rate': 7.244340996567149e-05, 'epoch': 3.19}
{'loss': 0.4091, 'learning_rate': 7.240010922708832e-05, 'epoch': 3.2}
{'loss': 0.4482, 'learning_rate': 7.235680848850516e-05, 'epoch': 3.2}
{'loss': 0.466, 'learning_rate': 7.231350774992199e-05, 'epoch': 3.21}
{'loss': 0.4665, 'learning_rate': 7.227020701133881e-05, 'epoch': 3.21}
{'loss': 0.4767, 'learning_rate': 7.222690627275565e-05, 'epoch': 3.21}
{'loss': 0.4448, 'learning_rate': 7.218360553417248e-05, 'epoch': 3.22}
{'loss': 0.434, 'learning_rate': 7.21403047955893e-05, 'epoch': 3.22}
{'loss': 0.4379, 'learning_rate': 7.209700405700614e-05, 'epoch': 3.23}
{'loss': 0.4509, 'learning_rate': 7.205370331842297e-05, 'epoch': 3.23}
{'loss': 0.4495, 'learning_rate': 7.20104025798398e-05, 'epoch': 3.24}
{'loss': 0.4637, 'learning_rate': 7.196710184125664e-05, 'epoch': 3.24}
{'loss': 0.4572, 'learning_rate': 7.192380110267348e-05, 'epoch': 3.24}
{'loss': 0.4351, 'learning_rate': 7.18805003640903e-05, 'epoch': 3.25}
{'loss': 0.4739, 'learning_rate': 7.183719962550713e-05, 'epoch': 3.25}
{'loss': 0.4571, 'learning_rate': 7.179389888692397e-05, 'epoch': 3.26}
{'loss': 0.4395, 'learning_rate': 7.175059814834079e-05, 'epoch': 3.26}
{'loss': 0.4155, 'learning_rate': 7.170729740975761e-05, 'epoch': 3.26}
{'loss': 0.4468, 'learning_rate': 7.166399667117446e-05, 'epoch': 3.27}
{'loss': 0.4267, 'learning_rate': 7.162069593259128e-05, 'epoch': 3.27}
{'loss': 0.4111, 'learning_rate': 7.157739519400812e-05, 'epoch': 3.28}
{'loss': 0.4484, 'learning_rate': 7.153409445542496e-05, 'epoch': 3.28}
{'loss': 0.4496, 'learning_rate': 7.149079371684179e-05, 'epoch': 3.28}
{'loss': 0.458, 'learning_rate': 7.14474929782586e-05, 'epoch': 3.29}
{'loss': 0.4551, 'learning_rate': 7.140419223967544e-05, 'epoch': 3.29}
{'loss': 0.4313, 'learning_rate': 7.136089150109228e-05, 'epoch': 3.3}
{'loss': 0.476, 'learning_rate': 7.13175907625091e-05, 'epoch': 3.3}
{'loss': 0.4353, 'learning_rate': 7.127429002392593e-05, 'epoch': 3.3}
{'loss': 0.451, 'learning_rate': 7.123098928534277e-05, 'epoch': 3.31}
{'loss': 0.4487, 'learning_rate': 7.11876885467596e-05, 'epoch': 3.31}
{'loss': 0.4519, 'learning_rate': 7.114438780817644e-05, 'epoch': 3.32}
{'loss': 0.4673, 'learning_rate': 7.110108706959327e-05, 'epoch': 3.32}
{'loss': 0.4332, 'learning_rate': 7.105865234578176e-05, 'epoch': 3.32}
{'loss': 0.4751, 'learning_rate': 7.10153516071986e-05, 'epoch': 3.33}
{'loss': 0.4387, 'learning_rate': 7.097205086861542e-05, 'epoch': 3.33}
{'loss': 0.4602, 'learning_rate': 7.092875013003225e-05, 'epoch': 3.34}
{'loss': 0.4467, 'learning_rate': 7.088544939144908e-05, 'epoch': 3.34}
{'loss': 0.4556, 'learning_rate': 7.08421486528659e-05, 'epoch': 3.35}
{'loss': 0.4431, 'learning_rate': 7.079884791428274e-05, 'epoch': 3.35}
{'loss': 0.4426, 'learning_rate': 7.075554717569958e-05, 'epoch': 3.35}
{'loss': 0.4605, 'learning_rate': 7.071224643711641e-05, 'epoch': 3.36}
{'loss': 0.4515, 'learning_rate': 7.066894569853325e-05, 'epoch': 3.36}
{'loss': 0.4281, 'learning_rate': 7.062564495995008e-05, 'epoch': 3.37}
{'loss': 0.4723, 'learning_rate': 7.05823442213669e-05, 'epoch': 3.37}
{'loss': 0.456, 'learning_rate': 7.053904348278374e-05, 'epoch': 3.37}
{'loss': 0.4764, 'learning_rate': 7.049574274420057e-05, 'epoch': 3.38}
{'loss': 0.4693, 'learning_rate': 7.045244200561739e-05, 'epoch': 3.38}
{'loss': 0.4239, 'learning_rate': 7.040914126703423e-05, 'epoch': 3.39}
{'loss': 0.4335, 'learning_rate': 7.036584052845106e-05, 'epoch': 3.39}
{'loss': 0.4693, 'learning_rate': 7.032253978986788e-05, 'epoch': 3.39}
{'loss': 0.4481, 'learning_rate': 7.027923905128473e-05, 'epoch': 3.4}
{'loss': 0.4715, 'learning_rate': 7.023593831270157e-05, 'epoch': 3.4}
{'loss': 0.4507, 'learning_rate': 7.019263757411839e-05, 'epoch': 3.41}
{'loss': 0.4562, 'learning_rate': 7.014933683553522e-05, 'epoch': 3.41}
{'loss': 0.412, 'learning_rate': 7.010603609695206e-05, 'epoch': 3.41}
{'loss': 0.4505, 'learning_rate': 7.006273535836888e-05, 'epoch': 3.42}
{'loss': 0.4807, 'learning_rate': 7.00194346197857e-05, 'epoch': 3.42}
{'loss': 0.4815, 'learning_rate': 6.997613388120255e-05, 'epoch': 3.43}
{'loss': 0.4829, 'learning_rate': 6.993283314261937e-05, 'epoch': 3.43}
{'loss': 0.4293, 'learning_rate': 6.98895324040362e-05, 'epoch': 3.43}
{'loss': 0.4812, 'learning_rate': 6.984623166545304e-05, 'epoch': 3.44}
{'loss': 0.457, 'learning_rate': 6.980293092686987e-05, 'epoch': 3.44}
{'loss': 0.467, 'learning_rate': 6.97596301882867e-05, 'epoch': 3.45}
{'loss': 0.435, 'learning_rate': 6.971632944970353e-05, 'epoch': 3.45}
{'loss': 0.4469, 'learning_rate': 6.967302871112036e-05, 'epoch': 3.46}
{'loss': 0.4618, 'learning_rate': 6.962972797253718e-05, 'epoch': 3.46}
{'loss': 0.4569, 'learning_rate': 6.958642723395402e-05, 'epoch': 3.46}
{'loss': 0.3998, 'learning_rate': 6.954312649537085e-05, 'epoch': 3.47}
{'loss': 0.4494, 'learning_rate': 6.949982575678769e-05, 'epoch': 3.47}
{'loss': 0.4749, 'learning_rate': 6.945652501820452e-05, 'epoch': 3.48}
{'loss': 0.4275, 'learning_rate': 6.941322427962136e-05, 'epoch': 3.48}
{'loss': 0.4283, 'learning_rate': 6.936992354103818e-05, 'epoch': 3.48}
{'loss': 0.4342, 'learning_rate': 6.932662280245501e-05, 'epoch': 3.49}
{'loss': 0.4457, 'learning_rate': 6.928332206387185e-05, 'epoch': 3.49}
{'loss': 0.4159, 'learning_rate': 6.924002132528867e-05, 'epoch': 3.5}
{'loss': 0.4545, 'learning_rate': 6.91967205867055e-05, 'epoch': 3.5}
{'loss': 0.4385, 'learning_rate': 6.915341984812234e-05, 'epoch': 3.5}
{'loss': 0.4438, 'learning_rate': 6.911011910953917e-05, 'epoch': 3.51}
{'loss': 0.4328, 'learning_rate': 6.9066818370956e-05, 'epoch': 3.51}
{'loss': 0.4235, 'learning_rate': 6.902351763237284e-05, 'epoch': 3.52}
{'loss': 0.4234, 'learning_rate': 6.898021689378967e-05, 'epoch': 3.52}
{'loss': 0.4342, 'learning_rate': 6.893691615520649e-05, 'epoch': 3.52}
{'loss': 0.4539, 'learning_rate': 6.889361541662333e-05, 'epoch': 3.53}
{'loss': 0.4696, 'learning_rate': 6.885031467804016e-05, 'epoch': 3.53}
{'loss': 0.4712, 'learning_rate': 6.880701393945698e-05, 'epoch': 3.54}
{'loss': 0.4178, 'learning_rate': 6.876371320087381e-05, 'epoch': 3.54}
{'loss': 0.473, 'learning_rate': 6.872041246229066e-05, 'epoch': 3.54}
{'loss': 0.4397, 'learning_rate': 6.867711172370748e-05, 'epoch': 3.55}
{'loss': 0.4598, 'learning_rate': 6.863381098512432e-05, 'epoch': 3.55}
{'loss': 0.4879, 'learning_rate': 6.859051024654115e-05, 'epoch': 3.56}
{'loss': 0.461, 'learning_rate': 6.854720950795797e-05, 'epoch': 3.56}
{'loss': 0.4737, 'learning_rate': 6.850390876937481e-05, 'epoch': 3.57}
{'loss': 0.4311, 'learning_rate': 6.84614740455633e-05, 'epoch': 3.57}
{'loss': 0.4562, 'learning_rate': 6.841817330698014e-05, 'epoch': 3.57}
{'loss': 0.4592, 'learning_rate': 6.837487256839696e-05, 'epoch': 3.58}
{'loss': 0.4495, 'learning_rate': 6.833157182981379e-05, 'epoch': 3.58}
{'loss': 0.4668, 'learning_rate': 6.828827109123063e-05, 'epoch': 3.59}
{'loss': 0.4579, 'learning_rate': 6.824497035264746e-05, 'epoch': 3.59}
{'loss': 0.4635, 'learning_rate': 6.820166961406429e-05, 'epoch': 3.59}
{'loss': 0.4483, 'learning_rate': 6.815836887548113e-05, 'epoch': 3.6}
{'loss': 0.4398, 'learning_rate': 6.811506813689796e-05, 'epoch': 3.6}
{'loss': 0.4186, 'learning_rate': 6.807176739831478e-05, 'epoch': 3.61}
{'loss': 0.4562, 'learning_rate': 6.802846665973162e-05, 'epoch': 3.61}
{'loss': 0.4255, 'learning_rate': 6.798516592114845e-05, 'epoch': 3.61}
{'loss': 0.4583, 'learning_rate': 6.794186518256527e-05, 'epoch': 3.62}
{'loss': 0.4394, 'learning_rate': 6.78985644439821e-05, 'epoch': 3.62}
{'loss': 0.4501, 'learning_rate': 6.785526370539894e-05, 'epoch': 3.63}
{'loss': 0.4204, 'learning_rate': 6.781196296681578e-05, 'epoch': 3.63}
{'loss': 0.4898, 'learning_rate': 6.776866222823261e-05, 'epoch': 3.63}
{'loss': 0.4279, 'learning_rate': 6.772536148964945e-05, 'epoch': 3.64}
{'loss': 0.4263, 'learning_rate': 6.768206075106627e-05, 'epoch': 3.64}
{'loss': 0.4302, 'learning_rate': 6.76387600124831e-05, 'epoch': 3.65}
{'loss': 0.4576, 'learning_rate': 6.759545927389994e-05, 'epoch': 3.65}
{'loss': 0.4448, 'learning_rate': 6.755215853531676e-05, 'epoch': 3.65}
{'loss': 0.4852, 'learning_rate': 6.750885779673359e-05, 'epoch': 3.66}
{'loss': 0.4466, 'learning_rate': 6.746555705815043e-05, 'epoch': 3.66}
{'loss': 0.4513, 'learning_rate': 6.742225631956726e-05, 'epoch': 3.67}
{'loss': 0.4193, 'learning_rate': 6.737895558098408e-05, 'epoch': 3.67}
{'loss': 0.4359, 'learning_rate': 6.733565484240093e-05, 'epoch': 3.68}
{'loss': 0.4265, 'learning_rate': 6.729235410381775e-05, 'epoch': 3.68}
{'loss': 0.4365, 'learning_rate': 6.724905336523457e-05, 'epoch': 3.68}
{'loss': 0.4744, 'learning_rate': 6.720575262665141e-05, 'epoch': 3.69}
{'loss': 0.4232, 'learning_rate': 6.716245188806824e-05, 'epoch': 3.69}
{'loss': 0.4418, 'learning_rate': 6.711915114948506e-05, 'epoch': 3.7}
{'loss': 0.4671, 'learning_rate': 6.707585041090191e-05, 'epoch': 3.7}
{'loss': 0.4317, 'learning_rate': 6.703254967231875e-05, 'epoch': 3.7}
{'loss': 0.4561, 'learning_rate': 6.698924893373557e-05, 'epoch': 3.71}
{'loss': 0.4467, 'learning_rate': 6.69459481951524e-05, 'epoch': 3.71}
{'loss': 0.4321, 'learning_rate': 6.690264745656924e-05, 'epoch': 3.72}
{'loss': 0.4233, 'learning_rate': 6.685934671798606e-05, 'epoch': 3.72}
{'loss': 0.4307, 'learning_rate': 6.68160459794029e-05, 'epoch': 3.72}
{'loss': 0.4443, 'learning_rate': 6.677274524081973e-05, 'epoch': 3.73}
{'loss': 0.4622, 'learning_rate': 6.672944450223655e-05, 'epoch': 3.73}
{'loss': 0.4643, 'learning_rate': 6.668614376365338e-05, 'epoch': 3.74}
{'loss': 0.4832, 'learning_rate': 6.664284302507023e-05, 'epoch': 3.74}
{'loss': 0.4714, 'learning_rate': 6.660040830125871e-05, 'epoch': 3.74}
{'loss': 0.4566, 'learning_rate': 6.655710756267554e-05, 'epoch': 3.75}
{'loss': 0.4391, 'learning_rate': 6.651380682409238e-05, 'epoch': 3.75}
{'loss': 0.4532, 'learning_rate': 6.647050608550921e-05, 'epoch': 3.76}
{'loss': 0.4295, 'learning_rate': 6.642720534692605e-05, 'epoch': 3.76}
{'loss': 0.4801, 'learning_rate': 6.638390460834287e-05, 'epoch': 3.76}
{'loss': 0.4591, 'learning_rate': 6.63406038697597e-05, 'epoch': 3.77}
{'loss': 0.4369, 'learning_rate': 6.629730313117654e-05, 'epoch': 3.77}
{'loss': 0.444, 'learning_rate': 6.625400239259336e-05, 'epoch': 3.78}
{'loss': 0.4315, 'learning_rate': 6.62107016540102e-05, 'epoch': 3.78}
{'loss': 0.4694, 'learning_rate': 6.616740091542703e-05, 'epoch': 3.79}
{'loss': 0.4621, 'learning_rate': 6.612410017684386e-05, 'epoch': 3.79}
{'loss': 0.4255, 'learning_rate': 6.60807994382607e-05, 'epoch': 3.79}
{'loss': 0.465, 'learning_rate': 6.603749869967753e-05, 'epoch': 3.8}
{'loss': 0.4546, 'learning_rate': 6.599419796109435e-05, 'epoch': 3.8}
{'loss': 0.4473, 'learning_rate': 6.595089722251119e-05, 'epoch': 3.81}
{'loss': 0.4641, 'learning_rate': 6.590759648392802e-05, 'epoch': 3.81}
{'loss': 0.4452, 'learning_rate': 6.586429574534484e-05, 'epoch': 3.81}
{'loss': 0.4629, 'learning_rate': 6.582099500676168e-05, 'epoch': 3.82}
{'loss': 0.4314, 'learning_rate': 6.577769426817851e-05, 'epoch': 3.82}
{'loss': 0.4136, 'learning_rate': 6.573439352959535e-05, 'epoch': 3.83}
{'loss': 0.4634, 'learning_rate': 6.569109279101217e-05, 'epoch': 3.83}
{'loss': 0.4589, 'learning_rate': 6.564779205242902e-05, 'epoch': 3.83}
{'loss': 0.4528, 'learning_rate': 6.560449131384584e-05, 'epoch': 3.84}
{'loss': 0.458, 'learning_rate': 6.556119057526266e-05, 'epoch': 3.84}
{'loss': 0.4252, 'learning_rate': 6.55178898366795e-05, 'epoch': 3.85}
{'loss': 0.4728, 'learning_rate': 6.547458909809633e-05, 'epoch': 3.85}
{'loss': 0.4441, 'learning_rate': 6.543128835951315e-05, 'epoch': 3.85}
{'loss': 0.4706, 'learning_rate': 6.538798762093e-05, 'epoch': 3.86}
{'loss': 0.4454, 'learning_rate': 6.534468688234683e-05, 'epoch': 3.86}
{'loss': 0.4419, 'learning_rate': 6.530138614376366e-05, 'epoch': 3.87}
{'loss': 0.4435, 'learning_rate': 6.525808540518049e-05, 'epoch': 3.87}
{'loss': 0.4172, 'learning_rate': 6.521478466659733e-05, 'epoch': 3.87}
{'loss': 0.4407, 'learning_rate': 6.517148392801415e-05, 'epoch': 3.88}
{'loss': 0.4794, 'learning_rate': 6.512818318943098e-05, 'epoch': 3.88}
{'loss': 0.4692, 'learning_rate': 6.508488245084782e-05, 'epoch': 3.89}
{'loss': 0.4809, 'learning_rate': 6.504158171226464e-05, 'epoch': 3.89}
{'loss': 0.471, 'learning_rate': 6.499828097368147e-05, 'epoch': 3.9}
{'loss': 0.4792, 'learning_rate': 6.495498023509832e-05, 'epoch': 3.9}
{'loss': 0.4473, 'learning_rate': 6.491167949651514e-05, 'epoch': 3.9}
{'loss': 0.4877, 'learning_rate': 6.486837875793198e-05, 'epoch': 3.91}
{'loss': 0.4534, 'learning_rate': 6.482507801934881e-05, 'epoch': 3.91}
{'loss': 0.4359, 'learning_rate': 6.478177728076563e-05, 'epoch': 3.92}
{'loss': 0.4344, 'learning_rate': 6.473847654218245e-05, 'epoch': 3.92}
{'loss': 0.4414, 'learning_rate': 6.46951758035993e-05, 'epoch': 3.92}
{'loss': 0.4783, 'learning_rate': 6.465187506501612e-05, 'epoch': 3.93}
{'loss': 0.4496, 'learning_rate': 6.460857432643296e-05, 'epoch': 3.93}
{'loss': 0.4737, 'learning_rate': 6.456527358784979e-05, 'epoch': 3.94}
{'loss': 0.4677, 'learning_rate': 6.452197284926663e-05, 'epoch': 3.94}
{'loss': 0.4475, 'learning_rate': 6.447867211068345e-05, 'epoch': 3.94}
{'loss': 0.4546, 'learning_rate': 6.443623738687195e-05, 'epoch': 3.95}
{'loss': 0.4652, 'learning_rate': 6.439293664828879e-05, 'epoch': 3.95}
{'loss': 0.4355, 'learning_rate': 6.434963590970562e-05, 'epoch': 3.96}
{'loss': 0.4247, 'learning_rate': 6.430633517112244e-05, 'epoch': 3.96}
{'loss': 0.4499, 'learning_rate': 6.426303443253926e-05, 'epoch': 3.96}
{'loss': 0.4219, 'learning_rate': 6.421973369395611e-05, 'epoch': 3.97}
{'loss': 0.4647, 'learning_rate': 6.417643295537293e-05, 'epoch': 3.97}
{'loss': 0.4494, 'learning_rate': 6.413313221678977e-05, 'epoch': 3.98}
{'loss': 0.4334, 'learning_rate': 6.40898314782066e-05, 'epoch': 3.98}
{'loss': 0.4206, 'learning_rate': 6.404653073962344e-05, 'epoch': 3.98}
{'loss': 0.4448, 'learning_rate': 6.400323000104026e-05, 'epoch': 3.99}
{'loss': 0.4322, 'learning_rate': 6.395992926245709e-05, 'epoch': 3.99}
{'loss': 0.4456, 'learning_rate': 6.391662852387393e-05, 'epoch': 4.0}
[INFO|trainer.py:520] 2026-10-04 16:45:26,879 >> The following columns in the evaluation set  don't have a corresponding argument in `PETLEncModel.forward` and have been ignored: idx, premise, hypothesis.
[INFO|trainer.py:2179] 2026-10-04 16:45:26,881 >> ***** Running Evaluation *****
[INFO|trainer.py:2181] 2026-10-04 16:45:26,881 >>   Num examples = 9815
[INFO|trainer.py:2184] 2026-10-04 16:45:26,881 >>   Batch size = 32
{'eval_loss': 0.39748668670654297, 'eval_accuracy': 0.8508405501782985, 'eval_runtime': 8.868, 'eval_samples_per_second': 1106.791, 'eval_steps_per_second': 34.619, 'epoch': 4.0}
[INFO|trainer.py:1933] 2026-10-04 16:45:35,750 >> Saving model checkpoint to checkpoints/glue/mnli/20261004/glue.mnli.prefix.am_prefix.ao_concat.fm_none.fo_parallel.abn.fbn.ac_add.fl_none.finit_lora.fs_4.unfrz_ef_.ne10.warm0.06.wd0.1.seed8./checkpoint-49088
[INFO|configuration_utils.py:364] 2026-10-04 16:45:35,751 >> Configuration saved in checkpoints/glue/mnli/20261004/glue.mnli.prefix.am_prefix.ao_concat.fm_none.fo_parallel.abn.fbn.ac_add.fl_none.finit_lora.fs_4.unfrz_ef_.ne10.warm0.06.wd0.1.seed8./checkpoint-49088/config.json
[INFO|modeling_utils.py:898] 2026-10-04 16:45:36,143 >> Model weights saved in checkpoints/glue/mnli/20261004/glue.mnli.prefix.am_prefix.ao_concat.fm_none.fo_parallel.abn.fbn.ac_add.fl_none.finit_lora.fs_4.unfrz_ef_.ne10.warm0.06.wd0.1.seed8./checkpoint-49088/pytorch_model.bin
[INFO|tokenization_utils_base.py:1948] 2026-10-04 16:45:36,144 >> tokenizer config file saved in checkpoints/glue/mnli/20261004/glue.mnli.prefix.am_prefix.ao_concat.fm_none.fo_parallel.abn.fbn.ac_add.fl_none.finit_lora.fs_4.unfrz_ef_.ne10.warm0.06.wd0.1.seed8./checkpoint-49088/tokenizer_config.json
[INFO|tokenization_utils_base.py:1954] 2026-10-04 16:45:36,145 >> Special tokens file saved in checkpoints/glue/mnli/20261004/glue.mnli.prefix.am_prefix.ao_concat.fm_none.fo_parallel.abn.fbn.ac_add.fl_none.finit_lora.fs_4.unfrz_ef_.ne10.warm0.06.wd0.1.seed8./checkpoint-49088/special_tokens_map.json
[INFO|trainer.py:2009] 2026-10-04 16:45:36,322 >> Deleting older checkpoint [checkpoints/glue/mnli/20261004/glue.mnli.prefix.am_prefix.ao_concat.fm_none.fo_parallel.abn.fbn.ac_add.fl_none.finit_lora.fs_4.unfrz_ef_.ne10.warm0.06.wd0.1.seed8./checkpoint-24544] due to args.save_total_limit
/work/unify-parameter-efficient-tuning/src/transformers/trainer.py:1784: FutureWarning: `torch.cuda.amp.autocast(args...)` is deprecated. Please use `torch.amp.autocast('cuda', args...)` instead.
  with autocast():
{'loss': 0.4273, 'learning_rate': 6.387332778529075e-05, 'epoch': 4.0}
{'loss': 0.4179, 'learning_rate': 6.383002704670758e-05, 'epoch': 4.01}
{'loss': 0.4507, 'learning_rate': 6.378672630812442e-05, 'epoch': 4.01}
{'loss': 0.4473, 'learning_rate': 6.374342556954124e-05, 'epoch': 4.01}
{'loss': 0.4245, 'learning_rate': 6.370012483095809e-05, 'epoch': 4.02}
{'loss': 0.4069, 'learning_rate': 6.365682409237492e-05, 'epoch': 4.02}
{'loss': 0.4393, 'learning_rate': 6.361352335379174e-05, 'epoch': 4.03}
{'loss': 0.4581, 'learning_rate': 6.357022261520858e-05, 'epoch': 4.03}
{'loss': 0.4211, 'learning_rate': 6.352692187662541e-05, 'epoch': 4.03}
{'loss': 0.4627, 'learning_rate': 6.348362113804223e-05, 'epoch': 4.04}
{'loss': 0.4195, 'learning_rate': 6.344032039945907e-05, 'epoch': 4.04}
{'loss': 0.449, 'learning_rate': 6.33970196608759e-05, 'epoch': 4.05}
{'loss': 0.4186, 'learning_rate': 6.335371892229272e-05, 'epoch': 4.05}
{'loss': 0.4591, 'learning_rate': 6.331041818370956e-05, 'epoch': 4.05}
{'loss': 0.4328, 'learning_rate': 6.326711744512641e-05, 'epoch': 4.06}
{'loss': 0.4282, 'learning_rate': 6.322381670654323e-05, 'epoch': 4.06}
{'loss': 0.4489, 'learning_rate': 6.318051596796005e-05, 'epoch': 4.07}
{'loss': 0.4196, 'learning_rate': 6.31372152293769e-05, 'epoch': 4.07}
{'loss': 0.4344, 'learning_rate': 6.309391449079372e-05, 'epoch': 4.07}
{'loss': 0.4428, 'learning_rate': 6.305061375221054e-05, 'epoch': 4.08}
{'loss': 0.4591, 'learning_rate': 6.300731301362739e-05, 'epoch': 4.08}
{'loss': 0.4283, 'learning_rate': 6.296401227504421e-05, 'epoch': 4.09}
{'loss': 0.4285, 'learning_rate': 6.292071153646105e-05, 'epoch': 4.09}
{'loss': 0.4277, 'learning_rate': 6.287741079787788e-05, 'epoch': 4.09}
{'loss': 0.4139, 'learning_rate': 6.283411005929471e-05, 'epoch': 4.1}
{'loss': 0.4377, 'learning_rate': 6.279080932071154e-05, 'epoch': 4.1}
{'loss': 0.4356, 'learning_rate': 6.274750858212837e-05, 'epoch': 4.11}
{'loss': 0.4468, 'learning_rate': 6.27042078435452e-05, 'epoch': 4.11}
{'loss': 0.4505, 'learning_rate': 6.266090710496203e-05, 'epoch': 4.12}
{'loss': 0.4448, 'learning_rate': 6.261760636637886e-05, 'epoch': 4.12}
{'loss': 0.4316, 'learning_rate': 6.25743056277957e-05, 'epoch': 4.12}
{'loss': 0.4096, 'learning_rate': 6.253100488921253e-05, 'epoch': 4.13}
{'loss': 0.4058, 'learning_rate': 6.248770415062937e-05, 'epoch': 4.13}
{'loss': 0.4306, 'learning_rate': 6.24444034120462e-05, 'epoch': 4.14}
{'loss': 0.4007, 'learning_rate': 6.240110267346302e-05, 'epoch': 4.14}
{'loss': 0.4391, 'learning_rate': 6.235866794965152e-05, 'epoch': 4.14}
{'loss': 0.4409, 'learning_rate': 6.231536721106834e-05, 'epoch': 4.15}
{'loss': 0.4213, 'learning_rate': 6.227206647248518e-05, 'epoch': 4.15}
{'loss': 0.4384, 'learning_rate': 6.222876573390201e-05, 'epoch': 4.16}
{'loss': 0.4422, 'learning_rate': 6.218546499531884e-05, 'epoch': 4.16}
{'loss': 0.4055, 'learning_rate': 6.214216425673567e-05, 'epoch': 4.16}
{'loss': 0.4494, 'learning_rate': 6.20988635181525e-05, 'epoch': 4.17}
{'loss': 0.4595, 'learning_rate': 6.205556277956934e-05, 'epoch': 4.17}
{'loss': 0.4132, 'learning_rate': 6.201226204098617e-05, 'epoch': 4.18}
{'loss': 0.4065, 'learning_rate': 6.196896130240301e-05, 'epoch': 4.18}
{'loss': 0.4551, 'learning_rate': 6.192566056381983e-05, 'epoch': 4.18}
{'loss': 0.4497, 'learning_rate': 6.188235982523667e-05, 'epoch': 4.19}
{'loss': 0.4276, 'learning_rate': 6.18390590866535e-05, 'epoch': 4.19}
{'loss': 0.4364, 'learning_rate': 6.179575834807032e-05, 'epoch': 4.2}
{'loss': 0.4455, 'learning_rate': 6.175245760948716e-05, 'epoch': 4.2}
{'loss': 0.459, 'learning_rate': 6.170915687090399e-05, 'epoch': 4.2}
{'loss': 0.4333, 'learning_rate': 6.166585613232081e-05, 'epoch': 4.21}
{'loss': 0.3993, 'learning_rate': 6.162255539373765e-05, 'epoch': 4.21}
{'loss': 0.4518, 'learning_rate': 6.15792546551545e-05, 'epoch': 4.22}
{'loss': 0.4314, 'learning_rate': 6.153595391657132e-05, 'epoch': 4.22}
{'loss': 0.4196, 'learning_rate': 6.149265317798814e-05, 'epoch': 4.23}
{'loss': 0.4365, 'learning_rate': 6.144935243940499e-05, 'epoch': 4.23}
{'loss': 0.4491, 'learning_rate': 6.140605170082181e-05, 'epoch': 4.23}
{'loss': 0.4276, 'learning_rate': 6.136275096223863e-05, 'epoch': 4.24}
{'loss': 0.4376, 'learning_rate': 6.131945022365546e-05, 'epoch': 4.24}
{'loss': 0.4307, 'learning_rate': 6.12761494850723e-05, 'epoch': 4.25}
{'loss': 0.432, 'learning_rate': 6.123284874648913e-05, 'epoch': 4.25}
{'loss': 0.4373, 'learning_rate': 6.118954800790597e-05, 'epoch': 4.25}
{'loss': 0.4235, 'learning_rate': 6.11462472693228e-05, 'epoch': 4.26}
{'loss': 0.4199, 'learning_rate': 6.110294653073962e-05, 'epoch': 4.26}
{'loss': 0.4464, 'learning_rate': 6.105964579215646e-05, 'epoch': 4.27}
{'loss': 0.4294, 'learning_rate': 6.1016345053573286e-05, 'epoch': 4.27}
{'loss': 0.4287, 'learning_rate': 6.097304431499013e-05, 'epoch': 4.27}
{'loss': 0.4066, 'learning_rate': 6.092974357640695e-05, 'epoch': 4.28}
{'loss': 0.4869, 'learning_rate': 6.088644283782379e-05, 'epoch': 4.28}
{'loss': 0.3843, 'learning_rate': 6.084314209924061e-05, 'epoch': 4.29}
{'loss': 0.4231, 'learning_rate': 6.079984136065745e-05, 'epoch': 4.29}
{'loss': 0.4325, 'learning_rate': 6.0756540622074274e-05, 'epoch': 4.29}
{'loss': 0.4388, 'learning_rate': 6.0714105898262776e-05, 'epoch': 4.3}
{'loss': 0.4453, 'learning_rate': 6.06708051596796e-05, 'epoch': 4.3}
{'loss': 0.4332, 'learning_rate': 6.062750442109644e-05, 'epoch': 4.31}
{'loss': 0.4297, 'learning_rate': 6.058420368251326e-05, 'epoch': 4.31}
{'loss': 0.4569, 'learning_rate': 6.05409029439301e-05, 'epoch': 4.31}
{'loss': 0.413, 'learning_rate': 6.049760220534692e-05, 'epoch': 4.32}
{'loss': 0.4286, 'learning_rate': 6.0454301466763764e-05, 'epoch': 4.32}
{'loss': 0.4349, 'learning_rate': 6.04110007281806e-05, 'epoch': 4.33}
{'loss': 0.4575, 'learning_rate': 6.0367699989597414e-05, 'epoch': 4.33}
{'loss': 0.4586, 'learning_rate': 6.0324399251014255e-05, 'epoch': 4.34}
{'loss': 0.4407, 'learning_rate': 6.028109851243109e-05, 'epoch': 4.34}
{'loss': 0.4313, 'learning_rate': 6.023779777384792e-05, 'epoch': 4.34}
{'loss': 0.4393, 'learning_rate': 6.019449703526475e-05, 'epoch': 4.35}
{'loss': 0.4504, 'learning_rate': 6.015119629668159e-05, 'epoch': 4.35}
{'loss': 0.4083, 'learning_rate': 6.01078955580984e-05, 'epoch': 4.36}
{'loss': 0.424, 'learning_rate': 6.006459481951524e-05, 'epoch': 4.36}
{'loss': 0.4392, 'learning_rate': 6.002129408093209e-05, 'epoch': 4.36}
{'loss': 0.4007, 'learning_rate': 5.9977993342348906e-05, 'epoch': 4.37}
{'loss': 0.4147, 'learning_rate': 5.993469260376573e-05, 'epoch': 4.37}
{'loss': 0.4201, 'learning_rate': 5.9891391865182576e-05, 'epoch': 4.38}
{'loss': 0.427, 'learning_rate': 5.9848091126599404e-05, 'epoch': 4.38}
{'loss': 0.4618, 'learning_rate': 5.980479038801623e-05, 'epoch': 4.38}
{'loss': 0.4239, 'learning_rate': 5.976148964943305e-05, 'epoch': 4.39}
{'loss': 0.464, 'learning_rate': 5.9718188910849894e-05, 'epoch': 4.39}
{'loss': 0.46, 'learning_rate': 5.9674888172266715e-05, 'epoch': 4.4}
{'loss': 0.4135, 'learning_rate': 5.963158743368356e-05, 'epoch': 4.4}
{'loss': 0.422, 'learning_rate': 5.958828669510039e-05, 'epoch': 4.4}
{'loss': 0.4361, 'learning_rate': 5.9544985956517206e-05, 'epoch': 4.41}
{'loss': 0.4285, 'learning_rate': 5.950168521793405e-05, 'epoch': 4.41}
{'loss': 0.4526, 'learning_rate': 5.945838447935089e-05, 'epoch': 4.42}
{'loss': 0.4351, 'learning_rate': 5.941508374076771e-05, 'epoch': 4.42}
{'loss': 0.4225, 'learning_rate': 5.9371783002184545e-05, 'epoch': 4.42}
{'loss': 0.428, 'learning_rate': 5.932848226360138e-05, 'epoch': 4.43}
{'loss': 0.4387, 'learning_rate': 5.928518152501821e-05, 'epoch': 4.43}
{'loss': 0.4307, 'learning_rate': 5.924188078643504e-05, 'epoch': 4.44}
{'loss': 0.4332, 'learning_rate': 5.9198580047851884e-05, 'epoch': 4.44}
{'loss': 0.4129, 'learning_rate': 5.91552793092687e-05, 'epoch': 4.45}
{'loss': 0.4143, 'learning_rate': 5.9111978570685533e-05, 'epoch': 4.45}
{'loss': 0.4272, 'learning_rate': 5.906867783210237e-05, 'epoch': 4.45}
{'loss': 0.4717, 'learning_rate': 5.9025377093519196e-05, 'epoch': 4.46}
{'loss': 0.4306, 'learning_rate': 5.8982076354936024e-05, 'epoch': 4.46}
{'loss': 0.4549, 'learning_rate': 5.893877561635287e-05, 'epoch': 4.47}
{'loss': 0.4445, 'learning_rate': 5.8895474877769694e-05, 'epoch': 4.47}
{'loss': 0.437, 'learning_rate': 5.885217413918651e-05, 'epoch': 4.47}
{'loss': 0.4492, 'learning_rate': 5.8808873400603356e-05, 'epoch': 4.48}
{'loss': 0.4524, 'learning_rate': 5.8765572662020184e-05, 'epoch': 4.48}
{'loss': 0.4273, 'learning_rate': 5.872227192343701e-05, 'epoch': 4.49}
{'loss': 0.4216, 'learning_rate': 5.867897118485385e-05, 'epoch': 4.49}
{'loss': 0.4168, 'learning_rate': 5.863567044627068e-05, 'epoch': 4.49}
{'loss': 0.4451, 'learning_rate': 5.85923697076875e-05, 'epoch': 4.5}
{'loss': 0.435, 'learning_rate': 5.854906896910434e-05, 'epoch': 4.5}
{'loss': 0.4475, 'learning_rate': 5.850576823052117e-05, 'epoch': 4.51}
{'loss': 0.4326, 'learning_rate': 5.8462467491938e-05, 'epoch': 4.51}
{'loss': 0.4407, 'learning_rate': 5.8419166753354835e-05, 'epoch': 4.51}
{'loss': 0.4188, 'learning_rate': 5.837586601477168e-05, 'epoch': 4.52}
{'loss': 0.4263, 'learning_rate': 5.83325652761885e-05, 'epoch': 4.52}
{'loss': 0.4212, 'learning_rate': 5.828926453760534e-05, 'epoch': 4.53}
{'loss': 0.4597, 'learning_rate': 5.824596379902216e-05, 'epoch': 4.53}
{'loss': 0.4184, 'learning_rate': 5.820266306043899e-05, 'epoch': 4.53}
{'loss': 0.4209, 'learning_rate': 5.8159362321855823e-05, 'epoch': 4.54}
{'loss': 0.4605, 'learning_rate': 5.8116061583272665e-05, 'epoch': 4.54}
{'loss': 0.4619, 'learning_rate': 5.8072760844689486e-05, 'epoch': 4.55}
{'loss': 0.4051, 'learning_rate': 5.802946010610633e-05, 'epoch': 4.55}
{'loss': 0.4554, 'learning_rate': 5.798615936752315e-05, 'epoch': 4.56}
{'loss': 0.4552, 'learning_rate': 5.794285862893998e-05, 'epoch': 4.56}
{'loss': 0.4312, 'learning_rate': 5.7899557890356805e-05, 'epoch': 4.56}
{'loss': 0.4494, 'learning_rate': 5.785625715177365e-05, 'epoch': 4.57}
{'loss': 0.4507, 'learning_rate': 5.7812956413190474e-05, 'epoch': 4.57}
{'loss': 0.4343, 'learning_rate': 5.77696556746073e-05, 'epoch': 4.58}
{'loss': 0.4259, 'learning_rate': 5.7726354936024144e-05, 'epoch': 4.58}
{'loss': 0.3873, 'learning_rate': 5.7683054197440965e-05, 'epoch': 4.58}
{'loss': 0.4583, 'learning_rate': 5.763975345885779e-05, 'epoch': 4.59}
{'loss': 0.4311, 'learning_rate': 5.759645272027463e-05, 'epoch': 4.59}
{'loss': 0.4314, 'learning_rate': 5.755315198169147e-05, 'epoch': 4.6}
{'loss': 0.4419, 'learning_rate': 5.750985124310829e-05, 'epoch': 4.6}
{'loss': 0.4235, 'learning_rate': 5.746655050452513e-05, 'epoch': 4.6}
{'loss': 0.4375, 'learning_rate': 5.742324976594195e-05, 'epoch': 4.61}
{'loss': 0.431, 'learning_rate': 5.737994902735878e-05, 'epoch': 4.61}
{'loss': 0.4231, 'learning_rate': 5.7336648288775616e-05, 'epoch': 4.62}
{'loss': 0.4096, 'learning_rate': 5.729334755019246e-05, 'epoch': 4.62}
{'loss': 0.4497, 'learning_rate': 5.725004681160928e-05, 'epoch': 4.62}
{'loss': 0.4238, 'learning_rate': 5.720674607302612e-05, 'epoch': 4.63}
{'loss': 0.4085, 'learning_rate': 5.716344533444294e-05, 'epoch': 4.63}
{'loss': 0.4437, 'learning_rate': 5.712014459585978e-05, 'epoch': 4.64}
{'loss': 0.4302, 'learning_rate': 5.7076843857276604e-05, 'epoch': 4.64}
{'loss': 0.4463, 'learning_rate': 5.7033543118693446e-05, 'epoch': 4.64}
{'loss': 0.4146, 'learning_rate': 5.699024238011027e-05, 'epoch': 4.65}
{'loss': 0.4656, 'learning_rate': 5.694694164152711e-05, 'epoch': 4.65}
{'loss': 0.457, 'learning_rate': 5.690364090294394e-05, 'epoch': 4.66}
{'loss': 0.4485, 'learning_rate': 5.686034016436076e-05, 'epoch': 4.66}
{'loss': 0.4267, 'learning_rate': 5.681790544054926e-05, 'epoch': 4.67}
{'loss': 0.4593, 'learning_rate': 5.677460470196608e-05, 'epoch': 4.67}
{'loss': 0.455, 'learning_rate': 5.673130396338292e-05, 'epoch': 4.67}
{'loss': 0.4222, 'learning_rate': 5.668800322479976e-05, 'epoch': 4.68}
{'loss': 0.4185, 'learning_rate': 5.6644702486216585e-05, 'epoch': 4.68}
{'loss': 0.4369, 'learning_rate': 5.660140174763342e-05, 'epoch': 4.69}
{'loss': 0.4157, 'learning_rate': 5.6558101009050255e-05, 'epoch': 4.69}
{'loss': 0.4454, 'learning_rate': 5.651480027046707e-05, 'epoch': 4.69}
{'loss': 0.4187, 'learning_rate': 5.647149953188391e-05, 'epoch': 4.7}
{'loss': 0.4401, 'learning_rate': 5.6428198793300746e-05, 'epoch': 4.7}
{'loss': 0.4321, 'learning_rate': 5.6384898054717574e-05, 'epoch': 4.71}
{'loss': 0.417, 'learning_rate': 5.634159731613441e-05, 'epoch': 4.71}
{'loss': 0.4422, 'learning_rate': 5.629829657755124e-05, 'epoch': 4.71}
{'loss': 0.4241, 'learning_rate': 5.6254995838968064e-05, 'epoch': 4.72}
{'loss': 0.4128, 'learning_rate': 5.6211695100384885e-05, 'epoch': 4.72}
{'loss': 0.4369, 'learning_rate': 5.616839436180175e-05, 'epoch': 4.73}
{'loss': 0.4255, 'learning_rate': 5.612509362321856e-05, 'epoch': 4.73}
{'loss': 0.451, 'learning_rate': 5.608179288463539e-05, 'epoch': 4.73}
{'loss': 0.4363, 'learning_rate': 5.6038492146052224e-05, 'epoch': 4.74}
{'loss': 0.4023, 'learning_rate': 5.599519140746906e-05, 'epoch': 4.74}
{'loss': 0.452, 'learning_rate': 5.5951890668885874e-05, 'epoch': 4.75}
{'loss': 0.4142, 'learning_rate': 5.5908589930302715e-05, 'epoch': 4.75}
{'loss': 0.4247, 'learning_rate': 5.586528919171955e-05, 'epoch': 4.75}
{'loss': 0.4507, 'learning_rate': 5.582198845313638e-05, 'epoch': 4.76}
{'loss': 0.4683, 'learning_rate': 5.577868771455321e-05, 'epoch': 4.76}
{'loss': 0.4291, 'learning_rate': 5.573538697597005e-05, 'epoch': 4.77}
{'loss': 0.4293, 'learning_rate': 5.569208623738686e-05, 'epoch': 4.77}
{'loss': 0.4385, 'learning_rate': 5.564878549880371e-05, 'epoch': 4.78}
{'loss': 0.4208, 'learning_rate': 5.560548476022055e-05, 'epoch': 4.78}
{'loss': 0.4307, 'learning_rate': 5.5562184021637366e-05, 'epoch': 4.78}
{'loss': 0.4115, 'learning_rate': 5.55188832830542e-05, 'epoch': 4.79}
{'loss': 0.4348, 'learning_rate': 5.5475582544471036e-05, 'epoch': 4.79}
{'loss': 0.4573, 'learning_rate': 5.5432281805887864e-05, 'epoch': 4.8}
{'loss': 0.4471, 'learning_rate': 5.53889810673047e-05, 'epoch': 4.8}
{'loss': 0.4182, 'learning_rate': 5.534568032872154e-05, 'epoch': 4.8}
{'loss': 0.4406, 'learning_rate': 5.5302379590138354e-05, 'epoch': 4.81}
{'loss': 0.4237, 'learning_rate': 5.525907885155518e-05, 'epoch': 4.81}
{'loss': 0.4519, 'learning_rate': 5.521577811297203e-05, 'epoch': 4.82}
{'loss': 0.3975, 'learning_rate': 5.517247737438885e-05, 'epoch': 4.82}
{'loss': 0.424, 'learning_rate': 5.5129176635805666e-05, 'epoch': 4.82}
{'loss': 0.4159, 'learning_rate': 5.5085875897222515e-05, 'epoch': 4.83}
{'loss': 0.4542, 'learning_rate': 5.5042575158639356e-05, 'epoch': 4.83}
{'loss': 0.4491, 'learning_rate': 5.499927442005617e-05, 'epoch': 4.84}
{'loss': 0.4573, 'learning_rate': 5.4955973681473005e-05, 'epoch': 4.84}
{'loss': 0.4445, 'learning_rate': 5.491267294288984e-05, 'epoch': 4.84}
{'loss': 0.4634, 'learning_rate': 5.486937220430667e-05, 'epoch': 4.85}
{'loss': 0.4278, 'learning_rate': 5.48260714657235e-05, 'epoch': 4.85}
{'loss': 0.4297, 'learning_rate': 5.4782770727140344e-05, 'epoch': 4.86}
{'loss': 0.4386, 'learning_rate': 5.473946998855716e-05, 'epoch': 4.86}
{'loss': 0.4213, 'learning_rate': 5.469616924997401e-05, 'epoch': 4.86}
{'loss': 0.4023, 'learning_rate': 5.465286851139083e-05, 'epoch': 4.87}
{'loss': 0.4119, 'learning_rate': 5.4609567772807656e-05, 'epoch': 4.87}
{'loss': 0.4337, 'learning_rate': 5.456626703422449e-05, 'epoch': 4.88}
{'loss': 0.4461, 'learning_rate': 5.452296629564133e-05, 'epoch': 4.88}
{'loss': 0.396, 'learning_rate': 5.447966555705816e-05, 'epoch': 4.89}
{'loss': 0.4588, 'learning_rate': 5.443636481847498e-05, 'epoch': 4.89}
{'loss': 0.4407, 'learning_rate': 5.439306407989182e-05, 'epoch': 4.89}
{'loss': 0.4187, 'learning_rate': 5.4349763341308644e-05, 'epoch': 4.9}
{'loss': 0.444, 'learning_rate': 5.4306462602725486e-05, 'epoch': 4.9}
{'loss': 0.4575, 'learning_rate': 5.426316186414232e-05, 'epoch': 4.91}
{'loss': 0.4354, 'learning_rate': 5.421986112555915e-05, 'epoch': 4.91}
{'loss': 0.4536, 'learning_rate': 5.417656038697596e-05, 'epoch': 4.91}
{'loss': 0.4586, 'learning_rate': 5.413325964839281e-05, 'epoch': 4.92}
{'loss': 0.449, 'learning_rate': 5.408995890980963e-05, 'epoch': 4.92}
{'loss': 0.4148, 'learning_rate': 5.404665817122646e-05, 'epoch': 4.93}
{'loss': 0.4087, 'learning_rate': 5.400335743264331e-05, 'epoch': 4.93}
{'loss': 0.419, 'learning_rate': 5.396005669406014e-05, 'epoch': 4.93}
{'loss': 0.4193, 'learning_rate': 5.391675595547696e-05, 'epoch': 4.94}
{'loss': 0.4246, 'learning_rate': 5.38734552168938e-05, 'epoch': 4.94}
{'loss': 0.454, 'learning_rate': 5.383015447831062e-05, 'epoch': 4.95}
{'loss': 0.4518, 'learning_rate': 5.378685373972745e-05, 'epoch': 4.95}
{'loss': 0.4449, 'learning_rate': 5.3743553001144284e-05, 'epoch': 4.95}
{'loss': 0.444, 'learning_rate': 5.3700252262561125e-05, 'epoch': 4.96}
{'loss': 0.417, 'learning_rate': 5.3656951523977946e-05, 'epoch': 4.96}
{'loss': 0.4232, 'learning_rate': 5.3613650785394774e-05, 'epoch': 4.97}
{'loss': 0.4723, 'learning_rate': 5.3570350046811616e-05, 'epoch': 4.97}
{'loss': 0.4411, 'learning_rate': 5.352704930822844e-05, 'epoch': 4.97}
{'loss': 0.4263, 'learning_rate': 5.348374856964528e-05, 'epoch': 4.98}
{'loss': 0.4192, 'learning_rate': 5.344044783106211e-05, 'epoch': 4.98}
{'loss': 0.4184, 'learning_rate': 5.339714709247894e-05, 'epoch': 4.99}
{'loss': 0.416, 'learning_rate': 5.335384635389576e-05, 'epoch': 4.99}
{'loss': 0.3747, 'learning_rate': 5.3311411630084265e-05, 'epoch': 5.0}
{'loss': 0.4544, 'learning_rate': 5.3268110891501086e-05, 'epoch': 5.0}
[INFO|trainer.py:520] 2026-10-04 16:50:37,746 >> The following columns in the evaluation set  don't have a corresponding argument in `PETLEncModel.forward` and have been ignored: idx, premise, hypothesis.
[INFO|trainer.py:2179] 2026-10-04 16:50:37,748 >> ***** Running Evaluation *****
[INFO|trainer.py:2181] 2026-10-04 16:50:37,748 >>   Num examples = 9815
[INFO|trainer.py:2184] 2026-10-04 16:50:37,748 >>   Batch size = 32
{'eval_loss': 0.3918023109436035, 'eval_accuracy': 0.850636780438105, 'eval_runtime': 8.9914, 'eval_samples_per_second': 1091.598, 'eval_steps_per_second': 34.144, 'epoch': 5.0}
[INFO|trainer.py:1933] 2026-10-04 16:50:46,740 >> Saving model checkpoint to checkpoints/glue/mnli/20261004/glue.mnli.prefix.am_prefix.ao_concat.fm_none.fo_parallel.abn.fbn.ac_add.fl_none.finit_lora.fs_4.unfrz_ef_.ne10.warm0.06.wd0.1.seed8./checkpoint-61360
[INFO|configuration_utils.py:364] 2026-10-04 16:50:46,742 >> Configuration saved in checkpoints/glue/mnli/20261004/glue.mnli.prefix.am_prefix.ao_concat.fm_none.fo_parallel.abn.fbn.ac_add.fl_none.finit_lora.fs_4.unfrz_ef_.ne10.warm0.06.wd0.1.seed8./checkpoint-61360/config.json
[INFO|modeling_utils.py:898] 2026-10-04 16:50:47,095 >> Model weights saved in checkpoints/glue/mnli/20261004/glue.mnli.prefix.am_prefix.ao_concat.fm_none.fo_parallel.abn.fbn.ac_add.fl_none.finit_lora.fs_4.unfrz_ef_.ne10.warm0.06.wd0.1.seed8./checkpoint-61360/pytorch_model.bin
[INFO|tokenization_utils_base.py:1948] 2026-10-04 16:50:47,096 >> tokenizer config file saved in checkpoints/glue/mnli/20261004/glue.mnli.prefix.am_prefix.ao_concat.fm_none.fo_parallel.abn.fbn.ac_add.fl_none.finit_lora.fs_4.unfrz_ef_.ne10.warm0.06.wd0.1.seed8./checkpoint-61360/tokenizer_config.json
[INFO|tokenization_utils_base.py:1954] 2026-10-04 16:50:47,097 >> Special tokens file saved in checkpoints/glue/mnli/20261004/glue.mnli.prefix.am_prefix.ao_concat.fm_none.fo_parallel.abn.fbn.ac_add.fl_none.finit_lora.fs_4.unfrz_ef_.ne10.warm0.06.wd0.1.seed8./checkpoint-61360/special_tokens_map.json
[INFO|trainer.py:2009] 2026-10-04 16:50:47,228 >> Deleting older checkpoint [checkpoints/glue/mnli/20261004/glue.mnli.prefix.am_prefix.ao_concat.fm_none.fo_parallel.abn.fbn.ac_add.fl_none.finit_lora.fs_4.unfrz_ef_.ne10.warm0.06.wd0.1.seed8./checkpoint-36816] due to args.save_total_limit
/work/unify-parameter-efficient-tuning/src/transformers/trainer.py:1784: FutureWarning: `torch.cuda.amp.autocast(args...)` is deprecated. Please use `torch.amp.autocast('cuda', args...)` instead.
  with autocast():
{'loss': 0.4385, 'learning_rate': 5.322481015291793e-05, 'epoch': 5.0}
{'loss': 0.4111, 'learning_rate': 5.318150941433475e-05, 'epoch': 5.01}
{'loss': 0.4268, 'learning_rate': 5.313820867575159e-05, 'epoch': 5.01}
{'loss': 0.4176, 'learning_rate': 5.3094907937168425e-05, 'epoch': 5.02}
{'loss': 0.4073, 'learning_rate': 5.305160719858525e-05, 'epoch': 5.02}
{'loss': 0.4021, 'learning_rate': 5.300830646000209e-05, 'epoch': 5.02}
{'loss': 0.4435, 'learning_rate': 5.296500572141892e-05, 'epoch': 5.03}
{'loss': 0.4269, 'learning_rate': 5.2921704982835744e-05, 'epoch': 5.03}
{'loss': 0.4336, 'learning_rate': 5.287840424425258e-05, 'epoch': 5.04}
{'loss': 0.4301, 'learning_rate': 5.283510350566941e-05, 'epoch': 5.04}
{'loss': 0.4274, 'learning_rate': 5.279180276708624e-05, 'epoch': 5.04}
{'loss': 0.4247, 'learning_rate': 5.2748502028503076e-05, 'epoch': 5.05}
{'loss': 0.4326, 'learning_rate': 5.270520128991992e-05, 'epoch': 5.05}
{'loss': 0.4509, 'learning_rate': 5.266190055133673e-05, 'epoch': 5.06}
{'loss': 0.4664, 'learning_rate': 5.261859981275355e-05, 'epoch': 5.06}
{'loss': 0.4469, 'learning_rate': 5.25752990741704e-05, 'epoch': 5.06}
{'loss': 0.4295, 'learning_rate': 5.253199833558723e-05, 'epoch': 5.07}
{'loss': 0.4386, 'learning_rate': 5.248869759700406e-05, 'epoch': 5.07}
{'loss': 0.4116, 'learning_rate': 5.2445396858420906e-05, 'epoch': 5.08}
{'loss': 0.4277, 'learning_rate': 5.240209611983773e-05, 'epoch': 5.08}
{'loss': 0.4229, 'learning_rate': 5.235879538125454e-05, 'epoch': 5.08}
{'loss': 0.4476, 'learning_rate': 5.231636065744305e-05, 'epoch': 5.09}
{'loss': 0.4265, 'learning_rate': 5.227305991885989e-05, 'epoch': 5.09}
{'loss': 0.4273, 'learning_rate': 5.222975918027671e-05, 'epoch': 5.1}
{'loss': 0.4138, 'learning_rate': 5.218645844169354e-05, 'epoch': 5.1}
{'loss': 0.4029, 'learning_rate': 5.214315770311038e-05, 'epoch': 5.11}
{'loss': 0.4295, 'learning_rate': 5.2099856964527203e-05, 'epoch': 5.11}
{'loss': 0.4284, 'learning_rate': 5.2056556225944045e-05, 'epoch': 5.11}
{'loss': 0.4103, 'learning_rate': 5.201325548736086e-05, 'epoch': 5.12}
{'loss': 0.3996, 'learning_rate': 5.196995474877771e-05, 'epoch': 5.12}
{'loss': 0.4411, 'learning_rate': 5.192665401019453e-05, 'epoch': 5.13}
{'loss': 0.4326, 'learning_rate': 5.188335327161136e-05, 'epoch': 5.13}
{'loss': 0.4248, 'learning_rate': 5.1840052533028205e-05, 'epoch': 5.13}
{'loss': 0.4407, 'learning_rate': 5.179675179444503e-05, 'epoch': 5.14}
{'loss': 0.4449, 'learning_rate': 5.1753451055861854e-05, 'epoch': 5.14}
{'loss': 0.4181, 'learning_rate': 5.1710150317278696e-05, 'epoch': 5.15}
{'loss': 0.3917, 'learning_rate': 5.166684957869552e-05, 'epoch': 5.15}
{'loss': 0.454, 'learning_rate': 5.1623548840112345e-05, 'epoch': 5.15}
{'loss': 0.4369, 'learning_rate': 5.158024810152918e-05, 'epoch': 5.16}
{'loss': 0.4099, 'learning_rate': 5.153694736294602e-05, 'epoch': 5.16}
{'loss': 0.4095, 'learning_rate': 5.149364662436284e-05, 'epoch': 5.17}
{'loss': 0.4141, 'learning_rate': 5.1450345885779684e-05, 'epoch': 5.17}
{'loss': 0.4215, 'learning_rate': 5.1407045147196505e-05, 'epoch': 5.17}
{'loss': 0.4243, 'learning_rate': 5.136374440861333e-05, 'epoch': 5.18}
{'loss': 0.4296, 'learning_rate': 5.1320443670030175e-05, 'epoch': 5.18}
{'loss': 0.4084, 'learning_rate': 5.127714293144701e-05, 'epoch': 5.19}
{'loss': 0.4195, 'learning_rate': 5.123384219286384e-05, 'epoch': 5.19}
{'loss': 0.4285, 'learning_rate': 5.119054145428066e-05, 'epoch': 5.19}
{'loss': 0.397, 'learning_rate': 5.11472407156975e-05, 'epoch': 5.2}
{'loss': 0.4365, 'learning_rate': 5.110393997711432e-05, 'epoch': 5.2}
{'loss': 0.4062, 'learning_rate': 5.106063923853116e-05, 'epoch': 5.21}
{'loss': 0.4017, 'learning_rate': 5.1017338499948e-05, 'epoch': 5.21}
{'loss': 0.4513, 'learning_rate': 5.0974037761364826e-05, 'epoch': 5.22}
{'loss': 0.4373, 'learning_rate': 5.093073702278165e-05, 'epoch': 5.22}
{'loss': 0.4004, 'learning_rate': 5.0887436284198495e-05, 'epoch': 5.22}
{'loss': 0.4093, 'learning_rate': 5.084413554561531e-05, 'epoch': 5.23}
{'loss': 0.3868, 'learning_rate': 5.080083480703214e-05, 'epoch': 5.23}
{'loss': 0.4356, 'learning_rate': 5.075753406844897e-05, 'epoch': 5.24}
{'loss': 0.4336, 'learning_rate': 5.0714233329865814e-05, 'epoch': 5.24}
{'loss': 0.4217, 'learning_rate': 5.0670932591282635e-05, 'epoch': 5.24}
{'loss': 0.4213, 'learning_rate': 5.062763185269948e-05, 'epoch': 5.25}
{'loss': 0.4354, 'learning_rate': 5.05843311141163e-05, 'epoch': 5.25}
{'loss': 0.4157, 'learning_rate': 5.054103037553314e-05, 'epoch': 5.26}
{'loss': 0.4316, 'learning_rate': 5.049772963694997e-05, 'epoch': 5.26}
{'loss': 0.427, 'learning_rate': 5.04544288983668e-05, 'epoch': 5.26}
{'loss': 0.4432, 'learning_rate': 5.041112815978363e-05, 'epoch': 5.27}
{'loss': 0.4604, 'learning_rate': 5.0368693435972126e-05, 'epoch': 5.27}
{'loss': 0.4284, 'learning_rate': 5.0325392697388954e-05, 'epoch': 5.28}
{'loss': 0.3875, 'learning_rate': 5.02820919588058e-05, 'epoch': 5.28}
{'loss': 0.4269, 'learning_rate': 5.0238791220222616e-05, 'epoch': 5.28}
{'loss': 0.3962, 'learning_rate': 5.019549048163944e-05, 'epoch': 5.29}
{'loss': 0.4232, 'learning_rate': 5.015218974305628e-05, 'epoch': 5.29}
{'loss': 0.4267, 'learning_rate': 5.0108889004473114e-05, 'epoch': 5.3}
{'loss': 0.3847, 'learning_rate': 5.006558826588994e-05, 'epoch': 5.3}
{'loss': 0.4442, 'learning_rate': 5.0022287527306776e-05, 'epoch': 5.3}
{'loss': 0.4473, 'learning_rate': 4.997898678872361e-05, 'epoch': 5.31}
{'loss': 0.3922, 'learning_rate': 4.993568605014043e-05, 'epoch': 5.31}
{'loss': 0.4307, 'learning_rate': 4.989238531155727e-05, 'epoch': 5.32}
{'loss': 0.4486, 'learning_rate': 4.98490845729741e-05, 'epoch': 5.32}
{'loss': 0.4131, 'learning_rate': 4.980578383439093e-05, 'epoch': 5.33}
{'loss': 0.3994, 'learning_rate': 4.9762483095807765e-05, 'epoch': 5.33}
{'loss': 0.3924, 'learning_rate': 4.97191823572246e-05, 'epoch': 5.33}
{'loss': 0.3986, 'learning_rate': 4.967588161864142e-05, 'epoch': 5.34}
{'loss': 0.4195, 'learning_rate': 4.963258088005826e-05, 'epoch': 5.34}
{'loss': 0.4261, 'learning_rate': 4.95892801414751e-05, 'epoch': 5.35}
{'loss': 0.3979, 'learning_rate': 4.954597940289192e-05, 'epoch': 5.35}
{'loss': 0.3643, 'learning_rate': 4.950267866430875e-05, 'epoch': 5.35}
{'loss': 0.41, 'learning_rate': 4.945937792572558e-05, 'epoch': 5.36}
{'loss': 0.4181, 'learning_rate': 4.9416077187142416e-05, 'epoch': 5.36}
{'loss': 0.4343, 'learning_rate': 4.937277644855925e-05, 'epoch': 5.37}
{'loss': 0.4215, 'learning_rate': 4.932947570997607e-05, 'epoch': 5.37}
{'loss': 0.4707, 'learning_rate': 4.9286174971392906e-05, 'epoch': 5.37}
{'loss': 0.4269, 'learning_rate': 4.924287423280974e-05, 'epoch': 5.38}
{'loss': 0.4153, 'learning_rate': 4.919957349422657e-05, 'epoch': 5.38}
{'loss': 0.3904, 'learning_rate': 4.9156272755643404e-05, 'epoch': 5.39}
{'loss': 0.447, 'learning_rate': 4.911297201706024e-05, 'epoch': 5.39}
{'loss': 0.4306, 'learning_rate': 4.9069671278477067e-05, 'epoch': 5.39}
{'loss': 0.4176, 'learning_rate': 4.90263705398939e-05, 'epoch': 5.4}
{'loss': 0.3885, 'learning_rate': 4.898306980131072e-05, 'epoch': 5.4}
{'loss': 0.4328, 'learning_rate': 4.893976906272756e-05, 'epoch': 5.41}
{'loss': 0.419, 'learning_rate': 4.889646832414439e-05, 'epoch': 5.41}
{'loss': 0.4455, 'learning_rate': 4.885316758556122e-05, 'epoch': 5.41}
{'loss': 0.3904, 'learning_rate': 4.8809866846978055e-05, 'epoch': 5.42}
{'loss': 0.4326, 'learning_rate': 4.876656610839489e-05, 'epoch': 5.42}
{'loss': 0.43, 'learning_rate': 4.872326536981171e-05, 'epoch': 5.43}
{'loss': 0.3934, 'learning_rate': 4.867996463122855e-05, 'epoch': 5.43}
{'loss': 0.431, 'learning_rate': 4.863666389264539e-05, 'epoch': 5.44}
{'loss': 0.4476, 'learning_rate': 4.859336315406221e-05, 'epoch': 5.44}
{'loss': 0.4035, 'learning_rate': 4.855006241547904e-05, 'epoch': 5.44}
{'loss': 0.4209, 'learning_rate': 4.850676167689587e-05, 'epoch': 5.45}
{'loss': 0.4135, 'learning_rate': 4.8463460938312706e-05, 'epoch': 5.45}
{'loss': 0.4055, 'learning_rate': 4.842016019972954e-05, 'epoch': 5.46}
{'loss': 0.4181, 'learning_rate': 4.837685946114636e-05, 'epoch': 5.46}
{'loss': 0.4546, 'learning_rate': 4.8333558722563196e-05, 'epoch': 5.46}
{'loss': 0.426, 'learning_rate': 4.829025798398003e-05, 'epoch': 5.47}
{'loss': 0.4277, 'learning_rate': 4.824695724539686e-05, 'epoch': 5.47}
{'loss': 0.3986, 'learning_rate': 4.8203656506813694e-05, 'epoch': 5.48}
{'loss': 0.4281, 'learning_rate': 4.816035576823053e-05, 'epoch': 5.48}
{'loss': 0.4237, 'learning_rate': 4.811705502964736e-05, 'epoch': 5.48}
{'loss': 0.4064, 'learning_rate': 4.807375429106419e-05, 'epoch': 5.49}
{'loss': 0.4363, 'learning_rate': 4.8030453552481026e-05, 'epoch': 5.49}
{'loss': 0.4307, 'learning_rate': 4.798715281389785e-05, 'epoch': 5.5}
{'loss': 0.409, 'learning_rate': 4.794385207531468e-05, 'epoch': 5.5}
{'loss': 0.4228, 'learning_rate': 4.790055133673151e-05, 'epoch': 5.5}
{'loss': 0.4322, 'learning_rate': 4.7857250598148345e-05, 'epoch': 5.51}
{'loss': 0.4248, 'learning_rate': 4.781394985956518e-05, 'epoch': 5.51}
{'loss': 0.3796, 'learning_rate': 4.7770649120982e-05, 'epoch': 5.52}
{'loss': 0.3967, 'learning_rate': 4.7727348382398836e-05, 'epoch': 5.52}
{'loss': 0.447, 'learning_rate': 4.768404764381568e-05, 'epoch': 5.52}
{'loss': 0.4225, 'learning_rate': 4.76407469052325e-05, 'epoch': 5.53}
{'loss': 0.4047, 'learning_rate': 4.759744616664933e-05, 'epoch': 5.53}
{'loss': 0.4425, 'learning_rate': 4.755414542806617e-05, 'epoch': 5.54}
{'loss': 0.4178, 'learning_rate': 4.7510844689482996e-05, 'epoch': 5.54}
{'loss': 0.3964, 'learning_rate': 4.746754395089983e-05, 'epoch': 5.55}
{'loss': 0.4151, 'learning_rate': 4.742424321231665e-05, 'epoch': 5.55}
{'loss': 0.3943, 'learning_rate': 4.7380942473733487e-05, 'epoch': 5.55}
{'loss': 0.4312, 'learning_rate': 4.733764173515032e-05, 'epoch': 5.56}
{'loss': 0.423, 'learning_rate': 4.729434099656715e-05, 'epoch': 5.56}
{'loss': 0.4325, 'learning_rate': 4.7251040257983984e-05, 'epoch': 5.57}
{'loss': 0.4177, 'learning_rate': 4.720773951940082e-05, 'epoch': 5.57}
{'loss': 0.4463, 'learning_rate': 4.716443878081764e-05, 'epoch': 5.57}
{'loss': 0.4329, 'learning_rate': 4.712113804223448e-05, 'epoch': 5.58}
{'loss': 0.45, 'learning_rate': 4.7077837303651316e-05, 'epoch': 5.58}
{'loss': 0.3975, 'learning_rate': 4.703453656506814e-05, 'epoch': 5.59}
{'loss': 0.3945, 'learning_rate': 4.699123582648497e-05, 'epoch': 5.59}
{'loss': 0.3921, 'learning_rate': 4.69479350879018e-05, 'epoch': 5.59}
{'loss': 0.4439, 'learning_rate': 4.6904634349318635e-05, 'epoch': 5.6}
{'loss': 0.4255, 'learning_rate': 4.686133361073547e-05, 'epoch': 5.6}
{'loss': 0.4265, 'learning_rate': 4.681803287215229e-05, 'epoch': 5.61}
{'loss': 0.4204, 'learning_rate': 4.6774732133569126e-05, 'epoch': 5.61}
{'loss': 0.4253, 'learning_rate': 4.673143139498596e-05, 'epoch': 5.61}
{'loss': 0.4028, 'learning_rate': 4.668899667117445e-05, 'epoch': 5.62}
{'loss': 0.4491, 'learning_rate': 4.6645695932591284e-05, 'epoch': 5.62}
{'loss': 0.397, 'learning_rate': 4.6603261208779786e-05, 'epoch': 5.63}
{'loss': 0.3831, 'learning_rate': 4.655996047019661e-05, 'epoch': 5.63}
{'loss': 0.4157, 'learning_rate': 4.651665973161344e-05, 'epoch': 5.63}
{'loss': 0.4462, 'learning_rate': 4.6473358993030277e-05, 'epoch': 5.64}
{'loss': 0.4197, 'learning_rate': 4.6430058254447105e-05, 'epoch': 5.64}
{'loss': 0.4166, 'learning_rate': 4.638675751586394e-05, 'epoch': 5.65}
{'loss': 0.4175, 'learning_rate': 4.634345677728076e-05, 'epoch': 5.65}
{'loss': 0.4039, 'learning_rate': 4.63001560386976e-05, 'epoch': 5.66}
{'loss': 0.3963, 'learning_rate': 4.625685530011444e-05, 'epoch': 5.66}
{'loss': 0.4223, 'learning_rate': 4.621355456153126e-05, 'epoch': 5.66}
{'loss': 0.3721, 'learning_rate': 4.617025382294809e-05, 'epoch': 5.67}
{'loss': 0.399, 'learning_rate': 4.612695308436493e-05, 'epoch': 5.67}
{'loss': 0.4179, 'learning_rate': 4.6083652345781756e-05, 'epoch': 5.68}
{'loss': 0.418, 'learning_rate': 4.604035160719859e-05, 'epoch': 5.68}
{'loss': 0.4159, 'learning_rate': 4.5997050868615425e-05, 'epoch': 5.68}
{'loss': 0.4091, 'learning_rate': 4.5953750130032246e-05, 'epoch': 5.69}
{'loss': 0.4423, 'learning_rate': 4.591044939144908e-05, 'epoch': 5.69}
{'loss': 0.4447, 'learning_rate': 4.586714865286592e-05, 'epoch': 5.7}
{'loss': 0.4165, 'learning_rate': 4.5823847914282744e-05, 'epoch': 5.7}
{'loss': 0.4346, 'learning_rate': 4.578054717569958e-05, 'epoch': 5.7}
{'loss': 0.4029, 'learning_rate': 4.5737246437116406e-05, 'epoch': 5.71}
{'loss': 0.4222, 'learning_rate': 4.569394569853324e-05, 'epoch': 5.71}
{'loss': 0.4239, 'learning_rate': 4.5650644959950076e-05, 'epoch': 5.72}
{'loss': 0.4057, 'learning_rate': 4.56073442213669e-05, 'epoch': 5.72}
{'loss': 0.4182, 'learning_rate': 4.556404348278373e-05, 'epoch': 5.72}
{'loss': 0.4423, 'learning_rate': 4.552074274420057e-05, 'epoch': 5.73}
{'loss': 0.3875, 'learning_rate': 4.5477442005617395e-05, 'epoch': 5.73}
{'loss': 0.4537, 'learning_rate': 4.543414126703423e-05, 'epoch': 5.74}
{'loss': 0.416, 'learning_rate': 4.5390840528451064e-05, 'epoch': 5.74}
{'loss': 0.4091, 'learning_rate': 4.5347539789867885e-05, 'epoch': 5.74}
{'loss': 0.4188, 'learning_rate': 4.530423905128473e-05, 'epoch': 5.75}
{'loss': 0.4405, 'learning_rate': 4.526093831270155e-05, 'epoch': 5.75}
{'loss': 0.427, 'learning_rate': 4.521763757411838e-05, 'epoch': 5.76}
{'loss': 0.3936, 'learning_rate': 4.517433683553522e-05, 'epoch': 5.76}
{'loss': 0.411, 'learning_rate': 4.5131036096952046e-05, 'epoch': 5.77}
{'loss': 0.3949, 'learning_rate': 4.508773535836888e-05, 'epoch': 5.77}
{'loss': 0.4266, 'learning_rate': 4.5044434619785715e-05, 'epoch': 5.77}
{'loss': 0.4323, 'learning_rate': 4.5001133881202536e-05, 'epoch': 5.78}
{'loss': 0.4189, 'learning_rate': 4.495783314261937e-05, 'epoch': 5.78}
{'loss': 0.4307, 'learning_rate': 4.4914532404036206e-05, 'epoch': 5.79}
{'loss': 0.4386, 'learning_rate': 4.4871231665453034e-05, 'epoch': 5.79}
{'loss': 0.402, 'learning_rate': 4.482793092686987e-05, 'epoch': 5.79}
{'loss': 0.4333, 'learning_rate': 4.47846301882867e-05, 'epoch': 5.8}
{'loss': 0.4089, 'learning_rate': 4.474132944970353e-05, 'epoch': 5.8}
{'loss': 0.4219, 'learning_rate': 4.4698028711120366e-05, 'epoch': 5.81}
{'loss': 0.4492, 'learning_rate': 4.465472797253719e-05, 'epoch': 5.81}
{'loss': 0.407, 'learning_rate': 4.461142723395402e-05, 'epoch': 5.81}
{'loss': 0.4241, 'learning_rate': 4.456812649537086e-05, 'epoch': 5.82}
{'loss': 0.3938, 'learning_rate': 4.4524825756787685e-05, 'epoch': 5.82}
{'loss': 0.4276, 'learning_rate': 4.448152501820452e-05, 'epoch': 5.83}
{'loss': 0.4081, 'learning_rate': 4.4438224279621354e-05, 'epoch': 5.83}
{'loss': 0.4157, 'learning_rate': 4.439578955580984e-05, 'epoch': 5.83}
{'loss': 0.4062, 'learning_rate': 4.435248881722668e-05, 'epoch': 5.84}
{'loss': 0.4007, 'learning_rate': 4.430918807864351e-05, 'epoch': 5.84}
{'loss': 0.3979, 'learning_rate': 4.4265887340060334e-05, 'epoch': 5.85}
{'loss': 0.4135, 'learning_rate': 4.422258660147717e-05, 'epoch': 5.85}
{'loss': 0.41, 'learning_rate': 4.4179285862893996e-05, 'epoch': 5.85}
{'loss': 0.3838, 'learning_rate': 4.413598512431083e-05, 'epoch': 5.86}
{'loss': 0.4247, 'learning_rate': 4.4092684385727666e-05, 'epoch': 5.86}
{'loss': 0.4397, 'learning_rate': 4.4049383647144494e-05, 'epoch': 5.87}
{'loss': 0.4332, 'learning_rate': 4.400608290856133e-05, 'epoch': 5.87}
{'loss': 0.4396, 'learning_rate': 4.396278216997816e-05, 'epoch': 5.88}
{'loss': 0.4259, 'learning_rate': 4.3919481431394984e-05, 'epoch': 5.88}
{'loss': 0.436, 'learning_rate': 4.387618069281182e-05, 'epoch': 5.88}
{'loss': 0.394, 'learning_rate': 4.3832879954228654e-05, 'epoch': 5.89}
{'loss': 0.4245, 'learning_rate': 4.378957921564548e-05, 'epoch': 5.89}
{'loss': 0.4359, 'learning_rate': 4.374627847706232e-05, 'epoch': 5.9}
{'loss': 0.4438, 'learning_rate': 4.370297773847915e-05, 'epoch': 5.9}
{'loss': 0.4295, 'learning_rate': 4.365967699989598e-05, 'epoch': 5.9}
{'loss': 0.41, 'learning_rate': 4.3616376261312814e-05, 'epoch': 5.91}
{'loss': 0.4266, 'learning_rate': 4.3573075522729635e-05, 'epoch': 5.91}
{'loss': 0.4022, 'learning_rate': 4.352977478414647e-05, 'epoch': 5.92}
{'loss': 0.4169, 'learning_rate': 4.3486474045563305e-05, 'epoch': 5.92}
{'loss': 0.4218, 'learning_rate': 4.344317330698013e-05, 'epoch': 5.92}
{'loss': 0.3993, 'learning_rate': 4.339987256839697e-05, 'epoch': 5.93}
{'loss': 0.4177, 'learning_rate': 4.33565718298138e-05, 'epoch': 5.93}
{'loss': 0.3929, 'learning_rate': 4.3313271091230624e-05, 'epoch': 5.94}
{'loss': 0.4461, 'learning_rate': 4.326997035264746e-05, 'epoch': 5.94}
{'loss': 0.4003, 'learning_rate': 4.32266696140643e-05, 'epoch': 5.94}
{'loss': 0.3948, 'learning_rate': 4.318336887548112e-05, 'epoch': 5.95}
{'loss': 0.4284, 'learning_rate': 4.3140068136897956e-05, 'epoch': 5.95}
{'loss': 0.4448, 'learning_rate': 4.3096767398314784e-05, 'epoch': 5.96}
{'loss': 0.4003, 'learning_rate': 4.305346665973162e-05, 'epoch': 5.96}
{'loss': 0.4175, 'learning_rate': 4.301016592114845e-05, 'epoch': 5.96}
{'loss': 0.3928, 'learning_rate': 4.2966865182565275e-05, 'epoch': 5.97}
{'loss': 0.4398, 'learning_rate': 4.292356444398211e-05, 'epoch': 5.97}
{'loss': 0.4446, 'learning_rate': 4.2880263705398944e-05, 'epoch': 5.98}
{'loss': 0.3868, 'learning_rate': 4.283696296681577e-05, 'epoch': 5.98}
{'loss': 0.4299, 'learning_rate': 4.279366222823261e-05, 'epoch': 5.99}
{'loss': 0.3947, 'learning_rate': 4.275036148964944e-05, 'epoch': 5.99}
{'loss': 0.4375, 'learning_rate': 4.270706075106626e-05, 'epoch': 5.99}
{'loss': 0.4227, 'learning_rate': 4.2663760012483104e-05, 'epoch': 6.0}
[INFO|trainer.py:520] 2026-10-04 16:55:44,521 >> The following columns in the evaluation set  don't have a corresponding argument in `PETLEncModel.forward` and have been ignored: idx, premise, hypothesis.
[INFO|trainer.py:2179] 2026-10-04 16:55:44,523 >> ***** Running Evaluation *****
[INFO|trainer.py:2181] 2026-10-04 16:55:44,523 >>   Num examples = 9815
[INFO|trainer.py:2184] 2026-10-04 16:55:44,523 >>   Batch size = 32
{'eval_loss': 0.3891957402229309, 'eval_accuracy': 0.8526744778400408, 'eval_runtime': 8.963, 'eval_samples_per_second': 1095.057, 'eval_steps_per_second': 34.252, 'epoch': 6.0}
[INFO|trainer.py:1933] 2026-10-04 16:55:53,488 >> Saving model checkpoint to checkpoints/glue/mnli/20261004/glue.mnli.prefix.am_prefix.ao_concat.fm_none.fo_parallel.abn.fbn.ac_add.fl_none.finit_lora.fs_4.unfrz_ef_.ne10.warm0.06.wd0.1.seed8./checkpoint-73632
[INFO|configuration_utils.py:364] 2026-10-04 16:55:53,489 >> Configuration saved in checkpoints/glue/mnli/20261004/glue.mnli.prefix.am_prefix.ao_concat.fm_none.fo_parallel.abn.fbn.ac_add.fl_none.finit_lora.fs_4.unfrz_ef_.ne10.warm0.06.wd0.1.seed8./checkpoint-73632/config.json
[INFO|modeling_utils.py:898] 2026-10-04 16:55:53,816 >> Model weights saved in checkpoints/glue/mnli/20261004/glue.mnli.prefix.am_prefix.ao_concat.fm_none.fo_parallel.abn.fbn.ac_add.fl_none.finit_lora.fs_4.unfrz_ef_.ne10.warm0.06.wd0.1.seed8./checkpoint-73632/pytorch_model.bin
[INFO|tokenization_utils_base.py:1948] 2026-10-04 16:55:53,817 >> tokenizer config file saved in checkpoints/glue/mnli/20261004/glue.mnli.prefix.am_prefix.ao_concat.fm_none.fo_parallel.abn.fbn.ac_add.fl_none.finit_lora.fs_4.unfrz_ef_.ne10.warm0.06.wd0.1.seed8./checkpoint-73632/tokenizer_config.json
[INFO|tokenization_utils_base.py:1954] 2026-10-04 16:55:53,818 >> Special tokens file saved in checkpoints/glue/mnli/20261004/glue.mnli.prefix.am_prefix.ao_concat.fm_none.fo_parallel.abn.fbn.ac_add.fl_none.finit_lora.fs_4.unfrz_ef_.ne10.warm0.06.wd0.1.seed8./checkpoint-73632/special_tokens_map.json
[INFO|trainer.py:2009] 2026-10-04 16:55:53,938 >> Deleting older checkpoint [checkpoints/glue/mnli/20261004/glue.mnli.prefix.am_prefix.ao_concat.fm_none.fo_parallel.abn.fbn.ac_add.fl_none.finit_lora.fs_4.unfrz_ef_.ne10.warm0.06.wd0.1.seed8./checkpoint-49088] due to args.save_total_limit
/work/unify-parameter-efficient-tuning/src/transformers/trainer.py:1784: FutureWarning: `torch.cuda.amp.autocast(args...)` is deprecated. Please use `torch.amp.autocast('cuda', args...)` instead.
  with autocast():
{'loss': 0.4044, 'learning_rate': 4.2620459273899925e-05, 'epoch': 6.0}
{'loss': 0.4156, 'learning_rate': 4.257715853531676e-05, 'epoch': 6.01}
{'loss': 0.4048, 'learning_rate': 4.2533857796733595e-05, 'epoch': 6.01}
{'loss': 0.3817, 'learning_rate': 4.249055705815042e-05, 'epoch': 6.01}
{'loss': 0.3918, 'learning_rate': 4.244725631956726e-05, 'epoch': 6.02}
{'loss': 0.3765, 'learning_rate': 4.240395558098409e-05, 'epoch': 6.02}
{'loss': 0.4003, 'learning_rate': 4.2360654842400914e-05, 'epoch': 6.03}
{'loss': 0.404, 'learning_rate': 4.231735410381775e-05, 'epoch': 6.03}
{'loss': 0.406, 'learning_rate': 4.227405336523458e-05, 'epoch': 6.03}
{'loss': 0.404, 'learning_rate': 4.223075262665141e-05, 'epoch': 6.04}
{'loss': 0.4087, 'learning_rate': 4.2187451888068246e-05, 'epoch': 6.04}
{'loss': 0.4063, 'learning_rate': 4.214415114948508e-05, 'epoch': 6.05}
{'loss': 0.4011, 'learning_rate': 4.210085041090191e-05, 'epoch': 6.05}
{'loss': 0.4389, 'learning_rate': 4.2057549672318743e-05, 'epoch': 6.05}
{'loss': 0.3938, 'learning_rate': 4.2014248933735565e-05, 'epoch': 6.06}
{'loss': 0.4272, 'learning_rate': 4.197181420992407e-05, 'epoch': 6.06}
{'loss': 0.4107, 'learning_rate': 4.19285134713409e-05, 'epoch': 6.07}
{'loss': 0.4144, 'learning_rate': 4.188521273275772e-05, 'epoch': 6.07}
{'loss': 0.4014, 'learning_rate': 4.184191199417456e-05, 'epoch': 6.07}
{'loss': 0.4077, 'learning_rate': 4.179861125559139e-05, 'epoch': 6.08}
{'loss': 0.3922, 'learning_rate': 4.175531051700822e-05, 'epoch': 6.08}
{'loss': 0.3945, 'learning_rate': 4.1712009778425055e-05, 'epoch': 6.09}
{'loss': 0.4019, 'learning_rate': 4.166870903984189e-05, 'epoch': 6.09}
{'loss': 0.4121, 'learning_rate': 4.162540830125871e-05, 'epoch': 6.1}
{'loss': 0.4217, 'learning_rate': 4.1582107562675546e-05, 'epoch': 6.1}
{'loss': 0.4105, 'learning_rate': 4.1538806824092374e-05, 'epoch': 6.1}
{'loss': 0.3984, 'learning_rate': 4.149550608550921e-05, 'epoch': 6.11}
{'loss': 0.4138, 'learning_rate': 4.145220534692604e-05, 'epoch': 6.11}
{'loss': 0.4159, 'learning_rate': 4.140890460834287e-05, 'epoch': 6.12}
{'loss': 0.4314, 'learning_rate': 4.1365603869759706e-05, 'epoch': 6.12}
{'loss': 0.4129, 'learning_rate': 4.132230313117654e-05, 'epoch': 6.12}
{'loss': 0.4041, 'learning_rate': 4.127900239259336e-05, 'epoch': 6.13}
{'loss': 0.3783, 'learning_rate': 4.12357016540102e-05, 'epoch': 6.13}
{'loss': 0.4129, 'learning_rate': 4.119240091542703e-05, 'epoch': 6.14}
{'loss': 0.385, 'learning_rate': 4.114910017684386e-05, 'epoch': 6.14}
{'loss': 0.4264, 'learning_rate': 4.1105799438260694e-05, 'epoch': 6.14}
{'loss': 0.4209, 'learning_rate': 4.106249869967753e-05, 'epoch': 6.15}
{'loss': 0.3984, 'learning_rate': 4.101919796109435e-05, 'epoch': 6.15}
{'loss': 0.3966, 'learning_rate': 4.097589722251119e-05, 'epoch': 6.16}
{'loss': 0.395, 'learning_rate': 4.093259648392801e-05, 'epoch': 6.16}
{'loss': 0.4226, 'learning_rate': 4.088929574534485e-05, 'epoch': 6.16}
{'loss': 0.4321, 'learning_rate': 4.084599500676168e-05, 'epoch': 6.17}
{'loss': 0.4114, 'learning_rate': 4.080269426817851e-05, 'epoch': 6.17}
{'loss': 0.4111, 'learning_rate': 4.0759393529595345e-05, 'epoch': 6.18}
{'loss': 0.393, 'learning_rate': 4.071609279101218e-05, 'epoch': 6.18}
{'loss': 0.4274, 'learning_rate': 4.0672792052429e-05, 'epoch': 6.18}
{'loss': 0.3801, 'learning_rate': 4.0629491313845836e-05, 'epoch': 6.19}
{'loss': 0.3809, 'learning_rate': 4.058619057526267e-05, 'epoch': 6.19}
{'loss': 0.4161, 'learning_rate': 4.05428898366795e-05, 'epoch': 6.2}
{'loss': 0.3962, 'learning_rate': 4.049958909809633e-05, 'epoch': 6.2}
{'loss': 0.4363, 'learning_rate': 4.0456288359513154e-05, 'epoch': 6.21}
{'loss': 0.4252, 'learning_rate': 4.0412987620929996e-05, 'epoch': 6.21}
{'loss': 0.3995, 'learning_rate': 4.036968688234683e-05, 'epoch': 6.21}
{'loss': 0.4153, 'learning_rate': 4.032638614376365e-05, 'epoch': 6.22}
{'loss': 0.3971, 'learning_rate': 4.028308540518049e-05, 'epoch': 6.22}
{'loss': 0.4181, 'learning_rate': 4.023978466659732e-05, 'epoch': 6.23}
{'loss': 0.3931, 'learning_rate': 4.019648392801415e-05, 'epoch': 6.23}
{'loss': 0.4424, 'learning_rate': 4.0153183189430984e-05, 'epoch': 6.23}
{'loss': 0.4119, 'learning_rate': 4.010988245084782e-05, 'epoch': 6.24}
{'loss': 0.407, 'learning_rate': 4.006658171226464e-05, 'epoch': 6.24}
{'loss': 0.4146, 'learning_rate': 4.0023280973681475e-05, 'epoch': 6.25}
{'loss': 0.3973, 'learning_rate': 3.99799802350983e-05, 'epoch': 6.25}
{'loss': 0.3823, 'learning_rate': 3.993667949651514e-05, 'epoch': 6.25}
{'loss': 0.3838, 'learning_rate': 3.989424477270363e-05, 'epoch': 6.26}
{'loss': 0.4223, 'learning_rate': 3.985094403412046e-05, 'epoch': 6.26}
{'loss': 0.4236, 'learning_rate': 3.9807643295537296e-05, 'epoch': 6.27}
{'loss': 0.4235, 'learning_rate': 3.976434255695413e-05, 'epoch': 6.27}
{'loss': 0.3947, 'learning_rate': 3.972104181837096e-05, 'epoch': 6.27}
{'loss': 0.3887, 'learning_rate': 3.967774107978779e-05, 'epoch': 6.28}
{'loss': 0.4089, 'learning_rate': 3.963444034120463e-05, 'epoch': 6.28}
{'loss': 0.3963, 'learning_rate': 3.959113960262145e-05, 'epoch': 6.29}
{'loss': 0.3904, 'learning_rate': 3.9547838864038284e-05, 'epoch': 6.29}
{'loss': 0.4155, 'learning_rate': 3.950453812545512e-05, 'epoch': 6.29}
{'loss': 0.4086, 'learning_rate': 3.946123738687195e-05, 'epoch': 6.3}
{'loss': 0.414, 'learning_rate': 3.941793664828878e-05, 'epoch': 6.3}
{'loss': 0.4209, 'learning_rate': 3.93746359097056e-05, 'epoch': 6.31}
{'loss': 0.412, 'learning_rate': 3.933133517112244e-05, 'epoch': 6.31}
{'loss': 0.4167, 'learning_rate': 3.928803443253928e-05, 'epoch': 6.32}
{'loss': 0.3963, 'learning_rate': 3.92447336939561e-05, 'epoch': 6.32}
{'loss': 0.4147, 'learning_rate': 3.9201432955372935e-05, 'epoch': 6.32}
{'loss': 0.4027, 'learning_rate': 3.915813221678977e-05, 'epoch': 6.33}
{'loss': 0.4349, 'learning_rate': 3.91148314782066e-05, 'epoch': 6.33}
{'loss': 0.412, 'learning_rate': 3.907153073962343e-05, 'epoch': 6.34}
{'loss': 0.4106, 'learning_rate': 3.902823000104027e-05, 'epoch': 6.34}
{'loss': 0.4052, 'learning_rate': 3.898492926245709e-05, 'epoch': 6.34}
{'loss': 0.4245, 'learning_rate': 3.894162852387392e-05, 'epoch': 6.35}
{'loss': 0.4293, 'learning_rate': 3.889832778529075e-05, 'epoch': 6.35}
{'loss': 0.3961, 'learning_rate': 3.8855027046707586e-05, 'epoch': 6.36}
{'loss': 0.3834, 'learning_rate': 3.881172630812442e-05, 'epoch': 6.36}
{'loss': 0.402, 'learning_rate': 3.876842556954124e-05, 'epoch': 6.36}
{'loss': 0.4311, 'learning_rate': 3.872512483095808e-05, 'epoch': 6.37}
{'loss': 0.4081, 'learning_rate': 3.868182409237492e-05, 'epoch': 6.37}
{'loss': 0.4052, 'learning_rate': 3.863852335379174e-05, 'epoch': 6.38}
{'loss': 0.4038, 'learning_rate': 3.8595222615208574e-05, 'epoch': 6.38}
{'loss': 0.4376, 'learning_rate': 3.855192187662541e-05, 'epoch': 6.38}
{'loss': 0.4399, 'learning_rate': 3.850862113804224e-05, 'epoch': 6.39}
{'loss': 0.3796, 'learning_rate': 3.846532039945907e-05, 'epoch': 6.39}
{'loss': 0.3959, 'learning_rate': 3.8422019660875906e-05, 'epoch': 6.4}
{'loss': 0.407, 'learning_rate': 3.837871892229273e-05, 'epoch': 6.4}
{'loss': 0.4006, 'learning_rate': 3.833541818370956e-05, 'epoch': 6.4}
{'loss': 0.3788, 'learning_rate': 3.829211744512639e-05, 'epoch': 6.41}
{'loss': 0.4268, 'learning_rate': 3.8248816706543225e-05, 'epoch': 6.41}
{'loss': 0.3982, 'learning_rate': 3.820551596796006e-05, 'epoch': 6.42}
{'loss': 0.4194, 'learning_rate': 3.816221522937689e-05, 'epoch': 6.42}
{'loss': 0.4115, 'learning_rate': 3.811891449079372e-05, 'epoch': 6.43}
{'loss': 0.4172, 'learning_rate': 3.807561375221056e-05, 'epoch': 6.43}
{'loss': 0.3651, 'learning_rate': 3.803231301362738e-05, 'epoch': 6.43}
{'loss': 0.4147, 'learning_rate': 3.798901227504421e-05, 'epoch': 6.44}
{'loss': 0.3978, 'learning_rate': 3.794571153646105e-05, 'epoch': 6.44}
{'loss': 0.3946, 'learning_rate': 3.7902410797877876e-05, 'epoch': 6.45}
{'loss': 0.4176, 'learning_rate': 3.785911005929471e-05, 'epoch': 6.45}
{'loss': 0.4123, 'learning_rate': 3.781580932071153e-05, 'epoch': 6.45}
{'loss': 0.4174, 'learning_rate': 3.777250858212837e-05, 'epoch': 6.46}
{'loss': 0.4083, 'learning_rate': 3.772920784354521e-05, 'epoch': 6.46}
{'loss': 0.4255, 'learning_rate': 3.768590710496203e-05, 'epoch': 6.47}
{'loss': 0.4515, 'learning_rate': 3.7642606366378864e-05, 'epoch': 6.47}
{'loss': 0.4185, 'learning_rate': 3.75993056277957e-05, 'epoch': 6.47}
{'loss': 0.4079, 'learning_rate': 3.755600488921253e-05, 'epoch': 6.48}
{'loss': 0.4284, 'learning_rate': 3.751270415062936e-05, 'epoch': 6.48}
{'loss': 0.4269, 'learning_rate': 3.7469403412046196e-05, 'epoch': 6.49}
{'loss': 0.3788, 'learning_rate': 3.742610267346302e-05, 'epoch': 6.49}
{'loss': 0.4203, 'learning_rate': 3.738280193487985e-05, 'epoch': 6.49}
{'loss': 0.3837, 'learning_rate': 3.733950119629668e-05, 'epoch': 6.5}
{'loss': 0.4084, 'learning_rate': 3.7296200457713515e-05, 'epoch': 6.5}
{'loss': 0.394, 'learning_rate': 3.725376573390201e-05, 'epoch': 6.51}
{'loss': 0.4092, 'learning_rate': 3.721046499531884e-05, 'epoch': 6.51}
{'loss': 0.4165, 'learning_rate': 3.716716425673567e-05, 'epoch': 6.51}
{'loss': 0.3836, 'learning_rate': 3.712386351815251e-05, 'epoch': 6.52}
{'loss': 0.4132, 'learning_rate': 3.7080562779569336e-05, 'epoch': 6.52}
{'loss': 0.3944, 'learning_rate': 3.703726204098617e-05, 'epoch': 6.53}
{'loss': 0.4335, 'learning_rate': 3.6993961302403005e-05, 'epoch': 6.53}
{'loss': 0.439, 'learning_rate': 3.6950660563819827e-05, 'epoch': 6.54}
{'loss': 0.4062, 'learning_rate': 3.690735982523666e-05, 'epoch': 6.54}
{'loss': 0.3882, 'learning_rate': 3.6864059086653496e-05, 'epoch': 6.54}
{'loss': 0.4057, 'learning_rate': 3.6820758348070324e-05, 'epoch': 6.55}
{'loss': 0.4158, 'learning_rate': 3.677745760948716e-05, 'epoch': 6.55}
{'loss': 0.4059, 'learning_rate': 3.673415687090398e-05, 'epoch': 6.56}
{'loss': 0.4121, 'learning_rate': 3.6690856132320815e-05, 'epoch': 6.56}
{'loss': 0.4187, 'learning_rate': 3.6647555393737656e-05, 'epoch': 6.56}
{'loss': 0.4055, 'learning_rate': 3.660425465515448e-05, 'epoch': 6.57}
{'loss': 0.3981, 'learning_rate': 3.656095391657131e-05, 'epoch': 6.57}
{'loss': 0.4078, 'learning_rate': 3.651765317798815e-05, 'epoch': 6.58}
{'loss': 0.4285, 'learning_rate': 3.6474352439404975e-05, 'epoch': 6.58}
{'loss': 0.4186, 'learning_rate': 3.643105170082181e-05, 'epoch': 6.58}
{'loss': 0.4056, 'learning_rate': 3.6387750962238645e-05, 'epoch': 6.59}
{'loss': 0.4129, 'learning_rate': 3.6344450223655466e-05, 'epoch': 6.59}
{'loss': 0.3941, 'learning_rate': 3.63011494850723e-05, 'epoch': 6.6}
{'loss': 0.407, 'learning_rate': 3.625784874648913e-05, 'epoch': 6.6}
{'loss': 0.3956, 'learning_rate': 3.621454800790596e-05, 'epoch': 6.6}
{'loss': 0.4103, 'learning_rate': 3.61712472693228e-05, 'epoch': 6.61}
{'loss': 0.3994, 'learning_rate': 3.612794653073962e-05, 'epoch': 6.61}
{'loss': 0.408, 'learning_rate': 3.608464579215646e-05, 'epoch': 6.62}
{'loss': 0.3542, 'learning_rate': 3.6041345053573295e-05, 'epoch': 6.62}
{'loss': 0.4127, 'learning_rate': 3.599804431499012e-05, 'epoch': 6.62}
{'loss': 0.4337, 'learning_rate': 3.595474357640695e-05, 'epoch': 6.63}
{'loss': 0.417, 'learning_rate': 3.5911442837823786e-05, 'epoch': 6.63}
{'loss': 0.3987, 'learning_rate': 3.5868142099240614e-05, 'epoch': 6.64}
{'loss': 0.4284, 'learning_rate': 3.582484136065745e-05, 'epoch': 6.64}
{'loss': 0.4072, 'learning_rate': 3.5781540622074284e-05, 'epoch': 6.65}
{'loss': 0.432, 'learning_rate': 3.5738239883491105e-05, 'epoch': 6.65}
{'loss': 0.4134, 'learning_rate': 3.569493914490794e-05, 'epoch': 6.65}
{'loss': 0.4209, 'learning_rate': 3.565163840632477e-05, 'epoch': 6.66}
{'loss': 0.4389, 'learning_rate': 3.56083376677416e-05, 'epoch': 6.66}
{'loss': 0.4203, 'learning_rate': 3.556503692915844e-05, 'epoch': 6.67}
{'loss': 0.3987, 'learning_rate': 3.5521736190575265e-05, 'epoch': 6.67}
{'loss': 0.4141, 'learning_rate': 3.54784354519921e-05, 'epoch': 6.67}
{'loss': 0.3877, 'learning_rate': 3.5435134713408935e-05, 'epoch': 6.68}
{'loss': 0.4369, 'learning_rate': 3.5391833974825756e-05, 'epoch': 6.68}
{'loss': 0.4385, 'learning_rate': 3.534853323624259e-05, 'epoch': 6.69}
{'loss': 0.4225, 'learning_rate': 3.5305232497659425e-05, 'epoch': 6.69}
{'loss': 0.3858, 'learning_rate': 3.526193175907625e-05, 'epoch': 6.69}
{'loss': 0.3984, 'learning_rate': 3.521863102049309e-05, 'epoch': 6.7}
{'loss': 0.3878, 'learning_rate': 3.517533028190991e-05, 'epoch': 6.7}
{'loss': 0.4353, 'learning_rate': 3.5132029543326744e-05, 'epoch': 6.71}
{'loss': 0.4086, 'learning_rate': 3.5088728804743586e-05, 'epoch': 6.71}
{'loss': 0.4284, 'learning_rate': 3.504542806616041e-05, 'epoch': 6.71}
{'loss': 0.3902, 'learning_rate': 3.500212732757724e-05, 'epoch': 6.72}
{'loss': 0.4052, 'learning_rate': 3.4959692603765744e-05, 'epoch': 6.72}
{'loss': 0.3731, 'learning_rate': 3.4916391865182565e-05, 'epoch': 6.73}
{'loss': 0.432, 'learning_rate': 3.48730911265994e-05, 'epoch': 6.73}
{'loss': 0.3937, 'learning_rate': 3.4829790388016234e-05, 'epoch': 6.73}
{'loss': 0.3851, 'learning_rate': 3.478648964943306e-05, 'epoch': 6.74}
{'loss': 0.4256, 'learning_rate': 3.47431889108499e-05, 'epoch': 6.74}
{'loss': 0.3785, 'learning_rate': 3.469988817226673e-05, 'epoch': 6.75}
{'loss': 0.4269, 'learning_rate': 3.465658743368355e-05, 'epoch': 6.75}
{'loss': 0.4159, 'learning_rate': 3.461328669510039e-05, 'epoch': 6.76}
{'loss': 0.3826, 'learning_rate': 3.4569985956517216e-05, 'epoch': 6.76}
{'loss': 0.3863, 'learning_rate': 3.452668521793405e-05, 'epoch': 6.76}
{'loss': 0.426, 'learning_rate': 3.4483384479350885e-05, 'epoch': 6.77}
{'loss': 0.4246, 'learning_rate': 3.4440083740767706e-05, 'epoch': 6.77}
{'loss': 0.3927, 'learning_rate': 3.439678300218455e-05, 'epoch': 6.78}
{'loss': 0.4109, 'learning_rate': 3.435348226360138e-05, 'epoch': 6.78}
{'loss': 0.3983, 'learning_rate': 3.4310181525018204e-05, 'epoch': 6.78}
{'loss': 0.4135, 'learning_rate': 3.426688078643504e-05, 'epoch': 6.79}
{'loss': 0.395, 'learning_rate': 3.4223580047851873e-05, 'epoch': 6.79}
{'loss': 0.3961, 'learning_rate': 3.41802793092687e-05, 'epoch': 6.8}
{'loss': 0.4015, 'learning_rate': 3.4136978570685536e-05, 'epoch': 6.8}
{'loss': 0.4275, 'learning_rate': 3.409367783210236e-05, 'epoch': 6.8}
{'loss': 0.4198, 'learning_rate': 3.405037709351919e-05, 'epoch': 6.81}
{'loss': 0.4423, 'learning_rate': 3.400707635493603e-05, 'epoch': 6.81}
{'loss': 0.4185, 'learning_rate': 3.3963775616352855e-05, 'epoch': 6.82}
{'loss': 0.3848, 'learning_rate': 3.392047487776969e-05, 'epoch': 6.82}
{'loss': 0.4123, 'learning_rate': 3.3877174139186524e-05, 'epoch': 6.82}
{'loss': 0.422, 'learning_rate': 3.383387340060335e-05, 'epoch': 6.83}
{'loss': 0.4048, 'learning_rate': 3.379057266202019e-05, 'epoch': 6.83}
{'loss': 0.3737, 'learning_rate': 3.374727192343702e-05, 'epoch': 6.84}
{'loss': 0.4395, 'learning_rate': 3.370397118485384e-05, 'epoch': 6.84}
{'loss': 0.4009, 'learning_rate': 3.366067044627068e-05, 'epoch': 6.84}
{'loss': 0.3984, 'learning_rate': 3.3617369707687506e-05, 'epoch': 6.85}
{'loss': 0.4224, 'learning_rate': 3.357406896910434e-05, 'epoch': 6.85}
{'loss': 0.4323, 'learning_rate': 3.3530768230521175e-05, 'epoch': 6.86}
{'loss': 0.4161, 'learning_rate': 3.3487467491937997e-05, 'epoch': 6.86}
{'loss': 0.4026, 'learning_rate': 3.344416675335483e-05, 'epoch': 6.87}
{'loss': 0.4072, 'learning_rate': 3.340086601477167e-05, 'epoch': 6.87}
{'loss': 0.4184, 'learning_rate': 3.3357565276188494e-05, 'epoch': 6.87}
{'loss': 0.4171, 'learning_rate': 3.331426453760533e-05, 'epoch': 6.88}
{'loss': 0.4356, 'learning_rate': 3.3270963799022164e-05, 'epoch': 6.88}
{'loss': 0.3625, 'learning_rate': 3.322852907521065e-05, 'epoch': 6.89}
{'loss': 0.3934, 'learning_rate': 3.318522833662749e-05, 'epoch': 6.89}
{'loss': 0.4407, 'learning_rate': 3.314192759804432e-05, 'epoch': 6.89}
{'loss': 0.4298, 'learning_rate': 3.309862685946115e-05, 'epoch': 6.9}
{'loss': 0.4238, 'learning_rate': 3.3055326120877984e-05, 'epoch': 6.9}
{'loss': 0.4241, 'learning_rate': 3.3012025382294806e-05, 'epoch': 6.91}
{'loss': 0.3894, 'learning_rate': 3.296872464371164e-05, 'epoch': 6.91}
{'loss': 0.41, 'learning_rate': 3.2925423905128475e-05, 'epoch': 6.91}
{'loss': 0.4217, 'learning_rate': 3.28821231665453e-05, 'epoch': 6.92}
{'loss': 0.4217, 'learning_rate': 3.283882242796214e-05, 'epoch': 6.92}
{'loss': 0.3998, 'learning_rate': 3.279552168937897e-05, 'epoch': 6.93}
{'loss': 0.4278, 'learning_rate': 3.2752220950795794e-05, 'epoch': 6.93}
{'loss': 0.4269, 'learning_rate': 3.2708920212212635e-05, 'epoch': 6.93}
{'loss': 0.4312, 'learning_rate': 3.266561947362947e-05, 'epoch': 6.94}
{'loss': 0.4104, 'learning_rate': 3.262231873504629e-05, 'epoch': 6.94}
{'loss': 0.4082, 'learning_rate': 3.2579017996463126e-05, 'epoch': 6.95}
{'loss': 0.4035, 'learning_rate': 3.253571725787996e-05, 'epoch': 6.95}
{'loss': 0.3776, 'learning_rate': 3.249241651929679e-05, 'epoch': 6.95}
{'loss': 0.414, 'learning_rate': 3.2449115780713624e-05, 'epoch': 6.96}
{'loss': 0.3761, 'learning_rate': 3.2405815042130445e-05, 'epoch': 6.96}
{'loss': 0.3803, 'learning_rate': 3.236251430354728e-05, 'epoch': 6.97}
{'loss': 0.4099, 'learning_rate': 3.231921356496412e-05, 'epoch': 6.97}
{'loss': 0.3875, 'learning_rate': 3.227591282638094e-05, 'epoch': 6.98}
{'loss': 0.4177, 'learning_rate': 3.223261208779778e-05, 'epoch': 6.98}
{'loss': 0.4142, 'learning_rate': 3.218931134921461e-05, 'epoch': 6.98}
{'loss': 0.4224, 'learning_rate': 3.214601061063144e-05, 'epoch': 6.99}
{'loss': 0.4027, 'learning_rate': 3.2102709872048274e-05, 'epoch': 6.99}
{'loss': 0.399, 'learning_rate': 3.205940913346511e-05, 'epoch': 7.0}
{'loss': 0.3936, 'learning_rate': 3.201610839488193e-05, 'epoch': 7.0}
[INFO|trainer.py:520] 2026-10-04 17:01:01,776 >> The following columns in the evaluation set  don't have a corresponding argument in `PETLEncModel.forward` and have been ignored: idx, premise, hypothesis.
[INFO|trainer.py:2179] 2026-10-04 17:01:01,778 >> ***** Running Evaluation *****
[INFO|trainer.py:2181] 2026-10-04 17:01:01,778 >>   Num examples = 9815
[INFO|trainer.py:2184] 2026-10-04 17:01:01,778 >>   Batch size = 32
{'eval_loss': 0.38956955075263977, 'eval_accuracy': 0.8566479877738156, 'eval_runtime': 9.269, 'eval_samples_per_second': 1058.911, 'eval_steps_per_second': 33.121, 'epoch': 7.0}
[INFO|trainer.py:1933] 2026-10-04 17:01:11,048 >> Saving model checkpoint to checkpoints/glue/mnli/20261004/glue.mnli.prefix.am_prefix.ao_concat.fm_none.fo_parallel.abn.fbn.ac_add.fl_none.finit_lora.fs_4.unfrz_ef_.ne10.warm0.06.wd0.1.seed8./checkpoint-85904
[INFO|configuration_utils.py:364] 2026-10-04 17:01:11,049 >> Configuration saved in checkpoints/glue/mnli/20261004/glue.mnli.prefix.am_prefix.ao_concat.fm_none.fo_parallel.abn.fbn.ac_add.fl_none.finit_lora.fs_4.unfrz_ef_.ne10.warm0.06.wd0.1.seed8./checkpoint-85904/config.json
[INFO|modeling_utils.py:898] 2026-10-04 17:01:11,403 >> Model weights saved in checkpoints/glue/mnli/20261004/glue.mnli.prefix.am_prefix.ao_concat.fm_none.fo_parallel.abn.fbn.ac_add.fl_none.finit_lora.fs_4.unfrz_ef_.ne10.warm0.06.wd0.1.seed8./checkpoint-85904/pytorch_model.bin
[INFO|tokenization_utils_base.py:1948] 2026-10-04 17:01:11,404 >> tokenizer config file saved in checkpoints/glue/mnli/20261004/glue.mnli.prefix.am_prefix.ao_concat.fm_none.fo_parallel.abn.fbn.ac_add.fl_none.finit_lora.fs_4.unfrz_ef_.ne10.warm0.06.wd0.1.seed8./checkpoint-85904/tokenizer_config.json
[INFO|tokenization_utils_base.py:1954] 2026-10-04 17:01:11,404 >> Special tokens file saved in checkpoints/glue/mnli/20261004/glue.mnli.prefix.am_prefix.ao_concat.fm_none.fo_parallel.abn.fbn.ac_add.fl_none.finit_lora.fs_4.unfrz_ef_.ne10.warm0.06.wd0.1.seed8./checkpoint-85904/special_tokens_map.json
[INFO|trainer.py:2009] 2026-10-04 17:01:11,529 >> Deleting older checkpoint [checkpoints/glue/mnli/20261004/glue.mnli.prefix.am_prefix.ao_concat.fm_none.fo_parallel.abn.fbn.ac_add.fl_none.finit_lora.fs_4.unfrz_ef_.ne10.warm0.06.wd0.1.seed8./checkpoint-61360] due to args.save_total_limit
/work/unify-parameter-efficient-tuning/src/transformers/trainer.py:1784: FutureWarning: `torch.cuda.amp.autocast(args...)` is deprecated. Please use `torch.amp.autocast('cuda', args...)` instead.
  with autocast():
{'loss': 0.3707, 'learning_rate': 3.1972807656298765e-05, 'epoch': 7.0}
{'loss': 0.3719, 'learning_rate': 3.192950691771559e-05, 'epoch': 7.01}
{'loss': 0.4179, 'learning_rate': 3.188620617913243e-05, 'epoch': 7.01}
{'loss': 0.3927, 'learning_rate': 3.184290544054926e-05, 'epoch': 7.02}
{'loss': 0.3515, 'learning_rate': 3.1799604701966084e-05, 'epoch': 7.02}
{'loss': 0.389, 'learning_rate': 3.1756303963382925e-05, 'epoch': 7.02}
{'loss': 0.3742, 'learning_rate': 3.171300322479976e-05, 'epoch': 7.03}
{'loss': 0.4124, 'learning_rate': 3.166970248621658e-05, 'epoch': 7.03}
{'loss': 0.3941, 'learning_rate': 3.1626401747633416e-05, 'epoch': 7.04}
{'loss': 0.4117, 'learning_rate': 3.158310100905025e-05, 'epoch': 7.04}
{'loss': 0.384, 'learning_rate': 3.153980027046708e-05, 'epoch': 7.04}
{'loss': 0.4189, 'learning_rate': 3.1496499531883914e-05, 'epoch': 7.05}
{'loss': 0.3995, 'learning_rate': 3.1453198793300735e-05, 'epoch': 7.05}
{'loss': 0.4192, 'learning_rate': 3.140989805471757e-05, 'epoch': 7.06}
{'loss': 0.3757, 'learning_rate': 3.1366597316134404e-05, 'epoch': 7.06}
{'loss': 0.4039, 'learning_rate': 3.132329657755123e-05, 'epoch': 7.06}
{'loss': 0.4282, 'learning_rate': 3.127999583896807e-05, 'epoch': 7.07}
{'loss': 0.4321, 'learning_rate': 3.12366951003849e-05, 'epoch': 7.07}
{'loss': 0.4151, 'learning_rate': 3.119339436180173e-05, 'epoch': 7.08}
{'loss': 0.3755, 'learning_rate': 3.1150093623218565e-05, 'epoch': 7.08}
{'loss': 0.4009, 'learning_rate': 3.11067928846354e-05, 'epoch': 7.09}
{'loss': 0.4074, 'learning_rate': 3.106435816082389e-05, 'epoch': 7.09}
{'loss': 0.3703, 'learning_rate': 3.102105742224072e-05, 'epoch': 7.09}
{'loss': 0.3754, 'learning_rate': 3.097775668365756e-05, 'epoch': 7.1}
{'loss': 0.4072, 'learning_rate': 3.093445594507438e-05, 'epoch': 7.1}
{'loss': 0.3791, 'learning_rate': 3.089115520649121e-05, 'epoch': 7.11}
{'loss': 0.3863, 'learning_rate': 3.084785446790804e-05, 'epoch': 7.11}
{'loss': 0.3798, 'learning_rate': 3.0804553729324876e-05, 'epoch': 7.11}
{'loss': 0.3894, 'learning_rate': 3.076125299074171e-05, 'epoch': 7.12}
{'loss': 0.3854, 'learning_rate': 3.071795225215853e-05, 'epoch': 7.12}
{'loss': 0.4131, 'learning_rate': 3.067465151357537e-05, 'epoch': 7.13}
{'loss': 0.4123, 'learning_rate': 3.063135077499221e-05, 'epoch': 7.13}
{'loss': 0.3785, 'learning_rate': 3.058805003640903e-05, 'epoch': 7.13}
{'loss': 0.4083, 'learning_rate': 3.0544749297825864e-05, 'epoch': 7.14}
{'loss': 0.3807, 'learning_rate': 3.0501448559242696e-05, 'epoch': 7.14}
{'loss': 0.413, 'learning_rate': 3.045814782065952e-05, 'epoch': 7.15}
{'loss': 0.385, 'learning_rate': 3.041484708207635e-05, 'epoch': 7.15}
{'loss': 0.395, 'learning_rate': 3.037154634349318e-05, 'epoch': 7.15}
{'loss': 0.4203, 'learning_rate': 3.0328245604910018e-05, 'epoch': 7.16}
{'loss': 0.3846, 'learning_rate': 3.0284944866326852e-05, 'epoch': 7.16}
{'loss': 0.3917, 'learning_rate': 3.024164412774368e-05, 'epoch': 7.17}
{'loss': 0.3849, 'learning_rate': 3.0198343389160512e-05, 'epoch': 7.17}
{'loss': 0.4063, 'learning_rate': 3.0155042650577347e-05, 'epoch': 7.17}
{'loss': 0.388, 'learning_rate': 3.0111741911994175e-05, 'epoch': 7.18}
{'loss': 0.4014, 'learning_rate': 3.0068441173411006e-05, 'epoch': 7.18}
{'loss': 0.4001, 'learning_rate': 3.002514043482784e-05, 'epoch': 7.19}
{'loss': 0.411, 'learning_rate': 2.998183969624467e-05, 'epoch': 7.19}
{'loss': 0.391, 'learning_rate': 2.99385389576615e-05, 'epoch': 7.2}
{'loss': 0.4055, 'learning_rate': 2.9895238219078335e-05, 'epoch': 7.2}
{'loss': 0.3828, 'learning_rate': 2.9851937480495156e-05, 'epoch': 7.2}
{'loss': 0.3989, 'learning_rate': 2.9808636741912e-05, 'epoch': 7.21}
{'loss': 0.3688, 'learning_rate': 2.976533600332882e-05, 'epoch': 7.21}
{'loss': 0.4077, 'learning_rate': 2.9722035264745657e-05, 'epoch': 7.22}
{'loss': 0.3672, 'learning_rate': 2.9678734526162495e-05, 'epoch': 7.22}
{'loss': 0.3622, 'learning_rate': 2.9635433787579313e-05, 'epoch': 7.22}
{'loss': 0.4227, 'learning_rate': 2.959213304899615e-05, 'epoch': 7.23}
{'loss': 0.4076, 'learning_rate': 2.954883231041299e-05, 'epoch': 7.23}
{'loss': 0.3984, 'learning_rate': 2.950553157182981e-05, 'epoch': 7.24}
{'loss': 0.4157, 'learning_rate': 2.9462230833246645e-05, 'epoch': 7.24}
{'loss': 0.4096, 'learning_rate': 2.9418930094663476e-05, 'epoch': 7.24}
{'loss': 0.4043, 'learning_rate': 2.9375629356080304e-05, 'epoch': 7.25}
{'loss': 0.4102, 'learning_rate': 2.933232861749714e-05, 'epoch': 7.25}
{'loss': 0.3978, 'learning_rate': 2.9289027878913967e-05, 'epoch': 7.26}
{'loss': 0.3866, 'learning_rate': 2.9245727140330802e-05, 'epoch': 7.26}
{'loss': 0.4264, 'learning_rate': 2.9202426401747633e-05, 'epoch': 7.26}
{'loss': 0.3729, 'learning_rate': 2.915912566316446e-05, 'epoch': 7.27}
{'loss': 0.4005, 'learning_rate': 2.9115824924581296e-05, 'epoch': 7.27}
{'loss': 0.4028, 'learning_rate': 2.9072524185998127e-05, 'epoch': 7.28}
{'loss': 0.4086, 'learning_rate': 2.9029223447414955e-05, 'epoch': 7.28}
{'loss': 0.4016, 'learning_rate': 2.8985922708831794e-05, 'epoch': 7.28}
{'loss': 0.3801, 'learning_rate': 2.8942621970248625e-05, 'epoch': 7.29}
{'loss': 0.3857, 'learning_rate': 2.889932123166545e-05, 'epoch': 7.29}
{'loss': 0.394, 'learning_rate': 2.8856020493082288e-05, 'epoch': 7.3}
{'loss': 0.4101, 'learning_rate': 2.8812719754499105e-05, 'epoch': 7.3}
{'loss': 0.4119, 'learning_rate': 2.876941901591595e-05, 'epoch': 7.31}
{'loss': 0.4087, 'learning_rate': 2.8726118277332782e-05, 'epoch': 7.31}
{'loss': 0.3828, 'learning_rate': 2.8682817538749606e-05, 'epoch': 7.31}
{'loss': 0.4032, 'learning_rate': 2.8639516800166444e-05, 'epoch': 7.32}
{'loss': 0.4044, 'learning_rate': 2.8596216061583276e-05, 'epoch': 7.32}
{'loss': 0.391, 'learning_rate': 2.85529153230001e-05, 'epoch': 7.33}
{'loss': 0.3987, 'learning_rate': 2.8509614584416932e-05, 'epoch': 7.33}
{'loss': 0.4061, 'learning_rate': 2.8467179860605437e-05, 'epoch': 7.33}
{'loss': 0.3914, 'learning_rate': 2.8423879122022255e-05, 'epoch': 7.34}
{'loss': 0.4302, 'learning_rate': 2.8380578383439093e-05, 'epoch': 7.34}
{'loss': 0.4023, 'learning_rate': 2.833727764485593e-05, 'epoch': 7.35}
{'loss': 0.4091, 'learning_rate': 2.8293976906272753e-05, 'epoch': 7.35}
{'loss': 0.3791, 'learning_rate': 2.8250676167689587e-05, 'epoch': 7.35}
{'loss': 0.3842, 'learning_rate': 2.8207375429106415e-05, 'epoch': 7.36}
{'loss': 0.4102, 'learning_rate': 2.816407469052325e-05, 'epoch': 7.36}
{'loss': 0.3828, 'learning_rate': 2.812077395194008e-05, 'epoch': 7.37}
{'loss': 0.3821, 'learning_rate': 2.807747321335691e-05, 'epoch': 7.37}
{'loss': 0.3436, 'learning_rate': 2.8034172474773744e-05, 'epoch': 7.37}
{'loss': 0.4552, 'learning_rate': 2.7990871736190576e-05, 'epoch': 7.38}
{'loss': 0.3989, 'learning_rate': 2.7947570997607404e-05, 'epoch': 7.38}
{'loss': 0.4056, 'learning_rate': 2.7904270259024238e-05, 'epoch': 7.39}
{'loss': 0.3805, 'learning_rate': 2.7860969520441073e-05, 'epoch': 7.39}
{'loss': 0.3755, 'learning_rate': 2.7817668781857898e-05, 'epoch': 7.39}
{'loss': 0.4071, 'learning_rate': 2.7774368043274736e-05, 'epoch': 7.4}
{'loss': 0.3999, 'learning_rate': 2.7731067304691554e-05, 'epoch': 7.4}
{'loss': 0.3748, 'learning_rate': 2.7687766566108392e-05, 'epoch': 7.41}
{'loss': 0.3911, 'learning_rate': 2.764446582752523e-05, 'epoch': 7.41}
{'loss': 0.3746, 'learning_rate': 2.7601165088942054e-05, 'epoch': 7.42}
{'loss': 0.413, 'learning_rate': 2.7557864350358893e-05, 'epoch': 7.42}
{'loss': 0.3989, 'learning_rate': 2.7514563611775724e-05, 'epoch': 7.42}
{'loss': 0.4126, 'learning_rate': 2.747126287319255e-05, 'epoch': 7.43}
{'loss': 0.3878, 'learning_rate': 2.742796213460938e-05, 'epoch': 7.43}
{'loss': 0.4405, 'learning_rate': 2.7384661396026218e-05, 'epoch': 7.44}
{'loss': 0.3791, 'learning_rate': 2.7341360657443043e-05, 'epoch': 7.44}
{'loss': 0.3792, 'learning_rate': 2.7298059918859874e-05, 'epoch': 7.44}
{'loss': 0.4139, 'learning_rate': 2.7254759180276712e-05, 'epoch': 7.45}
{'loss': 0.3757, 'learning_rate': 2.7211458441693537e-05, 'epoch': 7.45}
{'loss': 0.4109, 'learning_rate': 2.7168157703110375e-05, 'epoch': 7.46}
{'loss': 0.3927, 'learning_rate': 2.7124856964527196e-05, 'epoch': 7.46}
{'loss': 0.3828, 'learning_rate': 2.708155622594403e-05, 'epoch': 7.46}
{'loss': 0.4014, 'learning_rate': 2.703825548736087e-05, 'epoch': 7.47}
{'loss': 0.4202, 'learning_rate': 2.6994954748777697e-05, 'epoch': 7.47}
{'loss': 0.3878, 'learning_rate': 2.695165401019453e-05, 'epoch': 7.48}
{'loss': 0.3316, 'learning_rate': 2.6908353271611363e-05, 'epoch': 7.48}
{'loss': 0.3934, 'learning_rate': 2.686505253302819e-05, 'epoch': 7.48}
{'loss': 0.4059, 'learning_rate': 2.6821751794445022e-05, 'epoch': 7.49}
{'loss': 0.4189, 'learning_rate': 2.6778451055861857e-05, 'epoch': 7.49}
{'loss': 0.4017, 'learning_rate': 2.6735150317278685e-05, 'epoch': 7.5}
{'loss': 0.417, 'learning_rate': 2.6691849578695517e-05, 'epoch': 7.5}
{'loss': 0.3931, 'learning_rate': 2.664854884011234e-05, 'epoch': 7.5}
{'loss': 0.4204, 'learning_rate': 2.660524810152918e-05, 'epoch': 7.51}
{'loss': 0.4157, 'learning_rate': 2.6561947362946017e-05, 'epoch': 7.51}
{'loss': 0.3784, 'learning_rate': 2.6518646624362835e-05, 'epoch': 7.52}
{'loss': 0.3578, 'learning_rate': 2.6475345885779673e-05, 'epoch': 7.52}
{'loss': 0.4182, 'learning_rate': 2.643204514719651e-05, 'epoch': 7.53}
{'loss': 0.4124, 'learning_rate': 2.638874440861333e-05, 'epoch': 7.53}
{'loss': 0.4158, 'learning_rate': 2.6345443670030168e-05, 'epoch': 7.53}
{'loss': 0.3963, 'learning_rate': 2.6302142931447006e-05, 'epoch': 7.54}
{'loss': 0.4032, 'learning_rate': 2.6258842192863823e-05, 'epoch': 7.54}
{'loss': 0.4076, 'learning_rate': 2.621554145428066e-05, 'epoch': 7.55}
{'loss': 0.3918, 'learning_rate': 2.617224071569749e-05, 'epoch': 7.55}
{'loss': 0.3834, 'learning_rate': 2.612893997711432e-05, 'epoch': 7.55}
{'loss': 0.4031, 'learning_rate': 2.6085639238531156e-05, 'epoch': 7.56}
{'loss': 0.4002, 'learning_rate': 2.6042338499947984e-05, 'epoch': 7.56}
{'loss': 0.4071, 'learning_rate': 2.599903776136482e-05, 'epoch': 7.57}
{'loss': 0.42, 'learning_rate': 2.595573702278165e-05, 'epoch': 7.57}
{'loss': 0.3926, 'learning_rate': 2.5912436284198478e-05, 'epoch': 7.57}
{'loss': 0.4314, 'learning_rate': 2.5869135545615313e-05, 'epoch': 7.58}
{'loss': 0.3901, 'learning_rate': 2.5825834807032144e-05, 'epoch': 7.58}
{'loss': 0.3874, 'learning_rate': 2.5782534068448972e-05, 'epoch': 7.59}
{'loss': 0.3778, 'learning_rate': 2.573923332986581e-05, 'epoch': 7.59}
{'loss': 0.4056, 'learning_rate': 2.569593259128264e-05, 'epoch': 7.59}
{'loss': 0.4222, 'learning_rate': 2.5652631852699466e-05, 'epoch': 7.6}
{'loss': 0.3862, 'learning_rate': 2.5609331114116304e-05, 'epoch': 7.6}
{'loss': 0.3864, 'learning_rate': 2.556603037553313e-05, 'epoch': 7.61}
{'loss': 0.4192, 'learning_rate': 2.5522729636949967e-05, 'epoch': 7.61}
{'loss': 0.3978, 'learning_rate': 2.5479428898366798e-05, 'epoch': 7.61}
{'loss': 0.3837, 'learning_rate': 2.5436128159783623e-05, 'epoch': 7.62}
{'loss': 0.3984, 'learning_rate': 2.539282742120046e-05, 'epoch': 7.62}
{'loss': 0.4067, 'learning_rate': 2.5349526682617292e-05, 'epoch': 7.63}
{'loss': 0.3515, 'learning_rate': 2.5306225944034117e-05, 'epoch': 7.63}
{'loss': 0.3803, 'learning_rate': 2.526292520545095e-05, 'epoch': 7.64}
{'loss': 0.392, 'learning_rate': 2.5220490481639454e-05, 'epoch': 7.64}
{'loss': 0.39, 'learning_rate': 2.517718974305627e-05, 'epoch': 7.64}
{'loss': 0.4208, 'learning_rate': 2.513388900447311e-05, 'epoch': 7.65}
{'loss': 0.3919, 'learning_rate': 2.5090588265889934e-05, 'epoch': 7.65}
{'loss': 0.4326, 'learning_rate': 2.504728752730677e-05, 'epoch': 7.66}
{'loss': 0.3949, 'learning_rate': 2.5003986788723604e-05, 'epoch': 7.66}
{'loss': 0.3856, 'learning_rate': 2.496068605014043e-05, 'epoch': 7.66}
{'loss': 0.3728, 'learning_rate': 2.4917385311557267e-05, 'epoch': 7.67}
{'loss': 0.4043, 'learning_rate': 2.48740845729741e-05, 'epoch': 7.67}
{'loss': 0.4033, 'learning_rate': 2.4830783834390926e-05, 'epoch': 7.68}
{'loss': 0.4221, 'learning_rate': 2.478748309580776e-05, 'epoch': 7.68}
{'loss': 0.3926, 'learning_rate': 2.4744182357224595e-05, 'epoch': 7.68}
{'loss': 0.3932, 'learning_rate': 2.470088161864142e-05, 'epoch': 7.69}
{'loss': 0.3785, 'learning_rate': 2.4657580880058255e-05, 'epoch': 7.69}
{'loss': 0.4181, 'learning_rate': 2.461428014147509e-05, 'epoch': 7.7}
{'loss': 0.3983, 'learning_rate': 2.4570979402891914e-05, 'epoch': 7.7}
{'loss': 0.374, 'learning_rate': 2.452767866430875e-05, 'epoch': 7.7}
{'loss': 0.4162, 'learning_rate': 2.4484377925725574e-05, 'epoch': 7.71}
{'loss': 0.3711, 'learning_rate': 2.444107718714241e-05, 'epoch': 7.71}
{'loss': 0.4379, 'learning_rate': 2.4397776448559246e-05, 'epoch': 7.72}
{'loss': 0.3939, 'learning_rate': 2.435447570997607e-05, 'epoch': 7.72}
{'loss': 0.4234, 'learning_rate': 2.4311174971392906e-05, 'epoch': 7.72}
{'loss': 0.3951, 'learning_rate': 2.426787423280974e-05, 'epoch': 7.73}
{'loss': 0.3918, 'learning_rate': 2.4224573494226565e-05, 'epoch': 7.73}
{'loss': 0.3865, 'learning_rate': 2.41812727556434e-05, 'epoch': 7.74}
{'loss': 0.381, 'learning_rate': 2.4137972017060235e-05, 'epoch': 7.74}
{'loss': 0.3856, 'learning_rate': 2.409467127847706e-05, 'epoch': 7.75}
{'loss': 0.3681, 'learning_rate': 2.4051370539893894e-05, 'epoch': 7.75}
{'loss': 0.412, 'learning_rate': 2.400806980131072e-05, 'epoch': 7.75}
{'loss': 0.3779, 'learning_rate': 2.3964769062727553e-05, 'epoch': 7.76}
{'loss': 0.3964, 'learning_rate': 2.392146832414439e-05, 'epoch': 7.76}
{'loss': 0.3637, 'learning_rate': 2.3878167585561216e-05, 'epoch': 7.77}
{'loss': 0.3788, 'learning_rate': 2.383486684697805e-05, 'epoch': 7.77}
{'loss': 0.4169, 'learning_rate': 2.3791566108394886e-05, 'epoch': 7.77}
{'loss': 0.3673, 'learning_rate': 2.374826536981171e-05, 'epoch': 7.78}
{'loss': 0.4218, 'learning_rate': 2.3704964631228545e-05, 'epoch': 7.78}
{'loss': 0.4089, 'learning_rate': 2.366166389264538e-05, 'epoch': 7.79}
{'loss': 0.366, 'learning_rate': 2.3618363154062204e-05, 'epoch': 7.79}
{'loss': 0.3936, 'learning_rate': 2.357506241547904e-05, 'epoch': 7.79}
{'loss': 0.376, 'learning_rate': 2.3531761676895864e-05, 'epoch': 7.8}
{'loss': 0.4052, 'learning_rate': 2.34884609383127e-05, 'epoch': 7.8}
{'loss': 0.3925, 'learning_rate': 2.3445160199729537e-05, 'epoch': 7.81}
{'loss': 0.3924, 'learning_rate': 2.3401859461146358e-05, 'epoch': 7.81}
{'loss': 0.41, 'learning_rate': 2.3359424737334856e-05, 'epoch': 7.81}
{'loss': 0.4309, 'learning_rate': 2.3316123998751695e-05, 'epoch': 7.82}
{'loss': 0.3921, 'learning_rate': 2.3272823260168516e-05, 'epoch': 7.82}
{'loss': 0.3946, 'learning_rate': 2.3229522521585354e-05, 'epoch': 7.83}
{'loss': 0.4076, 'learning_rate': 2.318622178300219e-05, 'epoch': 7.83}
{'loss': 0.4193, 'learning_rate': 2.3142921044419013e-05, 'epoch': 7.83}
{'loss': 0.3735, 'learning_rate': 2.3099620305835848e-05, 'epoch': 7.84}
{'loss': 0.4055, 'learning_rate': 2.3056319567252683e-05, 'epoch': 7.84}
{'loss': 0.3879, 'learning_rate': 2.3013018828669507e-05, 'epoch': 7.85}
{'loss': 0.3946, 'learning_rate': 2.2969718090086342e-05, 'epoch': 7.85}
{'loss': 0.4113, 'learning_rate': 2.2926417351503167e-05, 'epoch': 7.86}
{'loss': 0.4064, 'learning_rate': 2.288311661292e-05, 'epoch': 7.86}
{'loss': 0.3957, 'learning_rate': 2.283981587433684e-05, 'epoch': 7.86}
{'loss': 0.3848, 'learning_rate': 2.279651513575366e-05, 'epoch': 7.87}
{'loss': 0.4128, 'learning_rate': 2.27532143971705e-05, 'epoch': 7.87}
{'loss': 0.3842, 'learning_rate': 2.2709913658587334e-05, 'epoch': 7.88}
{'loss': 0.3909, 'learning_rate': 2.266661292000416e-05, 'epoch': 7.88}
{'loss': 0.397, 'learning_rate': 2.2623312181420993e-05, 'epoch': 7.88}
{'loss': 0.3599, 'learning_rate': 2.2580011442837828e-05, 'epoch': 7.89}
{'loss': 0.3844, 'learning_rate': 2.2536710704254652e-05, 'epoch': 7.89}
{'loss': 0.4012, 'learning_rate': 2.2493409965671487e-05, 'epoch': 7.9}
{'loss': 0.3827, 'learning_rate': 2.2450109227088312e-05, 'epoch': 7.9}
{'loss': 0.4081, 'learning_rate': 2.2406808488505147e-05, 'epoch': 7.9}
{'loss': 0.37, 'learning_rate': 2.236350774992198e-05, 'epoch': 7.91}
{'loss': 0.4111, 'learning_rate': 2.2320207011338806e-05, 'epoch': 7.91}
{'loss': 0.4002, 'learning_rate': 2.2276906272755644e-05, 'epoch': 7.92}
{'loss': 0.4055, 'learning_rate': 2.223360553417248e-05, 'epoch': 7.92}
{'loss': 0.3819, 'learning_rate': 2.2190304795589303e-05, 'epoch': 7.92}
{'loss': 0.3818, 'learning_rate': 2.2147004057006138e-05, 'epoch': 7.93}
{'loss': 0.4117, 'learning_rate': 2.2103703318422973e-05, 'epoch': 7.93}
{'loss': 0.3618, 'learning_rate': 2.2060402579839797e-05, 'epoch': 7.94}
{'loss': 0.4062, 'learning_rate': 2.2017101841256632e-05, 'epoch': 7.94}
{'loss': 0.373, 'learning_rate': 2.1973801102673467e-05, 'epoch': 7.94}
{'loss': 0.3948, 'learning_rate': 2.193050036409029e-05, 'epoch': 7.95}
{'loss': 0.4183, 'learning_rate': 2.1887199625507126e-05, 'epoch': 7.95}
{'loss': 0.3997, 'learning_rate': 2.184389888692395e-05, 'epoch': 7.96}
{'loss': 0.4013, 'learning_rate': 2.1800598148340786e-05, 'epoch': 7.96}
{'loss': 0.4, 'learning_rate': 2.1757297409757624e-05, 'epoch': 7.97}
{'loss': 0.4098, 'learning_rate': 2.171399667117445e-05, 'epoch': 7.97}
{'loss': 0.4002, 'learning_rate': 2.1670695932591283e-05, 'epoch': 7.97}
{'loss': 0.4275, 'learning_rate': 2.1627395194008118e-05, 'epoch': 7.98}
{'loss': 0.3976, 'learning_rate': 2.1584094455424943e-05, 'epoch': 7.98}
{'loss': 0.3809, 'learning_rate': 2.1540793716841777e-05, 'epoch': 7.99}
{'loss': 0.4111, 'learning_rate': 2.1497492978258612e-05, 'epoch': 7.99}
{'loss': 0.4072, 'learning_rate': 2.1454192239675437e-05, 'epoch': 7.99}
{'loss': 0.3959, 'learning_rate': 2.141089150109227e-05, 'epoch': 8.0}
[INFO|trainer.py:520] 2026-10-04 17:06:10,655 >> The following columns in the evaluation set  don't have a corresponding argument in `PETLEncModel.forward` and have been ignored: idx, premise, hypothesis.
[INFO|trainer.py:2179] 2026-10-04 17:06:10,656 >> ***** Running Evaluation *****
[INFO|trainer.py:2181] 2026-10-04 17:06:10,656 >>   Num examples = 9815
[INFO|trainer.py:2184] 2026-10-04 17:06:10,656 >>   Batch size = 32
{'eval_loss': 0.3756190836429596, 'eval_accuracy': 0.8599083036169128, 'eval_runtime': 8.8525, 'eval_samples_per_second': 1108.723, 'eval_steps_per_second': 34.679, 'epoch': 8.0}
[INFO|trainer.py:1933] 2026-10-04 17:06:19,510 >> Saving model checkpoint to checkpoints/glue/mnli/20261004/glue.mnli.prefix.am_prefix.ao_concat.fm_none.fo_parallel.abn.fbn.ac_add.fl_none.finit_lora.fs_4.unfrz_ef_.ne10.warm0.06.wd0.1.seed8./checkpoint-98176
[INFO|configuration_utils.py:364] 2026-10-04 17:06:19,511 >> Configuration saved in checkpoints/glue/mnli/20261004/glue.mnli.prefix.am_prefix.ao_concat.fm_none.fo_parallel.abn.fbn.ac_add.fl_none.finit_lora.fs_4.unfrz_ef_.ne10.warm0.06.wd0.1.seed8./checkpoint-98176/config.json
[INFO|modeling_utils.py:898] 2026-10-04 17:06:19,864 >> Model weights saved in checkpoints/glue/mnli/20261004/glue.mnli.prefix.am_prefix.ao_concat.fm_none.fo_parallel.abn.fbn.ac_add.fl_none.finit_lora.fs_4.unfrz_ef_.ne10.warm0.06.wd0.1.seed8./checkpoint-98176/pytorch_model.bin
[INFO|tokenization_utils_base.py:1948] 2026-10-04 17:06:19,865 >> tokenizer config file saved in checkpoints/glue/mnli/20261004/glue.mnli.prefix.am_prefix.ao_concat.fm_none.fo_parallel.abn.fbn.ac_add.fl_none.finit_lora.fs_4.unfrz_ef_.ne10.warm0.06.wd0.1.seed8./checkpoint-98176/tokenizer_config.json
[INFO|tokenization_utils_base.py:1954] 2026-10-04 17:06:19,866 >> Special tokens file saved in checkpoints/glue/mnli/20261004/glue.mnli.prefix.am_prefix.ao_concat.fm_none.fo_parallel.abn.fbn.ac_add.fl_none.finit_lora.fs_4.unfrz_ef_.ne10.warm0.06.wd0.1.seed8./checkpoint-98176/special_tokens_map.json
[INFO|trainer.py:2009] 2026-10-04 17:06:19,993 >> Deleting older checkpoint [checkpoints/glue/mnli/20261004/glue.mnli.prefix.am_prefix.ao_concat.fm_none.fo_parallel.abn.fbn.ac_add.fl_none.finit_lora.fs_4.unfrz_ef_.ne10.warm0.06.wd0.1.seed8./checkpoint-73632] due to args.save_total_limit
/work/unify-parameter-efficient-tuning/src/transformers/trainer.py:1784: FutureWarning: `torch.cuda.amp.autocast(args...)` is deprecated. Please use `torch.amp.autocast('cuda', args...)` instead.
  with autocast():
{'loss': 0.3665, 'learning_rate': 2.1367590762509096e-05, 'epoch': 8.0}
{'loss': 0.3807, 'learning_rate': 2.132429002392593e-05, 'epoch': 8.01}
{'loss': 0.4008, 'learning_rate': 2.128098928534277e-05, 'epoch': 8.01}
{'loss': 0.384, 'learning_rate': 2.123768854675959e-05, 'epoch': 8.01}
{'loss': 0.3922, 'learning_rate': 2.1194387808176428e-05, 'epoch': 8.02}
{'loss': 0.3736, 'learning_rate': 2.1151087069593263e-05, 'epoch': 8.02}
{'loss': 0.3769, 'learning_rate': 2.1107786331010088e-05, 'epoch': 8.03}
{'loss': 0.3659, 'learning_rate': 2.1064485592426922e-05, 'epoch': 8.03}
{'loss': 0.3645, 'learning_rate': 2.1021184853843757e-05, 'epoch': 8.03}
{'loss': 0.3897, 'learning_rate': 2.0978750130032246e-05, 'epoch': 8.04}
{'loss': 0.392, 'learning_rate': 2.0936315406220744e-05, 'epoch': 8.04}
{'loss': 0.3641, 'learning_rate': 2.089301466763758e-05, 'epoch': 8.05}
{'loss': 0.3646, 'learning_rate': 2.0849713929054404e-05, 'epoch': 8.05}
{'loss': 0.41, 'learning_rate': 2.080641319047124e-05, 'epoch': 8.05}
{'loss': 0.409, 'learning_rate': 2.0763112451888063e-05, 'epoch': 8.06}
{'loss': 0.3849, 'learning_rate': 2.0719811713304898e-05, 'epoch': 8.06}
{'loss': 0.3593, 'learning_rate': 2.0676510974721733e-05, 'epoch': 8.07}
{'loss': 0.4029, 'learning_rate': 2.0633210236138557e-05, 'epoch': 8.07}
{'loss': 0.3715, 'learning_rate': 2.0589909497555392e-05, 'epoch': 8.08}
{'loss': 0.3602, 'learning_rate': 2.0546608758972227e-05, 'epoch': 8.08}
{'loss': 0.3751, 'learning_rate': 2.050330802038905e-05, 'epoch': 8.08}
{'loss': 0.3993, 'learning_rate': 2.046000728180589e-05, 'epoch': 8.09}
{'loss': 0.3668, 'learning_rate': 2.0416706543222724e-05, 'epoch': 8.09}
{'loss': 0.3787, 'learning_rate': 2.037340580463955e-05, 'epoch': 8.1}
{'loss': 0.374, 'learning_rate': 2.0330105066056384e-05, 'epoch': 8.1}
{'loss': 0.3665, 'learning_rate': 2.0286804327473218e-05, 'epoch': 8.1}
{'loss': 0.3781, 'learning_rate': 2.0243503588890043e-05, 'epoch': 8.11}
{'loss': 0.4046, 'learning_rate': 2.0200202850306878e-05, 'epoch': 8.11}
{'loss': 0.3853, 'learning_rate': 2.0156902111723702e-05, 'epoch': 8.12}
{'loss': 0.3894, 'learning_rate': 2.0113601373140537e-05, 'epoch': 8.12}
{'loss': 0.3911, 'learning_rate': 2.0070300634557372e-05, 'epoch': 8.12}
{'loss': 0.3906, 'learning_rate': 2.0026999895974196e-05, 'epoch': 8.13}
{'loss': 0.3763, 'learning_rate': 1.9983699157391034e-05, 'epoch': 8.13}
{'loss': 0.3785, 'learning_rate': 1.994039841880787e-05, 'epoch': 8.14}
{'loss': 0.3965, 'learning_rate': 1.9897097680224694e-05, 'epoch': 8.14}
{'loss': 0.372, 'learning_rate': 1.985379694164153e-05, 'epoch': 8.14}
{'loss': 0.3803, 'learning_rate': 1.9810496203058363e-05, 'epoch': 8.15}
{'loss': 0.4073, 'learning_rate': 1.9767195464475188e-05, 'epoch': 8.15}
{'loss': 0.3938, 'learning_rate': 1.9723894725892023e-05, 'epoch': 8.16}
{'loss': 0.3975, 'learning_rate': 1.9680593987308847e-05, 'epoch': 8.16}
{'loss': 0.4214, 'learning_rate': 1.9637293248725682e-05, 'epoch': 8.16}
{'loss': 0.3935, 'learning_rate': 1.9593992510142517e-05, 'epoch': 8.17}
{'loss': 0.3908, 'learning_rate': 1.955069177155934e-05, 'epoch': 8.17}
{'loss': 0.3989, 'learning_rate': 1.9507391032976176e-05, 'epoch': 8.18}
{'loss': 0.3759, 'learning_rate': 1.9464090294393014e-05, 'epoch': 8.18}
{'loss': 0.3968, 'learning_rate': 1.942078955580984e-05, 'epoch': 8.19}
{'loss': 0.3913, 'learning_rate': 1.9377488817226674e-05, 'epoch': 8.19}
{'loss': 0.3756, 'learning_rate': 1.933418807864351e-05, 'epoch': 8.19}
{'loss': 0.3542, 'learning_rate': 1.9290887340060333e-05, 'epoch': 8.2}
{'loss': 0.3959, 'learning_rate': 1.9247586601477168e-05, 'epoch': 8.2}
{'loss': 0.3653, 'learning_rate': 1.9204285862893992e-05, 'epoch': 8.21}
{'loss': 0.3961, 'learning_rate': 1.9160985124310827e-05, 'epoch': 8.21}
{'loss': 0.4004, 'learning_rate': 1.9117684385727662e-05, 'epoch': 8.21}
{'loss': 0.4195, 'learning_rate': 1.9074383647144486e-05, 'epoch': 8.22}
{'loss': 0.3709, 'learning_rate': 1.903108290856132e-05, 'epoch': 8.22}
{'loss': 0.3694, 'learning_rate': 1.898778216997816e-05, 'epoch': 8.23}
{'loss': 0.3792, 'learning_rate': 1.894448143139498e-05, 'epoch': 8.23}
{'loss': 0.4017, 'learning_rate': 1.890118069281182e-05, 'epoch': 8.23}
{'loss': 0.362, 'learning_rate': 1.8857879954228653e-05, 'epoch': 8.24}
{'loss': 0.4123, 'learning_rate': 1.8814579215645478e-05, 'epoch': 8.24}
{'loss': 0.388, 'learning_rate': 1.8771278477062313e-05, 'epoch': 8.25}
{'loss': 0.394, 'learning_rate': 1.8727977738479147e-05, 'epoch': 8.25}
{'loss': 0.4088, 'learning_rate': 1.8684676999895972e-05, 'epoch': 8.25}
{'loss': 0.3948, 'learning_rate': 1.8641376261312807e-05, 'epoch': 8.26}
{'loss': 0.4054, 'learning_rate': 1.859807552272963e-05, 'epoch': 8.26}
{'loss': 0.383, 'learning_rate': 1.8554774784146466e-05, 'epoch': 8.27}
{'loss': 0.4057, 'learning_rate': 1.85114740455633e-05, 'epoch': 8.27}
{'loss': 0.3742, 'learning_rate': 1.8468173306980126e-05, 'epoch': 8.27}
{'loss': 0.3739, 'learning_rate': 1.8424872568396964e-05, 'epoch': 8.28}
{'loss': 0.3729, 'learning_rate': 1.83815718298138e-05, 'epoch': 8.28}
{'loss': 0.3823, 'learning_rate': 1.8338271091230623e-05, 'epoch': 8.29}
{'loss': 0.3896, 'learning_rate': 1.8294970352647458e-05, 'epoch': 8.29}
{'loss': 0.3745, 'learning_rate': 1.8251669614064293e-05, 'epoch': 8.3}
{'loss': 0.4051, 'learning_rate': 1.8208368875481117e-05, 'epoch': 8.3}
{'loss': 0.4116, 'learning_rate': 1.8165068136897952e-05, 'epoch': 8.3}
{'loss': 0.338, 'learning_rate': 1.8121767398314776e-05, 'epoch': 8.31}
{'loss': 0.416, 'learning_rate': 1.8079332674503275e-05, 'epoch': 8.31}
{'loss': 0.3745, 'learning_rate': 1.803603193592011e-05, 'epoch': 8.32}
{'loss': 0.3823, 'learning_rate': 1.7992731197336935e-05, 'epoch': 8.32}
{'loss': 0.3854, 'learning_rate': 1.794943045875377e-05, 'epoch': 8.32}
{'loss': 0.3882, 'learning_rate': 1.7906129720170604e-05, 'epoch': 8.33}
{'loss': 0.3962, 'learning_rate': 1.786282898158743e-05, 'epoch': 8.33}
{'loss': 0.3635, 'learning_rate': 1.7819528243004263e-05, 'epoch': 8.34}
{'loss': 0.3866, 'learning_rate': 1.77762275044211e-05, 'epoch': 8.34}
{'loss': 0.3754, 'learning_rate': 1.7732926765837926e-05, 'epoch': 8.34}
{'loss': 0.3959, 'learning_rate': 1.768962602725476e-05, 'epoch': 8.35}
{'loss': 0.3911, 'learning_rate': 1.7646325288671596e-05, 'epoch': 8.35}
{'loss': 0.4119, 'learning_rate': 1.760302455008842e-05, 'epoch': 8.36}
{'loss': 0.4107, 'learning_rate': 1.7559723811505255e-05, 'epoch': 8.36}
{'loss': 0.3666, 'learning_rate': 1.751642307292208e-05, 'epoch': 8.36}
{'loss': 0.3619, 'learning_rate': 1.7473122334338914e-05, 'epoch': 8.37}
{'loss': 0.379, 'learning_rate': 1.742982159575575e-05, 'epoch': 8.37}
{'loss': 0.3646, 'learning_rate': 1.7386520857172574e-05, 'epoch': 8.38}
{'loss': 0.3606, 'learning_rate': 1.734322011858941e-05, 'epoch': 8.38}
{'loss': 0.3893, 'learning_rate': 1.7299919380006247e-05, 'epoch': 8.38}
{'loss': 0.3674, 'learning_rate': 1.725661864142307e-05, 'epoch': 8.39}
{'loss': 0.3926, 'learning_rate': 1.7213317902839906e-05, 'epoch': 8.39}
{'loss': 0.408, 'learning_rate': 1.717001716425674e-05, 'epoch': 8.4}
{'loss': 0.3507, 'learning_rate': 1.7126716425673565e-05, 'epoch': 8.4}
{'loss': 0.3883, 'learning_rate': 1.70834156870904e-05, 'epoch': 8.41}
{'loss': 0.3803, 'learning_rate': 1.7040114948507225e-05, 'epoch': 8.41}
{'loss': 0.3671, 'learning_rate': 1.699681420992406e-05, 'epoch': 8.41}
{'loss': 0.3684, 'learning_rate': 1.6953513471340894e-05, 'epoch': 8.42}
{'loss': 0.3802, 'learning_rate': 1.691021273275772e-05, 'epoch': 8.42}
{'loss': 0.3796, 'learning_rate': 1.6866911994174554e-05, 'epoch': 8.43}
{'loss': 0.3648, 'learning_rate': 1.682361125559139e-05, 'epoch': 8.43}
{'loss': 0.4036, 'learning_rate': 1.6780310517008213e-05, 'epoch': 8.43}
{'loss': 0.3897, 'learning_rate': 1.673700977842505e-05, 'epoch': 8.44}
{'loss': 0.3938, 'learning_rate': 1.6693709039841886e-05, 'epoch': 8.44}
{'loss': 0.4195, 'learning_rate': 1.665040830125871e-05, 'epoch': 8.45}
{'loss': 0.423, 'learning_rate': 1.6607107562675545e-05, 'epoch': 8.45}
{'loss': 0.3781, 'learning_rate': 1.656380682409237e-05, 'epoch': 8.45}
{'loss': 0.4002, 'learning_rate': 1.6520506085509204e-05, 'epoch': 8.46}
{'loss': 0.3991, 'learning_rate': 1.647720534692604e-05, 'epoch': 8.46}
{'loss': 0.4004, 'learning_rate': 1.6433904608342864e-05, 'epoch': 8.47}
{'loss': 0.3949, 'learning_rate': 1.63906038697597e-05, 'epoch': 8.47}
{'loss': 0.4005, 'learning_rate': 1.6347303131176533e-05, 'epoch': 8.47}
{'loss': 0.354, 'learning_rate': 1.6304002392593358e-05, 'epoch': 8.48}
{'loss': 0.3879, 'learning_rate': 1.6260701654010196e-05, 'epoch': 8.48}
{'loss': 0.353, 'learning_rate': 1.621740091542703e-05, 'epoch': 8.49}
{'loss': 0.4191, 'learning_rate': 1.6174100176843855e-05, 'epoch': 8.49}
{'loss': 0.3794, 'learning_rate': 1.613079943826069e-05, 'epoch': 8.49}
{'loss': 0.3866, 'learning_rate': 1.6087498699677525e-05, 'epoch': 8.5}
{'loss': 0.3776, 'learning_rate': 1.604419796109435e-05, 'epoch': 8.5}
{'loss': 0.3791, 'learning_rate': 1.6000897222511184e-05, 'epoch': 8.51}
{'loss': 0.3936, 'learning_rate': 1.595759648392801e-05, 'epoch': 8.51}
{'loss': 0.3973, 'learning_rate': 1.5914295745344844e-05, 'epoch': 8.52}
{'loss': 0.3697, 'learning_rate': 1.587099500676168e-05, 'epoch': 8.52}
{'loss': 0.3544, 'learning_rate': 1.5827694268178503e-05, 'epoch': 8.52}
{'loss': 0.3818, 'learning_rate': 1.5784393529595338e-05, 'epoch': 8.53}
{'loss': 0.4091, 'learning_rate': 1.5741092791012176e-05, 'epoch': 8.53}
{'loss': 0.3701, 'learning_rate': 1.5697792052429e-05, 'epoch': 8.54}
{'loss': 0.3935, 'learning_rate': 1.5654491313845835e-05, 'epoch': 8.54}
{'loss': 0.3753, 'learning_rate': 1.561119057526267e-05, 'epoch': 8.54}
{'loss': 0.3558, 'learning_rate': 1.5567889836679495e-05, 'epoch': 8.55}
{'loss': 0.3864, 'learning_rate': 1.552458909809633e-05, 'epoch': 8.55}
{'loss': 0.39, 'learning_rate': 1.5481288359513154e-05, 'epoch': 8.56}
{'loss': 0.4112, 'learning_rate': 1.543798762092999e-05, 'epoch': 8.56}
{'loss': 0.3608, 'learning_rate': 1.5394686882346823e-05, 'epoch': 8.56}
{'loss': 0.346, 'learning_rate': 1.5351386143763648e-05, 'epoch': 8.57}
{'loss': 0.3792, 'learning_rate': 1.5308085405180486e-05, 'epoch': 8.57}
{'loss': 0.4053, 'learning_rate': 1.526478466659732e-05, 'epoch': 8.58}
{'loss': 0.3576, 'learning_rate': 1.5221483928014147e-05, 'epoch': 8.58}
{'loss': 0.4311, 'learning_rate': 1.517818318943098e-05, 'epoch': 8.58}
{'loss': 0.3873, 'learning_rate': 1.5134882450847818e-05, 'epoch': 8.59}
{'loss': 0.3961, 'learning_rate': 1.5091581712264641e-05, 'epoch': 8.59}
{'loss': 0.3882, 'learning_rate': 1.5048280973681474e-05, 'epoch': 8.6}
{'loss': 0.3949, 'learning_rate': 1.50049802350983e-05, 'epoch': 8.6}
{'loss': 0.3734, 'learning_rate': 1.4961679496515135e-05, 'epoch': 8.6}
{'loss': 0.4023, 'learning_rate': 1.491837875793197e-05, 'epoch': 8.61}
{'loss': 0.3755, 'learning_rate': 1.4875078019348795e-05, 'epoch': 8.61}
{'loss': 0.3988, 'learning_rate': 1.4831777280765633e-05, 'epoch': 8.62}
{'loss': 0.3658, 'learning_rate': 1.4788476542182466e-05, 'epoch': 8.62}
{'loss': 0.3737, 'learning_rate': 1.474517580359929e-05, 'epoch': 8.63}
{'loss': 0.3687, 'learning_rate': 1.4701875065016124e-05, 'epoch': 8.63}
{'loss': 0.4061, 'learning_rate': 1.4658574326432962e-05, 'epoch': 8.63}
{'loss': 0.3721, 'learning_rate': 1.4615273587849785e-05, 'epoch': 8.64}
{'loss': 0.3633, 'learning_rate': 1.4571972849266621e-05, 'epoch': 8.64}
{'loss': 0.3703, 'learning_rate': 1.4528672110683456e-05, 'epoch': 8.65}
{'loss': 0.4035, 'learning_rate': 1.4485371372100282e-05, 'epoch': 8.65}
{'loss': 0.4073, 'learning_rate': 1.4442070633517115e-05, 'epoch': 8.65}
{'loss': 0.4091, 'learning_rate': 1.439876989493394e-05, 'epoch': 8.66}
{'loss': 0.3664, 'learning_rate': 1.4355469156350773e-05, 'epoch': 8.66}
{'loss': 0.3602, 'learning_rate': 1.4312168417767611e-05, 'epoch': 8.67}
{'loss': 0.3614, 'learning_rate': 1.4268867679184436e-05, 'epoch': 8.67}
{'loss': 0.4105, 'learning_rate': 1.422556694060127e-05, 'epoch': 8.67}
{'loss': 0.4135, 'learning_rate': 1.4182266202018105e-05, 'epoch': 8.68}
{'loss': 0.3505, 'learning_rate': 1.4138965463434931e-05, 'epoch': 8.68}
{'loss': 0.3721, 'learning_rate': 1.4095664724851764e-05, 'epoch': 8.69}
{'loss': 0.4117, 'learning_rate': 1.4052363986268603e-05, 'epoch': 8.69}
{'loss': 0.4169, 'learning_rate': 1.4009063247685425e-05, 'epoch': 8.69}
{'loss': 0.3567, 'learning_rate': 1.3965762509102259e-05, 'epoch': 8.7}
{'loss': 0.3958, 'learning_rate': 1.3922461770519085e-05, 'epoch': 8.7}
{'loss': 0.3705, 'learning_rate': 1.387916103193592e-05, 'epoch': 8.71}
{'loss': 0.3912, 'learning_rate': 1.3835860293352756e-05, 'epoch': 8.71}
{'loss': 0.3756, 'learning_rate': 1.3792559554769579e-05, 'epoch': 8.71}
{'loss': 0.3915, 'learning_rate': 1.3749258816186417e-05, 'epoch': 8.72}
{'loss': 0.3863, 'learning_rate': 1.370595807760325e-05, 'epoch': 8.72}
{'loss': 0.3888, 'learning_rate': 1.3662657339020075e-05, 'epoch': 8.73}
{'loss': 0.3894, 'learning_rate': 1.3619356600436908e-05, 'epoch': 8.73}
{'loss': 0.3774, 'learning_rate': 1.3576055861853746e-05, 'epoch': 8.74}
{'loss': 0.3979, 'learning_rate': 1.353275512327057e-05, 'epoch': 8.74}
{'loss': 0.4248, 'learning_rate': 1.3489454384687405e-05, 'epoch': 8.74}
{'loss': 0.4168, 'learning_rate': 1.3446153646104228e-05, 'epoch': 8.75}
{'loss': 0.3827, 'learning_rate': 1.3402852907521066e-05, 'epoch': 8.75}
{'loss': 0.3938, 'learning_rate': 1.33595521689379e-05, 'epoch': 8.76}
{'loss': 0.3672, 'learning_rate': 1.3316251430354724e-05, 'epoch': 8.76}
{'loss': 0.3793, 'learning_rate': 1.327295069177156e-05, 'epoch': 8.76}
{'loss': 0.3863, 'learning_rate': 1.3230515967960057e-05, 'epoch': 8.77}
{'loss': 0.4076, 'learning_rate': 1.3187215229376882e-05, 'epoch': 8.77}
{'loss': 0.3808, 'learning_rate': 1.3143914490793718e-05, 'epoch': 8.78}
{'loss': 0.3828, 'learning_rate': 1.3100613752210553e-05, 'epoch': 8.78}
{'loss': 0.4076, 'learning_rate': 1.3057313013627378e-05, 'epoch': 8.78}
{'loss': 0.3538, 'learning_rate': 1.3014012275044213e-05, 'epoch': 8.79}
{'loss': 0.3957, 'learning_rate': 1.2970711536461049e-05, 'epoch': 8.79}
{'loss': 0.358, 'learning_rate': 1.2927410797877874e-05, 'epoch': 8.8}
{'loss': 0.3667, 'learning_rate': 1.2884110059294707e-05, 'epoch': 8.8}
{'loss': 0.4279, 'learning_rate': 1.2840809320711533e-05, 'epoch': 8.8}
{'loss': 0.3821, 'learning_rate': 1.2797508582128368e-05, 'epoch': 8.81}
{'loss': 0.405, 'learning_rate': 1.2754207843545202e-05, 'epoch': 8.81}
{'loss': 0.3597, 'learning_rate': 1.2710907104962027e-05, 'epoch': 8.82}
{'loss': 0.3611, 'learning_rate': 1.2667606366378865e-05, 'epoch': 8.82}
{'loss': 0.4038, 'learning_rate': 1.2624305627795698e-05, 'epoch': 8.82}
{'loss': 0.3903, 'learning_rate': 1.2581004889212523e-05, 'epoch': 8.83}
{'loss': 0.3919, 'learning_rate': 1.2537704150629356e-05, 'epoch': 8.83}
{'loss': 0.4096, 'learning_rate': 1.2494403412046192e-05, 'epoch': 8.84}
{'loss': 0.37, 'learning_rate': 1.2451102673463017e-05, 'epoch': 8.84}
{'loss': 0.3729, 'learning_rate': 1.2407801934879853e-05, 'epoch': 8.85}
{'loss': 0.3858, 'learning_rate': 1.2364501196296678e-05, 'epoch': 8.85}
{'loss': 0.3605, 'learning_rate': 1.2321200457713513e-05, 'epoch': 8.85}
{'loss': 0.3881, 'learning_rate': 1.2277899719130348e-05, 'epoch': 8.86}
{'loss': 0.3868, 'learning_rate': 1.2234598980547172e-05, 'epoch': 8.86}
{'loss': 0.4024, 'learning_rate': 1.2191298241964007e-05, 'epoch': 8.87}
{'loss': 0.3822, 'learning_rate': 1.2147997503380843e-05, 'epoch': 8.87}
{'loss': 0.3917, 'learning_rate': 1.2104696764797668e-05, 'epoch': 8.87}
{'loss': 0.356, 'learning_rate': 1.2061396026214503e-05, 'epoch': 8.88}
{'loss': 0.3706, 'learning_rate': 1.2018095287631337e-05, 'epoch': 8.88}
{'loss': 0.3599, 'learning_rate': 1.1974794549048162e-05, 'epoch': 8.89}
{'loss': 0.401, 'learning_rate': 1.1931493810464998e-05, 'epoch': 8.89}
{'loss': 0.3966, 'learning_rate': 1.1888193071881833e-05, 'epoch': 8.89}
{'loss': 0.3719, 'learning_rate': 1.1844892333298658e-05, 'epoch': 8.9}
{'loss': 0.3635, 'learning_rate': 1.1801591594715493e-05, 'epoch': 8.9}
{'loss': 0.3976, 'learning_rate': 1.1758290856132317e-05, 'epoch': 8.91}
{'loss': 0.3856, 'learning_rate': 1.1714990117549152e-05, 'epoch': 8.91}
{'loss': 0.3766, 'learning_rate': 1.1671689378965988e-05, 'epoch': 8.91}
{'loss': 0.3736, 'learning_rate': 1.1628388640382811e-05, 'epoch': 8.92}
{'loss': 0.3981, 'learning_rate': 1.1585087901799648e-05, 'epoch': 8.92}
{'loss': 0.3747, 'learning_rate': 1.1541787163216482e-05, 'epoch': 8.93}
{'loss': 0.4099, 'learning_rate': 1.1498486424633307e-05, 'epoch': 8.93}
{'loss': 0.4105, 'learning_rate': 1.1455185686050142e-05, 'epoch': 8.93}
{'loss': 0.3564, 'learning_rate': 1.1411884947466978e-05, 'epoch': 8.94}
{'loss': 0.3731, 'learning_rate': 1.1368584208883803e-05, 'epoch': 8.94}
{'loss': 0.3667, 'learning_rate': 1.1325283470300638e-05, 'epoch': 8.95}
{'loss': 0.3927, 'learning_rate': 1.1281982731717462e-05, 'epoch': 8.95}
{'loss': 0.3587, 'learning_rate': 1.1238681993134297e-05, 'epoch': 8.96}
{'loss': 0.3462, 'learning_rate': 1.1195381254551132e-05, 'epoch': 8.96}
{'loss': 0.4226, 'learning_rate': 1.1152080515967956e-05, 'epoch': 8.96}
{'loss': 0.4059, 'learning_rate': 1.1108779777384793e-05, 'epoch': 8.97}
{'loss': 0.3976, 'learning_rate': 1.1065479038801627e-05, 'epoch': 8.97}
{'loss': 0.3716, 'learning_rate': 1.1022178300218452e-05, 'epoch': 8.98}
{'loss': 0.3718, 'learning_rate': 1.0978877561635287e-05, 'epoch': 8.98}
{'loss': 0.3837, 'learning_rate': 1.0935576823052123e-05, 'epoch': 8.98}
{'loss': 0.3767, 'learning_rate': 1.0892276084468946e-05, 'epoch': 8.99}
{'loss': 0.4136, 'learning_rate': 1.0848975345885783e-05, 'epoch': 8.99}
{'loss': 0.3956, 'learning_rate': 1.0805674607302607e-05, 'epoch': 9.0}
[INFO|trainer.py:520] 2026-10-04 17:11:13,174 >> The following columns in the evaluation set  don't have a corresponding argument in `PETLEncModel.forward` and have been ignored: idx, premise, hypothesis.
[INFO|trainer.py:2179] 2026-10-04 17:11:13,176 >> ***** Running Evaluation *****
[INFO|trainer.py:2181] 2026-10-04 17:11:13,176 >>   Num examples = 9815
[INFO|trainer.py:2184] 2026-10-04 17:11:13,176 >>   Batch size = 32
{'eval_loss': 0.3767051696777344, 'eval_accuracy': 0.8603158430973, 'eval_runtime': 8.9554, 'eval_samples_per_second': 1095.984, 'eval_steps_per_second': 34.281, 'epoch': 9.0}
[INFO|trainer.py:1933] 2026-10-04 17:11:22,132 >> Saving model checkpoint to checkpoints/glue/mnli/20261004/glue.mnli.prefix.am_prefix.ao_concat.fm_none.fo_parallel.abn.fbn.ac_add.fl_none.finit_lora.fs_4.unfrz_ef_.ne10.warm0.06.wd0.1.seed8./checkpoint-110448
[INFO|configuration_utils.py:364] 2026-10-04 17:11:22,134 >> Configuration saved in checkpoints/glue/mnli/20261004/glue.mnli.prefix.am_prefix.ao_concat.fm_none.fo_parallel.abn.fbn.ac_add.fl_none.finit_lora.fs_4.unfrz_ef_.ne10.warm0.06.wd0.1.seed8./checkpoint-110448/config.json
[INFO|modeling_utils.py:898] 2026-10-04 17:11:22,486 >> Model weights saved in checkpoints/glue/mnli/20261004/glue.mnli.prefix.am_prefix.ao_concat.fm_none.fo_parallel.abn.fbn.ac_add.fl_none.finit_lora.fs_4.unfrz_ef_.ne10.warm0.06.wd0.1.seed8./checkpoint-110448/pytorch_model.bin
[INFO|tokenization_utils_base.py:1948] 2026-10-04 17:11:22,487 >> tokenizer config file saved in checkpoints/glue/mnli/20261004/glue.mnli.prefix.am_prefix.ao_concat.fm_none.fo_parallel.abn.fbn.ac_add.fl_none.finit_lora.fs_4.unfrz_ef_.ne10.warm0.06.wd0.1.seed8./checkpoint-110448/tokenizer_config.json
[INFO|tokenization_utils_base.py:1954] 2026-10-04 17:11:22,488 >> Special tokens file saved in checkpoints/glue/mnli/20261004/glue.mnli.prefix.am_prefix.ao_concat.fm_none.fo_parallel.abn.fbn.ac_add.fl_none.finit_lora.fs_4.unfrz_ef_.ne10.warm0.06.wd0.1.seed8./checkpoint-110448/special_tokens_map.json
[INFO|trainer.py:2009] 2026-10-04 17:11:22,618 >> Deleting older checkpoint [checkpoints/glue/mnli/20261004/glue.mnli.prefix.am_prefix.ao_concat.fm_none.fo_parallel.abn.fbn.ac_add.fl_none.finit_lora.fs_4.unfrz_ef_.ne10.warm0.06.wd0.1.seed8./checkpoint-85904] due to args.save_total_limit
/work/unify-parameter-efficient-tuning/src/transformers/trainer.py:1784: FutureWarning: `torch.cuda.amp.autocast(args...)` is deprecated. Please use `torch.amp.autocast('cuda', args...)` instead.
  with autocast():
{'loss': 0.3676, 'learning_rate': 1.0762373868719442e-05, 'epoch': 9.0}
{'loss': 0.3817, 'learning_rate': 1.0719073130136277e-05, 'epoch': 9.0}
{'loss': 0.3854, 'learning_rate': 1.0675772391553101e-05, 'epoch': 9.01}
{'loss': 0.3521, 'learning_rate': 1.0632471652969938e-05, 'epoch': 9.01}
{'loss': 0.3466, 'learning_rate': 1.0589170914386773e-05, 'epoch': 9.02}
{'loss': 0.3963, 'learning_rate': 1.0545870175803597e-05, 'epoch': 9.02}
{'loss': 0.3568, 'learning_rate': 1.0502569437220432e-05, 'epoch': 9.02}
{'loss': 0.3672, 'learning_rate': 1.0459268698637267e-05, 'epoch': 9.03}
{'loss': 0.3614, 'learning_rate': 1.0415967960054091e-05, 'epoch': 9.03}
{'loss': 0.3403, 'learning_rate': 1.037353323624259e-05, 'epoch': 9.04}
{'loss': 0.389, 'learning_rate': 1.0330232497659425e-05, 'epoch': 9.04}
{'loss': 0.3616, 'learning_rate': 1.028693175907625e-05, 'epoch': 9.04}
{'loss': 0.3843, 'learning_rate': 1.0244497035264748e-05, 'epoch': 9.05}
{'loss': 0.3715, 'learning_rate': 1.0201196296681573e-05, 'epoch': 9.05}
{'loss': 0.3753, 'learning_rate': 1.0157895558098407e-05, 'epoch': 9.06}
{'loss': 0.3623, 'learning_rate': 1.0114594819515244e-05, 'epoch': 9.06}
{'loss': 0.3939, 'learning_rate': 1.0071294080932067e-05, 'epoch': 9.07}
{'loss': 0.3332, 'learning_rate': 1.0027993342348903e-05, 'epoch': 9.07}
{'loss': 0.3662, 'learning_rate': 9.984692603765738e-06, 'epoch': 9.07}
{'loss': 0.3642, 'learning_rate': 9.941391865182563e-06, 'epoch': 9.08}
{'loss': 0.3664, 'learning_rate': 9.898091126599397e-06, 'epoch': 9.08}
{'loss': 0.397, 'learning_rate': 9.854790388016234e-06, 'epoch': 9.09}
{'loss': 0.3977, 'learning_rate': 9.811489649433058e-06, 'epoch': 9.09}
{'loss': 0.3599, 'learning_rate': 9.768188910849893e-06, 'epoch': 9.09}
{'loss': 0.3559, 'learning_rate': 9.724888172266728e-06, 'epoch': 9.1}
{'loss': 0.369, 'learning_rate': 9.681587433683552e-06, 'epoch': 9.1}
{'loss': 0.3758, 'learning_rate': 9.638286695100389e-06, 'epoch': 9.11}
{'loss': 0.3775, 'learning_rate': 9.594985956517212e-06, 'epoch': 9.11}
{'loss': 0.3669, 'learning_rate': 9.551685217934048e-06, 'epoch': 9.11}
{'loss': 0.3638, 'learning_rate': 9.508384479350883e-06, 'epoch': 9.12}
{'loss': 0.3461, 'learning_rate': 9.465083740767708e-06, 'epoch': 9.12}
{'loss': 0.406, 'learning_rate': 9.421783002184542e-06, 'epoch': 9.13}
{'loss': 0.3905, 'learning_rate': 9.378482263601379e-06, 'epoch': 9.13}
{'loss': 0.3696, 'learning_rate': 9.335181525018202e-06, 'epoch': 9.13}
{'loss': 0.3929, 'learning_rate': 9.291880786435038e-06, 'epoch': 9.14}
{'loss': 0.3758, 'learning_rate': 9.248580047851873e-06, 'epoch': 9.14}
{'loss': 0.379, 'learning_rate': 9.205279309268697e-06, 'epoch': 9.15}
{'loss': 0.3612, 'learning_rate': 9.161978570685532e-06, 'epoch': 9.15}
{'loss': 0.3645, 'learning_rate': 9.118677832102357e-06, 'epoch': 9.15}
{'loss': 0.3671, 'learning_rate': 9.075377093519193e-06, 'epoch': 9.16}
{'loss': 0.3671, 'learning_rate': 9.032076354936028e-06, 'epoch': 9.16}
{'loss': 0.3972, 'learning_rate': 8.988775616352853e-06, 'epoch': 9.17}
{'loss': 0.36, 'learning_rate': 8.945474877769687e-06, 'epoch': 9.17}
{'loss': 0.3798, 'learning_rate': 8.902174139186522e-06, 'epoch': 9.18}
{'loss': 0.37, 'learning_rate': 8.858873400603347e-06, 'epoch': 9.18}
{'loss': 0.3712, 'learning_rate': 8.815572662020183e-06, 'epoch': 9.18}
{'loss': 0.3631, 'learning_rate': 8.772271923437018e-06, 'epoch': 9.19}
{'loss': 0.4024, 'learning_rate': 8.728971184853843e-06, 'epoch': 9.19}
{'loss': 0.3821, 'learning_rate': 8.685670446270677e-06, 'epoch': 9.2}
{'loss': 0.41, 'learning_rate': 8.642369707687502e-06, 'epoch': 9.2}
{'loss': 0.3586, 'learning_rate': 8.599068969104337e-06, 'epoch': 9.2}
{'loss': 0.3755, 'learning_rate': 8.555768230521173e-06, 'epoch': 9.21}
{'loss': 0.3986, 'learning_rate': 8.512467491937998e-06, 'epoch': 9.21}
{'loss': 0.4061, 'learning_rate': 8.469166753354832e-06, 'epoch': 9.22}
{'loss': 0.4056, 'learning_rate': 8.425866014771667e-06, 'epoch': 9.22}
{'loss': 0.3649, 'learning_rate': 8.382565276188492e-06, 'epoch': 9.22}
{'loss': 0.3865, 'learning_rate': 8.339264537605327e-06, 'epoch': 9.23}
{'loss': 0.3697, 'learning_rate': 8.295963799022163e-06, 'epoch': 9.23}
{'loss': 0.3771, 'learning_rate': 8.252663060438988e-06, 'epoch': 9.24}
{'loss': 0.384, 'learning_rate': 8.209362321855822e-06, 'epoch': 9.24}
{'loss': 0.35, 'learning_rate': 8.166061583272657e-06, 'epoch': 9.24}
{'loss': 0.3749, 'learning_rate': 8.122760844689482e-06, 'epoch': 9.25}
{'loss': 0.3394, 'learning_rate': 8.079460106106318e-06, 'epoch': 9.25}
{'loss': 0.3796, 'learning_rate': 8.036159367523141e-06, 'epoch': 9.26}
{'loss': 0.3636, 'learning_rate': 7.992858628939977e-06, 'epoch': 9.26}
{'loss': 0.3967, 'learning_rate': 7.949557890356812e-06, 'epoch': 9.26}
{'loss': 0.3801, 'learning_rate': 7.906257151773637e-06, 'epoch': 9.27}
{'loss': 0.3871, 'learning_rate': 7.862956413190472e-06, 'epoch': 9.27}
{'loss': 0.3785, 'learning_rate': 7.819655674607308e-06, 'epoch': 9.28}
{'loss': 0.3935, 'learning_rate': 7.776354936024133e-06, 'epoch': 9.28}
{'loss': 0.3553, 'learning_rate': 7.733054197440967e-06, 'epoch': 9.29}
{'loss': 0.3665, 'learning_rate': 7.689753458857802e-06, 'epoch': 9.29}
{'loss': 0.3693, 'learning_rate': 7.646452720274627e-06, 'epoch': 9.29}
{'loss': 0.357, 'learning_rate': 7.6031519816914615e-06, 'epoch': 9.3}
{'loss': 0.359, 'learning_rate': 7.559851243108286e-06, 'epoch': 9.3}
{'loss': 0.3617, 'learning_rate': 7.51655050452512e-06, 'epoch': 9.31}
{'loss': 0.3645, 'learning_rate': 7.4732497659419556e-06, 'epoch': 9.31}
{'loss': 0.3756, 'learning_rate': 7.42994902735878e-06, 'epoch': 9.31}
{'loss': 0.3805, 'learning_rate': 7.386648288775616e-06, 'epoch': 9.32}
{'loss': 0.3694, 'learning_rate': 7.343347550192451e-06, 'epoch': 9.32}
{'loss': 0.3827, 'learning_rate': 7.300046811609276e-06, 'epoch': 9.33}
{'loss': 0.3699, 'learning_rate': 7.256746073026111e-06, 'epoch': 9.33}
{'loss': 0.3978, 'learning_rate': 7.213445334442946e-06, 'epoch': 9.33}
{'loss': 0.3683, 'learning_rate': 7.170144595859771e-06, 'epoch': 9.34}
{'loss': 0.3499, 'learning_rate': 7.1268438572766065e-06, 'epoch': 9.34}
{'loss': 0.4047, 'learning_rate': 7.08354311869344e-06, 'epoch': 9.35}
{'loss': 0.3591, 'learning_rate': 7.040242380110265e-06, 'epoch': 9.35}
{'loss': 0.3564, 'learning_rate': 6.996941641527101e-06, 'epoch': 9.35}
{'loss': 0.3686, 'learning_rate': 6.953640902943925e-06, 'epoch': 9.36}
{'loss': 0.3662, 'learning_rate': 6.910340164360761e-06, 'epoch': 9.36}
{'loss': 0.3589, 'learning_rate': 6.867039425777596e-06, 'epoch': 9.37}
{'loss': 0.3632, 'learning_rate': 6.82373868719442e-06, 'epoch': 9.37}
{'loss': 0.3537, 'learning_rate': 6.780437948611256e-06, 'epoch': 9.38}
{'loss': 0.4032, 'learning_rate': 6.737137210028091e-06, 'epoch': 9.38}
{'loss': 0.3779, 'learning_rate': 6.693836471444916e-06, 'epoch': 9.38}
{'loss': 0.3847, 'learning_rate': 6.6505357328617515e-06, 'epoch': 9.39}
{'loss': 0.3839, 'learning_rate': 6.607234994278587e-06, 'epoch': 9.39}
{'loss': 0.3962, 'learning_rate': 6.563934255695412e-06, 'epoch': 9.4}
{'loss': 0.3615, 'learning_rate': 6.520633517112246e-06, 'epoch': 9.4}
{'loss': 0.3663, 'learning_rate': 6.47733277852907e-06, 'epoch': 9.4}
{'loss': 0.3972, 'learning_rate': 6.434032039945906e-06, 'epoch': 9.41}
{'loss': 0.3967, 'learning_rate': 6.3907313013627414e-06, 'epoch': 9.41}
{'loss': 0.3884, 'learning_rate': 6.347430562779564e-06, 'epoch': 9.42}
{'loss': 0.3842, 'learning_rate': 6.3041298241964e-06, 'epoch': 9.42}
{'loss': 0.3891, 'learning_rate': 6.2608290856132355e-06, 'epoch': 9.42}
{'loss': 0.3906, 'learning_rate': 6.21752834703006e-06, 'epoch': 9.43}
{'loss': 0.3604, 'learning_rate': 6.174227608446896e-06, 'epoch': 9.43}
{'loss': 0.3873, 'learning_rate': 6.130926869863731e-06, 'epoch': 9.44}
{'loss': 0.3553, 'learning_rate': 6.087626131280555e-06, 'epoch': 9.44}
{'loss': 0.3887, 'learning_rate': 6.044325392697391e-06, 'epoch': 9.44}
{'loss': 0.3524, 'learning_rate': 6.001024654114215e-06, 'epoch': 9.45}
{'loss': 0.3875, 'learning_rate': 5.95772391553105e-06, 'epoch': 9.45}
{'loss': 0.3693, 'learning_rate': 5.914423176947886e-06, 'epoch': 9.46}
{'loss': 0.3523, 'learning_rate': 5.87112243836471e-06, 'epoch': 9.46}
{'loss': 0.3884, 'learning_rate': 5.827821699781546e-06, 'epoch': 9.46}
{'loss': 0.4051, 'learning_rate': 5.784520961198381e-06, 'epoch': 9.47}
{'loss': 0.3893, 'learning_rate': 5.741220222615205e-06, 'epoch': 9.47}
{'loss': 0.3885, 'learning_rate': 5.697919484032041e-06, 'epoch': 9.48}
{'loss': 0.3841, 'learning_rate': 5.6546187454488755e-06, 'epoch': 9.48}
{'loss': 0.3925, 'learning_rate': 5.6113180068657e-06, 'epoch': 9.49}
{'loss': 0.3705, 'learning_rate': 5.568017268282536e-06, 'epoch': 9.49}
{'loss': 0.3604, 'learning_rate': 5.524716529699371e-06, 'epoch': 9.49}
{'loss': 0.3459, 'learning_rate': 5.481415791116195e-06, 'epoch': 9.5}
{'loss': 0.4067, 'learning_rate': 5.438981067304694e-06, 'epoch': 9.5}
{'loss': 0.3782, 'learning_rate': 5.3956803287215176e-06, 'epoch': 9.51}
{'loss': 0.353, 'learning_rate': 5.352379590138353e-06, 'epoch': 9.51}
{'loss': 0.3722, 'learning_rate': 5.309078851555189e-06, 'epoch': 9.51}
{'loss': 0.3901, 'learning_rate': 5.265778112972013e-06, 'epoch': 9.52}
{'loss': 0.3616, 'learning_rate': 5.222477374388848e-06, 'epoch': 9.52}
{'loss': 0.3878, 'learning_rate': 5.179176635805684e-06, 'epoch': 9.53}
{'loss': 0.3956, 'learning_rate': 5.135875897222508e-06, 'epoch': 9.53}
{'loss': 0.3355, 'learning_rate': 5.092575158639343e-06, 'epoch': 9.53}
{'loss': 0.3949, 'learning_rate': 5.049274420056179e-06, 'epoch': 9.54}
{'loss': 0.3645, 'learning_rate': 5.005973681473003e-06, 'epoch': 9.54}
{'loss': 0.3821, 'learning_rate': 4.962672942889839e-06, 'epoch': 9.55}
{'loss': 0.358, 'learning_rate': 4.919372204306663e-06, 'epoch': 9.55}
{'loss': 0.3696, 'learning_rate': 4.876071465723498e-06, 'epoch': 9.55}
{'loss': 0.3794, 'learning_rate': 4.832770727140334e-06, 'epoch': 9.56}
{'loss': 0.3505, 'learning_rate': 4.7894699885571575e-06, 'epoch': 9.56}
{'loss': 0.3799, 'learning_rate': 4.746169249973993e-06, 'epoch': 9.57}
{'loss': 0.3833, 'learning_rate': 4.702868511390829e-06, 'epoch': 9.57}
{'loss': 0.3837, 'learning_rate': 4.6595677728076525e-06, 'epoch': 9.57}
{'loss': 0.39, 'learning_rate': 4.616267034224488e-06, 'epoch': 9.58}
{'loss': 0.4008, 'learning_rate': 4.572966295641324e-06, 'epoch': 9.58}
{'loss': 0.3599, 'learning_rate': 4.5296655570581474e-06, 'epoch': 9.59}
{'loss': 0.3663, 'learning_rate': 4.486364818474983e-06, 'epoch': 9.59}
{'loss': 0.3899, 'learning_rate': 4.443064079891819e-06, 'epoch': 9.6}
{'loss': 0.3574, 'learning_rate': 4.399763341308643e-06, 'epoch': 9.6}
{'loss': 0.3736, 'learning_rate': 4.356462602725478e-06, 'epoch': 9.6}
{'loss': 0.3603, 'learning_rate': 4.313161864142303e-06, 'epoch': 9.61}
{'loss': 0.3404, 'learning_rate': 4.269861125559138e-06, 'epoch': 9.61}
{'loss': 0.374, 'learning_rate': 4.226560386975973e-06, 'epoch': 9.62}
{'loss': 0.3666, 'learning_rate': 4.1832596483927975e-06, 'epoch': 9.62}
{'loss': 0.3906, 'learning_rate': 4.139958909809633e-06, 'epoch': 9.62}
{'loss': 0.3728, 'learning_rate': 4.096658171226469e-06, 'epoch': 9.63}
{'loss': 0.3904, 'learning_rate': 4.0533574326432925e-06, 'epoch': 9.63}
{'loss': 0.3623, 'learning_rate': 4.010056694060128e-06, 'epoch': 9.64}
{'loss': 0.3536, 'learning_rate': 3.966755955476964e-06, 'epoch': 9.64}
{'loss': 0.3746, 'learning_rate': 3.9234552168937874e-06, 'epoch': 9.64}
{'loss': 0.4146, 'learning_rate': 3.880154478310623e-06, 'epoch': 9.65}
{'loss': 0.3625, 'learning_rate': 3.836853739727448e-06, 'epoch': 9.65}
{'loss': 0.3864, 'learning_rate': 3.793553001144283e-06, 'epoch': 9.66}
{'loss': 0.3744, 'learning_rate': 3.750252262561118e-06, 'epoch': 9.66}
{'loss': 0.3744, 'learning_rate': 3.7069515239779426e-06, 'epoch': 9.66}
{'loss': 0.3581, 'learning_rate': 3.663650785394778e-06, 'epoch': 9.67}
{'loss': 0.3604, 'learning_rate': 3.620350046811613e-06, 'epoch': 9.67}
{'loss': 0.3675, 'learning_rate': 3.5770493082284375e-06, 'epoch': 9.68}
{'loss': 0.3785, 'learning_rate': 3.5337485696452727e-06, 'epoch': 9.68}
{'loss': 0.4026, 'learning_rate': 3.4904478310621083e-06, 'epoch': 9.68}
{'loss': 0.3662, 'learning_rate': 3.447147092478933e-06, 'epoch': 9.69}
{'loss': 0.3733, 'learning_rate': 3.4038463538957677e-06, 'epoch': 9.69}
{'loss': 0.3256, 'learning_rate': 3.3605456153125922e-06, 'epoch': 9.7}
{'loss': 0.3639, 'learning_rate': 3.317244876729427e-06, 'epoch': 9.7}
{'loss': 0.3684, 'learning_rate': 3.2739441381462626e-06, 'epoch': 9.71}
{'loss': 0.3865, 'learning_rate': 3.230643399563087e-06, 'epoch': 9.71}
{'loss': 0.387, 'learning_rate': 3.1873426609799224e-06, 'epoch': 9.71}
{'loss': 0.3733, 'learning_rate': 3.144041922396758e-06, 'epoch': 9.72}
{'loss': 0.3861, 'learning_rate': 3.100741183813582e-06, 'epoch': 9.72}
{'loss': 0.3729, 'learning_rate': 3.0574404452304178e-06, 'epoch': 9.73}
{'loss': 0.3736, 'learning_rate': 3.014139706647253e-06, 'epoch': 9.73}
{'loss': 0.4128, 'learning_rate': 2.970838968064077e-06, 'epoch': 9.73}
{'loss': 0.3897, 'learning_rate': 2.9275382294809127e-06, 'epoch': 9.74}
{'loss': 0.3829, 'learning_rate': 2.884237490897748e-06, 'epoch': 9.74}
{'loss': 0.3677, 'learning_rate': 2.8409367523145725e-06, 'epoch': 9.75}
{'loss': 0.3907, 'learning_rate': 2.7976360137314076e-06, 'epoch': 9.75}
{'loss': 0.3866, 'learning_rate': 2.754335275148232e-06, 'epoch': 9.75}
{'loss': 0.3909, 'learning_rate': 2.7110345365650674e-06, 'epoch': 9.76}
{'loss': 0.4087, 'learning_rate': 2.6677337979819026e-06, 'epoch': 9.76}
{'loss': 0.3967, 'learning_rate': 2.624433059398727e-06, 'epoch': 9.77}
{'loss': 0.3711, 'learning_rate': 2.5811323208155624e-06, 'epoch': 9.77}
{'loss': 0.3856, 'learning_rate': 2.5378315822323975e-06, 'epoch': 9.77}
{'loss': 0.3604, 'learning_rate': 2.494530843649222e-06, 'epoch': 9.78}
{'loss': 0.4207, 'learning_rate': 2.4512301050660573e-06, 'epoch': 9.78}
{'loss': 0.3993, 'learning_rate': 2.407929366482893e-06, 'epoch': 9.79}
{'loss': 0.3748, 'learning_rate': 2.364628627899717e-06, 'epoch': 9.79}
{'loss': 0.3638, 'learning_rate': 2.3221939040882154e-06, 'epoch': 9.79}
{'loss': 0.3904, 'learning_rate': 2.27889316550504e-06, 'epoch': 9.8}
{'loss': 0.3734, 'learning_rate': 2.235592426921875e-06, 'epoch': 9.8}
{'loss': 0.3844, 'learning_rate': 2.1922916883387104e-06, 'epoch': 9.81}
{'loss': 0.3491, 'learning_rate': 2.148990949755535e-06, 'epoch': 9.81}
{'loss': 0.3957, 'learning_rate': 2.10569021117237e-06, 'epoch': 9.82}
{'loss': 0.3685, 'learning_rate': 2.0623894725892057e-06, 'epoch': 9.82}
{'loss': 0.3476, 'learning_rate': 2.01908873400603e-06, 'epoch': 9.82}
{'loss': 0.3762, 'learning_rate': 1.9757879954228655e-06, 'epoch': 9.83}
{'loss': 0.3756, 'learning_rate': 1.9324872568397007e-06, 'epoch': 9.83}
{'loss': 0.3725, 'learning_rate': 1.8891865182565248e-06, 'epoch': 9.84}
{'loss': 0.3664, 'learning_rate': 1.8458857796733607e-06, 'epoch': 9.84}
{'loss': 0.3949, 'learning_rate': 1.8025850410901956e-06, 'epoch': 9.84}
{'loss': 0.3579, 'learning_rate': 1.75928430250702e-06, 'epoch': 9.85}
{'loss': 0.3771, 'learning_rate': 1.7159835639238554e-06, 'epoch': 9.85}
{'loss': 0.377, 'learning_rate': 1.6726828253406796e-06, 'epoch': 9.86}
{'loss': 0.38, 'learning_rate': 1.6293820867575152e-06, 'epoch': 9.86}
{'loss': 0.3478, 'learning_rate': 1.5860813481743506e-06, 'epoch': 9.86}
{'loss': 0.3504, 'learning_rate': 1.542780609591175e-06, 'epoch': 9.87}
{'loss': 0.3687, 'learning_rate': 1.4994798710080101e-06, 'epoch': 9.87}
{'loss': 0.3677, 'learning_rate': 1.4561791324248457e-06, 'epoch': 9.88}
{'loss': 0.3575, 'learning_rate': 1.4128783938416699e-06, 'epoch': 9.88}
{'loss': 0.3616, 'learning_rate': 1.369577655258505e-06, 'epoch': 9.88}
{'loss': 0.3788, 'learning_rate': 1.3262769166753407e-06, 'epoch': 9.89}
{'loss': 0.3946, 'learning_rate': 1.2829761780921648e-06, 'epoch': 9.89}
{'loss': 0.3658, 'learning_rate': 1.2396754395090004e-06, 'epoch': 9.9}
{'loss': 0.3694, 'learning_rate': 1.1963747009258246e-06, 'epoch': 9.9}
{'loss': 0.3575, 'learning_rate': 1.1530739623426598e-06, 'epoch': 9.9}
{'loss': 0.3792, 'learning_rate': 1.1097732237594954e-06, 'epoch': 9.91}
{'loss': 0.3782, 'learning_rate': 1.0664724851763196e-06, 'epoch': 9.91}
{'loss': 0.3582, 'learning_rate': 1.023171746593155e-06, 'epoch': 9.92}
{'loss': 0.3617, 'learning_rate': 9.798710080099903e-07, 'epoch': 9.92}
{'loss': 0.3619, 'learning_rate': 9.365702694268145e-07, 'epoch': 9.93}
{'loss': 0.3817, 'learning_rate': 8.9326953084365e-07, 'epoch': 9.93}
{'loss': 0.3801, 'learning_rate': 8.499687922604855e-07, 'epoch': 9.93}
{'loss': 0.3832, 'learning_rate': 8.066680536773097e-07, 'epoch': 9.94}
{'loss': 0.4168, 'learning_rate': 7.63367315094145e-07, 'epoch': 9.94}
{'loss': 0.3781, 'learning_rate': 7.200665765109693e-07, 'epoch': 9.95}
{'loss': 0.3692, 'learning_rate': 6.767658379278047e-07, 'epoch': 9.95}
{'loss': 0.3847, 'learning_rate': 6.334650993446401e-07, 'epoch': 9.95}
{'loss': 0.3623, 'learning_rate': 5.901643607614644e-07, 'epoch': 9.96}
{'loss': 0.3788, 'learning_rate': 5.468636221782998e-07, 'epoch': 9.96}
{'loss': 0.379, 'learning_rate': 5.035628835951352e-07, 'epoch': 9.97}
{'loss': 0.3743, 'learning_rate': 4.602621450119594e-07, 'epoch': 9.97}
{'loss': 0.3645, 'learning_rate': 4.178274212004578e-07, 'epoch': 9.97}
{'loss': 0.3883, 'learning_rate': 3.745266826172932e-07, 'epoch': 9.98}
{'loss': 0.3836, 'learning_rate': 3.312259440341175e-07, 'epoch': 9.98}
{'loss': 0.3846, 'learning_rate': 2.8792520545095286e-07, 'epoch': 9.99}
{'loss': 0.3524, 'learning_rate': 2.4462446686778825e-07, 'epoch': 9.99}
{'loss': 0.4007, 'learning_rate': 2.0132372828461252e-07, 'epoch': 9.99}
{'loss': 0.3728, 'learning_rate': 1.5802298970144791e-07, 'epoch': 10.0}
[INFO|trainer.py:520] 2026-10-04 17:14:58,165 >> The following columns in the evaluation set  don't have a corresponding argument in `PETLEncModel.forward` and have been ignored: idx, premise, hypothesis.
[INFO|trainer.py:2179] 2026-10-04 17:14:58,166 >> ***** Running Evaluation *****
[INFO|trainer.py:2181] 2026-10-04 17:14:58,166 >>   Num examples = 9815
[INFO|trainer.py:2184] 2026-10-04 17:14:58,166 >>   Batch size = 32
{'eval_loss': 0.3760959208011627, 'eval_accuracy': 0.8621497707590423, 'eval_runtime': 5.5624, 'eval_samples_per_second': 1764.527, 'eval_steps_per_second': 55.192, 'epoch': 10.0}
[INFO|trainer.py:1933] 2026-10-04 17:15:03,730 >> Saving model checkpoint to checkpoints/glue/mnli/20261004/glue.mnli.prefix.am_prefix.ao_concat.fm_none.fo_parallel.abn.fbn.ac_add.fl_none.finit_lora.fs_4.unfrz_ef_.ne10.warm0.06.wd0.1.seed8./checkpoint-122720
[INFO|configuration_utils.py:364] 2026-10-04 17:15:03,731 >> Configuration saved in checkpoints/glue/mnli/20261004/glue.mnli.prefix.am_prefix.ao_concat.fm_none.fo_parallel.abn.fbn.ac_add.fl_none.finit_lora.fs_4.unfrz_ef_.ne10.warm0.06.wd0.1.seed8./checkpoint-122720/config.json
[INFO|modeling_utils.py:898] 2026-10-04 17:15:04,061 >> Model weights saved in checkpoints/glue/mnli/20261004/glue.mnli.prefix.am_prefix.ao_concat.fm_none.fo_parallel.abn.fbn.ac_add.fl_none.finit_lora.fs_4.unfrz_ef_.ne10.warm0.06.wd0.1.seed8./checkpoint-122720/pytorch_model.bin
[INFO|tokenization_utils_base.py:1948] 2026-10-04 17:15:04,062 >> tokenizer config file saved in checkpoints/glue/mnli/20261004/glue.mnli.prefix.am_prefix.ao_concat.fm_none.fo_parallel.abn.fbn.ac_add.fl_none.finit_lora.fs_4.unfrz_ef_.ne10.warm0.06.wd0.1.seed8./checkpoint-122720/tokenizer_config.json
[INFO|tokenization_utils_base.py:1954] 2026-10-04 17:15:04,062 >> Special tokens file saved in checkpoints/glue/mnli/20261004/glue.mnli.prefix.am_prefix.ao_concat.fm_none.fo_parallel.abn.fbn.ac_add.fl_none.finit_lora.fs_4.unfrz_ef_.ne10.warm0.06.wd0.1.seed8./checkpoint-122720/special_tokens_map.json
[INFO|trainer.py:2009] 2026-10-04 17:15:04,189 >> Deleting older checkpoint [checkpoints/glue/mnli/20261004/glue.mnli.prefix.am_prefix.ao_concat.fm_none.fo_parallel.abn.fbn.ac_add.fl_none.finit_lora.fs_4.unfrz_ef_.ne10.warm0.06.wd0.1.seed8./checkpoint-98176] due to args.save_total_limit
[INFO|trainer.py:1382] 2026-10-04 17:15:04,194 >> 

Training completed. Do not forget to share your model on huggingface.co/models =)


[INFO|trainer.py:1390] 2026-10-04 17:15:04,194 >> Loading best model from checkpoints/glue/mnli/20261004/glue.mnli.prefix.am_prefix.ao_concat.fm_none.fo_parallel.abn.fbn.ac_add.fl_none.finit_lora.fs_4.unfrz_ef_.ne10.warm0.06.wd0.1.seed8./checkpoint-122720 (score: 0.8621497707590423).
{'train_runtime': 3155.2175, 'train_samples_per_second': 1244.611, 'train_steps_per_second': 38.894, 'train_loss': 0.45704643772975717, 'epoch': 10.0}
[INFO|trainer.py:1933] 2026-10-04 17:15:04,316 >> Saving model checkpoint to checkpoints/glue/mnli/20261004/glue.mnli.prefix.am_prefix.ao_concat.fm_none.fo_parallel.abn.fbn.ac_add.fl_none.finit_lora.fs_4.unfrz_ef_.ne10.warm0.06.wd0.1.seed8.
[INFO|configuration_utils.py:364] 2026-10-04 17:15:04,317 >> Configuration saved in checkpoints/glue/mnli/20261004/glue.mnli.prefix.am_prefix.ao_concat.fm_none.fo_parallel.abn.fbn.ac_add.fl_none.finit_lora.fs_4.unfrz_ef_.ne10.warm0.06.wd0.1.seed8./config.json
[INFO|modeling_utils.py:898] 2026-10-04 17:15:04,642 >> Model weights saved in checkpoints/glue/mnli/20261004/glue.mnli.prefix.am_prefix.ao_concat.fm_none.fo_parallel.abn.fbn.ac_add.fl_none.finit_lora.fs_4.unfrz_ef_.ne10.warm0.06.wd0.1.seed8./pytorch_model.bin
[INFO|tokenization_utils_base.py:1948] 2026-10-04 17:15:04,646 >> tokenizer config file saved in checkpoints/glue/mnli/20261004/glue.mnli.prefix.am_prefix.ao_concat.fm_none.fo_parallel.abn.fbn.ac_add.fl_none.finit_lora.fs_4.unfrz_ef_.ne10.warm0.06.wd0.1.seed8./tokenizer_config.json
[INFO|tokenization_utils_base.py:1954] 2026-10-04 17:15:04,647 >> Special tokens file saved in checkpoints/glue/mnli/20261004/glue.mnli.prefix.am_prefix.ao_concat.fm_none.fo_parallel.abn.fbn.ac_add.fl_none.finit_lora.fs_4.unfrz_ef_.ne10.warm0.06.wd0.1.seed8./special_tokens_map.json
***** train metrics *****
  epoch                    =       10.0
  train_loss               =      0.457
  train_runtime            = 0:52:35.21
  train_samples            =     392702
  train_samples_per_second =   1244.611
  train_steps_per_second   =     38.894
10/04/2026 17:15:04 - INFO - __main__ -   *** Evaluate ***
[INFO|trainer.py:520] 2026-10-04 17:15:04,713 >> The following columns in the evaluation set  don't have a corresponding argument in `PETLEncModel.forward` and have been ignored: idx, premise, hypothesis.
[INFO|trainer.py:2179] 2026-10-04 17:15:04,714 >> ***** Running Evaluation *****
[INFO|trainer.py:2181] 2026-10-04 17:15:04,714 >>   Num examples = 9815
[INFO|trainer.py:2184] 2026-10-04 17:15:04,714 >>   Batch size = 32
{'eval_loss': 0.3760959208011627, 'eval_accuracy': 0.8621497707590423, 'eval_runtime': 5.5627, 'eval_samples_per_second': 1764.416, 'eval_steps_per_second': 55.189, 'epoch': 10.0}
***** eval metrics *****
  epoch                   =       10.0
  eval_accuracy           =     0.8621
  eval_loss               =     0.3761
  eval_runtime            = 0:00:05.56
  eval_samples            =       9815
  eval_samples_per_second =   1764.416
  eval_steps_per_second   =     55.189
[INFO|trainer.py:520] 2026-10-04 17:15:10,279 >> The following columns in the evaluation set  don't have a corresponding argument in `PETLEncModel.forward` and have been ignored: idx, premise, hypothesis.
[INFO|trainer.py:2179] 2026-10-04 17:15:10,280 >> ***** Running Evaluation *****
[INFO|trainer.py:2181] 2026-10-04 17:15:10,280 >>   Num examples = 9832
[INFO|trainer.py:2184] 2026-10-04 17:15:10,280 >>   Batch size = 32
{'eval_loss': 0.38103923201560974, 'eval_accuracy': 0.861879576891782, 'eval_runtime': 5.6819, 'eval_samples_per_second': 1730.398, 'eval_steps_per_second': 54.207, 'epoch': 10.0}
***** eval metrics *****
  epoch                   =       10.0
  eval_accuracy           =     0.8619
  eval_loss               =      0.381
  eval_runtime            = 0:00:05.68
  eval_samples            =       9815
  eval_samples_per_second =   1730.398
  eval_steps_per_second   =     54.207
