checkpoints/glue/mnli/20261004/glue.mnli.prefix.am_prefix.ao_concat.fm_none.fo_parallel.abn.fbn.ac_add.fl_none.finit_lora.fs_4.unfrz_ef_.ne10.warm0.06.wd0.1.seed4.
10/04/2026 15:00:10 - WARNING - __main__ -   Process rank: -1, device: cuda:0, n_gpu: 1distributed training: False, 16-bits training: True
10/04/2026 15:00:10 - INFO - __main__ -   Training/evaluation parameters TrainingArguments(
_n_gpu=1,
adafactor=False,
adam_beta1=0.9,
adam_beta2=0.98,
adam_epsilon=1e-06,
dataloader_drop_last=False,
dataloader_num_workers=0,
dataloader_pin_memory=True,
ddp_find_unused_parameters=False,
debug=[],
deepspeed=None,
disable_tqdm=True,
do_eval=True,
do_predict=False,
do_train=True,
eval_accumulation_steps=None,
eval_steps=5000,
evaluation_strategy=IntervalStrategy.EPOCH,
fp16=True,
fp16_backend=auto,
fp16_full_eval=False,
fp16_opt_level=O1,
gradient_accumulation_steps=1,
greater_is_better=True,
group_by_length=False,
ignore_data_skip=False,
label_names=None,
label_smoothing_factor=0.0,
learning_rate=0.0001,
length_column_name=length,
load_best_model_at_end=True,
local_rank=-1,
log_level=-1,
log_level_replica=-1,
log_on_each_node=True,
logging_dir=checkpoints/glue/mnli/20261004/glue.mnli.prefix.am_prefix.ao_concat.fm_none.fo_parallel.abn.fbn.ac_add.fl_none.finit_lora.fs_4.unfrz_ef_.ne10.warm0.06.wd0.1.seed4./runs/Oct04_15-00-10_j-12410940-job-0,
logging_first_step=False,
logging_steps=50,
logging_strategy=IntervalStrategy.STEPS,
lr_scheduler_type=SchedulerType.POLYNOMIAL,
max_grad_norm=1.0,
max_steps=-1,
metric_for_best_model=accuracy,
mp_parameters=,
no_cuda=False,
num_train_epochs=10.0,
output_dir=checkpoints/glue/mnli/20261004/glue.mnli.prefix.am_prefix.ao_concat.fm_none.fo_parallel.abn.fbn.ac_add.fl_none.finit_lora.fs_4.unfrz_ef_.ne10.warm0.06.wd0.1.seed4.,
overwrite_output_dir=True,
past_index=-1,
per_device_eval_batch_size=32,
per_device_train_batch_size=32,
prediction_loss_only=False,
push_to_hub=False,
push_to_hub_model_id=glue.mnli.prefix.am_prefix.ao_concat.fm_none.fo_parallel.abn.fbn.ac_add.fl_none.finit_lora.fs_4.unfrz_ef_.ne10.warm0.06.wd0.1.seed4.,
push_to_hub_organization=None,
push_to_hub_token=None,
remove_unused_columns=True,
report_to=[],
resume_from_checkpoint=None,
run_name=mnli.20261004.glue.mnli.prefix.am_prefix.ao_concat.fm_none.fo_parallel.abn.fbn.ac_add.fl_none.finit_lora.fs_4.unfrz_ef_.ne10.warm0.06.wd0.1.seed4.,
save_steps=5000,
save_strategy=IntervalStrategy.EPOCH,
save_total_limit=2,
seed=4,
sharded_ddp=[],
skip_memory_metrics=True,
tpu_metrics_debug=False,
tpu_num_cores=None,
use_legacy_prediction_loop=False,
warmup_ratio=0.06,
warmup_steps=0,
weight_decay=0.1,
)
10/04/2026 15:00:10 - WARNING - datasets.builder -   Reusing dataset glue (checkpoints/hf_model/glue/mnli/1.0.0/dacbe3125aa31d7f70367a07a8a9e72a5a0bfeb5fc42e75c9db75b96da6053ad)
[INFO|configuration_utils.py:528] 2026-10-04 15:00:10,727 >> loading configuration file /work/unify-parameter-efficient-tuning/_setup/models/roberta-base/config.json
[INFO|configuration_utils.py:566] 2026-10-04 15:00:10,727 >> Model config RobertaConfig {
  "architectures": [
    "RobertaForMaskedLM"
  ],
  "attention_probs_dropout_prob": 0.1,
  "bos_token_id": 0,
  "eos_token_id": 2,
  "finetuning_task": "mnli",
  "gradient_checkpointing": false,
  "hidden_act": "gelu",
  "hidden_dropout_prob": 0.1,
  "hidden_size": 768,
  "id2label": {
    "0": "LABEL_0",
    "1": "LABEL_1",
    "2": "LABEL_2"
  },
  "initializer_range": 0.02,
  "intermediate_size": 3072,
  "label2id": {
    "LABEL_0": 0,
    "LABEL_1": 1,
    "LABEL_2": 2
  },
  "layer_norm_eps": 1e-05,
  "max_position_embeddings": 514,
  "model_type": "roberta",
  "num_attention_heads": 12,
  "num_hidden_layers": 12,
  "pad_token_id": 1,
  "position_embedding_type": "absolute",
  "transformers_version": "4.9.0.dev0",
  "type_vocab_size": 1,
  "use_cache": true,
  "vocab_size": 50265
}

[INFO|tokenization_auto.py:427] 2026-10-04 15:00:10,727 >> Could not locate the tokenizer configuration file, will try to use the model config instead.
[INFO|configuration_utils.py:528] 2026-10-04 15:00:10,727 >> loading configuration file /work/unify-parameter-efficient-tuning/_setup/models/roberta-base/config.json
[INFO|configuration_utils.py:566] 2026-10-04 15:00:10,728 >> Model config RobertaConfig {
  "architectures": [
    "RobertaForMaskedLM"
  ],
  "attention_probs_dropout_prob": 0.1,
  "bos_token_id": 0,
  "eos_token_id": 2,
  "gradient_checkpointing": false,
  "hidden_act": "gelu",
  "hidden_dropout_prob": 0.1,
  "hidden_size": 768,
  "initializer_range": 0.02,
  "intermediate_size": 3072,
  "layer_norm_eps": 1e-05,
  "max_position_embeddings": 514,
  "model_type": "roberta",
  "num_attention_heads": 12,
  "num_hidden_layers": 12,
  "pad_token_id": 1,
  "position_embedding_type": "absolute",
  "transformers_version": "4.9.0.dev0",
  "type_vocab_size": 1,
  "use_cache": true,
  "vocab_size": 50265
}

[INFO|tokenization_utils_base.py:1651] 2026-10-04 15:00:10,728 >> Didn't find file /work/unify-parameter-efficient-tuning/_setup/models/roberta-base/added_tokens.json. We won't load it.
[INFO|tokenization_utils_base.py:1651] 2026-10-04 15:00:10,728 >> Didn't find file /work/unify-parameter-efficient-tuning/_setup/models/roberta-base/special_tokens_map.json. We won't load it.
[INFO|tokenization_utils_base.py:1651] 2026-10-04 15:00:10,728 >> Didn't find file /work/unify-parameter-efficient-tuning/_setup/models/roberta-base/tokenizer_config.json. We won't load it.
[INFO|tokenization_utils_base.py:1715] 2026-10-04 15:00:10,728 >> loading file /work/unify-parameter-efficient-tuning/_setup/models/roberta-base/vocab.json
[INFO|tokenization_utils_base.py:1715] 2026-10-04 15:00:10,728 >> loading file /work/unify-parameter-efficient-tuning/_setup/models/roberta-base/merges.txt
[INFO|tokenization_utils_base.py:1715] 2026-10-04 15:00:10,728 >> loading file /work/unify-parameter-efficient-tuning/_setup/models/roberta-base/tokenizer.json
[INFO|tokenization_utils_base.py:1715] 2026-10-04 15:00:10,728 >> loading file None
[INFO|tokenization_utils_base.py:1715] 2026-10-04 15:00:10,728 >> loading file None
[INFO|tokenization_utils_base.py:1715] 2026-10-04 15:00:10,728 >> loading file None
[INFO|modeling_utils.py:1159] 2026-10-04 15:00:10,761 >> loading weights file /work/unify-parameter-efficient-tuning/_setup/models/roberta-base/pytorch_model.bin
============================ init weights is called! ====================================
============================ init weights is called! ====================================
[WARNING|modeling_utils.py:1336] 2026-10-04 15:00:11,813 >> Some weights of the model checkpoint at /work/unify-parameter-efficient-tuning/_setup/models/roberta-base were not used when initializing RobertaForSequenceClassification: ['roberta.pooler.dense.weight', 'roberta.pooler.dense.bias', 'lm_head.decoder.weight', 'lm_head.layer_norm.weight', 'lm_head.dense.bias', 'lm_head.bias', 'lm_head.dense.weight', 'lm_head.layer_norm.bias']
- This IS expected if you are initializing RobertaForSequenceClassification from the checkpoint of a model trained on another task or with another architecture (e.g. initializing a BertForSequenceClassification model from a BertForPreTraining model).
- This IS NOT expected if you are initializing RobertaForSequenceClassification from the checkpoint of a model that you expect to be exactly identical (initializing a BertForSequenceClassification model from a BertForSequenceClassification model).
[WARNING|modeling_utils.py:1347] 2026-10-04 15:00:11,814 >> Some weights of RobertaForSequenceClassification were not initialized from the model checkpoint at /work/unify-parameter-efficient-tuning/_setup/models/roberta-base and are newly initialized: ['classifier.dense.weight', 'classifier.dense.bias', 'classifier.out_proj.bias', 'classifier.out_proj.weight']
You should probably TRAIN this model on a down-stream task to be able to use it for predictions and inference.
10/04/2026 15:00:11 - WARNING - datasets.fingerprint -   Parameter 'function'=<function main.<locals>.preprocess_function at 0x7f6cf09fde50> of the transform datasets.arrow_dataset.Dataset._map_single couldn't be hashed properly, a random hash was used instead. Make sure your transforms and parameters are serializable with pickle or dill for the dataset fingerprinting and caching to work. If you reuse this transform, the caching mechanism will consider it to be different from the previous calls and recompute everything. This warning is only showed once. Subsequent hashing failures won't be showed.
10/04/2026 15:00:11 - WARNING - datasets.arrow_dataset -   Loading cached processed dataset at checkpoints/hf_model/glue/mnli/1.0.0/dacbe3125aa31d7f70367a07a8a9e72a5a0bfeb5fc42e75c9db75b96da6053ad/cache-4da4f9fc3c6da5d7.arrow
10/04/2026 15:00:11 - WARNING - datasets.arrow_dataset -   Loading cached processed dataset at checkpoints/hf_model/glue/mnli/1.0.0/dacbe3125aa31d7f70367a07a8a9e72a5a0bfeb5fc42e75c9db75b96da6053ad/cache-b8a1abcd1a6916c7.arrow
10/04/2026 15:00:11 - WARNING - datasets.arrow_dataset -   Loading cached processed dataset at checkpoints/hf_model/glue/mnli/1.0.0/dacbe3125aa31d7f70367a07a8a9e72a5a0bfeb5fc42e75c9db75b96da6053ad/cache-7a97c643656412a9.arrow
10/04/2026 15:00:11 - WARNING - datasets.arrow_dataset -   Loading cached processed dataset at checkpoints/hf_model/glue/mnli/1.0.0/dacbe3125aa31d7f70367a07a8a9e72a5a0bfeb5fc42e75c9db75b96da6053ad/cache-1710cf5327ac435a.arrow
10/04/2026 15:00:11 - WARNING - datasets.arrow_dataset -   Loading cached processed dataset at checkpoints/hf_model/glue/mnli/1.0.0/dacbe3125aa31d7f70367a07a8a9e72a5a0bfeb5fc42e75c9db75b96da6053ad/cache-0512bd1311072231.arrow
10/04/2026 15:00:11 - INFO - __main__ -   Sample 210549 of the training set: {'attention_mask': [1, 1, 1, 1, 1, 1, 1, 1, 1, 1, 1, 1, 1, 1, 1, 1, 1, 1, 1, 1, 1, 1, 1, 1, 1, 1, 1, 1, 1, 1, 1, 1, 1, 1, 1, 1, 1, 1, 1, 1, 1, 1, 1, 1, 1, 1, 1, 1, 1, 1, 1, 1, 1, 1, 1, 1, 1, 1, 1, 1, 1, 1, 1, 1, 1, 1, 1, 1, 1, 1], 'hypothesis': "I don't think companies should have to take the strain and responsibility of paying for the person's healthcare. ", 'idx': 210549, 'input_ids': [0, 2678, 939, 216, 939, 216, 14223, 11380, 24, 18, 1528, 8, 939, 218, 75, 206, 14, 14, 6976, 197, 28, 342, 15, 451, 1169, 939, 218, 75, 206, 14, 51, 197, 33, 7, 6876, 5, 2640, 9, 2746, 13, 5, 621, 18, 474, 575, 2, 2, 100, 218, 75, 206, 451, 197, 33, 7, 185, 5, 8793, 8, 2640, 9, 2746, 13, 5, 621, 18, 3717, 4, 1437, 2], 'label': 0, 'premise': "oh i know i know oh yeah it's true and i don't think that that burden should be put on companies either i don't think that they should have to assume the responsibility of paying for the person's health care"}.
10/04/2026 15:00:11 - INFO - __main__ -   Sample 288044 of the training set: {'attention_mask': [1, 1, 1, 1, 1, 1, 1, 1, 1, 1, 1, 1, 1, 1, 1, 1, 1, 1, 1, 1, 1, 1], 'hypothesis': 'I have taken gun management 101.', 'idx': 288044, 'input_ids': [0, 42803, 939, 33, 33, 1751, 1751, 33, 33, 1751, 1052, 6560, 2, 2, 100, 33, 551, 1751, 1052, 6560, 4, 2], 'label': 0, 'premise': 'yeah i have have gun gun have have gun management 101'}.
10/04/2026 15:00:11 - INFO - __main__ -   Sample 151716 of the training set: {'attention_mask': [1, 1, 1, 1, 1, 1, 1, 1, 1, 1, 1, 1, 1, 1, 1], 'hypothesis': 'His hold tightened.', 'idx': 151716, 'input_ids': [0, 9962, 946, 56, 7185, 10, 410, 4, 2, 2, 9962, 946, 21287, 4, 2], 'label': 2, 'premise': 'His hold had slipped a little.'}.
[INFO|trainer.py:420] 2026-10-04 15:00:13,201 >> Using amp fp16 backend
/work/unify-parameter-efficient-tuning/src/transformers/trainer.py:430: FutureWarning: `torch.cuda.amp.GradScaler(args...)` is deprecated. Please use `torch.amp.GradScaler('cuda', args...)` instead.
  self.scaler = torch.cuda.amp.GradScaler()
[INFO|trainer.py:520] 2026-10-04 15:00:13,201 >> The following columns in the training set  don't have a corresponding argument in `PETLEncModel.forward` and have been ignored: idx, hypothesis, premise.
[INFO|trainer.py:1183] 2026-10-04 15:00:13,958 >> ***** Running training *****
[INFO|trainer.py:1184] 2026-10-04 15:00:13,958 >>   Num examples = 392702
[INFO|trainer.py:1185] 2026-10-04 15:00:13,958 >>   Num Epochs = 10
[INFO|trainer.py:1186] 2026-10-04 15:00:13,958 >>   Instantaneous batch size per device = 32
[INFO|trainer.py:1187] 2026-10-04 15:00:13,958 >>   Total train batch size (w. parallel, distributed & accumulation) = 32
[INFO|trainer.py:1188] 2026-10-04 15:00:13,958 >>   Gradient Accumulation steps = 1
[INFO|trainer.py:1189] 2026-10-04 15:00:13,958 >>   Total optimization steps = 122720
/work/unify-parameter-efficient-tuning/src/transformers/trainer.py:1784: FutureWarning: `torch.cuda.amp.autocast(args...)` is deprecated. Please use `torch.amp.autocast('cuda', args...)` instead.
  with autocast():
{'loss': 1.1116, 'learning_rate': 6.789788158609453e-07, 'epoch': 0.0}
{'loss': 1.1128, 'learning_rate': 1.3579576317218905e-06, 'epoch': 0.01}
{'loss': 1.1158, 'learning_rate': 2.0369364475828354e-06, 'epoch': 0.01}
{'loss': 1.1068, 'learning_rate': 2.715915263443781e-06, 'epoch': 0.02}
{'loss': 1.1096, 'learning_rate': 3.3948940793047257e-06, 'epoch': 0.02}
{'loss': 1.1058, 'learning_rate': 4.073872895165671e-06, 'epoch': 0.02}
{'loss': 1.1065, 'learning_rate': 4.752851711026616e-06, 'epoch': 0.03}
{'loss': 1.1055, 'learning_rate': 5.431830526887562e-06, 'epoch': 0.03}
{'loss': 1.1184, 'learning_rate': 6.110809342748506e-06, 'epoch': 0.04}
{'loss': 1.1102, 'learning_rate': 6.7897881586094514e-06, 'epoch': 0.04}
{'loss': 1.1068, 'learning_rate': 7.468766974470397e-06, 'epoch': 0.04}
{'loss': 1.1082, 'learning_rate': 8.147745790331342e-06, 'epoch': 0.05}
{'loss': 1.1091, 'learning_rate': 8.826724606192287e-06, 'epoch': 0.05}
{'loss': 1.1068, 'learning_rate': 9.505703422053232e-06, 'epoch': 0.06}
{'loss': 1.1001, 'learning_rate': 1.0184682237914179e-05, 'epoch': 0.06}
{'loss': 1.1033, 'learning_rate': 1.0863661053775124e-05, 'epoch': 0.07}
{'loss': 1.1063, 'learning_rate': 1.1542639869636067e-05, 'epoch': 0.07}
{'loss': 1.1066, 'learning_rate': 1.2221618685497013e-05, 'epoch': 0.07}
{'loss': 1.103, 'learning_rate': 1.2900597501357958e-05, 'epoch': 0.08}
{'loss': 1.0989, 'learning_rate': 1.3579576317218903e-05, 'epoch': 0.08}
{'loss': 1.096, 'learning_rate': 1.424497555676263e-05, 'epoch': 0.09}
{'loss': 1.1064, 'learning_rate': 1.4923954372623575e-05, 'epoch': 0.09}
{'loss': 1.1019, 'learning_rate': 1.560293318848452e-05, 'epoch': 0.09}
{'loss': 1.1011, 'learning_rate': 1.6281912004345466e-05, 'epoch': 0.1}
{'loss': 1.101, 'learning_rate': 1.696089082020641e-05, 'epoch': 0.1}
{'loss': 1.1027, 'learning_rate': 1.7639869636067356e-05, 'epoch': 0.11}
{'loss': 1.099, 'learning_rate': 1.83188484519283e-05, 'epoch': 0.11}
{'loss': 1.1011, 'learning_rate': 1.8997827267789246e-05, 'epoch': 0.11}
{'loss': 1.0971, 'learning_rate': 1.967680608365019e-05, 'epoch': 0.12}
{'loss': 1.1019, 'learning_rate': 2.0355784899511136e-05, 'epoch': 0.12}
{'loss': 1.0992, 'learning_rate': 2.103476371537208e-05, 'epoch': 0.13}
{'loss': 1.1002, 'learning_rate': 2.1713742531233027e-05, 'epoch': 0.13}
{'loss': 1.1006, 'learning_rate': 2.2392721347093974e-05, 'epoch': 0.13}
{'loss': 1.0979, 'learning_rate': 2.3071700162954917e-05, 'epoch': 0.14}
{'loss': 1.0939, 'learning_rate': 2.3750678978815864e-05, 'epoch': 0.14}
{'loss': 1.0973, 'learning_rate': 2.4429657794676807e-05, 'epoch': 0.15}
{'loss': 1.0971, 'learning_rate': 2.510863661053775e-05, 'epoch': 0.15}
{'loss': 1.0949, 'learning_rate': 2.5787615426398698e-05, 'epoch': 0.15}
{'loss': 1.094, 'learning_rate': 2.646659424225964e-05, 'epoch': 0.16}
{'loss': 1.0853, 'learning_rate': 2.7145573058120588e-05, 'epoch': 0.16}
{'loss': 1.0842, 'learning_rate': 2.7824551873981535e-05, 'epoch': 0.17}
{'loss': 1.0724, 'learning_rate': 2.8503530689842478e-05, 'epoch': 0.17}
{'loss': 1.063, 'learning_rate': 2.9182509505703425e-05, 'epoch': 0.18}
{'loss': 1.0416, 'learning_rate': 2.986148832156437e-05, 'epoch': 0.18}
{'loss': 1.0317, 'learning_rate': 3.0540467137425315e-05, 'epoch': 0.18}
{'loss': 1.0089, 'learning_rate': 3.1219445953286255e-05, 'epoch': 0.19}
{'loss': 0.9886, 'learning_rate': 3.189842476914721e-05, 'epoch': 0.19}
{'loss': 0.9946, 'learning_rate': 3.257740358500815e-05, 'epoch': 0.2}
{'loss': 0.9734, 'learning_rate': 3.3256382400869096e-05, 'epoch': 0.2}
{'loss': 0.9713, 'learning_rate': 3.3935361216730036e-05, 'epoch': 0.2}
{'loss': 0.9493, 'learning_rate': 3.461434003259098e-05, 'epoch': 0.21}
{'loss': 0.9308, 'learning_rate': 3.529331884845193e-05, 'epoch': 0.21}
{'loss': 0.9132, 'learning_rate': 3.5972297664312876e-05, 'epoch': 0.22}
{'loss': 0.9044, 'learning_rate': 3.6651276480173817e-05, 'epoch': 0.22}
{'loss': 0.907, 'learning_rate': 3.7330255296034763e-05, 'epoch': 0.22}
{'loss': 0.8631, 'learning_rate': 3.800923411189571e-05, 'epoch': 0.23}
{'loss': 0.8447, 'learning_rate': 3.868821292775666e-05, 'epoch': 0.23}
{'loss': 0.8364, 'learning_rate': 3.93671917436176e-05, 'epoch': 0.24}
{'loss': 0.8026, 'learning_rate': 4.0032590983161326e-05, 'epoch': 0.24}
{'loss': 0.8108, 'learning_rate': 4.071156979902227e-05, 'epoch': 0.24}
{'loss': 0.7799, 'learning_rate': 4.139054861488322e-05, 'epoch': 0.25}
{'loss': 0.7616, 'learning_rate': 4.206952743074416e-05, 'epoch': 0.25}
{'loss': 0.7753, 'learning_rate': 4.274850624660511e-05, 'epoch': 0.26}
{'loss': 0.7571, 'learning_rate': 4.3427485062466054e-05, 'epoch': 0.26}
{'loss': 0.7472, 'learning_rate': 4.4106463878327e-05, 'epoch': 0.26}
{'loss': 0.7101, 'learning_rate': 4.478544269418795e-05, 'epoch': 0.27}
{'loss': 0.7471, 'learning_rate': 4.546442151004889e-05, 'epoch': 0.27}
{'loss': 0.7189, 'learning_rate': 4.6143400325909834e-05, 'epoch': 0.28}
{'loss': 0.7004, 'learning_rate': 4.682237914177078e-05, 'epoch': 0.28}
{'loss': 0.7072, 'learning_rate': 4.750135795763173e-05, 'epoch': 0.29}
{'loss': 0.7217, 'learning_rate': 4.818033677349267e-05, 'epoch': 0.29}
{'loss': 0.6916, 'learning_rate': 4.8859315589353615e-05, 'epoch': 0.29}
{'loss': 0.6612, 'learning_rate': 4.9538294405214555e-05, 'epoch': 0.3}
{'loss': 0.6925, 'learning_rate': 5.02172732210755e-05, 'epoch': 0.3}
{'loss': 0.677, 'learning_rate': 5.0896252036936455e-05, 'epoch': 0.31}
{'loss': 0.6582, 'learning_rate': 5.1575230852797395e-05, 'epoch': 0.31}
{'loss': 0.6702, 'learning_rate': 5.2254209668658335e-05, 'epoch': 0.31}
{'loss': 0.6605, 'learning_rate': 5.293318848451928e-05, 'epoch': 0.32}
{'loss': 0.6834, 'learning_rate': 5.3612167300380236e-05, 'epoch': 0.32}
{'loss': 0.6753, 'learning_rate': 5.4291146116241176e-05, 'epoch': 0.33}
{'loss': 0.6344, 'learning_rate': 5.4970124932102116e-05, 'epoch': 0.33}
{'loss': 0.6896, 'learning_rate': 5.564910374796307e-05, 'epoch': 0.33}
{'loss': 0.6602, 'learning_rate': 5.6328082563824016e-05, 'epoch': 0.34}
{'loss': 0.6689, 'learning_rate': 5.7007061379684956e-05, 'epoch': 0.34}
{'loss': 0.6502, 'learning_rate': 5.7686040195545896e-05, 'epoch': 0.35}
{'loss': 0.6573, 'learning_rate': 5.836501901140685e-05, 'epoch': 0.35}
{'loss': 0.6767, 'learning_rate': 5.90439978272678e-05, 'epoch': 0.35}
{'loss': 0.6616, 'learning_rate': 5.972297664312874e-05, 'epoch': 0.36}
{'loss': 0.6668, 'learning_rate': 6.040195545898968e-05, 'epoch': 0.36}
{'loss': 0.6318, 'learning_rate': 6.108093427485063e-05, 'epoch': 0.37}
{'loss': 0.6414, 'learning_rate': 6.175991309071158e-05, 'epoch': 0.37}
{'loss': 0.63, 'learning_rate': 6.243889190657251e-05, 'epoch': 0.37}
{'loss': 0.6464, 'learning_rate': 6.311787072243346e-05, 'epoch': 0.38}
{'loss': 0.5945, 'learning_rate': 6.379684953829442e-05, 'epoch': 0.38}
{'loss': 0.625, 'learning_rate': 6.447582835415535e-05, 'epoch': 0.39}
{'loss': 0.6503, 'learning_rate': 6.51548071700163e-05, 'epoch': 0.39}
{'loss': 0.6066, 'learning_rate': 6.583378598587724e-05, 'epoch': 0.4}
{'loss': 0.6637, 'learning_rate': 6.651276480173819e-05, 'epoch': 0.4}
{'loss': 0.5909, 'learning_rate': 6.719174361759914e-05, 'epoch': 0.4}
{'loss': 0.6185, 'learning_rate': 6.787072243346007e-05, 'epoch': 0.41}
{'loss': 0.6191, 'learning_rate': 6.854970124932103e-05, 'epoch': 0.41}
{'loss': 0.5916, 'learning_rate': 6.922868006518197e-05, 'epoch': 0.42}
{'loss': 0.5694, 'learning_rate': 6.990765888104291e-05, 'epoch': 0.42}
{'loss': 0.6297, 'learning_rate': 7.058663769690386e-05, 'epoch': 0.42}
{'loss': 0.6186, 'learning_rate': 7.12656165127648e-05, 'epoch': 0.43}
{'loss': 0.5823, 'learning_rate': 7.194459532862575e-05, 'epoch': 0.43}
{'loss': 0.5792, 'learning_rate': 7.26235741444867e-05, 'epoch': 0.44}
{'loss': 0.6108, 'learning_rate': 7.330255296034763e-05, 'epoch': 0.44}
{'loss': 0.5594, 'learning_rate': 7.39815317762086e-05, 'epoch': 0.44}
{'loss': 0.6083, 'learning_rate': 7.466051059206953e-05, 'epoch': 0.45}
{'loss': 0.6128, 'learning_rate': 7.533948940793047e-05, 'epoch': 0.45}
{'loss': 0.6045, 'learning_rate': 7.601846822379142e-05, 'epoch': 0.46}
{'loss': 0.5847, 'learning_rate': 7.669744703965237e-05, 'epoch': 0.46}
{'loss': 0.6061, 'learning_rate': 7.737642585551331e-05, 'epoch': 0.46}
{'loss': 0.591, 'learning_rate': 7.805540467137426e-05, 'epoch': 0.47}
{'loss': 0.5689, 'learning_rate': 7.87343834872352e-05, 'epoch': 0.47}
{'loss': 0.6255, 'learning_rate': 7.941336230309615e-05, 'epoch': 0.48}
{'loss': 0.6038, 'learning_rate': 8.009234111895709e-05, 'epoch': 0.48}
{'loss': 0.5989, 'learning_rate': 8.077131993481803e-05, 'epoch': 0.48}
{'loss': 0.5903, 'learning_rate': 8.145029875067898e-05, 'epoch': 0.49}
{'loss': 0.5916, 'learning_rate': 8.212927756653993e-05, 'epoch': 0.49}
{'loss': 0.5977, 'learning_rate': 8.280825638240088e-05, 'epoch': 0.5}
{'loss': 0.6203, 'learning_rate': 8.348723519826181e-05, 'epoch': 0.5}
{'loss': 0.5965, 'learning_rate': 8.416621401412277e-05, 'epoch': 0.51}
{'loss': 0.6109, 'learning_rate': 8.484519282998372e-05, 'epoch': 0.51}
{'loss': 0.5735, 'learning_rate': 8.552417164584465e-05, 'epoch': 0.51}
{'loss': 0.5748, 'learning_rate': 8.62031504617056e-05, 'epoch': 0.52}
{'loss': 0.5606, 'learning_rate': 8.688212927756654e-05, 'epoch': 0.52}
{'loss': 0.5744, 'learning_rate': 8.756110809342749e-05, 'epoch': 0.53}
{'loss': 0.5693, 'learning_rate': 8.824008690928844e-05, 'epoch': 0.53}
{'loss': 0.5539, 'learning_rate': 8.891906572514937e-05, 'epoch': 0.53}
{'loss': 0.6141, 'learning_rate': 8.959804454101033e-05, 'epoch': 0.54}
{'loss': 0.5704, 'learning_rate': 9.027702335687128e-05, 'epoch': 0.54}
{'loss': 0.5504, 'learning_rate': 9.095600217273221e-05, 'epoch': 0.55}
{'loss': 0.5777, 'learning_rate': 9.163498098859316e-05, 'epoch': 0.55}
{'loss': 0.5743, 'learning_rate': 9.23139598044541e-05, 'epoch': 0.55}
{'loss': 0.5823, 'learning_rate': 9.299293862031505e-05, 'epoch': 0.56}
{'loss': 0.6006, 'learning_rate': 9.3671917436176e-05, 'epoch': 0.56}
{'loss': 0.5856, 'learning_rate': 9.435089625203693e-05, 'epoch': 0.57}
{'loss': 0.5918, 'learning_rate': 9.502987506789789e-05, 'epoch': 0.57}
{'loss': 0.5386, 'learning_rate': 9.570885388375882e-05, 'epoch': 0.57}
{'loss': 0.5877, 'learning_rate': 9.638783269961977e-05, 'epoch': 0.58}
{'loss': 0.5889, 'learning_rate': 9.706681151548073e-05, 'epoch': 0.58}
{'loss': 0.5951, 'learning_rate': 9.773221075502444e-05, 'epoch': 0.59}
{'loss': 0.5632, 'learning_rate': 9.84111895708854e-05, 'epoch': 0.59}
{'loss': 0.5813, 'learning_rate': 9.907658881042911e-05, 'epoch': 0.59}
{'loss': 0.5961, 'learning_rate': 9.975556762629007e-05, 'epoch': 0.6}
{'loss': 0.5721, 'learning_rate': 9.997228752730677e-05, 'epoch': 0.6}
{'loss': 0.5593, 'learning_rate': 9.99289867887236e-05, 'epoch': 0.61}
{'loss': 0.5657, 'learning_rate': 9.988568605014044e-05, 'epoch': 0.61}
{'loss': 0.5674, 'learning_rate': 9.984238531155728e-05, 'epoch': 0.62}
{'loss': 0.5728, 'learning_rate': 9.979908457297411e-05, 'epoch': 0.62}
{'loss': 0.5879, 'learning_rate': 9.975578383439093e-05, 'epoch': 0.62}
{'loss': 0.5722, 'learning_rate': 9.971248309580777e-05, 'epoch': 0.63}
{'loss': 0.5478, 'learning_rate': 9.96691823572246e-05, 'epoch': 0.63}
{'loss': 0.5804, 'learning_rate': 9.962588161864142e-05, 'epoch': 0.64}
{'loss': 0.5702, 'learning_rate': 9.958258088005826e-05, 'epoch': 0.64}
{'loss': 0.5698, 'learning_rate': 9.953928014147509e-05, 'epoch': 0.64}
{'loss': 0.5811, 'learning_rate': 9.949597940289193e-05, 'epoch': 0.65}
{'loss': 0.5684, 'learning_rate': 9.945267866430876e-05, 'epoch': 0.65}
{'loss': 0.6154, 'learning_rate': 9.940937792572558e-05, 'epoch': 0.66}
{'loss': 0.5658, 'learning_rate': 9.936607718714242e-05, 'epoch': 0.66}
{'loss': 0.5176, 'learning_rate': 9.932277644855925e-05, 'epoch': 0.66}
{'loss': 0.5701, 'learning_rate': 9.927947570997607e-05, 'epoch': 0.67}
{'loss': 0.5422, 'learning_rate': 9.923617497139291e-05, 'epoch': 0.67}
{'loss': 0.5745, 'learning_rate': 9.919287423280974e-05, 'epoch': 0.68}
{'loss': 0.5392, 'learning_rate': 9.914957349422656e-05, 'epoch': 0.68}
{'loss': 0.5342, 'learning_rate': 9.910627275564341e-05, 'epoch': 0.68}
{'loss': 0.5693, 'learning_rate': 9.906297201706025e-05, 'epoch': 0.69}
{'loss': 0.5914, 'learning_rate': 9.901967127847707e-05, 'epoch': 0.69}
{'loss': 0.5834, 'learning_rate': 9.89763705398939e-05, 'epoch': 0.7}
{'loss': 0.5637, 'learning_rate': 9.893306980131072e-05, 'epoch': 0.7}
{'loss': 0.5732, 'learning_rate': 9.888976906272756e-05, 'epoch': 0.7}
{'loss': 0.6014, 'learning_rate': 9.88464683241444e-05, 'epoch': 0.71}
{'loss': 0.5728, 'learning_rate': 9.880316758556121e-05, 'epoch': 0.71}
{'loss': 0.5542, 'learning_rate': 9.875986684697805e-05, 'epoch': 0.72}
{'loss': 0.5593, 'learning_rate': 9.871656610839488e-05, 'epoch': 0.72}
{'loss': 0.5687, 'learning_rate': 9.867326536981172e-05, 'epoch': 0.73}
{'loss': 0.5521, 'learning_rate': 9.862996463122855e-05, 'epoch': 0.73}
{'loss': 0.5366, 'learning_rate': 9.858666389264539e-05, 'epoch': 0.73}
{'loss': 0.5677, 'learning_rate': 9.854336315406221e-05, 'epoch': 0.74}
{'loss': 0.5415, 'learning_rate': 9.850006241547904e-05, 'epoch': 0.74}
{'loss': 0.5435, 'learning_rate': 9.845676167689588e-05, 'epoch': 0.75}
{'loss': 0.5264, 'learning_rate': 9.84134609383127e-05, 'epoch': 0.75}
{'loss': 0.5641, 'learning_rate': 9.837016019972953e-05, 'epoch': 0.75}
{'loss': 0.534, 'learning_rate': 9.832685946114637e-05, 'epoch': 0.76}
{'loss': 0.5568, 'learning_rate': 9.82835587225632e-05, 'epoch': 0.76}
{'loss': 0.5263, 'learning_rate': 9.824025798398004e-05, 'epoch': 0.77}
{'loss': 0.5205, 'learning_rate': 9.819695724539686e-05, 'epoch': 0.77}
{'loss': 0.5108, 'learning_rate': 9.81536565068137e-05, 'epoch': 0.77}
{'loss': 0.5411, 'learning_rate': 9.811035576823053e-05, 'epoch': 0.78}
{'loss': 0.5418, 'learning_rate': 9.806705502964735e-05, 'epoch': 0.78}
{'loss': 0.5407, 'learning_rate': 9.802375429106419e-05, 'epoch': 0.79}
{'loss': 0.6009, 'learning_rate': 9.798045355248102e-05, 'epoch': 0.79}
{'loss': 0.5205, 'learning_rate': 9.793715281389786e-05, 'epoch': 0.79}
{'loss': 0.5635, 'learning_rate': 9.789385207531469e-05, 'epoch': 0.8}
{'loss': 0.5447, 'learning_rate': 9.785055133673151e-05, 'epoch': 0.8}
{'loss': 0.528, 'learning_rate': 9.780725059814835e-05, 'epoch': 0.81}
{'loss': 0.5683, 'learning_rate': 9.776394985956518e-05, 'epoch': 0.81}
{'loss': 0.5431, 'learning_rate': 9.7720649120982e-05, 'epoch': 0.81}
{'loss': 0.5503, 'learning_rate': 9.767734838239884e-05, 'epoch': 0.82}
{'loss': 0.5437, 'learning_rate': 9.763404764381567e-05, 'epoch': 0.82}
{'loss': 0.5122, 'learning_rate': 9.759074690523249e-05, 'epoch': 0.83}
{'loss': 0.5542, 'learning_rate': 9.754744616664934e-05, 'epoch': 0.83}
{'loss': 0.5461, 'learning_rate': 9.750414542806618e-05, 'epoch': 0.84}
{'loss': 0.5378, 'learning_rate': 9.7460844689483e-05, 'epoch': 0.84}
{'loss': 0.5153, 'learning_rate': 9.741754395089983e-05, 'epoch': 0.84}
{'loss': 0.5394, 'learning_rate': 9.737424321231665e-05, 'epoch': 0.85}
{'loss': 0.5397, 'learning_rate': 9.733094247373349e-05, 'epoch': 0.85}
{'loss': 0.5353, 'learning_rate': 9.728764173515032e-05, 'epoch': 0.86}
{'loss': 0.5058, 'learning_rate': 9.724434099656714e-05, 'epoch': 0.86}
{'loss': 0.5543, 'learning_rate': 9.720104025798398e-05, 'epoch': 0.86}
{'loss': 0.5624, 'learning_rate': 9.715773951940081e-05, 'epoch': 0.87}
{'loss': 0.5051, 'learning_rate': 9.711443878081765e-05, 'epoch': 0.87}
{'loss': 0.5576, 'learning_rate': 9.707113804223448e-05, 'epoch': 0.88}
{'loss': 0.531, 'learning_rate': 9.702783730365132e-05, 'epoch': 0.88}
{'loss': 0.5213, 'learning_rate': 9.698453656506814e-05, 'epoch': 0.88}
{'loss': 0.5383, 'learning_rate': 9.694123582648497e-05, 'epoch': 0.89}
{'loss': 0.5011, 'learning_rate': 9.68979350879018e-05, 'epoch': 0.89}
{'loss': 0.5268, 'learning_rate': 9.685463434931863e-05, 'epoch': 0.9}
{'loss': 0.556, 'learning_rate': 9.681133361073546e-05, 'epoch': 0.9}
{'loss': 0.524, 'learning_rate': 9.67680328721523e-05, 'epoch': 0.9}
{'loss': 0.5069, 'learning_rate': 9.672473213356913e-05, 'epoch': 0.91}
{'loss': 0.5339, 'learning_rate': 9.668143139498597e-05, 'epoch': 0.91}
{'loss': 0.5132, 'learning_rate': 9.663813065640279e-05, 'epoch': 0.92}
{'loss': 0.5303, 'learning_rate': 9.659482991781962e-05, 'epoch': 0.92}
{'loss': 0.5189, 'learning_rate': 9.655152917923646e-05, 'epoch': 0.92}
{'loss': 0.5152, 'learning_rate': 9.650822844065328e-05, 'epoch': 0.93}
{'loss': 0.5027, 'learning_rate': 9.646579371684178e-05, 'epoch': 0.93}
{'loss': 0.5289, 'learning_rate': 9.642249297825862e-05, 'epoch': 0.94}
{'loss': 0.5333, 'learning_rate': 9.637919223967544e-05, 'epoch': 0.94}
{'loss': 0.5206, 'learning_rate': 9.633589150109227e-05, 'epoch': 0.95}
{'loss': 0.5508, 'learning_rate': 9.629259076250911e-05, 'epoch': 0.95}
{'loss': 0.5495, 'learning_rate': 9.624929002392594e-05, 'epoch': 0.95}
{'loss': 0.566, 'learning_rate': 9.620598928534278e-05, 'epoch': 0.96}
{'loss': 0.5428, 'learning_rate': 9.61626885467596e-05, 'epoch': 0.96}
{'loss': 0.5062, 'learning_rate': 9.611938780817643e-05, 'epoch': 0.97}
{'loss': 0.5292, 'learning_rate': 9.607608706959327e-05, 'epoch': 0.97}
{'loss': 0.5309, 'learning_rate': 9.603278633101009e-05, 'epoch': 0.97}
{'loss': 0.5331, 'learning_rate': 9.598948559242692e-05, 'epoch': 0.98}
{'loss': 0.5091, 'learning_rate': 9.594618485384376e-05, 'epoch': 0.98}
{'loss': 0.5405, 'learning_rate': 9.59028841152606e-05, 'epoch': 0.99}
{'loss': 0.5267, 'learning_rate': 9.585958337667743e-05, 'epoch': 0.99}
{'loss': 0.5127, 'learning_rate': 9.581628263809426e-05, 'epoch': 0.99}
{'loss': 0.5139, 'learning_rate': 9.577298189951108e-05, 'epoch': 1.0}
[INFO|trainer.py:520] 2026-10-04 15:08:45,645 >> The following columns in the evaluation set  don't have a corresponding argument in `PETLEncModel.forward` and have been ignored: idx, hypothesis, premise.
[INFO|trainer.py:2179] 2026-10-04 15:08:45,647 >> ***** Running Evaluation *****
[INFO|trainer.py:2181] 2026-10-04 15:08:45,647 >>   Num examples = 9815
[INFO|trainer.py:2184] 2026-10-04 15:08:45,647 >>   Batch size = 32
{'eval_loss': 0.46619829535484314, 'eval_accuracy': 0.8253693326541008, 'eval_runtime': 14.8246, 'eval_samples_per_second': 662.077, 'eval_steps_per_second': 20.709, 'epoch': 1.0}
[INFO|trainer.py:1933] 2026-10-04 15:09:00,477 >> Saving model checkpoint to checkpoints/glue/mnli/20261004/glue.mnli.prefix.am_prefix.ao_concat.fm_none.fo_parallel.abn.fbn.ac_add.fl_none.finit_lora.fs_4.unfrz_ef_.ne10.warm0.06.wd0.1.seed4./checkpoint-12272
[INFO|configuration_utils.py:364] 2026-10-04 15:09:00,480 >> Configuration saved in checkpoints/glue/mnli/20261004/glue.mnli.prefix.am_prefix.ao_concat.fm_none.fo_parallel.abn.fbn.ac_add.fl_none.finit_lora.fs_4.unfrz_ef_.ne10.warm0.06.wd0.1.seed4./checkpoint-12272/config.json
[INFO|modeling_utils.py:898] 2026-10-04 15:09:00,999 >> Model weights saved in checkpoints/glue/mnli/20261004/glue.mnli.prefix.am_prefix.ao_concat.fm_none.fo_parallel.abn.fbn.ac_add.fl_none.finit_lora.fs_4.unfrz_ef_.ne10.warm0.06.wd0.1.seed4./checkpoint-12272/pytorch_model.bin
[INFO|tokenization_utils_base.py:1948] 2026-10-04 15:09:01,000 >> tokenizer config file saved in checkpoints/glue/mnli/20261004/glue.mnli.prefix.am_prefix.ao_concat.fm_none.fo_parallel.abn.fbn.ac_add.fl_none.finit_lora.fs_4.unfrz_ef_.ne10.warm0.06.wd0.1.seed4./checkpoint-12272/tokenizer_config.json
[INFO|tokenization_utils_base.py:1954] 2026-10-04 15:09:01,000 >> Special tokens file saved in checkpoints/glue/mnli/20261004/glue.mnli.prefix.am_prefix.ao_concat.fm_none.fo_parallel.abn.fbn.ac_add.fl_none.finit_lora.fs_4.unfrz_ef_.ne10.warm0.06.wd0.1.seed4./checkpoint-12272/special_tokens_map.json
/work/unify-parameter-efficient-tuning/src/transformers/trainer.py:1784: FutureWarning: `torch.cuda.amp.autocast(args...)` is deprecated. Please use `torch.amp.autocast('cuda', args...)` instead.
  with autocast():
{'loss': 0.5206, 'learning_rate': 9.572968116092792e-05, 'epoch': 1.0}
{'loss': 0.5162, 'learning_rate': 9.568638042234474e-05, 'epoch': 1.01}
{'loss': 0.474, 'learning_rate': 9.564307968376158e-05, 'epoch': 1.01}
{'loss': 0.5223, 'learning_rate': 9.559977894517841e-05, 'epoch': 1.01}
{'loss': 0.4999, 'learning_rate': 9.555647820659523e-05, 'epoch': 1.02}
{'loss': 0.4819, 'learning_rate': 9.551317746801207e-05, 'epoch': 1.02}
{'loss': 0.5295, 'learning_rate': 9.546987672942891e-05, 'epoch': 1.03}
{'loss': 0.45, 'learning_rate': 9.542657599084574e-05, 'epoch': 1.03}
{'loss': 0.4817, 'learning_rate': 9.538327525226257e-05, 'epoch': 1.03}
{'loss': 0.5013, 'learning_rate': 9.533997451367939e-05, 'epoch': 1.04}
{'loss': 0.5036, 'learning_rate': 9.529667377509623e-05, 'epoch': 1.04}
{'loss': 0.5424, 'learning_rate': 9.525337303651306e-05, 'epoch': 1.05}
{'loss': 0.508, 'learning_rate': 9.521007229792988e-05, 'epoch': 1.05}
{'loss': 0.4982, 'learning_rate': 9.516677155934672e-05, 'epoch': 1.06}
{'loss': 0.4924, 'learning_rate': 9.512347082076355e-05, 'epoch': 1.06}
{'loss': 0.5272, 'learning_rate': 9.508017008218039e-05, 'epoch': 1.06}
{'loss': 0.5058, 'learning_rate': 9.503686934359722e-05, 'epoch': 1.07}
{'loss': 0.4873, 'learning_rate': 9.499356860501406e-05, 'epoch': 1.07}
{'loss': 0.5428, 'learning_rate': 9.495026786643088e-05, 'epoch': 1.08}
{'loss': 0.4971, 'learning_rate': 9.490696712784771e-05, 'epoch': 1.08}
{'loss': 0.4972, 'learning_rate': 9.486366638926455e-05, 'epoch': 1.08}
{'loss': 0.5481, 'learning_rate': 9.482036565068137e-05, 'epoch': 1.09}
{'loss': 0.516, 'learning_rate': 9.47770649120982e-05, 'epoch': 1.09}
{'loss': 0.4805, 'learning_rate': 9.473376417351504e-05, 'epoch': 1.1}
{'loss': 0.5425, 'learning_rate': 9.469046343493187e-05, 'epoch': 1.1}
{'loss': 0.5193, 'learning_rate': 9.46471626963487e-05, 'epoch': 1.1}
{'loss': 0.5081, 'learning_rate': 9.460386195776553e-05, 'epoch': 1.11}
{'loss': 0.4953, 'learning_rate': 9.456056121918236e-05, 'epoch': 1.11}
{'loss': 0.5147, 'learning_rate': 9.45172604805992e-05, 'epoch': 1.12}
{'loss': 0.516, 'learning_rate': 9.447395974201602e-05, 'epoch': 1.12}
{'loss': 0.4931, 'learning_rate': 9.443065900343285e-05, 'epoch': 1.12}
{'loss': 0.4756, 'learning_rate': 9.438735826484969e-05, 'epoch': 1.13}
{'loss': 0.5366, 'learning_rate': 9.434405752626652e-05, 'epoch': 1.13}
{'loss': 0.5114, 'learning_rate': 9.430075678768336e-05, 'epoch': 1.14}
{'loss': 0.4989, 'learning_rate': 9.425745604910018e-05, 'epoch': 1.14}
{'loss': 0.5065, 'learning_rate': 9.421415531051701e-05, 'epoch': 1.14}
{'loss': 0.4911, 'learning_rate': 9.417085457193385e-05, 'epoch': 1.15}
{'loss': 0.5014, 'learning_rate': 9.412755383335067e-05, 'epoch': 1.15}
{'loss': 0.5247, 'learning_rate': 9.40842530947675e-05, 'epoch': 1.16}
{'loss': 0.5017, 'learning_rate': 9.404095235618434e-05, 'epoch': 1.16}
{'loss': 0.4907, 'learning_rate': 9.399765161760116e-05, 'epoch': 1.17}
{'loss': 0.4619, 'learning_rate': 9.3954350879018e-05, 'epoch': 1.17}
{'loss': 0.5027, 'learning_rate': 9.391105014043484e-05, 'epoch': 1.17}
{'loss': 0.492, 'learning_rate': 9.386774940185166e-05, 'epoch': 1.18}
{'loss': 0.5133, 'learning_rate': 9.38244486632685e-05, 'epoch': 1.18}
{'loss': 0.4964, 'learning_rate': 9.378114792468533e-05, 'epoch': 1.19}
{'loss': 0.5172, 'learning_rate': 9.373784718610216e-05, 'epoch': 1.19}
{'loss': 0.4535, 'learning_rate': 9.369454644751899e-05, 'epoch': 1.19}
{'loss': 0.4764, 'learning_rate': 9.365124570893582e-05, 'epoch': 1.2}
{'loss': 0.5256, 'learning_rate': 9.360794497035265e-05, 'epoch': 1.2}
{'loss': 0.4986, 'learning_rate': 9.356464423176948e-05, 'epoch': 1.21}
{'loss': 0.5034, 'learning_rate': 9.352134349318632e-05, 'epoch': 1.21}
{'loss': 0.4844, 'learning_rate': 9.347804275460315e-05, 'epoch': 1.21}
{'loss': 0.4997, 'learning_rate': 9.343474201601998e-05, 'epoch': 1.22}
{'loss': 0.5253, 'learning_rate': 9.33914412774368e-05, 'epoch': 1.22}
{'loss': 0.5241, 'learning_rate': 9.334814053885364e-05, 'epoch': 1.23}
{'loss': 0.5337, 'learning_rate': 9.330483980027046e-05, 'epoch': 1.23}
{'loss': 0.4893, 'learning_rate': 9.32615390616873e-05, 'epoch': 1.23}
{'loss': 0.5169, 'learning_rate': 9.321823832310413e-05, 'epoch': 1.24}
{'loss': 0.5384, 'learning_rate': 9.317493758452097e-05, 'epoch': 1.24}
{'loss': 0.4923, 'learning_rate': 9.31316368459378e-05, 'epoch': 1.25}
{'loss': 0.5063, 'learning_rate': 9.308833610735464e-05, 'epoch': 1.25}
{'loss': 0.5341, 'learning_rate': 9.304503536877146e-05, 'epoch': 1.25}
{'loss': 0.5019, 'learning_rate': 9.300173463018829e-05, 'epoch': 1.26}
{'loss': 0.5243, 'learning_rate': 9.295843389160513e-05, 'epoch': 1.26}
{'loss': 0.5338, 'learning_rate': 9.291599916779362e-05, 'epoch': 1.27}
{'loss': 0.5005, 'learning_rate': 9.287269842921045e-05, 'epoch': 1.27}
{'loss': 0.4858, 'learning_rate': 9.282939769062728e-05, 'epoch': 1.28}
{'loss': 0.5113, 'learning_rate': 9.27860969520441e-05, 'epoch': 1.28}
{'loss': 0.5111, 'learning_rate': 9.274279621346094e-05, 'epoch': 1.28}
{'loss': 0.473, 'learning_rate': 9.270036148964944e-05, 'epoch': 1.29}
{'loss': 0.498, 'learning_rate': 9.265706075106626e-05, 'epoch': 1.29}
{'loss': 0.5133, 'learning_rate': 9.26137600124831e-05, 'epoch': 1.3}
{'loss': 0.5162, 'learning_rate': 9.257045927389993e-05, 'epoch': 1.3}
{'loss': 0.4895, 'learning_rate': 9.252715853531677e-05, 'epoch': 1.3}
{'loss': 0.4872, 'learning_rate': 9.24838577967336e-05, 'epoch': 1.31}
{'loss': 0.5353, 'learning_rate': 9.244055705815042e-05, 'epoch': 1.31}
{'loss': 0.5034, 'learning_rate': 9.239725631956726e-05, 'epoch': 1.32}
{'loss': 0.4955, 'learning_rate': 9.23539555809841e-05, 'epoch': 1.32}
{'loss': 0.5102, 'learning_rate': 9.231065484240091e-05, 'epoch': 1.32}
{'loss': 0.4943, 'learning_rate': 9.226735410381775e-05, 'epoch': 1.33}
{'loss': 0.5235, 'learning_rate': 9.222405336523458e-05, 'epoch': 1.33}
{'loss': 0.5051, 'learning_rate': 9.21807526266514e-05, 'epoch': 1.34}
{'loss': 0.525, 'learning_rate': 9.213745188806824e-05, 'epoch': 1.34}
{'loss': 0.5227, 'learning_rate': 9.209415114948508e-05, 'epoch': 1.34}
{'loss': 0.5252, 'learning_rate': 9.205085041090191e-05, 'epoch': 1.35}
{'loss': 0.4871, 'learning_rate': 9.200754967231874e-05, 'epoch': 1.35}
{'loss': 0.4957, 'learning_rate': 9.196424893373557e-05, 'epoch': 1.36}
{'loss': 0.5045, 'learning_rate': 9.19209481951524e-05, 'epoch': 1.36}
{'loss': 0.4828, 'learning_rate': 9.187764745656924e-05, 'epoch': 1.36}
{'loss': 0.4825, 'learning_rate': 9.183434671798606e-05, 'epoch': 1.37}
{'loss': 0.4852, 'learning_rate': 9.179104597940289e-05, 'epoch': 1.37}
{'loss': 0.519, 'learning_rate': 9.174774524081973e-05, 'epoch': 1.38}
{'loss': 0.488, 'learning_rate': 9.170444450223656e-05, 'epoch': 1.38}
{'loss': 0.4958, 'learning_rate': 9.16611437636534e-05, 'epoch': 1.39}
{'loss': 0.5201, 'learning_rate': 9.161784302507023e-05, 'epoch': 1.39}
{'loss': 0.4772, 'learning_rate': 9.157454228648705e-05, 'epoch': 1.39}
{'loss': 0.5108, 'learning_rate': 9.153124154790389e-05, 'epoch': 1.4}
{'loss': 0.4922, 'learning_rate': 9.148794080932072e-05, 'epoch': 1.4}
{'loss': 0.5118, 'learning_rate': 9.144464007073754e-05, 'epoch': 1.41}
{'loss': 0.487, 'learning_rate': 9.140133933215438e-05, 'epoch': 1.41}
{'loss': 0.4923, 'learning_rate': 9.135803859357121e-05, 'epoch': 1.41}
{'loss': 0.4721, 'learning_rate': 9.131473785498805e-05, 'epoch': 1.42}
{'loss': 0.4999, 'learning_rate': 9.127143711640488e-05, 'epoch': 1.42}
{'loss': 0.5237, 'learning_rate': 9.12281363778217e-05, 'epoch': 1.43}
{'loss': 0.487, 'learning_rate': 9.118483563923854e-05, 'epoch': 1.43}
{'loss': 0.5105, 'learning_rate': 9.114153490065537e-05, 'epoch': 1.43}
{'loss': 0.4687, 'learning_rate': 9.109823416207219e-05, 'epoch': 1.44}
{'loss': 0.4712, 'learning_rate': 9.105493342348903e-05, 'epoch': 1.44}
{'loss': 0.5025, 'learning_rate': 9.101163268490585e-05, 'epoch': 1.45}
{'loss': 0.5001, 'learning_rate': 9.09683319463227e-05, 'epoch': 1.45}
{'loss': 0.5097, 'learning_rate': 9.092589722251119e-05, 'epoch': 1.45}
{'loss': 0.4786, 'learning_rate': 9.088259648392802e-05, 'epoch': 1.46}
{'loss': 0.5335, 'learning_rate': 9.083929574534486e-05, 'epoch': 1.46}
{'loss': 0.4895, 'learning_rate': 9.079599500676169e-05, 'epoch': 1.47}
{'loss': 0.5147, 'learning_rate': 9.075269426817851e-05, 'epoch': 1.47}
{'loss': 0.5134, 'learning_rate': 9.070939352959535e-05, 'epoch': 1.47}
{'loss': 0.4963, 'learning_rate': 9.066609279101218e-05, 'epoch': 1.48}
{'loss': 0.5186, 'learning_rate': 9.0622792052429e-05, 'epoch': 1.48}
{'loss': 0.494, 'learning_rate': 9.057949131384584e-05, 'epoch': 1.49}
{'loss': 0.4684, 'learning_rate': 9.053619057526266e-05, 'epoch': 1.49}
{'loss': 0.4669, 'learning_rate': 9.049288983667949e-05, 'epoch': 1.5}
{'loss': 0.5036, 'learning_rate': 9.044958909809634e-05, 'epoch': 1.5}
{'loss': 0.498, 'learning_rate': 9.040628835951316e-05, 'epoch': 1.5}
{'loss': 0.4863, 'learning_rate': 9.036298762093e-05, 'epoch': 1.51}
{'loss': 0.5095, 'learning_rate': 9.031968688234683e-05, 'epoch': 1.51}
{'loss': 0.4795, 'learning_rate': 9.027638614376365e-05, 'epoch': 1.52}
{'loss': 0.4948, 'learning_rate': 9.023308540518049e-05, 'epoch': 1.52}
{'loss': 0.5254, 'learning_rate': 9.018978466659732e-05, 'epoch': 1.52}
{'loss': 0.5059, 'learning_rate': 9.014648392801414e-05, 'epoch': 1.53}
{'loss': 0.4909, 'learning_rate': 9.010318318943098e-05, 'epoch': 1.53}
{'loss': 0.5084, 'learning_rate': 9.005988245084781e-05, 'epoch': 1.54}
{'loss': 0.4934, 'learning_rate': 9.00174477270363e-05, 'epoch': 1.54}
{'loss': 0.4759, 'learning_rate': 8.997414698845314e-05, 'epoch': 1.54}
{'loss': 0.4866, 'learning_rate': 8.993084624986997e-05, 'epoch': 1.55}
{'loss': 0.5174, 'learning_rate': 8.98875455112868e-05, 'epoch': 1.55}
{'loss': 0.4752, 'learning_rate': 8.984424477270364e-05, 'epoch': 1.56}
{'loss': 0.491, 'learning_rate': 8.980094403412046e-05, 'epoch': 1.56}
{'loss': 0.5027, 'learning_rate': 8.97576432955373e-05, 'epoch': 1.56}
{'loss': 0.5052, 'learning_rate': 8.971434255695413e-05, 'epoch': 1.57}
{'loss': 0.4903, 'learning_rate': 8.967104181837095e-05, 'epoch': 1.57}
{'loss': 0.4783, 'learning_rate': 8.962774107978779e-05, 'epoch': 1.58}
{'loss': 0.5114, 'learning_rate': 8.958444034120462e-05, 'epoch': 1.58}
{'loss': 0.4941, 'learning_rate': 8.954113960262146e-05, 'epoch': 1.58}
{'loss': 0.4952, 'learning_rate': 8.949783886403829e-05, 'epoch': 1.59}
{'loss': 0.5217, 'learning_rate': 8.945453812545513e-05, 'epoch': 1.59}
{'loss': 0.4971, 'learning_rate': 8.941123738687195e-05, 'epoch': 1.6}
{'loss': 0.4846, 'learning_rate': 8.936793664828878e-05, 'epoch': 1.6}
{'loss': 0.5111, 'learning_rate': 8.932463590970562e-05, 'epoch': 1.61}
{'loss': 0.475, 'learning_rate': 8.928133517112244e-05, 'epoch': 1.61}
{'loss': 0.4881, 'learning_rate': 8.923803443253927e-05, 'epoch': 1.61}
{'loss': 0.5114, 'learning_rate': 8.919473369395611e-05, 'epoch': 1.62}
{'loss': 0.5065, 'learning_rate': 8.915143295537294e-05, 'epoch': 1.62}
{'loss': 0.4623, 'learning_rate': 8.910813221678978e-05, 'epoch': 1.63}
{'loss': 0.4943, 'learning_rate': 8.90648314782066e-05, 'epoch': 1.63}
{'loss': 0.5016, 'learning_rate': 8.902153073962343e-05, 'epoch': 1.63}
{'loss': 0.455, 'learning_rate': 8.897823000104027e-05, 'epoch': 1.64}
{'loss': 0.5081, 'learning_rate': 8.893492926245709e-05, 'epoch': 1.64}
{'loss': 0.489, 'learning_rate': 8.889162852387392e-05, 'epoch': 1.65}
{'loss': 0.4798, 'learning_rate': 8.884832778529075e-05, 'epoch': 1.65}
{'loss': 0.518, 'learning_rate': 8.880502704670758e-05, 'epoch': 1.65}
{'loss': 0.4792, 'learning_rate': 8.876172630812443e-05, 'epoch': 1.66}
{'loss': 0.4864, 'learning_rate': 8.871842556954125e-05, 'epoch': 1.66}
{'loss': 0.4738, 'learning_rate': 8.867512483095808e-05, 'epoch': 1.67}
{'loss': 0.5249, 'learning_rate': 8.863182409237492e-05, 'epoch': 1.67}
{'loss': 0.4878, 'learning_rate': 8.858852335379174e-05, 'epoch': 1.67}
{'loss': 0.5184, 'learning_rate': 8.854522261520858e-05, 'epoch': 1.68}
{'loss': 0.4918, 'learning_rate': 8.850192187662541e-05, 'epoch': 1.68}
{'loss': 0.4781, 'learning_rate': 8.845862113804223e-05, 'epoch': 1.69}
{'loss': 0.4984, 'learning_rate': 8.841532039945907e-05, 'epoch': 1.69}
{'loss': 0.4782, 'learning_rate': 8.83720196608759e-05, 'epoch': 1.69}
{'loss': 0.4567, 'learning_rate': 8.832871892229274e-05, 'epoch': 1.7}
{'loss': 0.4801, 'learning_rate': 8.828541818370957e-05, 'epoch': 1.7}
{'loss': 0.4581, 'learning_rate': 8.824211744512639e-05, 'epoch': 1.71}
{'loss': 0.5055, 'learning_rate': 8.819881670654323e-05, 'epoch': 1.71}
{'loss': 0.4711, 'learning_rate': 8.815551596796006e-05, 'epoch': 1.72}
{'loss': 0.4277, 'learning_rate': 8.811221522937688e-05, 'epoch': 1.72}
{'loss': 0.4799, 'learning_rate': 8.806891449079372e-05, 'epoch': 1.72}
{'loss': 0.478, 'learning_rate': 8.802561375221055e-05, 'epoch': 1.73}
{'loss': 0.4739, 'learning_rate': 8.798231301362739e-05, 'epoch': 1.73}
{'loss': 0.4991, 'learning_rate': 8.793901227504422e-05, 'epoch': 1.74}
{'loss': 0.4654, 'learning_rate': 8.789571153646104e-05, 'epoch': 1.74}
{'loss': 0.475, 'learning_rate': 8.785241079787788e-05, 'epoch': 1.74}
{'loss': 0.4782, 'learning_rate': 8.780911005929471e-05, 'epoch': 1.75}
{'loss': 0.4634, 'learning_rate': 8.776580932071153e-05, 'epoch': 1.75}
{'loss': 0.4773, 'learning_rate': 8.772250858212837e-05, 'epoch': 1.76}
{'loss': 0.482, 'learning_rate': 8.76792078435452e-05, 'epoch': 1.76}
{'loss': 0.4823, 'learning_rate': 8.763590710496204e-05, 'epoch': 1.76}
{'loss': 0.5155, 'learning_rate': 8.759260636637887e-05, 'epoch': 1.77}
{'loss': 0.4828, 'learning_rate': 8.754930562779571e-05, 'epoch': 1.77}
{'loss': 0.4678, 'learning_rate': 8.750600488921253e-05, 'epoch': 1.78}
{'loss': 0.4865, 'learning_rate': 8.746270415062936e-05, 'epoch': 1.78}
{'loss': 0.4929, 'learning_rate': 8.74194034120462e-05, 'epoch': 1.78}
{'loss': 0.487, 'learning_rate': 8.737610267346302e-05, 'epoch': 1.79}
{'loss': 0.4783, 'learning_rate': 8.733280193487985e-05, 'epoch': 1.79}
{'loss': 0.5104, 'learning_rate': 8.728950119629669e-05, 'epoch': 1.8}
{'loss': 0.5133, 'learning_rate': 8.724620045771351e-05, 'epoch': 1.8}
{'loss': 0.4513, 'learning_rate': 8.720289971913036e-05, 'epoch': 1.8}
{'loss': 0.4724, 'learning_rate': 8.716046499531883e-05, 'epoch': 1.81}
{'loss': 0.493, 'learning_rate': 8.711716425673567e-05, 'epoch': 1.81}
{'loss': 0.4781, 'learning_rate': 8.707386351815252e-05, 'epoch': 1.82}
{'loss': 0.4623, 'learning_rate': 8.703056277956934e-05, 'epoch': 1.82}
{'loss': 0.4837, 'learning_rate': 8.698726204098617e-05, 'epoch': 1.83}
{'loss': 0.5348, 'learning_rate': 8.6943961302403e-05, 'epoch': 1.83}
{'loss': 0.5031, 'learning_rate': 8.690066056381983e-05, 'epoch': 1.83}
{'loss': 0.4661, 'learning_rate': 8.685735982523666e-05, 'epoch': 1.84}
{'loss': 0.4755, 'learning_rate': 8.68140590866535e-05, 'epoch': 1.84}
{'loss': 0.5074, 'learning_rate': 8.677075834807032e-05, 'epoch': 1.85}
{'loss': 0.4722, 'learning_rate': 8.672745760948715e-05, 'epoch': 1.85}
{'loss': 0.4871, 'learning_rate': 8.668415687090399e-05, 'epoch': 1.85}
{'loss': 0.4743, 'learning_rate': 8.664085613232082e-05, 'epoch': 1.86}
{'loss': 0.4717, 'learning_rate': 8.659755539373766e-05, 'epoch': 1.86}
{'loss': 0.4712, 'learning_rate': 8.655425465515449e-05, 'epoch': 1.87}
{'loss': 0.4648, 'learning_rate': 8.651095391657131e-05, 'epoch': 1.87}
{'loss': 0.4828, 'learning_rate': 8.646765317798815e-05, 'epoch': 1.87}
{'loss': 0.4636, 'learning_rate': 8.642435243940497e-05, 'epoch': 1.88}
{'loss': 0.4627, 'learning_rate': 8.63810517008218e-05, 'epoch': 1.88}
{'loss': 0.491, 'learning_rate': 8.633775096223864e-05, 'epoch': 1.89}
{'loss': 0.4736, 'learning_rate': 8.629445022365547e-05, 'epoch': 1.89}
{'loss': 0.5069, 'learning_rate': 8.625114948507231e-05, 'epoch': 1.89}
{'loss': 0.4945, 'learning_rate': 8.620784874648913e-05, 'epoch': 1.9}
{'loss': 0.4716, 'learning_rate': 8.616454800790596e-05, 'epoch': 1.9}
{'loss': 0.4937, 'learning_rate': 8.61212472693228e-05, 'epoch': 1.91}
{'loss': 0.4919, 'learning_rate': 8.607794653073962e-05, 'epoch': 1.91}
{'loss': 0.461, 'learning_rate': 8.603464579215646e-05, 'epoch': 1.91}
{'loss': 0.4979, 'learning_rate': 8.599134505357329e-05, 'epoch': 1.92}
{'loss': 0.4317, 'learning_rate': 8.594804431499012e-05, 'epoch': 1.92}
{'loss': 0.4944, 'learning_rate': 8.590474357640696e-05, 'epoch': 1.93}
{'loss': 0.4824, 'learning_rate': 8.58614428378238e-05, 'epoch': 1.93}
{'loss': 0.4931, 'learning_rate': 8.581814209924062e-05, 'epoch': 1.94}
{'loss': 0.4356, 'learning_rate': 8.577484136065745e-05, 'epoch': 1.94}
{'loss': 0.4857, 'learning_rate': 8.573154062207428e-05, 'epoch': 1.94}
{'loss': 0.4613, 'learning_rate': 8.56882398834911e-05, 'epoch': 1.95}
{'loss': 0.4328, 'learning_rate': 8.564493914490794e-05, 'epoch': 1.95}
{'loss': 0.48, 'learning_rate': 8.560163840632478e-05, 'epoch': 1.96}
{'loss': 0.4527, 'learning_rate': 8.55583376677416e-05, 'epoch': 1.96}
{'loss': 0.4914, 'learning_rate': 8.551503692915845e-05, 'epoch': 1.96}
{'loss': 0.4894, 'learning_rate': 8.547173619057527e-05, 'epoch': 1.97}
{'loss': 0.4904, 'learning_rate': 8.54284354519921e-05, 'epoch': 1.97}
{'loss': 0.5006, 'learning_rate': 8.538513471340894e-05, 'epoch': 1.98}
{'loss': 0.4596, 'learning_rate': 8.534183397482576e-05, 'epoch': 1.98}
{'loss': 0.485, 'learning_rate': 8.529853323624259e-05, 'epoch': 1.98}
{'loss': 0.4849, 'learning_rate': 8.525523249765941e-05, 'epoch': 1.99}
{'loss': 0.4955, 'learning_rate': 8.521193175907625e-05, 'epoch': 1.99}
{'loss': 0.4687, 'learning_rate': 8.516863102049308e-05, 'epoch': 2.0}
[INFO|trainer.py:520] 2026-10-04 15:17:32,152 >> The following columns in the evaluation set  don't have a corresponding argument in `PETLEncModel.forward` and have been ignored: idx, hypothesis, premise.
[INFO|trainer.py:2179] 2026-10-04 15:17:32,154 >> ***** Running Evaluation *****
[INFO|trainer.py:2181] 2026-10-04 15:17:32,154 >>   Num examples = 9815
[INFO|trainer.py:2184] 2026-10-04 15:17:32,154 >>   Batch size = 32
{'eval_loss': 0.42895379662513733, 'eval_accuracy': 0.8401426388181356, 'eval_runtime': 14.8987, 'eval_samples_per_second': 658.783, 'eval_steps_per_second': 20.606, 'epoch': 2.0}
[INFO|trainer.py:1933] 2026-10-04 15:17:47,054 >> Saving model checkpoint to checkpoints/glue/mnli/20261004/glue.mnli.prefix.am_prefix.ao_concat.fm_none.fo_parallel.abn.fbn.ac_add.fl_none.finit_lora.fs_4.unfrz_ef_.ne10.warm0.06.wd0.1.seed4./checkpoint-24544
[INFO|configuration_utils.py:364] 2026-10-04 15:17:47,055 >> Configuration saved in checkpoints/glue/mnli/20261004/glue.mnli.prefix.am_prefix.ao_concat.fm_none.fo_parallel.abn.fbn.ac_add.fl_none.finit_lora.fs_4.unfrz_ef_.ne10.warm0.06.wd0.1.seed4./checkpoint-24544/config.json
[INFO|modeling_utils.py:898] 2026-10-04 15:17:47,511 >> Model weights saved in checkpoints/glue/mnli/20261004/glue.mnli.prefix.am_prefix.ao_concat.fm_none.fo_parallel.abn.fbn.ac_add.fl_none.finit_lora.fs_4.unfrz_ef_.ne10.warm0.06.wd0.1.seed4./checkpoint-24544/pytorch_model.bin
[INFO|tokenization_utils_base.py:1948] 2026-10-04 15:17:47,512 >> tokenizer config file saved in checkpoints/glue/mnli/20261004/glue.mnli.prefix.am_prefix.ao_concat.fm_none.fo_parallel.abn.fbn.ac_add.fl_none.finit_lora.fs_4.unfrz_ef_.ne10.warm0.06.wd0.1.seed4./checkpoint-24544/tokenizer_config.json
[INFO|tokenization_utils_base.py:1954] 2026-10-04 15:17:47,512 >> Special tokens file saved in checkpoints/glue/mnli/20261004/glue.mnli.prefix.am_prefix.ao_concat.fm_none.fo_parallel.abn.fbn.ac_add.fl_none.finit_lora.fs_4.unfrz_ef_.ne10.warm0.06.wd0.1.seed4./checkpoint-24544/special_tokens_map.json
/work/unify-parameter-efficient-tuning/src/transformers/trainer.py:1784: FutureWarning: `torch.cuda.amp.autocast(args...)` is deprecated. Please use `torch.amp.autocast('cuda', args...)` instead.
  with autocast():
{'loss': 0.4888, 'learning_rate': 8.512533028190992e-05, 'epoch': 2.0}
{'loss': 0.4621, 'learning_rate': 8.508202954332675e-05, 'epoch': 2.0}
{'loss': 0.4718, 'learning_rate': 8.503872880474359e-05, 'epoch': 2.01}
{'loss': 0.4846, 'learning_rate': 8.499542806616041e-05, 'epoch': 2.01}
{'loss': 0.4717, 'learning_rate': 8.495212732757724e-05, 'epoch': 2.02}
{'loss': 0.4714, 'learning_rate': 8.490882658899408e-05, 'epoch': 2.02}
{'loss': 0.4882, 'learning_rate': 8.486639186518257e-05, 'epoch': 2.02}
{'loss': 0.4819, 'learning_rate': 8.48230911265994e-05, 'epoch': 2.03}
{'loss': 0.4958, 'learning_rate': 8.477979038801622e-05, 'epoch': 2.03}
{'loss': 0.4794, 'learning_rate': 8.473648964943306e-05, 'epoch': 2.04}
{'loss': 0.449, 'learning_rate': 8.469405492562156e-05, 'epoch': 2.04}
{'loss': 0.4561, 'learning_rate': 8.46507541870384e-05, 'epoch': 2.05}
{'loss': 0.4521, 'learning_rate': 8.460745344845521e-05, 'epoch': 2.05}
{'loss': 0.4484, 'learning_rate': 8.456415270987205e-05, 'epoch': 2.05}
{'loss': 0.4842, 'learning_rate': 8.452085197128888e-05, 'epoch': 2.06}
{'loss': 0.4741, 'learning_rate': 8.447755123270572e-05, 'epoch': 2.06}
{'loss': 0.4704, 'learning_rate': 8.443425049412255e-05, 'epoch': 2.07}
{'loss': 0.4425, 'learning_rate': 8.439094975553939e-05, 'epoch': 2.07}
{'loss': 0.4537, 'learning_rate': 8.434764901695621e-05, 'epoch': 2.07}
{'loss': 0.4453, 'learning_rate': 8.430434827837304e-05, 'epoch': 2.08}
{'loss': 0.4537, 'learning_rate': 8.426104753978987e-05, 'epoch': 2.08}
{'loss': 0.4509, 'learning_rate': 8.42177468012067e-05, 'epoch': 2.09}
{'loss': 0.4557, 'learning_rate': 8.417444606262354e-05, 'epoch': 2.09}
{'loss': 0.485, 'learning_rate': 8.413114532404037e-05, 'epoch': 2.09}
{'loss': 0.4673, 'learning_rate': 8.40878445854572e-05, 'epoch': 2.1}
{'loss': 0.4275, 'learning_rate': 8.404454384687403e-05, 'epoch': 2.1}
{'loss': 0.4617, 'learning_rate': 8.400124310829086e-05, 'epoch': 2.11}
{'loss': 0.462, 'learning_rate': 8.39579423697077e-05, 'epoch': 2.11}
{'loss': 0.4623, 'learning_rate': 8.391464163112452e-05, 'epoch': 2.11}
{'loss': 0.4411, 'learning_rate': 8.387134089254135e-05, 'epoch': 2.12}
{'loss': 0.5101, 'learning_rate': 8.382804015395819e-05, 'epoch': 2.12}
{'loss': 0.476, 'learning_rate': 8.378473941537501e-05, 'epoch': 2.13}
{'loss': 0.4558, 'learning_rate': 8.374143867679186e-05, 'epoch': 2.13}
{'loss': 0.4855, 'learning_rate': 8.369813793820869e-05, 'epoch': 2.13}
{'loss': 0.478, 'learning_rate': 8.365483719962551e-05, 'epoch': 2.14}
{'loss': 0.4621, 'learning_rate': 8.361153646104235e-05, 'epoch': 2.14}
{'loss': 0.4585, 'learning_rate': 8.356823572245918e-05, 'epoch': 2.15}
{'loss': 0.4663, 'learning_rate': 8.3524934983876e-05, 'epoch': 2.15}
{'loss': 0.4706, 'learning_rate': 8.348163424529284e-05, 'epoch': 2.16}
{'loss': 0.4472, 'learning_rate': 8.343833350670967e-05, 'epoch': 2.16}
{'loss': 0.517, 'learning_rate': 8.339503276812649e-05, 'epoch': 2.16}
{'loss': 0.509, 'learning_rate': 8.335173202954333e-05, 'epoch': 2.17}
{'loss': 0.4652, 'learning_rate': 8.330843129096016e-05, 'epoch': 2.17}
{'loss': 0.4793, 'learning_rate': 8.3265130552377e-05, 'epoch': 2.18}
{'loss': 0.4682, 'learning_rate': 8.322182981379383e-05, 'epoch': 2.18}
{'loss': 0.4465, 'learning_rate': 8.317852907521065e-05, 'epoch': 2.18}
{'loss': 0.4345, 'learning_rate': 8.313522833662749e-05, 'epoch': 2.19}
{'loss': 0.4818, 'learning_rate': 8.309192759804431e-05, 'epoch': 2.19}
{'loss': 0.4632, 'learning_rate': 8.304862685946114e-05, 'epoch': 2.2}
{'loss': 0.5058, 'learning_rate': 8.300532612087798e-05, 'epoch': 2.2}
{'loss': 0.4849, 'learning_rate': 8.296202538229481e-05, 'epoch': 2.2}
{'loss': 0.4637, 'learning_rate': 8.291872464371165e-05, 'epoch': 2.21}
{'loss': 0.5015, 'learning_rate': 8.287542390512848e-05, 'epoch': 2.21}
{'loss': 0.4705, 'learning_rate': 8.28321231665453e-05, 'epoch': 2.22}
{'loss': 0.4843, 'learning_rate': 8.278882242796214e-05, 'epoch': 2.22}
{'loss': 0.4372, 'learning_rate': 8.274552168937897e-05, 'epoch': 2.22}
{'loss': 0.4573, 'learning_rate': 8.27022209507958e-05, 'epoch': 2.23}
{'loss': 0.4516, 'learning_rate': 8.265892021221263e-05, 'epoch': 2.23}
{'loss': 0.4584, 'learning_rate': 8.261561947362946e-05, 'epoch': 2.24}
{'loss': 0.4645, 'learning_rate': 8.25723187350463e-05, 'epoch': 2.24}
{'loss': 0.5004, 'learning_rate': 8.252901799646313e-05, 'epoch': 2.24}
{'loss': 0.4391, 'learning_rate': 8.248571725787997e-05, 'epoch': 2.25}
{'loss': 0.4688, 'learning_rate': 8.244241651929679e-05, 'epoch': 2.25}
{'loss': 0.471, 'learning_rate': 8.239911578071362e-05, 'epoch': 2.26}
{'loss': 0.4766, 'learning_rate': 8.235581504213046e-05, 'epoch': 2.26}
{'loss': 0.457, 'learning_rate': 8.231251430354728e-05, 'epoch': 2.27}
{'loss': 0.4629, 'learning_rate': 8.226921356496412e-05, 'epoch': 2.27}
{'loss': 0.4704, 'learning_rate': 8.222591282638094e-05, 'epoch': 2.27}
{'loss': 0.4917, 'learning_rate': 8.218261208779778e-05, 'epoch': 2.28}
{'loss': 0.4651, 'learning_rate': 8.21393113492146e-05, 'epoch': 2.28}
{'loss': 0.4877, 'learning_rate': 8.209601061063144e-05, 'epoch': 2.29}
{'loss': 0.4533, 'learning_rate': 8.205270987204828e-05, 'epoch': 2.29}
{'loss': 0.482, 'learning_rate': 8.20094091334651e-05, 'epoch': 2.29}
{'loss': 0.4751, 'learning_rate': 8.196610839488193e-05, 'epoch': 2.3}
{'loss': 0.4922, 'learning_rate': 8.192280765629877e-05, 'epoch': 2.3}
{'loss': 0.4583, 'learning_rate': 8.187950691771559e-05, 'epoch': 2.31}
{'loss': 0.4762, 'learning_rate': 8.183620617913242e-05, 'epoch': 2.31}
{'loss': 0.4658, 'learning_rate': 8.179290544054926e-05, 'epoch': 2.31}
{'loss': 0.4342, 'learning_rate': 8.174960470196609e-05, 'epoch': 2.32}
{'loss': 0.4829, 'learning_rate': 8.170630396338293e-05, 'epoch': 2.32}
{'loss': 0.4534, 'learning_rate': 8.166300322479976e-05, 'epoch': 2.33}
{'loss': 0.4306, 'learning_rate': 8.161970248621658e-05, 'epoch': 2.33}
{'loss': 0.4623, 'learning_rate': 8.157640174763342e-05, 'epoch': 2.33}
{'loss': 0.4407, 'learning_rate': 8.153310100905025e-05, 'epoch': 2.34}
{'loss': 0.4903, 'learning_rate': 8.148980027046707e-05, 'epoch': 2.34}
{'loss': 0.4652, 'learning_rate': 8.144649953188391e-05, 'epoch': 2.35}
{'loss': 0.4594, 'learning_rate': 8.14040648080724e-05, 'epoch': 2.35}
{'loss': 0.4883, 'learning_rate': 8.136076406948923e-05, 'epoch': 2.35}
{'loss': 0.4858, 'learning_rate': 8.131746333090607e-05, 'epoch': 2.36}
{'loss': 0.458, 'learning_rate': 8.12741625923229e-05, 'epoch': 2.36}
{'loss': 0.4666, 'learning_rate': 8.123086185373974e-05, 'epoch': 2.37}
{'loss': 0.4937, 'learning_rate': 8.118756111515657e-05, 'epoch': 2.37}
{'loss': 0.4802, 'learning_rate': 8.114426037657339e-05, 'epoch': 2.38}
{'loss': 0.486, 'learning_rate': 8.110095963799023e-05, 'epoch': 2.38}
{'loss': 0.4673, 'learning_rate': 8.105765889940706e-05, 'epoch': 2.38}
{'loss': 0.4693, 'learning_rate': 8.101435816082388e-05, 'epoch': 2.39}
{'loss': 0.4743, 'learning_rate': 8.097105742224072e-05, 'epoch': 2.39}
{'loss': 0.4381, 'learning_rate': 8.092775668365755e-05, 'epoch': 2.4}
{'loss': 0.4381, 'learning_rate': 8.088445594507439e-05, 'epoch': 2.4}
{'loss': 0.465, 'learning_rate': 8.084115520649122e-05, 'epoch': 2.4}
{'loss': 0.4847, 'learning_rate': 8.079785446790806e-05, 'epoch': 2.41}
{'loss': 0.4627, 'learning_rate': 8.075455372932488e-05, 'epoch': 2.41}
{'loss': 0.4664, 'learning_rate': 8.071125299074171e-05, 'epoch': 2.42}
{'loss': 0.4288, 'learning_rate': 8.066795225215853e-05, 'epoch': 2.42}
{'loss': 0.5038, 'learning_rate': 8.062465151357537e-05, 'epoch': 2.42}
{'loss': 0.461, 'learning_rate': 8.05813507749922e-05, 'epoch': 2.43}
{'loss': 0.4543, 'learning_rate': 8.053805003640902e-05, 'epoch': 2.43}
{'loss': 0.463, 'learning_rate': 8.049474929782587e-05, 'epoch': 2.44}
{'loss': 0.4463, 'learning_rate': 8.04514485592427e-05, 'epoch': 2.44}
{'loss': 0.4781, 'learning_rate': 8.040814782065953e-05, 'epoch': 2.44}
{'loss': 0.4703, 'learning_rate': 8.036484708207636e-05, 'epoch': 2.45}
{'loss': 0.4509, 'learning_rate': 8.032154634349318e-05, 'epoch': 2.45}
{'loss': 0.4546, 'learning_rate': 8.027824560491002e-05, 'epoch': 2.46}
{'loss': 0.4931, 'learning_rate': 8.023494486632685e-05, 'epoch': 2.46}
{'loss': 0.4407, 'learning_rate': 8.019164412774367e-05, 'epoch': 2.46}
{'loss': 0.4835, 'learning_rate': 8.014834338916051e-05, 'epoch': 2.47}
{'loss': 0.5064, 'learning_rate': 8.010504265057734e-05, 'epoch': 2.47}
{'loss': 0.4611, 'learning_rate': 8.006174191199418e-05, 'epoch': 2.48}
{'loss': 0.4828, 'learning_rate': 8.001844117341101e-05, 'epoch': 2.48}
{'loss': 0.4375, 'learning_rate': 7.997514043482785e-05, 'epoch': 2.49}
{'loss': 0.4442, 'learning_rate': 7.993183969624467e-05, 'epoch': 2.49}
{'loss': 0.4284, 'learning_rate': 7.98885389576615e-05, 'epoch': 2.49}
{'loss': 0.5046, 'learning_rate': 7.984523821907834e-05, 'epoch': 2.5}
{'loss': 0.4393, 'learning_rate': 7.980193748049516e-05, 'epoch': 2.5}
{'loss': 0.438, 'learning_rate': 7.9758636741912e-05, 'epoch': 2.51}
{'loss': 0.4555, 'learning_rate': 7.971533600332883e-05, 'epoch': 2.51}
{'loss': 0.4749, 'learning_rate': 7.967203526474566e-05, 'epoch': 2.51}
{'loss': 0.4894, 'learning_rate': 7.96287345261625e-05, 'epoch': 2.52}
{'loss': 0.4852, 'learning_rate': 7.958543378757932e-05, 'epoch': 2.52}
{'loss': 0.4739, 'learning_rate': 7.954213304899616e-05, 'epoch': 2.53}
{'loss': 0.5028, 'learning_rate': 7.949883231041298e-05, 'epoch': 2.53}
{'loss': 0.4783, 'learning_rate': 7.945553157182981e-05, 'epoch': 2.53}
{'loss': 0.4543, 'learning_rate': 7.941223083324665e-05, 'epoch': 2.54}
{'loss': 0.4458, 'learning_rate': 7.936893009466348e-05, 'epoch': 2.54}
{'loss': 0.475, 'learning_rate': 7.932562935608032e-05, 'epoch': 2.55}
{'loss': 0.4657, 'learning_rate': 7.928232861749715e-05, 'epoch': 2.55}
{'loss': 0.4478, 'learning_rate': 7.923902787891397e-05, 'epoch': 2.55}
{'loss': 0.4552, 'learning_rate': 7.91957271403308e-05, 'epoch': 2.56}
{'loss': 0.4765, 'learning_rate': 7.915242640174764e-05, 'epoch': 2.56}
{'loss': 0.4596, 'learning_rate': 7.910912566316446e-05, 'epoch': 2.57}
{'loss': 0.445, 'learning_rate': 7.90658249245813e-05, 'epoch': 2.57}
{'loss': 0.4607, 'learning_rate': 7.902252418599813e-05, 'epoch': 2.57}
{'loss': 0.4424, 'learning_rate': 7.897922344741497e-05, 'epoch': 2.58}
{'loss': 0.4814, 'learning_rate': 7.89359227088318e-05, 'epoch': 2.58}
{'loss': 0.4864, 'learning_rate': 7.889262197024864e-05, 'epoch': 2.59}
{'loss': 0.4926, 'learning_rate': 7.884932123166546e-05, 'epoch': 2.59}
{'loss': 0.4928, 'learning_rate': 7.880602049308229e-05, 'epoch': 2.6}
{'loss': 0.4599, 'learning_rate': 7.876271975449913e-05, 'epoch': 2.6}
{'loss': 0.4679, 'learning_rate': 7.871941901591595e-05, 'epoch': 2.6}
{'loss': 0.4362, 'learning_rate': 7.867611827733278e-05, 'epoch': 2.61}
{'loss': 0.4662, 'learning_rate': 7.863281753874962e-05, 'epoch': 2.61}
{'loss': 0.4696, 'learning_rate': 7.858951680016644e-05, 'epoch': 2.62}
{'loss': 0.4493, 'learning_rate': 7.854621606158329e-05, 'epoch': 2.62}
{'loss': 0.482, 'learning_rate': 7.850291532300011e-05, 'epoch': 2.62}
{'loss': 0.4748, 'learning_rate': 7.845961458441694e-05, 'epoch': 2.63}
{'loss': 0.4612, 'learning_rate': 7.841631384583376e-05, 'epoch': 2.63}
{'loss': 0.4322, 'learning_rate': 7.83730131072506e-05, 'epoch': 2.64}
{'loss': 0.4763, 'learning_rate': 7.832971236866743e-05, 'epoch': 2.64}
{'loss': 0.4644, 'learning_rate': 7.828641163008426e-05, 'epoch': 2.64}
{'loss': 0.4164, 'learning_rate': 7.824311089150109e-05, 'epoch': 2.65}
{'loss': 0.4599, 'learning_rate': 7.819981015291792e-05, 'epoch': 2.65}
{'loss': 0.4621, 'learning_rate': 7.815650941433476e-05, 'epoch': 2.66}
{'loss': 0.4481, 'learning_rate': 7.81132086757516e-05, 'epoch': 2.66}
{'loss': 0.4724, 'learning_rate': 7.806990793716843e-05, 'epoch': 2.66}
{'loss': 0.4783, 'learning_rate': 7.802660719858525e-05, 'epoch': 2.67}
{'loss': 0.4625, 'learning_rate': 7.798330646000208e-05, 'epoch': 2.67}
{'loss': 0.4961, 'learning_rate': 7.794000572141892e-05, 'epoch': 2.68}
{'loss': 0.4724, 'learning_rate': 7.789670498283574e-05, 'epoch': 2.68}
{'loss': 0.4669, 'learning_rate': 7.785340424425258e-05, 'epoch': 2.68}
{'loss': 0.4518, 'learning_rate': 7.781010350566941e-05, 'epoch': 2.69}
{'loss': 0.469, 'learning_rate': 7.776680276708624e-05, 'epoch': 2.69}
{'loss': 0.4944, 'learning_rate': 7.772350202850308e-05, 'epoch': 2.7}
{'loss': 0.455, 'learning_rate': 7.768020128991991e-05, 'epoch': 2.7}
{'loss': 0.4609, 'learning_rate': 7.763690055133674e-05, 'epoch': 2.71}
{'loss': 0.4495, 'learning_rate': 7.759359981275357e-05, 'epoch': 2.71}
{'loss': 0.4762, 'learning_rate': 7.755029907417039e-05, 'epoch': 2.71}
{'loss': 0.4638, 'learning_rate': 7.750699833558723e-05, 'epoch': 2.72}
{'loss': 0.4647, 'learning_rate': 7.746369759700406e-05, 'epoch': 2.72}
{'loss': 0.4613, 'learning_rate': 7.74203968584209e-05, 'epoch': 2.73}
{'loss': 0.4691, 'learning_rate': 7.737709611983773e-05, 'epoch': 2.73}
{'loss': 0.4672, 'learning_rate': 7.733379538125455e-05, 'epoch': 2.73}
{'loss': 0.4241, 'learning_rate': 7.729049464267139e-05, 'epoch': 2.74}
{'loss': 0.4965, 'learning_rate': 7.724719390408822e-05, 'epoch': 2.74}
{'loss': 0.444, 'learning_rate': 7.720389316550504e-05, 'epoch': 2.75}
{'loss': 0.4652, 'learning_rate': 7.716059242692188e-05, 'epoch': 2.75}
{'loss': 0.4205, 'learning_rate': 7.711729168833871e-05, 'epoch': 2.75}
{'loss': 0.4714, 'learning_rate': 7.707399094975553e-05, 'epoch': 2.76}
{'loss': 0.4555, 'learning_rate': 7.703069021117237e-05, 'epoch': 2.76}
{'loss': 0.4416, 'learning_rate': 7.698738947258922e-05, 'epoch': 2.77}
{'loss': 0.4551, 'learning_rate': 7.694408873400604e-05, 'epoch': 2.77}
{'loss': 0.4431, 'learning_rate': 7.690078799542287e-05, 'epoch': 2.77}
{'loss': 0.474, 'learning_rate': 7.685748725683971e-05, 'epoch': 2.78}
{'loss': 0.4513, 'learning_rate': 7.681418651825653e-05, 'epoch': 2.78}
{'loss': 0.4528, 'learning_rate': 7.677088577967336e-05, 'epoch': 2.79}
{'loss': 0.4628, 'learning_rate': 7.67275850410902e-05, 'epoch': 2.79}
{'loss': 0.4764, 'learning_rate': 7.668428430250702e-05, 'epoch': 2.79}
{'loss': 0.4254, 'learning_rate': 7.664098356392385e-05, 'epoch': 2.8}
{'loss': 0.4546, 'learning_rate': 7.659768282534069e-05, 'epoch': 2.8}
{'loss': 0.4283, 'learning_rate': 7.655438208675752e-05, 'epoch': 2.81}
{'loss': 0.4569, 'learning_rate': 7.651108134817436e-05, 'epoch': 2.81}
{'loss': 0.4718, 'learning_rate': 7.646778060959118e-05, 'epoch': 2.82}
{'loss': 0.4276, 'learning_rate': 7.642447987100801e-05, 'epoch': 2.82}
{'loss': 0.4376, 'learning_rate': 7.638117913242485e-05, 'epoch': 2.82}
{'loss': 0.4807, 'learning_rate': 7.633787839384167e-05, 'epoch': 2.83}
{'loss': 0.443, 'learning_rate': 7.62945776552585e-05, 'epoch': 2.83}
{'loss': 0.4472, 'learning_rate': 7.625127691667534e-05, 'epoch': 2.84}
{'loss': 0.4546, 'learning_rate': 7.620797617809217e-05, 'epoch': 2.84}
{'loss': 0.4534, 'learning_rate': 7.616467543950901e-05, 'epoch': 2.84}
{'loss': 0.4413, 'learning_rate': 7.612137470092583e-05, 'epoch': 2.85}
{'loss': 0.4392, 'learning_rate': 7.607807396234266e-05, 'epoch': 2.85}
{'loss': 0.4717, 'learning_rate': 7.60347732237595e-05, 'epoch': 2.86}
{'loss': 0.4432, 'learning_rate': 7.599147248517632e-05, 'epoch': 2.86}
{'loss': 0.4467, 'learning_rate': 7.594817174659316e-05, 'epoch': 2.86}
{'loss': 0.4838, 'learning_rate': 7.590487100800999e-05, 'epoch': 2.87}
{'loss': 0.4466, 'learning_rate': 7.586157026942683e-05, 'epoch': 2.87}
{'loss': 0.4529, 'learning_rate': 7.581826953084366e-05, 'epoch': 2.88}
{'loss': 0.4738, 'learning_rate': 7.57749687922605e-05, 'epoch': 2.88}
{'loss': 0.4416, 'learning_rate': 7.573166805367732e-05, 'epoch': 2.88}
{'loss': 0.4628, 'learning_rate': 7.568836731509415e-05, 'epoch': 2.89}
{'loss': 0.4606, 'learning_rate': 7.564506657651099e-05, 'epoch': 2.89}
{'loss': 0.4796, 'learning_rate': 7.56017658379278e-05, 'epoch': 2.9}
{'loss': 0.4775, 'learning_rate': 7.555846509934464e-05, 'epoch': 2.9}
{'loss': 0.4739, 'learning_rate': 7.551516436076148e-05, 'epoch': 2.9}
{'loss': 0.4384, 'learning_rate': 7.54718636221783e-05, 'epoch': 2.91}
{'loss': 0.4262, 'learning_rate': 7.542856288359515e-05, 'epoch': 2.91}
{'loss': 0.4444, 'learning_rate': 7.538526214501197e-05, 'epoch': 2.92}
{'loss': 0.4647, 'learning_rate': 7.53419614064288e-05, 'epoch': 2.92}
{'loss': 0.4209, 'learning_rate': 7.529866066784562e-05, 'epoch': 2.93}
{'loss': 0.4549, 'learning_rate': 7.525535992926246e-05, 'epoch': 2.93}
{'loss': 0.4671, 'learning_rate': 7.521205919067929e-05, 'epoch': 2.93}
{'loss': 0.4674, 'learning_rate': 7.516875845209611e-05, 'epoch': 2.94}
{'loss': 0.4833, 'learning_rate': 7.512545771351295e-05, 'epoch': 2.94}
{'loss': 0.4185, 'learning_rate': 7.508302298970145e-05, 'epoch': 2.95}
{'loss': 0.4741, 'learning_rate': 7.503972225111829e-05, 'epoch': 2.95}
{'loss': 0.4579, 'learning_rate': 7.49964215125351e-05, 'epoch': 2.95}
{'loss': 0.4941, 'learning_rate': 7.495312077395194e-05, 'epoch': 2.96}
{'loss': 0.4668, 'learning_rate': 7.490982003536878e-05, 'epoch': 2.96}
{'loss': 0.4671, 'learning_rate': 7.486651929678561e-05, 'epoch': 2.97}
{'loss': 0.4495, 'learning_rate': 7.482321855820243e-05, 'epoch': 2.97}
{'loss': 0.4503, 'learning_rate': 7.477991781961928e-05, 'epoch': 2.97}
{'loss': 0.4665, 'learning_rate': 7.47366170810361e-05, 'epoch': 2.98}
{'loss': 0.4972, 'learning_rate': 7.469331634245292e-05, 'epoch': 2.98}
{'loss': 0.4773, 'learning_rate': 7.465001560386976e-05, 'epoch': 2.99}
{'loss': 0.4758, 'learning_rate': 7.460671486528659e-05, 'epoch': 2.99}
{'loss': 0.4728, 'learning_rate': 7.456341412670343e-05, 'epoch': 2.99}
{'loss': 0.4584, 'learning_rate': 7.452011338812026e-05, 'epoch': 3.0}
[INFO|trainer.py:520] 2026-10-04 15:26:14,985 >> The following columns in the evaluation set  don't have a corresponding argument in `PETLEncModel.forward` and have been ignored: idx, hypothesis, premise.
[INFO|trainer.py:2179] 2026-10-04 15:26:14,987 >> ***** Running Evaluation *****
[INFO|trainer.py:2181] 2026-10-04 15:26:14,987 >>   Num examples = 9815
[INFO|trainer.py:2184] 2026-10-04 15:26:14,987 >>   Batch size = 32
{'eval_loss': 0.4108297824859619, 'eval_accuracy': 0.8446255731023943, 'eval_runtime': 14.9274, 'eval_samples_per_second': 657.515, 'eval_steps_per_second': 20.566, 'epoch': 3.0}
[INFO|trainer.py:1933] 2026-10-04 15:26:29,928 >> Saving model checkpoint to checkpoints/glue/mnli/20261004/glue.mnli.prefix.am_prefix.ao_concat.fm_none.fo_parallel.abn.fbn.ac_add.fl_none.finit_lora.fs_4.unfrz_ef_.ne10.warm0.06.wd0.1.seed4./checkpoint-36816
[INFO|configuration_utils.py:364] 2026-10-04 15:26:29,929 >> Configuration saved in checkpoints/glue/mnli/20261004/glue.mnli.prefix.am_prefix.ao_concat.fm_none.fo_parallel.abn.fbn.ac_add.fl_none.finit_lora.fs_4.unfrz_ef_.ne10.warm0.06.wd0.1.seed4./checkpoint-36816/config.json
[INFO|modeling_utils.py:898] 2026-10-04 15:26:30,325 >> Model weights saved in checkpoints/glue/mnli/20261004/glue.mnli.prefix.am_prefix.ao_concat.fm_none.fo_parallel.abn.fbn.ac_add.fl_none.finit_lora.fs_4.unfrz_ef_.ne10.warm0.06.wd0.1.seed4./checkpoint-36816/pytorch_model.bin
[INFO|tokenization_utils_base.py:1948] 2026-10-04 15:26:30,327 >> tokenizer config file saved in checkpoints/glue/mnli/20261004/glue.mnli.prefix.am_prefix.ao_concat.fm_none.fo_parallel.abn.fbn.ac_add.fl_none.finit_lora.fs_4.unfrz_ef_.ne10.warm0.06.wd0.1.seed4./checkpoint-36816/tokenizer_config.json
[INFO|tokenization_utils_base.py:1954] 2026-10-04 15:26:30,327 >> Special tokens file saved in checkpoints/glue/mnli/20261004/glue.mnli.prefix.am_prefix.ao_concat.fm_none.fo_parallel.abn.fbn.ac_add.fl_none.finit_lora.fs_4.unfrz_ef_.ne10.warm0.06.wd0.1.seed4./checkpoint-36816/special_tokens_map.json
[INFO|trainer.py:2009] 2026-10-04 15:26:30,475 >> Deleting older checkpoint [checkpoints/glue/mnli/20261004/glue.mnli.prefix.am_prefix.ao_concat.fm_none.fo_parallel.abn.fbn.ac_add.fl_none.finit_lora.fs_4.unfrz_ef_.ne10.warm0.06.wd0.1.seed4./checkpoint-12272] due to args.save_total_limit
/work/unify-parameter-efficient-tuning/src/transformers/trainer.py:1784: FutureWarning: `torch.cuda.amp.autocast(args...)` is deprecated. Please use `torch.amp.autocast('cuda', args...)` instead.
  with autocast():
{'loss': 0.4624, 'learning_rate': 7.44768126495371e-05, 'epoch': 3.0}
{'loss': 0.4658, 'learning_rate': 7.443351191095392e-05, 'epoch': 3.01}
{'loss': 0.4353, 'learning_rate': 7.439021117237075e-05, 'epoch': 3.01}
{'loss': 0.4259, 'learning_rate': 7.434691043378759e-05, 'epoch': 3.01}
{'loss': 0.4483, 'learning_rate': 7.430360969520441e-05, 'epoch': 3.02}
{'loss': 0.4059, 'learning_rate': 7.426030895662124e-05, 'epoch': 3.02}
{'loss': 0.4673, 'learning_rate': 7.421700821803808e-05, 'epoch': 3.03}
{'loss': 0.4502, 'learning_rate': 7.417370747945491e-05, 'epoch': 3.03}
{'loss': 0.4572, 'learning_rate': 7.413040674087175e-05, 'epoch': 3.04}
{'loss': 0.4319, 'learning_rate': 7.408710600228858e-05, 'epoch': 3.04}
{'loss': 0.4384, 'learning_rate': 7.40438052637054e-05, 'epoch': 3.04}
{'loss': 0.4635, 'learning_rate': 7.400050452512224e-05, 'epoch': 3.05}
{'loss': 0.4578, 'learning_rate': 7.395720378653907e-05, 'epoch': 3.05}
{'loss': 0.4817, 'learning_rate': 7.39139030479559e-05, 'epoch': 3.06}
{'loss': 0.4613, 'learning_rate': 7.387060230937272e-05, 'epoch': 3.06}
{'loss': 0.4334, 'learning_rate': 7.382730157078956e-05, 'epoch': 3.06}
{'loss': 0.4594, 'learning_rate': 7.37840008322064e-05, 'epoch': 3.07}
{'loss': 0.4499, 'learning_rate': 7.374070009362322e-05, 'epoch': 3.07}
{'loss': 0.4591, 'learning_rate': 7.369739935504007e-05, 'epoch': 3.08}
{'loss': 0.491, 'learning_rate': 7.365496463122856e-05, 'epoch': 3.08}
{'loss': 0.4501, 'learning_rate': 7.361166389264539e-05, 'epoch': 3.08}
{'loss': 0.4422, 'learning_rate': 7.356836315406221e-05, 'epoch': 3.09}
{'loss': 0.4417, 'learning_rate': 7.352506241547905e-05, 'epoch': 3.09}
{'loss': 0.4564, 'learning_rate': 7.348176167689588e-05, 'epoch': 3.1}
{'loss': 0.4597, 'learning_rate': 7.34384609383127e-05, 'epoch': 3.1}
{'loss': 0.4558, 'learning_rate': 7.339516019972954e-05, 'epoch': 3.1}
{'loss': 0.4556, 'learning_rate': 7.335185946114637e-05, 'epoch': 3.11}
{'loss': 0.4585, 'learning_rate': 7.33085587225632e-05, 'epoch': 3.11}
{'loss': 0.4382, 'learning_rate': 7.326525798398003e-05, 'epoch': 3.12}
{'loss': 0.4475, 'learning_rate': 7.322195724539688e-05, 'epoch': 3.12}
{'loss': 0.4333, 'learning_rate': 7.31786565068137e-05, 'epoch': 3.12}
{'loss': 0.4428, 'learning_rate': 7.313535576823052e-05, 'epoch': 3.13}
{'loss': 0.4134, 'learning_rate': 7.309205502964735e-05, 'epoch': 3.13}
{'loss': 0.4451, 'learning_rate': 7.304875429106419e-05, 'epoch': 3.14}
{'loss': 0.458, 'learning_rate': 7.300545355248101e-05, 'epoch': 3.14}
{'loss': 0.4414, 'learning_rate': 7.296215281389784e-05, 'epoch': 3.15}
{'loss': 0.4372, 'learning_rate': 7.291885207531468e-05, 'epoch': 3.15}
{'loss': 0.4017, 'learning_rate': 7.287555133673151e-05, 'epoch': 3.15}
{'loss': 0.4485, 'learning_rate': 7.283225059814835e-05, 'epoch': 3.16}
{'loss': 0.4296, 'learning_rate': 7.278894985956518e-05, 'epoch': 3.16}
{'loss': 0.4482, 'learning_rate': 7.2745649120982e-05, 'epoch': 3.17}
{'loss': 0.4717, 'learning_rate': 7.270234838239884e-05, 'epoch': 3.17}
{'loss': 0.4606, 'learning_rate': 7.265904764381567e-05, 'epoch': 3.17}
{'loss': 0.4318, 'learning_rate': 7.26157469052325e-05, 'epoch': 3.18}
{'loss': 0.4428, 'learning_rate': 7.257244616664933e-05, 'epoch': 3.18}
{'loss': 0.4406, 'learning_rate': 7.252914542806617e-05, 'epoch': 3.19}
{'loss': 0.4318, 'learning_rate': 7.2485844689483e-05, 'epoch': 3.19}
{'loss': 0.4435, 'learning_rate': 7.244254395089983e-05, 'epoch': 3.19}
{'loss': 0.4676, 'learning_rate': 7.239924321231667e-05, 'epoch': 3.2}
{'loss': 0.4514, 'learning_rate': 7.235594247373349e-05, 'epoch': 3.2}
{'loss': 0.432, 'learning_rate': 7.231264173515031e-05, 'epoch': 3.21}
{'loss': 0.449, 'learning_rate': 7.226934099656716e-05, 'epoch': 3.21}
{'loss': 0.4272, 'learning_rate': 7.222604025798398e-05, 'epoch': 3.21}
{'loss': 0.4542, 'learning_rate': 7.21827395194008e-05, 'epoch': 3.22}
{'loss': 0.4489, 'learning_rate': 7.213943878081765e-05, 'epoch': 3.22}
{'loss': 0.493, 'learning_rate': 7.209613804223449e-05, 'epoch': 3.23}
{'loss': 0.44, 'learning_rate': 7.20528373036513e-05, 'epoch': 3.23}
{'loss': 0.4762, 'learning_rate': 7.200953656506814e-05, 'epoch': 3.24}
{'loss': 0.4478, 'learning_rate': 7.196623582648498e-05, 'epoch': 3.24}
{'loss': 0.4438, 'learning_rate': 7.19229350879018e-05, 'epoch': 3.24}
{'loss': 0.456, 'learning_rate': 7.187963434931863e-05, 'epoch': 3.25}
{'loss': 0.4471, 'learning_rate': 7.183633361073547e-05, 'epoch': 3.25}
{'loss': 0.4442, 'learning_rate': 7.179303287215229e-05, 'epoch': 3.26}
{'loss': 0.4395, 'learning_rate': 7.174973213356912e-05, 'epoch': 3.26}
{'loss': 0.4609, 'learning_rate': 7.170643139498596e-05, 'epoch': 3.26}
{'loss': 0.4366, 'learning_rate': 7.166313065640279e-05, 'epoch': 3.27}
{'loss': 0.4544, 'learning_rate': 7.161982991781963e-05, 'epoch': 3.27}
{'loss': 0.4574, 'learning_rate': 7.157652917923646e-05, 'epoch': 3.28}
{'loss': 0.4338, 'learning_rate': 7.153322844065328e-05, 'epoch': 3.28}
{'loss': 0.4499, 'learning_rate': 7.148992770207012e-05, 'epoch': 3.28}
{'loss': 0.4896, 'learning_rate': 7.144662696348695e-05, 'epoch': 3.29}
{'loss': 0.4567, 'learning_rate': 7.140332622490377e-05, 'epoch': 3.29}
{'loss': 0.4571, 'learning_rate': 7.136002548632061e-05, 'epoch': 3.3}
{'loss': 0.4373, 'learning_rate': 7.131672474773744e-05, 'epoch': 3.3}
{'loss': 0.426, 'learning_rate': 7.127342400915428e-05, 'epoch': 3.3}
{'loss': 0.4459, 'learning_rate': 7.12301232705711e-05, 'epoch': 3.31}
{'loss': 0.4019, 'learning_rate': 7.118682253198795e-05, 'epoch': 3.31}
{'loss': 0.4368, 'learning_rate': 7.114352179340477e-05, 'epoch': 3.32}
{'loss': 0.4468, 'learning_rate': 7.110022105482159e-05, 'epoch': 3.32}
{'loss': 0.4106, 'learning_rate': 7.105692031623844e-05, 'epoch': 3.32}
{'loss': 0.442, 'learning_rate': 7.101361957765526e-05, 'epoch': 3.33}
{'loss': 0.4293, 'learning_rate': 7.09703188390721e-05, 'epoch': 3.33}
{'loss': 0.4468, 'learning_rate': 7.092701810048893e-05, 'epoch': 3.34}
{'loss': 0.4566, 'learning_rate': 7.088371736190576e-05, 'epoch': 3.34}
{'loss': 0.438, 'learning_rate': 7.084041662332258e-05, 'epoch': 3.35}
{'loss': 0.4224, 'learning_rate': 7.079711588473942e-05, 'epoch': 3.35}
{'loss': 0.4431, 'learning_rate': 7.075381514615625e-05, 'epoch': 3.35}
{'loss': 0.4589, 'learning_rate': 7.071051440757308e-05, 'epoch': 3.36}
{'loss': 0.4491, 'learning_rate': 7.066721366898991e-05, 'epoch': 3.36}
{'loss': 0.4444, 'learning_rate': 7.062391293040675e-05, 'epoch': 3.37}
{'loss': 0.4456, 'learning_rate': 7.058061219182357e-05, 'epoch': 3.37}
{'loss': 0.4909, 'learning_rate': 7.053731145324041e-05, 'epoch': 3.37}
{'loss': 0.4492, 'learning_rate': 7.049401071465725e-05, 'epoch': 3.38}
{'loss': 0.4348, 'learning_rate': 7.045070997607407e-05, 'epoch': 3.38}
{'loss': 0.4367, 'learning_rate': 7.04074092374909e-05, 'epoch': 3.39}
{'loss': 0.4546, 'learning_rate': 7.036410849890774e-05, 'epoch': 3.39}
{'loss': 0.4332, 'learning_rate': 7.032080776032456e-05, 'epoch': 3.39}
{'loss': 0.4543, 'learning_rate': 7.02775070217414e-05, 'epoch': 3.4}
{'loss': 0.4395, 'learning_rate': 7.023420628315823e-05, 'epoch': 3.4}
{'loss': 0.4606, 'learning_rate': 7.019090554457505e-05, 'epoch': 3.41}
{'loss': 0.438, 'learning_rate': 7.014760480599189e-05, 'epoch': 3.41}
{'loss': 0.4467, 'learning_rate': 7.010430406740874e-05, 'epoch': 3.41}
{'loss': 0.4144, 'learning_rate': 7.006100332882556e-05, 'epoch': 3.42}
{'loss': 0.4387, 'learning_rate': 7.001770259024238e-05, 'epoch': 3.42}
{'loss': 0.4532, 'learning_rate': 6.997440185165923e-05, 'epoch': 3.43}
{'loss': 0.4127, 'learning_rate': 6.993110111307605e-05, 'epoch': 3.43}
{'loss': 0.4617, 'learning_rate': 6.988780037449287e-05, 'epoch': 3.43}
{'loss': 0.4442, 'learning_rate': 6.98444996359097e-05, 'epoch': 3.44}
{'loss': 0.4661, 'learning_rate': 6.980119889732654e-05, 'epoch': 3.44}
{'loss': 0.4369, 'learning_rate': 6.975789815874337e-05, 'epoch': 3.45}
{'loss': 0.4274, 'learning_rate': 6.971459742016021e-05, 'epoch': 3.45}
{'loss': 0.4723, 'learning_rate': 6.967129668157704e-05, 'epoch': 3.46}
{'loss': 0.47, 'learning_rate': 6.962799594299386e-05, 'epoch': 3.46}
{'loss': 0.4602, 'learning_rate': 6.95846952044107e-05, 'epoch': 3.46}
{'loss': 0.4565, 'learning_rate': 6.954139446582753e-05, 'epoch': 3.47}
{'loss': 0.4132, 'learning_rate': 6.949809372724435e-05, 'epoch': 3.47}
{'loss': 0.4218, 'learning_rate': 6.945479298866119e-05, 'epoch': 3.48}
{'loss': 0.4788, 'learning_rate': 6.941149225007802e-05, 'epoch': 3.48}
{'loss': 0.4641, 'learning_rate': 6.936819151149486e-05, 'epoch': 3.48}
{'loss': 0.4175, 'learning_rate': 6.932575678768335e-05, 'epoch': 3.49}
{'loss': 0.4452, 'learning_rate': 6.928245604910018e-05, 'epoch': 3.49}
{'loss': 0.452, 'learning_rate': 6.923915531051702e-05, 'epoch': 3.5}
{'loss': 0.4493, 'learning_rate': 6.919585457193385e-05, 'epoch': 3.5}
{'loss': 0.45, 'learning_rate': 6.915255383335067e-05, 'epoch': 3.5}
{'loss': 0.4833, 'learning_rate': 6.910925309476751e-05, 'epoch': 3.51}
{'loss': 0.4559, 'learning_rate': 6.906595235618434e-05, 'epoch': 3.51}
{'loss': 0.4489, 'learning_rate': 6.902265161760116e-05, 'epoch': 3.52}
{'loss': 0.462, 'learning_rate': 6.8979350879018e-05, 'epoch': 3.52}
{'loss': 0.433, 'learning_rate': 6.893605014043483e-05, 'epoch': 3.52}
{'loss': 0.4245, 'learning_rate': 6.889274940185165e-05, 'epoch': 3.53}
{'loss': 0.4535, 'learning_rate': 6.88494486632685e-05, 'epoch': 3.53}
{'loss': 0.4577, 'learning_rate': 6.880614792468534e-05, 'epoch': 3.54}
{'loss': 0.4401, 'learning_rate': 6.876284718610216e-05, 'epoch': 3.54}
{'loss': 0.4291, 'learning_rate': 6.871954644751899e-05, 'epoch': 3.54}
{'loss': 0.4146, 'learning_rate': 6.867624570893583e-05, 'epoch': 3.55}
{'loss': 0.4606, 'learning_rate': 6.863294497035265e-05, 'epoch': 3.55}
{'loss': 0.4581, 'learning_rate': 6.858964423176947e-05, 'epoch': 3.56}
{'loss': 0.4318, 'learning_rate': 6.854634349318632e-05, 'epoch': 3.56}
{'loss': 0.4325, 'learning_rate': 6.850304275460314e-05, 'epoch': 3.57}
{'loss': 0.4567, 'learning_rate': 6.845974201601997e-05, 'epoch': 3.57}
{'loss': 0.4514, 'learning_rate': 6.841644127743682e-05, 'epoch': 3.57}
{'loss': 0.4292, 'learning_rate': 6.837314053885364e-05, 'epoch': 3.58}
{'loss': 0.4585, 'learning_rate': 6.832983980027046e-05, 'epoch': 3.58}
{'loss': 0.4247, 'learning_rate': 6.82865390616873e-05, 'epoch': 3.59}
{'loss': 0.4683, 'learning_rate': 6.824323832310413e-05, 'epoch': 3.59}
{'loss': 0.4484, 'learning_rate': 6.819993758452096e-05, 'epoch': 3.59}
{'loss': 0.4676, 'learning_rate': 6.815663684593779e-05, 'epoch': 3.6}
{'loss': 0.4754, 'learning_rate': 6.811333610735463e-05, 'epoch': 3.6}
{'loss': 0.4239, 'learning_rate': 6.807003536877146e-05, 'epoch': 3.61}
{'loss': 0.4604, 'learning_rate': 6.80267346301883e-05, 'epoch': 3.61}
{'loss': 0.4157, 'learning_rate': 6.798343389160513e-05, 'epoch': 3.61}
{'loss': 0.4622, 'learning_rate': 6.794013315302195e-05, 'epoch': 3.62}
{'loss': 0.4492, 'learning_rate': 6.789683241443879e-05, 'epoch': 3.62}
{'loss': 0.4193, 'learning_rate': 6.785353167585562e-05, 'epoch': 3.63}
{'loss': 0.4352, 'learning_rate': 6.781023093727244e-05, 'epoch': 3.63}
{'loss': 0.424, 'learning_rate': 6.776693019868928e-05, 'epoch': 3.63}
{'loss': 0.4342, 'learning_rate': 6.772362946010611e-05, 'epoch': 3.64}
{'loss': 0.434, 'learning_rate': 6.768032872152295e-05, 'epoch': 3.64}
{'loss': 0.4538, 'learning_rate': 6.763702798293978e-05, 'epoch': 3.65}
{'loss': 0.4526, 'learning_rate': 6.759372724435662e-05, 'epoch': 3.65}
{'loss': 0.4561, 'learning_rate': 6.755042650577344e-05, 'epoch': 3.65}
{'loss': 0.4289, 'learning_rate': 6.750712576719026e-05, 'epoch': 3.66}
{'loss': 0.453, 'learning_rate': 6.74638250286071e-05, 'epoch': 3.66}
{'loss': 0.4506, 'learning_rate': 6.742052429002393e-05, 'epoch': 3.67}
{'loss': 0.4394, 'learning_rate': 6.737722355144075e-05, 'epoch': 3.67}
{'loss': 0.4352, 'learning_rate': 6.733478882762925e-05, 'epoch': 3.68}
{'loss': 0.4391, 'learning_rate': 6.729148808904609e-05, 'epoch': 3.68}
{'loss': 0.4433, 'learning_rate': 6.724818735046292e-05, 'epoch': 3.68}
{'loss': 0.4373, 'learning_rate': 6.720488661187975e-05, 'epoch': 3.69}
{'loss': 0.4308, 'learning_rate': 6.716158587329659e-05, 'epoch': 3.69}
{'loss': 0.4281, 'learning_rate': 6.711828513471342e-05, 'epoch': 3.7}
{'loss': 0.4667, 'learning_rate': 6.707498439613025e-05, 'epoch': 3.7}
{'loss': 0.4428, 'learning_rate': 6.703168365754708e-05, 'epoch': 3.7}
{'loss': 0.4397, 'learning_rate': 6.698838291896391e-05, 'epoch': 3.71}
{'loss': 0.4297, 'learning_rate': 6.694508218038074e-05, 'epoch': 3.71}
{'loss': 0.46, 'learning_rate': 6.690178144179756e-05, 'epoch': 3.72}
{'loss': 0.4261, 'learning_rate': 6.68584807032144e-05, 'epoch': 3.72}
{'loss': 0.442, 'learning_rate': 6.681517996463123e-05, 'epoch': 3.72}
{'loss': 0.4517, 'learning_rate': 6.677187922604806e-05, 'epoch': 3.73}
{'loss': 0.4257, 'learning_rate': 6.67285784874649e-05, 'epoch': 3.73}
{'loss': 0.41, 'learning_rate': 6.668527774888173e-05, 'epoch': 3.74}
{'loss': 0.4333, 'learning_rate': 6.664197701029855e-05, 'epoch': 3.74}
{'loss': 0.4808, 'learning_rate': 6.659867627171539e-05, 'epoch': 3.74}
{'loss': 0.4486, 'learning_rate': 6.655537553313222e-05, 'epoch': 3.75}
{'loss': 0.4145, 'learning_rate': 6.651207479454904e-05, 'epoch': 3.75}
{'loss': 0.408, 'learning_rate': 6.646877405596588e-05, 'epoch': 3.76}
{'loss': 0.4381, 'learning_rate': 6.642547331738271e-05, 'epoch': 3.76}
{'loss': 0.4228, 'learning_rate': 6.638217257879955e-05, 'epoch': 3.76}
{'loss': 0.4375, 'learning_rate': 6.633887184021638e-05, 'epoch': 3.77}
{'loss': 0.4579, 'learning_rate': 6.629557110163322e-05, 'epoch': 3.77}
{'loss': 0.455, 'learning_rate': 6.625227036305004e-05, 'epoch': 3.78}
{'loss': 0.4129, 'learning_rate': 6.620896962446687e-05, 'epoch': 3.78}
{'loss': 0.4293, 'learning_rate': 6.616566888588371e-05, 'epoch': 3.79}
{'loss': 0.4469, 'learning_rate': 6.612236814730053e-05, 'epoch': 3.79}
{'loss': 0.437, 'learning_rate': 6.607906740871736e-05, 'epoch': 3.79}
{'loss': 0.452, 'learning_rate': 6.60357666701342e-05, 'epoch': 3.8}
{'loss': 0.427, 'learning_rate': 6.599246593155103e-05, 'epoch': 3.8}
{'loss': 0.4457, 'learning_rate': 6.594916519296785e-05, 'epoch': 3.81}
{'loss': 0.4647, 'learning_rate': 6.59058644543847e-05, 'epoch': 3.81}
{'loss': 0.4368, 'learning_rate': 6.586256371580152e-05, 'epoch': 3.81}
{'loss': 0.434, 'learning_rate': 6.581926297721834e-05, 'epoch': 3.82}
{'loss': 0.4588, 'learning_rate': 6.577596223863519e-05, 'epoch': 3.82}
{'loss': 0.4518, 'learning_rate': 6.573266150005201e-05, 'epoch': 3.83}
{'loss': 0.4409, 'learning_rate': 6.568936076146884e-05, 'epoch': 3.83}
{'loss': 0.4541, 'learning_rate': 6.564606002288568e-05, 'epoch': 3.83}
{'loss': 0.4448, 'learning_rate': 6.560275928430252e-05, 'epoch': 3.84}
{'loss': 0.4479, 'learning_rate': 6.555945854571934e-05, 'epoch': 3.84}
{'loss': 0.42, 'learning_rate': 6.551615780713617e-05, 'epoch': 3.85}
{'loss': 0.4482, 'learning_rate': 6.547285706855301e-05, 'epoch': 3.85}
{'loss': 0.4372, 'learning_rate': 6.542955632996983e-05, 'epoch': 3.85}
{'loss': 0.457, 'learning_rate': 6.538625559138667e-05, 'epoch': 3.86}
{'loss': 0.4331, 'learning_rate': 6.53429548528035e-05, 'epoch': 3.86}
{'loss': 0.4613, 'learning_rate': 6.529965411422032e-05, 'epoch': 3.87}
{'loss': 0.4462, 'learning_rate': 6.525635337563716e-05, 'epoch': 3.87}
{'loss': 0.441, 'learning_rate': 6.5213052637054e-05, 'epoch': 3.87}
{'loss': 0.4556, 'learning_rate': 6.516975189847083e-05, 'epoch': 3.88}
{'loss': 0.4225, 'learning_rate': 6.512645115988766e-05, 'epoch': 3.88}
{'loss': 0.4564, 'learning_rate': 6.50831504213045e-05, 'epoch': 3.89}
{'loss': 0.4503, 'learning_rate': 6.503984968272132e-05, 'epoch': 3.89}
{'loss': 0.4513, 'learning_rate': 6.499654894413815e-05, 'epoch': 3.9}
{'loss': 0.4489, 'learning_rate': 6.495324820555499e-05, 'epoch': 3.9}
{'loss': 0.4455, 'learning_rate': 6.490994746697181e-05, 'epoch': 3.9}
{'loss': 0.4156, 'learning_rate': 6.486664672838864e-05, 'epoch': 3.91}
{'loss': 0.4853, 'learning_rate': 6.482334598980548e-05, 'epoch': 3.91}
{'loss': 0.4403, 'learning_rate': 6.478004525122231e-05, 'epoch': 3.92}
{'loss': 0.4449, 'learning_rate': 6.473674451263913e-05, 'epoch': 3.92}
{'loss': 0.4282, 'learning_rate': 6.469344377405598e-05, 'epoch': 3.92}
{'loss': 0.4321, 'learning_rate': 6.46501430354728e-05, 'epoch': 3.93}
{'loss': 0.4446, 'learning_rate': 6.460684229688962e-05, 'epoch': 3.93}
{'loss': 0.4724, 'learning_rate': 6.456354155830646e-05, 'epoch': 3.94}
{'loss': 0.4781, 'learning_rate': 6.452024081972329e-05, 'epoch': 3.94}
{'loss': 0.44, 'learning_rate': 6.447694008114013e-05, 'epoch': 3.94}
{'loss': 0.4033, 'learning_rate': 6.443363934255696e-05, 'epoch': 3.95}
{'loss': 0.4194, 'learning_rate': 6.43903386039738e-05, 'epoch': 3.95}
{'loss': 0.4555, 'learning_rate': 6.434703786539062e-05, 'epoch': 3.96}
{'loss': 0.4392, 'learning_rate': 6.430373712680745e-05, 'epoch': 3.96}
{'loss': 0.4218, 'learning_rate': 6.426043638822429e-05, 'epoch': 3.96}
{'loss': 0.4594, 'learning_rate': 6.421800166441279e-05, 'epoch': 3.97}
{'loss': 0.428, 'learning_rate': 6.417470092582961e-05, 'epoch': 3.97}
{'loss': 0.4682, 'learning_rate': 6.413140018724643e-05, 'epoch': 3.98}
{'loss': 0.4558, 'learning_rate': 6.408809944866327e-05, 'epoch': 3.98}
{'loss': 0.4686, 'learning_rate': 6.40447987100801e-05, 'epoch': 3.98}
{'loss': 0.4278, 'learning_rate': 6.400149797149692e-05, 'epoch': 3.99}
{'loss': 0.4208, 'learning_rate': 6.395819723291377e-05, 'epoch': 3.99}
{'loss': 0.4218, 'learning_rate': 6.39148964943306e-05, 'epoch': 4.0}
[INFO|trainer.py:520] 2026-10-04 15:34:58,056 >> The following columns in the evaluation set  don't have a corresponding argument in `PETLEncModel.forward` and have been ignored: idx, hypothesis, premise.
[INFO|trainer.py:2179] 2026-10-04 15:34:58,058 >> ***** Running Evaluation *****
[INFO|trainer.py:2181] 2026-10-04 15:34:58,058 >>   Num examples = 9815
[INFO|trainer.py:2184] 2026-10-04 15:34:58,058 >>   Batch size = 32
{'eval_loss': 0.3990980088710785, 'eval_accuracy': 0.8503311258278146, 'eval_runtime': 14.9105, 'eval_samples_per_second': 658.262, 'eval_steps_per_second': 20.59, 'epoch': 4.0}
[INFO|trainer.py:1933] 2026-10-04 15:35:12,970 >> Saving model checkpoint to checkpoints/glue/mnli/20261004/glue.mnli.prefix.am_prefix.ao_concat.fm_none.fo_parallel.abn.fbn.ac_add.fl_none.finit_lora.fs_4.unfrz_ef_.ne10.warm0.06.wd0.1.seed4./checkpoint-49088
[INFO|configuration_utils.py:364] 2026-10-04 15:35:12,971 >> Configuration saved in checkpoints/glue/mnli/20261004/glue.mnli.prefix.am_prefix.ao_concat.fm_none.fo_parallel.abn.fbn.ac_add.fl_none.finit_lora.fs_4.unfrz_ef_.ne10.warm0.06.wd0.1.seed4./checkpoint-49088/config.json
[INFO|modeling_utils.py:898] 2026-10-04 15:35:13,405 >> Model weights saved in checkpoints/glue/mnli/20261004/glue.mnli.prefix.am_prefix.ao_concat.fm_none.fo_parallel.abn.fbn.ac_add.fl_none.finit_lora.fs_4.unfrz_ef_.ne10.warm0.06.wd0.1.seed4./checkpoint-49088/pytorch_model.bin
[INFO|tokenization_utils_base.py:1948] 2026-10-04 15:35:13,406 >> tokenizer config file saved in checkpoints/glue/mnli/20261004/glue.mnli.prefix.am_prefix.ao_concat.fm_none.fo_parallel.abn.fbn.ac_add.fl_none.finit_lora.fs_4.unfrz_ef_.ne10.warm0.06.wd0.1.seed4./checkpoint-49088/tokenizer_config.json
[INFO|tokenization_utils_base.py:1954] 2026-10-04 15:35:13,407 >> Special tokens file saved in checkpoints/glue/mnli/20261004/glue.mnli.prefix.am_prefix.ao_concat.fm_none.fo_parallel.abn.fbn.ac_add.fl_none.finit_lora.fs_4.unfrz_ef_.ne10.warm0.06.wd0.1.seed4./checkpoint-49088/special_tokens_map.json
[INFO|trainer.py:2009] 2026-10-04 15:35:13,622 >> Deleting older checkpoint [checkpoints/glue/mnli/20261004/glue.mnli.prefix.am_prefix.ao_concat.fm_none.fo_parallel.abn.fbn.ac_add.fl_none.finit_lora.fs_4.unfrz_ef_.ne10.warm0.06.wd0.1.seed4./checkpoint-24544] due to args.save_total_limit
/work/unify-parameter-efficient-tuning/src/transformers/trainer.py:1784: FutureWarning: `torch.cuda.amp.autocast(args...)` is deprecated. Please use `torch.amp.autocast('cuda', args...)` instead.
  with autocast():
{'loss': 0.4468, 'learning_rate': 6.387159575574743e-05, 'epoch': 4.0}
{'loss': 0.4153, 'learning_rate': 6.382829501716426e-05, 'epoch': 4.01}
{'loss': 0.4375, 'learning_rate': 6.37849942785811e-05, 'epoch': 4.01}
{'loss': 0.4185, 'learning_rate': 6.374169353999792e-05, 'epoch': 4.01}
{'loss': 0.4317, 'learning_rate': 6.369839280141475e-05, 'epoch': 4.02}
{'loss': 0.4222, 'learning_rate': 6.365509206283159e-05, 'epoch': 4.02}
{'loss': 0.4041, 'learning_rate': 6.361179132424841e-05, 'epoch': 4.03}
{'loss': 0.4404, 'learning_rate': 6.356849058566524e-05, 'epoch': 4.03}
{'loss': 0.4398, 'learning_rate': 6.352518984708209e-05, 'epoch': 4.03}
{'loss': 0.4192, 'learning_rate': 6.348188910849891e-05, 'epoch': 4.04}
{'loss': 0.4443, 'learning_rate': 6.343858836991575e-05, 'epoch': 4.04}
{'loss': 0.4454, 'learning_rate': 6.339528763133258e-05, 'epoch': 4.05}
{'loss': 0.4346, 'learning_rate': 6.33519868927494e-05, 'epoch': 4.05}
{'loss': 0.4537, 'learning_rate': 6.330868615416622e-05, 'epoch': 4.05}
{'loss': 0.4398, 'learning_rate': 6.326538541558307e-05, 'epoch': 4.06}
{'loss': 0.4258, 'learning_rate': 6.32220846769999e-05, 'epoch': 4.06}
{'loss': 0.4454, 'learning_rate': 6.317878393841673e-05, 'epoch': 4.07}
{'loss': 0.4266, 'learning_rate': 6.313548319983356e-05, 'epoch': 4.07}
{'loss': 0.4352, 'learning_rate': 6.30921824612504e-05, 'epoch': 4.07}
{'loss': 0.4414, 'learning_rate': 6.304888172266722e-05, 'epoch': 4.08}
{'loss': 0.3875, 'learning_rate': 6.300558098408405e-05, 'epoch': 4.08}
{'loss': 0.3996, 'learning_rate': 6.296228024550089e-05, 'epoch': 4.09}
{'loss': 0.4212, 'learning_rate': 6.291897950691771e-05, 'epoch': 4.09}
{'loss': 0.4214, 'learning_rate': 6.287567876833455e-05, 'epoch': 4.09}
{'loss': 0.4259, 'learning_rate': 6.283237802975138e-05, 'epoch': 4.1}
{'loss': 0.4314, 'learning_rate': 6.278907729116821e-05, 'epoch': 4.1}
{'loss': 0.4435, 'learning_rate': 6.274577655258505e-05, 'epoch': 4.11}
{'loss': 0.4438, 'learning_rate': 6.270247581400188e-05, 'epoch': 4.11}
{'loss': 0.431, 'learning_rate': 6.26591750754187e-05, 'epoch': 4.12}
{'loss': 0.44, 'learning_rate': 6.261674035160721e-05, 'epoch': 4.12}
{'loss': 0.4426, 'learning_rate': 6.257343961302403e-05, 'epoch': 4.12}
{'loss': 0.475, 'learning_rate': 6.253013887444088e-05, 'epoch': 4.13}
{'loss': 0.453, 'learning_rate': 6.24868381358577e-05, 'epoch': 4.13}
{'loss': 0.429, 'learning_rate': 6.244353739727452e-05, 'epoch': 4.14}
{'loss': 0.4304, 'learning_rate': 6.240023665869135e-05, 'epoch': 4.14}
{'loss': 0.4217, 'learning_rate': 6.235693592010819e-05, 'epoch': 4.14}
{'loss': 0.426, 'learning_rate': 6.231363518152502e-05, 'epoch': 4.15}
{'loss': 0.4063, 'learning_rate': 6.227033444294186e-05, 'epoch': 4.15}
{'loss': 0.4263, 'learning_rate': 6.222703370435869e-05, 'epoch': 4.16}
{'loss': 0.4447, 'learning_rate': 6.218373296577551e-05, 'epoch': 4.16}
{'loss': 0.4274, 'learning_rate': 6.214043222719235e-05, 'epoch': 4.16}
{'loss': 0.4574, 'learning_rate': 6.209713148860918e-05, 'epoch': 4.17}
{'loss': 0.4309, 'learning_rate': 6.2053830750026e-05, 'epoch': 4.17}
{'loss': 0.4367, 'learning_rate': 6.201053001144284e-05, 'epoch': 4.18}
{'loss': 0.4311, 'learning_rate': 6.196722927285967e-05, 'epoch': 4.18}
{'loss': 0.4409, 'learning_rate': 6.19239285342765e-05, 'epoch': 4.18}
{'loss': 0.4132, 'learning_rate': 6.188062779569334e-05, 'epoch': 4.19}
{'loss': 0.4071, 'learning_rate': 6.183732705711018e-05, 'epoch': 4.19}
{'loss': 0.4074, 'learning_rate': 6.1794026318527e-05, 'epoch': 4.2}
{'loss': 0.4106, 'learning_rate': 6.175072557994383e-05, 'epoch': 4.2}
{'loss': 0.413, 'learning_rate': 6.170742484136067e-05, 'epoch': 4.2}
{'loss': 0.4309, 'learning_rate': 6.166412410277749e-05, 'epoch': 4.21}
{'loss': 0.4232, 'learning_rate': 6.162082336419431e-05, 'epoch': 4.21}
{'loss': 0.4269, 'learning_rate': 6.157752262561116e-05, 'epoch': 4.22}
{'loss': 0.4203, 'learning_rate': 6.153422188702798e-05, 'epoch': 4.22}
{'loss': 0.4211, 'learning_rate': 6.149092114844482e-05, 'epoch': 4.23}
{'loss': 0.4331, 'learning_rate': 6.144762040986165e-05, 'epoch': 4.23}
{'loss': 0.446, 'learning_rate': 6.140431967127849e-05, 'epoch': 4.23}
{'loss': 0.4528, 'learning_rate': 6.136101893269531e-05, 'epoch': 4.24}
{'loss': 0.438, 'learning_rate': 6.131771819411214e-05, 'epoch': 4.24}
{'loss': 0.421, 'learning_rate': 6.127441745552898e-05, 'epoch': 4.25}
{'loss': 0.4568, 'learning_rate': 6.12311167169458e-05, 'epoch': 4.25}
{'loss': 0.4653, 'learning_rate': 6.118781597836263e-05, 'epoch': 4.25}
{'loss': 0.4406, 'learning_rate': 6.114451523977947e-05, 'epoch': 4.26}
{'loss': 0.4534, 'learning_rate': 6.110121450119629e-05, 'epoch': 4.26}
{'loss': 0.4588, 'learning_rate': 6.105791376261312e-05, 'epoch': 4.27}
{'loss': 0.4323, 'learning_rate': 6.1014613024029965e-05, 'epoch': 4.27}
{'loss': 0.4289, 'learning_rate': 6.097131228544679e-05, 'epoch': 4.27}
{'loss': 0.4348, 'learning_rate': 6.092801154686363e-05, 'epoch': 4.28}
{'loss': 0.4555, 'learning_rate': 6.088471080828046e-05, 'epoch': 4.28}
{'loss': 0.4136, 'learning_rate': 6.0841410069697277e-05, 'epoch': 4.29}
{'loss': 0.4283, 'learning_rate': 6.0798109331114125e-05, 'epoch': 4.29}
{'loss': 0.4261, 'learning_rate': 6.0754808592530966e-05, 'epoch': 4.29}
{'loss': 0.4427, 'learning_rate': 6.071150785394778e-05, 'epoch': 4.3}
{'loss': 0.4334, 'learning_rate': 6.066820711536461e-05, 'epoch': 4.3}
{'loss': 0.4456, 'learning_rate': 6.062490637678146e-05, 'epoch': 4.31}
{'loss': 0.4179, 'learning_rate': 6.058160563819828e-05, 'epoch': 4.31}
{'loss': 0.4697, 'learning_rate': 6.053830489961509e-05, 'epoch': 4.31}
{'loss': 0.4309, 'learning_rate': 6.049500416103194e-05, 'epoch': 4.32}
{'loss': 0.4321, 'learning_rate': 6.045170342244877e-05, 'epoch': 4.32}
{'loss': 0.4041, 'learning_rate': 6.04084026838656e-05, 'epoch': 4.33}
{'loss': 0.4359, 'learning_rate': 6.036510194528243e-05, 'epoch': 4.33}
{'loss': 0.3912, 'learning_rate': 6.0321801206699267e-05, 'epoch': 4.34}
{'loss': 0.4439, 'learning_rate': 6.027850046811608e-05, 'epoch': 4.34}
{'loss': 0.428, 'learning_rate': 6.023519972953293e-05, 'epoch': 4.34}
{'loss': 0.4068, 'learning_rate': 6.019189899094977e-05, 'epoch': 4.35}
{'loss': 0.4099, 'learning_rate': 6.0148598252366585e-05, 'epoch': 4.35}
{'loss': 0.4504, 'learning_rate': 6.010529751378342e-05, 'epoch': 4.36}
{'loss': 0.4084, 'learning_rate': 6.0061996775200255e-05, 'epoch': 4.36}
{'loss': 0.449, 'learning_rate': 6.001869603661708e-05, 'epoch': 4.36}
{'loss': 0.4313, 'learning_rate': 5.997539529803392e-05, 'epoch': 4.37}
{'loss': 0.4324, 'learning_rate': 5.993209455945076e-05, 'epoch': 4.37}
{'loss': 0.4431, 'learning_rate': 5.9888793820867573e-05, 'epoch': 4.38}
{'loss': 0.4042, 'learning_rate': 5.984549308228441e-05, 'epoch': 4.38}
{'loss': 0.4433, 'learning_rate': 5.980219234370125e-05, 'epoch': 4.38}
{'loss': 0.4128, 'learning_rate': 5.975889160511807e-05, 'epoch': 4.39}
{'loss': 0.4663, 'learning_rate': 5.971559086653491e-05, 'epoch': 4.39}
{'loss': 0.4543, 'learning_rate': 5.9672290127951734e-05, 'epoch': 4.4}
{'loss': 0.3964, 'learning_rate': 5.9628989389368575e-05, 'epoch': 4.4}
{'loss': 0.4268, 'learning_rate': 5.958568865078539e-05, 'epoch': 4.4}
{'loss': 0.4215, 'learning_rate': 5.954238791220224e-05, 'epoch': 4.41}
{'loss': 0.4026, 'learning_rate': 5.949908717361906e-05, 'epoch': 4.41}
{'loss': 0.4194, 'learning_rate': 5.945578643503589e-05, 'epoch': 4.42}
{'loss': 0.4278, 'learning_rate': 5.9412485696452735e-05, 'epoch': 4.42}
{'loss': 0.426, 'learning_rate': 5.9369184957869563e-05, 'epoch': 4.42}
{'loss': 0.4094, 'learning_rate': 5.932588421928638e-05, 'epoch': 4.43}
{'loss': 0.4311, 'learning_rate': 5.9282583480703226e-05, 'epoch': 4.43}
{'loss': 0.4125, 'learning_rate': 5.923928274212005e-05, 'epoch': 4.44}
{'loss': 0.443, 'learning_rate': 5.9195982003536875e-05, 'epoch': 4.44}
{'loss': 0.4443, 'learning_rate': 5.915268126495371e-05, 'epoch': 4.45}
{'loss': 0.4362, 'learning_rate': 5.910938052637055e-05, 'epoch': 4.45}
{'loss': 0.4459, 'learning_rate': 5.906607978778737e-05, 'epoch': 4.45}
{'loss': 0.4288, 'learning_rate': 5.902364506397586e-05, 'epoch': 4.46}
{'loss': 0.4302, 'learning_rate': 5.89803443253927e-05, 'epoch': 4.46}
{'loss': 0.4139, 'learning_rate': 5.893704358680954e-05, 'epoch': 4.47}
{'loss': 0.4498, 'learning_rate': 5.8893742848226366e-05, 'epoch': 4.47}
{'loss': 0.4345, 'learning_rate': 5.885044210964319e-05, 'epoch': 4.47}
{'loss': 0.4235, 'learning_rate': 5.880714137106003e-05, 'epoch': 4.48}
{'loss': 0.4471, 'learning_rate': 5.876384063247685e-05, 'epoch': 4.48}
{'loss': 0.4261, 'learning_rate': 5.872053989389369e-05, 'epoch': 4.49}
{'loss': 0.4194, 'learning_rate': 5.867723915531051e-05, 'epoch': 4.49}
{'loss': 0.4211, 'learning_rate': 5.8633938416727354e-05, 'epoch': 4.49}
{'loss': 0.4329, 'learning_rate': 5.8590637678144175e-05, 'epoch': 4.5}
{'loss': 0.4409, 'learning_rate': 5.854733693956102e-05, 'epoch': 4.5}
{'loss': 0.4323, 'learning_rate': 5.850403620097785e-05, 'epoch': 4.51}
{'loss': 0.4066, 'learning_rate': 5.846073546239468e-05, 'epoch': 4.51}
{'loss': 0.4206, 'learning_rate': 5.84174347238115e-05, 'epoch': 4.51}
{'loss': 0.4334, 'learning_rate': 5.837413398522834e-05, 'epoch': 4.52}
{'loss': 0.4631, 'learning_rate': 5.833083324664517e-05, 'epoch': 4.52}
{'loss': 0.4356, 'learning_rate': 5.8287532508062005e-05, 'epoch': 4.53}
{'loss': 0.4492, 'learning_rate': 5.824423176947884e-05, 'epoch': 4.53}
{'loss': 0.4152, 'learning_rate': 5.8200931030895654e-05, 'epoch': 4.53}
{'loss': 0.4427, 'learning_rate': 5.81576302923125e-05, 'epoch': 4.54}
{'loss': 0.4036, 'learning_rate': 5.8114329553729344e-05, 'epoch': 4.54}
{'loss': 0.4436, 'learning_rate': 5.807102881514616e-05, 'epoch': 4.55}
{'loss': 0.4128, 'learning_rate': 5.802772807656299e-05, 'epoch': 4.55}
{'loss': 0.4292, 'learning_rate': 5.798442733797983e-05, 'epoch': 4.56}
{'loss': 0.4278, 'learning_rate': 5.7941126599396656e-05, 'epoch': 4.56}
{'loss': 0.4209, 'learning_rate': 5.7897825860813484e-05, 'epoch': 4.56}
{'loss': 0.4134, 'learning_rate': 5.785452512223033e-05, 'epoch': 4.57}
{'loss': 0.4343, 'learning_rate': 5.7811224383647146e-05, 'epoch': 4.57}
{'loss': 0.4387, 'learning_rate': 5.776792364506397e-05, 'epoch': 4.58}
{'loss': 0.4683, 'learning_rate': 5.772462290648081e-05, 'epoch': 4.58}
{'loss': 0.4322, 'learning_rate': 5.7681322167897644e-05, 'epoch': 4.58}
{'loss': 0.4199, 'learning_rate': 5.763802142931447e-05, 'epoch': 4.59}
{'loss': 0.4312, 'learning_rate': 5.759472069073131e-05, 'epoch': 4.59}
{'loss': 0.4186, 'learning_rate': 5.755141995214814e-05, 'epoch': 4.6}
{'loss': 0.4386, 'learning_rate': 5.750811921356496e-05, 'epoch': 4.6}
{'loss': 0.4498, 'learning_rate': 5.74648184749818e-05, 'epoch': 4.6}
{'loss': 0.4446, 'learning_rate': 5.742151773639863e-05, 'epoch': 4.61}
{'loss': 0.424, 'learning_rate': 5.737821699781546e-05, 'epoch': 4.61}
{'loss': 0.4315, 'learning_rate': 5.7334916259232295e-05, 'epoch': 4.62}
{'loss': 0.4278, 'learning_rate': 5.7291615520649136e-05, 'epoch': 4.62}
{'loss': 0.4475, 'learning_rate': 5.724831478206595e-05, 'epoch': 4.62}
{'loss': 0.412, 'learning_rate': 5.7205014043482786e-05, 'epoch': 4.63}
{'loss': 0.4633, 'learning_rate': 5.716171330489962e-05, 'epoch': 4.63}
{'loss': 0.4395, 'learning_rate': 5.711841256631645e-05, 'epoch': 4.64}
{'loss': 0.4186, 'learning_rate': 5.7075977842504944e-05, 'epoch': 4.64}
{'loss': 0.4185, 'learning_rate': 5.703267710392177e-05, 'epoch': 4.64}
{'loss': 0.4392, 'learning_rate': 5.6989376365338606e-05, 'epoch': 4.65}
{'loss': 0.4118, 'learning_rate': 5.694607562675545e-05, 'epoch': 4.65}
{'loss': 0.4607, 'learning_rate': 5.690277488817227e-05, 'epoch': 4.66}
{'loss': 0.4187, 'learning_rate': 5.685947414958911e-05, 'epoch': 4.66}
{'loss': 0.4489, 'learning_rate': 5.681617341100593e-05, 'epoch': 4.67}
{'loss': 0.4439, 'learning_rate': 5.677287267242276e-05, 'epoch': 4.67}
{'loss': 0.4027, 'learning_rate': 5.67295719338396e-05, 'epoch': 4.67}
{'loss': 0.4755, 'learning_rate': 5.668627119525642e-05, 'epoch': 4.68}
{'loss': 0.4329, 'learning_rate': 5.6642970456673264e-05, 'epoch': 4.68}
{'loss': 0.4462, 'learning_rate': 5.6599669718090085e-05, 'epoch': 4.69}
{'loss': 0.4144, 'learning_rate': 5.655636897950693e-05, 'epoch': 4.69}
{'loss': 0.4393, 'learning_rate': 5.651306824092375e-05, 'epoch': 4.69}
{'loss': 0.4388, 'learning_rate': 5.646976750234059e-05, 'epoch': 4.7}
{'loss': 0.4236, 'learning_rate': 5.6426466763757424e-05, 'epoch': 4.7}
{'loss': 0.4475, 'learning_rate': 5.638316602517425e-05, 'epoch': 4.71}
{'loss': 0.4066, 'learning_rate': 5.6339865286591074e-05, 'epoch': 4.71}
{'loss': 0.4406, 'learning_rate': 5.6296564548007915e-05, 'epoch': 4.71}
{'loss': 0.4652, 'learning_rate': 5.6253263809424736e-05, 'epoch': 4.72}
{'loss': 0.442, 'learning_rate': 5.6209963070841564e-05, 'epoch': 4.72}
{'loss': 0.4368, 'learning_rate': 5.616666233225841e-05, 'epoch': 4.73}
{'loss': 0.4564, 'learning_rate': 5.612336159367524e-05, 'epoch': 4.73}
{'loss': 0.4828, 'learning_rate': 5.608006085509206e-05, 'epoch': 4.73}
{'loss': 0.4631, 'learning_rate': 5.60367601165089e-05, 'epoch': 4.74}
{'loss': 0.452, 'learning_rate': 5.5993459377925724e-05, 'epoch': 4.74}
{'loss': 0.4263, 'learning_rate': 5.595102465411423e-05, 'epoch': 4.75}
{'loss': 0.4203, 'learning_rate': 5.5907723915531055e-05, 'epoch': 4.75}
{'loss': 0.4241, 'learning_rate': 5.586442317694789e-05, 'epoch': 4.75}
{'loss': 0.4321, 'learning_rate': 5.5821122438364724e-05, 'epoch': 4.76}
{'loss': 0.4456, 'learning_rate': 5.577782169978155e-05, 'epoch': 4.76}
{'loss': 0.4072, 'learning_rate': 5.573452096119838e-05, 'epoch': 4.77}
{'loss': 0.4289, 'learning_rate': 5.569122022261523e-05, 'epoch': 4.77}
{'loss': 0.4411, 'learning_rate': 5.564791948403204e-05, 'epoch': 4.78}
{'loss': 0.4204, 'learning_rate': 5.5604618745448864e-05, 'epoch': 4.78}
{'loss': 0.4034, 'learning_rate': 5.5561318006865706e-05, 'epoch': 4.78}
{'loss': 0.4191, 'learning_rate': 5.551801726828254e-05, 'epoch': 4.79}
{'loss': 0.4259, 'learning_rate': 5.547471652969937e-05, 'epoch': 4.79}
{'loss': 0.4334, 'learning_rate': 5.543141579111619e-05, 'epoch': 4.8}
{'loss': 0.4395, 'learning_rate': 5.538811505253303e-05, 'epoch': 4.8}
{'loss': 0.4373, 'learning_rate': 5.534481431394985e-05, 'epoch': 4.8}
{'loss': 0.4247, 'learning_rate': 5.5301513575366694e-05, 'epoch': 4.81}
{'loss': 0.4232, 'learning_rate': 5.525821283678353e-05, 'epoch': 4.81}
{'loss': 0.4125, 'learning_rate': 5.5214912098200356e-05, 'epoch': 4.82}
{'loss': 0.4171, 'learning_rate': 5.517161135961719e-05, 'epoch': 4.82}
{'loss': 0.4221, 'learning_rate': 5.512831062103403e-05, 'epoch': 4.82}
{'loss': 0.4298, 'learning_rate': 5.508500988245085e-05, 'epoch': 4.83}
{'loss': 0.4462, 'learning_rate': 5.504170914386768e-05, 'epoch': 4.83}
{'loss': 0.4248, 'learning_rate': 5.499840840528452e-05, 'epoch': 4.84}
{'loss': 0.4373, 'learning_rate': 5.4955107666701345e-05, 'epoch': 4.84}
{'loss': 0.4537, 'learning_rate': 5.491180692811818e-05, 'epoch': 4.84}
{'loss': 0.442, 'learning_rate': 5.486850618953502e-05, 'epoch': 4.85}
{'loss': 0.4172, 'learning_rate': 5.4825205450951835e-05, 'epoch': 4.85}
{'loss': 0.4015, 'learning_rate': 5.4781904712368657e-05, 'epoch': 4.86}
{'loss': 0.4172, 'learning_rate': 5.4738603973785505e-05, 'epoch': 4.86}
{'loss': 0.4453, 'learning_rate': 5.469530323520233e-05, 'epoch': 4.86}
{'loss': 0.4238, 'learning_rate': 5.465200249661916e-05, 'epoch': 4.87}
{'loss': 0.4425, 'learning_rate': 5.460870175803601e-05, 'epoch': 4.87}
{'loss': 0.4083, 'learning_rate': 5.456540101945283e-05, 'epoch': 4.88}
{'loss': 0.3973, 'learning_rate': 5.4522100280869645e-05, 'epoch': 4.88}
{'loss': 0.4447, 'learning_rate': 5.4478799542286486e-05, 'epoch': 4.89}
{'loss': 0.45, 'learning_rate': 5.443549880370332e-05, 'epoch': 4.89}
{'loss': 0.4351, 'learning_rate': 5.439219806512015e-05, 'epoch': 4.89}
{'loss': 0.4097, 'learning_rate': 5.4348897326536984e-05, 'epoch': 4.9}
{'loss': 0.4045, 'learning_rate': 5.4305596587953825e-05, 'epoch': 4.9}
{'loss': 0.4215, 'learning_rate': 5.4262295849370647e-05, 'epoch': 4.91}
{'loss': 0.4351, 'learning_rate': 5.421899511078749e-05, 'epoch': 4.91}
{'loss': 0.4351, 'learning_rate': 5.417569437220431e-05, 'epoch': 4.91}
{'loss': 0.4147, 'learning_rate': 5.413239363362114e-05, 'epoch': 4.92}
{'loss': 0.4252, 'learning_rate': 5.408909289503797e-05, 'epoch': 4.92}
{'loss': 0.4232, 'learning_rate': 5.4045792156454814e-05, 'epoch': 4.93}
{'loss': 0.4299, 'learning_rate': 5.4002491417871635e-05, 'epoch': 4.93}
{'loss': 0.3964, 'learning_rate': 5.3959190679288476e-05, 'epoch': 4.93}
{'loss': 0.4077, 'learning_rate': 5.39158899407053e-05, 'epoch': 4.94}
{'loss': 0.4347, 'learning_rate': 5.3872589202122125e-05, 'epoch': 4.94}
{'loss': 0.457, 'learning_rate': 5.382928846353896e-05, 'epoch': 4.95}
{'loss': 0.4431, 'learning_rate': 5.37859877249558e-05, 'epoch': 4.95}
{'loss': 0.3907, 'learning_rate': 5.374268698637262e-05, 'epoch': 4.95}
{'loss': 0.4521, 'learning_rate': 5.369938624778945e-05, 'epoch': 4.96}
{'loss': 0.4327, 'learning_rate': 5.3656085509206286e-05, 'epoch': 4.96}
{'loss': 0.4242, 'learning_rate': 5.361278477062313e-05, 'epoch': 4.97}
{'loss': 0.4184, 'learning_rate': 5.356948403203994e-05, 'epoch': 4.97}
{'loss': 0.4337, 'learning_rate': 5.352618329345679e-05, 'epoch': 4.97}
{'loss': 0.4211, 'learning_rate': 5.348288255487361e-05, 'epoch': 4.98}
{'loss': 0.4384, 'learning_rate': 5.343958181629044e-05, 'epoch': 4.98}
{'loss': 0.4336, 'learning_rate': 5.339628107770728e-05, 'epoch': 4.99}
{'loss': 0.4055, 'learning_rate': 5.33529803391241e-05, 'epoch': 4.99}
{'loss': 0.454, 'learning_rate': 5.330967960054093e-05, 'epoch': 5.0}
{'loss': 0.4316, 'learning_rate': 5.3266378861957765e-05, 'epoch': 5.0}
[INFO|trainer.py:520] 2026-10-04 15:43:42,228 >> The following columns in the evaluation set  don't have a corresponding argument in `PETLEncModel.forward` and have been ignored: idx, hypothesis, premise.
[INFO|trainer.py:2179] 2026-10-04 15:43:42,230 >> ***** Running Evaluation *****
[INFO|trainer.py:2181] 2026-10-04 15:43:42,230 >>   Num examples = 9815
[INFO|trainer.py:2184] 2026-10-04 15:43:42,230 >>   Batch size = 32
{'eval_loss': 0.4068714380264282, 'eval_accuracy': 0.8507386653082017, 'eval_runtime': 14.9405, 'eval_samples_per_second': 656.938, 'eval_steps_per_second': 20.548, 'epoch': 5.0}
[INFO|trainer.py:1933] 2026-10-04 15:43:57,171 >> Saving model checkpoint to checkpoints/glue/mnli/20261004/glue.mnli.prefix.am_prefix.ao_concat.fm_none.fo_parallel.abn.fbn.ac_add.fl_none.finit_lora.fs_4.unfrz_ef_.ne10.warm0.06.wd0.1.seed4./checkpoint-61360
[INFO|configuration_utils.py:364] 2026-10-04 15:43:57,173 >> Configuration saved in checkpoints/glue/mnli/20261004/glue.mnli.prefix.am_prefix.ao_concat.fm_none.fo_parallel.abn.fbn.ac_add.fl_none.finit_lora.fs_4.unfrz_ef_.ne10.warm0.06.wd0.1.seed4./checkpoint-61360/config.json
[INFO|modeling_utils.py:898] 2026-10-04 15:43:57,539 >> Model weights saved in checkpoints/glue/mnli/20261004/glue.mnli.prefix.am_prefix.ao_concat.fm_none.fo_parallel.abn.fbn.ac_add.fl_none.finit_lora.fs_4.unfrz_ef_.ne10.warm0.06.wd0.1.seed4./checkpoint-61360/pytorch_model.bin
[INFO|tokenization_utils_base.py:1948] 2026-10-04 15:43:57,540 >> tokenizer config file saved in checkpoints/glue/mnli/20261004/glue.mnli.prefix.am_prefix.ao_concat.fm_none.fo_parallel.abn.fbn.ac_add.fl_none.finit_lora.fs_4.unfrz_ef_.ne10.warm0.06.wd0.1.seed4./checkpoint-61360/tokenizer_config.json
[INFO|tokenization_utils_base.py:1954] 2026-10-04 15:43:57,541 >> Special tokens file saved in checkpoints/glue/mnli/20261004/glue.mnli.prefix.am_prefix.ao_concat.fm_none.fo_parallel.abn.fbn.ac_add.fl_none.finit_lora.fs_4.unfrz_ef_.ne10.warm0.06.wd0.1.seed4./checkpoint-61360/special_tokens_map.json
[INFO|trainer.py:2009] 2026-10-04 15:43:57,674 >> Deleting older checkpoint [checkpoints/glue/mnli/20261004/glue.mnli.prefix.am_prefix.ao_concat.fm_none.fo_parallel.abn.fbn.ac_add.fl_none.finit_lora.fs_4.unfrz_ef_.ne10.warm0.06.wd0.1.seed4./checkpoint-36816] due to args.save_total_limit
/work/unify-parameter-efficient-tuning/src/transformers/trainer.py:1784: FutureWarning: `torch.cuda.amp.autocast(args...)` is deprecated. Please use `torch.amp.autocast('cuda', args...)` instead.
  with autocast():
{'loss': 0.4401, 'learning_rate': 5.3223078123374606e-05, 'epoch': 5.0}
{'loss': 0.4124, 'learning_rate': 5.317977738479143e-05, 'epoch': 5.01}
{'loss': 0.4213, 'learning_rate': 5.313647664620827e-05, 'epoch': 5.01}
{'loss': 0.4169, 'learning_rate': 5.309317590762509e-05, 'epoch': 5.02}
{'loss': 0.4081, 'learning_rate': 5.304987516904193e-05, 'epoch': 5.02}
{'loss': 0.3775, 'learning_rate': 5.300657443045875e-05, 'epoch': 5.02}
{'loss': 0.435, 'learning_rate': 5.2963273691875594e-05, 'epoch': 5.03}
{'loss': 0.4341, 'learning_rate': 5.2919972953292416e-05, 'epoch': 5.03}
{'loss': 0.4149, 'learning_rate': 5.287667221470926e-05, 'epoch': 5.04}
{'loss': 0.4074, 'learning_rate': 5.283337147612609e-05, 'epoch': 5.04}
{'loss': 0.4278, 'learning_rate': 5.279007073754292e-05, 'epoch': 5.04}
{'loss': 0.4005, 'learning_rate': 5.274676999895974e-05, 'epoch': 5.05}
{'loss': 0.3892, 'learning_rate': 5.270346926037658e-05, 'epoch': 5.05}
{'loss': 0.4291, 'learning_rate': 5.2660168521793404e-05, 'epoch': 5.06}
{'loss': 0.3908, 'learning_rate': 5.261686778321023e-05, 'epoch': 5.06}
{'loss': 0.4474, 'learning_rate': 5.257356704462708e-05, 'epoch': 5.06}
{'loss': 0.4414, 'learning_rate': 5.2530266306043894e-05, 'epoch': 5.07}
{'loss': 0.4015, 'learning_rate': 5.2486965567460736e-05, 'epoch': 5.07}
{'loss': 0.4287, 'learning_rate': 5.244366482887756e-05, 'epoch': 5.08}
{'loss': 0.4284, 'learning_rate': 5.24003640902944e-05, 'epoch': 5.08}
{'loss': 0.4223, 'learning_rate': 5.235706335171122e-05, 'epoch': 5.08}
{'loss': 0.4012, 'learning_rate': 5.231376261312806e-05, 'epoch': 5.09}
{'loss': 0.3932, 'learning_rate': 5.2270461874544896e-05, 'epoch': 5.09}
{'loss': 0.4553, 'learning_rate': 5.2227161135961724e-05, 'epoch': 5.1}
{'loss': 0.4164, 'learning_rate': 5.2183860397378545e-05, 'epoch': 5.1}
{'loss': 0.4602, 'learning_rate': 5.214055965879539e-05, 'epoch': 5.11}
{'loss': 0.438, 'learning_rate': 5.209725892021221e-05, 'epoch': 5.11}
{'loss': 0.4222, 'learning_rate': 5.205395818162905e-05, 'epoch': 5.11}
{'loss': 0.4158, 'learning_rate': 5.2010657443045884e-05, 'epoch': 5.12}
{'loss': 0.4074, 'learning_rate': 5.196735670446271e-05, 'epoch': 5.12}
{'loss': 0.4249, 'learning_rate': 5.1924055965879534e-05, 'epoch': 5.13}
{'loss': 0.3849, 'learning_rate': 5.1880755227296375e-05, 'epoch': 5.13}
{'loss': 0.408, 'learning_rate': 5.1837454488713196e-05, 'epoch': 5.13}
{'loss': 0.4347, 'learning_rate': 5.179415375013004e-05, 'epoch': 5.14}
{'loss': 0.3937, 'learning_rate': 5.175085301154687e-05, 'epoch': 5.14}
{'loss': 0.4062, 'learning_rate': 5.17075522729637e-05, 'epoch': 5.15}
{'loss': 0.4288, 'learning_rate': 5.166425153438053e-05, 'epoch': 5.15}
{'loss': 0.4143, 'learning_rate': 5.162095079579738e-05, 'epoch': 5.15}
{'loss': 0.4617, 'learning_rate': 5.157851607198586e-05, 'epoch': 5.16}
{'loss': 0.4143, 'learning_rate': 5.15352153334027e-05, 'epoch': 5.16}
{'loss': 0.4102, 'learning_rate': 5.1491914594819515e-05, 'epoch': 5.17}
{'loss': 0.4415, 'learning_rate': 5.144861385623635e-05, 'epoch': 5.17}
{'loss': 0.47, 'learning_rate': 5.1405313117653184e-05, 'epoch': 5.17}
{'loss': 0.4258, 'learning_rate': 5.136201237907001e-05, 'epoch': 5.18}
{'loss': 0.4499, 'learning_rate': 5.131871164048685e-05, 'epoch': 5.18}
{'loss': 0.4086, 'learning_rate': 5.127541090190369e-05, 'epoch': 5.19}
{'loss': 0.3946, 'learning_rate': 5.12321101633205e-05, 'epoch': 5.19}
{'loss': 0.4335, 'learning_rate': 5.118880942473734e-05, 'epoch': 5.19}
{'loss': 0.4039, 'learning_rate': 5.114550868615417e-05, 'epoch': 5.2}
{'loss': 0.4338, 'learning_rate': 5.1102207947571e-05, 'epoch': 5.2}
{'loss': 0.4254, 'learning_rate': 5.1058907208987815e-05, 'epoch': 5.21}
{'loss': 0.4238, 'learning_rate': 5.101560647040466e-05, 'epoch': 5.21}
{'loss': 0.4456, 'learning_rate': 5.0972305731821505e-05, 'epoch': 5.22}
{'loss': 0.4087, 'learning_rate': 5.092900499323832e-05, 'epoch': 5.22}
{'loss': 0.4089, 'learning_rate': 5.088570425465517e-05, 'epoch': 5.22}
{'loss': 0.3957, 'learning_rate': 5.084240351607199e-05, 'epoch': 5.23}
{'loss': 0.4103, 'learning_rate': 5.0799102777488817e-05, 'epoch': 5.23}
{'loss': 0.4049, 'learning_rate': 5.075580203890565e-05, 'epoch': 5.24}
{'loss': 0.4326, 'learning_rate': 5.071250130032249e-05, 'epoch': 5.24}
{'loss': 0.4132, 'learning_rate': 5.066920056173931e-05, 'epoch': 5.24}
{'loss': 0.3949, 'learning_rate': 5.062589982315614e-05, 'epoch': 5.25}
{'loss': 0.451, 'learning_rate': 5.058259908457298e-05, 'epoch': 5.25}
{'loss': 0.3856, 'learning_rate': 5.0539298345989805e-05, 'epoch': 5.26}
{'loss': 0.4404, 'learning_rate': 5.049599760740664e-05, 'epoch': 5.26}
{'loss': 0.3857, 'learning_rate': 5.045269686882348e-05, 'epoch': 5.26}
{'loss': 0.3766, 'learning_rate': 5.04093961302403e-05, 'epoch': 5.27}
{'loss': 0.4139, 'learning_rate': 5.0366095391657144e-05, 'epoch': 5.27}
{'loss': 0.3843, 'learning_rate': 5.0322794653073965e-05, 'epoch': 5.28}
{'loss': 0.4295, 'learning_rate': 5.027949391449079e-05, 'epoch': 5.28}
{'loss': 0.404, 'learning_rate': 5.023619317590763e-05, 'epoch': 5.28}
{'loss': 0.4255, 'learning_rate': 5.019289243732447e-05, 'epoch': 5.29}
{'loss': 0.4253, 'learning_rate': 5.01495916987413e-05, 'epoch': 5.29}
{'loss': 0.4009, 'learning_rate': 5.010629096015812e-05, 'epoch': 5.3}
{'loss': 0.4066, 'learning_rate': 5.006299022157496e-05, 'epoch': 5.3}
{'loss': 0.4232, 'learning_rate': 5.001968948299178e-05, 'epoch': 5.3}
{'loss': 0.4174, 'learning_rate': 4.997638874440862e-05, 'epoch': 5.31}
{'loss': 0.4653, 'learning_rate': 4.9933088005825444e-05, 'epoch': 5.31}
{'loss': 0.4151, 'learning_rate': 4.988978726724228e-05, 'epoch': 5.32}
{'loss': 0.4151, 'learning_rate': 4.9846486528659113e-05, 'epoch': 5.32}
{'loss': 0.4057, 'learning_rate': 4.980318579007594e-05, 'epoch': 5.33}
{'loss': 0.4153, 'learning_rate': 4.976075106626444e-05, 'epoch': 5.33}
{'loss': 0.3963, 'learning_rate': 4.971745032768127e-05, 'epoch': 5.33}
{'loss': 0.4189, 'learning_rate': 4.96741495890981e-05, 'epoch': 5.34}
{'loss': 0.4143, 'learning_rate': 4.9630848850514934e-05, 'epoch': 5.34}
{'loss': 0.4193, 'learning_rate': 4.9587548111931755e-05, 'epoch': 5.35}
{'loss': 0.3947, 'learning_rate': 4.954424737334859e-05, 'epoch': 5.35}
{'loss': 0.4444, 'learning_rate': 4.9500946634765425e-05, 'epoch': 5.35}
{'loss': 0.4437, 'learning_rate': 4.945764589618225e-05, 'epoch': 5.36}
{'loss': 0.4088, 'learning_rate': 4.941434515759909e-05, 'epoch': 5.36}
{'loss': 0.401, 'learning_rate': 4.937104441901592e-05, 'epoch': 5.37}
{'loss': 0.4266, 'learning_rate': 4.932774368043275e-05, 'epoch': 5.37}
{'loss': 0.4112, 'learning_rate': 4.9284442941849585e-05, 'epoch': 5.37}
{'loss': 0.4201, 'learning_rate': 4.924114220326642e-05, 'epoch': 5.38}
{'loss': 0.4308, 'learning_rate': 4.919784146468324e-05, 'epoch': 5.38}
{'loss': 0.4015, 'learning_rate': 4.9154540726100076e-05, 'epoch': 5.39}
{'loss': 0.4091, 'learning_rate': 4.9111239987516904e-05, 'epoch': 5.39}
{'loss': 0.437, 'learning_rate': 4.906793924893374e-05, 'epoch': 5.39}
{'loss': 0.4137, 'learning_rate': 4.902463851035057e-05, 'epoch': 5.4}
{'loss': 0.4383, 'learning_rate': 4.8981337771767395e-05, 'epoch': 5.4}
{'loss': 0.4111, 'learning_rate': 4.8938037033184236e-05, 'epoch': 5.41}
{'loss': 0.4043, 'learning_rate': 4.889473629460107e-05, 'epoch': 5.41}
{'loss': 0.3985, 'learning_rate': 4.885143555601789e-05, 'epoch': 5.41}
{'loss': 0.4131, 'learning_rate': 4.880813481743473e-05, 'epoch': 5.42}
{'loss': 0.4125, 'learning_rate': 4.876483407885156e-05, 'epoch': 5.42}
{'loss': 0.4252, 'learning_rate': 4.872153334026839e-05, 'epoch': 5.43}
{'loss': 0.3837, 'learning_rate': 4.8678232601685224e-05, 'epoch': 5.43}
{'loss': 0.4327, 'learning_rate': 4.863493186310206e-05, 'epoch': 5.44}
{'loss': 0.4344, 'learning_rate': 4.859163112451888e-05, 'epoch': 5.44}
{'loss': 0.4398, 'learning_rate': 4.8548330385935715e-05, 'epoch': 5.44}
{'loss': 0.4102, 'learning_rate': 4.850502964735254e-05, 'epoch': 5.45}
{'loss': 0.4367, 'learning_rate': 4.846172890876938e-05, 'epoch': 5.45}
{'loss': 0.4073, 'learning_rate': 4.841842817018621e-05, 'epoch': 5.46}
{'loss': 0.4162, 'learning_rate': 4.837512743160304e-05, 'epoch': 5.46}
{'loss': 0.4291, 'learning_rate': 4.8331826693019875e-05, 'epoch': 5.46}
{'loss': 0.4263, 'learning_rate': 4.828852595443671e-05, 'epoch': 5.47}
{'loss': 0.4183, 'learning_rate': 4.824522521585353e-05, 'epoch': 5.47}
{'loss': 0.3999, 'learning_rate': 4.8201924477270366e-05, 'epoch': 5.48}
{'loss': 0.4105, 'learning_rate': 4.81586237386872e-05, 'epoch': 5.48}
{'loss': 0.4189, 'learning_rate': 4.811532300010403e-05, 'epoch': 5.48}
{'loss': 0.4432, 'learning_rate': 4.8072022261520863e-05, 'epoch': 5.49}
{'loss': 0.4234, 'learning_rate': 4.8028721522937685e-05, 'epoch': 5.49}
{'loss': 0.4091, 'learning_rate': 4.798542078435452e-05, 'epoch': 5.5}
{'loss': 0.4252, 'learning_rate': 4.794212004577136e-05, 'epoch': 5.5}
{'loss': 0.4454, 'learning_rate': 4.789881930718818e-05, 'epoch': 5.5}
{'loss': 0.3942, 'learning_rate': 4.785551856860502e-05, 'epoch': 5.51}
{'loss': 0.4113, 'learning_rate': 4.781221783002185e-05, 'epoch': 5.51}
{'loss': 0.4231, 'learning_rate': 4.776891709143868e-05, 'epoch': 5.52}
{'loss': 0.424, 'learning_rate': 4.7725616352855514e-05, 'epoch': 5.52}
{'loss': 0.4084, 'learning_rate': 4.768231561427235e-05, 'epoch': 5.52}
{'loss': 0.3985, 'learning_rate': 4.763901487568917e-05, 'epoch': 5.53}
{'loss': 0.3934, 'learning_rate': 4.7595714137106005e-05, 'epoch': 5.53}
{'loss': 0.4065, 'learning_rate': 4.755241339852283e-05, 'epoch': 5.54}
{'loss': 0.4264, 'learning_rate': 4.750911265993967e-05, 'epoch': 5.54}
{'loss': 0.3962, 'learning_rate': 4.74658119213565e-05, 'epoch': 5.55}
{'loss': 0.4019, 'learning_rate': 4.7422511182773324e-05, 'epoch': 5.55}
{'loss': 0.409, 'learning_rate': 4.7379210444190165e-05, 'epoch': 5.55}
{'loss': 0.389, 'learning_rate': 4.7335909705607e-05, 'epoch': 5.56}
{'loss': 0.4127, 'learning_rate': 4.729260896702382e-05, 'epoch': 5.56}
{'loss': 0.4215, 'learning_rate': 4.7249308228440656e-05, 'epoch': 5.57}
{'loss': 0.4129, 'learning_rate': 4.720600748985749e-05, 'epoch': 5.57}
{'loss': 0.4087, 'learning_rate': 4.716270675127432e-05, 'epoch': 5.57}
{'loss': 0.4489, 'learning_rate': 4.7119406012691154e-05, 'epoch': 5.58}
{'loss': 0.4022, 'learning_rate': 4.707610527410799e-05, 'epoch': 5.58}
{'loss': 0.452, 'learning_rate': 4.703280453552481e-05, 'epoch': 5.59}
{'loss': 0.3965, 'learning_rate': 4.6989503796941644e-05, 'epoch': 5.59}
{'loss': 0.388, 'learning_rate': 4.694620305835847e-05, 'epoch': 5.59}
{'loss': 0.4197, 'learning_rate': 4.690290231977531e-05, 'epoch': 5.6}
{'loss': 0.4166, 'learning_rate': 4.685960158119214e-05, 'epoch': 5.6}
{'loss': 0.418, 'learning_rate': 4.681630084260897e-05, 'epoch': 5.61}
{'loss': 0.4246, 'learning_rate': 4.6773000104025804e-05, 'epoch': 5.61}
{'loss': 0.464, 'learning_rate': 4.672969936544264e-05, 'epoch': 5.61}
{'loss': 0.4186, 'learning_rate': 4.668639862685946e-05, 'epoch': 5.62}
{'loss': 0.4279, 'learning_rate': 4.6643097888276295e-05, 'epoch': 5.62}
{'loss': 0.4168, 'learning_rate': 4.659979714969313e-05, 'epoch': 5.63}
{'loss': 0.4545, 'learning_rate': 4.655649641110996e-05, 'epoch': 5.63}
{'loss': 0.4166, 'learning_rate': 4.651319567252679e-05, 'epoch': 5.63}
{'loss': 0.4209, 'learning_rate': 4.647076094871528e-05, 'epoch': 5.64}
{'loss': 0.4171, 'learning_rate': 4.6428326224903777e-05, 'epoch': 5.64}
{'loss': 0.3909, 'learning_rate': 4.638502548632061e-05, 'epoch': 5.65}
{'loss': 0.4086, 'learning_rate': 4.634172474773744e-05, 'epoch': 5.65}
{'loss': 0.416, 'learning_rate': 4.6298424009154274e-05, 'epoch': 5.66}
{'loss': 0.4301, 'learning_rate': 4.625512327057111e-05, 'epoch': 5.66}
{'loss': 0.3932, 'learning_rate': 4.621182253198793e-05, 'epoch': 5.66}
{'loss': 0.412, 'learning_rate': 4.6168521793404765e-05, 'epoch': 5.67}
{'loss': 0.4058, 'learning_rate': 4.6125221054821606e-05, 'epoch': 5.67}
{'loss': 0.421, 'learning_rate': 4.608192031623843e-05, 'epoch': 5.68}
{'loss': 0.4038, 'learning_rate': 4.603861957765526e-05, 'epoch': 5.68}
{'loss': 0.397, 'learning_rate': 4.59953188390721e-05, 'epoch': 5.68}
{'loss': 0.3902, 'learning_rate': 4.5952018100488925e-05, 'epoch': 5.69}
{'loss': 0.4371, 'learning_rate': 4.590871736190576e-05, 'epoch': 5.69}
{'loss': 0.3962, 'learning_rate': 4.586541662332258e-05, 'epoch': 5.7}
{'loss': 0.4098, 'learning_rate': 4.5822115884739416e-05, 'epoch': 5.7}
{'loss': 0.3857, 'learning_rate': 4.577881514615625e-05, 'epoch': 5.7}
{'loss': 0.3846, 'learning_rate': 4.573551440757308e-05, 'epoch': 5.71}
{'loss': 0.4317, 'learning_rate': 4.569221366898991e-05, 'epoch': 5.71}
{'loss': 0.454, 'learning_rate': 4.564891293040675e-05, 'epoch': 5.72}
{'loss': 0.4325, 'learning_rate': 4.560561219182357e-05, 'epoch': 5.72}
{'loss': 0.3883, 'learning_rate': 4.556231145324041e-05, 'epoch': 5.72}
{'loss': 0.432, 'learning_rate': 4.5519010714657245e-05, 'epoch': 5.73}
{'loss': 0.3965, 'learning_rate': 4.547570997607407e-05, 'epoch': 5.73}
{'loss': 0.4118, 'learning_rate': 4.54324092374909e-05, 'epoch': 5.74}
{'loss': 0.4311, 'learning_rate': 4.5389108498907736e-05, 'epoch': 5.74}
{'loss': 0.3963, 'learning_rate': 4.5345807760324564e-05, 'epoch': 5.74}
{'loss': 0.4294, 'learning_rate': 4.53025070217414e-05, 'epoch': 5.75}
{'loss': 0.4265, 'learning_rate': 4.525920628315822e-05, 'epoch': 5.75}
{'loss': 0.4092, 'learning_rate': 4.5215905544575055e-05, 'epoch': 5.76}
{'loss': 0.3917, 'learning_rate': 4.517260480599189e-05, 'epoch': 5.76}
{'loss': 0.4241, 'learning_rate': 4.512930406740872e-05, 'epoch': 5.77}
{'loss': 0.436, 'learning_rate': 4.508600332882555e-05, 'epoch': 5.77}
{'loss': 0.3969, 'learning_rate': 4.504270259024239e-05, 'epoch': 5.77}
{'loss': 0.4246, 'learning_rate': 4.4999401851659215e-05, 'epoch': 5.78}
{'loss': 0.4155, 'learning_rate': 4.495610111307605e-05, 'epoch': 5.78}
{'loss': 0.4087, 'learning_rate': 4.4912800374492885e-05, 'epoch': 5.79}
{'loss': 0.4098, 'learning_rate': 4.4869499635909706e-05, 'epoch': 5.79}
{'loss': 0.3942, 'learning_rate': 4.482619889732654e-05, 'epoch': 5.79}
{'loss': 0.4366, 'learning_rate': 4.478289815874337e-05, 'epoch': 5.8}
{'loss': 0.4178, 'learning_rate': 4.47395974201602e-05, 'epoch': 5.8}
{'loss': 0.407, 'learning_rate': 4.469629668157704e-05, 'epoch': 5.81}
{'loss': 0.4456, 'learning_rate': 4.465299594299386e-05, 'epoch': 5.81}
{'loss': 0.4368, 'learning_rate': 4.4609695204410694e-05, 'epoch': 5.81}
{'loss': 0.3764, 'learning_rate': 4.4566394465827536e-05, 'epoch': 5.82}
{'loss': 0.4073, 'learning_rate': 4.452309372724436e-05, 'epoch': 5.82}
{'loss': 0.4063, 'learning_rate': 4.447979298866119e-05, 'epoch': 5.83}
{'loss': 0.4324, 'learning_rate': 4.4436492250078026e-05, 'epoch': 5.83}
{'loss': 0.4409, 'learning_rate': 4.4393191511494854e-05, 'epoch': 5.83}
{'loss': 0.4034, 'learning_rate': 4.434989077291169e-05, 'epoch': 5.84}
{'loss': 0.3926, 'learning_rate': 4.430659003432851e-05, 'epoch': 5.84}
{'loss': 0.4245, 'learning_rate': 4.4263289295745345e-05, 'epoch': 5.85}
{'loss': 0.3998, 'learning_rate': 4.421998855716218e-05, 'epoch': 5.85}
{'loss': 0.3894, 'learning_rate': 4.417668781857901e-05, 'epoch': 5.85}
{'loss': 0.4359, 'learning_rate': 4.413338707999584e-05, 'epoch': 5.86}
{'loss': 0.4149, 'learning_rate': 4.409008634141268e-05, 'epoch': 5.86}
{'loss': 0.4351, 'learning_rate': 4.40467856028295e-05, 'epoch': 5.87}
{'loss': 0.3922, 'learning_rate': 4.400348486424634e-05, 'epoch': 5.87}
{'loss': 0.4213, 'learning_rate': 4.3960184125663175e-05, 'epoch': 5.88}
{'loss': 0.4349, 'learning_rate': 4.3916883387079996e-05, 'epoch': 5.88}
{'loss': 0.3977, 'learning_rate': 4.387358264849683e-05, 'epoch': 5.88}
{'loss': 0.4252, 'learning_rate': 4.3830281909913665e-05, 'epoch': 5.89}
{'loss': 0.4315, 'learning_rate': 4.3786981171330493e-05, 'epoch': 5.89}
{'loss': 0.4306, 'learning_rate': 4.374368043274733e-05, 'epoch': 5.9}
{'loss': 0.4137, 'learning_rate': 4.370037969416415e-05, 'epoch': 5.9}
{'loss': 0.4203, 'learning_rate': 4.3657078955580984e-05, 'epoch': 5.9}
{'loss': 0.4534, 'learning_rate': 4.361377821699782e-05, 'epoch': 5.91}
{'loss': 0.4217, 'learning_rate': 4.357047747841465e-05, 'epoch': 5.91}
{'loss': 0.4351, 'learning_rate': 4.352717673983148e-05, 'epoch': 5.92}
{'loss': 0.4301, 'learning_rate': 4.3483876001248316e-05, 'epoch': 5.92}
{'loss': 0.3966, 'learning_rate': 4.3440575262665144e-05, 'epoch': 5.92}
{'loss': 0.421, 'learning_rate': 4.339727452408198e-05, 'epoch': 5.93}
{'loss': 0.3881, 'learning_rate': 4.3353973785498814e-05, 'epoch': 5.93}
{'loss': 0.4247, 'learning_rate': 4.3310673046915635e-05, 'epoch': 5.94}
{'loss': 0.4157, 'learning_rate': 4.326737230833247e-05, 'epoch': 5.94}
{'loss': 0.4214, 'learning_rate': 4.32240715697493e-05, 'epoch': 5.94}
{'loss': 0.4071, 'learning_rate': 4.318077083116613e-05, 'epoch': 5.95}
{'loss': 0.4179, 'learning_rate': 4.313747009258297e-05, 'epoch': 5.95}
{'loss': 0.4406, 'learning_rate': 4.309416935399979e-05, 'epoch': 5.96}
{'loss': 0.4129, 'learning_rate': 4.305086861541663e-05, 'epoch': 5.96}
{'loss': 0.3892, 'learning_rate': 4.3007567876833465e-05, 'epoch': 5.96}
{'loss': 0.3905, 'learning_rate': 4.2964267138250286e-05, 'epoch': 5.97}
{'loss': 0.4161, 'learning_rate': 4.292096639966712e-05, 'epoch': 5.97}
{'loss': 0.4168, 'learning_rate': 4.2877665661083956e-05, 'epoch': 5.98}
{'loss': 0.4038, 'learning_rate': 4.2834364922500783e-05, 'epoch': 5.98}
{'loss': 0.3925, 'learning_rate': 4.279106418391762e-05, 'epoch': 5.99}
{'loss': 0.4117, 'learning_rate': 4.274776344533444e-05, 'epoch': 5.99}
{'loss': 0.4112, 'learning_rate': 4.2704462706751274e-05, 'epoch': 5.99}
{'loss': 0.382, 'learning_rate': 4.266116196816811e-05, 'epoch': 6.0}
[INFO|trainer.py:520] 2026-10-04 15:52:25,282 >> The following columns in the evaluation set  don't have a corresponding argument in `PETLEncModel.forward` and have been ignored: idx, hypothesis, premise.
[INFO|trainer.py:2179] 2026-10-04 15:52:25,284 >> ***** Running Evaluation *****
[INFO|trainer.py:2181] 2026-10-04 15:52:25,284 >>   Num examples = 9815
[INFO|trainer.py:2184] 2026-10-04 15:52:25,284 >>   Batch size = 32
{'eval_loss': 0.393952876329422, 'eval_accuracy': 0.8565461029037188, 'eval_runtime': 14.7679, 'eval_samples_per_second': 664.615, 'eval_steps_per_second': 20.788, 'epoch': 6.0}
[INFO|trainer.py:1933] 2026-10-04 15:52:40,053 >> Saving model checkpoint to checkpoints/glue/mnli/20261004/glue.mnli.prefix.am_prefix.ao_concat.fm_none.fo_parallel.abn.fbn.ac_add.fl_none.finit_lora.fs_4.unfrz_ef_.ne10.warm0.06.wd0.1.seed4./checkpoint-73632
[INFO|configuration_utils.py:364] 2026-10-04 15:52:40,055 >> Configuration saved in checkpoints/glue/mnli/20261004/glue.mnli.prefix.am_prefix.ao_concat.fm_none.fo_parallel.abn.fbn.ac_add.fl_none.finit_lora.fs_4.unfrz_ef_.ne10.warm0.06.wd0.1.seed4./checkpoint-73632/config.json
[INFO|modeling_utils.py:898] 2026-10-04 15:52:40,413 >> Model weights saved in checkpoints/glue/mnli/20261004/glue.mnli.prefix.am_prefix.ao_concat.fm_none.fo_parallel.abn.fbn.ac_add.fl_none.finit_lora.fs_4.unfrz_ef_.ne10.warm0.06.wd0.1.seed4./checkpoint-73632/pytorch_model.bin
[INFO|tokenization_utils_base.py:1948] 2026-10-04 15:52:40,414 >> tokenizer config file saved in checkpoints/glue/mnli/20261004/glue.mnli.prefix.am_prefix.ao_concat.fm_none.fo_parallel.abn.fbn.ac_add.fl_none.finit_lora.fs_4.unfrz_ef_.ne10.warm0.06.wd0.1.seed4./checkpoint-73632/tokenizer_config.json
[INFO|tokenization_utils_base.py:1954] 2026-10-04 15:52:40,415 >> Special tokens file saved in checkpoints/glue/mnli/20261004/glue.mnli.prefix.am_prefix.ao_concat.fm_none.fo_parallel.abn.fbn.ac_add.fl_none.finit_lora.fs_4.unfrz_ef_.ne10.warm0.06.wd0.1.seed4./checkpoint-73632/special_tokens_map.json
[INFO|trainer.py:2009] 2026-10-04 15:52:40,542 >> Deleting older checkpoint [checkpoints/glue/mnli/20261004/glue.mnli.prefix.am_prefix.ao_concat.fm_none.fo_parallel.abn.fbn.ac_add.fl_none.finit_lora.fs_4.unfrz_ef_.ne10.warm0.06.wd0.1.seed4./checkpoint-49088] due to args.save_total_limit
/work/unify-parameter-efficient-tuning/src/transformers/trainer.py:1784: FutureWarning: `torch.cuda.amp.autocast(args...)` is deprecated. Please use `torch.amp.autocast('cuda', args...)` instead.
  with autocast():
{'loss': 0.3855, 'learning_rate': 4.261786122958494e-05, 'epoch': 6.0}
{'loss': 0.4087, 'learning_rate': 4.257456049100177e-05, 'epoch': 6.01}
{'loss': 0.4049, 'learning_rate': 4.2531259752418606e-05, 'epoch': 6.01}
{'loss': 0.4167, 'learning_rate': 4.2488825028607095e-05, 'epoch': 6.01}
{'loss': 0.4053, 'learning_rate': 4.244639030479559e-05, 'epoch': 6.02}
{'loss': 0.3955, 'learning_rate': 4.2403089566212425e-05, 'epoch': 6.02}
{'loss': 0.4332, 'learning_rate': 4.235978882762925e-05, 'epoch': 6.03}
{'loss': 0.3971, 'learning_rate': 4.231648808904609e-05, 'epoch': 6.03}
{'loss': 0.4136, 'learning_rate': 4.227318735046292e-05, 'epoch': 6.03}
{'loss': 0.3856, 'learning_rate': 4.222988661187975e-05, 'epoch': 6.04}
{'loss': 0.41, 'learning_rate': 4.2186585873296585e-05, 'epoch': 6.04}
{'loss': 0.4145, 'learning_rate': 4.2143285134713407e-05, 'epoch': 6.05}
{'loss': 0.414, 'learning_rate': 4.209998439613024e-05, 'epoch': 6.05}
{'loss': 0.3831, 'learning_rate': 4.2056683657547076e-05, 'epoch': 6.05}
{'loss': 0.4499, 'learning_rate': 4.2013382918963904e-05, 'epoch': 6.06}
{'loss': 0.3871, 'learning_rate': 4.197008218038074e-05, 'epoch': 6.06}
{'loss': 0.4158, 'learning_rate': 4.1926781441797574e-05, 'epoch': 6.07}
{'loss': 0.4019, 'learning_rate': 4.1883480703214395e-05, 'epoch': 6.07}
{'loss': 0.3635, 'learning_rate': 4.184017996463123e-05, 'epoch': 6.07}
{'loss': 0.4017, 'learning_rate': 4.179687922604807e-05, 'epoch': 6.08}
{'loss': 0.4413, 'learning_rate': 4.175357848746489e-05, 'epoch': 6.08}
{'loss': 0.408, 'learning_rate': 4.171027774888173e-05, 'epoch': 6.09}
{'loss': 0.379, 'learning_rate': 4.166697701029856e-05, 'epoch': 6.09}
{'loss': 0.4117, 'learning_rate': 4.162367627171539e-05, 'epoch': 6.1}
{'loss': 0.384, 'learning_rate': 4.1580375533132224e-05, 'epoch': 6.1}
{'loss': 0.382, 'learning_rate': 4.1537074794549046e-05, 'epoch': 6.1}
{'loss': 0.3954, 'learning_rate': 4.149377405596588e-05, 'epoch': 6.11}
{'loss': 0.4308, 'learning_rate': 4.1450473317382715e-05, 'epoch': 6.11}
{'loss': 0.3956, 'learning_rate': 4.140717257879954e-05, 'epoch': 6.12}
{'loss': 0.4067, 'learning_rate': 4.136387184021638e-05, 'epoch': 6.12}
{'loss': 0.419, 'learning_rate': 4.132057110163321e-05, 'epoch': 6.12}
{'loss': 0.4123, 'learning_rate': 4.1277270363050034e-05, 'epoch': 6.13}
{'loss': 0.4233, 'learning_rate': 4.1233969624466875e-05, 'epoch': 6.13}
{'loss': 0.4146, 'learning_rate': 4.119066888588371e-05, 'epoch': 6.14}
{'loss': 0.3964, 'learning_rate': 4.114736814730053e-05, 'epoch': 6.14}
{'loss': 0.3974, 'learning_rate': 4.1104067408717366e-05, 'epoch': 6.14}
{'loss': 0.4141, 'learning_rate': 4.1060766670134194e-05, 'epoch': 6.15}
{'loss': 0.4262, 'learning_rate': 4.101746593155103e-05, 'epoch': 6.15}
{'loss': 0.4084, 'learning_rate': 4.0974165192967864e-05, 'epoch': 6.16}
{'loss': 0.4136, 'learning_rate': 4.0930864454384685e-05, 'epoch': 6.16}
{'loss': 0.3933, 'learning_rate': 4.088756371580152e-05, 'epoch': 6.16}
{'loss': 0.4095, 'learning_rate': 4.0844262977218354e-05, 'epoch': 6.17}
{'loss': 0.4092, 'learning_rate': 4.080096223863518e-05, 'epoch': 6.17}
{'loss': 0.4069, 'learning_rate': 4.075766150005202e-05, 'epoch': 6.18}
{'loss': 0.4064, 'learning_rate': 4.071436076146885e-05, 'epoch': 6.18}
{'loss': 0.4149, 'learning_rate': 4.067106002288568e-05, 'epoch': 6.18}
{'loss': 0.4294, 'learning_rate': 4.0627759284302515e-05, 'epoch': 6.19}
{'loss': 0.3688, 'learning_rate': 4.0584458545719336e-05, 'epoch': 6.19}
{'loss': 0.3791, 'learning_rate': 4.054115780713617e-05, 'epoch': 6.2}
{'loss': 0.4026, 'learning_rate': 4.0497857068553005e-05, 'epoch': 6.2}
{'loss': 0.4136, 'learning_rate': 4.045455632996983e-05, 'epoch': 6.21}
{'loss': 0.4312, 'learning_rate': 4.041125559138667e-05, 'epoch': 6.21}
{'loss': 0.4204, 'learning_rate': 4.03679548528035e-05, 'epoch': 6.21}
{'loss': 0.4061, 'learning_rate': 4.0324654114220324e-05, 'epoch': 6.22}
{'loss': 0.4321, 'learning_rate': 4.028135337563716e-05, 'epoch': 6.22}
{'loss': 0.4378, 'learning_rate': 4.0238052637054e-05, 'epoch': 6.23}
{'loss': 0.4176, 'learning_rate': 4.019475189847082e-05, 'epoch': 6.23}
{'loss': 0.4119, 'learning_rate': 4.0151451159887656e-05, 'epoch': 6.23}
{'loss': 0.3761, 'learning_rate': 4.010815042130449e-05, 'epoch': 6.24}
{'loss': 0.4129, 'learning_rate': 4.006484968272132e-05, 'epoch': 6.24}
{'loss': 0.4144, 'learning_rate': 4.0021548944138154e-05, 'epoch': 6.25}
{'loss': 0.3874, 'learning_rate': 3.9978248205554975e-05, 'epoch': 6.25}
{'loss': 0.3826, 'learning_rate': 3.993494746697181e-05, 'epoch': 6.25}
{'loss': 0.3991, 'learning_rate': 3.9891646728388644e-05, 'epoch': 6.26}
{'loss': 0.3925, 'learning_rate': 3.984834598980547e-05, 'epoch': 6.26}
{'loss': 0.3863, 'learning_rate': 3.980504525122231e-05, 'epoch': 6.27}
{'loss': 0.4233, 'learning_rate': 3.976174451263914e-05, 'epoch': 6.27}
{'loss': 0.3924, 'learning_rate': 3.971844377405596e-05, 'epoch': 6.27}
{'loss': 0.3965, 'learning_rate': 3.9675143035472805e-05, 'epoch': 6.28}
{'loss': 0.4088, 'learning_rate': 3.963184229688964e-05, 'epoch': 6.28}
{'loss': 0.3824, 'learning_rate': 3.958854155830646e-05, 'epoch': 6.29}
{'loss': 0.4094, 'learning_rate': 3.9545240819723295e-05, 'epoch': 6.29}
{'loss': 0.4169, 'learning_rate': 3.950194008114012e-05, 'epoch': 6.29}
{'loss': 0.4441, 'learning_rate': 3.945863934255696e-05, 'epoch': 6.3}
{'loss': 0.3999, 'learning_rate': 3.941533860397379e-05, 'epoch': 6.3}
{'loss': 0.4348, 'learning_rate': 3.9372037865390614e-05, 'epoch': 6.31}
{'loss': 0.3883, 'learning_rate': 3.932873712680745e-05, 'epoch': 6.31}
{'loss': 0.3986, 'learning_rate': 3.9285436388224284e-05, 'epoch': 6.32}
{'loss': 0.3775, 'learning_rate': 3.924213564964111e-05, 'epoch': 6.32}
{'loss': 0.3707, 'learning_rate': 3.9198834911057946e-05, 'epoch': 6.32}
{'loss': 0.391, 'learning_rate': 3.915553417247478e-05, 'epoch': 6.33}
{'loss': 0.4002, 'learning_rate': 3.911223343389161e-05, 'epoch': 6.33}
{'loss': 0.4349, 'learning_rate': 3.9068932695308444e-05, 'epoch': 6.34}
{'loss': 0.3983, 'learning_rate': 3.9025631956725265e-05, 'epoch': 6.34}
{'loss': 0.4195, 'learning_rate': 3.89823312181421e-05, 'epoch': 6.34}
{'loss': 0.4012, 'learning_rate': 3.8939030479558935e-05, 'epoch': 6.35}
{'loss': 0.4098, 'learning_rate': 3.889572974097576e-05, 'epoch': 6.35}
{'loss': 0.4088, 'learning_rate': 3.88524290023926e-05, 'epoch': 6.36}
{'loss': 0.3897, 'learning_rate': 3.880912826380943e-05, 'epoch': 6.36}
{'loss': 0.39, 'learning_rate': 3.876582752522625e-05, 'epoch': 6.36}
{'loss': 0.4195, 'learning_rate': 3.872252678664309e-05, 'epoch': 6.37}
{'loss': 0.3837, 'learning_rate': 3.867922604805993e-05, 'epoch': 6.37}
{'loss': 0.3962, 'learning_rate': 3.863592530947675e-05, 'epoch': 6.38}
{'loss': 0.4178, 'learning_rate': 3.8592624570893585e-05, 'epoch': 6.38}
{'loss': 0.3864, 'learning_rate': 3.854932383231042e-05, 'epoch': 6.38}
{'loss': 0.378, 'learning_rate': 3.850602309372725e-05, 'epoch': 6.39}
{'loss': 0.4025, 'learning_rate': 3.846272235514408e-05, 'epoch': 6.39}
{'loss': 0.4276, 'learning_rate': 3.8419421616560904e-05, 'epoch': 6.4}
{'loss': 0.3919, 'learning_rate': 3.837612087797774e-05, 'epoch': 6.4}
{'loss': 0.4132, 'learning_rate': 3.8332820139394574e-05, 'epoch': 6.4}
{'loss': 0.4118, 'learning_rate': 3.82895194008114e-05, 'epoch': 6.41}
{'loss': 0.3987, 'learning_rate': 3.82470846769999e-05, 'epoch': 6.41}
{'loss': 0.4189, 'learning_rate': 3.820378393841673e-05, 'epoch': 6.42}
{'loss': 0.4089, 'learning_rate': 3.816048319983356e-05, 'epoch': 6.42}
{'loss': 0.3945, 'learning_rate': 3.8117182461250394e-05, 'epoch': 6.43}
{'loss': 0.4228, 'learning_rate': 3.807388172266723e-05, 'epoch': 6.43}
{'loss': 0.4267, 'learning_rate': 3.803058098408405e-05, 'epoch': 6.43}
{'loss': 0.3848, 'learning_rate': 3.798728024550089e-05, 'epoch': 6.44}
{'loss': 0.4118, 'learning_rate': 3.794397950691771e-05, 'epoch': 6.44}
{'loss': 0.402, 'learning_rate': 3.790067876833455e-05, 'epoch': 6.45}
{'loss': 0.3968, 'learning_rate': 3.785737802975138e-05, 'epoch': 6.45}
{'loss': 0.3817, 'learning_rate': 3.781407729116821e-05, 'epoch': 6.45}
{'loss': 0.4114, 'learning_rate': 3.7770776552585045e-05, 'epoch': 6.46}
{'loss': 0.4121, 'learning_rate': 3.772747581400188e-05, 'epoch': 6.46}
{'loss': 0.4208, 'learning_rate': 3.76841750754187e-05, 'epoch': 6.47}
{'loss': 0.3879, 'learning_rate': 3.7640874336835536e-05, 'epoch': 6.47}
{'loss': 0.3786, 'learning_rate': 3.759757359825238e-05, 'epoch': 6.47}
{'loss': 0.3787, 'learning_rate': 3.75542728596692e-05, 'epoch': 6.48}
{'loss': 0.4373, 'learning_rate': 3.7510972121086034e-05, 'epoch': 6.48}
{'loss': 0.3863, 'learning_rate': 3.746767138250287e-05, 'epoch': 6.49}
{'loss': 0.4098, 'learning_rate': 3.7424370643919696e-05, 'epoch': 6.49}
{'loss': 0.4498, 'learning_rate': 3.738106990533653e-05, 'epoch': 6.49}
{'loss': 0.4068, 'learning_rate': 3.733776916675335e-05, 'epoch': 6.5}
{'loss': 0.4291, 'learning_rate': 3.729446842817019e-05, 'epoch': 6.5}
{'loss': 0.4222, 'learning_rate': 3.725116768958702e-05, 'epoch': 6.51}
{'loss': 0.4019, 'learning_rate': 3.720786695100385e-05, 'epoch': 6.51}
{'loss': 0.4119, 'learning_rate': 3.7164566212420685e-05, 'epoch': 6.51}
{'loss': 0.4182, 'learning_rate': 3.712126547383752e-05, 'epoch': 6.52}
{'loss': 0.3999, 'learning_rate': 3.707796473525434e-05, 'epoch': 6.52}
{'loss': 0.416, 'learning_rate': 3.703466399667118e-05, 'epoch': 6.53}
{'loss': 0.4195, 'learning_rate': 3.699136325808802e-05, 'epoch': 6.53}
{'loss': 0.3949, 'learning_rate': 3.694806251950484e-05, 'epoch': 6.54}
{'loss': 0.4142, 'learning_rate': 3.690476178092167e-05, 'epoch': 6.54}
{'loss': 0.4163, 'learning_rate': 3.68614610423385e-05, 'epoch': 6.54}
{'loss': 0.3957, 'learning_rate': 3.6818160303755336e-05, 'epoch': 6.55}
{'loss': 0.4037, 'learning_rate': 3.677485956517217e-05, 'epoch': 6.55}
{'loss': 0.4299, 'learning_rate': 3.673155882658899e-05, 'epoch': 6.56}
{'loss': 0.3783, 'learning_rate': 3.6688258088005826e-05, 'epoch': 6.56}
{'loss': 0.4151, 'learning_rate': 3.664495734942266e-05, 'epoch': 6.56}
{'loss': 0.4113, 'learning_rate': 3.660165661083949e-05, 'epoch': 6.57}
{'loss': 0.4168, 'learning_rate': 3.6558355872256324e-05, 'epoch': 6.57}
{'loss': 0.4363, 'learning_rate': 3.651505513367316e-05, 'epoch': 6.58}
{'loss': 0.3885, 'learning_rate': 3.6471754395089986e-05, 'epoch': 6.58}
{'loss': 0.3999, 'learning_rate': 3.642845365650682e-05, 'epoch': 6.58}
{'loss': 0.3823, 'learning_rate': 3.6386018932695317e-05, 'epoch': 6.59}
{'loss': 0.427, 'learning_rate': 3.6342718194112145e-05, 'epoch': 6.59}
{'loss': 0.4347, 'learning_rate': 3.629941745552898e-05, 'epoch': 6.6}
{'loss': 0.4143, 'learning_rate': 3.62561167169458e-05, 'epoch': 6.6}
{'loss': 0.4255, 'learning_rate': 3.6212815978362635e-05, 'epoch': 6.6}
{'loss': 0.4242, 'learning_rate': 3.616951523977947e-05, 'epoch': 6.61}
{'loss': 0.4221, 'learning_rate': 3.61262145011963e-05, 'epoch': 6.61}
{'loss': 0.3887, 'learning_rate': 3.608291376261313e-05, 'epoch': 6.62}
{'loss': 0.4149, 'learning_rate': 3.603961302402997e-05, 'epoch': 6.62}
{'loss': 0.3816, 'learning_rate': 3.599631228544679e-05, 'epoch': 6.62}
{'loss': 0.3839, 'learning_rate': 3.5953011546863623e-05, 'epoch': 6.63}
{'loss': 0.4081, 'learning_rate': 3.5909710808280465e-05, 'epoch': 6.63}
{'loss': 0.3905, 'learning_rate': 3.5866410069697286e-05, 'epoch': 6.64}
{'loss': 0.3997, 'learning_rate': 3.582310933111412e-05, 'epoch': 6.64}
{'loss': 0.449, 'learning_rate': 3.577980859253095e-05, 'epoch': 6.65}
{'loss': 0.407, 'learning_rate': 3.5736507853947784e-05, 'epoch': 6.65}
{'loss': 0.4022, 'learning_rate': 3.569320711536462e-05, 'epoch': 6.65}
{'loss': 0.4049, 'learning_rate': 3.564990637678144e-05, 'epoch': 6.66}
{'loss': 0.3758, 'learning_rate': 3.5606605638198274e-05, 'epoch': 6.66}
{'loss': 0.426, 'learning_rate': 3.556330489961511e-05, 'epoch': 6.67}
{'loss': 0.3921, 'learning_rate': 3.552000416103194e-05, 'epoch': 6.67}
{'loss': 0.4074, 'learning_rate': 3.547670342244877e-05, 'epoch': 6.67}
{'loss': 0.3808, 'learning_rate': 3.543340268386561e-05, 'epoch': 6.68}
{'loss': 0.4045, 'learning_rate': 3.539010194528243e-05, 'epoch': 6.68}
{'loss': 0.3999, 'learning_rate': 3.534680120669927e-05, 'epoch': 6.69}
{'loss': 0.3726, 'learning_rate': 3.530350046811609e-05, 'epoch': 6.69}
{'loss': 0.3956, 'learning_rate': 3.5260199729532925e-05, 'epoch': 6.69}
{'loss': 0.4013, 'learning_rate': 3.521689899094976e-05, 'epoch': 6.7}
{'loss': 0.389, 'learning_rate': 3.517359825236659e-05, 'epoch': 6.7}
{'loss': 0.397, 'learning_rate': 3.513029751378342e-05, 'epoch': 6.71}
{'loss': 0.4015, 'learning_rate': 3.508699677520026e-05, 'epoch': 6.71}
{'loss': 0.3916, 'learning_rate': 3.504369603661708e-05, 'epoch': 6.71}
{'loss': 0.3931, 'learning_rate': 3.5000395298033914e-05, 'epoch': 6.72}
{'loss': 0.4374, 'learning_rate': 3.495709455945075e-05, 'epoch': 6.72}
{'loss': 0.3748, 'learning_rate': 3.4913793820867576e-05, 'epoch': 6.73}
{'loss': 0.3861, 'learning_rate': 3.487049308228441e-05, 'epoch': 6.73}
{'loss': 0.4207, 'learning_rate': 3.4827192343701246e-05, 'epoch': 6.73}
{'loss': 0.372, 'learning_rate': 3.4783891605118074e-05, 'epoch': 6.74}
{'loss': 0.3952, 'learning_rate': 3.474059086653491e-05, 'epoch': 6.74}
{'loss': 0.443, 'learning_rate': 3.469729012795173e-05, 'epoch': 6.75}
{'loss': 0.4046, 'learning_rate': 3.4653989389368564e-05, 'epoch': 6.75}
{'loss': 0.4359, 'learning_rate': 3.46106886507854e-05, 'epoch': 6.76}
{'loss': 0.3864, 'learning_rate': 3.456738791220223e-05, 'epoch': 6.76}
{'loss': 0.4105, 'learning_rate': 3.452408717361906e-05, 'epoch': 6.76}
{'loss': 0.3969, 'learning_rate': 3.44807864350359e-05, 'epoch': 6.77}
{'loss': 0.4044, 'learning_rate': 3.443748569645272e-05, 'epoch': 6.77}
{'loss': 0.4056, 'learning_rate': 3.439418495786955e-05, 'epoch': 6.78}
{'loss': 0.3965, 'learning_rate': 3.4351750234058055e-05, 'epoch': 6.78}
{'loss': 0.4175, 'learning_rate': 3.4308449495474876e-05, 'epoch': 6.78}
{'loss': 0.3892, 'learning_rate': 3.426514875689171e-05, 'epoch': 6.79}
{'loss': 0.4035, 'learning_rate': 3.422184801830854e-05, 'epoch': 6.79}
{'loss': 0.4356, 'learning_rate': 3.4178547279725373e-05, 'epoch': 6.8}
{'loss': 0.4384, 'learning_rate': 3.413524654114221e-05, 'epoch': 6.8}
{'loss': 0.405, 'learning_rate': 3.4091945802559036e-05, 'epoch': 6.8}
{'loss': 0.4013, 'learning_rate': 3.404864506397587e-05, 'epoch': 6.81}
{'loss': 0.3803, 'learning_rate': 3.4005344325392706e-05, 'epoch': 6.81}
{'loss': 0.3913, 'learning_rate': 3.396204358680953e-05, 'epoch': 6.82}
{'loss': 0.3989, 'learning_rate': 3.391874284822636e-05, 'epoch': 6.82}
{'loss': 0.4217, 'learning_rate': 3.3875442109643196e-05, 'epoch': 6.82}
{'loss': 0.3827, 'learning_rate': 3.3832141371060024e-05, 'epoch': 6.83}
{'loss': 0.4048, 'learning_rate': 3.378884063247686e-05, 'epoch': 6.83}
{'loss': 0.43, 'learning_rate': 3.3745539893893694e-05, 'epoch': 6.84}
{'loss': 0.4056, 'learning_rate': 3.3702239155310515e-05, 'epoch': 6.84}
{'loss': 0.4494, 'learning_rate': 3.365893841672736e-05, 'epoch': 6.84}
{'loss': 0.3752, 'learning_rate': 3.361563767814418e-05, 'epoch': 6.85}
{'loss': 0.396, 'learning_rate': 3.357233693956101e-05, 'epoch': 6.85}
{'loss': 0.3994, 'learning_rate': 3.352903620097785e-05, 'epoch': 6.86}
{'loss': 0.397, 'learning_rate': 3.3485735462394675e-05, 'epoch': 6.86}
{'loss': 0.4269, 'learning_rate': 3.344243472381151e-05, 'epoch': 6.87}
{'loss': 0.4059, 'learning_rate': 3.3399133985228345e-05, 'epoch': 6.87}
{'loss': 0.4281, 'learning_rate': 3.3355833246645166e-05, 'epoch': 6.87}
{'loss': 0.4165, 'learning_rate': 3.3312532508062e-05, 'epoch': 6.88}
{'loss': 0.4211, 'learning_rate': 3.3269231769478836e-05, 'epoch': 6.88}
{'loss': 0.3574, 'learning_rate': 3.3225931030895664e-05, 'epoch': 6.89}
{'loss': 0.3945, 'learning_rate': 3.31826302923125e-05, 'epoch': 6.89}
{'loss': 0.3982, 'learning_rate': 3.313932955372932e-05, 'epoch': 6.89}
{'loss': 0.3832, 'learning_rate': 3.309602881514616e-05, 'epoch': 6.9}
{'loss': 0.4062, 'learning_rate': 3.3052728076562996e-05, 'epoch': 6.9}
{'loss': 0.3982, 'learning_rate': 3.300942733797982e-05, 'epoch': 6.91}
{'loss': 0.4148, 'learning_rate': 3.296612659939665e-05, 'epoch': 6.91}
{'loss': 0.3899, 'learning_rate': 3.2922825860813487e-05, 'epoch': 6.91}
{'loss': 0.409, 'learning_rate': 3.2879525122230315e-05, 'epoch': 6.92}
{'loss': 0.3983, 'learning_rate': 3.283622438364715e-05, 'epoch': 6.92}
{'loss': 0.4106, 'learning_rate': 3.2792923645063984e-05, 'epoch': 6.93}
{'loss': 0.3944, 'learning_rate': 3.2749622906480805e-05, 'epoch': 6.93}
{'loss': 0.4216, 'learning_rate': 3.270632216789764e-05, 'epoch': 6.93}
{'loss': 0.3984, 'learning_rate': 3.266302142931448e-05, 'epoch': 6.94}
{'loss': 0.3937, 'learning_rate': 3.26197206907313e-05, 'epoch': 6.94}
{'loss': 0.3888, 'learning_rate': 3.257641995214814e-05, 'epoch': 6.95}
{'loss': 0.4246, 'learning_rate': 3.2533119213564965e-05, 'epoch': 6.95}
{'loss': 0.4193, 'learning_rate': 3.24898184749818e-05, 'epoch': 6.95}
{'loss': 0.385, 'learning_rate': 3.2447383751170296e-05, 'epoch': 6.96}
{'loss': 0.4161, 'learning_rate': 3.2404083012587124e-05, 'epoch': 6.96}
{'loss': 0.3937, 'learning_rate': 3.236078227400396e-05, 'epoch': 6.97}
{'loss': 0.4087, 'learning_rate': 3.231748153542079e-05, 'epoch': 6.97}
{'loss': 0.3964, 'learning_rate': 3.2274180796837614e-05, 'epoch': 6.98}
{'loss': 0.402, 'learning_rate': 3.223088005825445e-05, 'epoch': 6.98}
{'loss': 0.3903, 'learning_rate': 3.2187579319671284e-05, 'epoch': 6.98}
{'loss': 0.384, 'learning_rate': 3.214427858108811e-05, 'epoch': 6.99}
{'loss': 0.4091, 'learning_rate': 3.2100977842504946e-05, 'epoch': 6.99}
{'loss': 0.4269, 'learning_rate': 3.205767710392177e-05, 'epoch': 7.0}
{'loss': 0.3873, 'learning_rate': 3.201437636533861e-05, 'epoch': 7.0}
[INFO|trainer.py:520] 2026-10-04 16:01:07,721 >> The following columns in the evaluation set  don't have a corresponding argument in `PETLEncModel.forward` and have been ignored: idx, hypothesis, premise.
[INFO|trainer.py:2179] 2026-10-04 16:01:07,722 >> ***** Running Evaluation *****
[INFO|trainer.py:2181] 2026-10-04 16:01:07,722 >>   Num examples = 9815
[INFO|trainer.py:2184] 2026-10-04 16:01:07,722 >>   Batch size = 32
{'eval_loss': 0.3873918354511261, 'eval_accuracy': 0.8579724910850739, 'eval_runtime': 14.8017, 'eval_samples_per_second': 663.101, 'eval_steps_per_second': 20.741, 'epoch': 7.0}
[INFO|trainer.py:1933] 2026-10-04 16:01:22,525 >> Saving model checkpoint to checkpoints/glue/mnli/20261004/glue.mnli.prefix.am_prefix.ao_concat.fm_none.fo_parallel.abn.fbn.ac_add.fl_none.finit_lora.fs_4.unfrz_ef_.ne10.warm0.06.wd0.1.seed4./checkpoint-85904
[INFO|configuration_utils.py:364] 2026-10-04 16:01:22,526 >> Configuration saved in checkpoints/glue/mnli/20261004/glue.mnli.prefix.am_prefix.ao_concat.fm_none.fo_parallel.abn.fbn.ac_add.fl_none.finit_lora.fs_4.unfrz_ef_.ne10.warm0.06.wd0.1.seed4./checkpoint-85904/config.json
[INFO|modeling_utils.py:898] 2026-10-04 16:01:22,864 >> Model weights saved in checkpoints/glue/mnli/20261004/glue.mnli.prefix.am_prefix.ao_concat.fm_none.fo_parallel.abn.fbn.ac_add.fl_none.finit_lora.fs_4.unfrz_ef_.ne10.warm0.06.wd0.1.seed4./checkpoint-85904/pytorch_model.bin
[INFO|tokenization_utils_base.py:1948] 2026-10-04 16:01:22,865 >> tokenizer config file saved in checkpoints/glue/mnli/20261004/glue.mnli.prefix.am_prefix.ao_concat.fm_none.fo_parallel.abn.fbn.ac_add.fl_none.finit_lora.fs_4.unfrz_ef_.ne10.warm0.06.wd0.1.seed4./checkpoint-85904/tokenizer_config.json
[INFO|tokenization_utils_base.py:1954] 2026-10-04 16:01:22,866 >> Special tokens file saved in checkpoints/glue/mnli/20261004/glue.mnli.prefix.am_prefix.ao_concat.fm_none.fo_parallel.abn.fbn.ac_add.fl_none.finit_lora.fs_4.unfrz_ef_.ne10.warm0.06.wd0.1.seed4./checkpoint-85904/special_tokens_map.json
[INFO|trainer.py:2009] 2026-10-04 16:01:22,991 >> Deleting older checkpoint [checkpoints/glue/mnli/20261004/glue.mnli.prefix.am_prefix.ao_concat.fm_none.fo_parallel.abn.fbn.ac_add.fl_none.finit_lora.fs_4.unfrz_ef_.ne10.warm0.06.wd0.1.seed4./checkpoint-61360] due to args.save_total_limit
/work/unify-parameter-efficient-tuning/src/transformers/trainer.py:1784: FutureWarning: `torch.cuda.amp.autocast(args...)` is deprecated. Please use `torch.amp.autocast('cuda', args...)` instead.
  with autocast():
{'loss': 0.4076, 'learning_rate': 3.1971075626755444e-05, 'epoch': 7.0}
{'loss': 0.4104, 'learning_rate': 3.1927774888172265e-05, 'epoch': 7.01}
{'loss': 0.3883, 'learning_rate': 3.18844741495891e-05, 'epoch': 7.01}
{'loss': 0.3959, 'learning_rate': 3.1841173411005935e-05, 'epoch': 7.02}
{'loss': 0.3846, 'learning_rate': 3.179787267242276e-05, 'epoch': 7.02}
{'loss': 0.3811, 'learning_rate': 3.17545719338396e-05, 'epoch': 7.02}
{'loss': 0.3999, 'learning_rate': 3.171127119525643e-05, 'epoch': 7.03}
{'loss': 0.3946, 'learning_rate': 3.1667970456673253e-05, 'epoch': 7.03}
{'loss': 0.3824, 'learning_rate': 3.162466971809009e-05, 'epoch': 7.04}
{'loss': 0.3988, 'learning_rate': 3.158136897950693e-05, 'epoch': 7.04}
{'loss': 0.4026, 'learning_rate': 3.153806824092375e-05, 'epoch': 7.04}
{'loss': 0.392, 'learning_rate': 3.1494767502340586e-05, 'epoch': 7.05}
{'loss': 0.3873, 'learning_rate': 3.1451466763757414e-05, 'epoch': 7.05}
{'loss': 0.3825, 'learning_rate': 3.140816602517425e-05, 'epoch': 7.06}
{'loss': 0.3814, 'learning_rate': 3.136486528659108e-05, 'epoch': 7.06}
{'loss': 0.3873, 'learning_rate': 3.1321564548007904e-05, 'epoch': 7.06}
{'loss': 0.406, 'learning_rate': 3.127826380942474e-05, 'epoch': 7.07}
{'loss': 0.4207, 'learning_rate': 3.1234963070841574e-05, 'epoch': 7.07}
{'loss': 0.3897, 'learning_rate': 3.11916623322584e-05, 'epoch': 7.08}
{'loss': 0.4197, 'learning_rate': 3.1148361593675237e-05, 'epoch': 7.08}
{'loss': 0.3827, 'learning_rate': 3.110506085509207e-05, 'epoch': 7.09}
{'loss': 0.3797, 'learning_rate': 3.106176011650889e-05, 'epoch': 7.09}
{'loss': 0.3817, 'learning_rate': 3.1018459377925734e-05, 'epoch': 7.09}
{'loss': 0.3923, 'learning_rate': 3.0975158639342555e-05, 'epoch': 7.1}
{'loss': 0.4002, 'learning_rate': 3.093185790075939e-05, 'epoch': 7.1}
{'loss': 0.401, 'learning_rate': 3.0888557162176225e-05, 'epoch': 7.11}
{'loss': 0.4094, 'learning_rate': 3.084525642359305e-05, 'epoch': 7.11}
{'loss': 0.3911, 'learning_rate': 3.080195568500989e-05, 'epoch': 7.11}
{'loss': 0.3955, 'learning_rate': 3.075865494642672e-05, 'epoch': 7.12}
{'loss': 0.3655, 'learning_rate': 3.0715354207843543e-05, 'epoch': 7.12}
{'loss': 0.4116, 'learning_rate': 3.067205346926038e-05, 'epoch': 7.13}
{'loss': 0.3853, 'learning_rate': 3.062875273067721e-05, 'epoch': 7.13}
{'loss': 0.3772, 'learning_rate': 3.058545199209404e-05, 'epoch': 7.13}
{'loss': 0.3893, 'learning_rate': 3.0542151253510876e-05, 'epoch': 7.14}
{'loss': 0.3789, 'learning_rate': 3.0498850514927697e-05, 'epoch': 7.14}
{'loss': 0.4118, 'learning_rate': 3.045554977634453e-05, 'epoch': 7.15}
{'loss': 0.4124, 'learning_rate': 3.0412249037761363e-05, 'epoch': 7.15}
{'loss': 0.3829, 'learning_rate': 3.036894829917819e-05, 'epoch': 7.15}
{'loss': 0.3971, 'learning_rate': 3.0325647560595026e-05, 'epoch': 7.16}
{'loss': 0.4216, 'learning_rate': 3.0282346822011864e-05, 'epoch': 7.16}
{'loss': 0.3891, 'learning_rate': 3.0239046083428685e-05, 'epoch': 7.17}
{'loss': 0.3788, 'learning_rate': 3.0195745344845523e-05, 'epoch': 7.17}
{'loss': 0.3788, 'learning_rate': 3.015331062103402e-05, 'epoch': 7.17}
{'loss': 0.3765, 'learning_rate': 3.0110009882450847e-05, 'epoch': 7.18}
{'loss': 0.4351, 'learning_rate': 3.006670914386768e-05, 'epoch': 7.18}
{'loss': 0.381, 'learning_rate': 3.0023408405284513e-05, 'epoch': 7.19}
{'loss': 0.3743, 'learning_rate': 2.998010766670134e-05, 'epoch': 7.19}
{'loss': 0.4221, 'learning_rate': 2.993680692811818e-05, 'epoch': 7.2}
{'loss': 0.3399, 'learning_rate': 2.9893506189534997e-05, 'epoch': 7.2}
{'loss': 0.4032, 'learning_rate': 2.9850205450951835e-05, 'epoch': 7.2}
{'loss': 0.3916, 'learning_rate': 2.9806904712368673e-05, 'epoch': 7.21}
{'loss': 0.3695, 'learning_rate': 2.976360397378549e-05, 'epoch': 7.21}
{'loss': 0.3636, 'learning_rate': 2.972030323520233e-05, 'epoch': 7.22}
{'loss': 0.3718, 'learning_rate': 2.9677002496619167e-05, 'epoch': 7.22}
{'loss': 0.4121, 'learning_rate': 2.9633701758035988e-05, 'epoch': 7.22}
{'loss': 0.4033, 'learning_rate': 2.959040101945283e-05, 'epoch': 7.23}
{'loss': 0.3864, 'learning_rate': 2.954710028086966e-05, 'epoch': 7.23}
{'loss': 0.4099, 'learning_rate': 2.9503799542286486e-05, 'epoch': 7.24}
{'loss': 0.4068, 'learning_rate': 2.9460498803703317e-05, 'epoch': 7.24}
{'loss': 0.4135, 'learning_rate': 2.9417198065120145e-05, 'epoch': 7.24}
{'loss': 0.3956, 'learning_rate': 2.937389732653698e-05, 'epoch': 7.25}
{'loss': 0.4017, 'learning_rate': 2.933059658795381e-05, 'epoch': 7.25}
{'loss': 0.365, 'learning_rate': 2.928729584937064e-05, 'epoch': 7.26}
{'loss': 0.3892, 'learning_rate': 2.9243995110787474e-05, 'epoch': 7.26}
{'loss': 0.3747, 'learning_rate': 2.9200694372204305e-05, 'epoch': 7.26}
{'loss': 0.4145, 'learning_rate': 2.9157393633621133e-05, 'epoch': 7.27}
{'loss': 0.3766, 'learning_rate': 2.911409289503797e-05, 'epoch': 7.27}
{'loss': 0.4153, 'learning_rate': 2.9070792156454806e-05, 'epoch': 7.28}
{'loss': 0.3913, 'learning_rate': 2.9027491417871634e-05, 'epoch': 7.28}
{'loss': 0.4036, 'learning_rate': 2.8984190679288466e-05, 'epoch': 7.28}
{'loss': 0.402, 'learning_rate': 2.89408899407053e-05, 'epoch': 7.29}
{'loss': 0.4104, 'learning_rate': 2.8897589202122128e-05, 'epoch': 7.29}
{'loss': 0.4205, 'learning_rate': 2.885428846353896e-05, 'epoch': 7.3}
{'loss': 0.3833, 'learning_rate': 2.8810987724955784e-05, 'epoch': 7.3}
{'loss': 0.4137, 'learning_rate': 2.8767686986372622e-05, 'epoch': 7.31}
{'loss': 0.3932, 'learning_rate': 2.8724386247789454e-05, 'epoch': 7.31}
{'loss': 0.4192, 'learning_rate': 2.868108550920628e-05, 'epoch': 7.31}
{'loss': 0.4049, 'learning_rate': 2.863778477062311e-05, 'epoch': 7.32}
{'loss': 0.3977, 'learning_rate': 2.8594484032039955e-05, 'epoch': 7.32}
{'loss': 0.4184, 'learning_rate': 2.8551183293456772e-05, 'epoch': 7.33}
{'loss': 0.3679, 'learning_rate': 2.850788255487361e-05, 'epoch': 7.33}
{'loss': 0.4013, 'learning_rate': 2.846458181629045e-05, 'epoch': 7.33}
{'loss': 0.3943, 'learning_rate': 2.8421281077707267e-05, 'epoch': 7.34}
{'loss': 0.3974, 'learning_rate': 2.8377980339124105e-05, 'epoch': 7.34}
{'loss': 0.4301, 'learning_rate': 2.8335545615312593e-05, 'epoch': 7.35}
{'loss': 0.386, 'learning_rate': 2.8292244876729428e-05, 'epoch': 7.35}
{'loss': 0.3756, 'learning_rate': 2.824894413814626e-05, 'epoch': 7.35}
{'loss': 0.4073, 'learning_rate': 2.8205643399563087e-05, 'epoch': 7.36}
{'loss': 0.3939, 'learning_rate': 2.8162342660979922e-05, 'epoch': 7.36}
{'loss': 0.4212, 'learning_rate': 2.8119041922396753e-05, 'epoch': 7.37}
{'loss': 0.3762, 'learning_rate': 2.807574118381358e-05, 'epoch': 7.37}
{'loss': 0.3955, 'learning_rate': 2.8032440445230416e-05, 'epoch': 7.37}
{'loss': 0.398, 'learning_rate': 2.7989139706647254e-05, 'epoch': 7.38}
{'loss': 0.3987, 'learning_rate': 2.7945838968064076e-05, 'epoch': 7.38}
{'loss': 0.3647, 'learning_rate': 2.7902538229480914e-05, 'epoch': 7.39}
{'loss': 0.3815, 'learning_rate': 2.785923749089775e-05, 'epoch': 7.39}
{'loss': 0.3819, 'learning_rate': 2.7815936752314576e-05, 'epoch': 7.39}
{'loss': 0.3968, 'learning_rate': 2.7772636013731408e-05, 'epoch': 7.4}
{'loss': 0.3916, 'learning_rate': 2.7729335275148232e-05, 'epoch': 7.4}
{'loss': 0.4012, 'learning_rate': 2.768603453656507e-05, 'epoch': 7.41}
{'loss': 0.3968, 'learning_rate': 2.7642733797981902e-05, 'epoch': 7.41}
{'loss': 0.3857, 'learning_rate': 2.7599433059398727e-05, 'epoch': 7.42}
{'loss': 0.3657, 'learning_rate': 2.7556132320815558e-05, 'epoch': 7.42}
{'loss': 0.382, 'learning_rate': 2.7512831582232396e-05, 'epoch': 7.42}
{'loss': 0.3775, 'learning_rate': 2.746953084364922e-05, 'epoch': 7.43}
{'loss': 0.3768, 'learning_rate': 2.742623010506606e-05, 'epoch': 7.43}
{'loss': 0.4092, 'learning_rate': 2.7382929366482897e-05, 'epoch': 7.44}
{'loss': 0.414, 'learning_rate': 2.7339628627899715e-05, 'epoch': 7.44}
{'loss': 0.4154, 'learning_rate': 2.7296327889316553e-05, 'epoch': 7.44}
{'loss': 0.3712, 'learning_rate': 2.7253027150733377e-05, 'epoch': 7.45}
{'loss': 0.4254, 'learning_rate': 2.720972641215021e-05, 'epoch': 7.45}
{'loss': 0.4024, 'learning_rate': 2.7166425673567047e-05, 'epoch': 7.46}
{'loss': 0.3903, 'learning_rate': 2.7123124934983875e-05, 'epoch': 7.46}
{'loss': 0.393, 'learning_rate': 2.7079824196400706e-05, 'epoch': 7.46}
{'loss': 0.3848, 'learning_rate': 2.703652345781754e-05, 'epoch': 7.47}
{'loss': 0.3975, 'learning_rate': 2.699322271923437e-05, 'epoch': 7.47}
{'loss': 0.4136, 'learning_rate': 2.69499219806512e-05, 'epoch': 7.48}
{'loss': 0.4044, 'learning_rate': 2.6906621242068035e-05, 'epoch': 7.48}
{'loss': 0.3932, 'learning_rate': 2.6863320503484863e-05, 'epoch': 7.48}
{'loss': 0.3945, 'learning_rate': 2.6820019764901698e-05, 'epoch': 7.49}
{'loss': 0.3579, 'learning_rate': 2.6776719026318526e-05, 'epoch': 7.49}
{'loss': 0.3622, 'learning_rate': 2.6733418287735357e-05, 'epoch': 7.5}
{'loss': 0.399, 'learning_rate': 2.6690117549152195e-05, 'epoch': 7.5}
{'loss': 0.4124, 'learning_rate': 2.6646816810569013e-05, 'epoch': 7.5}
{'loss': 0.4332, 'learning_rate': 2.660351607198585e-05, 'epoch': 7.51}
{'loss': 0.4058, 'learning_rate': 2.656021533340269e-05, 'epoch': 7.51}
{'loss': 0.4007, 'learning_rate': 2.6516914594819507e-05, 'epoch': 7.52}
{'loss': 0.3851, 'learning_rate': 2.6473613856236345e-05, 'epoch': 7.52}
{'loss': 0.3784, 'learning_rate': 2.6430313117653184e-05, 'epoch': 7.53}
{'loss': 0.4261, 'learning_rate': 2.638701237907e-05, 'epoch': 7.53}
{'loss': 0.3743, 'learning_rate': 2.6343711640486846e-05, 'epoch': 7.53}
{'loss': 0.3987, 'learning_rate': 2.6300410901903678e-05, 'epoch': 7.54}
{'loss': 0.3921, 'learning_rate': 2.6257110163320502e-05, 'epoch': 7.54}
{'loss': 0.3922, 'learning_rate': 2.6213809424737334e-05, 'epoch': 7.55}
{'loss': 0.4139, 'learning_rate': 2.617050868615416e-05, 'epoch': 7.55}
{'loss': 0.4108, 'learning_rate': 2.6127207947570996e-05, 'epoch': 7.55}
{'loss': 0.3821, 'learning_rate': 2.6083907208987828e-05, 'epoch': 7.56}
{'loss': 0.4055, 'learning_rate': 2.6041472485176323e-05, 'epoch': 7.56}
{'loss': 0.376, 'learning_rate': 2.5998171746593154e-05, 'epoch': 7.57}
{'loss': 0.4043, 'learning_rate': 2.595487100800999e-05, 'epoch': 7.57}
{'loss': 0.4081, 'learning_rate': 2.5911570269426817e-05, 'epoch': 7.57}
{'loss': 0.3857, 'learning_rate': 2.586826953084365e-05, 'epoch': 7.58}
{'loss': 0.3762, 'learning_rate': 2.5824968792260483e-05, 'epoch': 7.58}
{'loss': 0.4136, 'learning_rate': 2.578166805367731e-05, 'epoch': 7.59}
{'loss': 0.3829, 'learning_rate': 2.5738367315094146e-05, 'epoch': 7.59}
{'loss': 0.3783, 'learning_rate': 2.5695066576510967e-05, 'epoch': 7.59}
{'loss': 0.359, 'learning_rate': 2.5651765837927805e-05, 'epoch': 7.6}
{'loss': 0.3718, 'learning_rate': 2.560846509934464e-05, 'epoch': 7.6}
{'loss': 0.404, 'learning_rate': 2.556516436076146e-05, 'epoch': 7.61}
{'loss': 0.3888, 'learning_rate': 2.55218636221783e-05, 'epoch': 7.61}
{'loss': 0.3733, 'learning_rate': 2.5478562883595138e-05, 'epoch': 7.61}
{'loss': 0.405, 'learning_rate': 2.5435262145011955e-05, 'epoch': 7.62}
{'loss': 0.4049, 'learning_rate': 2.5391961406428794e-05, 'epoch': 7.62}
{'loss': 0.4066, 'learning_rate': 2.5348660667845632e-05, 'epoch': 7.63}
{'loss': 0.3584, 'learning_rate': 2.530535992926245e-05, 'epoch': 7.63}
{'loss': 0.3999, 'learning_rate': 2.5262059190679294e-05, 'epoch': 7.64}
{'loss': 0.3887, 'learning_rate': 2.5218758452096126e-05, 'epoch': 7.64}
{'loss': 0.3761, 'learning_rate': 2.517545771351295e-05, 'epoch': 7.64}
{'loss': 0.377, 'learning_rate': 2.5132156974929782e-05, 'epoch': 7.65}
{'loss': 0.3938, 'learning_rate': 2.508885623634661e-05, 'epoch': 7.65}
{'loss': 0.3819, 'learning_rate': 2.5045555497763445e-05, 'epoch': 7.66}
{'loss': 0.3954, 'learning_rate': 2.5002254759180276e-05, 'epoch': 7.66}
{'loss': 0.3805, 'learning_rate': 2.4958954020597104e-05, 'epoch': 7.66}
{'loss': 0.3865, 'learning_rate': 2.491565328201394e-05, 'epoch': 7.67}
{'loss': 0.4155, 'learning_rate': 2.4872352543430773e-05, 'epoch': 7.67}
{'loss': 0.3781, 'learning_rate': 2.4829051804847598e-05, 'epoch': 7.68}
{'loss': 0.4149, 'learning_rate': 2.4785751066264433e-05, 'epoch': 7.68}
{'loss': 0.3673, 'learning_rate': 2.474245032768127e-05, 'epoch': 7.68}
{'loss': 0.4032, 'learning_rate': 2.4699149589098095e-05, 'epoch': 7.69}
{'loss': 0.4478, 'learning_rate': 2.465584885051493e-05, 'epoch': 7.69}
{'loss': 0.4074, 'learning_rate': 2.4612548111931755e-05, 'epoch': 7.7}
{'loss': 0.4008, 'learning_rate': 2.456924737334859e-05, 'epoch': 7.7}
{'loss': 0.3604, 'learning_rate': 2.4525946634765424e-05, 'epoch': 7.7}
{'loss': 0.3841, 'learning_rate': 2.448264589618225e-05, 'epoch': 7.71}
{'loss': 0.3579, 'learning_rate': 2.4439345157599084e-05, 'epoch': 7.71}
{'loss': 0.4206, 'learning_rate': 2.439604441901592e-05, 'epoch': 7.72}
{'loss': 0.4234, 'learning_rate': 2.4352743680432743e-05, 'epoch': 7.72}
{'loss': 0.4084, 'learning_rate': 2.4309442941849578e-05, 'epoch': 7.72}
{'loss': 0.3836, 'learning_rate': 2.4266142203266416e-05, 'epoch': 7.73}
{'loss': 0.3801, 'learning_rate': 2.4222841464683237e-05, 'epoch': 7.73}
{'loss': 0.3571, 'learning_rate': 2.4179540726100075e-05, 'epoch': 7.74}
{'loss': 0.3996, 'learning_rate': 2.41362399875169e-05, 'epoch': 7.74}
{'loss': 0.4131, 'learning_rate': 2.4092939248933735e-05, 'epoch': 7.75}
{'loss': 0.4068, 'learning_rate': 2.404963851035057e-05, 'epoch': 7.75}
{'loss': 0.4042, 'learning_rate': 2.4007203786539058e-05, 'epoch': 7.75}
{'loss': 0.3924, 'learning_rate': 2.3963903047955893e-05, 'epoch': 7.76}
{'loss': 0.3842, 'learning_rate': 2.3920602309372727e-05, 'epoch': 7.76}
{'loss': 0.4036, 'learning_rate': 2.3877301570789552e-05, 'epoch': 7.77}
{'loss': 0.3725, 'learning_rate': 2.3834000832206387e-05, 'epoch': 7.77}
{'loss': 0.3954, 'learning_rate': 2.379070009362322e-05, 'epoch': 7.77}
{'loss': 0.4068, 'learning_rate': 2.3747399355040046e-05, 'epoch': 7.78}
{'loss': 0.4127, 'learning_rate': 2.370409861645688e-05, 'epoch': 7.78}
{'loss': 0.3813, 'learning_rate': 2.3660797877873716e-05, 'epoch': 7.79}
{'loss': 0.3996, 'learning_rate': 2.361749713929054e-05, 'epoch': 7.79}
{'loss': 0.3418, 'learning_rate': 2.357419640070738e-05, 'epoch': 7.79}
{'loss': 0.3874, 'learning_rate': 2.35308956621242e-05, 'epoch': 7.8}
{'loss': 0.3959, 'learning_rate': 2.3487594923541038e-05, 'epoch': 7.8}
{'loss': 0.3985, 'learning_rate': 2.3444294184957873e-05, 'epoch': 7.81}
{'loss': 0.4116, 'learning_rate': 2.3400993446374697e-05, 'epoch': 7.81}
{'loss': 0.3962, 'learning_rate': 2.3357692707791532e-05, 'epoch': 7.81}
{'loss': 0.3555, 'learning_rate': 2.3314391969208367e-05, 'epoch': 7.82}
{'loss': 0.4059, 'learning_rate': 2.327109123062519e-05, 'epoch': 7.82}
{'loss': 0.3864, 'learning_rate': 2.3227790492042026e-05, 'epoch': 7.83}
{'loss': 0.4364, 'learning_rate': 2.318448975345886e-05, 'epoch': 7.83}
{'loss': 0.3918, 'learning_rate': 2.3141189014875685e-05, 'epoch': 7.83}
{'loss': 0.3958, 'learning_rate': 2.309788827629252e-05, 'epoch': 7.84}
{'loss': 0.3933, 'learning_rate': 2.3054587537709345e-05, 'epoch': 7.84}
{'loss': 0.3565, 'learning_rate': 2.3011286799126183e-05, 'epoch': 7.85}
{'loss': 0.3781, 'learning_rate': 2.2967986060543018e-05, 'epoch': 7.85}
{'loss': 0.373, 'learning_rate': 2.2924685321959842e-05, 'epoch': 7.86}
{'loss': 0.4069, 'learning_rate': 2.2881384583376677e-05, 'epoch': 7.86}
{'loss': 0.3896, 'learning_rate': 2.283808384479351e-05, 'epoch': 7.86}
{'loss': 0.3999, 'learning_rate': 2.2794783106210336e-05, 'epoch': 7.87}
{'loss': 0.4086, 'learning_rate': 2.275148236762717e-05, 'epoch': 7.87}
{'loss': 0.369, 'learning_rate': 2.2708181629044006e-05, 'epoch': 7.88}
{'loss': 0.4244, 'learning_rate': 2.266488089046083e-05, 'epoch': 7.88}
{'loss': 0.3666, 'learning_rate': 2.262244616664933e-05, 'epoch': 7.88}
{'loss': 0.3742, 'learning_rate': 2.2579145428066164e-05, 'epoch': 7.89}
{'loss': 0.3771, 'learning_rate': 2.253584468948299e-05, 'epoch': 7.89}
{'loss': 0.3825, 'learning_rate': 2.2492543950899823e-05, 'epoch': 7.9}
{'loss': 0.3928, 'learning_rate': 2.2449243212316648e-05, 'epoch': 7.9}
{'loss': 0.3908, 'learning_rate': 2.2405942473733486e-05, 'epoch': 7.9}
{'loss': 0.3668, 'learning_rate': 2.236264173515032e-05, 'epoch': 7.91}
{'loss': 0.4082, 'learning_rate': 2.2319340996567145e-05, 'epoch': 7.91}
{'loss': 0.3754, 'learning_rate': 2.227604025798398e-05, 'epoch': 7.92}
{'loss': 0.3602, 'learning_rate': 2.2232739519400815e-05, 'epoch': 7.92}
{'loss': 0.3831, 'learning_rate': 2.218943878081764e-05, 'epoch': 7.92}
{'loss': 0.392, 'learning_rate': 2.2146138042234474e-05, 'epoch': 7.93}
{'loss': 0.3771, 'learning_rate': 2.210283730365131e-05, 'epoch': 7.93}
{'loss': 0.3962, 'learning_rate': 2.2059536565068133e-05, 'epoch': 7.94}
{'loss': 0.403, 'learning_rate': 2.2016235826484968e-05, 'epoch': 7.94}
{'loss': 0.3829, 'learning_rate': 2.1972935087901793e-05, 'epoch': 7.94}
{'loss': 0.4049, 'learning_rate': 2.1929634349318628e-05, 'epoch': 7.95}
{'loss': 0.3805, 'learning_rate': 2.1886333610735466e-05, 'epoch': 7.95}
{'loss': 0.3765, 'learning_rate': 2.184303287215229e-05, 'epoch': 7.96}
{'loss': 0.3894, 'learning_rate': 2.1799732133569125e-05, 'epoch': 7.96}
{'loss': 0.3817, 'learning_rate': 2.175643139498596e-05, 'epoch': 7.97}
{'loss': 0.3723, 'learning_rate': 2.1713130656402784e-05, 'epoch': 7.97}
{'loss': 0.3803, 'learning_rate': 2.166982991781962e-05, 'epoch': 7.97}
{'loss': 0.3911, 'learning_rate': 2.1626529179236454e-05, 'epoch': 7.98}
{'loss': 0.3662, 'learning_rate': 2.158322844065328e-05, 'epoch': 7.98}
{'loss': 0.3931, 'learning_rate': 2.1539927702070113e-05, 'epoch': 7.99}
{'loss': 0.3773, 'learning_rate': 2.1496626963486948e-05, 'epoch': 7.99}
{'loss': 0.3838, 'learning_rate': 2.1453326224903773e-05, 'epoch': 7.99}
{'loss': 0.398, 'learning_rate': 2.141002548632061e-05, 'epoch': 8.0}
[INFO|trainer.py:520] 2026-10-04 16:09:49,318 >> The following columns in the evaluation set  don't have a corresponding argument in `PETLEncModel.forward` and have been ignored: idx, hypothesis, premise.
[INFO|trainer.py:2179] 2026-10-04 16:09:49,320 >> ***** Running Evaluation *****
[INFO|trainer.py:2181] 2026-10-04 16:09:49,320 >>   Num examples = 9815
[INFO|trainer.py:2184] 2026-10-04 16:09:49,320 >>   Batch size = 32
{'eval_loss': 0.3794279992580414, 'eval_accuracy': 0.8579724910850739, 'eval_runtime': 14.8928, 'eval_samples_per_second': 659.044, 'eval_steps_per_second': 20.614, 'epoch': 8.0}
[INFO|trainer.py:1933] 2026-10-04 16:10:04,213 >> Saving model checkpoint to checkpoints/glue/mnli/20261004/glue.mnli.prefix.am_prefix.ao_concat.fm_none.fo_parallel.abn.fbn.ac_add.fl_none.finit_lora.fs_4.unfrz_ef_.ne10.warm0.06.wd0.1.seed4./checkpoint-98176
[INFO|configuration_utils.py:364] 2026-10-04 16:10:04,215 >> Configuration saved in checkpoints/glue/mnli/20261004/glue.mnli.prefix.am_prefix.ao_concat.fm_none.fo_parallel.abn.fbn.ac_add.fl_none.finit_lora.fs_4.unfrz_ef_.ne10.warm0.06.wd0.1.seed4./checkpoint-98176/config.json
[INFO|modeling_utils.py:898] 2026-10-04 16:10:04,570 >> Model weights saved in checkpoints/glue/mnli/20261004/glue.mnli.prefix.am_prefix.ao_concat.fm_none.fo_parallel.abn.fbn.ac_add.fl_none.finit_lora.fs_4.unfrz_ef_.ne10.warm0.06.wd0.1.seed4./checkpoint-98176/pytorch_model.bin
[INFO|tokenization_utils_base.py:1948] 2026-10-04 16:10:04,572 >> tokenizer config file saved in checkpoints/glue/mnli/20261004/glue.mnli.prefix.am_prefix.ao_concat.fm_none.fo_parallel.abn.fbn.ac_add.fl_none.finit_lora.fs_4.unfrz_ef_.ne10.warm0.06.wd0.1.seed4./checkpoint-98176/tokenizer_config.json
[INFO|tokenization_utils_base.py:1954] 2026-10-04 16:10:04,574 >> Special tokens file saved in checkpoints/glue/mnli/20261004/glue.mnli.prefix.am_prefix.ao_concat.fm_none.fo_parallel.abn.fbn.ac_add.fl_none.finit_lora.fs_4.unfrz_ef_.ne10.warm0.06.wd0.1.seed4./checkpoint-98176/special_tokens_map.json
[INFO|trainer.py:2009] 2026-10-04 16:10:04,700 >> Deleting older checkpoint [checkpoints/glue/mnli/20261004/glue.mnli.prefix.am_prefix.ao_concat.fm_none.fo_parallel.abn.fbn.ac_add.fl_none.finit_lora.fs_4.unfrz_ef_.ne10.warm0.06.wd0.1.seed4./checkpoint-73632] due to args.save_total_limit
/work/unify-parameter-efficient-tuning/src/transformers/trainer.py:1784: FutureWarning: `torch.cuda.amp.autocast(args...)` is deprecated. Please use `torch.amp.autocast('cuda', args...)` instead.
  with autocast():
{'loss': 0.3986, 'learning_rate': 2.1366724747737432e-05, 'epoch': 8.0}
{'loss': 0.3701, 'learning_rate': 2.132342400915427e-05, 'epoch': 8.01}
{'loss': 0.3764, 'learning_rate': 2.1280123270571105e-05, 'epoch': 8.01}
{'loss': 0.3783, 'learning_rate': 2.123682253198793e-05, 'epoch': 8.01}
{'loss': 0.3516, 'learning_rate': 2.1193521793404764e-05, 'epoch': 8.02}
{'loss': 0.3671, 'learning_rate': 2.11502210548216e-05, 'epoch': 8.02}
{'loss': 0.3885, 'learning_rate': 2.1106920316238424e-05, 'epoch': 8.03}
{'loss': 0.3752, 'learning_rate': 2.106361957765526e-05, 'epoch': 8.03}
{'loss': 0.3785, 'learning_rate': 2.1020318839072093e-05, 'epoch': 8.03}
{'loss': 0.3869, 'learning_rate': 2.0977018100488918e-05, 'epoch': 8.04}
{'loss': 0.3584, 'learning_rate': 2.0933717361905752e-05, 'epoch': 8.04}
{'loss': 0.3975, 'learning_rate': 2.0890416623322577e-05, 'epoch': 8.05}
{'loss': 0.3765, 'learning_rate': 2.0847115884739415e-05, 'epoch': 8.05}
{'loss': 0.3748, 'learning_rate': 2.080381514615625e-05, 'epoch': 8.05}
{'loss': 0.3861, 'learning_rate': 2.0760514407573075e-05, 'epoch': 8.06}
{'loss': 0.3844, 'learning_rate': 2.071721366898991e-05, 'epoch': 8.06}
{'loss': 0.3791, 'learning_rate': 2.0673912930406744e-05, 'epoch': 8.07}
{'loss': 0.3702, 'learning_rate': 2.063061219182357e-05, 'epoch': 8.07}
{'loss': 0.4142, 'learning_rate': 2.0587311453240403e-05, 'epoch': 8.08}
{'loss': 0.3729, 'learning_rate': 2.0544010714657238e-05, 'epoch': 8.08}
{'loss': 0.3525, 'learning_rate': 2.0500709976074063e-05, 'epoch': 8.08}
{'loss': 0.3665, 'learning_rate': 2.0457409237490897e-05, 'epoch': 8.09}
{'loss': 0.3677, 'learning_rate': 2.0414108498907736e-05, 'epoch': 8.09}
{'loss': 0.4015, 'learning_rate': 2.0370807760324557e-05, 'epoch': 8.1}
{'loss': 0.3625, 'learning_rate': 2.0327507021741395e-05, 'epoch': 8.1}
{'loss': 0.3815, 'learning_rate': 2.028420628315822e-05, 'epoch': 8.1}
{'loss': 0.4058, 'learning_rate': 2.0240905544575054e-05, 'epoch': 8.11}
{'loss': 0.4198, 'learning_rate': 2.019760480599189e-05, 'epoch': 8.11}
{'loss': 0.3876, 'learning_rate': 2.0154304067408714e-05, 'epoch': 8.12}
{'loss': 0.3663, 'learning_rate': 2.011100332882555e-05, 'epoch': 8.12}
{'loss': 0.3534, 'learning_rate': 2.0067702590242383e-05, 'epoch': 8.12}
{'loss': 0.3751, 'learning_rate': 2.0024401851659208e-05, 'epoch': 8.13}
{'loss': 0.3609, 'learning_rate': 1.9981101113076043e-05, 'epoch': 8.13}
{'loss': 0.3735, 'learning_rate': 1.9937800374492877e-05, 'epoch': 8.14}
{'loss': 0.4037, 'learning_rate': 1.9894499635909702e-05, 'epoch': 8.14}
{'loss': 0.398, 'learning_rate': 1.985119889732654e-05, 'epoch': 8.14}
{'loss': 0.3733, 'learning_rate': 1.9807898158743365e-05, 'epoch': 8.15}
{'loss': 0.403, 'learning_rate': 1.97645974201602e-05, 'epoch': 8.15}
{'loss': 0.407, 'learning_rate': 1.9721296681577034e-05, 'epoch': 8.16}
{'loss': 0.3777, 'learning_rate': 1.967799594299386e-05, 'epoch': 8.16}
{'loss': 0.4024, 'learning_rate': 1.9634695204410693e-05, 'epoch': 8.16}
{'loss': 0.3827, 'learning_rate': 1.9591394465827528e-05, 'epoch': 8.17}
{'loss': 0.3938, 'learning_rate': 1.9548093727244353e-05, 'epoch': 8.17}
{'loss': 0.3796, 'learning_rate': 1.9504792988661188e-05, 'epoch': 8.18}
{'loss': 0.4022, 'learning_rate': 1.9461492250078022e-05, 'epoch': 8.18}
{'loss': 0.39, 'learning_rate': 1.9418191511494847e-05, 'epoch': 8.19}
{'loss': 0.4045, 'learning_rate': 1.9374890772911685e-05, 'epoch': 8.19}
{'loss': 0.3912, 'learning_rate': 1.9331590034328506e-05, 'epoch': 8.19}
{'loss': 0.3582, 'learning_rate': 1.9288289295745344e-05, 'epoch': 8.2}
{'loss': 0.3566, 'learning_rate': 1.924498855716218e-05, 'epoch': 8.2}
{'loss': 0.3936, 'learning_rate': 1.9201687818579004e-05, 'epoch': 8.21}
{'loss': 0.3777, 'learning_rate': 1.915838707999584e-05, 'epoch': 8.21}
{'loss': 0.3842, 'learning_rate': 1.9115086341412673e-05, 'epoch': 8.21}
{'loss': 0.3759, 'learning_rate': 1.9071785602829498e-05, 'epoch': 8.22}
{'loss': 0.3734, 'learning_rate': 1.9028484864246333e-05, 'epoch': 8.22}
{'loss': 0.3786, 'learning_rate': 1.8985184125663167e-05, 'epoch': 8.23}
{'loss': 0.3678, 'learning_rate': 1.8941883387079992e-05, 'epoch': 8.23}
{'loss': 0.3377, 'learning_rate': 1.8898582648496827e-05, 'epoch': 8.23}
{'loss': 0.3833, 'learning_rate': 1.8855281909913665e-05, 'epoch': 8.24}
{'loss': 0.3688, 'learning_rate': 1.881198117133049e-05, 'epoch': 8.24}
{'loss': 0.4003, 'learning_rate': 1.8768680432747324e-05, 'epoch': 8.25}
{'loss': 0.4001, 'learning_rate': 1.872537969416415e-05, 'epoch': 8.25}
{'loss': 0.3615, 'learning_rate': 1.8682078955580984e-05, 'epoch': 8.25}
{'loss': 0.4035, 'learning_rate': 1.8638778216997818e-05, 'epoch': 8.26}
{'loss': 0.3596, 'learning_rate': 1.8595477478414643e-05, 'epoch': 8.26}
{'loss': 0.391, 'learning_rate': 1.8552176739831478e-05, 'epoch': 8.27}
{'loss': 0.3653, 'learning_rate': 1.8508876001248312e-05, 'epoch': 8.27}
{'loss': 0.3839, 'learning_rate': 1.84664412774368e-05, 'epoch': 8.27}
{'loss': 0.3453, 'learning_rate': 1.8423140538853636e-05, 'epoch': 8.28}
{'loss': 0.3809, 'learning_rate': 1.837983980027047e-05, 'epoch': 8.28}
{'loss': 0.3844, 'learning_rate': 1.8336539061687295e-05, 'epoch': 8.29}
{'loss': 0.388, 'learning_rate': 1.829323832310413e-05, 'epoch': 8.29}
{'loss': 0.3898, 'learning_rate': 1.8249937584520954e-05, 'epoch': 8.3}
{'loss': 0.3992, 'learning_rate': 1.820663684593779e-05, 'epoch': 8.3}
{'loss': 0.3575, 'learning_rate': 1.8163336107354627e-05, 'epoch': 8.3}
{'loss': 0.3828, 'learning_rate': 1.8120035368771452e-05, 'epoch': 8.31}
{'loss': 0.3976, 'learning_rate': 1.8076734630188287e-05, 'epoch': 8.31}
{'loss': 0.3977, 'learning_rate': 1.803343389160512e-05, 'epoch': 8.32}
{'loss': 0.3817, 'learning_rate': 1.7990133153021946e-05, 'epoch': 8.32}
{'loss': 0.3639, 'learning_rate': 1.794683241443878e-05, 'epoch': 8.32}
{'loss': 0.3708, 'learning_rate': 1.7903531675855616e-05, 'epoch': 8.33}
{'loss': 0.3736, 'learning_rate': 1.786023093727244e-05, 'epoch': 8.33}
{'loss': 0.3794, 'learning_rate': 1.7816930198689275e-05, 'epoch': 8.34}
{'loss': 0.3826, 'learning_rate': 1.777362946010611e-05, 'epoch': 8.34}
{'loss': 0.3913, 'learning_rate': 1.7730328721522934e-05, 'epoch': 8.34}
{'loss': 0.3973, 'learning_rate': 1.7687027982939772e-05, 'epoch': 8.35}
{'loss': 0.3733, 'learning_rate': 1.7643727244356594e-05, 'epoch': 8.35}
{'loss': 0.3804, 'learning_rate': 1.7600426505773432e-05, 'epoch': 8.36}
{'loss': 0.3894, 'learning_rate': 1.7557125767190266e-05, 'epoch': 8.36}
{'loss': 0.3491, 'learning_rate': 1.751382502860709e-05, 'epoch': 8.36}
{'loss': 0.3758, 'learning_rate': 1.7470524290023926e-05, 'epoch': 8.37}
{'loss': 0.4047, 'learning_rate': 1.742722355144076e-05, 'epoch': 8.37}
{'loss': 0.3776, 'learning_rate': 1.7383922812857585e-05, 'epoch': 8.38}
{'loss': 0.3636, 'learning_rate': 1.734062207427442e-05, 'epoch': 8.38}
{'loss': 0.371, 'learning_rate': 1.7297321335691255e-05, 'epoch': 8.38}
{'loss': 0.3624, 'learning_rate': 1.725402059710808e-05, 'epoch': 8.39}
{'loss': 0.3712, 'learning_rate': 1.7210719858524914e-05, 'epoch': 8.39}
{'loss': 0.3849, 'learning_rate': 1.716741911994174e-05, 'epoch': 8.4}
{'loss': 0.3773, 'learning_rate': 1.7124118381358577e-05, 'epoch': 8.4}
{'loss': 0.3903, 'learning_rate': 1.708081764277541e-05, 'epoch': 8.41}
{'loss': 0.398, 'learning_rate': 1.7037516904192236e-05, 'epoch': 8.41}
{'loss': 0.3871, 'learning_rate': 1.699421616560907e-05, 'epoch': 8.41}
{'loss': 0.366, 'learning_rate': 1.6950915427025906e-05, 'epoch': 8.42}
{'loss': 0.3844, 'learning_rate': 1.690761468844273e-05, 'epoch': 8.42}
{'loss': 0.372, 'learning_rate': 1.6864313949859565e-05, 'epoch': 8.43}
{'loss': 0.3832, 'learning_rate': 1.68210132112764e-05, 'epoch': 8.43}
{'loss': 0.4049, 'learning_rate': 1.6777712472693224e-05, 'epoch': 8.43}
{'loss': 0.3931, 'learning_rate': 1.673441173411006e-05, 'epoch': 8.44}
{'loss': 0.3777, 'learning_rate': 1.6691110995526884e-05, 'epoch': 8.44}
{'loss': 0.3802, 'learning_rate': 1.6647810256943722e-05, 'epoch': 8.45}
{'loss': 0.3778, 'learning_rate': 1.6604509518360557e-05, 'epoch': 8.45}
{'loss': 0.3909, 'learning_rate': 1.656120877977738e-05, 'epoch': 8.45}
{'loss': 0.3782, 'learning_rate': 1.6517908041194216e-05, 'epoch': 8.46}
{'loss': 0.4116, 'learning_rate': 1.647460730261105e-05, 'epoch': 8.46}
{'loss': 0.375, 'learning_rate': 1.6431306564027875e-05, 'epoch': 8.47}
{'loss': 0.3762, 'learning_rate': 1.638800582544471e-05, 'epoch': 8.47}
{'loss': 0.3586, 'learning_rate': 1.6344705086861545e-05, 'epoch': 8.47}
{'loss': 0.3885, 'learning_rate': 1.630140434827837e-05, 'epoch': 8.48}
{'loss': 0.3777, 'learning_rate': 1.6258103609695204e-05, 'epoch': 8.48}
{'loss': 0.3918, 'learning_rate': 1.6214802871112042e-05, 'epoch': 8.49}
{'loss': 0.373, 'learning_rate': 1.6171502132528863e-05, 'epoch': 8.49}
{'loss': 0.3827, 'learning_rate': 1.61282013939457e-05, 'epoch': 8.49}
{'loss': 0.393, 'learning_rate': 1.6084900655362526e-05, 'epoch': 8.5}
{'loss': 0.3682, 'learning_rate': 1.604159991677936e-05, 'epoch': 8.5}
{'loss': 0.3877, 'learning_rate': 1.5998299178196196e-05, 'epoch': 8.51}
{'loss': 0.3445, 'learning_rate': 1.5955864454384684e-05, 'epoch': 8.51}
{'loss': 0.3853, 'learning_rate': 1.591256371580152e-05, 'epoch': 8.52}
{'loss': 0.3923, 'learning_rate': 1.5869262977218354e-05, 'epoch': 8.52}
{'loss': 0.3874, 'learning_rate': 1.582596223863518e-05, 'epoch': 8.52}
{'loss': 0.4049, 'learning_rate': 1.5782661500052013e-05, 'epoch': 8.53}
{'loss': 0.3673, 'learning_rate': 1.5739360761468848e-05, 'epoch': 8.53}
{'loss': 0.3872, 'learning_rate': 1.5696060022885672e-05, 'epoch': 8.54}
{'loss': 0.3749, 'learning_rate': 1.5652759284302507e-05, 'epoch': 8.54}
{'loss': 0.3988, 'learning_rate': 1.5609458545719332e-05, 'epoch': 8.54}
{'loss': 0.3628, 'learning_rate': 1.5566157807136167e-05, 'epoch': 8.55}
{'loss': 0.3758, 'learning_rate': 1.5522857068553005e-05, 'epoch': 8.55}
{'loss': 0.3728, 'learning_rate': 1.5479556329969826e-05, 'epoch': 8.56}
{'loss': 0.383, 'learning_rate': 1.5436255591386664e-05, 'epoch': 8.56}
{'loss': 0.3746, 'learning_rate': 1.53929548528035e-05, 'epoch': 8.56}
{'loss': 0.3847, 'learning_rate': 1.5349654114220323e-05, 'epoch': 8.57}
{'loss': 0.3977, 'learning_rate': 1.5306353375637158e-05, 'epoch': 8.57}
{'loss': 0.3594, 'learning_rate': 1.5263052637053993e-05, 'epoch': 8.58}
{'loss': 0.3999, 'learning_rate': 1.521975189847082e-05, 'epoch': 8.58}
{'loss': 0.3577, 'learning_rate': 1.5176451159887652e-05, 'epoch': 8.58}
{'loss': 0.3726, 'learning_rate': 1.513315042130449e-05, 'epoch': 8.59}
{'loss': 0.3577, 'learning_rate': 1.5089849682721317e-05, 'epoch': 8.59}
{'loss': 0.3778, 'learning_rate': 1.504654894413815e-05, 'epoch': 8.6}
{'loss': 0.3647, 'learning_rate': 1.5003248205554973e-05, 'epoch': 8.6}
{'loss': 0.3949, 'learning_rate': 1.495994746697181e-05, 'epoch': 8.6}
{'loss': 0.3944, 'learning_rate': 1.4916646728388644e-05, 'epoch': 8.61}
{'loss': 0.3768, 'learning_rate': 1.4873345989805468e-05, 'epoch': 8.61}
{'loss': 0.4198, 'learning_rate': 1.4830045251222305e-05, 'epoch': 8.62}
{'loss': 0.3616, 'learning_rate': 1.478674451263914e-05, 'epoch': 8.62}
{'loss': 0.3848, 'learning_rate': 1.4743443774055964e-05, 'epoch': 8.63}
{'loss': 0.3954, 'learning_rate': 1.4700143035472799e-05, 'epoch': 8.63}
{'loss': 0.3794, 'learning_rate': 1.4656842296889635e-05, 'epoch': 8.63}
{'loss': 0.3545, 'learning_rate': 1.461354155830646e-05, 'epoch': 8.64}
{'loss': 0.3771, 'learning_rate': 1.4570240819723293e-05, 'epoch': 8.64}
{'loss': 0.3956, 'learning_rate': 1.452694008114012e-05, 'epoch': 8.65}
{'loss': 0.385, 'learning_rate': 1.4483639342556954e-05, 'epoch': 8.65}
{'loss': 0.3992, 'learning_rate': 1.4440338603973789e-05, 'epoch': 8.65}
{'loss': 0.3706, 'learning_rate': 1.4397037865390613e-05, 'epoch': 8.66}
{'loss': 0.3698, 'learning_rate': 1.4353737126807452e-05, 'epoch': 8.66}
{'loss': 0.4082, 'learning_rate': 1.4310436388224285e-05, 'epoch': 8.67}
{'loss': 0.3706, 'learning_rate': 1.426713564964111e-05, 'epoch': 8.67}
{'loss': 0.3929, 'learning_rate': 1.4223834911057942e-05, 'epoch': 8.67}
{'loss': 0.357, 'learning_rate': 1.418053417247478e-05, 'epoch': 8.68}
{'loss': 0.3658, 'learning_rate': 1.4138099448663267e-05, 'epoch': 8.68}
{'loss': 0.3526, 'learning_rate': 1.40947987100801e-05, 'epoch': 8.69}
{'loss': 0.3953, 'learning_rate': 1.4051497971496939e-05, 'epoch': 8.69}
{'loss': 0.3669, 'learning_rate': 1.4008197232913761e-05, 'epoch': 8.69}
{'loss': 0.3772, 'learning_rate': 1.3964896494330598e-05, 'epoch': 8.7}
{'loss': 0.4163, 'learning_rate': 1.392159575574742e-05, 'epoch': 8.7}
{'loss': 0.3867, 'learning_rate': 1.3878295017164259e-05, 'epoch': 8.71}
{'loss': 0.396, 'learning_rate': 1.3834994278581092e-05, 'epoch': 8.71}
{'loss': 0.3558, 'learning_rate': 1.3791693539997917e-05, 'epoch': 8.71}
{'loss': 0.3645, 'learning_rate': 1.374839280141475e-05, 'epoch': 8.72}
{'loss': 0.3671, 'learning_rate': 1.3705092062831588e-05, 'epoch': 8.72}
{'loss': 0.3775, 'learning_rate': 1.3661791324248412e-05, 'epoch': 8.73}
{'loss': 0.3735, 'learning_rate': 1.3618490585665247e-05, 'epoch': 8.73}
{'loss': 0.3948, 'learning_rate': 1.3575189847082082e-05, 'epoch': 8.74}
{'loss': 0.3985, 'learning_rate': 1.3531889108498908e-05, 'epoch': 8.74}
{'loss': 0.3913, 'learning_rate': 1.3488588369915741e-05, 'epoch': 8.74}
{'loss': 0.3994, 'learning_rate': 1.3445287631332564e-05, 'epoch': 8.75}
{'loss': 0.3539, 'learning_rate': 1.3401986892749402e-05, 'epoch': 8.75}
{'loss': 0.3784, 'learning_rate': 1.3358686154166235e-05, 'epoch': 8.76}
{'loss': 0.3812, 'learning_rate': 1.3315385415583062e-05, 'epoch': 8.76}
{'loss': 0.3792, 'learning_rate': 1.3272084676999896e-05, 'epoch': 8.76}
{'loss': 0.3581, 'learning_rate': 1.3228783938416733e-05, 'epoch': 8.77}
{'loss': 0.3711, 'learning_rate': 1.3185483199833556e-05, 'epoch': 8.77}
{'loss': 0.3952, 'learning_rate': 1.3142182461250394e-05, 'epoch': 8.78}
{'loss': 0.3811, 'learning_rate': 1.3098881722667227e-05, 'epoch': 8.78}
{'loss': 0.3723, 'learning_rate': 1.3055580984084052e-05, 'epoch': 8.78}
{'loss': 0.382, 'learning_rate': 1.3012280245500885e-05, 'epoch': 8.79}
{'loss': 0.3713, 'learning_rate': 1.2968979506917711e-05, 'epoch': 8.79}
{'loss': 0.3493, 'learning_rate': 1.2925678768334547e-05, 'epoch': 8.8}
{'loss': 0.3946, 'learning_rate': 1.2882378029751382e-05, 'epoch': 8.8}
{'loss': 0.3691, 'learning_rate': 1.2839077291168205e-05, 'epoch': 8.8}
{'loss': 0.4089, 'learning_rate': 1.2795776552585043e-05, 'epoch': 8.81}
{'loss': 0.3788, 'learning_rate': 1.2752475814001876e-05, 'epoch': 8.81}
{'loss': 0.3444, 'learning_rate': 1.27091750754187e-05, 'epoch': 8.82}
{'loss': 0.4129, 'learning_rate': 1.2665874336835537e-05, 'epoch': 8.82}
{'loss': 0.3671, 'learning_rate': 1.2622573598252372e-05, 'epoch': 8.82}
{'loss': 0.3914, 'learning_rate': 1.2579272859669197e-05, 'epoch': 8.83}
{'loss': 0.3936, 'learning_rate': 1.2535972121086031e-05, 'epoch': 8.83}
{'loss': 0.3904, 'learning_rate': 1.2492671382502868e-05, 'epoch': 8.84}
{'loss': 0.3704, 'learning_rate': 1.244937064391969e-05, 'epoch': 8.84}
{'loss': 0.3717, 'learning_rate': 1.2406069905336527e-05, 'epoch': 8.85}
{'loss': 0.3878, 'learning_rate': 1.2362769166753352e-05, 'epoch': 8.85}
{'loss': 0.3872, 'learning_rate': 1.2319468428170186e-05, 'epoch': 8.85}
{'loss': 0.3893, 'learning_rate': 1.2276167689587021e-05, 'epoch': 8.86}
{'loss': 0.3818, 'learning_rate': 1.2232866951003846e-05, 'epoch': 8.86}
{'loss': 0.3935, 'learning_rate': 1.2189566212420682e-05, 'epoch': 8.87}
{'loss': 0.3754, 'learning_rate': 1.2146265473837517e-05, 'epoch': 8.87}
{'loss': 0.3623, 'learning_rate': 1.2102964735254342e-05, 'epoch': 8.87}
{'loss': 0.3291, 'learning_rate': 1.2059663996671176e-05, 'epoch': 8.88}
{'loss': 0.3391, 'learning_rate': 1.2016363258088011e-05, 'epoch': 8.88}
{'loss': 0.3782, 'learning_rate': 1.1973062519504836e-05, 'epoch': 8.89}
{'loss': 0.3874, 'learning_rate': 1.1929761780921672e-05, 'epoch': 8.89}
{'loss': 0.3726, 'learning_rate': 1.1886461042338495e-05, 'epoch': 8.89}
{'loss': 0.3623, 'learning_rate': 1.1843160303755332e-05, 'epoch': 8.9}
{'loss': 0.4121, 'learning_rate': 1.1799859565172166e-05, 'epoch': 8.9}
{'loss': 0.3965, 'learning_rate': 1.1756558826588991e-05, 'epoch': 8.91}
{'loss': 0.3835, 'learning_rate': 1.1713258088005826e-05, 'epoch': 8.91}
{'loss': 0.362, 'learning_rate': 1.1669957349422662e-05, 'epoch': 8.91}
{'loss': 0.4123, 'learning_rate': 1.1626656610839487e-05, 'epoch': 8.92}
{'loss': 0.3881, 'learning_rate': 1.1583355872256321e-05, 'epoch': 8.92}
{'loss': 0.3976, 'learning_rate': 1.1540055133673156e-05, 'epoch': 8.93}
{'loss': 0.3761, 'learning_rate': 1.149675439508998e-05, 'epoch': 8.93}
{'loss': 0.3885, 'learning_rate': 1.1453453656506816e-05, 'epoch': 8.93}
{'loss': 0.3731, 'learning_rate': 1.141015291792364e-05, 'epoch': 8.94}
{'loss': 0.3844, 'learning_rate': 1.1366852179340477e-05, 'epoch': 8.94}
{'loss': 0.3741, 'learning_rate': 1.1323551440757311e-05, 'epoch': 8.95}
{'loss': 0.3647, 'learning_rate': 1.1280250702174136e-05, 'epoch': 8.95}
{'loss': 0.3542, 'learning_rate': 1.123694996359097e-05, 'epoch': 8.96}
{'loss': 0.422, 'learning_rate': 1.1193649225007807e-05, 'epoch': 8.96}
{'loss': 0.3659, 'learning_rate': 1.115034848642463e-05, 'epoch': 8.96}
{'loss': 0.4004, 'learning_rate': 1.1107047747841466e-05, 'epoch': 8.97}
{'loss': 0.3867, 'learning_rate': 1.1063747009258301e-05, 'epoch': 8.97}
{'loss': 0.4258, 'learning_rate': 1.1020446270675126e-05, 'epoch': 8.98}
{'loss': 0.3806, 'learning_rate': 1.097714553209196e-05, 'epoch': 8.98}
{'loss': 0.3784, 'learning_rate': 1.0933844793508797e-05, 'epoch': 8.98}
{'loss': 0.3721, 'learning_rate': 1.089054405492562e-05, 'epoch': 8.99}
{'loss': 0.3824, 'learning_rate': 1.0847243316342456e-05, 'epoch': 8.99}
{'loss': 0.4059, 'learning_rate': 1.0803942577759281e-05, 'epoch': 9.0}
[INFO|trainer.py:520] 2026-10-04 16:18:28,207 >> The following columns in the evaluation set  don't have a corresponding argument in `PETLEncModel.forward` and have been ignored: idx, hypothesis, premise.
[INFO|trainer.py:2179] 2026-10-04 16:18:28,209 >> ***** Running Evaluation *****
[INFO|trainer.py:2181] 2026-10-04 16:18:28,209 >>   Num examples = 9815
[INFO|trainer.py:2184] 2026-10-04 16:18:28,209 >>   Batch size = 32
{'eval_loss': 0.3807642161846161, 'eval_accuracy': 0.8610290371879776, 'eval_runtime': 14.7283, 'eval_samples_per_second': 666.403, 'eval_steps_per_second': 20.844, 'epoch': 9.0}
[INFO|trainer.py:1933] 2026-10-04 16:18:42,939 >> Saving model checkpoint to checkpoints/glue/mnli/20261004/glue.mnli.prefix.am_prefix.ao_concat.fm_none.fo_parallel.abn.fbn.ac_add.fl_none.finit_lora.fs_4.unfrz_ef_.ne10.warm0.06.wd0.1.seed4./checkpoint-110448
[INFO|configuration_utils.py:364] 2026-10-04 16:18:42,942 >> Configuration saved in checkpoints/glue/mnli/20261004/glue.mnli.prefix.am_prefix.ao_concat.fm_none.fo_parallel.abn.fbn.ac_add.fl_none.finit_lora.fs_4.unfrz_ef_.ne10.warm0.06.wd0.1.seed4./checkpoint-110448/config.json
[INFO|modeling_utils.py:898] 2026-10-04 16:18:43,292 >> Model weights saved in checkpoints/glue/mnli/20261004/glue.mnli.prefix.am_prefix.ao_concat.fm_none.fo_parallel.abn.fbn.ac_add.fl_none.finit_lora.fs_4.unfrz_ef_.ne10.warm0.06.wd0.1.seed4./checkpoint-110448/pytorch_model.bin
[INFO|tokenization_utils_base.py:1948] 2026-10-04 16:18:43,293 >> tokenizer config file saved in checkpoints/glue/mnli/20261004/glue.mnli.prefix.am_prefix.ao_concat.fm_none.fo_parallel.abn.fbn.ac_add.fl_none.finit_lora.fs_4.unfrz_ef_.ne10.warm0.06.wd0.1.seed4./checkpoint-110448/tokenizer_config.json
[INFO|tokenization_utils_base.py:1954] 2026-10-04 16:18:43,293 >> Special tokens file saved in checkpoints/glue/mnli/20261004/glue.mnli.prefix.am_prefix.ao_concat.fm_none.fo_parallel.abn.fbn.ac_add.fl_none.finit_lora.fs_4.unfrz_ef_.ne10.warm0.06.wd0.1.seed4./checkpoint-110448/special_tokens_map.json
[INFO|trainer.py:2009] 2026-10-04 16:18:43,417 >> Deleting older checkpoint [checkpoints/glue/mnli/20261004/glue.mnli.prefix.am_prefix.ao_concat.fm_none.fo_parallel.abn.fbn.ac_add.fl_none.finit_lora.fs_4.unfrz_ef_.ne10.warm0.06.wd0.1.seed4./checkpoint-85904] due to args.save_total_limit
/work/unify-parameter-efficient-tuning/src/transformers/trainer.py:1784: FutureWarning: `torch.cuda.amp.autocast(args...)` is deprecated. Please use `torch.amp.autocast('cuda', args...)` instead.
  with autocast():
{'loss': 0.3598, 'learning_rate': 1.0760641839176116e-05, 'epoch': 9.0}
{'loss': 0.3621, 'learning_rate': 1.071734110059295e-05, 'epoch': 9.0}
{'loss': 0.4024, 'learning_rate': 1.0674040362009775e-05, 'epoch': 9.01}
{'loss': 0.3227, 'learning_rate': 1.0631605638198274e-05, 'epoch': 9.01}
{'loss': 0.3809, 'learning_rate': 1.0588304899615109e-05, 'epoch': 9.02}
{'loss': 0.4068, 'learning_rate': 1.0545004161031933e-05, 'epoch': 9.02}
{'loss': 0.3909, 'learning_rate': 1.050170342244877e-05, 'epoch': 9.02}
{'loss': 0.3425, 'learning_rate': 1.0458402683865604e-05, 'epoch': 9.03}
{'loss': 0.386, 'learning_rate': 1.0415101945282429e-05, 'epoch': 9.03}
{'loss': 0.3591, 'learning_rate': 1.0372667221470928e-05, 'epoch': 9.04}
{'loss': 0.3679, 'learning_rate': 1.0329366482887762e-05, 'epoch': 9.04}
{'loss': 0.3765, 'learning_rate': 1.0286065744304587e-05, 'epoch': 9.04}
{'loss': 0.374, 'learning_rate': 1.0242765005721422e-05, 'epoch': 9.05}
{'loss': 0.3441, 'learning_rate': 1.0199464267138246e-05, 'epoch': 9.05}
{'loss': 0.3604, 'learning_rate': 1.0156163528555081e-05, 'epoch': 9.06}
{'loss': 0.3895, 'learning_rate': 1.0112862789971918e-05, 'epoch': 9.06}
{'loss': 0.3524, 'learning_rate': 1.0069562051388742e-05, 'epoch': 9.07}
{'loss': 0.3821, 'learning_rate': 1.0026261312805577e-05, 'epoch': 9.07}
{'loss': 0.3678, 'learning_rate': 9.982960574222412e-06, 'epoch': 9.07}
{'loss': 0.3657, 'learning_rate': 9.939659835639236e-06, 'epoch': 9.08}
{'loss': 0.3792, 'learning_rate': 9.896359097056071e-06, 'epoch': 9.08}
{'loss': 0.3769, 'learning_rate': 9.853058358472907e-06, 'epoch': 9.09}
{'loss': 0.3892, 'learning_rate': 9.809757619889732e-06, 'epoch': 9.09}
{'loss': 0.3647, 'learning_rate': 9.766456881306567e-06, 'epoch': 9.09}
{'loss': 0.3834, 'learning_rate': 9.723156142723391e-06, 'epoch': 9.1}
{'loss': 0.365, 'learning_rate': 9.679855404140226e-06, 'epoch': 9.1}
{'loss': 0.3541, 'learning_rate': 9.636554665557063e-06, 'epoch': 9.11}
{'loss': 0.3601, 'learning_rate': 9.593253926973886e-06, 'epoch': 9.11}
{'loss': 0.3693, 'learning_rate': 9.549953188390722e-06, 'epoch': 9.11}
{'loss': 0.3605, 'learning_rate': 9.506652449807557e-06, 'epoch': 9.12}
{'loss': 0.3698, 'learning_rate': 9.463351711224381e-06, 'epoch': 9.12}
{'loss': 0.354, 'learning_rate': 9.420050972641216e-06, 'epoch': 9.13}
{'loss': 0.3292, 'learning_rate': 9.376750234058053e-06, 'epoch': 9.13}
{'loss': 0.3741, 'learning_rate': 9.333449495474877e-06, 'epoch': 9.13}
{'loss': 0.3944, 'learning_rate': 9.290148756891712e-06, 'epoch': 9.14}
{'loss': 0.3803, 'learning_rate': 9.246848018308536e-06, 'epoch': 9.14}
{'loss': 0.3518, 'learning_rate': 9.203547279725371e-06, 'epoch': 9.15}
{'loss': 0.3767, 'learning_rate': 9.160246541142206e-06, 'epoch': 9.15}
{'loss': 0.3739, 'learning_rate': 9.11694580255903e-06, 'epoch': 9.15}
{'loss': 0.3488, 'learning_rate': 9.073645063975867e-06, 'epoch': 9.16}
{'loss': 0.36, 'learning_rate': 9.030344325392702e-06, 'epoch': 9.16}
{'loss': 0.3544, 'learning_rate': 8.987043586809526e-06, 'epoch': 9.17}
{'loss': 0.3733, 'learning_rate': 8.943742848226361e-06, 'epoch': 9.17}
{'loss': 0.3884, 'learning_rate': 8.900442109643198e-06, 'epoch': 9.18}
{'loss': 0.3749, 'learning_rate': 8.85714137106002e-06, 'epoch': 9.18}
{'loss': 0.3983, 'learning_rate': 8.813840632476857e-06, 'epoch': 9.18}
{'loss': 0.3726, 'learning_rate': 8.770539893893692e-06, 'epoch': 9.19}
{'loss': 0.3958, 'learning_rate': 8.727239155310516e-06, 'epoch': 9.19}
{'loss': 0.3433, 'learning_rate': 8.683938416727351e-06, 'epoch': 9.2}
{'loss': 0.3513, 'learning_rate': 8.640637678144176e-06, 'epoch': 9.2}
{'loss': 0.3735, 'learning_rate': 8.59733693956101e-06, 'epoch': 9.2}
{'loss': 0.3742, 'learning_rate': 8.554036200977847e-06, 'epoch': 9.21}
{'loss': 0.3541, 'learning_rate': 8.510735462394671e-06, 'epoch': 9.21}
{'loss': 0.3813, 'learning_rate': 8.467434723811506e-06, 'epoch': 9.22}
{'loss': 0.3675, 'learning_rate': 8.424133985228341e-06, 'epoch': 9.22}
{'loss': 0.388, 'learning_rate': 8.38169926141683e-06, 'epoch': 9.22}
{'loss': 0.3635, 'learning_rate': 8.338398522833664e-06, 'epoch': 9.23}
{'loss': 0.361, 'learning_rate': 8.295097784250499e-06, 'epoch': 9.23}
{'loss': 0.3688, 'learning_rate': 8.251797045667324e-06, 'epoch': 9.24}
{'loss': 0.3808, 'learning_rate': 8.20849630708416e-06, 'epoch': 9.24}
{'loss': 0.3722, 'learning_rate': 8.165195568500995e-06, 'epoch': 9.24}
{'loss': 0.4183, 'learning_rate': 8.12189482991782e-06, 'epoch': 9.25}
{'loss': 0.3577, 'learning_rate': 8.078594091334654e-06, 'epoch': 9.25}
{'loss': 0.3712, 'learning_rate': 8.035293352751479e-06, 'epoch': 9.26}
{'loss': 0.3921, 'learning_rate': 7.991992614168313e-06, 'epoch': 9.26}
{'loss': 0.3719, 'learning_rate': 7.94869187558515e-06, 'epoch': 9.26}
{'loss': 0.3945, 'learning_rate': 7.905391137001975e-06, 'epoch': 9.27}
{'loss': 0.3833, 'learning_rate': 7.86209039841881e-06, 'epoch': 9.27}
{'loss': 0.3964, 'learning_rate': 7.818789659835644e-06, 'epoch': 9.28}
{'loss': 0.3981, 'learning_rate': 7.775488921252469e-06, 'epoch': 9.28}
{'loss': 0.3549, 'learning_rate': 7.732188182669303e-06, 'epoch': 9.29}
{'loss': 0.3667, 'learning_rate': 7.68888744408614e-06, 'epoch': 9.29}
{'loss': 0.3678, 'learning_rate': 7.645586705502963e-06, 'epoch': 9.29}
{'loss': 0.3903, 'learning_rate': 7.6022859669197975e-06, 'epoch': 9.3}
{'loss': 0.3515, 'learning_rate': 7.558985228336624e-06, 'epoch': 9.3}
{'loss': 0.3912, 'learning_rate': 7.515684489753458e-06, 'epoch': 9.31}
{'loss': 0.3739, 'learning_rate': 7.472383751170293e-06, 'epoch': 9.31}
{'loss': 0.3954, 'learning_rate': 7.429083012587118e-06, 'epoch': 9.31}
{'loss': 0.3498, 'learning_rate': 7.385782274003953e-06, 'epoch': 9.32}
{'loss': 0.3787, 'learning_rate': 7.342481535420788e-06, 'epoch': 9.32}
{'loss': 0.362, 'learning_rate': 7.299180796837613e-06, 'epoch': 9.33}
{'loss': 0.3616, 'learning_rate': 7.255880058254448e-06, 'epoch': 9.33}
{'loss': 0.4046, 'learning_rate': 7.212579319671284e-06, 'epoch': 9.33}
{'loss': 0.4047, 'learning_rate': 7.170144595859771e-06, 'epoch': 9.34}
{'loss': 0.4014, 'learning_rate': 7.1268438572766065e-06, 'epoch': 9.34}
{'loss': 0.367, 'learning_rate': 7.08354311869344e-06, 'epoch': 9.35}
{'loss': 0.3855, 'learning_rate': 7.040242380110265e-06, 'epoch': 9.35}
{'loss': 0.3726, 'learning_rate': 6.996941641527101e-06, 'epoch': 9.35}
{'loss': 0.391, 'learning_rate': 6.953640902943925e-06, 'epoch': 9.36}
{'loss': 0.3364, 'learning_rate': 6.910340164360761e-06, 'epoch': 9.36}
{'loss': 0.3603, 'learning_rate': 6.867039425777596e-06, 'epoch': 9.37}
{'loss': 0.3591, 'learning_rate': 6.82373868719442e-06, 'epoch': 9.37}
{'loss': 0.397, 'learning_rate': 6.780437948611256e-06, 'epoch': 9.38}
{'loss': 0.3664, 'learning_rate': 6.737137210028091e-06, 'epoch': 9.38}
{'loss': 0.3607, 'learning_rate': 6.693836471444916e-06, 'epoch': 9.38}
{'loss': 0.3408, 'learning_rate': 6.6505357328617515e-06, 'epoch': 9.39}
{'loss': 0.3817, 'learning_rate': 6.607234994278587e-06, 'epoch': 9.39}
{'loss': 0.3732, 'learning_rate': 6.563934255695412e-06, 'epoch': 9.4}
{'loss': 0.3763, 'learning_rate': 6.520633517112246e-06, 'epoch': 9.4}
{'loss': 0.3615, 'learning_rate': 6.47733277852907e-06, 'epoch': 9.4}
{'loss': 0.3668, 'learning_rate': 6.434032039945906e-06, 'epoch': 9.41}
{'loss': 0.3837, 'learning_rate': 6.3907313013627414e-06, 'epoch': 9.41}
{'loss': 0.372, 'learning_rate': 6.347430562779564e-06, 'epoch': 9.42}
{'loss': 0.4042, 'learning_rate': 6.3041298241964e-06, 'epoch': 9.42}
{'loss': 0.3616, 'learning_rate': 6.2608290856132355e-06, 'epoch': 9.42}
{'loss': 0.3781, 'learning_rate': 6.21752834703006e-06, 'epoch': 9.43}
{'loss': 0.39, 'learning_rate': 6.174227608446896e-06, 'epoch': 9.43}
{'loss': 0.3482, 'learning_rate': 6.130926869863731e-06, 'epoch': 9.44}
{'loss': 0.3475, 'learning_rate': 6.087626131280555e-06, 'epoch': 9.44}
{'loss': 0.3509, 'learning_rate': 6.044325392697391e-06, 'epoch': 9.44}
{'loss': 0.3694, 'learning_rate': 6.001024654114215e-06, 'epoch': 9.45}
{'loss': 0.3645, 'learning_rate': 5.95772391553105e-06, 'epoch': 9.45}
{'loss': 0.3474, 'learning_rate': 5.914423176947886e-06, 'epoch': 9.46}
{'loss': 0.3639, 'learning_rate': 5.87112243836471e-06, 'epoch': 9.46}
{'loss': 0.3874, 'learning_rate': 5.827821699781546e-06, 'epoch': 9.46}
{'loss': 0.3764, 'learning_rate': 5.784520961198381e-06, 'epoch': 9.47}
{'loss': 0.3848, 'learning_rate': 5.741220222615205e-06, 'epoch': 9.47}
{'loss': 0.3762, 'learning_rate': 5.697919484032041e-06, 'epoch': 9.48}
{'loss': 0.3538, 'learning_rate': 5.6546187454488755e-06, 'epoch': 9.48}
{'loss': 0.3617, 'learning_rate': 5.6113180068657e-06, 'epoch': 9.49}
{'loss': 0.3844, 'learning_rate': 5.568017268282536e-06, 'epoch': 9.49}
{'loss': 0.3727, 'learning_rate': 5.524716529699371e-06, 'epoch': 9.49}
{'loss': 0.3601, 'learning_rate': 5.481415791116195e-06, 'epoch': 9.5}
{'loss': 0.365, 'learning_rate': 5.438115052533031e-06, 'epoch': 9.5}
{'loss': 0.3845, 'learning_rate': 5.394814313949855e-06, 'epoch': 9.51}
{'loss': 0.3565, 'learning_rate': 5.35151357536669e-06, 'epoch': 9.51}
{'loss': 0.3384, 'learning_rate': 5.308212836783526e-06, 'epoch': 9.51}
{'loss': 0.3611, 'learning_rate': 5.26491209820035e-06, 'epoch': 9.52}
{'loss': 0.3663, 'learning_rate': 5.221611359617185e-06, 'epoch': 9.52}
{'loss': 0.3715, 'learning_rate': 5.178310621034021e-06, 'epoch': 9.53}
{'loss': 0.4136, 'learning_rate': 5.135009882450845e-06, 'epoch': 9.53}
{'loss': 0.3572, 'learning_rate': 5.09170914386768e-06, 'epoch': 9.53}
{'loss': 0.3526, 'learning_rate': 5.0484084052845155e-06, 'epoch': 9.54}
{'loss': 0.3533, 'learning_rate': 5.00510766670134e-06, 'epoch': 9.54}
{'loss': 0.3756, 'learning_rate': 4.961806928118176e-06, 'epoch': 9.55}
{'loss': 0.3315, 'learning_rate': 4.9185061895349995e-06, 'epoch': 9.55}
{'loss': 0.3727, 'learning_rate': 4.875205450951835e-06, 'epoch': 9.55}
{'loss': 0.3709, 'learning_rate': 4.831904712368671e-06, 'epoch': 9.56}
{'loss': 0.3581, 'learning_rate': 4.788603973785494e-06, 'epoch': 9.56}
{'loss': 0.3671, 'learning_rate': 4.74530323520233e-06, 'epoch': 9.57}
{'loss': 0.3983, 'learning_rate': 4.702002496619166e-06, 'epoch': 9.57}
{'loss': 0.4003, 'learning_rate': 4.658701758035989e-06, 'epoch': 9.57}
{'loss': 0.3789, 'learning_rate': 4.615401019452825e-06, 'epoch': 9.58}
{'loss': 0.353, 'learning_rate': 4.5721002808696606e-06, 'epoch': 9.58}
{'loss': 0.3751, 'learning_rate': 4.528799542286485e-06, 'epoch': 9.59}
{'loss': 0.3699, 'learning_rate': 4.48549880370332e-06, 'epoch': 9.59}
{'loss': 0.392, 'learning_rate': 4.4421980651201445e-06, 'epoch': 9.6}
{'loss': 0.392, 'learning_rate': 4.39889732653698e-06, 'epoch': 9.6}
{'loss': 0.3902, 'learning_rate': 4.355596587953815e-06, 'epoch': 9.6}
{'loss': 0.3864, 'learning_rate': 4.3122958493706395e-06, 'epoch': 9.61}
{'loss': 0.3804, 'learning_rate': 4.268995110787475e-06, 'epoch': 9.61}
{'loss': 0.3941, 'learning_rate': 4.225694372204311e-06, 'epoch': 9.62}
{'loss': 0.3558, 'learning_rate': 4.182393633621134e-06, 'epoch': 9.62}
{'loss': 0.3757, 'learning_rate': 4.13909289503797e-06, 'epoch': 9.62}
{'loss': 0.3779, 'learning_rate': 4.095792156454806e-06, 'epoch': 9.63}
{'loss': 0.3935, 'learning_rate': 4.052491417871629e-06, 'epoch': 9.63}
{'loss': 0.354, 'learning_rate': 4.009190679288465e-06, 'epoch': 9.64}
{'loss': 0.3478, 'learning_rate': 3.9658899407053006e-06, 'epoch': 9.64}
{'loss': 0.3839, 'learning_rate': 3.922589202122124e-06, 'epoch': 9.64}
{'loss': 0.3679, 'learning_rate': 3.87928846353896e-06, 'epoch': 9.65}
{'loss': 0.3693, 'learning_rate': 3.8359877249557845e-06, 'epoch': 9.65}
{'loss': 0.3394, 'learning_rate': 3.7926869863726197e-06, 'epoch': 9.66}
{'loss': 0.3731, 'learning_rate': 3.749386247789455e-06, 'epoch': 9.66}
{'loss': 0.3593, 'learning_rate': 3.7060855092062794e-06, 'epoch': 9.66}
{'loss': 0.3875, 'learning_rate': 3.662784770623114e-06, 'epoch': 9.67}
{'loss': 0.3826, 'learning_rate': 3.61948403203995e-06, 'epoch': 9.67}
{'loss': 0.3753, 'learning_rate': 3.5761832934567744e-06, 'epoch': 9.68}
{'loss': 0.3694, 'learning_rate': 3.5328825548736096e-06, 'epoch': 9.68}
{'loss': 0.3899, 'learning_rate': 3.489581816290445e-06, 'epoch': 9.68}
{'loss': 0.3658, 'learning_rate': 3.4462810777072698e-06, 'epoch': 9.69}
{'loss': 0.369, 'learning_rate': 3.4029803391241054e-06, 'epoch': 9.69}
{'loss': 0.3676, 'learning_rate': 3.359679600540929e-06, 'epoch': 9.7}
{'loss': 0.382, 'learning_rate': 3.316378861957764e-06, 'epoch': 9.7}
{'loss': 0.4035, 'learning_rate': 3.2730781233745995e-06, 'epoch': 9.71}
{'loss': 0.3707, 'learning_rate': 3.229777384791424e-06, 'epoch': 9.71}
{'loss': 0.3599, 'learning_rate': 3.1864766462082597e-06, 'epoch': 9.71}
{'loss': 0.3907, 'learning_rate': 3.143175907625095e-06, 'epoch': 9.72}
{'loss': 0.3767, 'learning_rate': 3.099875169041919e-06, 'epoch': 9.72}
{'loss': 0.3927, 'learning_rate': 3.0565744304587546e-06, 'epoch': 9.73}
{'loss': 0.3529, 'learning_rate': 3.014139706647253e-06, 'epoch': 9.73}
{'loss': 0.3905, 'learning_rate': 2.970838968064077e-06, 'epoch': 9.73}
{'loss': 0.3581, 'learning_rate': 2.9275382294809127e-06, 'epoch': 9.74}
{'loss': 0.3507, 'learning_rate': 2.884237490897748e-06, 'epoch': 9.74}
{'loss': 0.4065, 'learning_rate': 2.8409367523145725e-06, 'epoch': 9.75}
{'loss': 0.365, 'learning_rate': 2.7976360137314076e-06, 'epoch': 9.75}
{'loss': 0.3391, 'learning_rate': 2.754335275148232e-06, 'epoch': 9.75}
{'loss': 0.3826, 'learning_rate': 2.7110345365650674e-06, 'epoch': 9.76}
{'loss': 0.3545, 'learning_rate': 2.6677337979819026e-06, 'epoch': 9.76}
{'loss': 0.378, 'learning_rate': 2.624433059398727e-06, 'epoch': 9.77}
{'loss': 0.3331, 'learning_rate': 2.5811323208155624e-06, 'epoch': 9.77}
{'loss': 0.3438, 'learning_rate': 2.5378315822323975e-06, 'epoch': 9.77}
{'loss': 0.3819, 'learning_rate': 2.494530843649222e-06, 'epoch': 9.78}
{'loss': 0.3698, 'learning_rate': 2.4512301050660573e-06, 'epoch': 9.78}
{'loss': 0.3579, 'learning_rate': 2.407929366482893e-06, 'epoch': 9.79}
{'loss': 0.358, 'learning_rate': 2.364628627899717e-06, 'epoch': 9.79}
{'loss': 0.3494, 'learning_rate': 2.3213278893165523e-06, 'epoch': 9.79}
{'loss': 0.3865, 'learning_rate': 2.278027150733377e-06, 'epoch': 9.8}
{'loss': 0.3715, 'learning_rate': 2.234726412150212e-06, 'epoch': 9.8}
{'loss': 0.3649, 'learning_rate': 2.1914256735670476e-06, 'epoch': 9.81}
{'loss': 0.3956, 'learning_rate': 2.148124934983872e-06, 'epoch': 9.81}
{'loss': 0.3478, 'learning_rate': 2.104824196400707e-06, 'epoch': 9.82}
{'loss': 0.3596, 'learning_rate': 2.0615234578175426e-06, 'epoch': 9.82}
{'loss': 0.3708, 'learning_rate': 2.0182227192343668e-06, 'epoch': 9.82}
{'loss': 0.364, 'learning_rate': 1.9749219806512024e-06, 'epoch': 9.83}
{'loss': 0.3475, 'learning_rate': 1.9316212420680375e-06, 'epoch': 9.83}
{'loss': 0.3624, 'learning_rate': 1.8883205034848621e-06, 'epoch': 9.84}
{'loss': 0.3763, 'learning_rate': 1.8450197649016975e-06, 'epoch': 9.84}
{'loss': 0.3708, 'learning_rate': 1.8017190263185217e-06, 'epoch': 9.84}
{'loss': 0.3595, 'learning_rate': 1.7584182877353569e-06, 'epoch': 9.85}
{'loss': 0.3395, 'learning_rate': 1.7151175491521923e-06, 'epoch': 9.85}
{'loss': 0.3827, 'learning_rate': 1.6718168105690168e-06, 'epoch': 9.86}
{'loss': 0.3804, 'learning_rate': 1.628516071985852e-06, 'epoch': 9.86}
{'loss': 0.3966, 'learning_rate': 1.5852153334026874e-06, 'epoch': 9.86}
{'loss': 0.3532, 'learning_rate': 1.5419145948195118e-06, 'epoch': 9.87}
{'loss': 0.3739, 'learning_rate': 1.498613856236347e-06, 'epoch': 9.87}
{'loss': 0.3588, 'learning_rate': 1.4553131176531826e-06, 'epoch': 9.88}
{'loss': 0.3844, 'learning_rate': 1.4120123790700067e-06, 'epoch': 9.88}
{'loss': 0.3487, 'learning_rate': 1.368711640486842e-06, 'epoch': 9.88}
{'loss': 0.3466, 'learning_rate': 1.3254109019036775e-06, 'epoch': 9.89}
{'loss': 0.3527, 'learning_rate': 1.2821101633205017e-06, 'epoch': 9.89}
{'loss': 0.3588, 'learning_rate': 1.2388094247373373e-06, 'epoch': 9.9}
{'loss': 0.3488, 'learning_rate': 1.1955086861541615e-06, 'epoch': 9.9}
{'loss': 0.373, 'learning_rate': 1.1522079475709966e-06, 'epoch': 9.9}
{'loss': 0.3356, 'learning_rate': 1.1089072089878322e-06, 'epoch': 9.91}
{'loss': 0.3585, 'learning_rate': 1.0656064704046564e-06, 'epoch': 9.91}
{'loss': 0.3783, 'learning_rate': 1.022305731821492e-06, 'epoch': 9.92}
{'loss': 0.3758, 'learning_rate': 9.790049932383272e-07, 'epoch': 9.92}
{'loss': 0.3558, 'learning_rate': 9.357042546551516e-07, 'epoch': 9.93}
{'loss': 0.3626, 'learning_rate': 8.924035160719869e-07, 'epoch': 9.93}
{'loss': 0.4024, 'learning_rate': 8.491027774888224e-07, 'epoch': 9.93}
{'loss': 0.3934, 'learning_rate': 8.058020389056465e-07, 'epoch': 9.94}
{'loss': 0.3606, 'learning_rate': 7.63367315094145e-07, 'epoch': 9.94}
{'loss': 0.3911, 'learning_rate': 7.200665765109693e-07, 'epoch': 9.95}
{'loss': 0.3636, 'learning_rate': 6.767658379278047e-07, 'epoch': 9.95}
{'loss': 0.3737, 'learning_rate': 6.334650993446401e-07, 'epoch': 9.95}
{'loss': 0.4047, 'learning_rate': 5.901643607614644e-07, 'epoch': 9.96}
{'loss': 0.3949, 'learning_rate': 5.468636221782998e-07, 'epoch': 9.96}
{'loss': 0.3795, 'learning_rate': 5.035628835951352e-07, 'epoch': 9.97}
{'loss': 0.3745, 'learning_rate': 4.602621450119594e-07, 'epoch': 9.97}
{'loss': 0.3739, 'learning_rate': 4.169614064287948e-07, 'epoch': 9.97}
{'loss': 0.333, 'learning_rate': 3.736606678456301e-07, 'epoch': 9.98}
{'loss': 0.3715, 'learning_rate': 3.303599292624544e-07, 'epoch': 9.98}
{'loss': 0.364, 'learning_rate': 2.870591906792898e-07, 'epoch': 9.99}
{'loss': 0.3892, 'learning_rate': 2.4375845209612517e-07, 'epoch': 9.99}
{'loss': 0.3796, 'learning_rate': 2.0045771351294944e-07, 'epoch': 9.99}
{'loss': 0.3949, 'learning_rate': 1.5715697492978483e-07, 'epoch': 10.0}
[INFO|trainer.py:520] 2026-10-04 16:27:02,349 >> The following columns in the evaluation set  don't have a corresponding argument in `PETLEncModel.forward` and have been ignored: idx, hypothesis, premise.
[INFO|trainer.py:2179] 2026-10-04 16:27:02,351 >> ***** Running Evaluation *****
[INFO|trainer.py:2181] 2026-10-04 16:27:02,351 >>   Num examples = 9815
[INFO|trainer.py:2184] 2026-10-04 16:27:02,351 >>   Batch size = 32
{'eval_loss': 0.38068002462387085, 'eval_accuracy': 0.8638818135506877, 'eval_runtime': 14.8593, 'eval_samples_per_second': 660.529, 'eval_steps_per_second': 20.66, 'epoch': 10.0}
[INFO|trainer.py:1933] 2026-10-04 16:27:17,211 >> Saving model checkpoint to checkpoints/glue/mnli/20261004/glue.mnli.prefix.am_prefix.ao_concat.fm_none.fo_parallel.abn.fbn.ac_add.fl_none.finit_lora.fs_4.unfrz_ef_.ne10.warm0.06.wd0.1.seed4./checkpoint-122720
[INFO|configuration_utils.py:364] 2026-10-04 16:27:17,212 >> Configuration saved in checkpoints/glue/mnli/20261004/glue.mnli.prefix.am_prefix.ao_concat.fm_none.fo_parallel.abn.fbn.ac_add.fl_none.finit_lora.fs_4.unfrz_ef_.ne10.warm0.06.wd0.1.seed4./checkpoint-122720/config.json
[INFO|modeling_utils.py:898] 2026-10-04 16:27:17,540 >> Model weights saved in checkpoints/glue/mnli/20261004/glue.mnli.prefix.am_prefix.ao_concat.fm_none.fo_parallel.abn.fbn.ac_add.fl_none.finit_lora.fs_4.unfrz_ef_.ne10.warm0.06.wd0.1.seed4./checkpoint-122720/pytorch_model.bin
[INFO|tokenization_utils_base.py:1948] 2026-10-04 16:27:17,540 >> tokenizer config file saved in checkpoints/glue/mnli/20261004/glue.mnli.prefix.am_prefix.ao_concat.fm_none.fo_parallel.abn.fbn.ac_add.fl_none.finit_lora.fs_4.unfrz_ef_.ne10.warm0.06.wd0.1.seed4./checkpoint-122720/tokenizer_config.json
[INFO|tokenization_utils_base.py:1954] 2026-10-04 16:27:17,541 >> Special tokens file saved in checkpoints/glue/mnli/20261004/glue.mnli.prefix.am_prefix.ao_concat.fm_none.fo_parallel.abn.fbn.ac_add.fl_none.finit_lora.fs_4.unfrz_ef_.ne10.warm0.06.wd0.1.seed4./checkpoint-122720/special_tokens_map.json
[INFO|trainer.py:2009] 2026-10-04 16:27:17,673 >> Deleting older checkpoint [checkpoints/glue/mnli/20261004/glue.mnli.prefix.am_prefix.ao_concat.fm_none.fo_parallel.abn.fbn.ac_add.fl_none.finit_lora.fs_4.unfrz_ef_.ne10.warm0.06.wd0.1.seed4./checkpoint-98176] due to args.save_total_limit
[INFO|trainer.py:1382] 2026-10-04 16:27:17,692 >> 

Training completed. Do not forget to share your model on huggingface.co/models =)


[INFO|trainer.py:1390] 2026-10-04 16:27:17,692 >> Loading best model from checkpoints/glue/mnli/20261004/glue.mnli.prefix.am_prefix.ao_concat.fm_none.fo_parallel.abn.fbn.ac_add.fl_none.finit_lora.fs_4.unfrz_ef_.ne10.warm0.06.wd0.1.seed4./checkpoint-122720 (score: 0.8638818135506877).
{'train_runtime': 5223.9216, 'train_samples_per_second': 751.738, 'train_steps_per_second': 23.492, 'train_loss': 0.44985315158594075, 'epoch': 10.0}
[INFO|trainer.py:1933] 2026-10-04 16:27:17,883 >> Saving model checkpoint to checkpoints/glue/mnli/20261004/glue.mnli.prefix.am_prefix.ao_concat.fm_none.fo_parallel.abn.fbn.ac_add.fl_none.finit_lora.fs_4.unfrz_ef_.ne10.warm0.06.wd0.1.seed4.
[INFO|configuration_utils.py:364] 2026-10-04 16:27:17,883 >> Configuration saved in checkpoints/glue/mnli/20261004/glue.mnli.prefix.am_prefix.ao_concat.fm_none.fo_parallel.abn.fbn.ac_add.fl_none.finit_lora.fs_4.unfrz_ef_.ne10.warm0.06.wd0.1.seed4./config.json
[INFO|modeling_utils.py:898] 2026-10-04 16:27:18,212 >> Model weights saved in checkpoints/glue/mnli/20261004/glue.mnli.prefix.am_prefix.ao_concat.fm_none.fo_parallel.abn.fbn.ac_add.fl_none.finit_lora.fs_4.unfrz_ef_.ne10.warm0.06.wd0.1.seed4./pytorch_model.bin
[INFO|tokenization_utils_base.py:1948] 2026-10-04 16:27:18,213 >> tokenizer config file saved in checkpoints/glue/mnli/20261004/glue.mnli.prefix.am_prefix.ao_concat.fm_none.fo_parallel.abn.fbn.ac_add.fl_none.finit_lora.fs_4.unfrz_ef_.ne10.warm0.06.wd0.1.seed4./tokenizer_config.json
[INFO|tokenization_utils_base.py:1954] 2026-10-04 16:27:18,213 >> Special tokens file saved in checkpoints/glue/mnli/20261004/glue.mnli.prefix.am_prefix.ao_concat.fm_none.fo_parallel.abn.fbn.ac_add.fl_none.finit_lora.fs_4.unfrz_ef_.ne10.warm0.06.wd0.1.seed4./special_tokens_map.json
***** train metrics *****
  epoch                    =       10.0
  train_loss               =     0.4499
  train_runtime            = 1:27:03.92
  train_samples            =     392702
  train_samples_per_second =    751.738
  train_steps_per_second   =     23.492
10/04/2026 16:27:18 - INFO - __main__ -   *** Evaluate ***
[INFO|trainer.py:520] 2026-10-04 16:27:18,276 >> The following columns in the evaluation set  don't have a corresponding argument in `PETLEncModel.forward` and have been ignored: idx, hypothesis, premise.
[INFO|trainer.py:2179] 2026-10-04 16:27:18,277 >> ***** Running Evaluation *****
[INFO|trainer.py:2181] 2026-10-04 16:27:18,277 >>   Num examples = 9815
[INFO|trainer.py:2184] 2026-10-04 16:27:18,277 >>   Batch size = 32
{'eval_loss': 0.38068002462387085, 'eval_accuracy': 0.8638818135506877, 'eval_runtime': 14.8529, 'eval_samples_per_second': 660.814, 'eval_steps_per_second': 20.669, 'epoch': 10.0}
***** eval metrics *****
  epoch                   =       10.0
  eval_accuracy           =     0.8639
  eval_loss               =     0.3807
  eval_runtime            = 0:00:14.85
  eval_samples            =       9815
  eval_samples_per_second =    660.814
  eval_steps_per_second   =     20.669
[INFO|trainer.py:520] 2026-10-04 16:27:33,132 >> The following columns in the evaluation set  don't have a corresponding argument in `PETLEncModel.forward` and have been ignored: idx, hypothesis, premise.
[INFO|trainer.py:2179] 2026-10-04 16:27:33,133 >> ***** Running Evaluation *****
[INFO|trainer.py:2181] 2026-10-04 16:27:33,133 >>   Num examples = 9832
[INFO|trainer.py:2184] 2026-10-04 16:27:33,133 >>   Batch size = 32
{'eval_loss': 0.38141366839408875, 'eval_accuracy': 0.8597436940602116, 'eval_runtime': 15.0508, 'eval_samples_per_second': 653.253, 'eval_steps_per_second': 20.464, 'epoch': 10.0}
***** eval metrics *****
  epoch                   =       10.0
  eval_accuracy           =     0.8597
  eval_loss               =     0.3814
  eval_runtime            = 0:00:15.05
  eval_samples            =       9815
  eval_samples_per_second =    653.253
  eval_steps_per_second   =     20.464
