checkpoints/glue/mnli/20261004/glue.mnli.prefix.am_prefix.ao_concat.fm_none.fo_parallel.abn.fbn.ac_add.fl_none.finit_lora.fs_4.unfrz_ef_.ne10.warm0.06.wd0.1.seed2.
10/04/2026 14:55:11 - WARNING - __main__ -   Process rank: -1, device: cuda:0, n_gpu: 1distributed training: False, 16-bits training: True
10/04/2026 14:55:11 - INFO - __main__ -   Training/evaluation parameters TrainingArguments(
_n_gpu=1,
adafactor=False,
adam_beta1=0.9,
adam_beta2=0.98,
adam_epsilon=1e-06,
dataloader_drop_last=False,
dataloader_num_workers=0,
dataloader_pin_memory=True,
ddp_find_unused_parameters=False,
debug=[],
deepspeed=None,
disable_tqdm=True,
do_eval=True,
do_predict=False,
do_train=True,
eval_accumulation_steps=None,
eval_steps=5000,
evaluation_strategy=IntervalStrategy.EPOCH,
fp16=True,
fp16_backend=auto,
fp16_full_eval=False,
fp16_opt_level=O1,
gradient_accumulation_steps=1,
greater_is_better=True,
group_by_length=False,
ignore_data_skip=False,
label_names=None,
label_smoothing_factor=0.0,
learning_rate=0.0001,
length_column_name=length,
load_best_model_at_end=True,
local_rank=-1,
log_level=-1,
log_level_replica=-1,
log_on_each_node=True,
logging_dir=checkpoints/glue/mnli/20261004/glue.mnli.prefix.am_prefix.ao_concat.fm_none.fo_parallel.abn.fbn.ac_add.fl_none.finit_lora.fs_4.unfrz_ef_.ne10.warm0.06.wd0.1.seed2./runs/Oct04_14-55-11_j-12410940-job-0,
logging_first_step=False,
logging_steps=50,
logging_strategy=IntervalStrategy.STEPS,
lr_scheduler_type=SchedulerType.POLYNOMIAL,
max_grad_norm=1.0,
max_steps=-1,
metric_for_best_model=accuracy,
mp_parameters=,
no_cuda=False,
num_train_epochs=10.0,
output_dir=checkpoints/glue/mnli/20261004/glue.mnli.prefix.am_prefix.ao_concat.fm_none.fo_parallel.abn.fbn.ac_add.fl_none.finit_lora.fs_4.unfrz_ef_.ne10.warm0.06.wd0.1.seed2.,
overwrite_output_dir=True,
past_index=-1,
per_device_eval_batch_size=32,
per_device_train_batch_size=32,
prediction_loss_only=False,
push_to_hub=False,
push_to_hub_model_id=glue.mnli.prefix.am_prefix.ao_concat.fm_none.fo_parallel.abn.fbn.ac_add.fl_none.finit_lora.fs_4.unfrz_ef_.ne10.warm0.06.wd0.1.seed2.,
push_to_hub_organization=None,
push_to_hub_token=None,
remove_unused_columns=True,
report_to=[],
resume_from_checkpoint=None,
run_name=mnli.20261004.glue.mnli.prefix.am_prefix.ao_concat.fm_none.fo_parallel.abn.fbn.ac_add.fl_none.finit_lora.fs_4.unfrz_ef_.ne10.warm0.06.wd0.1.seed2.,
save_steps=5000,
save_strategy=IntervalStrategy.EPOCH,
save_total_limit=2,
seed=2,
sharded_ddp=[],
skip_memory_metrics=True,
tpu_metrics_debug=False,
tpu_num_cores=None,
use_legacy_prediction_loop=False,
warmup_ratio=0.06,
warmup_steps=0,
weight_decay=0.1,
)
10/04/2026 14:55:12 - WARNING - datasets.builder -   Reusing dataset glue (checkpoints/hf_model/glue/mnli/1.0.0/dacbe3125aa31d7f70367a07a8a9e72a5a0bfeb5fc42e75c9db75b96da6053ad)
[INFO|configuration_utils.py:528] 2026-10-04 14:55:12,762 >> loading configuration file /work/unify-parameter-efficient-tuning/_setup/models/roberta-base/config.json
[INFO|configuration_utils.py:566] 2026-10-04 14:55:12,762 >> Model config RobertaConfig {
  "architectures": [
    "RobertaForMaskedLM"
  ],
  "attention_probs_dropout_prob": 0.1,
  "bos_token_id": 0,
  "eos_token_id": 2,
  "finetuning_task": "mnli",
  "gradient_checkpointing": false,
  "hidden_act": "gelu",
  "hidden_dropout_prob": 0.1,
  "hidden_size": 768,
  "id2label": {
    "0": "LABEL_0",
    "1": "LABEL_1",
    "2": "LABEL_2"
  },
  "initializer_range": 0.02,
  "intermediate_size": 3072,
  "label2id": {
    "LABEL_0": 0,
    "LABEL_1": 1,
    "LABEL_2": 2
  },
  "layer_norm_eps": 1e-05,
  "max_position_embeddings": 514,
  "model_type": "roberta",
  "num_attention_heads": 12,
  "num_hidden_layers": 12,
  "pad_token_id": 1,
  "position_embedding_type": "absolute",
  "transformers_version": "4.9.0.dev0",
  "type_vocab_size": 1,
  "use_cache": true,
  "vocab_size": 50265
}

[INFO|tokenization_auto.py:427] 2026-10-04 14:55:12,762 >> Could not locate the tokenizer configuration file, will try to use the model config instead.
[INFO|configuration_utils.py:528] 2026-10-04 14:55:12,762 >> loading configuration file /work/unify-parameter-efficient-tuning/_setup/models/roberta-base/config.json
[INFO|configuration_utils.py:566] 2026-10-04 14:55:12,762 >> Model config RobertaConfig {
  "architectures": [
    "RobertaForMaskedLM"
  ],
  "attention_probs_dropout_prob": 0.1,
  "bos_token_id": 0,
  "eos_token_id": 2,
  "gradient_checkpointing": false,
  "hidden_act": "gelu",
  "hidden_dropout_prob": 0.1,
  "hidden_size": 768,
  "initializer_range": 0.02,
  "intermediate_size": 3072,
  "layer_norm_eps": 1e-05,
  "max_position_embeddings": 514,
  "model_type": "roberta",
  "num_attention_heads": 12,
  "num_hidden_layers": 12,
  "pad_token_id": 1,
  "position_embedding_type": "absolute",
  "transformers_version": "4.9.0.dev0",
  "type_vocab_size": 1,
  "use_cache": true,
  "vocab_size": 50265
}

[INFO|tokenization_utils_base.py:1651] 2026-10-04 14:55:12,762 >> Didn't find file /work/unify-parameter-efficient-tuning/_setup/models/roberta-base/added_tokens.json. We won't load it.
[INFO|tokenization_utils_base.py:1651] 2026-10-04 14:55:12,763 >> Didn't find file /work/unify-parameter-efficient-tuning/_setup/models/roberta-base/special_tokens_map.json. We won't load it.
[INFO|tokenization_utils_base.py:1651] 2026-10-04 14:55:12,763 >> Didn't find file /work/unify-parameter-efficient-tuning/_setup/models/roberta-base/tokenizer_config.json. We won't load it.
[INFO|tokenization_utils_base.py:1715] 2026-10-04 14:55:12,763 >> loading file /work/unify-parameter-efficient-tuning/_setup/models/roberta-base/vocab.json
[INFO|tokenization_utils_base.py:1715] 2026-10-04 14:55:12,763 >> loading file /work/unify-parameter-efficient-tuning/_setup/models/roberta-base/merges.txt
[INFO|tokenization_utils_base.py:1715] 2026-10-04 14:55:12,763 >> loading file /work/unify-parameter-efficient-tuning/_setup/models/roberta-base/tokenizer.json
[INFO|tokenization_utils_base.py:1715] 2026-10-04 14:55:12,763 >> loading file None
[INFO|tokenization_utils_base.py:1715] 2026-10-04 14:55:12,763 >> loading file None
[INFO|tokenization_utils_base.py:1715] 2026-10-04 14:55:12,763 >> loading file None
[INFO|modeling_utils.py:1159] 2026-10-04 14:55:12,795 >> loading weights file /work/unify-parameter-efficient-tuning/_setup/models/roberta-base/pytorch_model.bin
============================ init weights is called! ====================================
============================ init weights is called! ====================================
[WARNING|modeling_utils.py:1336] 2026-10-04 14:55:13,900 >> Some weights of the model checkpoint at /work/unify-parameter-efficient-tuning/_setup/models/roberta-base were not used when initializing RobertaForSequenceClassification: ['roberta.pooler.dense.weight', 'lm_head.decoder.weight', 'lm_head.layer_norm.weight', 'roberta.pooler.dense.bias', 'lm_head.dense.weight', 'lm_head.bias', 'lm_head.layer_norm.bias', 'lm_head.dense.bias']
- This IS expected if you are initializing RobertaForSequenceClassification from the checkpoint of a model trained on another task or with another architecture (e.g. initializing a BertForSequenceClassification model from a BertForPreTraining model).
- This IS NOT expected if you are initializing RobertaForSequenceClassification from the checkpoint of a model that you expect to be exactly identical (initializing a BertForSequenceClassification model from a BertForSequenceClassification model).
[WARNING|modeling_utils.py:1347] 2026-10-04 14:55:13,901 >> Some weights of RobertaForSequenceClassification were not initialized from the model checkpoint at /work/unify-parameter-efficient-tuning/_setup/models/roberta-base and are newly initialized: ['classifier.out_proj.weight', 'classifier.dense.weight', 'classifier.dense.bias', 'classifier.out_proj.bias']
You should probably TRAIN this model on a down-stream task to be able to use it for predictions and inference.
10/04/2026 14:55:14 - WARNING - datasets.fingerprint -   Parameter 'function'=<function main.<locals>.preprocess_function at 0x7f36968e3e50> of the transform datasets.arrow_dataset.Dataset._map_single couldn't be hashed properly, a random hash was used instead. Make sure your transforms and parameters are serializable with pickle or dill for the dataset fingerprinting and caching to work. If you reuse this transform, the caching mechanism will consider it to be different from the previous calls and recompute everything. This warning is only showed once. Subsequent hashing failures won't be showed.
10/04/2026 14:55:14 - WARNING - datasets.arrow_dataset -   Loading cached processed dataset at checkpoints/hf_model/glue/mnli/1.0.0/dacbe3125aa31d7f70367a07a8a9e72a5a0bfeb5fc42e75c9db75b96da6053ad/cache-dcf4bb99f4bea973.arrow
10/04/2026 14:55:14 - WARNING - datasets.arrow_dataset -   Loading cached processed dataset at checkpoints/hf_model/glue/mnli/1.0.0/dacbe3125aa31d7f70367a07a8a9e72a5a0bfeb5fc42e75c9db75b96da6053ad/cache-d95bafc8f2a4d27b.arrow
10/04/2026 14:55:14 - WARNING - datasets.arrow_dataset -   Loading cached processed dataset at checkpoints/hf_model/glue/mnli/1.0.0/dacbe3125aa31d7f70367a07a8a9e72a5a0bfeb5fc42e75c9db75b96da6053ad/cache-177219d30e7a269f.arrow
10/04/2026 14:55:14 - WARNING - datasets.arrow_dataset -   Loading cached processed dataset at checkpoints/hf_model/glue/mnli/1.0.0/dacbe3125aa31d7f70367a07a8a9e72a5a0bfeb5fc42e75c9db75b96da6053ad/cache-5c6e433715ba2bdd.arrow
10/04/2026 14:55:14 - WARNING - datasets.arrow_dataset -   Loading cached processed dataset at checkpoints/hf_model/glue/mnli/1.0.0/dacbe3125aa31d7f70367a07a8a9e72a5a0bfeb5fc42e75c9db75b96da6053ad/cache-2b491044d5e34124.arrow
10/04/2026 14:55:14 - INFO - __main__ -   Sample 385860 of the training set: {'attention_mask': [1, 1, 1, 1, 1, 1, 1, 1, 1, 1, 1, 1, 1, 1, 1, 1, 1, 1, 1, 1, 1, 1, 1, 1, 1, 1, 1, 1, 1, 1, 1, 1, 1], 'hypothesis': 'James VI was loved by all. ', 'idx': 385860, 'input_ids': [0, 24877, 21, 1654, 560, 4091, 417, 14263, 11, 379, 4111, 6, 8, 5, 12099, 13705, 21, 19061, 25, 957, 11663, 4, 2, 2, 18031, 11663, 21, 2638, 30, 70, 4, 1437, 2], 'label': 1, 'premise': 'Mary was forcedto abdicate in 1567, and the infant prince was crowned as James VI.'}.
10/04/2026 14:55:14 - INFO - __main__ -   Sample 351131 of the training set: {'attention_mask': [1, 1, 1, 1, 1, 1, 1, 1, 1, 1, 1, 1, 1, 1, 1, 1, 1, 1, 1, 1, 1, 1, 1, 1, 1, 1, 1, 1, 1, 1, 1, 1, 1, 1, 1, 1, 1, 1, 1, 1, 1, 1, 1, 1, 1], 'hypothesis': 'The majority of legal immigrants do not require access to government housing.', 'idx': 351131, 'input_ids': [0, 250, 8008, 752, 6642, 488, 8254, 659, 31, 34180, 2963, 6, 12000, 1030, 4175, 899, 7, 168, 2004, 8, 6642, 150, 202, 7980, 106, 7, 582, 2556, 4, 2, 2, 133, 1647, 9, 1030, 4175, 109, 45, 2703, 899, 7, 168, 2004, 4, 2], 'label': 1, 'premise': 'A 1996 federal welfare law separated rights from entitlements, denying legal immigrants access to government housing and welfare while still requiring them to pay taxes.'}.
10/04/2026 14:55:14 - INFO - __main__ -   Sample 161552 of the training set: {'attention_mask': [1, 1, 1, 1, 1, 1, 1, 1, 1, 1, 1, 1, 1, 1, 1, 1, 1, 1, 1, 1, 1, 1, 1, 1, 1, 1, 1, 1, 1, 1, 1, 1, 1, 1, 1, 1, 1, 1, 1, 1, 1, 1, 1, 1, 1, 1, 1, 1, 1, 1, 1, 1, 1, 1, 1, 1, 1, 1, 1, 1, 1, 1, 1, 1, 1, 1, 1, 1, 1, 1, 1, 1, 1, 1, 1, 1, 1, 1, 1, 1, 1, 1, 1, 1, 1, 1, 1, 1, 1, 1, 1, 1, 1, 1], 'hypothesis': 'Raphael\'s "Veiled Woman" was made to look like she\'s imitating the same pose as the Mona Lisa.', 'idx': 161552, 'input_ids': [0, 500, 47738, 16, 157, 4625, 30, 10, 194, 352, 10978, 6691, 9117, 36, 31908, 290, 6, 21217, 238, 10, 4187, 23064, 9, 5, 8381, 8, 12188, 337, 4242, 1599, 118, 36, 31908, 361, 6, 25012, 238, 12507, 4356, 22257, 5, 7277, 9, 20683, 2955, 11737, 2520, 18, 3385, 102, 5769, 6, 8, 221, 4950, 26665, 2691, 36, 31908, 158, 6, 38, 3572, 625, 322, 2, 2, 500, 47738, 18, 22, 30660, 6691, 9117, 113, 21, 156, 7, 356, 101, 79, 18, 4356, 22257, 5, 276, 7277, 25, 5, 3385, 102, 5769, 4, 2], 'label': 0, 'premise': "Raphael is well represented by a stately Veiled Woman (Hall 8, Jupiter), a classic Madonna of the Chair and Maddalena Doni (Hall 9, Saturn), deliberately imitating the pose of Leonardo da Vinci's Mona Lisa, and Pregnant Women (Hall 10, Iliad)."}.
[INFO|trainer.py:420] 2026-10-04 14:55:15,738 >> Using amp fp16 backend
/work/unify-parameter-efficient-tuning/src/transformers/trainer.py:430: FutureWarning: `torch.cuda.amp.GradScaler(args...)` is deprecated. Please use `torch.amp.GradScaler('cuda', args...)` instead.
  self.scaler = torch.cuda.amp.GradScaler()
[INFO|trainer.py:520] 2026-10-04 14:55:15,738 >> The following columns in the training set  don't have a corresponding argument in `PETLEncModel.forward` and have been ignored: premise, idx, hypothesis.
[INFO|trainer.py:1183] 2026-10-04 14:55:16,529 >> ***** Running training *****
[INFO|trainer.py:1184] 2026-10-04 14:55:16,529 >>   Num examples = 392702
[INFO|trainer.py:1185] 2026-10-04 14:55:16,529 >>   Num Epochs = 10
[INFO|trainer.py:1186] 2026-10-04 14:55:16,529 >>   Instantaneous batch size per device = 32
[INFO|trainer.py:1187] 2026-10-04 14:55:16,529 >>   Total train batch size (w. parallel, distributed & accumulation) = 32
[INFO|trainer.py:1188] 2026-10-04 14:55:16,529 >>   Gradient Accumulation steps = 1
[INFO|trainer.py:1189] 2026-10-04 14:55:16,529 >>   Total optimization steps = 122720
/work/unify-parameter-efficient-tuning/src/transformers/trainer.py:1784: FutureWarning: `torch.cuda.amp.autocast(args...)` is deprecated. Please use `torch.amp.autocast('cuda', args...)` instead.
  with autocast():
{'loss': 1.1034, 'learning_rate': 6.789788158609453e-07, 'epoch': 0.0}
{'loss': 1.1021, 'learning_rate': 1.3579576317218905e-06, 'epoch': 0.01}
{'loss': 1.1054, 'learning_rate': 2.0369364475828354e-06, 'epoch': 0.01}
{'loss': 1.102, 'learning_rate': 2.715915263443781e-06, 'epoch': 0.02}
{'loss': 1.1023, 'learning_rate': 3.3948940793047257e-06, 'epoch': 0.02}
{'loss': 1.1008, 'learning_rate': 4.073872895165671e-06, 'epoch': 0.02}
{'loss': 1.1022, 'learning_rate': 4.752851711026616e-06, 'epoch': 0.03}
{'loss': 1.1038, 'learning_rate': 5.431830526887562e-06, 'epoch': 0.03}
{'loss': 1.1045, 'learning_rate': 6.110809342748506e-06, 'epoch': 0.04}
{'loss': 1.104, 'learning_rate': 6.7897881586094514e-06, 'epoch': 0.04}
{'loss': 1.1055, 'learning_rate': 7.468766974470397e-06, 'epoch': 0.04}
{'loss': 1.1029, 'learning_rate': 8.147745790331342e-06, 'epoch': 0.05}
{'loss': 1.1041, 'learning_rate': 8.826724606192287e-06, 'epoch': 0.05}
{'loss': 1.1025, 'learning_rate': 9.505703422053232e-06, 'epoch': 0.06}
{'loss': 1.1005, 'learning_rate': 1.0184682237914179e-05, 'epoch': 0.06}
{'loss': 1.1041, 'learning_rate': 1.0863661053775124e-05, 'epoch': 0.07}
{'loss': 1.1013, 'learning_rate': 1.1542639869636067e-05, 'epoch': 0.07}
{'loss': 1.1017, 'learning_rate': 1.2221618685497013e-05, 'epoch': 0.07}
{'loss': 1.1015, 'learning_rate': 1.2900597501357958e-05, 'epoch': 0.08}
{'loss': 1.1009, 'learning_rate': 1.3579576317218903e-05, 'epoch': 0.08}
{'loss': 1.1032, 'learning_rate': 1.4258555133079848e-05, 'epoch': 0.09}
{'loss': 1.1007, 'learning_rate': 1.4937533948940793e-05, 'epoch': 0.09}
{'loss': 1.0997, 'learning_rate': 1.561651276480174e-05, 'epoch': 0.09}
{'loss': 1.1003, 'learning_rate': 1.6295491580662683e-05, 'epoch': 0.1}
{'loss': 1.1004, 'learning_rate': 1.6974470396523627e-05, 'epoch': 0.1}
{'loss': 1.1023, 'learning_rate': 1.7653449212384574e-05, 'epoch': 0.11}
{'loss': 1.0989, 'learning_rate': 1.8332428028245517e-05, 'epoch': 0.11}
{'loss': 1.1004, 'learning_rate': 1.8997827267789246e-05, 'epoch': 0.11}
{'loss': 1.0994, 'learning_rate': 1.967680608365019e-05, 'epoch': 0.12}
{'loss': 1.0975, 'learning_rate': 2.0355784899511136e-05, 'epoch': 0.12}
{'loss': 1.0999, 'learning_rate': 2.103476371537208e-05, 'epoch': 0.13}
{'loss': 1.102, 'learning_rate': 2.1713742531233027e-05, 'epoch': 0.13}
{'loss': 1.1008, 'learning_rate': 2.2392721347093974e-05, 'epoch': 0.13}
{'loss': 1.0988, 'learning_rate': 2.3071700162954917e-05, 'epoch': 0.14}
{'loss': 1.1008, 'learning_rate': 2.3750678978815864e-05, 'epoch': 0.14}
{'loss': 1.098, 'learning_rate': 2.4429657794676807e-05, 'epoch': 0.15}
{'loss': 1.0982, 'learning_rate': 2.510863661053775e-05, 'epoch': 0.15}
{'loss': 1.0989, 'learning_rate': 2.5787615426398698e-05, 'epoch': 0.15}
{'loss': 1.0987, 'learning_rate': 2.646659424225964e-05, 'epoch': 0.16}
{'loss': 1.0988, 'learning_rate': 2.7145573058120588e-05, 'epoch': 0.16}
{'loss': 1.0987, 'learning_rate': 2.7824551873981535e-05, 'epoch': 0.17}
{'loss': 1.099, 'learning_rate': 2.8503530689842478e-05, 'epoch': 0.17}
{'loss': 1.0954, 'learning_rate': 2.9182509505703425e-05, 'epoch': 0.18}
{'loss': 1.0955, 'learning_rate': 2.986148832156437e-05, 'epoch': 0.18}
{'loss': 1.0944, 'learning_rate': 3.0540467137425315e-05, 'epoch': 0.18}
{'loss': 1.0824, 'learning_rate': 3.1219445953286255e-05, 'epoch': 0.19}
{'loss': 1.0811, 'learning_rate': 3.189842476914721e-05, 'epoch': 0.19}
{'loss': 1.0579, 'learning_rate': 3.257740358500815e-05, 'epoch': 0.2}
{'loss': 1.0271, 'learning_rate': 3.3256382400869096e-05, 'epoch': 0.2}
{'loss': 0.9968, 'learning_rate': 3.3935361216730036e-05, 'epoch': 0.2}
{'loss': 0.9858, 'learning_rate': 3.461434003259098e-05, 'epoch': 0.21}
{'loss': 0.958, 'learning_rate': 3.529331884845193e-05, 'epoch': 0.21}
{'loss': 0.9195, 'learning_rate': 3.5972297664312876e-05, 'epoch': 0.22}
{'loss': 0.8954, 'learning_rate': 3.6651276480173817e-05, 'epoch': 0.22}
{'loss': 0.8866, 'learning_rate': 3.7330255296034763e-05, 'epoch': 0.22}
{'loss': 0.892, 'learning_rate': 3.800923411189571e-05, 'epoch': 0.23}
{'loss': 0.8533, 'learning_rate': 3.868821292775666e-05, 'epoch': 0.23}
{'loss': 0.8304, 'learning_rate': 3.93671917436176e-05, 'epoch': 0.24}
{'loss': 0.8283, 'learning_rate': 4.0046170559478544e-05, 'epoch': 0.24}
{'loss': 0.7904, 'learning_rate': 4.072514937533949e-05, 'epoch': 0.24}
{'loss': 0.7681, 'learning_rate': 4.139054861488322e-05, 'epoch': 0.25}
{'loss': 0.7826, 'learning_rate': 4.206952743074416e-05, 'epoch': 0.25}
{'loss': 0.7717, 'learning_rate': 4.274850624660511e-05, 'epoch': 0.26}
{'loss': 0.7522, 'learning_rate': 4.3427485062466054e-05, 'epoch': 0.26}
{'loss': 0.7358, 'learning_rate': 4.4106463878327e-05, 'epoch': 0.26}
{'loss': 0.7388, 'learning_rate': 4.478544269418795e-05, 'epoch': 0.27}
{'loss': 0.7432, 'learning_rate': 4.546442151004889e-05, 'epoch': 0.27}
{'loss': 0.7429, 'learning_rate': 4.6143400325909834e-05, 'epoch': 0.28}
{'loss': 0.7361, 'learning_rate': 4.682237914177078e-05, 'epoch': 0.28}
{'loss': 0.7112, 'learning_rate': 4.750135795763173e-05, 'epoch': 0.29}
{'loss': 0.6687, 'learning_rate': 4.818033677349267e-05, 'epoch': 0.29}
{'loss': 0.7333, 'learning_rate': 4.8859315589353615e-05, 'epoch': 0.29}
{'loss': 0.6894, 'learning_rate': 4.9538294405214555e-05, 'epoch': 0.3}
{'loss': 0.6955, 'learning_rate': 5.02172732210755e-05, 'epoch': 0.3}
{'loss': 0.7131, 'learning_rate': 5.0896252036936455e-05, 'epoch': 0.31}
{'loss': 0.708, 'learning_rate': 5.1575230852797395e-05, 'epoch': 0.31}
{'loss': 0.7357, 'learning_rate': 5.2254209668658335e-05, 'epoch': 0.31}
{'loss': 0.6941, 'learning_rate': 5.293318848451928e-05, 'epoch': 0.32}
{'loss': 0.6726, 'learning_rate': 5.3612167300380236e-05, 'epoch': 0.32}
{'loss': 0.6316, 'learning_rate': 5.4291146116241176e-05, 'epoch': 0.33}
{'loss': 0.6683, 'learning_rate': 5.4970124932102116e-05, 'epoch': 0.33}
{'loss': 0.6551, 'learning_rate': 5.564910374796307e-05, 'epoch': 0.33}
{'loss': 0.6805, 'learning_rate': 5.6328082563824016e-05, 'epoch': 0.34}
{'loss': 0.6569, 'learning_rate': 5.7007061379684956e-05, 'epoch': 0.34}
{'loss': 0.6187, 'learning_rate': 5.7686040195545896e-05, 'epoch': 0.35}
{'loss': 0.6846, 'learning_rate': 5.836501901140685e-05, 'epoch': 0.35}
{'loss': 0.6174, 'learning_rate': 5.90439978272678e-05, 'epoch': 0.35}
{'loss': 0.6712, 'learning_rate': 5.972297664312874e-05, 'epoch': 0.36}
{'loss': 0.6499, 'learning_rate': 6.040195545898968e-05, 'epoch': 0.36}
{'loss': 0.6622, 'learning_rate': 6.108093427485063e-05, 'epoch': 0.37}
{'loss': 0.6176, 'learning_rate': 6.175991309071158e-05, 'epoch': 0.37}
{'loss': 0.6726, 'learning_rate': 6.243889190657251e-05, 'epoch': 0.37}
{'loss': 0.6198, 'learning_rate': 6.311787072243346e-05, 'epoch': 0.38}
{'loss': 0.6387, 'learning_rate': 6.379684953829442e-05, 'epoch': 0.38}
{'loss': 0.6269, 'learning_rate': 6.447582835415535e-05, 'epoch': 0.39}
{'loss': 0.624, 'learning_rate': 6.51548071700163e-05, 'epoch': 0.39}
{'loss': 0.5974, 'learning_rate': 6.583378598587724e-05, 'epoch': 0.4}
{'loss': 0.6323, 'learning_rate': 6.651276480173819e-05, 'epoch': 0.4}
{'loss': 0.6256, 'learning_rate': 6.719174361759914e-05, 'epoch': 0.4}
{'loss': 0.6172, 'learning_rate': 6.787072243346007e-05, 'epoch': 0.41}
{'loss': 0.6357, 'learning_rate': 6.854970124932103e-05, 'epoch': 0.41}
{'loss': 0.5918, 'learning_rate': 6.922868006518197e-05, 'epoch': 0.42}
{'loss': 0.6168, 'learning_rate': 6.990765888104291e-05, 'epoch': 0.42}
{'loss': 0.6152, 'learning_rate': 7.058663769690386e-05, 'epoch': 0.42}
{'loss': 0.6032, 'learning_rate': 7.12656165127648e-05, 'epoch': 0.43}
{'loss': 0.6252, 'learning_rate': 7.194459532862575e-05, 'epoch': 0.43}
{'loss': 0.6312, 'learning_rate': 7.26235741444867e-05, 'epoch': 0.44}
{'loss': 0.6139, 'learning_rate': 7.330255296034763e-05, 'epoch': 0.44}
{'loss': 0.5986, 'learning_rate': 7.39815317762086e-05, 'epoch': 0.44}
{'loss': 0.5969, 'learning_rate': 7.466051059206953e-05, 'epoch': 0.45}
{'loss': 0.5989, 'learning_rate': 7.533948940793047e-05, 'epoch': 0.45}
{'loss': 0.6037, 'learning_rate': 7.601846822379142e-05, 'epoch': 0.46}
{'loss': 0.5851, 'learning_rate': 7.669744703965237e-05, 'epoch': 0.46}
{'loss': 0.5891, 'learning_rate': 7.737642585551331e-05, 'epoch': 0.46}
{'loss': 0.5898, 'learning_rate': 7.805540467137426e-05, 'epoch': 0.47}
{'loss': 0.6031, 'learning_rate': 7.87343834872352e-05, 'epoch': 0.47}
{'loss': 0.6363, 'learning_rate': 7.941336230309615e-05, 'epoch': 0.48}
{'loss': 0.5682, 'learning_rate': 8.009234111895709e-05, 'epoch': 0.48}
{'loss': 0.5759, 'learning_rate': 8.077131993481803e-05, 'epoch': 0.48}
{'loss': 0.5992, 'learning_rate': 8.145029875067898e-05, 'epoch': 0.49}
{'loss': 0.5873, 'learning_rate': 8.212927756653993e-05, 'epoch': 0.49}
{'loss': 0.6018, 'learning_rate': 8.280825638240088e-05, 'epoch': 0.5}
{'loss': 0.631, 'learning_rate': 8.348723519826181e-05, 'epoch': 0.5}
{'loss': 0.5856, 'learning_rate': 8.416621401412277e-05, 'epoch': 0.51}
{'loss': 0.5573, 'learning_rate': 8.484519282998372e-05, 'epoch': 0.51}
{'loss': 0.6034, 'learning_rate': 8.552417164584465e-05, 'epoch': 0.51}
{'loss': 0.5667, 'learning_rate': 8.62031504617056e-05, 'epoch': 0.52}
{'loss': 0.5902, 'learning_rate': 8.688212927756654e-05, 'epoch': 0.52}
{'loss': 0.5664, 'learning_rate': 8.756110809342749e-05, 'epoch': 0.53}
{'loss': 0.5761, 'learning_rate': 8.824008690928844e-05, 'epoch': 0.53}
{'loss': 0.611, 'learning_rate': 8.891906572514937e-05, 'epoch': 0.53}
{'loss': 0.5827, 'learning_rate': 8.959804454101033e-05, 'epoch': 0.54}
{'loss': 0.6002, 'learning_rate': 9.027702335687128e-05, 'epoch': 0.54}
{'loss': 0.5797, 'learning_rate': 9.095600217273221e-05, 'epoch': 0.55}
{'loss': 0.5796, 'learning_rate': 9.163498098859316e-05, 'epoch': 0.55}
{'loss': 0.5612, 'learning_rate': 9.23139598044541e-05, 'epoch': 0.55}
{'loss': 0.5612, 'learning_rate': 9.299293862031505e-05, 'epoch': 0.56}
{'loss': 0.5449, 'learning_rate': 9.3671917436176e-05, 'epoch': 0.56}
{'loss': 0.5301, 'learning_rate': 9.435089625203693e-05, 'epoch': 0.57}
{'loss': 0.5644, 'learning_rate': 9.502987506789789e-05, 'epoch': 0.57}
{'loss': 0.5985, 'learning_rate': 9.570885388375882e-05, 'epoch': 0.57}
{'loss': 0.5436, 'learning_rate': 9.638783269961977e-05, 'epoch': 0.58}
{'loss': 0.604, 'learning_rate': 9.706681151548073e-05, 'epoch': 0.58}
{'loss': 0.5561, 'learning_rate': 9.774579033134167e-05, 'epoch': 0.59}
{'loss': 0.6017, 'learning_rate': 9.842476914720261e-05, 'epoch': 0.59}
{'loss': 0.5837, 'learning_rate': 9.910374796306356e-05, 'epoch': 0.59}
{'loss': 0.5687, 'learning_rate': 9.97827267789245e-05, 'epoch': 0.6}
{'loss': 0.5708, 'learning_rate': 9.997055549776345e-05, 'epoch': 0.6}
{'loss': 0.5945, 'learning_rate': 9.992725475918028e-05, 'epoch': 0.61}
{'loss': 0.6015, 'learning_rate': 9.98839540205971e-05, 'epoch': 0.61}
{'loss': 0.5743, 'learning_rate': 9.984065328201394e-05, 'epoch': 0.62}
{'loss': 0.6012, 'learning_rate': 9.979735254343078e-05, 'epoch': 0.62}
{'loss': 0.553, 'learning_rate': 9.975491781961926e-05, 'epoch': 0.62}
{'loss': 0.5817, 'learning_rate': 9.97116170810361e-05, 'epoch': 0.63}
{'loss': 0.5848, 'learning_rate': 9.966831634245293e-05, 'epoch': 0.63}
{'loss': 0.557, 'learning_rate': 9.962501560386977e-05, 'epoch': 0.64}
{'loss': 0.5687, 'learning_rate': 9.95817148652866e-05, 'epoch': 0.64}
{'loss': 0.5871, 'learning_rate': 9.953841412670342e-05, 'epoch': 0.64}
{'loss': 0.5749, 'learning_rate': 9.949511338812026e-05, 'epoch': 0.65}
{'loss': 0.549, 'learning_rate': 9.94518126495371e-05, 'epoch': 0.65}
{'loss': 0.5931, 'learning_rate': 9.940851191095391e-05, 'epoch': 0.66}
{'loss': 0.5978, 'learning_rate': 9.936521117237075e-05, 'epoch': 0.66}
{'loss': 0.5427, 'learning_rate': 9.932191043378758e-05, 'epoch': 0.66}
{'loss': 0.5518, 'learning_rate': 9.92786096952044e-05, 'epoch': 0.67}
{'loss': 0.551, 'learning_rate': 9.923530895662125e-05, 'epoch': 0.67}
{'loss': 0.5658, 'learning_rate': 9.919200821803809e-05, 'epoch': 0.68}
{'loss': 0.5536, 'learning_rate': 9.914870747945491e-05, 'epoch': 0.68}
{'loss': 0.5716, 'learning_rate': 9.910540674087174e-05, 'epoch': 0.68}
{'loss': 0.5804, 'learning_rate': 9.906210600228858e-05, 'epoch': 0.69}
{'loss': 0.5527, 'learning_rate': 9.90188052637054e-05, 'epoch': 0.69}
{'loss': 0.5399, 'learning_rate': 9.897550452512224e-05, 'epoch': 0.7}
{'loss': 0.5488, 'learning_rate': 9.893220378653906e-05, 'epoch': 0.7}
{'loss': 0.5534, 'learning_rate': 9.888890304795589e-05, 'epoch': 0.7}
{'loss': 0.5616, 'learning_rate': 9.884560230937273e-05, 'epoch': 0.71}
{'loss': 0.5269, 'learning_rate': 9.880230157078956e-05, 'epoch': 0.71}
{'loss': 0.5641, 'learning_rate': 9.87590008322064e-05, 'epoch': 0.72}
{'loss': 0.5363, 'learning_rate': 9.871570009362323e-05, 'epoch': 0.72}
{'loss': 0.5378, 'learning_rate': 9.867239935504005e-05, 'epoch': 0.73}
{'loss': 0.535, 'learning_rate': 9.862909861645689e-05, 'epoch': 0.73}
{'loss': 0.5576, 'learning_rate': 9.858579787787372e-05, 'epoch': 0.73}
{'loss': 0.5152, 'learning_rate': 9.854249713929054e-05, 'epoch': 0.74}
{'loss': 0.5913, 'learning_rate': 9.849919640070738e-05, 'epoch': 0.74}
{'loss': 0.5317, 'learning_rate': 9.845676167689588e-05, 'epoch': 0.75}
{'loss': 0.5664, 'learning_rate': 9.84134609383127e-05, 'epoch': 0.75}
{'loss': 0.5324, 'learning_rate': 9.837016019972953e-05, 'epoch': 0.75}
{'loss': 0.5451, 'learning_rate': 9.832685946114637e-05, 'epoch': 0.76}
{'loss': 0.5593, 'learning_rate': 9.82835587225632e-05, 'epoch': 0.76}
{'loss': 0.5692, 'learning_rate': 9.824025798398004e-05, 'epoch': 0.77}
{'loss': 0.5495, 'learning_rate': 9.819695724539686e-05, 'epoch': 0.77}
{'loss': 0.5374, 'learning_rate': 9.81536565068137e-05, 'epoch': 0.77}
{'loss': 0.5229, 'learning_rate': 9.811035576823053e-05, 'epoch': 0.78}
{'loss': 0.509, 'learning_rate': 9.806705502964735e-05, 'epoch': 0.78}
{'loss': 0.5076, 'learning_rate': 9.802375429106419e-05, 'epoch': 0.79}
{'loss': 0.5066, 'learning_rate': 9.798045355248102e-05, 'epoch': 0.79}
{'loss': 0.5214, 'learning_rate': 9.793715281389786e-05, 'epoch': 0.79}
{'loss': 0.529, 'learning_rate': 9.789385207531469e-05, 'epoch': 0.8}
{'loss': 0.5414, 'learning_rate': 9.785055133673151e-05, 'epoch': 0.8}
{'loss': 0.5477, 'learning_rate': 9.780725059814835e-05, 'epoch': 0.81}
{'loss': 0.5275, 'learning_rate': 9.776394985956518e-05, 'epoch': 0.81}
{'loss': 0.5048, 'learning_rate': 9.7720649120982e-05, 'epoch': 0.81}
{'loss': 0.5324, 'learning_rate': 9.767734838239884e-05, 'epoch': 0.82}
{'loss': 0.563, 'learning_rate': 9.763404764381567e-05, 'epoch': 0.82}
{'loss': 0.5238, 'learning_rate': 9.759074690523249e-05, 'epoch': 0.83}
{'loss': 0.5533, 'learning_rate': 9.754744616664934e-05, 'epoch': 0.83}
{'loss': 0.5187, 'learning_rate': 9.750414542806618e-05, 'epoch': 0.84}
{'loss': 0.5572, 'learning_rate': 9.7460844689483e-05, 'epoch': 0.84}
{'loss': 0.528, 'learning_rate': 9.741754395089983e-05, 'epoch': 0.84}
{'loss': 0.546, 'learning_rate': 9.737424321231665e-05, 'epoch': 0.85}
{'loss': 0.5567, 'learning_rate': 9.733094247373349e-05, 'epoch': 0.85}
{'loss': 0.539, 'learning_rate': 9.728764173515032e-05, 'epoch': 0.86}
{'loss': 0.5201, 'learning_rate': 9.724434099656714e-05, 'epoch': 0.86}
{'loss': 0.5417, 'learning_rate': 9.720104025798398e-05, 'epoch': 0.86}
{'loss': 0.5308, 'learning_rate': 9.715773951940081e-05, 'epoch': 0.87}
{'loss': 0.5197, 'learning_rate': 9.711443878081765e-05, 'epoch': 0.87}
{'loss': 0.5272, 'learning_rate': 9.707113804223448e-05, 'epoch': 0.88}
{'loss': 0.5274, 'learning_rate': 9.702783730365132e-05, 'epoch': 0.88}
{'loss': 0.5065, 'learning_rate': 9.698453656506814e-05, 'epoch': 0.88}
{'loss': 0.5334, 'learning_rate': 9.694123582648497e-05, 'epoch': 0.89}
{'loss': 0.5219, 'learning_rate': 9.68979350879018e-05, 'epoch': 0.89}
{'loss': 0.5218, 'learning_rate': 9.685463434931863e-05, 'epoch': 0.9}
{'loss': 0.52, 'learning_rate': 9.681133361073546e-05, 'epoch': 0.9}
{'loss': 0.5345, 'learning_rate': 9.67680328721523e-05, 'epoch': 0.9}
{'loss': 0.5446, 'learning_rate': 9.672473213356913e-05, 'epoch': 0.91}
{'loss': 0.5426, 'learning_rate': 9.668143139498597e-05, 'epoch': 0.91}
{'loss': 0.5361, 'learning_rate': 9.663813065640279e-05, 'epoch': 0.92}
{'loss': 0.5124, 'learning_rate': 9.659482991781962e-05, 'epoch': 0.92}
{'loss': 0.5516, 'learning_rate': 9.655152917923646e-05, 'epoch': 0.92}
{'loss': 0.4893, 'learning_rate': 9.650822844065328e-05, 'epoch': 0.93}
{'loss': 0.5202, 'learning_rate': 9.646492770207012e-05, 'epoch': 0.93}
{'loss': 0.5612, 'learning_rate': 9.642162696348695e-05, 'epoch': 0.94}
{'loss': 0.5304, 'learning_rate': 9.637832622490378e-05, 'epoch': 0.94}
{'loss': 0.5258, 'learning_rate': 9.633502548632062e-05, 'epoch': 0.95}
{'loss': 0.5316, 'learning_rate': 9.629172474773744e-05, 'epoch': 0.95}
{'loss': 0.532, 'learning_rate': 9.624842400915428e-05, 'epoch': 0.95}
{'loss': 0.5539, 'learning_rate': 9.620512327057111e-05, 'epoch': 0.96}
{'loss': 0.5068, 'learning_rate': 9.616182253198793e-05, 'epoch': 0.96}
{'loss': 0.5255, 'learning_rate': 9.611852179340477e-05, 'epoch': 0.97}
{'loss': 0.5637, 'learning_rate': 9.60752210548216e-05, 'epoch': 0.97}
{'loss': 0.5584, 'learning_rate': 9.603192031623844e-05, 'epoch': 0.97}
{'loss': 0.5258, 'learning_rate': 9.598861957765527e-05, 'epoch': 0.98}
{'loss': 0.5033, 'learning_rate': 9.59453188390721e-05, 'epoch': 0.98}
{'loss': 0.4953, 'learning_rate': 9.590201810048893e-05, 'epoch': 0.99}
{'loss': 0.5182, 'learning_rate': 9.585871736190576e-05, 'epoch': 0.99}
{'loss': 0.4897, 'learning_rate': 9.581541662332258e-05, 'epoch': 0.99}
{'loss': 0.5098, 'learning_rate': 9.577211588473942e-05, 'epoch': 1.0}
[INFO|trainer.py:520] 2026-10-04 15:03:25,984 >> The following columns in the evaluation set  don't have a corresponding argument in `PETLEncModel.forward` and have been ignored: premise, idx, hypothesis.
[INFO|trainer.py:2179] 2026-10-04 15:03:25,987 >> ***** Running Evaluation *****
[INFO|trainer.py:2181] 2026-10-04 15:03:25,987 >>   Num examples = 9815
[INFO|trainer.py:2184] 2026-10-04 15:03:25,987 >>   Batch size = 32
{'eval_loss': 0.4620550870895386, 'eval_accuracy': 0.8267957208354559, 'eval_runtime': 14.685, 'eval_samples_per_second': 668.37, 'eval_steps_per_second': 20.906, 'epoch': 1.0}
[INFO|trainer.py:1933] 2026-10-04 15:03:40,673 >> Saving model checkpoint to checkpoints/glue/mnli/20261004/glue.mnli.prefix.am_prefix.ao_concat.fm_none.fo_parallel.abn.fbn.ac_add.fl_none.finit_lora.fs_4.unfrz_ef_.ne10.warm0.06.wd0.1.seed2./checkpoint-12272
[INFO|configuration_utils.py:364] 2026-10-04 15:03:40,674 >> Configuration saved in checkpoints/glue/mnli/20261004/glue.mnli.prefix.am_prefix.ao_concat.fm_none.fo_parallel.abn.fbn.ac_add.fl_none.finit_lora.fs_4.unfrz_ef_.ne10.warm0.06.wd0.1.seed2./checkpoint-12272/config.json
[INFO|modeling_utils.py:898] 2026-10-04 15:03:41,096 >> Model weights saved in checkpoints/glue/mnli/20261004/glue.mnli.prefix.am_prefix.ao_concat.fm_none.fo_parallel.abn.fbn.ac_add.fl_none.finit_lora.fs_4.unfrz_ef_.ne10.warm0.06.wd0.1.seed2./checkpoint-12272/pytorch_model.bin
[INFO|tokenization_utils_base.py:1948] 2026-10-04 15:03:41,097 >> tokenizer config file saved in checkpoints/glue/mnli/20261004/glue.mnli.prefix.am_prefix.ao_concat.fm_none.fo_parallel.abn.fbn.ac_add.fl_none.finit_lora.fs_4.unfrz_ef_.ne10.warm0.06.wd0.1.seed2./checkpoint-12272/tokenizer_config.json
[INFO|tokenization_utils_base.py:1954] 2026-10-04 15:03:41,098 >> Special tokens file saved in checkpoints/glue/mnli/20261004/glue.mnli.prefix.am_prefix.ao_concat.fm_none.fo_parallel.abn.fbn.ac_add.fl_none.finit_lora.fs_4.unfrz_ef_.ne10.warm0.06.wd0.1.seed2./checkpoint-12272/special_tokens_map.json
/work/unify-parameter-efficient-tuning/src/transformers/trainer.py:1784: FutureWarning: `torch.cuda.amp.autocast(args...)` is deprecated. Please use `torch.amp.autocast('cuda', args...)` instead.
  with autocast():
{'loss': 0.5302, 'learning_rate': 9.572881514615625e-05, 'epoch': 1.0}
{'loss': 0.5342, 'learning_rate': 9.568551440757307e-05, 'epoch': 1.01}
{'loss': 0.5057, 'learning_rate': 9.564221366898991e-05, 'epoch': 1.01}
{'loss': 0.5117, 'learning_rate': 9.559891293040676e-05, 'epoch': 1.01}
{'loss': 0.5198, 'learning_rate': 9.555561219182358e-05, 'epoch': 1.02}
{'loss': 0.5579, 'learning_rate': 9.551231145324041e-05, 'epoch': 1.02}
{'loss': 0.4967, 'learning_rate': 9.546901071465725e-05, 'epoch': 1.03}
{'loss': 0.5348, 'learning_rate': 9.542570997607407e-05, 'epoch': 1.03}
{'loss': 0.5202, 'learning_rate': 9.53824092374909e-05, 'epoch': 1.03}
{'loss': 0.5078, 'learning_rate': 9.533910849890774e-05, 'epoch': 1.04}
{'loss': 0.5214, 'learning_rate': 9.529580776032456e-05, 'epoch': 1.04}
{'loss': 0.5022, 'learning_rate': 9.52525070217414e-05, 'epoch': 1.05}
{'loss': 0.5035, 'learning_rate': 9.520920628315823e-05, 'epoch': 1.05}
{'loss': 0.516, 'learning_rate': 9.516590554457506e-05, 'epoch': 1.06}
{'loss': 0.5028, 'learning_rate': 9.51226048059919e-05, 'epoch': 1.06}
{'loss': 0.5479, 'learning_rate': 9.508017008218039e-05, 'epoch': 1.06}
{'loss': 0.5078, 'learning_rate': 9.503686934359722e-05, 'epoch': 1.07}
{'loss': 0.495, 'learning_rate': 9.499356860501406e-05, 'epoch': 1.07}
{'loss': 0.4916, 'learning_rate': 9.495026786643088e-05, 'epoch': 1.08}
{'loss': 0.555, 'learning_rate': 9.490696712784771e-05, 'epoch': 1.08}
{'loss': 0.5206, 'learning_rate': 9.486366638926455e-05, 'epoch': 1.08}
{'loss': 0.5081, 'learning_rate': 9.482036565068137e-05, 'epoch': 1.09}
{'loss': 0.51, 'learning_rate': 9.47770649120982e-05, 'epoch': 1.09}
{'loss': 0.5211, 'learning_rate': 9.473376417351504e-05, 'epoch': 1.1}
{'loss': 0.4951, 'learning_rate': 9.469046343493187e-05, 'epoch': 1.1}
{'loss': 0.5118, 'learning_rate': 9.46471626963487e-05, 'epoch': 1.1}
{'loss': 0.4708, 'learning_rate': 9.460386195776553e-05, 'epoch': 1.11}
{'loss': 0.5313, 'learning_rate': 9.456056121918236e-05, 'epoch': 1.11}
{'loss': 0.5105, 'learning_rate': 9.45172604805992e-05, 'epoch': 1.12}
{'loss': 0.5094, 'learning_rate': 9.447395974201602e-05, 'epoch': 1.12}
{'loss': 0.505, 'learning_rate': 9.443065900343285e-05, 'epoch': 1.12}
{'loss': 0.504, 'learning_rate': 9.438735826484969e-05, 'epoch': 1.13}
{'loss': 0.5227, 'learning_rate': 9.434405752626652e-05, 'epoch': 1.13}
{'loss': 0.4681, 'learning_rate': 9.430075678768336e-05, 'epoch': 1.14}
{'loss': 0.5308, 'learning_rate': 9.425745604910018e-05, 'epoch': 1.14}
{'loss': 0.5309, 'learning_rate': 9.421415531051701e-05, 'epoch': 1.14}
{'loss': 0.4924, 'learning_rate': 9.417085457193385e-05, 'epoch': 1.15}
{'loss': 0.4854, 'learning_rate': 9.412755383335067e-05, 'epoch': 1.15}
{'loss': 0.5272, 'learning_rate': 9.40842530947675e-05, 'epoch': 1.16}
{'loss': 0.4665, 'learning_rate': 9.404095235618434e-05, 'epoch': 1.16}
{'loss': 0.5273, 'learning_rate': 9.399765161760116e-05, 'epoch': 1.17}
{'loss': 0.4874, 'learning_rate': 9.3954350879018e-05, 'epoch': 1.17}
{'loss': 0.4708, 'learning_rate': 9.391105014043484e-05, 'epoch': 1.17}
{'loss': 0.5082, 'learning_rate': 9.386774940185166e-05, 'epoch': 1.18}
{'loss': 0.5237, 'learning_rate': 9.38244486632685e-05, 'epoch': 1.18}
{'loss': 0.4895, 'learning_rate': 9.378114792468533e-05, 'epoch': 1.19}
{'loss': 0.5331, 'learning_rate': 9.373784718610216e-05, 'epoch': 1.19}
{'loss': 0.5125, 'learning_rate': 9.369454644751899e-05, 'epoch': 1.19}
{'loss': 0.5114, 'learning_rate': 9.365124570893582e-05, 'epoch': 1.2}
{'loss': 0.5047, 'learning_rate': 9.360794497035265e-05, 'epoch': 1.2}
{'loss': 0.5152, 'learning_rate': 9.356464423176948e-05, 'epoch': 1.21}
{'loss': 0.4954, 'learning_rate': 9.352134349318632e-05, 'epoch': 1.21}
{'loss': 0.5066, 'learning_rate': 9.347804275460315e-05, 'epoch': 1.21}
{'loss': 0.514, 'learning_rate': 9.343474201601998e-05, 'epoch': 1.22}
{'loss': 0.5057, 'learning_rate': 9.33914412774368e-05, 'epoch': 1.22}
{'loss': 0.4866, 'learning_rate': 9.334814053885364e-05, 'epoch': 1.23}
{'loss': 0.5, 'learning_rate': 9.330483980027046e-05, 'epoch': 1.23}
{'loss': 0.5069, 'learning_rate': 9.32615390616873e-05, 'epoch': 1.23}
{'loss': 0.5093, 'learning_rate': 9.321823832310413e-05, 'epoch': 1.24}
{'loss': 0.5009, 'learning_rate': 9.317493758452097e-05, 'epoch': 1.24}
{'loss': 0.4846, 'learning_rate': 9.31316368459378e-05, 'epoch': 1.25}
{'loss': 0.4674, 'learning_rate': 9.308833610735464e-05, 'epoch': 1.25}
{'loss': 0.4837, 'learning_rate': 9.304503536877146e-05, 'epoch': 1.25}
{'loss': 0.498, 'learning_rate': 9.300173463018829e-05, 'epoch': 1.26}
{'loss': 0.487, 'learning_rate': 9.295843389160513e-05, 'epoch': 1.26}
{'loss': 0.4983, 'learning_rate': 9.291513315302195e-05, 'epoch': 1.27}
{'loss': 0.4956, 'learning_rate': 9.287183241443878e-05, 'epoch': 1.27}
{'loss': 0.5044, 'learning_rate': 9.282853167585562e-05, 'epoch': 1.28}
{'loss': 0.5236, 'learning_rate': 9.278523093727245e-05, 'epoch': 1.28}
{'loss': 0.501, 'learning_rate': 9.274193019868929e-05, 'epoch': 1.28}
{'loss': 0.4761, 'learning_rate': 9.269862946010612e-05, 'epoch': 1.29}
{'loss': 0.4915, 'learning_rate': 9.265532872152294e-05, 'epoch': 1.29}
{'loss': 0.5089, 'learning_rate': 9.261202798293978e-05, 'epoch': 1.3}
{'loss': 0.4973, 'learning_rate': 9.25687272443566e-05, 'epoch': 1.3}
{'loss': 0.4829, 'learning_rate': 9.252542650577343e-05, 'epoch': 1.3}
{'loss': 0.5159, 'learning_rate': 9.248212576719027e-05, 'epoch': 1.31}
{'loss': 0.527, 'learning_rate': 9.243882502860709e-05, 'epoch': 1.31}
{'loss': 0.5547, 'learning_rate': 9.239552429002392e-05, 'epoch': 1.32}
{'loss': 0.5144, 'learning_rate': 9.235222355144077e-05, 'epoch': 1.32}
{'loss': 0.5443, 'learning_rate': 9.23089228128576e-05, 'epoch': 1.32}
{'loss': 0.4921, 'learning_rate': 9.226562207427443e-05, 'epoch': 1.33}
{'loss': 0.4796, 'learning_rate': 9.222232133569125e-05, 'epoch': 1.33}
{'loss': 0.4809, 'learning_rate': 9.217902059710808e-05, 'epoch': 1.34}
{'loss': 0.5046, 'learning_rate': 9.213571985852492e-05, 'epoch': 1.34}
{'loss': 0.5003, 'learning_rate': 9.209241911994174e-05, 'epoch': 1.34}
{'loss': 0.4983, 'learning_rate': 9.204911838135858e-05, 'epoch': 1.35}
{'loss': 0.5099, 'learning_rate': 9.200581764277541e-05, 'epoch': 1.35}
{'loss': 0.4969, 'learning_rate': 9.196251690419224e-05, 'epoch': 1.36}
{'loss': 0.5094, 'learning_rate': 9.191921616560908e-05, 'epoch': 1.36}
{'loss': 0.5048, 'learning_rate': 9.187591542702591e-05, 'epoch': 1.36}
{'loss': 0.489, 'learning_rate': 9.183261468844274e-05, 'epoch': 1.37}
{'loss': 0.4959, 'learning_rate': 9.178931394985957e-05, 'epoch': 1.37}
{'loss': 0.5015, 'learning_rate': 9.17460132112764e-05, 'epoch': 1.38}
{'loss': 0.4904, 'learning_rate': 9.170271247269323e-05, 'epoch': 1.38}
{'loss': 0.4705, 'learning_rate': 9.165941173411006e-05, 'epoch': 1.39}
{'loss': 0.5318, 'learning_rate': 9.16161109955269e-05, 'epoch': 1.39}
{'loss': 0.486, 'learning_rate': 9.157281025694373e-05, 'epoch': 1.39}
{'loss': 0.5, 'learning_rate': 9.152950951836057e-05, 'epoch': 1.4}
{'loss': 0.5074, 'learning_rate': 9.148707479454905e-05, 'epoch': 1.4}
{'loss': 0.5133, 'learning_rate': 9.144377405596589e-05, 'epoch': 1.41}
{'loss': 0.5092, 'learning_rate': 9.140047331738272e-05, 'epoch': 1.41}
{'loss': 0.5196, 'learning_rate': 9.135717257879954e-05, 'epoch': 1.41}
{'loss': 0.5023, 'learning_rate': 9.131387184021638e-05, 'epoch': 1.42}
{'loss': 0.4865, 'learning_rate': 9.127057110163321e-05, 'epoch': 1.42}
{'loss': 0.5017, 'learning_rate': 9.122727036305004e-05, 'epoch': 1.43}
{'loss': 0.4679, 'learning_rate': 9.118396962446687e-05, 'epoch': 1.43}
{'loss': 0.4661, 'learning_rate': 9.11406688858837e-05, 'epoch': 1.43}
{'loss': 0.502, 'learning_rate': 9.109736814730054e-05, 'epoch': 1.44}
{'loss': 0.5166, 'learning_rate': 9.105406740871737e-05, 'epoch': 1.44}
{'loss': 0.4656, 'learning_rate': 9.101076667013421e-05, 'epoch': 1.45}
{'loss': 0.5165, 'learning_rate': 9.096746593155103e-05, 'epoch': 1.45}
{'loss': 0.4711, 'learning_rate': 9.092416519296786e-05, 'epoch': 1.45}
{'loss': 0.4893, 'learning_rate': 9.088086445438469e-05, 'epoch': 1.46}
{'loss': 0.5118, 'learning_rate': 9.083756371580152e-05, 'epoch': 1.46}
{'loss': 0.5059, 'learning_rate': 9.079426297721836e-05, 'epoch': 1.47}
{'loss': 0.4728, 'learning_rate': 9.075096223863518e-05, 'epoch': 1.47}
{'loss': 0.4933, 'learning_rate': 9.070766150005201e-05, 'epoch': 1.47}
{'loss': 0.4779, 'learning_rate': 9.066436076146886e-05, 'epoch': 1.48}
{'loss': 0.5102, 'learning_rate': 9.062106002288568e-05, 'epoch': 1.48}
{'loss': 0.4947, 'learning_rate': 9.057775928430252e-05, 'epoch': 1.49}
{'loss': 0.5218, 'learning_rate': 9.053445854571934e-05, 'epoch': 1.49}
{'loss': 0.5333, 'learning_rate': 9.049115780713617e-05, 'epoch': 1.5}
{'loss': 0.4845, 'learning_rate': 9.0447857068553e-05, 'epoch': 1.5}
{'loss': 0.5047, 'learning_rate': 9.040455632996983e-05, 'epoch': 1.5}
{'loss': 0.4954, 'learning_rate': 9.036125559138666e-05, 'epoch': 1.51}
{'loss': 0.5155, 'learning_rate': 9.03179548528035e-05, 'epoch': 1.51}
{'loss': 0.5085, 'learning_rate': 9.027465411422033e-05, 'epoch': 1.52}
{'loss': 0.5194, 'learning_rate': 9.023135337563717e-05, 'epoch': 1.52}
{'loss': 0.4985, 'learning_rate': 9.0188052637054e-05, 'epoch': 1.52}
{'loss': 0.4909, 'learning_rate': 9.014475189847082e-05, 'epoch': 1.53}
{'loss': 0.484, 'learning_rate': 9.010145115988766e-05, 'epoch': 1.53}
{'loss': 0.4916, 'learning_rate': 9.005815042130449e-05, 'epoch': 1.54}
{'loss': 0.5203, 'learning_rate': 9.001484968272131e-05, 'epoch': 1.54}
{'loss': 0.4921, 'learning_rate': 8.997154894413815e-05, 'epoch': 1.54}
{'loss': 0.4912, 'learning_rate': 8.992824820555498e-05, 'epoch': 1.55}
{'loss': 0.4886, 'learning_rate': 8.988494746697182e-05, 'epoch': 1.55}
{'loss': 0.4862, 'learning_rate': 8.984164672838865e-05, 'epoch': 1.56}
{'loss': 0.4747, 'learning_rate': 8.979834598980547e-05, 'epoch': 1.56}
{'loss': 0.4844, 'learning_rate': 8.975504525122231e-05, 'epoch': 1.56}
{'loss': 0.5021, 'learning_rate': 8.971174451263914e-05, 'epoch': 1.57}
{'loss': 0.4809, 'learning_rate': 8.966844377405596e-05, 'epoch': 1.57}
{'loss': 0.4718, 'learning_rate': 8.96251430354728e-05, 'epoch': 1.58}
{'loss': 0.4467, 'learning_rate': 8.958184229688963e-05, 'epoch': 1.58}
{'loss': 0.4853, 'learning_rate': 8.953940757307812e-05, 'epoch': 1.58}
{'loss': 0.5145, 'learning_rate': 8.949610683449496e-05, 'epoch': 1.59}
{'loss': 0.4834, 'learning_rate': 8.945280609591179e-05, 'epoch': 1.59}
{'loss': 0.4859, 'learning_rate': 8.940950535732863e-05, 'epoch': 1.6}
{'loss': 0.483, 'learning_rate': 8.936620461874546e-05, 'epoch': 1.6}
{'loss': 0.4698, 'learning_rate': 8.932290388016228e-05, 'epoch': 1.61}
{'loss': 0.4875, 'learning_rate': 8.927960314157912e-05, 'epoch': 1.61}
{'loss': 0.4754, 'learning_rate': 8.923630240299595e-05, 'epoch': 1.61}
{'loss': 0.4857, 'learning_rate': 8.919300166441277e-05, 'epoch': 1.62}
{'loss': 0.4821, 'learning_rate': 8.914970092582961e-05, 'epoch': 1.62}
{'loss': 0.5136, 'learning_rate': 8.910640018724644e-05, 'epoch': 1.63}
{'loss': 0.4879, 'learning_rate': 8.906309944866326e-05, 'epoch': 1.63}
{'loss': 0.4944, 'learning_rate': 8.901979871008011e-05, 'epoch': 1.63}
{'loss': 0.4798, 'learning_rate': 8.897649797149693e-05, 'epoch': 1.64}
{'loss': 0.4881, 'learning_rate': 8.893319723291377e-05, 'epoch': 1.64}
{'loss': 0.5218, 'learning_rate': 8.88898964943306e-05, 'epoch': 1.65}
{'loss': 0.4955, 'learning_rate': 8.884659575574742e-05, 'epoch': 1.65}
{'loss': 0.4776, 'learning_rate': 8.880329501716426e-05, 'epoch': 1.65}
{'loss': 0.4913, 'learning_rate': 8.87599942785811e-05, 'epoch': 1.66}
{'loss': 0.5076, 'learning_rate': 8.871669353999791e-05, 'epoch': 1.66}
{'loss': 0.5154, 'learning_rate': 8.867339280141475e-05, 'epoch': 1.67}
{'loss': 0.4592, 'learning_rate': 8.863009206283158e-05, 'epoch': 1.67}
{'loss': 0.4916, 'learning_rate': 8.858679132424842e-05, 'epoch': 1.67}
{'loss': 0.4536, 'learning_rate': 8.854349058566525e-05, 'epoch': 1.68}
{'loss': 0.4919, 'learning_rate': 8.850018984708209e-05, 'epoch': 1.68}
{'loss': 0.4936, 'learning_rate': 8.845688910849891e-05, 'epoch': 1.69}
{'loss': 0.4783, 'learning_rate': 8.841358836991574e-05, 'epoch': 1.69}
{'loss': 0.4904, 'learning_rate': 8.837028763133258e-05, 'epoch': 1.69}
{'loss': 0.4327, 'learning_rate': 8.83269868927494e-05, 'epoch': 1.7}
{'loss': 0.4766, 'learning_rate': 8.828368615416624e-05, 'epoch': 1.7}
{'loss': 0.4805, 'learning_rate': 8.824038541558307e-05, 'epoch': 1.71}
{'loss': 0.4858, 'learning_rate': 8.81970846769999e-05, 'epoch': 1.71}
{'loss': 0.5073, 'learning_rate': 8.815378393841674e-05, 'epoch': 1.72}
{'loss': 0.4859, 'learning_rate': 8.811048319983356e-05, 'epoch': 1.72}
{'loss': 0.4759, 'learning_rate': 8.80671824612504e-05, 'epoch': 1.72}
{'loss': 0.4738, 'learning_rate': 8.802388172266723e-05, 'epoch': 1.73}
{'loss': 0.4868, 'learning_rate': 8.798058098408405e-05, 'epoch': 1.73}
{'loss': 0.4789, 'learning_rate': 8.793728024550089e-05, 'epoch': 1.74}
{'loss': 0.4828, 'learning_rate': 8.789397950691772e-05, 'epoch': 1.74}
{'loss': 0.5293, 'learning_rate': 8.785067876833456e-05, 'epoch': 1.74}
{'loss': 0.5149, 'learning_rate': 8.780737802975139e-05, 'epoch': 1.75}
{'loss': 0.4881, 'learning_rate': 8.776407729116821e-05, 'epoch': 1.75}
{'loss': 0.4854, 'learning_rate': 8.772077655258505e-05, 'epoch': 1.76}
{'loss': 0.4833, 'learning_rate': 8.767747581400188e-05, 'epoch': 1.76}
{'loss': 0.4692, 'learning_rate': 8.76341750754187e-05, 'epoch': 1.76}
{'loss': 0.4926, 'learning_rate': 8.759087433683554e-05, 'epoch': 1.77}
{'loss': 0.4748, 'learning_rate': 8.754757359825237e-05, 'epoch': 1.77}
{'loss': 0.5005, 'learning_rate': 8.75042728596692e-05, 'epoch': 1.78}
{'loss': 0.4663, 'learning_rate': 8.746097212108604e-05, 'epoch': 1.78}
{'loss': 0.5032, 'learning_rate': 8.741767138250288e-05, 'epoch': 1.78}
{'loss': 0.4801, 'learning_rate': 8.73743706439197e-05, 'epoch': 1.79}
{'loss': 0.4762, 'learning_rate': 8.73319359201082e-05, 'epoch': 1.79}
{'loss': 0.4969, 'learning_rate': 8.728863518152502e-05, 'epoch': 1.8}
{'loss': 0.4871, 'learning_rate': 8.724533444294186e-05, 'epoch': 1.8}
{'loss': 0.4903, 'learning_rate': 8.720203370435869e-05, 'epoch': 1.8}
{'loss': 0.4851, 'learning_rate': 8.715873296577551e-05, 'epoch': 1.81}
{'loss': 0.4922, 'learning_rate': 8.711543222719235e-05, 'epoch': 1.81}
{'loss': 0.4868, 'learning_rate': 8.707213148860918e-05, 'epoch': 1.82}
{'loss': 0.4486, 'learning_rate': 8.7028830750026e-05, 'epoch': 1.82}
{'loss': 0.5033, 'learning_rate': 8.698553001144284e-05, 'epoch': 1.83}
{'loss': 0.4453, 'learning_rate': 8.694222927285967e-05, 'epoch': 1.83}
{'loss': 0.4962, 'learning_rate': 8.68989285342765e-05, 'epoch': 1.83}
{'loss': 0.4818, 'learning_rate': 8.685562779569334e-05, 'epoch': 1.84}
{'loss': 0.4909, 'learning_rate': 8.681232705711018e-05, 'epoch': 1.84}
{'loss': 0.4718, 'learning_rate': 8.6769026318527e-05, 'epoch': 1.85}
{'loss': 0.5338, 'learning_rate': 8.672572557994383e-05, 'epoch': 1.85}
{'loss': 0.5009, 'learning_rate': 8.668242484136067e-05, 'epoch': 1.85}
{'loss': 0.4756, 'learning_rate': 8.663912410277749e-05, 'epoch': 1.86}
{'loss': 0.4805, 'learning_rate': 8.659582336419432e-05, 'epoch': 1.86}
{'loss': 0.4473, 'learning_rate': 8.655252262561116e-05, 'epoch': 1.87}
{'loss': 0.5279, 'learning_rate': 8.650922188702799e-05, 'epoch': 1.87}
{'loss': 0.4978, 'learning_rate': 8.646592114844481e-05, 'epoch': 1.87}
{'loss': 0.4658, 'learning_rate': 8.642262040986165e-05, 'epoch': 1.88}
{'loss': 0.5014, 'learning_rate': 8.637931967127848e-05, 'epoch': 1.88}
{'loss': 0.4749, 'learning_rate': 8.63360189326953e-05, 'epoch': 1.89}
{'loss': 0.4635, 'learning_rate': 8.629271819411214e-05, 'epoch': 1.89}
{'loss': 0.48, 'learning_rate': 8.624941745552897e-05, 'epoch': 1.89}
{'loss': 0.4464, 'learning_rate': 8.620611671694581e-05, 'epoch': 1.9}
{'loss': 0.5017, 'learning_rate': 8.616281597836264e-05, 'epoch': 1.9}
{'loss': 0.4842, 'learning_rate': 8.611951523977948e-05, 'epoch': 1.91}
{'loss': 0.463, 'learning_rate': 8.60762145011963e-05, 'epoch': 1.91}
{'loss': 0.4836, 'learning_rate': 8.603291376261313e-05, 'epoch': 1.91}
{'loss': 0.4872, 'learning_rate': 8.598961302402997e-05, 'epoch': 1.92}
{'loss': 0.4797, 'learning_rate': 8.594631228544679e-05, 'epoch': 1.92}
{'loss': 0.492, 'learning_rate': 8.590301154686362e-05, 'epoch': 1.93}
{'loss': 0.4544, 'learning_rate': 8.585971080828046e-05, 'epoch': 1.93}
{'loss': 0.4716, 'learning_rate': 8.581641006969728e-05, 'epoch': 1.94}
{'loss': 0.4654, 'learning_rate': 8.577310933111413e-05, 'epoch': 1.94}
{'loss': 0.4817, 'learning_rate': 8.572980859253096e-05, 'epoch': 1.94}
{'loss': 0.4584, 'learning_rate': 8.568650785394778e-05, 'epoch': 1.95}
{'loss': 0.4828, 'learning_rate': 8.564320711536462e-05, 'epoch': 1.95}
{'loss': 0.4758, 'learning_rate': 8.560077239155311e-05, 'epoch': 1.96}
{'loss': 0.463, 'learning_rate': 8.555747165296994e-05, 'epoch': 1.96}
{'loss': 0.4704, 'learning_rate': 8.551417091438678e-05, 'epoch': 1.96}
{'loss': 0.4745, 'learning_rate': 8.54708701758036e-05, 'epoch': 1.97}
{'loss': 0.5116, 'learning_rate': 8.542756943722043e-05, 'epoch': 1.97}
{'loss': 0.4782, 'learning_rate': 8.538426869863727e-05, 'epoch': 1.98}
{'loss': 0.4924, 'learning_rate': 8.534096796005409e-05, 'epoch': 1.98}
{'loss': 0.4894, 'learning_rate': 8.529766722147092e-05, 'epoch': 1.98}
{'loss': 0.5074, 'learning_rate': 8.525436648288776e-05, 'epoch': 1.99}
{'loss': 0.5039, 'learning_rate': 8.52110657443046e-05, 'epoch': 1.99}
{'loss': 0.4487, 'learning_rate': 8.516776500572143e-05, 'epoch': 2.0}
[INFO|trainer.py:520] 2026-10-04 15:12:11,149 >> The following columns in the evaluation set  don't have a corresponding argument in `PETLEncModel.forward` and have been ignored: premise, idx, hypothesis.
[INFO|trainer.py:2179] 2026-10-04 15:12:11,151 >> ***** Running Evaluation *****
[INFO|trainer.py:2181] 2026-10-04 15:12:11,151 >>   Num examples = 9815
[INFO|trainer.py:2184] 2026-10-04 15:12:11,151 >>   Batch size = 32
{'eval_loss': 0.42184141278266907, 'eval_accuracy': 0.8398369842078451, 'eval_runtime': 14.82, 'eval_samples_per_second': 662.282, 'eval_steps_per_second': 20.715, 'epoch': 2.0}
[INFO|trainer.py:1933] 2026-10-04 15:12:25,972 >> Saving model checkpoint to checkpoints/glue/mnli/20261004/glue.mnli.prefix.am_prefix.ao_concat.fm_none.fo_parallel.abn.fbn.ac_add.fl_none.finit_lora.fs_4.unfrz_ef_.ne10.warm0.06.wd0.1.seed2./checkpoint-24544
[INFO|configuration_utils.py:364] 2026-10-04 15:12:25,973 >> Configuration saved in checkpoints/glue/mnli/20261004/glue.mnli.prefix.am_prefix.ao_concat.fm_none.fo_parallel.abn.fbn.ac_add.fl_none.finit_lora.fs_4.unfrz_ef_.ne10.warm0.06.wd0.1.seed2./checkpoint-24544/config.json
[INFO|modeling_utils.py:898] 2026-10-04 15:12:26,306 >> Model weights saved in checkpoints/glue/mnli/20261004/glue.mnli.prefix.am_prefix.ao_concat.fm_none.fo_parallel.abn.fbn.ac_add.fl_none.finit_lora.fs_4.unfrz_ef_.ne10.warm0.06.wd0.1.seed2./checkpoint-24544/pytorch_model.bin
[INFO|tokenization_utils_base.py:1948] 2026-10-04 15:12:26,307 >> tokenizer config file saved in checkpoints/glue/mnli/20261004/glue.mnli.prefix.am_prefix.ao_concat.fm_none.fo_parallel.abn.fbn.ac_add.fl_none.finit_lora.fs_4.unfrz_ef_.ne10.warm0.06.wd0.1.seed2./checkpoint-24544/tokenizer_config.json
[INFO|tokenization_utils_base.py:1954] 2026-10-04 15:12:26,308 >> Special tokens file saved in checkpoints/glue/mnli/20261004/glue.mnli.prefix.am_prefix.ao_concat.fm_none.fo_parallel.abn.fbn.ac_add.fl_none.finit_lora.fs_4.unfrz_ef_.ne10.warm0.06.wd0.1.seed2./checkpoint-24544/special_tokens_map.json
/work/unify-parameter-efficient-tuning/src/transformers/trainer.py:1784: FutureWarning: `torch.cuda.amp.autocast(args...)` is deprecated. Please use `torch.amp.autocast('cuda', args...)` instead.
  with autocast():
{'loss': 0.4728, 'learning_rate': 8.512446426713826e-05, 'epoch': 2.0}
{'loss': 0.4908, 'learning_rate': 8.508116352855508e-05, 'epoch': 2.0}
{'loss': 0.4355, 'learning_rate': 8.503786278997192e-05, 'epoch': 2.01}
{'loss': 0.4873, 'learning_rate': 8.499456205138874e-05, 'epoch': 2.01}
{'loss': 0.4926, 'learning_rate': 8.495126131280558e-05, 'epoch': 2.02}
{'loss': 0.4608, 'learning_rate': 8.490796057422241e-05, 'epoch': 2.02}
{'loss': 0.4638, 'learning_rate': 8.486465983563924e-05, 'epoch': 2.02}
{'loss': 0.4844, 'learning_rate': 8.482135909705608e-05, 'epoch': 2.03}
{'loss': 0.4992, 'learning_rate': 8.47780583584729e-05, 'epoch': 2.03}
{'loss': 0.493, 'learning_rate': 8.47356236346614e-05, 'epoch': 2.04}
{'loss': 0.4559, 'learning_rate': 8.469232289607824e-05, 'epoch': 2.04}
{'loss': 0.4485, 'learning_rate': 8.464902215749507e-05, 'epoch': 2.05}
{'loss': 0.4597, 'learning_rate': 8.46057214189119e-05, 'epoch': 2.05}
{'loss': 0.4823, 'learning_rate': 8.456242068032873e-05, 'epoch': 2.05}
{'loss': 0.4541, 'learning_rate': 8.451911994174556e-05, 'epoch': 2.06}
{'loss': 0.4872, 'learning_rate': 8.447581920316238e-05, 'epoch': 2.06}
{'loss': 0.4652, 'learning_rate': 8.443251846457922e-05, 'epoch': 2.07}
{'loss': 0.4553, 'learning_rate': 8.438921772599605e-05, 'epoch': 2.07}
{'loss': 0.4893, 'learning_rate': 8.434591698741289e-05, 'epoch': 2.07}
{'loss': 0.4535, 'learning_rate': 8.430261624882971e-05, 'epoch': 2.08}
{'loss': 0.4521, 'learning_rate': 8.425931551024654e-05, 'epoch': 2.08}
{'loss': 0.4736, 'learning_rate': 8.421601477166338e-05, 'epoch': 2.09}
{'loss': 0.4886, 'learning_rate': 8.41727140330802e-05, 'epoch': 2.09}
{'loss': 0.4946, 'learning_rate': 8.412941329449704e-05, 'epoch': 2.09}
{'loss': 0.4513, 'learning_rate': 8.408611255591387e-05, 'epoch': 2.1}
{'loss': 0.4776, 'learning_rate': 8.404281181733069e-05, 'epoch': 2.1}
{'loss': 0.4802, 'learning_rate': 8.399951107874754e-05, 'epoch': 2.11}
{'loss': 0.4788, 'learning_rate': 8.395621034016437e-05, 'epoch': 2.11}
{'loss': 0.503, 'learning_rate': 8.39129096015812e-05, 'epoch': 2.11}
{'loss': 0.4765, 'learning_rate': 8.386960886299803e-05, 'epoch': 2.12}
{'loss': 0.474, 'learning_rate': 8.382630812441487e-05, 'epoch': 2.12}
{'loss': 0.5107, 'learning_rate': 8.378300738583169e-05, 'epoch': 2.13}
{'loss': 0.4532, 'learning_rate': 8.373970664724852e-05, 'epoch': 2.13}
{'loss': 0.4383, 'learning_rate': 8.369640590866536e-05, 'epoch': 2.13}
{'loss': 0.4817, 'learning_rate': 8.365310517008218e-05, 'epoch': 2.14}
{'loss': 0.4455, 'learning_rate': 8.360980443149901e-05, 'epoch': 2.14}
{'loss': 0.4864, 'learning_rate': 8.356650369291586e-05, 'epoch': 2.15}
{'loss': 0.483, 'learning_rate': 8.352320295433268e-05, 'epoch': 2.15}
{'loss': 0.4668, 'learning_rate': 8.347990221574952e-05, 'epoch': 2.16}
{'loss': 0.4597, 'learning_rate': 8.343660147716635e-05, 'epoch': 2.16}
{'loss': 0.4631, 'learning_rate': 8.339330073858317e-05, 'epoch': 2.16}
{'loss': 0.4825, 'learning_rate': 8.335e-05, 'epoch': 2.17}
{'loss': 0.453, 'learning_rate': 8.330669926141683e-05, 'epoch': 2.17}
{'loss': 0.4466, 'learning_rate': 8.326339852283366e-05, 'epoch': 2.18}
{'loss': 0.4962, 'learning_rate': 8.32200977842505e-05, 'epoch': 2.18}
{'loss': 0.4454, 'learning_rate': 8.317679704566733e-05, 'epoch': 2.18}
{'loss': 0.4856, 'learning_rate': 8.313349630708417e-05, 'epoch': 2.19}
{'loss': 0.4769, 'learning_rate': 8.309019556850099e-05, 'epoch': 2.19}
{'loss': 0.4293, 'learning_rate': 8.304689482991782e-05, 'epoch': 2.2}
{'loss': 0.4748, 'learning_rate': 8.300359409133466e-05, 'epoch': 2.2}
{'loss': 0.4883, 'learning_rate': 8.296029335275148e-05, 'epoch': 2.2}
{'loss': 0.4711, 'learning_rate': 8.291699261416831e-05, 'epoch': 2.21}
{'loss': 0.4521, 'learning_rate': 8.287369187558515e-05, 'epoch': 2.21}
{'loss': 0.4665, 'learning_rate': 8.283039113700198e-05, 'epoch': 2.22}
{'loss': 0.4726, 'learning_rate': 8.278709039841882e-05, 'epoch': 2.22}
{'loss': 0.4958, 'learning_rate': 8.274378965983565e-05, 'epoch': 2.22}
{'loss': 0.4713, 'learning_rate': 8.270048892125247e-05, 'epoch': 2.23}
{'loss': 0.4719, 'learning_rate': 8.265718818266931e-05, 'epoch': 2.23}
{'loss': 0.463, 'learning_rate': 8.261388744408614e-05, 'epoch': 2.24}
{'loss': 0.4493, 'learning_rate': 8.257058670550296e-05, 'epoch': 2.24}
{'loss': 0.4601, 'learning_rate': 8.25272859669198e-05, 'epoch': 2.24}
{'loss': 0.4466, 'learning_rate': 8.248398522833663e-05, 'epoch': 2.25}
{'loss': 0.4873, 'learning_rate': 8.244068448975347e-05, 'epoch': 2.25}
{'loss': 0.4782, 'learning_rate': 8.23973837511703e-05, 'epoch': 2.26}
{'loss': 0.4867, 'learning_rate': 8.235408301258712e-05, 'epoch': 2.26}
{'loss': 0.4377, 'learning_rate': 8.231078227400396e-05, 'epoch': 2.27}
{'loss': 0.5015, 'learning_rate': 8.22674815354208e-05, 'epoch': 2.27}
{'loss': 0.4829, 'learning_rate': 8.222418079683762e-05, 'epoch': 2.27}
{'loss': 0.4784, 'learning_rate': 8.218088005825445e-05, 'epoch': 2.28}
{'loss': 0.4776, 'learning_rate': 8.213757931967127e-05, 'epoch': 2.28}
{'loss': 0.4839, 'learning_rate': 8.20942785810881e-05, 'epoch': 2.29}
{'loss': 0.4779, 'learning_rate': 8.205097784250494e-05, 'epoch': 2.29}
{'loss': 0.4676, 'learning_rate': 8.200767710392178e-05, 'epoch': 2.29}
{'loss': 0.4598, 'learning_rate': 8.196437636533861e-05, 'epoch': 2.3}
{'loss': 0.4523, 'learning_rate': 8.192107562675545e-05, 'epoch': 2.3}
{'loss': 0.4555, 'learning_rate': 8.187777488817227e-05, 'epoch': 2.31}
{'loss': 0.4584, 'learning_rate': 8.18344741495891e-05, 'epoch': 2.31}
{'loss': 0.4669, 'learning_rate': 8.17920394257776e-05, 'epoch': 2.31}
{'loss': 0.4679, 'learning_rate': 8.174873868719442e-05, 'epoch': 2.32}
{'loss': 0.4419, 'learning_rate': 8.170543794861126e-05, 'epoch': 2.32}
{'loss': 0.4879, 'learning_rate': 8.166213721002808e-05, 'epoch': 2.33}
{'loss': 0.4996, 'learning_rate': 8.161883647144492e-05, 'epoch': 2.33}
{'loss': 0.4871, 'learning_rate': 8.157553573286175e-05, 'epoch': 2.33}
{'loss': 0.4668, 'learning_rate': 8.153223499427858e-05, 'epoch': 2.34}
{'loss': 0.4526, 'learning_rate': 8.148893425569542e-05, 'epoch': 2.34}
{'loss': 0.4901, 'learning_rate': 8.144563351711225e-05, 'epoch': 2.35}
{'loss': 0.4759, 'learning_rate': 8.140233277852908e-05, 'epoch': 2.35}
{'loss': 0.4894, 'learning_rate': 8.135903203994591e-05, 'epoch': 2.35}
{'loss': 0.4713, 'learning_rate': 8.131573130136274e-05, 'epoch': 2.36}
{'loss': 0.4445, 'learning_rate': 8.127243056277957e-05, 'epoch': 2.36}
{'loss': 0.4882, 'learning_rate': 8.12291298241964e-05, 'epoch': 2.37}
{'loss': 0.4505, 'learning_rate': 8.118582908561324e-05, 'epoch': 2.37}
{'loss': 0.4639, 'learning_rate': 8.114252834703007e-05, 'epoch': 2.38}
{'loss': 0.4425, 'learning_rate': 8.10992276084469e-05, 'epoch': 2.38}
{'loss': 0.4742, 'learning_rate': 8.105592686986374e-05, 'epoch': 2.38}
{'loss': 0.4852, 'learning_rate': 8.101262613128056e-05, 'epoch': 2.39}
{'loss': 0.4676, 'learning_rate': 8.09693253926974e-05, 'epoch': 2.39}
{'loss': 0.4515, 'learning_rate': 8.092602465411423e-05, 'epoch': 2.4}
{'loss': 0.4795, 'learning_rate': 8.088272391553105e-05, 'epoch': 2.4}
{'loss': 0.4252, 'learning_rate': 8.083942317694789e-05, 'epoch': 2.4}
{'loss': 0.4884, 'learning_rate': 8.079612243836472e-05, 'epoch': 2.41}
{'loss': 0.475, 'learning_rate': 8.075282169978156e-05, 'epoch': 2.41}
{'loss': 0.4883, 'learning_rate': 8.070952096119839e-05, 'epoch': 2.42}
{'loss': 0.4605, 'learning_rate': 8.066622022261521e-05, 'epoch': 2.42}
{'loss': 0.4767, 'learning_rate': 8.062291948403205e-05, 'epoch': 2.42}
{'loss': 0.4552, 'learning_rate': 8.057961874544887e-05, 'epoch': 2.43}
{'loss': 0.4955, 'learning_rate': 8.05363180068657e-05, 'epoch': 2.43}
{'loss': 0.487, 'learning_rate': 8.049301726828254e-05, 'epoch': 2.44}
{'loss': 0.4678, 'learning_rate': 8.044971652969936e-05, 'epoch': 2.44}
{'loss': 0.4412, 'learning_rate': 8.04064157911162e-05, 'epoch': 2.44}
{'loss': 0.481, 'learning_rate': 8.036311505253303e-05, 'epoch': 2.45}
{'loss': 0.4739, 'learning_rate': 8.031981431394986e-05, 'epoch': 2.45}
{'loss': 0.4724, 'learning_rate': 8.02765135753667e-05, 'epoch': 2.46}
{'loss': 0.4892, 'learning_rate': 8.023321283678353e-05, 'epoch': 2.46}
{'loss': 0.4666, 'learning_rate': 8.018991209820035e-05, 'epoch': 2.46}
{'loss': 0.4547, 'learning_rate': 8.014661135961719e-05, 'epoch': 2.47}
{'loss': 0.4541, 'learning_rate': 8.010331062103402e-05, 'epoch': 2.47}
{'loss': 0.5045, 'learning_rate': 8.006000988245084e-05, 'epoch': 2.48}
{'loss': 0.4715, 'learning_rate': 8.001670914386768e-05, 'epoch': 2.48}
{'loss': 0.4728, 'learning_rate': 7.997340840528451e-05, 'epoch': 2.49}
{'loss': 0.4609, 'learning_rate': 7.993010766670135e-05, 'epoch': 2.49}
{'loss': 0.4603, 'learning_rate': 7.988680692811818e-05, 'epoch': 2.49}
{'loss': 0.4654, 'learning_rate': 7.984350618953502e-05, 'epoch': 2.5}
{'loss': 0.4718, 'learning_rate': 7.980020545095184e-05, 'epoch': 2.5}
{'loss': 0.4572, 'learning_rate': 7.975690471236867e-05, 'epoch': 2.51}
{'loss': 0.46, 'learning_rate': 7.97136039737855e-05, 'epoch': 2.51}
{'loss': 0.4867, 'learning_rate': 7.967030323520233e-05, 'epoch': 2.51}
{'loss': 0.4658, 'learning_rate': 7.962700249661916e-05, 'epoch': 2.52}
{'loss': 0.4605, 'learning_rate': 7.9583701758036e-05, 'epoch': 2.52}
{'loss': 0.4423, 'learning_rate': 7.954040101945283e-05, 'epoch': 2.53}
{'loss': 0.4592, 'learning_rate': 7.949710028086966e-05, 'epoch': 2.53}
{'loss': 0.4711, 'learning_rate': 7.945379954228649e-05, 'epoch': 2.53}
{'loss': 0.4526, 'learning_rate': 7.941049880370333e-05, 'epoch': 2.54}
{'loss': 0.4919, 'learning_rate': 7.936719806512015e-05, 'epoch': 2.54}
{'loss': 0.4789, 'learning_rate': 7.932389732653698e-05, 'epoch': 2.55}
{'loss': 0.4857, 'learning_rate': 7.928059658795382e-05, 'epoch': 2.55}
{'loss': 0.4845, 'learning_rate': 7.923816186414232e-05, 'epoch': 2.55}
{'loss': 0.4675, 'learning_rate': 7.919486112555914e-05, 'epoch': 2.56}
{'loss': 0.4493, 'learning_rate': 7.915156038697597e-05, 'epoch': 2.56}
{'loss': 0.4503, 'learning_rate': 7.910825964839281e-05, 'epoch': 2.57}
{'loss': 0.4526, 'learning_rate': 7.906495890980964e-05, 'epoch': 2.57}
{'loss': 0.4855, 'learning_rate': 7.902165817122646e-05, 'epoch': 2.57}
{'loss': 0.4396, 'learning_rate': 7.89783574326433e-05, 'epoch': 2.58}
{'loss': 0.4853, 'learning_rate': 7.893505669406013e-05, 'epoch': 2.58}
{'loss': 0.48, 'learning_rate': 7.889175595547696e-05, 'epoch': 2.59}
{'loss': 0.461, 'learning_rate': 7.884845521689379e-05, 'epoch': 2.59}
{'loss': 0.4907, 'learning_rate': 7.880515447831062e-05, 'epoch': 2.6}
{'loss': 0.4463, 'learning_rate': 7.876185373972745e-05, 'epoch': 2.6}
{'loss': 0.4712, 'learning_rate': 7.871855300114428e-05, 'epoch': 2.6}
{'loss': 0.4308, 'learning_rate': 7.867525226256113e-05, 'epoch': 2.61}
{'loss': 0.4628, 'learning_rate': 7.863195152397795e-05, 'epoch': 2.61}
{'loss': 0.4437, 'learning_rate': 7.858865078539479e-05, 'epoch': 2.62}
{'loss': 0.4702, 'learning_rate': 7.854535004681162e-05, 'epoch': 2.62}
{'loss': 0.4358, 'learning_rate': 7.850204930822844e-05, 'epoch': 2.62}
{'loss': 0.4597, 'learning_rate': 7.845874856964528e-05, 'epoch': 2.63}
{'loss': 0.4575, 'learning_rate': 7.841544783106211e-05, 'epoch': 2.63}
{'loss': 0.4856, 'learning_rate': 7.837214709247893e-05, 'epoch': 2.64}
{'loss': 0.4792, 'learning_rate': 7.832884635389577e-05, 'epoch': 2.64}
{'loss': 0.5026, 'learning_rate': 7.82855456153126e-05, 'epoch': 2.64}
{'loss': 0.4175, 'learning_rate': 7.824224487672944e-05, 'epoch': 2.65}
{'loss': 0.4565, 'learning_rate': 7.819894413814627e-05, 'epoch': 2.65}
{'loss': 0.476, 'learning_rate': 7.81556433995631e-05, 'epoch': 2.66}
{'loss': 0.492, 'learning_rate': 7.811234266097993e-05, 'epoch': 2.66}
{'loss': 0.4303, 'learning_rate': 7.806904192239676e-05, 'epoch': 2.66}
{'loss': 0.4536, 'learning_rate': 7.802574118381358e-05, 'epoch': 2.67}
{'loss': 0.4522, 'learning_rate': 7.798244044523042e-05, 'epoch': 2.67}
{'loss': 0.454, 'learning_rate': 7.793913970664725e-05, 'epoch': 2.68}
{'loss': 0.4363, 'learning_rate': 7.789583896806409e-05, 'epoch': 2.68}
{'loss': 0.4745, 'learning_rate': 7.785253822948092e-05, 'epoch': 2.68}
{'loss': 0.4678, 'learning_rate': 7.780923749089774e-05, 'epoch': 2.69}
{'loss': 0.4345, 'learning_rate': 7.776593675231458e-05, 'epoch': 2.69}
{'loss': 0.4834, 'learning_rate': 7.772263601373141e-05, 'epoch': 2.7}
{'loss': 0.4609, 'learning_rate': 7.767933527514823e-05, 'epoch': 2.7}
{'loss': 0.4757, 'learning_rate': 7.763603453656507e-05, 'epoch': 2.71}
{'loss': 0.4827, 'learning_rate': 7.75927337979819e-05, 'epoch': 2.71}
{'loss': 0.4584, 'learning_rate': 7.754943305939874e-05, 'epoch': 2.71}
{'loss': 0.4798, 'learning_rate': 7.750613232081557e-05, 'epoch': 2.72}
{'loss': 0.492, 'learning_rate': 7.746283158223241e-05, 'epoch': 2.72}
{'loss': 0.4641, 'learning_rate': 7.741953084364923e-05, 'epoch': 2.73}
{'loss': 0.4872, 'learning_rate': 7.737623010506606e-05, 'epoch': 2.73}
{'loss': 0.4562, 'learning_rate': 7.73329293664829e-05, 'epoch': 2.73}
{'loss': 0.4755, 'learning_rate': 7.728962862789972e-05, 'epoch': 2.74}
{'loss': 0.4385, 'learning_rate': 7.724632788931655e-05, 'epoch': 2.74}
{'loss': 0.4565, 'learning_rate': 7.720389316550504e-05, 'epoch': 2.75}
{'loss': 0.4564, 'learning_rate': 7.716059242692188e-05, 'epoch': 2.75}
{'loss': 0.4664, 'learning_rate': 7.711729168833871e-05, 'epoch': 2.75}
{'loss': 0.4402, 'learning_rate': 7.707399094975553e-05, 'epoch': 2.76}
{'loss': 0.4475, 'learning_rate': 7.703069021117237e-05, 'epoch': 2.76}
{'loss': 0.4464, 'learning_rate': 7.698738947258922e-05, 'epoch': 2.77}
{'loss': 0.4637, 'learning_rate': 7.694408873400604e-05, 'epoch': 2.77}
{'loss': 0.4938, 'learning_rate': 7.690078799542287e-05, 'epoch': 2.77}
{'loss': 0.4766, 'learning_rate': 7.685748725683971e-05, 'epoch': 2.78}
{'loss': 0.4268, 'learning_rate': 7.681418651825653e-05, 'epoch': 2.78}
{'loss': 0.506, 'learning_rate': 7.677088577967336e-05, 'epoch': 2.79}
{'loss': 0.4343, 'learning_rate': 7.67275850410902e-05, 'epoch': 2.79}
{'loss': 0.5049, 'learning_rate': 7.668428430250702e-05, 'epoch': 2.79}
{'loss': 0.4441, 'learning_rate': 7.664098356392385e-05, 'epoch': 2.8}
{'loss': 0.4299, 'learning_rate': 7.659768282534069e-05, 'epoch': 2.8}
{'loss': 0.4759, 'learning_rate': 7.655438208675752e-05, 'epoch': 2.81}
{'loss': 0.4565, 'learning_rate': 7.651108134817436e-05, 'epoch': 2.81}
{'loss': 0.4689, 'learning_rate': 7.646778060959118e-05, 'epoch': 2.82}
{'loss': 0.454, 'learning_rate': 7.642447987100801e-05, 'epoch': 2.82}
{'loss': 0.4738, 'learning_rate': 7.638117913242485e-05, 'epoch': 2.82}
{'loss': 0.4346, 'learning_rate': 7.633787839384167e-05, 'epoch': 2.83}
{'loss': 0.453, 'learning_rate': 7.62945776552585e-05, 'epoch': 2.83}
{'loss': 0.4752, 'learning_rate': 7.625127691667534e-05, 'epoch': 2.84}
{'loss': 0.4355, 'learning_rate': 7.620797617809217e-05, 'epoch': 2.84}
{'loss': 0.4901, 'learning_rate': 7.616467543950901e-05, 'epoch': 2.84}
{'loss': 0.4576, 'learning_rate': 7.612137470092583e-05, 'epoch': 2.85}
{'loss': 0.4502, 'learning_rate': 7.607807396234266e-05, 'epoch': 2.85}
{'loss': 0.4441, 'learning_rate': 7.60347732237595e-05, 'epoch': 2.86}
{'loss': 0.4521, 'learning_rate': 7.599147248517632e-05, 'epoch': 2.86}
{'loss': 0.4754, 'learning_rate': 7.594817174659316e-05, 'epoch': 2.86}
{'loss': 0.4584, 'learning_rate': 7.590487100800999e-05, 'epoch': 2.87}
{'loss': 0.4496, 'learning_rate': 7.586157026942683e-05, 'epoch': 2.87}
{'loss': 0.4518, 'learning_rate': 7.581826953084366e-05, 'epoch': 2.88}
{'loss': 0.4396, 'learning_rate': 7.57749687922605e-05, 'epoch': 2.88}
{'loss': 0.503, 'learning_rate': 7.573166805367732e-05, 'epoch': 2.88}
{'loss': 0.4827, 'learning_rate': 7.568836731509415e-05, 'epoch': 2.89}
{'loss': 0.4061, 'learning_rate': 7.564506657651099e-05, 'epoch': 2.89}
{'loss': 0.4492, 'learning_rate': 7.56017658379278e-05, 'epoch': 2.9}
{'loss': 0.4155, 'learning_rate': 7.555846509934464e-05, 'epoch': 2.9}
{'loss': 0.4448, 'learning_rate': 7.551516436076148e-05, 'epoch': 2.9}
{'loss': 0.4593, 'learning_rate': 7.54718636221783e-05, 'epoch': 2.91}
{'loss': 0.4445, 'learning_rate': 7.542856288359515e-05, 'epoch': 2.91}
{'loss': 0.454, 'learning_rate': 7.538526214501197e-05, 'epoch': 2.92}
{'loss': 0.4445, 'learning_rate': 7.53419614064288e-05, 'epoch': 2.92}
{'loss': 0.4769, 'learning_rate': 7.529866066784562e-05, 'epoch': 2.93}
{'loss': 0.4537, 'learning_rate': 7.525535992926246e-05, 'epoch': 2.93}
{'loss': 0.4663, 'learning_rate': 7.521205919067929e-05, 'epoch': 2.93}
{'loss': 0.4326, 'learning_rate': 7.516875845209611e-05, 'epoch': 2.94}
{'loss': 0.4488, 'learning_rate': 7.512545771351295e-05, 'epoch': 2.94}
{'loss': 0.4625, 'learning_rate': 7.508215697492978e-05, 'epoch': 2.95}
{'loss': 0.4724, 'learning_rate': 7.503885623634662e-05, 'epoch': 2.95}
{'loss': 0.4613, 'learning_rate': 7.499555549776345e-05, 'epoch': 2.95}
{'loss': 0.49, 'learning_rate': 7.495312077395194e-05, 'epoch': 2.96}
{'loss': 0.4616, 'learning_rate': 7.490982003536878e-05, 'epoch': 2.96}
{'loss': 0.4271, 'learning_rate': 7.486651929678561e-05, 'epoch': 2.97}
{'loss': 0.455, 'learning_rate': 7.482321855820243e-05, 'epoch': 2.97}
{'loss': 0.4191, 'learning_rate': 7.477991781961928e-05, 'epoch': 2.97}
{'loss': 0.4688, 'learning_rate': 7.47366170810361e-05, 'epoch': 2.98}
{'loss': 0.4291, 'learning_rate': 7.469331634245292e-05, 'epoch': 2.98}
{'loss': 0.4911, 'learning_rate': 7.465001560386976e-05, 'epoch': 2.99}
{'loss': 0.4275, 'learning_rate': 7.460671486528659e-05, 'epoch': 2.99}
{'loss': 0.4344, 'learning_rate': 7.456341412670343e-05, 'epoch': 2.99}
{'loss': 0.4265, 'learning_rate': 7.452011338812026e-05, 'epoch': 3.0}
[INFO|trainer.py:520] 2026-10-04 15:20:52,463 >> The following columns in the evaluation set  don't have a corresponding argument in `PETLEncModel.forward` and have been ignored: premise, idx, hypothesis.
[INFO|trainer.py:2179] 2026-10-04 15:20:52,465 >> ***** Running Evaluation *****
[INFO|trainer.py:2181] 2026-10-04 15:20:52,465 >>   Num examples = 9815
[INFO|trainer.py:2184] 2026-10-04 15:20:52,465 >>   Batch size = 32
{'eval_loss': 0.4100414216518402, 'eval_accuracy': 0.8446255731023943, 'eval_runtime': 14.7818, 'eval_samples_per_second': 663.991, 'eval_steps_per_second': 20.769, 'epoch': 3.0}
[INFO|trainer.py:1933] 2026-10-04 15:21:07,248 >> Saving model checkpoint to checkpoints/glue/mnli/20261004/glue.mnli.prefix.am_prefix.ao_concat.fm_none.fo_parallel.abn.fbn.ac_add.fl_none.finit_lora.fs_4.unfrz_ef_.ne10.warm0.06.wd0.1.seed2./checkpoint-36816
[INFO|configuration_utils.py:364] 2026-10-04 15:21:07,250 >> Configuration saved in checkpoints/glue/mnli/20261004/glue.mnli.prefix.am_prefix.ao_concat.fm_none.fo_parallel.abn.fbn.ac_add.fl_none.finit_lora.fs_4.unfrz_ef_.ne10.warm0.06.wd0.1.seed2./checkpoint-36816/config.json
[INFO|modeling_utils.py:898] 2026-10-04 15:21:07,624 >> Model weights saved in checkpoints/glue/mnli/20261004/glue.mnli.prefix.am_prefix.ao_concat.fm_none.fo_parallel.abn.fbn.ac_add.fl_none.finit_lora.fs_4.unfrz_ef_.ne10.warm0.06.wd0.1.seed2./checkpoint-36816/pytorch_model.bin
[INFO|tokenization_utils_base.py:1948] 2026-10-04 15:21:07,625 >> tokenizer config file saved in checkpoints/glue/mnli/20261004/glue.mnli.prefix.am_prefix.ao_concat.fm_none.fo_parallel.abn.fbn.ac_add.fl_none.finit_lora.fs_4.unfrz_ef_.ne10.warm0.06.wd0.1.seed2./checkpoint-36816/tokenizer_config.json
[INFO|tokenization_utils_base.py:1954] 2026-10-04 15:21:07,625 >> Special tokens file saved in checkpoints/glue/mnli/20261004/glue.mnli.prefix.am_prefix.ao_concat.fm_none.fo_parallel.abn.fbn.ac_add.fl_none.finit_lora.fs_4.unfrz_ef_.ne10.warm0.06.wd0.1.seed2./checkpoint-36816/special_tokens_map.json
[INFO|trainer.py:2009] 2026-10-04 15:21:07,749 >> Deleting older checkpoint [checkpoints/glue/mnli/20261004/glue.mnli.prefix.am_prefix.ao_concat.fm_none.fo_parallel.abn.fbn.ac_add.fl_none.finit_lora.fs_4.unfrz_ef_.ne10.warm0.06.wd0.1.seed2./checkpoint-12272] due to args.save_total_limit
/work/unify-parameter-efficient-tuning/src/transformers/trainer.py:1784: FutureWarning: `torch.cuda.amp.autocast(args...)` is deprecated. Please use `torch.amp.autocast('cuda', args...)` instead.
  with autocast():
{'loss': 0.4509, 'learning_rate': 7.44768126495371e-05, 'epoch': 3.0}
{'loss': 0.4392, 'learning_rate': 7.443351191095392e-05, 'epoch': 3.01}
{'loss': 0.4613, 'learning_rate': 7.439021117237075e-05, 'epoch': 3.01}
{'loss': 0.4548, 'learning_rate': 7.434691043378759e-05, 'epoch': 3.01}
{'loss': 0.4545, 'learning_rate': 7.430360969520441e-05, 'epoch': 3.02}
{'loss': 0.4329, 'learning_rate': 7.426030895662124e-05, 'epoch': 3.02}
{'loss': 0.4379, 'learning_rate': 7.421700821803808e-05, 'epoch': 3.03}
{'loss': 0.4559, 'learning_rate': 7.417370747945491e-05, 'epoch': 3.03}
{'loss': 0.4363, 'learning_rate': 7.413040674087175e-05, 'epoch': 3.04}
{'loss': 0.4323, 'learning_rate': 7.408710600228858e-05, 'epoch': 3.04}
{'loss': 0.4509, 'learning_rate': 7.40438052637054e-05, 'epoch': 3.04}
{'loss': 0.4467, 'learning_rate': 7.400050452512224e-05, 'epoch': 3.05}
{'loss': 0.4719, 'learning_rate': 7.395720378653907e-05, 'epoch': 3.05}
{'loss': 0.4272, 'learning_rate': 7.39139030479559e-05, 'epoch': 3.06}
{'loss': 0.4169, 'learning_rate': 7.387060230937272e-05, 'epoch': 3.06}
{'loss': 0.4589, 'learning_rate': 7.382730157078956e-05, 'epoch': 3.06}
{'loss': 0.4212, 'learning_rate': 7.37840008322064e-05, 'epoch': 3.07}
{'loss': 0.4623, 'learning_rate': 7.374070009362322e-05, 'epoch': 3.07}
{'loss': 0.443, 'learning_rate': 7.369739935504007e-05, 'epoch': 3.08}
{'loss': 0.4245, 'learning_rate': 7.365409861645689e-05, 'epoch': 3.08}
{'loss': 0.4089, 'learning_rate': 7.361079787787371e-05, 'epoch': 3.08}
{'loss': 0.4464, 'learning_rate': 7.356749713929054e-05, 'epoch': 3.09}
{'loss': 0.4477, 'learning_rate': 7.352419640070738e-05, 'epoch': 3.09}
{'loss': 0.4727, 'learning_rate': 7.34808956621242e-05, 'epoch': 3.1}
{'loss': 0.4542, 'learning_rate': 7.343759492354104e-05, 'epoch': 3.1}
{'loss': 0.4426, 'learning_rate': 7.339429418495787e-05, 'epoch': 3.1}
{'loss': 0.4167, 'learning_rate': 7.33509934463747e-05, 'epoch': 3.11}
{'loss': 0.4689, 'learning_rate': 7.330769270779154e-05, 'epoch': 3.11}
{'loss': 0.4601, 'learning_rate': 7.326439196920837e-05, 'epoch': 3.12}
{'loss': 0.4758, 'learning_rate': 7.32210912306252e-05, 'epoch': 3.12}
{'loss': 0.469, 'learning_rate': 7.317779049204203e-05, 'epoch': 3.12}
{'loss': 0.4464, 'learning_rate': 7.313448975345887e-05, 'epoch': 3.13}
{'loss': 0.4529, 'learning_rate': 7.309118901487569e-05, 'epoch': 3.13}
{'loss': 0.4385, 'learning_rate': 7.304788827629252e-05, 'epoch': 3.14}
{'loss': 0.4872, 'learning_rate': 7.300458753770936e-05, 'epoch': 3.14}
{'loss': 0.4268, 'learning_rate': 7.296128679912619e-05, 'epoch': 3.15}
{'loss': 0.4426, 'learning_rate': 7.291798606054303e-05, 'epoch': 3.15}
{'loss': 0.425, 'learning_rate': 7.287468532195986e-05, 'epoch': 3.15}
{'loss': 0.4348, 'learning_rate': 7.283138458337668e-05, 'epoch': 3.16}
{'loss': 0.4484, 'learning_rate': 7.27880838447935e-05, 'epoch': 3.16}
{'loss': 0.4541, 'learning_rate': 7.274478310621035e-05, 'epoch': 3.17}
{'loss': 0.4584, 'learning_rate': 7.270148236762717e-05, 'epoch': 3.17}
{'loss': 0.4591, 'learning_rate': 7.265818162904401e-05, 'epoch': 3.17}
{'loss': 0.4492, 'learning_rate': 7.261488089046084e-05, 'epoch': 3.18}
{'loss': 0.4287, 'learning_rate': 7.257158015187768e-05, 'epoch': 3.18}
{'loss': 0.5011, 'learning_rate': 7.25282794132945e-05, 'epoch': 3.19}
{'loss': 0.4633, 'learning_rate': 7.248497867471133e-05, 'epoch': 3.19}
{'loss': 0.4527, 'learning_rate': 7.244167793612817e-05, 'epoch': 3.19}
{'loss': 0.4615, 'learning_rate': 7.239837719754499e-05, 'epoch': 3.2}
{'loss': 0.4304, 'learning_rate': 7.235507645896182e-05, 'epoch': 3.2}
{'loss': 0.4628, 'learning_rate': 7.231177572037866e-05, 'epoch': 3.21}
{'loss': 0.4571, 'learning_rate': 7.226847498179548e-05, 'epoch': 3.21}
{'loss': 0.4597, 'learning_rate': 7.222517424321233e-05, 'epoch': 3.21}
{'loss': 0.4979, 'learning_rate': 7.218187350462916e-05, 'epoch': 3.22}
{'loss': 0.4533, 'learning_rate': 7.213943878081765e-05, 'epoch': 3.22}
{'loss': 0.4824, 'learning_rate': 7.209613804223449e-05, 'epoch': 3.23}
{'loss': 0.4194, 'learning_rate': 7.20528373036513e-05, 'epoch': 3.23}
{'loss': 0.4548, 'learning_rate': 7.200953656506814e-05, 'epoch': 3.24}
{'loss': 0.4427, 'learning_rate': 7.196623582648498e-05, 'epoch': 3.24}
{'loss': 0.4441, 'learning_rate': 7.19229350879018e-05, 'epoch': 3.24}
{'loss': 0.456, 'learning_rate': 7.187963434931863e-05, 'epoch': 3.25}
{'loss': 0.4849, 'learning_rate': 7.183633361073547e-05, 'epoch': 3.25}
{'loss': 0.4731, 'learning_rate': 7.179303287215229e-05, 'epoch': 3.26}
{'loss': 0.4421, 'learning_rate': 7.174973213356912e-05, 'epoch': 3.26}
{'loss': 0.4316, 'learning_rate': 7.170643139498596e-05, 'epoch': 3.26}
{'loss': 0.4268, 'learning_rate': 7.166313065640279e-05, 'epoch': 3.27}
{'loss': 0.4376, 'learning_rate': 7.161982991781963e-05, 'epoch': 3.27}
{'loss': 0.4333, 'learning_rate': 7.157652917923646e-05, 'epoch': 3.28}
{'loss': 0.4386, 'learning_rate': 7.153322844065328e-05, 'epoch': 3.28}
{'loss': 0.4329, 'learning_rate': 7.148992770207012e-05, 'epoch': 3.28}
{'loss': 0.4323, 'learning_rate': 7.144662696348695e-05, 'epoch': 3.29}
{'loss': 0.4224, 'learning_rate': 7.140332622490377e-05, 'epoch': 3.29}
{'loss': 0.4537, 'learning_rate': 7.136002548632061e-05, 'epoch': 3.3}
{'loss': 0.4657, 'learning_rate': 7.131672474773744e-05, 'epoch': 3.3}
{'loss': 0.4256, 'learning_rate': 7.127342400915428e-05, 'epoch': 3.3}
{'loss': 0.4562, 'learning_rate': 7.12301232705711e-05, 'epoch': 3.31}
{'loss': 0.4437, 'learning_rate': 7.118682253198795e-05, 'epoch': 3.31}
{'loss': 0.4358, 'learning_rate': 7.114352179340477e-05, 'epoch': 3.32}
{'loss': 0.4469, 'learning_rate': 7.110022105482159e-05, 'epoch': 3.32}
{'loss': 0.4463, 'learning_rate': 7.105692031623844e-05, 'epoch': 3.32}
{'loss': 0.4838, 'learning_rate': 7.101361957765526e-05, 'epoch': 3.33}
{'loss': 0.4533, 'learning_rate': 7.09703188390721e-05, 'epoch': 3.33}
{'loss': 0.4594, 'learning_rate': 7.092701810048893e-05, 'epoch': 3.34}
{'loss': 0.4672, 'learning_rate': 7.088371736190576e-05, 'epoch': 3.34}
{'loss': 0.4254, 'learning_rate': 7.084041662332258e-05, 'epoch': 3.35}
{'loss': 0.4534, 'learning_rate': 7.079711588473942e-05, 'epoch': 3.35}
{'loss': 0.4415, 'learning_rate': 7.075381514615625e-05, 'epoch': 3.35}
{'loss': 0.4345, 'learning_rate': 7.071051440757308e-05, 'epoch': 3.36}
{'loss': 0.4442, 'learning_rate': 7.066721366898991e-05, 'epoch': 3.36}
{'loss': 0.4633, 'learning_rate': 7.062391293040675e-05, 'epoch': 3.37}
{'loss': 0.4625, 'learning_rate': 7.058061219182357e-05, 'epoch': 3.37}
{'loss': 0.4567, 'learning_rate': 7.053731145324041e-05, 'epoch': 3.37}
{'loss': 0.4339, 'learning_rate': 7.049401071465725e-05, 'epoch': 3.38}
{'loss': 0.4382, 'learning_rate': 7.045070997607407e-05, 'epoch': 3.38}
{'loss': 0.4586, 'learning_rate': 7.04074092374909e-05, 'epoch': 3.39}
{'loss': 0.4465, 'learning_rate': 7.036410849890774e-05, 'epoch': 3.39}
{'loss': 0.4326, 'learning_rate': 7.032080776032456e-05, 'epoch': 3.39}
{'loss': 0.4326, 'learning_rate': 7.02775070217414e-05, 'epoch': 3.4}
{'loss': 0.4588, 'learning_rate': 7.023420628315823e-05, 'epoch': 3.4}
{'loss': 0.4766, 'learning_rate': 7.019090554457505e-05, 'epoch': 3.41}
{'loss': 0.435, 'learning_rate': 7.014760480599189e-05, 'epoch': 3.41}
{'loss': 0.447, 'learning_rate': 7.010430406740874e-05, 'epoch': 3.41}
{'loss': 0.4212, 'learning_rate': 7.006100332882556e-05, 'epoch': 3.42}
{'loss': 0.4693, 'learning_rate': 7.001770259024238e-05, 'epoch': 3.42}
{'loss': 0.4167, 'learning_rate': 6.997440185165923e-05, 'epoch': 3.43}
{'loss': 0.4491, 'learning_rate': 6.993110111307605e-05, 'epoch': 3.43}
{'loss': 0.4345, 'learning_rate': 6.988780037449287e-05, 'epoch': 3.43}
{'loss': 0.4363, 'learning_rate': 6.98444996359097e-05, 'epoch': 3.44}
{'loss': 0.456, 'learning_rate': 6.980119889732654e-05, 'epoch': 3.44}
{'loss': 0.4484, 'learning_rate': 6.975789815874337e-05, 'epoch': 3.45}
{'loss': 0.4466, 'learning_rate': 6.971546343493186e-05, 'epoch': 3.45}
{'loss': 0.4586, 'learning_rate': 6.96721626963487e-05, 'epoch': 3.46}
{'loss': 0.4384, 'learning_rate': 6.962886195776553e-05, 'epoch': 3.46}
{'loss': 0.4638, 'learning_rate': 6.958556121918237e-05, 'epoch': 3.46}
{'loss': 0.436, 'learning_rate': 6.954226048059919e-05, 'epoch': 3.47}
{'loss': 0.4647, 'learning_rate': 6.949895974201603e-05, 'epoch': 3.47}
{'loss': 0.4518, 'learning_rate': 6.945565900343286e-05, 'epoch': 3.48}
{'loss': 0.4717, 'learning_rate': 6.941235826484968e-05, 'epoch': 3.48}
{'loss': 0.4471, 'learning_rate': 6.936905752626651e-05, 'epoch': 3.48}
{'loss': 0.4366, 'learning_rate': 6.932575678768335e-05, 'epoch': 3.49}
{'loss': 0.4364, 'learning_rate': 6.928245604910018e-05, 'epoch': 3.49}
{'loss': 0.4648, 'learning_rate': 6.923915531051702e-05, 'epoch': 3.5}
{'loss': 0.4648, 'learning_rate': 6.919585457193385e-05, 'epoch': 3.5}
{'loss': 0.4286, 'learning_rate': 6.915255383335067e-05, 'epoch': 3.5}
{'loss': 0.4433, 'learning_rate': 6.910925309476751e-05, 'epoch': 3.51}
{'loss': 0.4812, 'learning_rate': 6.906595235618434e-05, 'epoch': 3.51}
{'loss': 0.4409, 'learning_rate': 6.902265161760116e-05, 'epoch': 3.52}
{'loss': 0.4577, 'learning_rate': 6.8979350879018e-05, 'epoch': 3.52}
{'loss': 0.4349, 'learning_rate': 6.893605014043483e-05, 'epoch': 3.52}
{'loss': 0.4477, 'learning_rate': 6.889274940185165e-05, 'epoch': 3.53}
{'loss': 0.4203, 'learning_rate': 6.88494486632685e-05, 'epoch': 3.53}
{'loss': 0.457, 'learning_rate': 6.880614792468534e-05, 'epoch': 3.54}
{'loss': 0.455, 'learning_rate': 6.876284718610216e-05, 'epoch': 3.54}
{'loss': 0.4335, 'learning_rate': 6.871954644751899e-05, 'epoch': 3.54}
{'loss': 0.4315, 'learning_rate': 6.867624570893583e-05, 'epoch': 3.55}
{'loss': 0.436, 'learning_rate': 6.863294497035265e-05, 'epoch': 3.55}
{'loss': 0.427, 'learning_rate': 6.858964423176947e-05, 'epoch': 3.56}
{'loss': 0.4441, 'learning_rate': 6.854634349318632e-05, 'epoch': 3.56}
{'loss': 0.4635, 'learning_rate': 6.850304275460314e-05, 'epoch': 3.57}
{'loss': 0.4757, 'learning_rate': 6.845974201601997e-05, 'epoch': 3.57}
{'loss': 0.4538, 'learning_rate': 6.841644127743682e-05, 'epoch': 3.57}
{'loss': 0.4524, 'learning_rate': 6.837314053885364e-05, 'epoch': 3.58}
{'loss': 0.4619, 'learning_rate': 6.832983980027046e-05, 'epoch': 3.58}
{'loss': 0.454, 'learning_rate': 6.82865390616873e-05, 'epoch': 3.59}
{'loss': 0.4545, 'learning_rate': 6.824323832310413e-05, 'epoch': 3.59}
{'loss': 0.4649, 'learning_rate': 6.819993758452096e-05, 'epoch': 3.59}
{'loss': 0.4571, 'learning_rate': 6.815663684593779e-05, 'epoch': 3.6}
{'loss': 0.4532, 'learning_rate': 6.811333610735463e-05, 'epoch': 3.6}
{'loss': 0.444, 'learning_rate': 6.807003536877146e-05, 'epoch': 3.61}
{'loss': 0.4463, 'learning_rate': 6.80267346301883e-05, 'epoch': 3.61}
{'loss': 0.4419, 'learning_rate': 6.798343389160513e-05, 'epoch': 3.61}
{'loss': 0.4692, 'learning_rate': 6.794013315302195e-05, 'epoch': 3.62}
{'loss': 0.4356, 'learning_rate': 6.789683241443879e-05, 'epoch': 3.62}
{'loss': 0.4213, 'learning_rate': 6.785353167585562e-05, 'epoch': 3.63}
{'loss': 0.4525, 'learning_rate': 6.781023093727244e-05, 'epoch': 3.63}
{'loss': 0.4585, 'learning_rate': 6.776693019868928e-05, 'epoch': 3.63}
{'loss': 0.467, 'learning_rate': 6.772362946010611e-05, 'epoch': 3.64}
{'loss': 0.4242, 'learning_rate': 6.768032872152295e-05, 'epoch': 3.64}
{'loss': 0.4361, 'learning_rate': 6.763702798293978e-05, 'epoch': 3.65}
{'loss': 0.4503, 'learning_rate': 6.759372724435662e-05, 'epoch': 3.65}
{'loss': 0.4644, 'learning_rate': 6.755042650577344e-05, 'epoch': 3.65}
{'loss': 0.4336, 'learning_rate': 6.750712576719026e-05, 'epoch': 3.66}
{'loss': 0.4101, 'learning_rate': 6.74638250286071e-05, 'epoch': 3.66}
{'loss': 0.4405, 'learning_rate': 6.742052429002393e-05, 'epoch': 3.67}
{'loss': 0.427, 'learning_rate': 6.737722355144075e-05, 'epoch': 3.67}
{'loss': 0.4302, 'learning_rate': 6.73339228128576e-05, 'epoch': 3.68}
{'loss': 0.4491, 'learning_rate': 6.729062207427443e-05, 'epoch': 3.68}
{'loss': 0.4709, 'learning_rate': 6.724732133569125e-05, 'epoch': 3.68}
{'loss': 0.4413, 'learning_rate': 6.720402059710809e-05, 'epoch': 3.69}
{'loss': 0.428, 'learning_rate': 6.716071985852492e-05, 'epoch': 3.69}
{'loss': 0.4493, 'learning_rate': 6.711741911994174e-05, 'epoch': 3.7}
{'loss': 0.4481, 'learning_rate': 6.707411838135858e-05, 'epoch': 3.7}
{'loss': 0.4507, 'learning_rate': 6.703081764277541e-05, 'epoch': 3.7}
{'loss': 0.4352, 'learning_rate': 6.698751690419223e-05, 'epoch': 3.71}
{'loss': 0.4422, 'learning_rate': 6.694421616560907e-05, 'epoch': 3.71}
{'loss': 0.438, 'learning_rate': 6.690091542702592e-05, 'epoch': 3.72}
{'loss': 0.4391, 'learning_rate': 6.685761468844274e-05, 'epoch': 3.72}
{'loss': 0.4465, 'learning_rate': 6.681431394985957e-05, 'epoch': 3.72}
{'loss': 0.433, 'learning_rate': 6.677101321127641e-05, 'epoch': 3.73}
{'loss': 0.4578, 'learning_rate': 6.672771247269323e-05, 'epoch': 3.73}
{'loss': 0.4591, 'learning_rate': 6.668441173411006e-05, 'epoch': 3.74}
{'loss': 0.4364, 'learning_rate': 6.66411109955269e-05, 'epoch': 3.74}
{'loss': 0.439, 'learning_rate': 6.659781025694372e-05, 'epoch': 3.74}
{'loss': 0.4308, 'learning_rate': 6.655450951836055e-05, 'epoch': 3.75}
{'loss': 0.4427, 'learning_rate': 6.651120877977739e-05, 'epoch': 3.75}
{'loss': 0.4495, 'learning_rate': 6.646790804119422e-05, 'epoch': 3.76}
{'loss': 0.4503, 'learning_rate': 6.642460730261105e-05, 'epoch': 3.76}
{'loss': 0.4363, 'learning_rate': 6.63813065640279e-05, 'epoch': 3.76}
{'loss': 0.402, 'learning_rate': 6.633800582544471e-05, 'epoch': 3.77}
{'loss': 0.4403, 'learning_rate': 6.629470508686154e-05, 'epoch': 3.77}
{'loss': 0.4885, 'learning_rate': 6.625140434827837e-05, 'epoch': 3.78}
{'loss': 0.4203, 'learning_rate': 6.62081036096952e-05, 'epoch': 3.78}
{'loss': 0.4281, 'learning_rate': 6.616480287111204e-05, 'epoch': 3.79}
{'loss': 0.462, 'learning_rate': 6.612150213252887e-05, 'epoch': 3.79}
{'loss': 0.4212, 'learning_rate': 6.607820139394571e-05, 'epoch': 3.79}
{'loss': 0.4641, 'learning_rate': 6.603490065536253e-05, 'epoch': 3.8}
{'loss': 0.4338, 'learning_rate': 6.599159991677937e-05, 'epoch': 3.8}
{'loss': 0.4598, 'learning_rate': 6.59482991781962e-05, 'epoch': 3.81}
{'loss': 0.4462, 'learning_rate': 6.590499843961302e-05, 'epoch': 3.81}
{'loss': 0.4226, 'learning_rate': 6.586169770102986e-05, 'epoch': 3.81}
{'loss': 0.3868, 'learning_rate': 6.581839696244669e-05, 'epoch': 3.82}
{'loss': 0.4383, 'learning_rate': 6.577509622386353e-05, 'epoch': 3.82}
{'loss': 0.4405, 'learning_rate': 6.573179548528036e-05, 'epoch': 3.83}
{'loss': 0.4669, 'learning_rate': 6.56884947466972e-05, 'epoch': 3.83}
{'loss': 0.4354, 'learning_rate': 6.564606002288568e-05, 'epoch': 3.83}
{'loss': 0.484, 'learning_rate': 6.560275928430252e-05, 'epoch': 3.84}
{'loss': 0.4576, 'learning_rate': 6.555945854571934e-05, 'epoch': 3.84}
{'loss': 0.4377, 'learning_rate': 6.551615780713617e-05, 'epoch': 3.85}
{'loss': 0.4563, 'learning_rate': 6.547285706855301e-05, 'epoch': 3.85}
{'loss': 0.4628, 'learning_rate': 6.542955632996983e-05, 'epoch': 3.85}
{'loss': 0.4714, 'learning_rate': 6.538625559138667e-05, 'epoch': 3.86}
{'loss': 0.4311, 'learning_rate': 6.53429548528035e-05, 'epoch': 3.86}
{'loss': 0.4161, 'learning_rate': 6.529965411422032e-05, 'epoch': 3.87}
{'loss': 0.4551, 'learning_rate': 6.525635337563716e-05, 'epoch': 3.87}
{'loss': 0.4283, 'learning_rate': 6.5213052637054e-05, 'epoch': 3.87}
{'loss': 0.4303, 'learning_rate': 6.516975189847083e-05, 'epoch': 3.88}
{'loss': 0.4278, 'learning_rate': 6.512645115988766e-05, 'epoch': 3.88}
{'loss': 0.4551, 'learning_rate': 6.50831504213045e-05, 'epoch': 3.89}
{'loss': 0.423, 'learning_rate': 6.503984968272132e-05, 'epoch': 3.89}
{'loss': 0.433, 'learning_rate': 6.499654894413815e-05, 'epoch': 3.9}
{'loss': 0.4364, 'learning_rate': 6.495324820555499e-05, 'epoch': 3.9}
{'loss': 0.4278, 'learning_rate': 6.490994746697181e-05, 'epoch': 3.9}
{'loss': 0.4688, 'learning_rate': 6.486664672838864e-05, 'epoch': 3.91}
{'loss': 0.4191, 'learning_rate': 6.482334598980548e-05, 'epoch': 3.91}
{'loss': 0.3881, 'learning_rate': 6.478004525122231e-05, 'epoch': 3.92}
{'loss': 0.4665, 'learning_rate': 6.473674451263913e-05, 'epoch': 3.92}
{'loss': 0.4666, 'learning_rate': 6.469344377405598e-05, 'epoch': 3.92}
{'loss': 0.4493, 'learning_rate': 6.46501430354728e-05, 'epoch': 3.93}
{'loss': 0.3969, 'learning_rate': 6.460684229688962e-05, 'epoch': 3.93}
{'loss': 0.4303, 'learning_rate': 6.456354155830646e-05, 'epoch': 3.94}
{'loss': 0.4198, 'learning_rate': 6.452024081972329e-05, 'epoch': 3.94}
{'loss': 0.4428, 'learning_rate': 6.447694008114013e-05, 'epoch': 3.94}
{'loss': 0.4333, 'learning_rate': 6.443363934255696e-05, 'epoch': 3.95}
{'loss': 0.4375, 'learning_rate': 6.43903386039738e-05, 'epoch': 3.95}
{'loss': 0.4441, 'learning_rate': 6.434703786539062e-05, 'epoch': 3.96}
{'loss': 0.4351, 'learning_rate': 6.430373712680745e-05, 'epoch': 3.96}
{'loss': 0.4494, 'learning_rate': 6.426130240299594e-05, 'epoch': 3.96}
{'loss': 0.4281, 'learning_rate': 6.421800166441279e-05, 'epoch': 3.97}
{'loss': 0.4249, 'learning_rate': 6.417470092582961e-05, 'epoch': 3.97}
{'loss': 0.3991, 'learning_rate': 6.413140018724643e-05, 'epoch': 3.98}
{'loss': 0.4278, 'learning_rate': 6.408809944866327e-05, 'epoch': 3.98}
{'loss': 0.4356, 'learning_rate': 6.40447987100801e-05, 'epoch': 3.98}
{'loss': 0.4631, 'learning_rate': 6.400149797149692e-05, 'epoch': 3.99}
{'loss': 0.4265, 'learning_rate': 6.395819723291377e-05, 'epoch': 3.99}
{'loss': 0.4413, 'learning_rate': 6.39148964943306e-05, 'epoch': 4.0}
[INFO|trainer.py:520] 2026-10-04 15:29:28,001 >> The following columns in the evaluation set  don't have a corresponding argument in `PETLEncModel.forward` and have been ignored: premise, idx, hypothesis.
[INFO|trainer.py:2179] 2026-10-04 15:29:28,003 >> ***** Running Evaluation *****
[INFO|trainer.py:2181] 2026-10-04 15:29:28,003 >>   Num examples = 9815
[INFO|trainer.py:2184] 2026-10-04 15:29:28,003 >>   Batch size = 32
{'eval_loss': 0.4071730375289917, 'eval_accuracy': 0.851553744268976, 'eval_runtime': 14.8598, 'eval_samples_per_second': 660.507, 'eval_steps_per_second': 20.66, 'epoch': 4.0}
[INFO|trainer.py:1933] 2026-10-04 15:29:42,865 >> Saving model checkpoint to checkpoints/glue/mnli/20261004/glue.mnli.prefix.am_prefix.ao_concat.fm_none.fo_parallel.abn.fbn.ac_add.fl_none.finit_lora.fs_4.unfrz_ef_.ne10.warm0.06.wd0.1.seed2./checkpoint-49088
[INFO|configuration_utils.py:364] 2026-10-04 15:29:42,867 >> Configuration saved in checkpoints/glue/mnli/20261004/glue.mnli.prefix.am_prefix.ao_concat.fm_none.fo_parallel.abn.fbn.ac_add.fl_none.finit_lora.fs_4.unfrz_ef_.ne10.warm0.06.wd0.1.seed2./checkpoint-49088/config.json
[INFO|modeling_utils.py:898] 2026-10-04 15:29:43,201 >> Model weights saved in checkpoints/glue/mnli/20261004/glue.mnli.prefix.am_prefix.ao_concat.fm_none.fo_parallel.abn.fbn.ac_add.fl_none.finit_lora.fs_4.unfrz_ef_.ne10.warm0.06.wd0.1.seed2./checkpoint-49088/pytorch_model.bin
[INFO|tokenization_utils_base.py:1948] 2026-10-04 15:29:43,202 >> tokenizer config file saved in checkpoints/glue/mnli/20261004/glue.mnli.prefix.am_prefix.ao_concat.fm_none.fo_parallel.abn.fbn.ac_add.fl_none.finit_lora.fs_4.unfrz_ef_.ne10.warm0.06.wd0.1.seed2./checkpoint-49088/tokenizer_config.json
[INFO|tokenization_utils_base.py:1954] 2026-10-04 15:29:43,203 >> Special tokens file saved in checkpoints/glue/mnli/20261004/glue.mnli.prefix.am_prefix.ao_concat.fm_none.fo_parallel.abn.fbn.ac_add.fl_none.finit_lora.fs_4.unfrz_ef_.ne10.warm0.06.wd0.1.seed2./checkpoint-49088/special_tokens_map.json
[INFO|trainer.py:2009] 2026-10-04 15:29:43,360 >> Deleting older checkpoint [checkpoints/glue/mnli/20261004/glue.mnli.prefix.am_prefix.ao_concat.fm_none.fo_parallel.abn.fbn.ac_add.fl_none.finit_lora.fs_4.unfrz_ef_.ne10.warm0.06.wd0.1.seed2./checkpoint-24544] due to args.save_total_limit
/work/unify-parameter-efficient-tuning/src/transformers/trainer.py:1784: FutureWarning: `torch.cuda.amp.autocast(args...)` is deprecated. Please use `torch.amp.autocast('cuda', args...)` instead.
  with autocast():
{'loss': 0.4664, 'learning_rate': 6.387159575574743e-05, 'epoch': 4.0}
{'loss': 0.4292, 'learning_rate': 6.382829501716426e-05, 'epoch': 4.01}
{'loss': 0.4456, 'learning_rate': 6.37849942785811e-05, 'epoch': 4.01}
{'loss': 0.4436, 'learning_rate': 6.374169353999792e-05, 'epoch': 4.01}
{'loss': 0.435, 'learning_rate': 6.369839280141475e-05, 'epoch': 4.02}
{'loss': 0.4446, 'learning_rate': 6.365509206283159e-05, 'epoch': 4.02}
{'loss': 0.4443, 'learning_rate': 6.361179132424841e-05, 'epoch': 4.03}
{'loss': 0.439, 'learning_rate': 6.356849058566524e-05, 'epoch': 4.03}
{'loss': 0.4481, 'learning_rate': 6.352518984708209e-05, 'epoch': 4.03}
{'loss': 0.4171, 'learning_rate': 6.348188910849891e-05, 'epoch': 4.04}
{'loss': 0.4323, 'learning_rate': 6.343858836991575e-05, 'epoch': 4.04}
{'loss': 0.4252, 'learning_rate': 6.339528763133258e-05, 'epoch': 4.05}
{'loss': 0.4606, 'learning_rate': 6.33519868927494e-05, 'epoch': 4.05}
{'loss': 0.4197, 'learning_rate': 6.330868615416622e-05, 'epoch': 4.05}
{'loss': 0.4071, 'learning_rate': 6.326538541558307e-05, 'epoch': 4.06}
{'loss': 0.43, 'learning_rate': 6.32220846769999e-05, 'epoch': 4.06}
{'loss': 0.4201, 'learning_rate': 6.317878393841673e-05, 'epoch': 4.07}
{'loss': 0.3974, 'learning_rate': 6.313548319983356e-05, 'epoch': 4.07}
{'loss': 0.3964, 'learning_rate': 6.30921824612504e-05, 'epoch': 4.07}
{'loss': 0.472, 'learning_rate': 6.304888172266722e-05, 'epoch': 4.08}
{'loss': 0.4514, 'learning_rate': 6.300558098408405e-05, 'epoch': 4.08}
{'loss': 0.4484, 'learning_rate': 6.296228024550089e-05, 'epoch': 4.09}
{'loss': 0.4367, 'learning_rate': 6.291897950691771e-05, 'epoch': 4.09}
{'loss': 0.4531, 'learning_rate': 6.287567876833455e-05, 'epoch': 4.09}
{'loss': 0.4246, 'learning_rate': 6.283237802975138e-05, 'epoch': 4.1}
{'loss': 0.41, 'learning_rate': 6.278907729116821e-05, 'epoch': 4.1}
{'loss': 0.4208, 'learning_rate': 6.274577655258505e-05, 'epoch': 4.11}
{'loss': 0.4, 'learning_rate': 6.270247581400188e-05, 'epoch': 4.11}
{'loss': 0.4356, 'learning_rate': 6.26591750754187e-05, 'epoch': 4.12}
{'loss': 0.4259, 'learning_rate': 6.261587433683554e-05, 'epoch': 4.12}
{'loss': 0.4438, 'learning_rate': 6.257257359825237e-05, 'epoch': 4.12}
{'loss': 0.3886, 'learning_rate': 6.25292728596692e-05, 'epoch': 4.13}
{'loss': 0.4671, 'learning_rate': 6.248597212108603e-05, 'epoch': 4.13}
{'loss': 0.4565, 'learning_rate': 6.244267138250287e-05, 'epoch': 4.14}
{'loss': 0.426, 'learning_rate': 6.23993706439197e-05, 'epoch': 4.14}
{'loss': 0.4153, 'learning_rate': 6.235606990533654e-05, 'epoch': 4.14}
{'loss': 0.4124, 'learning_rate': 6.231276916675337e-05, 'epoch': 4.15}
{'loss': 0.4115, 'learning_rate': 6.226946842817019e-05, 'epoch': 4.15}
{'loss': 0.4288, 'learning_rate': 6.222616768958701e-05, 'epoch': 4.16}
{'loss': 0.4645, 'learning_rate': 6.218286695100386e-05, 'epoch': 4.16}
{'loss': 0.4453, 'learning_rate': 6.213956621242068e-05, 'epoch': 4.16}
{'loss': 0.4544, 'learning_rate': 6.20962654738375e-05, 'epoch': 4.17}
{'loss': 0.4315, 'learning_rate': 6.205296473525435e-05, 'epoch': 4.17}
{'loss': 0.4373, 'learning_rate': 6.200966399667119e-05, 'epoch': 4.18}
{'loss': 0.4243, 'learning_rate': 6.196636325808801e-05, 'epoch': 4.18}
{'loss': 0.4326, 'learning_rate': 6.192306251950484e-05, 'epoch': 4.18}
{'loss': 0.4441, 'learning_rate': 6.187976178092168e-05, 'epoch': 4.19}
{'loss': 0.4007, 'learning_rate': 6.18364610423385e-05, 'epoch': 4.19}
{'loss': 0.4323, 'learning_rate': 6.179316030375533e-05, 'epoch': 4.2}
{'loss': 0.437, 'learning_rate': 6.174985956517217e-05, 'epoch': 4.2}
{'loss': 0.4547, 'learning_rate': 6.170655882658899e-05, 'epoch': 4.2}
{'loss': 0.4226, 'learning_rate': 6.166325808800582e-05, 'epoch': 4.21}
{'loss': 0.4664, 'learning_rate': 6.161995734942266e-05, 'epoch': 4.21}
{'loss': 0.386, 'learning_rate': 6.157665661083949e-05, 'epoch': 4.22}
{'loss': 0.421, 'learning_rate': 6.153335587225633e-05, 'epoch': 4.22}
{'loss': 0.4198, 'learning_rate': 6.149005513367316e-05, 'epoch': 4.23}
{'loss': 0.439, 'learning_rate': 6.144675439508998e-05, 'epoch': 4.23}
{'loss': 0.4274, 'learning_rate': 6.140345365650682e-05, 'epoch': 4.23}
{'loss': 0.4369, 'learning_rate': 6.136015291792365e-05, 'epoch': 4.24}
{'loss': 0.4435, 'learning_rate': 6.131685217934047e-05, 'epoch': 4.24}
{'loss': 0.4343, 'learning_rate': 6.127355144075731e-05, 'epoch': 4.25}
{'loss': 0.4289, 'learning_rate': 6.123025070217414e-05, 'epoch': 4.25}
{'loss': 0.397, 'learning_rate': 6.118694996359098e-05, 'epoch': 4.25}
{'loss': 0.4239, 'learning_rate': 6.11436492250078e-05, 'epoch': 4.26}
{'loss': 0.4309, 'learning_rate': 6.110034848642463e-05, 'epoch': 4.26}
{'loss': 0.3994, 'learning_rate': 6.105704774784147e-05, 'epoch': 4.27}
{'loss': 0.4156, 'learning_rate': 6.101374700925829e-05, 'epoch': 4.27}
{'loss': 0.4462, 'learning_rate': 6.097044627067513e-05, 'epoch': 4.27}
{'loss': 0.3942, 'learning_rate': 6.092714553209197e-05, 'epoch': 4.28}
{'loss': 0.4287, 'learning_rate': 6.0883844793508795e-05, 'epoch': 4.28}
{'loss': 0.4372, 'learning_rate': 6.0840544054925616e-05, 'epoch': 4.29}
{'loss': 0.4184, 'learning_rate': 6.079724331634246e-05, 'epoch': 4.29}
{'loss': 0.4168, 'learning_rate': 6.075394257775928e-05, 'epoch': 4.29}
{'loss': 0.4348, 'learning_rate': 6.071064183917612e-05, 'epoch': 4.3}
{'loss': 0.4569, 'learning_rate': 6.0667341100592955e-05, 'epoch': 4.3}
{'loss': 0.4023, 'learning_rate': 6.062490637678146e-05, 'epoch': 4.31}
{'loss': 0.4377, 'learning_rate': 6.058247165296994e-05, 'epoch': 4.31}
{'loss': 0.4324, 'learning_rate': 6.053917091438678e-05, 'epoch': 4.31}
{'loss': 0.4367, 'learning_rate': 6.04958701758036e-05, 'epoch': 4.32}
{'loss': 0.4196, 'learning_rate': 6.045256943722044e-05, 'epoch': 4.32}
{'loss': 0.4056, 'learning_rate': 6.0409268698637264e-05, 'epoch': 4.33}
{'loss': 0.4271, 'learning_rate': 6.036596796005409e-05, 'epoch': 4.33}
{'loss': 0.4308, 'learning_rate': 6.032266722147093e-05, 'epoch': 4.34}
{'loss': 0.4357, 'learning_rate': 6.027936648288777e-05, 'epoch': 4.34}
{'loss': 0.4416, 'learning_rate': 6.023606574430459e-05, 'epoch': 4.34}
{'loss': 0.4789, 'learning_rate': 6.019276500572143e-05, 'epoch': 4.35}
{'loss': 0.4428, 'learning_rate': 6.014946426713825e-05, 'epoch': 4.35}
{'loss': 0.427, 'learning_rate': 6.0106163528555094e-05, 'epoch': 4.36}
{'loss': 0.4306, 'learning_rate': 6.006286278997191e-05, 'epoch': 4.36}
{'loss': 0.4461, 'learning_rate': 6.001956205138876e-05, 'epoch': 4.36}
{'loss': 0.4031, 'learning_rate': 5.9976261312805585e-05, 'epoch': 4.37}
{'loss': 0.4511, 'learning_rate': 5.9932960574222406e-05, 'epoch': 4.37}
{'loss': 0.4202, 'learning_rate': 5.988965983563925e-05, 'epoch': 4.38}
{'loss': 0.4604, 'learning_rate': 5.984635909705607e-05, 'epoch': 4.38}
{'loss': 0.4443, 'learning_rate': 5.98030583584729e-05, 'epoch': 4.38}
{'loss': 0.3827, 'learning_rate': 5.975975761988973e-05, 'epoch': 4.39}
{'loss': 0.419, 'learning_rate': 5.971645688130657e-05, 'epoch': 4.39}
{'loss': 0.4315, 'learning_rate': 5.9673156142723394e-05, 'epoch': 4.4}
{'loss': 0.4613, 'learning_rate': 5.9629855404140236e-05, 'epoch': 4.4}
{'loss': 0.4251, 'learning_rate': 5.958655466555706e-05, 'epoch': 4.4}
{'loss': 0.435, 'learning_rate': 5.95432539269739e-05, 'epoch': 4.41}
{'loss': 0.4192, 'learning_rate': 5.949995318839072e-05, 'epoch': 4.41}
{'loss': 0.4213, 'learning_rate': 5.945665244980756e-05, 'epoch': 4.42}
{'loss': 0.437, 'learning_rate': 5.941335171122438e-05, 'epoch': 4.42}
{'loss': 0.4614, 'learning_rate': 5.9370050972641224e-05, 'epoch': 4.42}
{'loss': 0.4235, 'learning_rate': 5.9326750234058045e-05, 'epoch': 4.43}
{'loss': 0.4152, 'learning_rate': 5.928344949547489e-05, 'epoch': 4.43}
{'loss': 0.4248, 'learning_rate': 5.924014875689171e-05, 'epoch': 4.44}
{'loss': 0.4306, 'learning_rate': 5.919684801830855e-05, 'epoch': 4.44}
{'loss': 0.4193, 'learning_rate': 5.915354727972538e-05, 'epoch': 4.45}
{'loss': 0.4257, 'learning_rate': 5.911024654114221e-05, 'epoch': 4.45}
{'loss': 0.4607, 'learning_rate': 5.906694580255905e-05, 'epoch': 4.45}
{'loss': 0.4198, 'learning_rate': 5.902364506397586e-05, 'epoch': 4.46}
{'loss': 0.4397, 'learning_rate': 5.89803443253927e-05, 'epoch': 4.46}
{'loss': 0.4325, 'learning_rate': 5.893704358680954e-05, 'epoch': 4.47}
{'loss': 0.4317, 'learning_rate': 5.8893742848226366e-05, 'epoch': 4.47}
{'loss': 0.4051, 'learning_rate': 5.885044210964319e-05, 'epoch': 4.47}
{'loss': 0.4521, 'learning_rate': 5.880714137106003e-05, 'epoch': 4.48}
{'loss': 0.3998, 'learning_rate': 5.876384063247685e-05, 'epoch': 4.48}
{'loss': 0.4528, 'learning_rate': 5.872053989389369e-05, 'epoch': 4.49}
{'loss': 0.4459, 'learning_rate': 5.867723915531051e-05, 'epoch': 4.49}
{'loss': 0.4433, 'learning_rate': 5.8633938416727354e-05, 'epoch': 4.49}
{'loss': 0.4016, 'learning_rate': 5.8590637678144175e-05, 'epoch': 4.5}
{'loss': 0.4195, 'learning_rate': 5.854733693956102e-05, 'epoch': 4.5}
{'loss': 0.4298, 'learning_rate': 5.850403620097785e-05, 'epoch': 4.51}
{'loss': 0.423, 'learning_rate': 5.846073546239468e-05, 'epoch': 4.51}
{'loss': 0.4321, 'learning_rate': 5.84174347238115e-05, 'epoch': 4.51}
{'loss': 0.4162, 'learning_rate': 5.837413398522834e-05, 'epoch': 4.52}
{'loss': 0.4295, 'learning_rate': 5.833169926141684e-05, 'epoch': 4.52}
{'loss': 0.4489, 'learning_rate': 5.8288398522833665e-05, 'epoch': 4.53}
{'loss': 0.4226, 'learning_rate': 5.8245097784250493e-05, 'epoch': 4.53}
{'loss': 0.4221, 'learning_rate': 5.820179704566733e-05, 'epoch': 4.53}
{'loss': 0.4296, 'learning_rate': 5.815849630708416e-05, 'epoch': 4.54}
{'loss': 0.4188, 'learning_rate': 5.811519556850098e-05, 'epoch': 4.54}
{'loss': 0.4315, 'learning_rate': 5.807189482991782e-05, 'epoch': 4.55}
{'loss': 0.4068, 'learning_rate': 5.802859409133467e-05, 'epoch': 4.55}
{'loss': 0.4227, 'learning_rate': 5.798529335275148e-05, 'epoch': 4.56}
{'loss': 0.435, 'learning_rate': 5.7941992614168316e-05, 'epoch': 4.56}
{'loss': 0.4263, 'learning_rate': 5.789869187558515e-05, 'epoch': 4.56}
{'loss': 0.425, 'learning_rate': 5.785539113700198e-05, 'epoch': 4.57}
{'loss': 0.4043, 'learning_rate': 5.7812090398418814e-05, 'epoch': 4.57}
{'loss': 0.4382, 'learning_rate': 5.7768789659835655e-05, 'epoch': 4.58}
{'loss': 0.4214, 'learning_rate': 5.772548892125247e-05, 'epoch': 4.58}
{'loss': 0.4319, 'learning_rate': 5.7682188182669305e-05, 'epoch': 4.58}
{'loss': 0.4192, 'learning_rate': 5.763888744408614e-05, 'epoch': 4.59}
{'loss': 0.4538, 'learning_rate': 5.759558670550297e-05, 'epoch': 4.59}
{'loss': 0.4617, 'learning_rate': 5.755228596691981e-05, 'epoch': 4.6}
{'loss': 0.4177, 'learning_rate': 5.750898522833663e-05, 'epoch': 4.6}
{'loss': 0.4542, 'learning_rate': 5.746568448975347e-05, 'epoch': 4.6}
{'loss': 0.4028, 'learning_rate': 5.7422383751170286e-05, 'epoch': 4.61}
{'loss': 0.4198, 'learning_rate': 5.7379083012587134e-05, 'epoch': 4.61}
{'loss': 0.4532, 'learning_rate': 5.7335782274003955e-05, 'epoch': 4.62}
{'loss': 0.4161, 'learning_rate': 5.7292481535420783e-05, 'epoch': 4.62}
{'loss': 0.3983, 'learning_rate': 5.724918079683762e-05, 'epoch': 4.62}
{'loss': 0.3795, 'learning_rate': 5.720588005825446e-05, 'epoch': 4.63}
{'loss': 0.4233, 'learning_rate': 5.7162579319671274e-05, 'epoch': 4.63}
{'loss': 0.4251, 'learning_rate': 5.711927858108811e-05, 'epoch': 4.64}
{'loss': 0.4417, 'learning_rate': 5.7075977842504944e-05, 'epoch': 4.64}
{'loss': 0.4071, 'learning_rate': 5.703267710392177e-05, 'epoch': 4.64}
{'loss': 0.4309, 'learning_rate': 5.6989376365338606e-05, 'epoch': 4.65}
{'loss': 0.4407, 'learning_rate': 5.694607562675545e-05, 'epoch': 4.65}
{'loss': 0.4529, 'learning_rate': 5.690277488817227e-05, 'epoch': 4.66}
{'loss': 0.4396, 'learning_rate': 5.685947414958911e-05, 'epoch': 4.66}
{'loss': 0.4155, 'learning_rate': 5.681617341100593e-05, 'epoch': 4.67}
{'loss': 0.426, 'learning_rate': 5.677287267242276e-05, 'epoch': 4.67}
{'loss': 0.4334, 'learning_rate': 5.67295719338396e-05, 'epoch': 4.67}
{'loss': 0.4207, 'learning_rate': 5.668627119525642e-05, 'epoch': 4.68}
{'loss': 0.4159, 'learning_rate': 5.6642970456673264e-05, 'epoch': 4.68}
{'loss': 0.4099, 'learning_rate': 5.6599669718090085e-05, 'epoch': 4.69}
{'loss': 0.399, 'learning_rate': 5.655636897950693e-05, 'epoch': 4.69}
{'loss': 0.4646, 'learning_rate': 5.651306824092375e-05, 'epoch': 4.69}
{'loss': 0.4244, 'learning_rate': 5.646976750234059e-05, 'epoch': 4.7}
{'loss': 0.4622, 'learning_rate': 5.6426466763757424e-05, 'epoch': 4.7}
{'loss': 0.4583, 'learning_rate': 5.638316602517425e-05, 'epoch': 4.71}
{'loss': 0.4212, 'learning_rate': 5.6339865286591074e-05, 'epoch': 4.71}
{'loss': 0.4531, 'learning_rate': 5.6296564548007915e-05, 'epoch': 4.71}
{'loss': 0.4448, 'learning_rate': 5.6253263809424736e-05, 'epoch': 4.72}
{'loss': 0.4444, 'learning_rate': 5.6209963070841564e-05, 'epoch': 4.72}
{'loss': 0.4617, 'learning_rate': 5.616666233225841e-05, 'epoch': 4.73}
{'loss': 0.4254, 'learning_rate': 5.612336159367524e-05, 'epoch': 4.73}
{'loss': 0.4571, 'learning_rate': 5.608006085509206e-05, 'epoch': 4.73}
{'loss': 0.4484, 'learning_rate': 5.60367601165089e-05, 'epoch': 4.74}
{'loss': 0.4362, 'learning_rate': 5.5993459377925724e-05, 'epoch': 4.74}
{'loss': 0.4297, 'learning_rate': 5.595015863934255e-05, 'epoch': 4.75}
{'loss': 0.443, 'learning_rate': 5.5906857900759394e-05, 'epoch': 4.75}
{'loss': 0.4196, 'learning_rate': 5.586355716217623e-05, 'epoch': 4.75}
{'loss': 0.4226, 'learning_rate': 5.582025642359306e-05, 'epoch': 4.76}
{'loss': 0.4215, 'learning_rate': 5.577695568500988e-05, 'epoch': 4.76}
{'loss': 0.4466, 'learning_rate': 5.573365494642672e-05, 'epoch': 4.77}
{'loss': 0.4493, 'learning_rate': 5.569035420784354e-05, 'epoch': 4.77}
{'loss': 0.4159, 'learning_rate': 5.564705346926038e-05, 'epoch': 4.78}
{'loss': 0.4451, 'learning_rate': 5.560375273067722e-05, 'epoch': 4.78}
{'loss': 0.4381, 'learning_rate': 5.5560451992094045e-05, 'epoch': 4.78}
{'loss': 0.4234, 'learning_rate': 5.5517151253510866e-05, 'epoch': 4.79}
{'loss': 0.3901, 'learning_rate': 5.5473850514927714e-05, 'epoch': 4.79}
{'loss': 0.4069, 'learning_rate': 5.543054977634453e-05, 'epoch': 4.8}
{'loss': 0.429, 'learning_rate': 5.538724903776137e-05, 'epoch': 4.8}
{'loss': 0.4306, 'learning_rate': 5.5343948299178205e-05, 'epoch': 4.8}
{'loss': 0.4254, 'learning_rate': 5.530064756059503e-05, 'epoch': 4.81}
{'loss': 0.4267, 'learning_rate': 5.5257346822011854e-05, 'epoch': 4.81}
{'loss': 0.4051, 'learning_rate': 5.52140460834287e-05, 'epoch': 4.82}
{'loss': 0.4138, 'learning_rate': 5.517074534484552e-05, 'epoch': 4.82}
{'loss': 0.407, 'learning_rate': 5.512744460626236e-05, 'epoch': 4.82}
{'loss': 0.3959, 'learning_rate': 5.5084143867679187e-05, 'epoch': 4.83}
{'loss': 0.4055, 'learning_rate': 5.504084312909602e-05, 'epoch': 4.83}
{'loss': 0.4321, 'learning_rate': 5.499754239051285e-05, 'epoch': 4.84}
{'loss': 0.4287, 'learning_rate': 5.495424165192967e-05, 'epoch': 4.84}
{'loss': 0.44, 'learning_rate': 5.491094091334652e-05, 'epoch': 4.84}
{'loss': 0.4076, 'learning_rate': 5.486764017476333e-05, 'epoch': 4.85}
{'loss': 0.4438, 'learning_rate': 5.4824339436180175e-05, 'epoch': 4.85}
{'loss': 0.4291, 'learning_rate': 5.478103869759701e-05, 'epoch': 4.86}
{'loss': 0.4252, 'learning_rate': 5.473773795901384e-05, 'epoch': 4.86}
{'loss': 0.414, 'learning_rate': 5.469443722043067e-05, 'epoch': 4.86}
{'loss': 0.4279, 'learning_rate': 5.465113648184751e-05, 'epoch': 4.87}
{'loss': 0.4061, 'learning_rate': 5.460783574326432e-05, 'epoch': 4.87}
{'loss': 0.4422, 'learning_rate': 5.456540101945283e-05, 'epoch': 4.88}
{'loss': 0.4062, 'learning_rate': 5.4522100280869645e-05, 'epoch': 4.88}
{'loss': 0.4477, 'learning_rate': 5.4478799542286486e-05, 'epoch': 4.89}
{'loss': 0.4496, 'learning_rate': 5.443549880370332e-05, 'epoch': 4.89}
{'loss': 0.4102, 'learning_rate': 5.439219806512015e-05, 'epoch': 4.89}
{'loss': 0.4749, 'learning_rate': 5.4348897326536984e-05, 'epoch': 4.9}
{'loss': 0.4163, 'learning_rate': 5.4305596587953825e-05, 'epoch': 4.9}
{'loss': 0.4022, 'learning_rate': 5.4262295849370647e-05, 'epoch': 4.91}
{'loss': 0.4511, 'learning_rate': 5.421899511078749e-05, 'epoch': 4.91}
{'loss': 0.4366, 'learning_rate': 5.417569437220431e-05, 'epoch': 4.91}
{'loss': 0.4414, 'learning_rate': 5.413239363362114e-05, 'epoch': 4.92}
{'loss': 0.4216, 'learning_rate': 5.408909289503797e-05, 'epoch': 4.92}
{'loss': 0.3984, 'learning_rate': 5.4045792156454814e-05, 'epoch': 4.93}
{'loss': 0.4291, 'learning_rate': 5.4002491417871635e-05, 'epoch': 4.93}
{'loss': 0.4169, 'learning_rate': 5.3959190679288476e-05, 'epoch': 4.93}
{'loss': 0.4436, 'learning_rate': 5.39158899407053e-05, 'epoch': 4.94}
{'loss': 0.4411, 'learning_rate': 5.3872589202122125e-05, 'epoch': 4.94}
{'loss': 0.4255, 'learning_rate': 5.382928846353896e-05, 'epoch': 4.95}
{'loss': 0.4511, 'learning_rate': 5.37859877249558e-05, 'epoch': 4.95}
{'loss': 0.4357, 'learning_rate': 5.374268698637262e-05, 'epoch': 4.95}
{'loss': 0.4648, 'learning_rate': 5.369938624778945e-05, 'epoch': 4.96}
{'loss': 0.4155, 'learning_rate': 5.3656085509206286e-05, 'epoch': 4.96}
{'loss': 0.4183, 'learning_rate': 5.361278477062313e-05, 'epoch': 4.97}
{'loss': 0.4249, 'learning_rate': 5.356948403203994e-05, 'epoch': 4.97}
{'loss': 0.4181, 'learning_rate': 5.352618329345679e-05, 'epoch': 4.97}
{'loss': 0.4443, 'learning_rate': 5.348288255487361e-05, 'epoch': 4.98}
{'loss': 0.435, 'learning_rate': 5.343958181629044e-05, 'epoch': 4.98}
{'loss': 0.4398, 'learning_rate': 5.339628107770728e-05, 'epoch': 4.99}
{'loss': 0.409, 'learning_rate': 5.33529803391241e-05, 'epoch': 4.99}
{'loss': 0.4145, 'learning_rate': 5.330967960054093e-05, 'epoch': 5.0}
{'loss': 0.425, 'learning_rate': 5.3266378861957765e-05, 'epoch': 5.0}
[INFO|trainer.py:520] 2026-10-04 15:38:07,108 >> The following columns in the evaluation set  don't have a corresponding argument in `PETLEncModel.forward` and have been ignored: premise, idx, hypothesis.
[INFO|trainer.py:2179] 2026-10-04 15:38:07,110 >> ***** Running Evaluation *****
[INFO|trainer.py:2181] 2026-10-04 15:38:07,110 >>   Num examples = 9815
[INFO|trainer.py:2184] 2026-10-04 15:38:07,110 >>   Batch size = 32
{'eval_loss': 0.3970213234424591, 'eval_accuracy': 0.8522669383596536, 'eval_runtime': 14.8307, 'eval_samples_per_second': 661.805, 'eval_steps_per_second': 20.7, 'epoch': 5.0}
[INFO|trainer.py:1933] 2026-10-04 15:38:21,942 >> Saving model checkpoint to checkpoints/glue/mnli/20261004/glue.mnli.prefix.am_prefix.ao_concat.fm_none.fo_parallel.abn.fbn.ac_add.fl_none.finit_lora.fs_4.unfrz_ef_.ne10.warm0.06.wd0.1.seed2./checkpoint-61360
[INFO|configuration_utils.py:364] 2026-10-04 15:38:21,944 >> Configuration saved in checkpoints/glue/mnli/20261004/glue.mnli.prefix.am_prefix.ao_concat.fm_none.fo_parallel.abn.fbn.ac_add.fl_none.finit_lora.fs_4.unfrz_ef_.ne10.warm0.06.wd0.1.seed2./checkpoint-61360/config.json
[INFO|modeling_utils.py:898] 2026-10-04 15:38:22,338 >> Model weights saved in checkpoints/glue/mnli/20261004/glue.mnli.prefix.am_prefix.ao_concat.fm_none.fo_parallel.abn.fbn.ac_add.fl_none.finit_lora.fs_4.unfrz_ef_.ne10.warm0.06.wd0.1.seed2./checkpoint-61360/pytorch_model.bin
[INFO|tokenization_utils_base.py:1948] 2026-10-04 15:38:22,339 >> tokenizer config file saved in checkpoints/glue/mnli/20261004/glue.mnli.prefix.am_prefix.ao_concat.fm_none.fo_parallel.abn.fbn.ac_add.fl_none.finit_lora.fs_4.unfrz_ef_.ne10.warm0.06.wd0.1.seed2./checkpoint-61360/tokenizer_config.json
[INFO|tokenization_utils_base.py:1954] 2026-10-04 15:38:22,339 >> Special tokens file saved in checkpoints/glue/mnli/20261004/glue.mnli.prefix.am_prefix.ao_concat.fm_none.fo_parallel.abn.fbn.ac_add.fl_none.finit_lora.fs_4.unfrz_ef_.ne10.warm0.06.wd0.1.seed2./checkpoint-61360/special_tokens_map.json
[INFO|trainer.py:2009] 2026-10-04 15:38:22,497 >> Deleting older checkpoint [checkpoints/glue/mnli/20261004/glue.mnli.prefix.am_prefix.ao_concat.fm_none.fo_parallel.abn.fbn.ac_add.fl_none.finit_lora.fs_4.unfrz_ef_.ne10.warm0.06.wd0.1.seed2./checkpoint-36816] due to args.save_total_limit
/work/unify-parameter-efficient-tuning/src/transformers/trainer.py:1784: FutureWarning: `torch.cuda.amp.autocast(args...)` is deprecated. Please use `torch.amp.autocast('cuda', args...)` instead.
  with autocast():
{'loss': 0.4096, 'learning_rate': 5.3223078123374606e-05, 'epoch': 5.0}
{'loss': 0.4113, 'learning_rate': 5.317977738479143e-05, 'epoch': 5.01}
{'loss': 0.4296, 'learning_rate': 5.313647664620827e-05, 'epoch': 5.01}
{'loss': 0.4564, 'learning_rate': 5.309317590762509e-05, 'epoch': 5.02}
{'loss': 0.3899, 'learning_rate': 5.304987516904193e-05, 'epoch': 5.02}
{'loss': 0.4235, 'learning_rate': 5.300657443045875e-05, 'epoch': 5.02}
{'loss': 0.3959, 'learning_rate': 5.2963273691875594e-05, 'epoch': 5.03}
{'loss': 0.4369, 'learning_rate': 5.2919972953292416e-05, 'epoch': 5.03}
{'loss': 0.4225, 'learning_rate': 5.287667221470926e-05, 'epoch': 5.04}
{'loss': 0.4095, 'learning_rate': 5.283337147612609e-05, 'epoch': 5.04}
{'loss': 0.4311, 'learning_rate': 5.279007073754292e-05, 'epoch': 5.04}
{'loss': 0.407, 'learning_rate': 5.274676999895974e-05, 'epoch': 5.05}
{'loss': 0.421, 'learning_rate': 5.270346926037658e-05, 'epoch': 5.05}
{'loss': 0.3966, 'learning_rate': 5.2660168521793404e-05, 'epoch': 5.06}
{'loss': 0.4159, 'learning_rate': 5.261686778321023e-05, 'epoch': 5.06}
{'loss': 0.4409, 'learning_rate': 5.257356704462708e-05, 'epoch': 5.06}
{'loss': 0.4191, 'learning_rate': 5.2530266306043894e-05, 'epoch': 5.07}
{'loss': 0.409, 'learning_rate': 5.24878315822324e-05, 'epoch': 5.07}
{'loss': 0.4042, 'learning_rate': 5.244453084364922e-05, 'epoch': 5.08}
{'loss': 0.4296, 'learning_rate': 5.240123010506606e-05, 'epoch': 5.08}
{'loss': 0.4226, 'learning_rate': 5.2357929366482894e-05, 'epoch': 5.08}
{'loss': 0.4287, 'learning_rate': 5.231462862789972e-05, 'epoch': 5.09}
{'loss': 0.3908, 'learning_rate': 5.227132788931656e-05, 'epoch': 5.09}
{'loss': 0.4183, 'learning_rate': 5.222802715073339e-05, 'epoch': 5.1}
{'loss': 0.4271, 'learning_rate': 5.2184726412150206e-05, 'epoch': 5.1}
{'loss': 0.3834, 'learning_rate': 5.214142567356705e-05, 'epoch': 5.11}
{'loss': 0.4239, 'learning_rate': 5.2098124934983896e-05, 'epoch': 5.11}
{'loss': 0.4053, 'learning_rate': 5.205482419640071e-05, 'epoch': 5.11}
{'loss': 0.4061, 'learning_rate': 5.201152345781753e-05, 'epoch': 5.12}
{'loss': 0.4048, 'learning_rate': 5.196822271923438e-05, 'epoch': 5.12}
{'loss': 0.44, 'learning_rate': 5.192492198065121e-05, 'epoch': 5.13}
{'loss': 0.4304, 'learning_rate': 5.188162124206802e-05, 'epoch': 5.13}
{'loss': 0.3938, 'learning_rate': 5.1838320503484864e-05, 'epoch': 5.13}
{'loss': 0.4172, 'learning_rate': 5.17950197649017e-05, 'epoch': 5.14}
{'loss': 0.4024, 'learning_rate': 5.1751719026318526e-05, 'epoch': 5.14}
{'loss': 0.4103, 'learning_rate': 5.170841828773536e-05, 'epoch': 5.15}
{'loss': 0.4121, 'learning_rate': 5.1665983563923857e-05, 'epoch': 5.15}
{'loss': 0.4574, 'learning_rate': 5.16226828253407e-05, 'epoch': 5.15}
{'loss': 0.4221, 'learning_rate': 5.157938208675752e-05, 'epoch': 5.16}
{'loss': 0.3809, 'learning_rate': 5.1536081348174334e-05, 'epoch': 5.16}
{'loss': 0.3923, 'learning_rate': 5.149278060959118e-05, 'epoch': 5.17}
{'loss': 0.4226, 'learning_rate': 5.1449479871008024e-05, 'epoch': 5.17}
{'loss': 0.4556, 'learning_rate': 5.140617913242484e-05, 'epoch': 5.17}
{'loss': 0.4002, 'learning_rate': 5.1362878393841686e-05, 'epoch': 5.18}
{'loss': 0.4119, 'learning_rate': 5.131957765525851e-05, 'epoch': 5.18}
{'loss': 0.43, 'learning_rate': 5.1276276916675335e-05, 'epoch': 5.19}
{'loss': 0.3952, 'learning_rate': 5.123297617809217e-05, 'epoch': 5.19}
{'loss': 0.394, 'learning_rate': 5.1189675439509e-05, 'epoch': 5.19}
{'loss': 0.4327, 'learning_rate': 5.1146374700925826e-05, 'epoch': 5.2}
{'loss': 0.386, 'learning_rate': 5.110307396234266e-05, 'epoch': 5.2}
{'loss': 0.3946, 'learning_rate': 5.10597732237595e-05, 'epoch': 5.21}
{'loss': 0.4427, 'learning_rate': 5.1016472485176324e-05, 'epoch': 5.21}
{'loss': 0.413, 'learning_rate': 5.0973171746593165e-05, 'epoch': 5.22}
{'loss': 0.4571, 'learning_rate': 5.0929871008009986e-05, 'epoch': 5.22}
{'loss': 0.3763, 'learning_rate': 5.088657026942683e-05, 'epoch': 5.22}
{'loss': 0.4512, 'learning_rate': 5.084326953084365e-05, 'epoch': 5.23}
{'loss': 0.4038, 'learning_rate': 5.079996879226049e-05, 'epoch': 5.23}
{'loss': 0.425, 'learning_rate': 5.075666805367731e-05, 'epoch': 5.24}
{'loss': 0.4136, 'learning_rate': 5.0713367315094153e-05, 'epoch': 5.24}
{'loss': 0.4033, 'learning_rate': 5.0670066576510975e-05, 'epoch': 5.24}
{'loss': 0.4213, 'learning_rate': 5.0626765837927816e-05, 'epoch': 5.25}
{'loss': 0.4134, 'learning_rate': 5.058346509934464e-05, 'epoch': 5.25}
{'loss': 0.4465, 'learning_rate': 5.054016436076148e-05, 'epoch': 5.26}
{'loss': 0.4099, 'learning_rate': 5.04968636221783e-05, 'epoch': 5.26}
{'loss': 0.4085, 'learning_rate': 5.045356288359513e-05, 'epoch': 5.26}
{'loss': 0.3841, 'learning_rate': 5.0410262145011976e-05, 'epoch': 5.27}
{'loss': 0.4689, 'learning_rate': 5.0366961406428804e-05, 'epoch': 5.27}
{'loss': 0.4142, 'learning_rate': 5.032366066784563e-05, 'epoch': 5.28}
{'loss': 0.4115, 'learning_rate': 5.0280359929262454e-05, 'epoch': 5.28}
{'loss': 0.4284, 'learning_rate': 5.0237059190679295e-05, 'epoch': 5.28}
{'loss': 0.4015, 'learning_rate': 5.0193758452096116e-05, 'epoch': 5.29}
{'loss': 0.4379, 'learning_rate': 5.015045771351296e-05, 'epoch': 5.29}
{'loss': 0.4153, 'learning_rate': 5.010715697492978e-05, 'epoch': 5.3}
{'loss': 0.4368, 'learning_rate': 5.006385623634662e-05, 'epoch': 5.3}
{'loss': 0.3999, 'learning_rate': 5.002055549776344e-05, 'epoch': 5.3}
{'loss': 0.4126, 'learning_rate': 4.997725475918028e-05, 'epoch': 5.31}
{'loss': 0.4163, 'learning_rate': 4.9933954020597104e-05, 'epoch': 5.31}
{'loss': 0.4337, 'learning_rate': 4.9890653282013946e-05, 'epoch': 5.32}
{'loss': 0.3882, 'learning_rate': 4.984735254343078e-05, 'epoch': 5.32}
{'loss': 0.4434, 'learning_rate': 4.98040518048476e-05, 'epoch': 5.33}
{'loss': 0.4224, 'learning_rate': 4.976075106626444e-05, 'epoch': 5.33}
{'loss': 0.4092, 'learning_rate': 4.971745032768127e-05, 'epoch': 5.33}
{'loss': 0.4033, 'learning_rate': 4.96741495890981e-05, 'epoch': 5.34}
{'loss': 0.416, 'learning_rate': 4.9630848850514934e-05, 'epoch': 5.34}
{'loss': 0.4148, 'learning_rate': 4.9587548111931755e-05, 'epoch': 5.35}
{'loss': 0.4116, 'learning_rate': 4.954424737334859e-05, 'epoch': 5.35}
{'loss': 0.4085, 'learning_rate': 4.9500946634765425e-05, 'epoch': 5.35}
{'loss': 0.432, 'learning_rate': 4.945764589618225e-05, 'epoch': 5.36}
{'loss': 0.4406, 'learning_rate': 4.941434515759909e-05, 'epoch': 5.36}
{'loss': 0.416, 'learning_rate': 4.937104441901592e-05, 'epoch': 5.37}
{'loss': 0.3844, 'learning_rate': 4.932774368043275e-05, 'epoch': 5.37}
{'loss': 0.3876, 'learning_rate': 4.9284442941849585e-05, 'epoch': 5.37}
{'loss': 0.4508, 'learning_rate': 4.924114220326642e-05, 'epoch': 5.38}
{'loss': 0.4336, 'learning_rate': 4.919784146468324e-05, 'epoch': 5.38}
{'loss': 0.4329, 'learning_rate': 4.9154540726100076e-05, 'epoch': 5.39}
{'loss': 0.4197, 'learning_rate': 4.9111239987516904e-05, 'epoch': 5.39}
{'loss': 0.4195, 'learning_rate': 4.906793924893374e-05, 'epoch': 5.39}
{'loss': 0.4216, 'learning_rate': 4.902463851035057e-05, 'epoch': 5.4}
{'loss': 0.4369, 'learning_rate': 4.8981337771767395e-05, 'epoch': 5.4}
{'loss': 0.4238, 'learning_rate': 4.8938037033184236e-05, 'epoch': 5.41}
{'loss': 0.4201, 'learning_rate': 4.889473629460107e-05, 'epoch': 5.41}
{'loss': 0.4211, 'learning_rate': 4.885143555601789e-05, 'epoch': 5.41}
{'loss': 0.4219, 'learning_rate': 4.880813481743473e-05, 'epoch': 5.42}
{'loss': 0.4027, 'learning_rate': 4.876483407885156e-05, 'epoch': 5.42}
{'loss': 0.4253, 'learning_rate': 4.872153334026839e-05, 'epoch': 5.43}
{'loss': 0.4209, 'learning_rate': 4.8678232601685224e-05, 'epoch': 5.43}
{'loss': 0.4161, 'learning_rate': 4.863493186310206e-05, 'epoch': 5.44}
{'loss': 0.4358, 'learning_rate': 4.859163112451888e-05, 'epoch': 5.44}
{'loss': 0.4165, 'learning_rate': 4.8548330385935715e-05, 'epoch': 5.44}
{'loss': 0.4337, 'learning_rate': 4.850502964735254e-05, 'epoch': 5.45}
{'loss': 0.3911, 'learning_rate': 4.846172890876938e-05, 'epoch': 5.45}
{'loss': 0.4366, 'learning_rate': 4.841842817018621e-05, 'epoch': 5.46}
{'loss': 0.4215, 'learning_rate': 4.837512743160304e-05, 'epoch': 5.46}
{'loss': 0.4326, 'learning_rate': 4.8331826693019875e-05, 'epoch': 5.46}
{'loss': 0.4413, 'learning_rate': 4.828852595443671e-05, 'epoch': 5.47}
{'loss': 0.3999, 'learning_rate': 4.824522521585353e-05, 'epoch': 5.47}
{'loss': 0.4288, 'learning_rate': 4.8201924477270366e-05, 'epoch': 5.48}
{'loss': 0.4095, 'learning_rate': 4.81586237386872e-05, 'epoch': 5.48}
{'loss': 0.4349, 'learning_rate': 4.811532300010403e-05, 'epoch': 5.48}
{'loss': 0.4071, 'learning_rate': 4.8072022261520863e-05, 'epoch': 5.49}
{'loss': 0.438, 'learning_rate': 4.8028721522937685e-05, 'epoch': 5.49}
{'loss': 0.41, 'learning_rate': 4.798542078435452e-05, 'epoch': 5.5}
{'loss': 0.3807, 'learning_rate': 4.794212004577136e-05, 'epoch': 5.5}
{'loss': 0.4121, 'learning_rate': 4.789881930718818e-05, 'epoch': 5.5}
{'loss': 0.4196, 'learning_rate': 4.785551856860502e-05, 'epoch': 5.51}
{'loss': 0.4011, 'learning_rate': 4.781221783002185e-05, 'epoch': 5.51}
{'loss': 0.4036, 'learning_rate': 4.776891709143868e-05, 'epoch': 5.52}
{'loss': 0.429, 'learning_rate': 4.7725616352855514e-05, 'epoch': 5.52}
{'loss': 0.4045, 'learning_rate': 4.768231561427235e-05, 'epoch': 5.52}
{'loss': 0.4082, 'learning_rate': 4.763901487568917e-05, 'epoch': 5.53}
{'loss': 0.4513, 'learning_rate': 4.7595714137106005e-05, 'epoch': 5.53}
{'loss': 0.3901, 'learning_rate': 4.755241339852283e-05, 'epoch': 5.54}
{'loss': 0.4452, 'learning_rate': 4.750911265993967e-05, 'epoch': 5.54}
{'loss': 0.3972, 'learning_rate': 4.74658119213565e-05, 'epoch': 5.55}
{'loss': 0.414, 'learning_rate': 4.7422511182773324e-05, 'epoch': 5.55}
{'loss': 0.4088, 'learning_rate': 4.7379210444190165e-05, 'epoch': 5.55}
{'loss': 0.3795, 'learning_rate': 4.7335909705607e-05, 'epoch': 5.56}
{'loss': 0.4138, 'learning_rate': 4.729260896702382e-05, 'epoch': 5.56}
{'loss': 0.4062, 'learning_rate': 4.7249308228440656e-05, 'epoch': 5.57}
{'loss': 0.395, 'learning_rate': 4.720600748985749e-05, 'epoch': 5.57}
{'loss': 0.4194, 'learning_rate': 4.716270675127432e-05, 'epoch': 5.57}
{'loss': 0.4129, 'learning_rate': 4.7119406012691154e-05, 'epoch': 5.58}
{'loss': 0.4206, 'learning_rate': 4.707610527410799e-05, 'epoch': 5.58}
{'loss': 0.4235, 'learning_rate': 4.703280453552481e-05, 'epoch': 5.59}
{'loss': 0.4278, 'learning_rate': 4.6989503796941644e-05, 'epoch': 5.59}
{'loss': 0.4341, 'learning_rate': 4.694620305835847e-05, 'epoch': 5.59}
{'loss': 0.379, 'learning_rate': 4.690290231977531e-05, 'epoch': 5.6}
{'loss': 0.4628, 'learning_rate': 4.685960158119214e-05, 'epoch': 5.6}
{'loss': 0.4063, 'learning_rate': 4.681630084260897e-05, 'epoch': 5.61}
{'loss': 0.4448, 'learning_rate': 4.6773000104025804e-05, 'epoch': 5.61}
{'loss': 0.4019, 'learning_rate': 4.672969936544264e-05, 'epoch': 5.61}
{'loss': 0.4037, 'learning_rate': 4.668639862685946e-05, 'epoch': 5.62}
{'loss': 0.4093, 'learning_rate': 4.6643097888276295e-05, 'epoch': 5.62}
{'loss': 0.4069, 'learning_rate': 4.659979714969313e-05, 'epoch': 5.63}
{'loss': 0.4491, 'learning_rate': 4.655649641110996e-05, 'epoch': 5.63}
{'loss': 0.4246, 'learning_rate': 4.651319567252679e-05, 'epoch': 5.63}
{'loss': 0.455, 'learning_rate': 4.6469894933943614e-05, 'epoch': 5.64}
{'loss': 0.3884, 'learning_rate': 4.642659419536045e-05, 'epoch': 5.64}
{'loss': 0.4034, 'learning_rate': 4.638415947154895e-05, 'epoch': 5.65}
{'loss': 0.4268, 'learning_rate': 4.634085873296577e-05, 'epoch': 5.65}
{'loss': 0.4013, 'learning_rate': 4.629755799438261e-05, 'epoch': 5.66}
{'loss': 0.3955, 'learning_rate': 4.625425725579945e-05, 'epoch': 5.66}
{'loss': 0.4344, 'learning_rate': 4.621095651721627e-05, 'epoch': 5.66}
{'loss': 0.4321, 'learning_rate': 4.6167655778633104e-05, 'epoch': 5.67}
{'loss': 0.4058, 'learning_rate': 4.612435504004994e-05, 'epoch': 5.67}
{'loss': 0.398, 'learning_rate': 4.608105430146677e-05, 'epoch': 5.68}
{'loss': 0.46, 'learning_rate': 4.60377535628836e-05, 'epoch': 5.68}
{'loss': 0.4213, 'learning_rate': 4.5994452824300436e-05, 'epoch': 5.68}
{'loss': 0.4232, 'learning_rate': 4.595115208571726e-05, 'epoch': 5.69}
{'loss': 0.3726, 'learning_rate': 4.590871736190576e-05, 'epoch': 5.69}
{'loss': 0.4097, 'learning_rate': 4.586541662332258e-05, 'epoch': 5.7}
{'loss': 0.418, 'learning_rate': 4.5822115884739416e-05, 'epoch': 5.7}
{'loss': 0.4099, 'learning_rate': 4.577881514615625e-05, 'epoch': 5.7}
{'loss': 0.406, 'learning_rate': 4.573551440757308e-05, 'epoch': 5.71}
{'loss': 0.438, 'learning_rate': 4.569221366898991e-05, 'epoch': 5.71}
{'loss': 0.4197, 'learning_rate': 4.564891293040675e-05, 'epoch': 5.72}
{'loss': 0.402, 'learning_rate': 4.560561219182357e-05, 'epoch': 5.72}
{'loss': 0.4029, 'learning_rate': 4.556231145324041e-05, 'epoch': 5.72}
{'loss': 0.4173, 'learning_rate': 4.5519010714657245e-05, 'epoch': 5.73}
{'loss': 0.4123, 'learning_rate': 4.547570997607407e-05, 'epoch': 5.73}
{'loss': 0.4245, 'learning_rate': 4.54324092374909e-05, 'epoch': 5.74}
{'loss': 0.415, 'learning_rate': 4.5389108498907736e-05, 'epoch': 5.74}
{'loss': 0.4255, 'learning_rate': 4.5345807760324564e-05, 'epoch': 5.74}
{'loss': 0.4332, 'learning_rate': 4.53025070217414e-05, 'epoch': 5.75}
{'loss': 0.3895, 'learning_rate': 4.525920628315822e-05, 'epoch': 5.75}
{'loss': 0.4319, 'learning_rate': 4.5215905544575055e-05, 'epoch': 5.76}
{'loss': 0.4015, 'learning_rate': 4.517260480599189e-05, 'epoch': 5.76}
{'loss': 0.3863, 'learning_rate': 4.512930406740872e-05, 'epoch': 5.77}
{'loss': 0.4034, 'learning_rate': 4.508600332882555e-05, 'epoch': 5.77}
{'loss': 0.3892, 'learning_rate': 4.504270259024239e-05, 'epoch': 5.77}
{'loss': 0.416, 'learning_rate': 4.4999401851659215e-05, 'epoch': 5.78}
{'loss': 0.3946, 'learning_rate': 4.495610111307605e-05, 'epoch': 5.78}
{'loss': 0.432, 'learning_rate': 4.4912800374492885e-05, 'epoch': 5.79}
{'loss': 0.3737, 'learning_rate': 4.4869499635909706e-05, 'epoch': 5.79}
{'loss': 0.389, 'learning_rate': 4.482619889732654e-05, 'epoch': 5.79}
{'loss': 0.4126, 'learning_rate': 4.478289815874337e-05, 'epoch': 5.8}
{'loss': 0.4111, 'learning_rate': 4.47395974201602e-05, 'epoch': 5.8}
{'loss': 0.4019, 'learning_rate': 4.469629668157704e-05, 'epoch': 5.81}
{'loss': 0.4128, 'learning_rate': 4.465299594299386e-05, 'epoch': 5.81}
{'loss': 0.399, 'learning_rate': 4.4609695204410694e-05, 'epoch': 5.81}
{'loss': 0.3901, 'learning_rate': 4.4566394465827536e-05, 'epoch': 5.82}
{'loss': 0.4271, 'learning_rate': 4.452309372724436e-05, 'epoch': 5.82}
{'loss': 0.432, 'learning_rate': 4.447979298866119e-05, 'epoch': 5.83}
{'loss': 0.3948, 'learning_rate': 4.4436492250078026e-05, 'epoch': 5.83}
{'loss': 0.4215, 'learning_rate': 4.4393191511494854e-05, 'epoch': 5.83}
{'loss': 0.3906, 'learning_rate': 4.434989077291169e-05, 'epoch': 5.84}
{'loss': 0.4253, 'learning_rate': 4.430659003432851e-05, 'epoch': 5.84}
{'loss': 0.422, 'learning_rate': 4.4263289295745345e-05, 'epoch': 5.85}
{'loss': 0.382, 'learning_rate': 4.421998855716218e-05, 'epoch': 5.85}
{'loss': 0.4246, 'learning_rate': 4.417668781857901e-05, 'epoch': 5.85}
{'loss': 0.4254, 'learning_rate': 4.413338707999584e-05, 'epoch': 5.86}
{'loss': 0.4, 'learning_rate': 4.409008634141268e-05, 'epoch': 5.86}
{'loss': 0.4068, 'learning_rate': 4.40467856028295e-05, 'epoch': 5.87}
{'loss': 0.3915, 'learning_rate': 4.400348486424634e-05, 'epoch': 5.87}
{'loss': 0.4072, 'learning_rate': 4.3961050140434835e-05, 'epoch': 5.88}
{'loss': 0.422, 'learning_rate': 4.3917749401851657e-05, 'epoch': 5.88}
{'loss': 0.3988, 'learning_rate': 4.38744486632685e-05, 'epoch': 5.88}
{'loss': 0.4081, 'learning_rate': 4.383114792468533e-05, 'epoch': 5.89}
{'loss': 0.4391, 'learning_rate': 4.3787847186102154e-05, 'epoch': 5.89}
{'loss': 0.3942, 'learning_rate': 4.374454644751899e-05, 'epoch': 5.9}
{'loss': 0.4259, 'learning_rate': 4.370124570893582e-05, 'epoch': 5.9}
{'loss': 0.4279, 'learning_rate': 4.365794497035265e-05, 'epoch': 5.9}
{'loss': 0.4353, 'learning_rate': 4.3614644231769486e-05, 'epoch': 5.91}
{'loss': 0.412, 'learning_rate': 4.357134349318631e-05, 'epoch': 5.91}
{'loss': 0.4337, 'learning_rate': 4.352804275460314e-05, 'epoch': 5.92}
{'loss': 0.4096, 'learning_rate': 4.3484742016019984e-05, 'epoch': 5.92}
{'loss': 0.419, 'learning_rate': 4.3441441277436805e-05, 'epoch': 5.92}
{'loss': 0.3914, 'learning_rate': 4.339814053885364e-05, 'epoch': 5.93}
{'loss': 0.4268, 'learning_rate': 4.3354839800270474e-05, 'epoch': 5.93}
{'loss': 0.4145, 'learning_rate': 4.33115390616873e-05, 'epoch': 5.94}
{'loss': 0.3943, 'learning_rate': 4.32691043378758e-05, 'epoch': 5.94}
{'loss': 0.4026, 'learning_rate': 4.322580359929263e-05, 'epoch': 5.94}
{'loss': 0.4291, 'learning_rate': 4.318250286070946e-05, 'epoch': 5.95}
{'loss': 0.4128, 'learning_rate': 4.3139202122126295e-05, 'epoch': 5.95}
{'loss': 0.4038, 'learning_rate': 4.3095901383543116e-05, 'epoch': 5.96}
{'loss': 0.3951, 'learning_rate': 4.305260064495995e-05, 'epoch': 5.96}
{'loss': 0.379, 'learning_rate': 4.3009299906376786e-05, 'epoch': 5.96}
{'loss': 0.4277, 'learning_rate': 4.2965999167793614e-05, 'epoch': 5.97}
{'loss': 0.3991, 'learning_rate': 4.292269842921045e-05, 'epoch': 5.97}
{'loss': 0.3941, 'learning_rate': 4.2879397690627283e-05, 'epoch': 5.98}
{'loss': 0.404, 'learning_rate': 4.2836096952044105e-05, 'epoch': 5.98}
{'loss': 0.3856, 'learning_rate': 4.2792796213460946e-05, 'epoch': 5.99}
{'loss': 0.4418, 'learning_rate': 4.274949547487778e-05, 'epoch': 5.99}
{'loss': 0.4066, 'learning_rate': 4.27061947362946e-05, 'epoch': 5.99}
{'loss': 0.4335, 'learning_rate': 4.266289399771144e-05, 'epoch': 6.0}
[INFO|trainer.py:520] 2026-10-04 15:46:47,350 >> The following columns in the evaluation set  don't have a corresponding argument in `PETLEncModel.forward` and have been ignored: premise, idx, hypothesis.
[INFO|trainer.py:2179] 2026-10-04 15:46:47,351 >> ***** Running Evaluation *****
[INFO|trainer.py:2181] 2026-10-04 15:46:47,351 >>   Num examples = 9815
[INFO|trainer.py:2184] 2026-10-04 15:46:47,351 >>   Batch size = 32
{'eval_loss': 0.41313886642456055, 'eval_accuracy': 0.8526744778400408, 'eval_runtime': 14.9682, 'eval_samples_per_second': 655.723, 'eval_steps_per_second': 20.51, 'epoch': 6.0}
[INFO|trainer.py:1933] 2026-10-04 15:47:02,321 >> Saving model checkpoint to checkpoints/glue/mnli/20261004/glue.mnli.prefix.am_prefix.ao_concat.fm_none.fo_parallel.abn.fbn.ac_add.fl_none.finit_lora.fs_4.unfrz_ef_.ne10.warm0.06.wd0.1.seed2./checkpoint-73632
[INFO|configuration_utils.py:364] 2026-10-04 15:47:02,322 >> Configuration saved in checkpoints/glue/mnli/20261004/glue.mnli.prefix.am_prefix.ao_concat.fm_none.fo_parallel.abn.fbn.ac_add.fl_none.finit_lora.fs_4.unfrz_ef_.ne10.warm0.06.wd0.1.seed2./checkpoint-73632/config.json
[INFO|modeling_utils.py:898] 2026-10-04 15:47:02,719 >> Model weights saved in checkpoints/glue/mnli/20261004/glue.mnli.prefix.am_prefix.ao_concat.fm_none.fo_parallel.abn.fbn.ac_add.fl_none.finit_lora.fs_4.unfrz_ef_.ne10.warm0.06.wd0.1.seed2./checkpoint-73632/pytorch_model.bin
[INFO|tokenization_utils_base.py:1948] 2026-10-04 15:47:02,720 >> tokenizer config file saved in checkpoints/glue/mnli/20261004/glue.mnli.prefix.am_prefix.ao_concat.fm_none.fo_parallel.abn.fbn.ac_add.fl_none.finit_lora.fs_4.unfrz_ef_.ne10.warm0.06.wd0.1.seed2./checkpoint-73632/tokenizer_config.json
[INFO|tokenization_utils_base.py:1954] 2026-10-04 15:47:02,721 >> Special tokens file saved in checkpoints/glue/mnli/20261004/glue.mnli.prefix.am_prefix.ao_concat.fm_none.fo_parallel.abn.fbn.ac_add.fl_none.finit_lora.fs_4.unfrz_ef_.ne10.warm0.06.wd0.1.seed2./checkpoint-73632/special_tokens_map.json
[INFO|trainer.py:2009] 2026-10-04 15:47:02,856 >> Deleting older checkpoint [checkpoints/glue/mnli/20261004/glue.mnli.prefix.am_prefix.ao_concat.fm_none.fo_parallel.abn.fbn.ac_add.fl_none.finit_lora.fs_4.unfrz_ef_.ne10.warm0.06.wd0.1.seed2./checkpoint-49088] due to args.save_total_limit
/work/unify-parameter-efficient-tuning/src/transformers/trainer.py:1784: FutureWarning: `torch.cuda.amp.autocast(args...)` is deprecated. Please use `torch.amp.autocast('cuda', args...)` instead.
  with autocast():
{'loss': 0.3761, 'learning_rate': 4.2619593259128265e-05, 'epoch': 6.0}
{'loss': 0.4445, 'learning_rate': 4.25762925205451e-05, 'epoch': 6.01}
{'loss': 0.4425, 'learning_rate': 4.2532991781961934e-05, 'epoch': 6.01}
{'loss': 0.4184, 'learning_rate': 4.2489691043378756e-05, 'epoch': 6.01}
{'loss': 0.37, 'learning_rate': 4.244639030479559e-05, 'epoch': 6.02}
{'loss': 0.3796, 'learning_rate': 4.2403089566212425e-05, 'epoch': 6.02}
{'loss': 0.4141, 'learning_rate': 4.235978882762925e-05, 'epoch': 6.03}
{'loss': 0.3997, 'learning_rate': 4.231648808904609e-05, 'epoch': 6.03}
{'loss': 0.401, 'learning_rate': 4.227318735046292e-05, 'epoch': 6.03}
{'loss': 0.359, 'learning_rate': 4.222988661187975e-05, 'epoch': 6.04}
{'loss': 0.3695, 'learning_rate': 4.2186585873296585e-05, 'epoch': 6.04}
{'loss': 0.394, 'learning_rate': 4.2143285134713407e-05, 'epoch': 6.05}
{'loss': 0.3949, 'learning_rate': 4.209998439613024e-05, 'epoch': 6.05}
{'loss': 0.4062, 'learning_rate': 4.2056683657547076e-05, 'epoch': 6.05}
{'loss': 0.4019, 'learning_rate': 4.2013382918963904e-05, 'epoch': 6.06}
{'loss': 0.3842, 'learning_rate': 4.197008218038074e-05, 'epoch': 6.06}
{'loss': 0.3776, 'learning_rate': 4.1926781441797574e-05, 'epoch': 6.07}
{'loss': 0.4054, 'learning_rate': 4.1883480703214395e-05, 'epoch': 6.07}
{'loss': 0.4283, 'learning_rate': 4.184017996463123e-05, 'epoch': 6.07}
{'loss': 0.3606, 'learning_rate': 4.179687922604807e-05, 'epoch': 6.08}
{'loss': 0.4034, 'learning_rate': 4.175357848746489e-05, 'epoch': 6.08}
{'loss': 0.4109, 'learning_rate': 4.171027774888173e-05, 'epoch': 6.09}
{'loss': 0.4371, 'learning_rate': 4.166697701029856e-05, 'epoch': 6.09}
{'loss': 0.4467, 'learning_rate': 4.162367627171539e-05, 'epoch': 6.1}
{'loss': 0.3957, 'learning_rate': 4.1580375533132224e-05, 'epoch': 6.1}
{'loss': 0.3834, 'learning_rate': 4.1537074794549046e-05, 'epoch': 6.1}
{'loss': 0.3982, 'learning_rate': 4.149377405596588e-05, 'epoch': 6.11}
{'loss': 0.3889, 'learning_rate': 4.1450473317382715e-05, 'epoch': 6.11}
{'loss': 0.4049, 'learning_rate': 4.140717257879954e-05, 'epoch': 6.12}
{'loss': 0.4179, 'learning_rate': 4.136387184021638e-05, 'epoch': 6.12}
{'loss': 0.4324, 'learning_rate': 4.132057110163321e-05, 'epoch': 6.12}
{'loss': 0.3962, 'learning_rate': 4.1277270363050034e-05, 'epoch': 6.13}
{'loss': 0.4123, 'learning_rate': 4.1233969624466875e-05, 'epoch': 6.13}
{'loss': 0.4058, 'learning_rate': 4.119066888588371e-05, 'epoch': 6.14}
{'loss': 0.3783, 'learning_rate': 4.114736814730053e-05, 'epoch': 6.14}
{'loss': 0.43, 'learning_rate': 4.1104933423489034e-05, 'epoch': 6.14}
{'loss': 0.3643, 'learning_rate': 4.1061632684905855e-05, 'epoch': 6.15}
{'loss': 0.3869, 'learning_rate': 4.101833194632269e-05, 'epoch': 6.15}
{'loss': 0.419, 'learning_rate': 4.0975031207739524e-05, 'epoch': 6.16}
{'loss': 0.3912, 'learning_rate': 4.093173046915635e-05, 'epoch': 6.16}
{'loss': 0.3768, 'learning_rate': 4.088842973057319e-05, 'epoch': 6.16}
{'loss': 0.4062, 'learning_rate': 4.084512899199002e-05, 'epoch': 6.17}
{'loss': 0.4245, 'learning_rate': 4.080182825340684e-05, 'epoch': 6.17}
{'loss': 0.4153, 'learning_rate': 4.075852751482368e-05, 'epoch': 6.18}
{'loss': 0.4008, 'learning_rate': 4.071522677624051e-05, 'epoch': 6.18}
{'loss': 0.4231, 'learning_rate': 4.067192603765734e-05, 'epoch': 6.18}
{'loss': 0.3874, 'learning_rate': 4.0628625299074175e-05, 'epoch': 6.19}
{'loss': 0.3724, 'learning_rate': 4.058532456049101e-05, 'epoch': 6.19}
{'loss': 0.4088, 'learning_rate': 4.054202382190784e-05, 'epoch': 6.2}
{'loss': 0.4176, 'learning_rate': 4.049872308332467e-05, 'epoch': 6.2}
{'loss': 0.3942, 'learning_rate': 4.0455422344741494e-05, 'epoch': 6.21}
{'loss': 0.4053, 'learning_rate': 4.041212160615833e-05, 'epoch': 6.21}
{'loss': 0.4035, 'learning_rate': 4.036882086757516e-05, 'epoch': 6.21}
{'loss': 0.3985, 'learning_rate': 4.032552012899199e-05, 'epoch': 6.22}
{'loss': 0.3686, 'learning_rate': 4.0282219390408826e-05, 'epoch': 6.22}
{'loss': 0.4285, 'learning_rate': 4.023891865182566e-05, 'epoch': 6.23}
{'loss': 0.402, 'learning_rate': 4.019561791324248e-05, 'epoch': 6.23}
{'loss': 0.4261, 'learning_rate': 4.015231717465932e-05, 'epoch': 6.23}
{'loss': 0.4083, 'learning_rate': 4.010901643607616e-05, 'epoch': 6.24}
{'loss': 0.4119, 'learning_rate': 4.006571569749298e-05, 'epoch': 6.24}
{'loss': 0.422, 'learning_rate': 4.0022414958909814e-05, 'epoch': 6.25}
{'loss': 0.3927, 'learning_rate': 3.997911422032664e-05, 'epoch': 6.25}
{'loss': 0.3759, 'learning_rate': 3.993581348174348e-05, 'epoch': 6.25}
{'loss': 0.4184, 'learning_rate': 3.989251274316031e-05, 'epoch': 6.26}
{'loss': 0.4032, 'learning_rate': 3.984921200457713e-05, 'epoch': 6.26}
{'loss': 0.4281, 'learning_rate': 3.980591126599397e-05, 'epoch': 6.27}
{'loss': 0.4291, 'learning_rate': 3.97626105274108e-05, 'epoch': 6.27}
{'loss': 0.4168, 'learning_rate': 3.971930978882763e-05, 'epoch': 6.27}
{'loss': 0.4091, 'learning_rate': 3.9676009050244465e-05, 'epoch': 6.28}
{'loss': 0.396, 'learning_rate': 3.96327083116613e-05, 'epoch': 6.28}
{'loss': 0.4026, 'learning_rate': 3.958940757307812e-05, 'epoch': 6.29}
{'loss': 0.4116, 'learning_rate': 3.954610683449496e-05, 'epoch': 6.29}
{'loss': 0.4103, 'learning_rate': 3.9502806095911784e-05, 'epoch': 6.29}
{'loss': 0.4153, 'learning_rate': 3.945950535732862e-05, 'epoch': 6.3}
{'loss': 0.3936, 'learning_rate': 3.9416204618745453e-05, 'epoch': 6.3}
{'loss': 0.4143, 'learning_rate': 3.937290388016228e-05, 'epoch': 6.31}
{'loss': 0.4074, 'learning_rate': 3.9329603141579116e-05, 'epoch': 6.31}
{'loss': 0.4063, 'learning_rate': 3.928630240299595e-05, 'epoch': 6.32}
{'loss': 0.3949, 'learning_rate': 3.924300166441277e-05, 'epoch': 6.32}
{'loss': 0.3881, 'learning_rate': 3.919970092582961e-05, 'epoch': 6.32}
{'loss': 0.4033, 'learning_rate': 3.915640018724644e-05, 'epoch': 6.33}
{'loss': 0.3563, 'learning_rate': 3.911309944866327e-05, 'epoch': 6.33}
{'loss': 0.3858, 'learning_rate': 3.9069798710080104e-05, 'epoch': 6.34}
{'loss': 0.3738, 'learning_rate': 3.902649797149694e-05, 'epoch': 6.34}
{'loss': 0.4086, 'learning_rate': 3.898319723291377e-05, 'epoch': 6.34}
{'loss': 0.3888, 'learning_rate': 3.89398964943306e-05, 'epoch': 6.35}
{'loss': 0.4102, 'learning_rate': 3.889659575574742e-05, 'epoch': 6.35}
{'loss': 0.3862, 'learning_rate': 3.885329501716426e-05, 'epoch': 6.36}
{'loss': 0.4113, 'learning_rate': 3.880999427858109e-05, 'epoch': 6.36}
{'loss': 0.4273, 'learning_rate': 3.876669353999792e-05, 'epoch': 6.36}
{'loss': 0.4144, 'learning_rate': 3.8723392801414755e-05, 'epoch': 6.37}
{'loss': 0.4277, 'learning_rate': 3.868009206283159e-05, 'epoch': 6.37}
{'loss': 0.4078, 'learning_rate': 3.863679132424841e-05, 'epoch': 6.38}
{'loss': 0.4223, 'learning_rate': 3.8593490585665246e-05, 'epoch': 6.38}
{'loss': 0.4183, 'learning_rate': 3.855018984708209e-05, 'epoch': 6.38}
{'loss': 0.404, 'learning_rate': 3.850688910849891e-05, 'epoch': 6.39}
{'loss': 0.4083, 'learning_rate': 3.8463588369915744e-05, 'epoch': 6.39}
{'loss': 0.4154, 'learning_rate': 3.842028763133257e-05, 'epoch': 6.4}
{'loss': 0.4012, 'learning_rate': 3.8376986892749406e-05, 'epoch': 6.4}
{'loss': 0.4113, 'learning_rate': 3.833368615416624e-05, 'epoch': 6.4}
{'loss': 0.4012, 'learning_rate': 3.829038541558306e-05, 'epoch': 6.41}
{'loss': 0.4018, 'learning_rate': 3.82470846769999e-05, 'epoch': 6.41}
{'loss': 0.4224, 'learning_rate': 3.820378393841673e-05, 'epoch': 6.42}
{'loss': 0.3991, 'learning_rate': 3.816048319983356e-05, 'epoch': 6.42}
{'loss': 0.4063, 'learning_rate': 3.8117182461250394e-05, 'epoch': 6.43}
{'loss': 0.4053, 'learning_rate': 3.807388172266723e-05, 'epoch': 6.43}
{'loss': 0.4256, 'learning_rate': 3.803058098408405e-05, 'epoch': 6.43}
{'loss': 0.3981, 'learning_rate': 3.798728024550089e-05, 'epoch': 6.44}
{'loss': 0.4074, 'learning_rate': 3.794397950691771e-05, 'epoch': 6.44}
{'loss': 0.4207, 'learning_rate': 3.790067876833455e-05, 'epoch': 6.45}
{'loss': 0.4296, 'learning_rate': 3.785737802975138e-05, 'epoch': 6.45}
{'loss': 0.3923, 'learning_rate': 3.781407729116821e-05, 'epoch': 6.45}
{'loss': 0.403, 'learning_rate': 3.7770776552585045e-05, 'epoch': 6.46}
{'loss': 0.3636, 'learning_rate': 3.772747581400188e-05, 'epoch': 6.46}
{'loss': 0.4086, 'learning_rate': 3.76841750754187e-05, 'epoch': 6.47}
{'loss': 0.3908, 'learning_rate': 3.7640874336835536e-05, 'epoch': 6.47}
{'loss': 0.417, 'learning_rate': 3.759757359825238e-05, 'epoch': 6.47}
{'loss': 0.4151, 'learning_rate': 3.755513887444086e-05, 'epoch': 6.48}
{'loss': 0.4379, 'learning_rate': 3.7511838135857694e-05, 'epoch': 6.48}
{'loss': 0.4151, 'learning_rate': 3.7468537397274536e-05, 'epoch': 6.49}
{'loss': 0.4288, 'learning_rate': 3.742523665869136e-05, 'epoch': 6.49}
{'loss': 0.3904, 'learning_rate': 3.738193592010819e-05, 'epoch': 6.49}
{'loss': 0.4035, 'learning_rate': 3.733863518152502e-05, 'epoch': 6.5}
{'loss': 0.4, 'learning_rate': 3.7295334442941854e-05, 'epoch': 6.5}
{'loss': 0.405, 'learning_rate': 3.725203370435869e-05, 'epoch': 6.51}
{'loss': 0.4115, 'learning_rate': 3.720873296577551e-05, 'epoch': 6.51}
{'loss': 0.3634, 'learning_rate': 3.7165432227192345e-05, 'epoch': 6.51}
{'loss': 0.3726, 'learning_rate': 3.712213148860918e-05, 'epoch': 6.52}
{'loss': 0.3899, 'learning_rate': 3.707883075002601e-05, 'epoch': 6.52}
{'loss': 0.3894, 'learning_rate': 3.703553001144284e-05, 'epoch': 6.53}
{'loss': 0.3923, 'learning_rate': 3.699222927285968e-05, 'epoch': 6.53}
{'loss': 0.4272, 'learning_rate': 3.69489285342765e-05, 'epoch': 6.54}
{'loss': 0.3709, 'learning_rate': 3.690562779569334e-05, 'epoch': 6.54}
{'loss': 0.3954, 'learning_rate': 3.686232705711016e-05, 'epoch': 6.54}
{'loss': 0.3957, 'learning_rate': 3.6819026318526996e-05, 'epoch': 6.55}
{'loss': 0.4093, 'learning_rate': 3.677572557994383e-05, 'epoch': 6.55}
{'loss': 0.4052, 'learning_rate': 3.673242484136066e-05, 'epoch': 6.56}
{'loss': 0.4332, 'learning_rate': 3.6689124102777494e-05, 'epoch': 6.56}
{'loss': 0.425, 'learning_rate': 3.664582336419433e-05, 'epoch': 6.56}
{'loss': 0.4046, 'learning_rate': 3.660252262561115e-05, 'epoch': 6.57}
{'loss': 0.3949, 'learning_rate': 3.6559221887027984e-05, 'epoch': 6.57}
{'loss': 0.4021, 'learning_rate': 3.651592114844482e-05, 'epoch': 6.58}
{'loss': 0.3837, 'learning_rate': 3.647262040986165e-05, 'epoch': 6.58}
{'loss': 0.3905, 'learning_rate': 3.642931967127848e-05, 'epoch': 6.58}
{'loss': 0.3953, 'learning_rate': 3.6386018932695317e-05, 'epoch': 6.59}
{'loss': 0.4159, 'learning_rate': 3.6342718194112145e-05, 'epoch': 6.59}
{'loss': 0.4295, 'learning_rate': 3.629941745552898e-05, 'epoch': 6.6}
{'loss': 0.3869, 'learning_rate': 3.62561167169458e-05, 'epoch': 6.6}
{'loss': 0.3823, 'learning_rate': 3.6212815978362635e-05, 'epoch': 6.6}
{'loss': 0.4067, 'learning_rate': 3.616951523977947e-05, 'epoch': 6.61}
{'loss': 0.3948, 'learning_rate': 3.61262145011963e-05, 'epoch': 6.61}
{'loss': 0.4193, 'learning_rate': 3.608291376261313e-05, 'epoch': 6.62}
{'loss': 0.4019, 'learning_rate': 3.603961302402997e-05, 'epoch': 6.62}
{'loss': 0.415, 'learning_rate': 3.599631228544679e-05, 'epoch': 6.62}
{'loss': 0.3945, 'learning_rate': 3.5953011546863623e-05, 'epoch': 6.63}
{'loss': 0.3913, 'learning_rate': 3.5909710808280465e-05, 'epoch': 6.63}
{'loss': 0.3997, 'learning_rate': 3.5866410069697286e-05, 'epoch': 6.64}
{'loss': 0.4388, 'learning_rate': 3.582310933111412e-05, 'epoch': 6.64}
{'loss': 0.3954, 'learning_rate': 3.577980859253095e-05, 'epoch': 6.65}
{'loss': 0.4123, 'learning_rate': 3.5736507853947784e-05, 'epoch': 6.65}
{'loss': 0.4287, 'learning_rate': 3.569320711536462e-05, 'epoch': 6.65}
{'loss': 0.3842, 'learning_rate': 3.564990637678144e-05, 'epoch': 6.66}
{'loss': 0.4063, 'learning_rate': 3.5606605638198274e-05, 'epoch': 6.66}
{'loss': 0.3754, 'learning_rate': 3.556330489961511e-05, 'epoch': 6.67}
{'loss': 0.4067, 'learning_rate': 3.552000416103194e-05, 'epoch': 6.67}
{'loss': 0.4073, 'learning_rate': 3.547670342244877e-05, 'epoch': 6.67}
{'loss': 0.4295, 'learning_rate': 3.543340268386561e-05, 'epoch': 6.68}
{'loss': 0.4053, 'learning_rate': 3.539010194528243e-05, 'epoch': 6.68}
{'loss': 0.3977, 'learning_rate': 3.534766722147093e-05, 'epoch': 6.69}
{'loss': 0.3735, 'learning_rate': 3.5304366482887765e-05, 'epoch': 6.69}
{'loss': 0.4248, 'learning_rate': 3.5261065744304586e-05, 'epoch': 6.69}
{'loss': 0.3781, 'learning_rate': 3.521776500572143e-05, 'epoch': 6.7}
{'loss': 0.3921, 'learning_rate': 3.517446426713825e-05, 'epoch': 6.7}
{'loss': 0.3962, 'learning_rate': 3.5131163528555083e-05, 'epoch': 6.71}
{'loss': 0.3803, 'learning_rate': 3.508786278997192e-05, 'epoch': 6.71}
{'loss': 0.3839, 'learning_rate': 3.5044562051388746e-05, 'epoch': 6.71}
{'loss': 0.392, 'learning_rate': 3.500126131280558e-05, 'epoch': 6.72}
{'loss': 0.3746, 'learning_rate': 3.4957960574222416e-05, 'epoch': 6.72}
{'loss': 0.4121, 'learning_rate': 3.4915525850410904e-05, 'epoch': 6.73}
{'loss': 0.4127, 'learning_rate': 3.487222511182774e-05, 'epoch': 6.73}
{'loss': 0.4089, 'learning_rate': 3.4828924373244574e-05, 'epoch': 6.73}
{'loss': 0.4109, 'learning_rate': 3.4785623634661395e-05, 'epoch': 6.74}
{'loss': 0.4062, 'learning_rate': 3.474232289607823e-05, 'epoch': 6.74}
{'loss': 0.3774, 'learning_rate': 3.469902215749506e-05, 'epoch': 6.75}
{'loss': 0.3728, 'learning_rate': 3.465572141891189e-05, 'epoch': 6.75}
{'loss': 0.3788, 'learning_rate': 3.461242068032873e-05, 'epoch': 6.76}
{'loss': 0.4316, 'learning_rate': 3.456911994174555e-05, 'epoch': 6.76}
{'loss': 0.3924, 'learning_rate': 3.452581920316239e-05, 'epoch': 6.76}
{'loss': 0.4157, 'learning_rate': 3.4482518464579225e-05, 'epoch': 6.77}
{'loss': 0.3992, 'learning_rate': 3.4439217725996046e-05, 'epoch': 6.77}
{'loss': 0.4275, 'learning_rate': 3.439591698741288e-05, 'epoch': 6.78}
{'loss': 0.412, 'learning_rate': 3.4352616248829715e-05, 'epoch': 6.78}
{'loss': 0.3885, 'learning_rate': 3.430931551024654e-05, 'epoch': 6.78}
{'loss': 0.4098, 'learning_rate': 3.426601477166338e-05, 'epoch': 6.79}
{'loss': 0.3937, 'learning_rate': 3.422271403308021e-05, 'epoch': 6.79}
{'loss': 0.4201, 'learning_rate': 3.4179413294497034e-05, 'epoch': 6.8}
{'loss': 0.4024, 'learning_rate': 3.413611255591387e-05, 'epoch': 6.8}
{'loss': 0.4221, 'learning_rate': 3.40928118173307e-05, 'epoch': 6.8}
{'loss': 0.4081, 'learning_rate': 3.404951107874753e-05, 'epoch': 6.81}
{'loss': 0.3775, 'learning_rate': 3.4006210340164366e-05, 'epoch': 6.81}
{'loss': 0.4137, 'learning_rate': 3.3962909601581194e-05, 'epoch': 6.82}
{'loss': 0.4076, 'learning_rate': 3.391960886299803e-05, 'epoch': 6.82}
{'loss': 0.3834, 'learning_rate': 3.3876308124414864e-05, 'epoch': 6.82}
{'loss': 0.4159, 'learning_rate': 3.3833007385831685e-05, 'epoch': 6.83}
{'loss': 0.413, 'learning_rate': 3.378970664724852e-05, 'epoch': 6.83}
{'loss': 0.3755, 'learning_rate': 3.3746405908665355e-05, 'epoch': 6.84}
{'loss': 0.402, 'learning_rate': 3.370310517008218e-05, 'epoch': 6.84}
{'loss': 0.4155, 'learning_rate': 3.365980443149902e-05, 'epoch': 6.84}
{'loss': 0.381, 'learning_rate': 3.361650369291584e-05, 'epoch': 6.85}
{'loss': 0.4277, 'learning_rate': 3.357320295433267e-05, 'epoch': 6.85}
{'loss': 0.4016, 'learning_rate': 3.3529902215749515e-05, 'epoch': 6.86}
{'loss': 0.422, 'learning_rate': 3.3486601477166336e-05, 'epoch': 6.86}
{'loss': 0.3975, 'learning_rate': 3.344330073858317e-05, 'epoch': 6.87}
{'loss': 0.4163, 'learning_rate': 3.3400000000000005e-05, 'epoch': 6.87}
{'loss': 0.3792, 'learning_rate': 3.3356699261416833e-05, 'epoch': 6.87}
{'loss': 0.3994, 'learning_rate': 3.331339852283367e-05, 'epoch': 6.88}
{'loss': 0.4124, 'learning_rate': 3.32700977842505e-05, 'epoch': 6.88}
{'loss': 0.4061, 'learning_rate': 3.3226797045667324e-05, 'epoch': 6.89}
{'loss': 0.4103, 'learning_rate': 3.318349630708416e-05, 'epoch': 6.89}
{'loss': 0.4149, 'learning_rate': 3.3140195568500994e-05, 'epoch': 6.89}
{'loss': 0.3838, 'learning_rate': 3.309689482991782e-05, 'epoch': 6.9}
{'loss': 0.4048, 'learning_rate': 3.3053594091334656e-05, 'epoch': 6.9}
{'loss': 0.3968, 'learning_rate': 3.301029335275148e-05, 'epoch': 6.91}
{'loss': 0.408, 'learning_rate': 3.296699261416832e-05, 'epoch': 6.91}
{'loss': 0.4365, 'learning_rate': 3.2923691875585154e-05, 'epoch': 6.91}
{'loss': 0.3883, 'learning_rate': 3.2880391137001975e-05, 'epoch': 6.92}
{'loss': 0.3992, 'learning_rate': 3.283709039841881e-05, 'epoch': 6.92}
{'loss': 0.3998, 'learning_rate': 3.2793789659835645e-05, 'epoch': 6.93}
{'loss': 0.424, 'learning_rate': 3.275048892125247e-05, 'epoch': 6.93}
{'loss': 0.3787, 'learning_rate': 3.270718818266931e-05, 'epoch': 6.93}
{'loss': 0.393, 'learning_rate': 3.266388744408614e-05, 'epoch': 6.94}
{'loss': 0.4023, 'learning_rate': 3.262058670550296e-05, 'epoch': 6.94}
{'loss': 0.399, 'learning_rate': 3.25772859669198e-05, 'epoch': 6.95}
{'loss': 0.4204, 'learning_rate': 3.2533985228336626e-05, 'epoch': 6.95}
{'loss': 0.418, 'learning_rate': 3.249068448975346e-05, 'epoch': 6.95}
{'loss': 0.3994, 'learning_rate': 3.2447383751170296e-05, 'epoch': 6.96}
{'loss': 0.3984, 'learning_rate': 3.2404083012587124e-05, 'epoch': 6.96}
{'loss': 0.4304, 'learning_rate': 3.236078227400396e-05, 'epoch': 6.97}
{'loss': 0.4144, 'learning_rate': 3.231748153542079e-05, 'epoch': 6.97}
{'loss': 0.3926, 'learning_rate': 3.2274180796837614e-05, 'epoch': 6.98}
{'loss': 0.4022, 'learning_rate': 3.223088005825445e-05, 'epoch': 6.98}
{'loss': 0.4019, 'learning_rate': 3.2187579319671284e-05, 'epoch': 6.98}
{'loss': 0.3932, 'learning_rate': 3.214427858108811e-05, 'epoch': 6.99}
{'loss': 0.4041, 'learning_rate': 3.2100977842504946e-05, 'epoch': 6.99}
{'loss': 0.4053, 'learning_rate': 3.205767710392177e-05, 'epoch': 7.0}
{'loss': 0.401, 'learning_rate': 3.201437636533861e-05, 'epoch': 7.0}
[INFO|trainer.py:520] 2026-10-04 15:55:30,442 >> The following columns in the evaluation set  don't have a corresponding argument in `PETLEncModel.forward` and have been ignored: premise, idx, hypothesis.
[INFO|trainer.py:2179] 2026-10-04 15:55:30,443 >> ***** Running Evaluation *****
[INFO|trainer.py:2181] 2026-10-04 15:55:30,444 >>   Num examples = 9815
[INFO|trainer.py:2184] 2026-10-04 15:55:30,444 >>   Batch size = 32
{'eval_loss': 0.384334534406662, 'eval_accuracy': 0.8599083036169128, 'eval_runtime': 14.8235, 'eval_samples_per_second': 662.124, 'eval_steps_per_second': 20.71, 'epoch': 7.0}
[INFO|trainer.py:1933] 2026-10-04 15:55:45,268 >> Saving model checkpoint to checkpoints/glue/mnli/20261004/glue.mnli.prefix.am_prefix.ao_concat.fm_none.fo_parallel.abn.fbn.ac_add.fl_none.finit_lora.fs_4.unfrz_ef_.ne10.warm0.06.wd0.1.seed2./checkpoint-85904
[INFO|configuration_utils.py:364] 2026-10-04 15:55:45,269 >> Configuration saved in checkpoints/glue/mnli/20261004/glue.mnli.prefix.am_prefix.ao_concat.fm_none.fo_parallel.abn.fbn.ac_add.fl_none.finit_lora.fs_4.unfrz_ef_.ne10.warm0.06.wd0.1.seed2./checkpoint-85904/config.json
[INFO|modeling_utils.py:898] 2026-10-04 15:55:45,697 >> Model weights saved in checkpoints/glue/mnli/20261004/glue.mnli.prefix.am_prefix.ao_concat.fm_none.fo_parallel.abn.fbn.ac_add.fl_none.finit_lora.fs_4.unfrz_ef_.ne10.warm0.06.wd0.1.seed2./checkpoint-85904/pytorch_model.bin
[INFO|tokenization_utils_base.py:1948] 2026-10-04 15:55:45,698 >> tokenizer config file saved in checkpoints/glue/mnli/20261004/glue.mnli.prefix.am_prefix.ao_concat.fm_none.fo_parallel.abn.fbn.ac_add.fl_none.finit_lora.fs_4.unfrz_ef_.ne10.warm0.06.wd0.1.seed2./checkpoint-85904/tokenizer_config.json
[INFO|tokenization_utils_base.py:1954] 2026-10-04 15:55:45,698 >> Special tokens file saved in checkpoints/glue/mnli/20261004/glue.mnli.prefix.am_prefix.ao_concat.fm_none.fo_parallel.abn.fbn.ac_add.fl_none.finit_lora.fs_4.unfrz_ef_.ne10.warm0.06.wd0.1.seed2./checkpoint-85904/special_tokens_map.json
[INFO|trainer.py:2009] 2026-10-04 15:55:45,848 >> Deleting older checkpoint [checkpoints/glue/mnli/20261004/glue.mnli.prefix.am_prefix.ao_concat.fm_none.fo_parallel.abn.fbn.ac_add.fl_none.finit_lora.fs_4.unfrz_ef_.ne10.warm0.06.wd0.1.seed2./checkpoint-61360] due to args.save_total_limit
/work/unify-parameter-efficient-tuning/src/transformers/trainer.py:1784: FutureWarning: `torch.cuda.amp.autocast(args...)` is deprecated. Please use `torch.amp.autocast('cuda', args...)` instead.
  with autocast():
{'loss': 0.3967, 'learning_rate': 3.1971075626755444e-05, 'epoch': 7.0}
{'loss': 0.3856, 'learning_rate': 3.1927774888172265e-05, 'epoch': 7.01}
{'loss': 0.4032, 'learning_rate': 3.18844741495891e-05, 'epoch': 7.01}
{'loss': 0.3728, 'learning_rate': 3.1841173411005935e-05, 'epoch': 7.02}
{'loss': 0.4, 'learning_rate': 3.179787267242276e-05, 'epoch': 7.02}
{'loss': 0.3711, 'learning_rate': 3.17545719338396e-05, 'epoch': 7.02}
{'loss': 0.4106, 'learning_rate': 3.171127119525643e-05, 'epoch': 7.03}
{'loss': 0.4186, 'learning_rate': 3.1667970456673253e-05, 'epoch': 7.03}
{'loss': 0.3872, 'learning_rate': 3.162466971809009e-05, 'epoch': 7.04}
{'loss': 0.3753, 'learning_rate': 3.158136897950693e-05, 'epoch': 7.04}
{'loss': 0.3996, 'learning_rate': 3.153806824092375e-05, 'epoch': 7.04}
{'loss': 0.3674, 'learning_rate': 3.1494767502340586e-05, 'epoch': 7.05}
{'loss': 0.379, 'learning_rate': 3.1451466763757414e-05, 'epoch': 7.05}
{'loss': 0.4301, 'learning_rate': 3.140816602517425e-05, 'epoch': 7.06}
{'loss': 0.4067, 'learning_rate': 3.136486528659108e-05, 'epoch': 7.06}
{'loss': 0.3883, 'learning_rate': 3.1321564548007904e-05, 'epoch': 7.06}
{'loss': 0.4235, 'learning_rate': 3.127826380942474e-05, 'epoch': 7.07}
{'loss': 0.3974, 'learning_rate': 3.1234963070841574e-05, 'epoch': 7.07}
{'loss': 0.3618, 'learning_rate': 3.11916623322584e-05, 'epoch': 7.08}
{'loss': 0.3811, 'learning_rate': 3.1148361593675237e-05, 'epoch': 7.08}
{'loss': 0.4108, 'learning_rate': 3.110506085509207e-05, 'epoch': 7.09}
{'loss': 0.3809, 'learning_rate': 3.106176011650889e-05, 'epoch': 7.09}
{'loss': 0.3793, 'learning_rate': 3.1018459377925734e-05, 'epoch': 7.09}
{'loss': 0.4164, 'learning_rate': 3.0975158639342555e-05, 'epoch': 7.1}
{'loss': 0.3829, 'learning_rate': 3.093185790075939e-05, 'epoch': 7.1}
{'loss': 0.3654, 'learning_rate': 3.0888557162176225e-05, 'epoch': 7.11}
{'loss': 0.3922, 'learning_rate': 3.084525642359305e-05, 'epoch': 7.11}
{'loss': 0.3932, 'learning_rate': 3.080195568500989e-05, 'epoch': 7.11}
{'loss': 0.364, 'learning_rate': 3.075865494642672e-05, 'epoch': 7.12}
{'loss': 0.3909, 'learning_rate': 3.0715354207843543e-05, 'epoch': 7.12}
{'loss': 0.3991, 'learning_rate': 3.067205346926038e-05, 'epoch': 7.13}
{'loss': 0.4137, 'learning_rate': 3.062875273067721e-05, 'epoch': 7.13}
{'loss': 0.3966, 'learning_rate': 3.05863180068657e-05, 'epoch': 7.13}
{'loss': 0.3737, 'learning_rate': 3.0543017268282536e-05, 'epoch': 7.14}
{'loss': 0.3862, 'learning_rate': 3.0499716529699374e-05, 'epoch': 7.14}
{'loss': 0.411, 'learning_rate': 3.0456415791116196e-05, 'epoch': 7.15}
{'loss': 0.3907, 'learning_rate': 3.041311505253303e-05, 'epoch': 7.15}
{'loss': 0.3964, 'learning_rate': 3.036981431394986e-05, 'epoch': 7.15}
{'loss': 0.3854, 'learning_rate': 3.032651357536669e-05, 'epoch': 7.16}
{'loss': 0.3674, 'learning_rate': 3.0283212836783525e-05, 'epoch': 7.16}
{'loss': 0.4028, 'learning_rate': 3.0239912098200353e-05, 'epoch': 7.17}
{'loss': 0.3759, 'learning_rate': 3.0196611359617184e-05, 'epoch': 7.17}
{'loss': 0.3951, 'learning_rate': 3.015331062103402e-05, 'epoch': 7.17}
{'loss': 0.3741, 'learning_rate': 3.0110009882450847e-05, 'epoch': 7.18}
{'loss': 0.4108, 'learning_rate': 3.006670914386768e-05, 'epoch': 7.18}
{'loss': 0.3873, 'learning_rate': 3.0023408405284513e-05, 'epoch': 7.19}
{'loss': 0.3727, 'learning_rate': 2.998010766670134e-05, 'epoch': 7.19}
{'loss': 0.3834, 'learning_rate': 2.993680692811818e-05, 'epoch': 7.2}
{'loss': 0.3739, 'learning_rate': 2.9893506189534997e-05, 'epoch': 7.2}
{'loss': 0.3747, 'learning_rate': 2.9850205450951835e-05, 'epoch': 7.2}
{'loss': 0.3837, 'learning_rate': 2.9806904712368673e-05, 'epoch': 7.21}
{'loss': 0.4233, 'learning_rate': 2.976360397378549e-05, 'epoch': 7.21}
{'loss': 0.3972, 'learning_rate': 2.972030323520233e-05, 'epoch': 7.22}
{'loss': 0.3788, 'learning_rate': 2.9677002496619167e-05, 'epoch': 7.22}
{'loss': 0.3441, 'learning_rate': 2.9633701758035988e-05, 'epoch': 7.22}
{'loss': 0.4116, 'learning_rate': 2.959040101945283e-05, 'epoch': 7.23}
{'loss': 0.3915, 'learning_rate': 2.954710028086966e-05, 'epoch': 7.23}
{'loss': 0.3948, 'learning_rate': 2.9503799542286486e-05, 'epoch': 7.24}
{'loss': 0.3658, 'learning_rate': 2.9460498803703317e-05, 'epoch': 7.24}
{'loss': 0.389, 'learning_rate': 2.9417198065120145e-05, 'epoch': 7.24}
{'loss': 0.4046, 'learning_rate': 2.937389732653698e-05, 'epoch': 7.25}
{'loss': 0.3755, 'learning_rate': 2.933059658795381e-05, 'epoch': 7.25}
{'loss': 0.3782, 'learning_rate': 2.928729584937064e-05, 'epoch': 7.26}
{'loss': 0.3878, 'learning_rate': 2.9243995110787474e-05, 'epoch': 7.26}
{'loss': 0.4081, 'learning_rate': 2.9200694372204305e-05, 'epoch': 7.26}
{'loss': 0.399, 'learning_rate': 2.9157393633621133e-05, 'epoch': 7.27}
{'loss': 0.3782, 'learning_rate': 2.911409289503797e-05, 'epoch': 7.27}
{'loss': 0.3848, 'learning_rate': 2.9070792156454806e-05, 'epoch': 7.28}
{'loss': 0.397, 'learning_rate': 2.9027491417871634e-05, 'epoch': 7.28}
{'loss': 0.3716, 'learning_rate': 2.8984190679288466e-05, 'epoch': 7.28}
{'loss': 0.3585, 'learning_rate': 2.89408899407053e-05, 'epoch': 7.29}
{'loss': 0.396, 'learning_rate': 2.8897589202122128e-05, 'epoch': 7.29}
{'loss': 0.396, 'learning_rate': 2.885428846353896e-05, 'epoch': 7.3}
{'loss': 0.4066, 'learning_rate': 2.8810987724955784e-05, 'epoch': 7.3}
{'loss': 0.3921, 'learning_rate': 2.8768553001144283e-05, 'epoch': 7.31}
{'loss': 0.3707, 'learning_rate': 2.872525226256112e-05, 'epoch': 7.31}
{'loss': 0.3846, 'learning_rate': 2.868195152397794e-05, 'epoch': 7.31}
{'loss': 0.3919, 'learning_rate': 2.8638650785394777e-05, 'epoch': 7.32}
{'loss': 0.4027, 'learning_rate': 2.8595350046811615e-05, 'epoch': 7.32}
{'loss': 0.379, 'learning_rate': 2.8552049308228433e-05, 'epoch': 7.33}
{'loss': 0.4052, 'learning_rate': 2.850874856964527e-05, 'epoch': 7.33}
{'loss': 0.3713, 'learning_rate': 2.846544783106211e-05, 'epoch': 7.33}
{'loss': 0.3846, 'learning_rate': 2.842214709247893e-05, 'epoch': 7.34}
{'loss': 0.3836, 'learning_rate': 2.8378846353895765e-05, 'epoch': 7.34}
{'loss': 0.3995, 'learning_rate': 2.8335545615312593e-05, 'epoch': 7.35}
{'loss': 0.3583, 'learning_rate': 2.8292244876729428e-05, 'epoch': 7.35}
{'loss': 0.4222, 'learning_rate': 2.824894413814626e-05, 'epoch': 7.35}
{'loss': 0.3919, 'learning_rate': 2.8205643399563087e-05, 'epoch': 7.36}
{'loss': 0.3994, 'learning_rate': 2.8162342660979922e-05, 'epoch': 7.36}
{'loss': 0.3924, 'learning_rate': 2.8119041922396753e-05, 'epoch': 7.37}
{'loss': 0.4085, 'learning_rate': 2.807574118381358e-05, 'epoch': 7.37}
{'loss': 0.4035, 'learning_rate': 2.8032440445230416e-05, 'epoch': 7.37}
{'loss': 0.3743, 'learning_rate': 2.7989139706647254e-05, 'epoch': 7.38}
{'loss': 0.4167, 'learning_rate': 2.7945838968064076e-05, 'epoch': 7.38}
{'loss': 0.3523, 'learning_rate': 2.7902538229480914e-05, 'epoch': 7.39}
{'loss': 0.3989, 'learning_rate': 2.785923749089775e-05, 'epoch': 7.39}
{'loss': 0.4256, 'learning_rate': 2.7815936752314576e-05, 'epoch': 7.39}
{'loss': 0.4094, 'learning_rate': 2.7772636013731408e-05, 'epoch': 7.4}
{'loss': 0.3752, 'learning_rate': 2.7729335275148232e-05, 'epoch': 7.4}
{'loss': 0.3668, 'learning_rate': 2.768603453656507e-05, 'epoch': 7.41}
{'loss': 0.3887, 'learning_rate': 2.7642733797981902e-05, 'epoch': 7.41}
{'loss': 0.3991, 'learning_rate': 2.7599433059398727e-05, 'epoch': 7.42}
{'loss': 0.4413, 'learning_rate': 2.7556132320815558e-05, 'epoch': 7.42}
{'loss': 0.4064, 'learning_rate': 2.7512831582232396e-05, 'epoch': 7.42}
{'loss': 0.4247, 'learning_rate': 2.746953084364922e-05, 'epoch': 7.43}
{'loss': 0.3955, 'learning_rate': 2.742623010506606e-05, 'epoch': 7.43}
{'loss': 0.3879, 'learning_rate': 2.7382929366482897e-05, 'epoch': 7.44}
{'loss': 0.3869, 'learning_rate': 2.7339628627899715e-05, 'epoch': 7.44}
{'loss': 0.3979, 'learning_rate': 2.7296327889316553e-05, 'epoch': 7.44}
{'loss': 0.3778, 'learning_rate': 2.7253027150733377e-05, 'epoch': 7.45}
{'loss': 0.3824, 'learning_rate': 2.720972641215021e-05, 'epoch': 7.45}
{'loss': 0.4019, 'learning_rate': 2.7166425673567047e-05, 'epoch': 7.46}
{'loss': 0.3716, 'learning_rate': 2.7123124934983875e-05, 'epoch': 7.46}
{'loss': 0.3966, 'learning_rate': 2.7079824196400706e-05, 'epoch': 7.46}
{'loss': 0.3972, 'learning_rate': 2.703652345781754e-05, 'epoch': 7.47}
{'loss': 0.4101, 'learning_rate': 2.699322271923437e-05, 'epoch': 7.47}
{'loss': 0.3586, 'learning_rate': 2.69499219806512e-05, 'epoch': 7.48}
{'loss': 0.416, 'learning_rate': 2.6906621242068035e-05, 'epoch': 7.48}
{'loss': 0.401, 'learning_rate': 2.6863320503484863e-05, 'epoch': 7.48}
{'loss': 0.3635, 'learning_rate': 2.6820019764901698e-05, 'epoch': 7.49}
{'loss': 0.3893, 'learning_rate': 2.6776719026318526e-05, 'epoch': 7.49}
{'loss': 0.3893, 'learning_rate': 2.6733418287735357e-05, 'epoch': 7.5}
{'loss': 0.383, 'learning_rate': 2.6690117549152195e-05, 'epoch': 7.5}
{'loss': 0.3918, 'learning_rate': 2.6646816810569013e-05, 'epoch': 7.5}
{'loss': 0.4079, 'learning_rate': 2.660351607198585e-05, 'epoch': 7.51}
{'loss': 0.3872, 'learning_rate': 2.656021533340269e-05, 'epoch': 7.51}
{'loss': 0.4013, 'learning_rate': 2.6516914594819507e-05, 'epoch': 7.52}
{'loss': 0.3816, 'learning_rate': 2.6473613856236345e-05, 'epoch': 7.52}
{'loss': 0.3973, 'learning_rate': 2.6430313117653184e-05, 'epoch': 7.53}
{'loss': 0.3634, 'learning_rate': 2.638701237907e-05, 'epoch': 7.53}
{'loss': 0.3865, 'learning_rate': 2.6343711640486846e-05, 'epoch': 7.53}
{'loss': 0.3679, 'learning_rate': 2.6300410901903678e-05, 'epoch': 7.54}
{'loss': 0.3874, 'learning_rate': 2.6257110163320502e-05, 'epoch': 7.54}
{'loss': 0.3949, 'learning_rate': 2.6213809424737334e-05, 'epoch': 7.55}
{'loss': 0.405, 'learning_rate': 2.617050868615416e-05, 'epoch': 7.55}
{'loss': 0.3612, 'learning_rate': 2.6127207947570996e-05, 'epoch': 7.55}
{'loss': 0.3897, 'learning_rate': 2.6083907208987828e-05, 'epoch': 7.56}
{'loss': 0.3812, 'learning_rate': 2.6040606470404656e-05, 'epoch': 7.56}
{'loss': 0.4098, 'learning_rate': 2.599730573182149e-05, 'epoch': 7.57}
{'loss': 0.411, 'learning_rate': 2.5954004993238322e-05, 'epoch': 7.57}
{'loss': 0.3716, 'learning_rate': 2.5911570269426817e-05, 'epoch': 7.57}
{'loss': 0.3698, 'learning_rate': 2.586826953084365e-05, 'epoch': 7.58}
{'loss': 0.3815, 'learning_rate': 2.5824968792260483e-05, 'epoch': 7.58}
{'loss': 0.3783, 'learning_rate': 2.578166805367731e-05, 'epoch': 7.59}
{'loss': 0.3998, 'learning_rate': 2.5738367315094146e-05, 'epoch': 7.59}
{'loss': 0.4024, 'learning_rate': 2.5695066576510967e-05, 'epoch': 7.59}
{'loss': 0.409, 'learning_rate': 2.5651765837927805e-05, 'epoch': 7.6}
{'loss': 0.3707, 'learning_rate': 2.560846509934464e-05, 'epoch': 7.6}
{'loss': 0.4172, 'learning_rate': 2.556516436076146e-05, 'epoch': 7.61}
{'loss': 0.3816, 'learning_rate': 2.55218636221783e-05, 'epoch': 7.61}
{'loss': 0.4264, 'learning_rate': 2.5478562883595138e-05, 'epoch': 7.61}
{'loss': 0.4228, 'learning_rate': 2.5435262145011955e-05, 'epoch': 7.62}
{'loss': 0.3843, 'learning_rate': 2.5391961406428794e-05, 'epoch': 7.62}
{'loss': 0.3947, 'learning_rate': 2.5348660667845632e-05, 'epoch': 7.63}
{'loss': 0.3936, 'learning_rate': 2.530535992926245e-05, 'epoch': 7.63}
{'loss': 0.4003, 'learning_rate': 2.5262059190679294e-05, 'epoch': 7.64}
{'loss': 0.3941, 'learning_rate': 2.5218758452096126e-05, 'epoch': 7.64}
{'loss': 0.4216, 'learning_rate': 2.517545771351295e-05, 'epoch': 7.64}
{'loss': 0.3908, 'learning_rate': 2.5132156974929782e-05, 'epoch': 7.65}
{'loss': 0.3728, 'learning_rate': 2.508885623634661e-05, 'epoch': 7.65}
{'loss': 0.4002, 'learning_rate': 2.5045555497763445e-05, 'epoch': 7.66}
{'loss': 0.3895, 'learning_rate': 2.5002254759180276e-05, 'epoch': 7.66}
{'loss': 0.3834, 'learning_rate': 2.4958954020597104e-05, 'epoch': 7.66}
{'loss': 0.4316, 'learning_rate': 2.491565328201394e-05, 'epoch': 7.67}
{'loss': 0.359, 'learning_rate': 2.4872352543430773e-05, 'epoch': 7.67}
{'loss': 0.4164, 'learning_rate': 2.4829051804847598e-05, 'epoch': 7.68}
{'loss': 0.3997, 'learning_rate': 2.4785751066264433e-05, 'epoch': 7.68}
{'loss': 0.3804, 'learning_rate': 2.474245032768127e-05, 'epoch': 7.68}
{'loss': 0.3875, 'learning_rate': 2.4699149589098095e-05, 'epoch': 7.69}
{'loss': 0.3637, 'learning_rate': 2.465584885051493e-05, 'epoch': 7.69}
{'loss': 0.3852, 'learning_rate': 2.4612548111931755e-05, 'epoch': 7.7}
{'loss': 0.3926, 'learning_rate': 2.456924737334859e-05, 'epoch': 7.7}
{'loss': 0.3864, 'learning_rate': 2.4525946634765424e-05, 'epoch': 7.7}
{'loss': 0.3688, 'learning_rate': 2.448264589618225e-05, 'epoch': 7.71}
{'loss': 0.4024, 'learning_rate': 2.4439345157599084e-05, 'epoch': 7.71}
{'loss': 0.436, 'learning_rate': 2.439604441901592e-05, 'epoch': 7.72}
{'loss': 0.3948, 'learning_rate': 2.4352743680432743e-05, 'epoch': 7.72}
{'loss': 0.3773, 'learning_rate': 2.4309442941849578e-05, 'epoch': 7.72}
{'loss': 0.3904, 'learning_rate': 2.4267008218038077e-05, 'epoch': 7.73}
{'loss': 0.3589, 'learning_rate': 2.42237074794549e-05, 'epoch': 7.73}
{'loss': 0.3668, 'learning_rate': 2.4180406740871736e-05, 'epoch': 7.74}
{'loss': 0.4347, 'learning_rate': 2.4137106002288574e-05, 'epoch': 7.74}
{'loss': 0.36, 'learning_rate': 2.4093805263705395e-05, 'epoch': 7.75}
{'loss': 0.388, 'learning_rate': 2.4050504525122233e-05, 'epoch': 7.75}
{'loss': 0.4327, 'learning_rate': 2.4007203786539058e-05, 'epoch': 7.75}
{'loss': 0.3852, 'learning_rate': 2.3963903047955893e-05, 'epoch': 7.76}
{'loss': 0.3877, 'learning_rate': 2.3920602309372727e-05, 'epoch': 7.76}
{'loss': 0.3542, 'learning_rate': 2.3877301570789552e-05, 'epoch': 7.77}
{'loss': 0.4201, 'learning_rate': 2.3834000832206387e-05, 'epoch': 7.77}
{'loss': 0.4002, 'learning_rate': 2.379070009362322e-05, 'epoch': 7.77}
{'loss': 0.3871, 'learning_rate': 2.3747399355040046e-05, 'epoch': 7.78}
{'loss': 0.3595, 'learning_rate': 2.370409861645688e-05, 'epoch': 7.78}
{'loss': 0.3804, 'learning_rate': 2.3660797877873716e-05, 'epoch': 7.79}
{'loss': 0.4107, 'learning_rate': 2.361749713929054e-05, 'epoch': 7.79}
{'loss': 0.3884, 'learning_rate': 2.357419640070738e-05, 'epoch': 7.79}
{'loss': 0.3858, 'learning_rate': 2.35308956621242e-05, 'epoch': 7.8}
{'loss': 0.3577, 'learning_rate': 2.3487594923541038e-05, 'epoch': 7.8}
{'loss': 0.3986, 'learning_rate': 2.3444294184957873e-05, 'epoch': 7.81}
{'loss': 0.4123, 'learning_rate': 2.3400993446374697e-05, 'epoch': 7.81}
{'loss': 0.3907, 'learning_rate': 2.3357692707791532e-05, 'epoch': 7.81}
{'loss': 0.3756, 'learning_rate': 2.3314391969208367e-05, 'epoch': 7.82}
{'loss': 0.387, 'learning_rate': 2.327109123062519e-05, 'epoch': 7.82}
{'loss': 0.4024, 'learning_rate': 2.3227790492042026e-05, 'epoch': 7.83}
{'loss': 0.3941, 'learning_rate': 2.318448975345886e-05, 'epoch': 7.83}
{'loss': 0.3837, 'learning_rate': 2.3141189014875685e-05, 'epoch': 7.83}
{'loss': 0.3539, 'learning_rate': 2.309788827629252e-05, 'epoch': 7.84}
{'loss': 0.3598, 'learning_rate': 2.3054587537709345e-05, 'epoch': 7.84}
{'loss': 0.3738, 'learning_rate': 2.3011286799126183e-05, 'epoch': 7.85}
{'loss': 0.4038, 'learning_rate': 2.2967986060543018e-05, 'epoch': 7.85}
{'loss': 0.3925, 'learning_rate': 2.2924685321959842e-05, 'epoch': 7.86}
{'loss': 0.3815, 'learning_rate': 2.2881384583376677e-05, 'epoch': 7.86}
{'loss': 0.3984, 'learning_rate': 2.283808384479351e-05, 'epoch': 7.86}
{'loss': 0.4343, 'learning_rate': 2.2794783106210336e-05, 'epoch': 7.87}
{'loss': 0.3724, 'learning_rate': 2.275148236762717e-05, 'epoch': 7.87}
{'loss': 0.3727, 'learning_rate': 2.2708181629044006e-05, 'epoch': 7.88}
{'loss': 0.3821, 'learning_rate': 2.266488089046083e-05, 'epoch': 7.88}
{'loss': 0.4049, 'learning_rate': 2.2621580151877665e-05, 'epoch': 7.88}
{'loss': 0.3948, 'learning_rate': 2.2578279413294503e-05, 'epoch': 7.89}
{'loss': 0.3833, 'learning_rate': 2.2534978674711328e-05, 'epoch': 7.89}
{'loss': 0.3917, 'learning_rate': 2.2491677936128163e-05, 'epoch': 7.9}
{'loss': 0.4015, 'learning_rate': 2.2448377197544987e-05, 'epoch': 7.9}
{'loss': 0.3997, 'learning_rate': 2.2405076458961822e-05, 'epoch': 7.9}
{'loss': 0.4068, 'learning_rate': 2.2361775720378657e-05, 'epoch': 7.91}
{'loss': 0.4035, 'learning_rate': 2.231847498179548e-05, 'epoch': 7.91}
{'loss': 0.4264, 'learning_rate': 2.2275174243212316e-05, 'epoch': 7.92}
{'loss': 0.3817, 'learning_rate': 2.223187350462915e-05, 'epoch': 7.92}
{'loss': 0.3981, 'learning_rate': 2.2188572766045975e-05, 'epoch': 7.92}
{'loss': 0.3993, 'learning_rate': 2.214527202746281e-05, 'epoch': 7.93}
{'loss': 0.3667, 'learning_rate': 2.2101971288879648e-05, 'epoch': 7.93}
{'loss': 0.369, 'learning_rate': 2.205867055029647e-05, 'epoch': 7.94}
{'loss': 0.3621, 'learning_rate': 2.2015369811713308e-05, 'epoch': 7.94}
{'loss': 0.4222, 'learning_rate': 2.1972069073130132e-05, 'epoch': 7.94}
{'loss': 0.3992, 'learning_rate': 2.1928768334546967e-05, 'epoch': 7.95}
{'loss': 0.3798, 'learning_rate': 2.1885467595963802e-05, 'epoch': 7.95}
{'loss': 0.3798, 'learning_rate': 2.1842166857380626e-05, 'epoch': 7.96}
{'loss': 0.4159, 'learning_rate': 2.179886611879746e-05, 'epoch': 7.96}
{'loss': 0.3725, 'learning_rate': 2.1755565380214296e-05, 'epoch': 7.97}
{'loss': 0.4198, 'learning_rate': 2.171226464163112e-05, 'epoch': 7.97}
{'loss': 0.3998, 'learning_rate': 2.1668963903047955e-05, 'epoch': 7.97}
{'loss': 0.3846, 'learning_rate': 2.162566316446479e-05, 'epoch': 7.98}
{'loss': 0.3692, 'learning_rate': 2.1582362425881615e-05, 'epoch': 7.98}
{'loss': 0.3881, 'learning_rate': 2.1539061687298453e-05, 'epoch': 7.99}
{'loss': 0.3919, 'learning_rate': 2.1495760948715274e-05, 'epoch': 7.99}
{'loss': 0.3645, 'learning_rate': 2.1452460210132112e-05, 'epoch': 7.99}
{'loss': 0.3891, 'learning_rate': 2.1409159471548947e-05, 'epoch': 8.0}
[INFO|trainer.py:520] 2026-10-04 16:04:12,489 >> The following columns in the evaluation set  don't have a corresponding argument in `PETLEncModel.forward` and have been ignored: premise, idx, hypothesis.
[INFO|trainer.py:2179] 2026-10-04 16:04:12,491 >> ***** Running Evaluation *****
[INFO|trainer.py:2181] 2026-10-04 16:04:12,491 >>   Num examples = 9815
[INFO|trainer.py:2184] 2026-10-04 16:04:12,491 >>   Batch size = 32
{'eval_loss': 0.38072118163108826, 'eval_accuracy': 0.8631686194600102, 'eval_runtime': 14.8264, 'eval_samples_per_second': 661.993, 'eval_steps_per_second': 20.706, 'epoch': 8.0}
[INFO|trainer.py:1933] 2026-10-04 16:04:27,318 >> Saving model checkpoint to checkpoints/glue/mnli/20261004/glue.mnli.prefix.am_prefix.ao_concat.fm_none.fo_parallel.abn.fbn.ac_add.fl_none.finit_lora.fs_4.unfrz_ef_.ne10.warm0.06.wd0.1.seed2./checkpoint-98176
[INFO|configuration_utils.py:364] 2026-10-04 16:04:27,320 >> Configuration saved in checkpoints/glue/mnli/20261004/glue.mnli.prefix.am_prefix.ao_concat.fm_none.fo_parallel.abn.fbn.ac_add.fl_none.finit_lora.fs_4.unfrz_ef_.ne10.warm0.06.wd0.1.seed2./checkpoint-98176/config.json
[INFO|modeling_utils.py:898] 2026-10-04 16:04:27,749 >> Model weights saved in checkpoints/glue/mnli/20261004/glue.mnli.prefix.am_prefix.ao_concat.fm_none.fo_parallel.abn.fbn.ac_add.fl_none.finit_lora.fs_4.unfrz_ef_.ne10.warm0.06.wd0.1.seed2./checkpoint-98176/pytorch_model.bin
[INFO|tokenization_utils_base.py:1948] 2026-10-04 16:04:27,750 >> tokenizer config file saved in checkpoints/glue/mnli/20261004/glue.mnli.prefix.am_prefix.ao_concat.fm_none.fo_parallel.abn.fbn.ac_add.fl_none.finit_lora.fs_4.unfrz_ef_.ne10.warm0.06.wd0.1.seed2./checkpoint-98176/tokenizer_config.json
[INFO|tokenization_utils_base.py:1954] 2026-10-04 16:04:27,751 >> Special tokens file saved in checkpoints/glue/mnli/20261004/glue.mnli.prefix.am_prefix.ao_concat.fm_none.fo_parallel.abn.fbn.ac_add.fl_none.finit_lora.fs_4.unfrz_ef_.ne10.warm0.06.wd0.1.seed2./checkpoint-98176/special_tokens_map.json
[INFO|trainer.py:2009] 2026-10-04 16:04:27,916 >> Deleting older checkpoint [checkpoints/glue/mnli/20261004/glue.mnli.prefix.am_prefix.ao_concat.fm_none.fo_parallel.abn.fbn.ac_add.fl_none.finit_lora.fs_4.unfrz_ef_.ne10.warm0.06.wd0.1.seed2./checkpoint-73632] due to args.save_total_limit
/work/unify-parameter-efficient-tuning/src/transformers/trainer.py:1784: FutureWarning: `torch.cuda.amp.autocast(args...)` is deprecated. Please use `torch.amp.autocast('cuda', args...)` instead.
  with autocast():
{'loss': 0.3689, 'learning_rate': 2.136585873296577e-05, 'epoch': 8.0}
{'loss': 0.3947, 'learning_rate': 2.1322557994382606e-05, 'epoch': 8.01}
{'loss': 0.4186, 'learning_rate': 2.127925725579944e-05, 'epoch': 8.01}
{'loss': 0.3622, 'learning_rate': 2.1235956517216265e-05, 'epoch': 8.01}
{'loss': 0.3849, 'learning_rate': 2.11926557786331e-05, 'epoch': 8.02}
{'loss': 0.373, 'learning_rate': 2.1149355040049935e-05, 'epoch': 8.02}
{'loss': 0.3897, 'learning_rate': 2.110605430146676e-05, 'epoch': 8.03}
{'loss': 0.3813, 'learning_rate': 2.1062753562883594e-05, 'epoch': 8.03}
{'loss': 0.3936, 'learning_rate': 2.1019452824300432e-05, 'epoch': 8.03}
{'loss': 0.3737, 'learning_rate': 2.0976152085717257e-05, 'epoch': 8.04}
{'loss': 0.3914, 'learning_rate': 2.0932851347134092e-05, 'epoch': 8.04}
{'loss': 0.3839, 'learning_rate': 2.0889550608550916e-05, 'epoch': 8.05}
{'loss': 0.3763, 'learning_rate': 2.084624986996775e-05, 'epoch': 8.05}
{'loss': 0.414, 'learning_rate': 2.0802949131384586e-05, 'epoch': 8.05}
{'loss': 0.3911, 'learning_rate': 2.075964839280141e-05, 'epoch': 8.06}
{'loss': 0.3815, 'learning_rate': 2.0716347654218245e-05, 'epoch': 8.06}
{'loss': 0.3566, 'learning_rate': 2.067304691563508e-05, 'epoch': 8.07}
{'loss': 0.3886, 'learning_rate': 2.0629746177051905e-05, 'epoch': 8.07}
{'loss': 0.3954, 'learning_rate': 2.058644543846874e-05, 'epoch': 8.08}
{'loss': 0.3748, 'learning_rate': 2.0543144699885578e-05, 'epoch': 8.08}
{'loss': 0.3866, 'learning_rate': 2.04998439613024e-05, 'epoch': 8.08}
{'loss': 0.367, 'learning_rate': 2.0456543222719237e-05, 'epoch': 8.09}
{'loss': 0.3739, 'learning_rate': 2.041324248413606e-05, 'epoch': 8.09}
{'loss': 0.3779, 'learning_rate': 2.0369941745552896e-05, 'epoch': 8.1}
{'loss': 0.4025, 'learning_rate': 2.032664100696973e-05, 'epoch': 8.1}
{'loss': 0.4052, 'learning_rate': 2.0283340268386556e-05, 'epoch': 8.1}
{'loss': 0.3761, 'learning_rate': 2.024003952980339e-05, 'epoch': 8.11}
{'loss': 0.3519, 'learning_rate': 2.0196738791220225e-05, 'epoch': 8.11}
{'loss': 0.3656, 'learning_rate': 2.015343805263705e-05, 'epoch': 8.12}
{'loss': 0.3878, 'learning_rate': 2.0110137314053884e-05, 'epoch': 8.12}
{'loss': 0.4049, 'learning_rate': 2.006683657547072e-05, 'epoch': 8.12}
{'loss': 0.3908, 'learning_rate': 2.0023535836887544e-05, 'epoch': 8.13}
{'loss': 0.4051, 'learning_rate': 1.9980235098304382e-05, 'epoch': 8.13}
{'loss': 0.3582, 'learning_rate': 1.9936934359721217e-05, 'epoch': 8.14}
{'loss': 0.3814, 'learning_rate': 1.989363362113804e-05, 'epoch': 8.14}
{'loss': 0.3824, 'learning_rate': 1.9850332882554876e-05, 'epoch': 8.14}
{'loss': 0.3907, 'learning_rate': 1.98070321439717e-05, 'epoch': 8.15}
{'loss': 0.404, 'learning_rate': 1.9763731405388535e-05, 'epoch': 8.15}
{'loss': 0.3785, 'learning_rate': 1.972043066680537e-05, 'epoch': 8.16}
{'loss': 0.3646, 'learning_rate': 1.9677129928222195e-05, 'epoch': 8.16}
{'loss': 0.3683, 'learning_rate': 1.963382918963903e-05, 'epoch': 8.16}
{'loss': 0.366, 'learning_rate': 1.9590528451055864e-05, 'epoch': 8.17}
{'loss': 0.3613, 'learning_rate': 1.954722771247269e-05, 'epoch': 8.17}
{'loss': 0.3914, 'learning_rate': 1.9504792988661188e-05, 'epoch': 8.18}
{'loss': 0.3858, 'learning_rate': 1.9461492250078022e-05, 'epoch': 8.18}
{'loss': 0.3874, 'learning_rate': 1.9418191511494847e-05, 'epoch': 8.19}
{'loss': 0.414, 'learning_rate': 1.9374890772911685e-05, 'epoch': 8.19}
{'loss': 0.3788, 'learning_rate': 1.9331590034328506e-05, 'epoch': 8.19}
{'loss': 0.3729, 'learning_rate': 1.9288289295745344e-05, 'epoch': 8.2}
{'loss': 0.3929, 'learning_rate': 1.924498855716218e-05, 'epoch': 8.2}
{'loss': 0.3875, 'learning_rate': 1.9201687818579004e-05, 'epoch': 8.21}
{'loss': 0.3922, 'learning_rate': 1.915838707999584e-05, 'epoch': 8.21}
{'loss': 0.36, 'learning_rate': 1.9115086341412673e-05, 'epoch': 8.21}
{'loss': 0.374, 'learning_rate': 1.9071785602829498e-05, 'epoch': 8.22}
{'loss': 0.3598, 'learning_rate': 1.9028484864246333e-05, 'epoch': 8.22}
{'loss': 0.373, 'learning_rate': 1.8985184125663167e-05, 'epoch': 8.23}
{'loss': 0.3448, 'learning_rate': 1.8941883387079992e-05, 'epoch': 8.23}
{'loss': 0.3713, 'learning_rate': 1.8898582648496827e-05, 'epoch': 8.23}
{'loss': 0.3882, 'learning_rate': 1.8855281909913665e-05, 'epoch': 8.24}
{'loss': 0.3892, 'learning_rate': 1.881198117133049e-05, 'epoch': 8.24}
{'loss': 0.4073, 'learning_rate': 1.8768680432747324e-05, 'epoch': 8.25}
{'loss': 0.3788, 'learning_rate': 1.872537969416415e-05, 'epoch': 8.25}
{'loss': 0.3705, 'learning_rate': 1.8682078955580984e-05, 'epoch': 8.25}
{'loss': 0.4203, 'learning_rate': 1.8638778216997818e-05, 'epoch': 8.26}
{'loss': 0.3888, 'learning_rate': 1.8595477478414643e-05, 'epoch': 8.26}
{'loss': 0.3735, 'learning_rate': 1.8552176739831478e-05, 'epoch': 8.27}
{'loss': 0.3847, 'learning_rate': 1.8508876001248312e-05, 'epoch': 8.27}
{'loss': 0.4094, 'learning_rate': 1.8465575262665137e-05, 'epoch': 8.27}
{'loss': 0.3898, 'learning_rate': 1.8422274524081972e-05, 'epoch': 8.28}
{'loss': 0.378, 'learning_rate': 1.837897378549881e-05, 'epoch': 8.28}
{'loss': 0.3957, 'learning_rate': 1.833567304691563e-05, 'epoch': 8.29}
{'loss': 0.3921, 'learning_rate': 1.829237230833247e-05, 'epoch': 8.29}
{'loss': 0.3736, 'learning_rate': 1.8249071569749294e-05, 'epoch': 8.3}
{'loss': 0.3789, 'learning_rate': 1.820577083116613e-05, 'epoch': 8.3}
{'loss': 0.3827, 'learning_rate': 1.8162470092582963e-05, 'epoch': 8.3}
{'loss': 0.3696, 'learning_rate': 1.8119169353999788e-05, 'epoch': 8.31}
{'loss': 0.3706, 'learning_rate': 1.8075868615416623e-05, 'epoch': 8.31}
{'loss': 0.3674, 'learning_rate': 1.8032567876833457e-05, 'epoch': 8.32}
{'loss': 0.3684, 'learning_rate': 1.7990133153021946e-05, 'epoch': 8.32}
{'loss': 0.4036, 'learning_rate': 1.794683241443878e-05, 'epoch': 8.32}
{'loss': 0.4013, 'learning_rate': 1.7903531675855616e-05, 'epoch': 8.33}
{'loss': 0.3996, 'learning_rate': 1.786023093727244e-05, 'epoch': 8.33}
{'loss': 0.3664, 'learning_rate': 1.7816930198689275e-05, 'epoch': 8.34}
{'loss': 0.3606, 'learning_rate': 1.777362946010611e-05, 'epoch': 8.34}
{'loss': 0.3749, 'learning_rate': 1.7730328721522934e-05, 'epoch': 8.34}
{'loss': 0.3677, 'learning_rate': 1.7687027982939772e-05, 'epoch': 8.35}
{'loss': 0.3498, 'learning_rate': 1.7643727244356594e-05, 'epoch': 8.35}
{'loss': 0.3606, 'learning_rate': 1.7600426505773432e-05, 'epoch': 8.36}
{'loss': 0.3835, 'learning_rate': 1.7557125767190266e-05, 'epoch': 8.36}
{'loss': 0.3808, 'learning_rate': 1.751382502860709e-05, 'epoch': 8.36}
{'loss': 0.3749, 'learning_rate': 1.7470524290023926e-05, 'epoch': 8.37}
{'loss': 0.3528, 'learning_rate': 1.742722355144076e-05, 'epoch': 8.37}
{'loss': 0.3799, 'learning_rate': 1.7383922812857585e-05, 'epoch': 8.38}
{'loss': 0.3938, 'learning_rate': 1.734062207427442e-05, 'epoch': 8.38}
{'loss': 0.3527, 'learning_rate': 1.7297321335691255e-05, 'epoch': 8.38}
{'loss': 0.4143, 'learning_rate': 1.725402059710808e-05, 'epoch': 8.39}
{'loss': 0.4068, 'learning_rate': 1.7210719858524914e-05, 'epoch': 8.39}
{'loss': 0.3662, 'learning_rate': 1.716741911994174e-05, 'epoch': 8.4}
{'loss': 0.3906, 'learning_rate': 1.7124118381358577e-05, 'epoch': 8.4}
{'loss': 0.3804, 'learning_rate': 1.708081764277541e-05, 'epoch': 8.41}
{'loss': 0.3686, 'learning_rate': 1.7037516904192236e-05, 'epoch': 8.41}
{'loss': 0.3869, 'learning_rate': 1.699421616560907e-05, 'epoch': 8.41}
{'loss': 0.3742, 'learning_rate': 1.6950915427025906e-05, 'epoch': 8.42}
{'loss': 0.3933, 'learning_rate': 1.690761468844273e-05, 'epoch': 8.42}
{'loss': 0.3672, 'learning_rate': 1.6864313949859565e-05, 'epoch': 8.43}
{'loss': 0.3967, 'learning_rate': 1.68210132112764e-05, 'epoch': 8.43}
{'loss': 0.3551, 'learning_rate': 1.6777712472693224e-05, 'epoch': 8.43}
{'loss': 0.423, 'learning_rate': 1.673441173411006e-05, 'epoch': 8.44}
{'loss': 0.3735, 'learning_rate': 1.6691110995526884e-05, 'epoch': 8.44}
{'loss': 0.3828, 'learning_rate': 1.6647810256943722e-05, 'epoch': 8.45}
{'loss': 0.31, 'learning_rate': 1.6604509518360557e-05, 'epoch': 8.45}
{'loss': 0.3645, 'learning_rate': 1.656120877977738e-05, 'epoch': 8.45}
{'loss': 0.4124, 'learning_rate': 1.6517908041194216e-05, 'epoch': 8.46}
{'loss': 0.3617, 'learning_rate': 1.647460730261105e-05, 'epoch': 8.46}
{'loss': 0.3666, 'learning_rate': 1.6431306564027875e-05, 'epoch': 8.47}
{'loss': 0.4105, 'learning_rate': 1.638800582544471e-05, 'epoch': 8.47}
{'loss': 0.4154, 'learning_rate': 1.6344705086861545e-05, 'epoch': 8.47}
{'loss': 0.3655, 'learning_rate': 1.630140434827837e-05, 'epoch': 8.48}
{'loss': 0.3735, 'learning_rate': 1.6258103609695204e-05, 'epoch': 8.48}
{'loss': 0.3766, 'learning_rate': 1.6214802871112042e-05, 'epoch': 8.49}
{'loss': 0.3824, 'learning_rate': 1.6171502132528863e-05, 'epoch': 8.49}
{'loss': 0.4197, 'learning_rate': 1.61282013939457e-05, 'epoch': 8.49}
{'loss': 0.376, 'learning_rate': 1.6084900655362526e-05, 'epoch': 8.5}
{'loss': 0.3951, 'learning_rate': 1.604159991677936e-05, 'epoch': 8.5}
{'loss': 0.3856, 'learning_rate': 1.5998299178196196e-05, 'epoch': 8.51}
{'loss': 0.3736, 'learning_rate': 1.595499843961302e-05, 'epoch': 8.51}
{'loss': 0.3528, 'learning_rate': 1.5911697701029855e-05, 'epoch': 8.52}
{'loss': 0.3528, 'learning_rate': 1.586839696244669e-05, 'epoch': 8.52}
{'loss': 0.3759, 'learning_rate': 1.5825096223863514e-05, 'epoch': 8.52}
{'loss': 0.3889, 'learning_rate': 1.578179548528035e-05, 'epoch': 8.53}
{'loss': 0.3841, 'learning_rate': 1.5738494746697184e-05, 'epoch': 8.53}
{'loss': 0.3707, 'learning_rate': 1.569519400811401e-05, 'epoch': 8.54}
{'loss': 0.3724, 'learning_rate': 1.5651893269530847e-05, 'epoch': 8.54}
{'loss': 0.3774, 'learning_rate': 1.5608592530947668e-05, 'epoch': 8.54}
{'loss': 0.3776, 'learning_rate': 1.5565291792364506e-05, 'epoch': 8.55}
{'loss': 0.3641, 'learning_rate': 1.552199105378134e-05, 'epoch': 8.55}
{'loss': 0.3634, 'learning_rate': 1.5478690315198165e-05, 'epoch': 8.56}
{'loss': 0.3882, 'learning_rate': 1.5435389576615e-05, 'epoch': 8.56}
{'loss': 0.3816, 'learning_rate': 1.5392088838031835e-05, 'epoch': 8.56}
{'loss': 0.3762, 'learning_rate': 1.534878809944866e-05, 'epoch': 8.57}
{'loss': 0.3835, 'learning_rate': 1.5305487360865494e-05, 'epoch': 8.57}
{'loss': 0.3785, 'learning_rate': 1.5262186622282332e-05, 'epoch': 8.58}
{'loss': 0.3653, 'learning_rate': 1.5218885883699157e-05, 'epoch': 8.58}
{'loss': 0.3758, 'learning_rate': 1.5175585145115992e-05, 'epoch': 8.58}
{'loss': 0.383, 'learning_rate': 1.5132284406532815e-05, 'epoch': 8.59}
{'loss': 0.3794, 'learning_rate': 1.5089849682721317e-05, 'epoch': 8.59}
{'loss': 0.3759, 'learning_rate': 1.504654894413815e-05, 'epoch': 8.6}
{'loss': 0.3635, 'learning_rate': 1.5003248205554973e-05, 'epoch': 8.6}
{'loss': 0.4164, 'learning_rate': 1.495994746697181e-05, 'epoch': 8.6}
{'loss': 0.3791, 'learning_rate': 1.4916646728388644e-05, 'epoch': 8.61}
{'loss': 0.3707, 'learning_rate': 1.4873345989805468e-05, 'epoch': 8.61}
{'loss': 0.378, 'learning_rate': 1.4830045251222305e-05, 'epoch': 8.62}
{'loss': 0.3352, 'learning_rate': 1.478674451263914e-05, 'epoch': 8.62}
{'loss': 0.3648, 'learning_rate': 1.4743443774055964e-05, 'epoch': 8.63}
{'loss': 0.3727, 'learning_rate': 1.4700143035472799e-05, 'epoch': 8.63}
{'loss': 0.3888, 'learning_rate': 1.4656842296889635e-05, 'epoch': 8.63}
{'loss': 0.3756, 'learning_rate': 1.461354155830646e-05, 'epoch': 8.64}
{'loss': 0.3713, 'learning_rate': 1.4570240819723293e-05, 'epoch': 8.64}
{'loss': 0.3665, 'learning_rate': 1.452694008114012e-05, 'epoch': 8.65}
{'loss': 0.362, 'learning_rate': 1.4483639342556954e-05, 'epoch': 8.65}
{'loss': 0.3712, 'learning_rate': 1.4440338603973789e-05, 'epoch': 8.65}
{'loss': 0.3796, 'learning_rate': 1.4397037865390613e-05, 'epoch': 8.66}
{'loss': 0.3527, 'learning_rate': 1.4353737126807452e-05, 'epoch': 8.66}
{'loss': 0.4006, 'learning_rate': 1.4310436388224285e-05, 'epoch': 8.67}
{'loss': 0.3947, 'learning_rate': 1.426713564964111e-05, 'epoch': 8.67}
{'loss': 0.3945, 'learning_rate': 1.4223834911057942e-05, 'epoch': 8.67}
{'loss': 0.3633, 'learning_rate': 1.418053417247478e-05, 'epoch': 8.68}
{'loss': 0.3693, 'learning_rate': 1.4137233433891603e-05, 'epoch': 8.68}
{'loss': 0.3891, 'learning_rate': 1.409393269530844e-05, 'epoch': 8.69}
{'loss': 0.3918, 'learning_rate': 1.4050631956725263e-05, 'epoch': 8.69}
{'loss': 0.3581, 'learning_rate': 1.4007331218142101e-05, 'epoch': 8.69}
{'loss': 0.3839, 'learning_rate': 1.3964030479558934e-05, 'epoch': 8.7}
{'loss': 0.3729, 'learning_rate': 1.3920729740975757e-05, 'epoch': 8.7}
{'loss': 0.3594, 'learning_rate': 1.3877429002392595e-05, 'epoch': 8.71}
{'loss': 0.3493, 'learning_rate': 1.3834128263809428e-05, 'epoch': 8.71}
{'loss': 0.4036, 'learning_rate': 1.3790827525226254e-05, 'epoch': 8.71}
{'loss': 0.3821, 'learning_rate': 1.3747526786643089e-05, 'epoch': 8.72}
{'loss': 0.3711, 'learning_rate': 1.3704226048059924e-05, 'epoch': 8.72}
{'loss': 0.3718, 'learning_rate': 1.3660925309476748e-05, 'epoch': 8.73}
{'loss': 0.3912, 'learning_rate': 1.3617624570893583e-05, 'epoch': 8.73}
{'loss': 0.3883, 'learning_rate': 1.3574323832310421e-05, 'epoch': 8.74}
{'loss': 0.4036, 'learning_rate': 1.3531023093727244e-05, 'epoch': 8.74}
{'loss': 0.3563, 'learning_rate': 1.3487722355144077e-05, 'epoch': 8.74}
{'loss': 0.421, 'learning_rate': 1.3444421616560904e-05, 'epoch': 8.75}
{'loss': 0.3693, 'learning_rate': 1.3401120877977738e-05, 'epoch': 8.75}
{'loss': 0.3807, 'learning_rate': 1.3357820139394575e-05, 'epoch': 8.76}
{'loss': 0.3594, 'learning_rate': 1.3314519400811398e-05, 'epoch': 8.76}
{'loss': 0.3493, 'learning_rate': 1.3271218662228236e-05, 'epoch': 8.76}
{'loss': 0.3387, 'learning_rate': 1.3227917923645069e-05, 'epoch': 8.77}
{'loss': 0.381, 'learning_rate': 1.3184617185061893e-05, 'epoch': 8.77}
{'loss': 0.4012, 'learning_rate': 1.3141316446478727e-05, 'epoch': 8.78}
{'loss': 0.3665, 'learning_rate': 1.3098015707895565e-05, 'epoch': 8.78}
{'loss': 0.3853, 'learning_rate': 1.305471496931239e-05, 'epoch': 8.78}
{'loss': 0.3835, 'learning_rate': 1.3011414230729224e-05, 'epoch': 8.79}
{'loss': 0.394, 'learning_rate': 1.2968113492146047e-05, 'epoch': 8.79}
{'loss': 0.3817, 'learning_rate': 1.2924812753562885e-05, 'epoch': 8.8}
{'loss': 0.3798, 'learning_rate': 1.2881512014979718e-05, 'epoch': 8.8}
{'loss': 0.4033, 'learning_rate': 1.2838211276396541e-05, 'epoch': 8.8}
{'loss': 0.3783, 'learning_rate': 1.279491053781338e-05, 'epoch': 8.81}
{'loss': 0.3826, 'learning_rate': 1.2751609799230212e-05, 'epoch': 8.81}
{'loss': 0.406, 'learning_rate': 1.2708309060647039e-05, 'epoch': 8.82}
{'loss': 0.3666, 'learning_rate': 1.2665008322063873e-05, 'epoch': 8.82}
{'loss': 0.3505, 'learning_rate': 1.262170758348071e-05, 'epoch': 8.82}
{'loss': 0.3945, 'learning_rate': 1.2578406844897533e-05, 'epoch': 8.83}
{'loss': 0.3897, 'learning_rate': 1.253510610631437e-05, 'epoch': 8.83}
{'loss': 0.3639, 'learning_rate': 1.2491805367731194e-05, 'epoch': 8.84}
{'loss': 0.3747, 'learning_rate': 1.2448504629148028e-05, 'epoch': 8.84}
{'loss': 0.36, 'learning_rate': 1.2405203890564863e-05, 'epoch': 8.85}
{'loss': 0.3873, 'learning_rate': 1.2361903151981688e-05, 'epoch': 8.85}
{'loss': 0.3708, 'learning_rate': 1.2318602413398523e-05, 'epoch': 8.85}
{'loss': 0.3819, 'learning_rate': 1.2275301674815359e-05, 'epoch': 8.86}
{'loss': 0.3946, 'learning_rate': 1.2232000936232184e-05, 'epoch': 8.86}
{'loss': 0.3441, 'learning_rate': 1.2188700197649018e-05, 'epoch': 8.87}
{'loss': 0.3635, 'learning_rate': 1.2145399459065853e-05, 'epoch': 8.87}
{'loss': 0.3756, 'learning_rate': 1.2102098720482678e-05, 'epoch': 8.87}
{'loss': 0.396, 'learning_rate': 1.2058797981899514e-05, 'epoch': 8.88}
{'loss': 0.3692, 'learning_rate': 1.2015497243316349e-05, 'epoch': 8.88}
{'loss': 0.3878, 'learning_rate': 1.1972196504733173e-05, 'epoch': 8.89}
{'loss': 0.3691, 'learning_rate': 1.1928895766150008e-05, 'epoch': 8.89}
{'loss': 0.3911, 'learning_rate': 1.1885595027566833e-05, 'epoch': 8.89}
{'loss': 0.3755, 'learning_rate': 1.1842294288983668e-05, 'epoch': 8.9}
{'loss': 0.3525, 'learning_rate': 1.1798993550400504e-05, 'epoch': 8.9}
{'loss': 0.3722, 'learning_rate': 1.1755692811817329e-05, 'epoch': 8.91}
{'loss': 0.3632, 'learning_rate': 1.1712392073234163e-05, 'epoch': 8.91}
{'loss': 0.4146, 'learning_rate': 1.1669091334650998e-05, 'epoch': 8.91}
{'loss': 0.3865, 'learning_rate': 1.1625790596067823e-05, 'epoch': 8.92}
{'loss': 0.3934, 'learning_rate': 1.1582489857484657e-05, 'epoch': 8.92}
{'loss': 0.3914, 'learning_rate': 1.1539189118901494e-05, 'epoch': 8.93}
{'loss': 0.3896, 'learning_rate': 1.1495888380318318e-05, 'epoch': 8.93}
{'loss': 0.3782, 'learning_rate': 1.1452587641735153e-05, 'epoch': 8.93}
{'loss': 0.3932, 'learning_rate': 1.1409286903151978e-05, 'epoch': 8.94}
{'loss': 0.3707, 'learning_rate': 1.1365986164568813e-05, 'epoch': 8.94}
{'loss': 0.3887, 'learning_rate': 1.1322685425985649e-05, 'epoch': 8.95}
{'loss': 0.3833, 'learning_rate': 1.1280250702174136e-05, 'epoch': 8.95}
{'loss': 0.3566, 'learning_rate': 1.123694996359097e-05, 'epoch': 8.96}
{'loss': 0.3849, 'learning_rate': 1.1193649225007807e-05, 'epoch': 8.96}
{'loss': 0.3546, 'learning_rate': 1.1151214501196294e-05, 'epoch': 8.96}
{'loss': 0.4166, 'learning_rate': 1.1107913762613129e-05, 'epoch': 8.97}
{'loss': 0.3857, 'learning_rate': 1.1064613024029965e-05, 'epoch': 8.97}
{'loss': 0.39, 'learning_rate': 1.1021312285446788e-05, 'epoch': 8.98}
{'loss': 0.3911, 'learning_rate': 1.0978011546863625e-05, 'epoch': 8.98}
{'loss': 0.3906, 'learning_rate': 1.093471080828046e-05, 'epoch': 8.98}
{'loss': 0.3785, 'learning_rate': 1.0891410069697284e-05, 'epoch': 8.99}
{'loss': 0.3691, 'learning_rate': 1.0848109331114119e-05, 'epoch': 8.99}
{'loss': 0.3907, 'learning_rate': 1.0804808592530943e-05, 'epoch': 9.0}
[INFO|trainer.py:520] 2026-10-04 16:12:54,689 >> The following columns in the evaluation set  don't have a corresponding argument in `PETLEncModel.forward` and have been ignored: premise, idx, hypothesis.
[INFO|trainer.py:2179] 2026-10-04 16:12:54,691 >> ***** Running Evaluation *****
[INFO|trainer.py:2181] 2026-10-04 16:12:54,691 >>   Num examples = 9815
[INFO|trainer.py:2184] 2026-10-04 16:12:54,691 >>   Batch size = 32
{'eval_loss': 0.3796643316745758, 'eval_accuracy': 0.8620478858889455, 'eval_runtime': 14.8504, 'eval_samples_per_second': 660.925, 'eval_steps_per_second': 20.673, 'epoch': 9.0}
[INFO|trainer.py:1933] 2026-10-04 16:13:09,542 >> Saving model checkpoint to checkpoints/glue/mnli/20261004/glue.mnli.prefix.am_prefix.ao_concat.fm_none.fo_parallel.abn.fbn.ac_add.fl_none.finit_lora.fs_4.unfrz_ef_.ne10.warm0.06.wd0.1.seed2./checkpoint-110448
[INFO|configuration_utils.py:364] 2026-10-04 16:13:09,543 >> Configuration saved in checkpoints/glue/mnli/20261004/glue.mnli.prefix.am_prefix.ao_concat.fm_none.fo_parallel.abn.fbn.ac_add.fl_none.finit_lora.fs_4.unfrz_ef_.ne10.warm0.06.wd0.1.seed2./checkpoint-110448/config.json
[INFO|modeling_utils.py:898] 2026-10-04 16:13:09,896 >> Model weights saved in checkpoints/glue/mnli/20261004/glue.mnli.prefix.am_prefix.ao_concat.fm_none.fo_parallel.abn.fbn.ac_add.fl_none.finit_lora.fs_4.unfrz_ef_.ne10.warm0.06.wd0.1.seed2./checkpoint-110448/pytorch_model.bin
[INFO|tokenization_utils_base.py:1948] 2026-10-04 16:13:09,899 >> tokenizer config file saved in checkpoints/glue/mnli/20261004/glue.mnli.prefix.am_prefix.ao_concat.fm_none.fo_parallel.abn.fbn.ac_add.fl_none.finit_lora.fs_4.unfrz_ef_.ne10.warm0.06.wd0.1.seed2./checkpoint-110448/tokenizer_config.json
[INFO|tokenization_utils_base.py:1954] 2026-10-04 16:13:09,900 >> Special tokens file saved in checkpoints/glue/mnli/20261004/glue.mnli.prefix.am_prefix.ao_concat.fm_none.fo_parallel.abn.fbn.ac_add.fl_none.finit_lora.fs_4.unfrz_ef_.ne10.warm0.06.wd0.1.seed2./checkpoint-110448/special_tokens_map.json
[INFO|trainer.py:2009] 2026-10-04 16:13:10,027 >> Deleting older checkpoint [checkpoints/glue/mnli/20261004/glue.mnli.prefix.am_prefix.ao_concat.fm_none.fo_parallel.abn.fbn.ac_add.fl_none.finit_lora.fs_4.unfrz_ef_.ne10.warm0.06.wd0.1.seed2./checkpoint-85904] due to args.save_total_limit
/work/unify-parameter-efficient-tuning/src/transformers/trainer.py:1784: FutureWarning: `torch.cuda.amp.autocast(args...)` is deprecated. Please use `torch.amp.autocast('cuda', args...)` instead.
  with autocast():
{'loss': 0.3749, 'learning_rate': 1.076150785394778e-05, 'epoch': 9.0}
{'loss': 0.4136, 'learning_rate': 1.0718207115364614e-05, 'epoch': 9.0}
{'loss': 0.4003, 'learning_rate': 1.0674906376781439e-05, 'epoch': 9.01}
{'loss': 0.3577, 'learning_rate': 1.0631605638198274e-05, 'epoch': 9.01}
{'loss': 0.3575, 'learning_rate': 1.0588304899615109e-05, 'epoch': 9.02}
{'loss': 0.39, 'learning_rate': 1.0545004161031933e-05, 'epoch': 9.02}
{'loss': 0.384, 'learning_rate': 1.050170342244877e-05, 'epoch': 9.02}
{'loss': 0.3676, 'learning_rate': 1.0458402683865604e-05, 'epoch': 9.03}
{'loss': 0.3607, 'learning_rate': 1.0415101945282429e-05, 'epoch': 9.03}
{'loss': 0.3553, 'learning_rate': 1.0371801206699264e-05, 'epoch': 9.04}
{'loss': 0.3462, 'learning_rate': 1.0328500468116088e-05, 'epoch': 9.04}
{'loss': 0.4001, 'learning_rate': 1.0285199729532923e-05, 'epoch': 9.04}
{'loss': 0.3658, 'learning_rate': 1.024189899094976e-05, 'epoch': 9.05}
{'loss': 0.3756, 'learning_rate': 1.0198598252366584e-05, 'epoch': 9.05}
{'loss': 0.3914, 'learning_rate': 1.0155297513783419e-05, 'epoch': 9.06}
{'loss': 0.34, 'learning_rate': 1.0111996775200254e-05, 'epoch': 9.06}
{'loss': 0.3821, 'learning_rate': 1.0068696036617078e-05, 'epoch': 9.07}
{'loss': 0.403, 'learning_rate': 1.0025395298033913e-05, 'epoch': 9.07}
{'loss': 0.3826, 'learning_rate': 9.98209455945075e-06, 'epoch': 9.07}
{'loss': 0.3544, 'learning_rate': 9.938793820867574e-06, 'epoch': 9.08}
{'loss': 0.3432, 'learning_rate': 9.895493082284409e-06, 'epoch': 9.08}
{'loss': 0.3698, 'learning_rate': 9.852192343701243e-06, 'epoch': 9.09}
{'loss': 0.392, 'learning_rate': 9.808891605118068e-06, 'epoch': 9.09}
{'loss': 0.3753, 'learning_rate': 9.765590866534905e-06, 'epoch': 9.09}
{'loss': 0.3811, 'learning_rate': 9.722290127951727e-06, 'epoch': 9.1}
{'loss': 0.3906, 'learning_rate': 9.678989389368564e-06, 'epoch': 9.1}
{'loss': 0.3743, 'learning_rate': 9.635688650785399e-06, 'epoch': 9.11}
{'loss': 0.3796, 'learning_rate': 9.592387912202223e-06, 'epoch': 9.11}
{'loss': 0.3588, 'learning_rate': 9.549087173619058e-06, 'epoch': 9.11}
{'loss': 0.3854, 'learning_rate': 9.505786435035894e-06, 'epoch': 9.12}
{'loss': 0.374, 'learning_rate': 9.462485696452717e-06, 'epoch': 9.12}
{'loss': 0.3906, 'learning_rate': 9.419184957869554e-06, 'epoch': 9.13}
{'loss': 0.3477, 'learning_rate': 9.375884219286389e-06, 'epoch': 9.13}
{'loss': 0.3619, 'learning_rate': 9.332583480703213e-06, 'epoch': 9.13}
{'loss': 0.3802, 'learning_rate': 9.289282742120048e-06, 'epoch': 9.14}
{'loss': 0.3597, 'learning_rate': 9.245982003536872e-06, 'epoch': 9.14}
{'loss': 0.3685, 'learning_rate': 9.202681264953709e-06, 'epoch': 9.15}
{'loss': 0.3583, 'learning_rate': 9.159380526370544e-06, 'epoch': 9.15}
{'loss': 0.3636, 'learning_rate': 9.116079787787368e-06, 'epoch': 9.15}
{'loss': 0.3818, 'learning_rate': 9.072779049204203e-06, 'epoch': 9.16}
{'loss': 0.3766, 'learning_rate': 9.02947831062104e-06, 'epoch': 9.16}
{'loss': 0.3769, 'learning_rate': 8.986177572037862e-06, 'epoch': 9.17}
{'loss': 0.3768, 'learning_rate': 8.942876833454699e-06, 'epoch': 9.17}
{'loss': 0.4046, 'learning_rate': 8.899576094871534e-06, 'epoch': 9.18}
{'loss': 0.3867, 'learning_rate': 8.856275356288358e-06, 'epoch': 9.18}
{'loss': 0.3945, 'learning_rate': 8.812974617705193e-06, 'epoch': 9.18}
{'loss': 0.3468, 'learning_rate': 8.76967387912203e-06, 'epoch': 9.19}
{'loss': 0.3513, 'learning_rate': 8.726373140538852e-06, 'epoch': 9.19}
{'loss': 0.3642, 'learning_rate': 8.683072401955689e-06, 'epoch': 9.2}
{'loss': 0.3777, 'learning_rate': 8.639771663372513e-06, 'epoch': 9.2}
{'loss': 0.3812, 'learning_rate': 8.596470924789348e-06, 'epoch': 9.2}
{'loss': 0.3925, 'learning_rate': 8.553170186206183e-06, 'epoch': 9.21}
{'loss': 0.3387, 'learning_rate': 8.509869447623007e-06, 'epoch': 9.21}
{'loss': 0.3562, 'learning_rate': 8.466568709039844e-06, 'epoch': 9.22}
{'loss': 0.3553, 'learning_rate': 8.423267970456679e-06, 'epoch': 9.22}
{'loss': 0.3641, 'learning_rate': 8.379967231873503e-06, 'epoch': 9.22}
{'loss': 0.3591, 'learning_rate': 8.336666493290338e-06, 'epoch': 9.23}
{'loss': 0.3771, 'learning_rate': 8.293365754707173e-06, 'epoch': 9.23}
{'loss': 0.366, 'learning_rate': 8.250065016123997e-06, 'epoch': 9.24}
{'loss': 0.3631, 'learning_rate': 8.206764277540834e-06, 'epoch': 9.24}
{'loss': 0.3534, 'learning_rate': 8.163463538957657e-06, 'epoch': 9.24}
{'loss': 0.382, 'learning_rate': 8.120162800374493e-06, 'epoch': 9.25}
{'loss': 0.3797, 'learning_rate': 8.076862061791328e-06, 'epoch': 9.25}
{'loss': 0.3513, 'learning_rate': 8.033561323208152e-06, 'epoch': 9.26}
{'loss': 0.3716, 'learning_rate': 7.990260584624987e-06, 'epoch': 9.26}
{'loss': 0.3488, 'learning_rate': 7.946959846041824e-06, 'epoch': 9.26}
{'loss': 0.3933, 'learning_rate': 7.903659107458648e-06, 'epoch': 9.27}
{'loss': 0.3737, 'learning_rate': 7.860358368875483e-06, 'epoch': 9.27}
{'loss': 0.3692, 'learning_rate': 7.817057630292318e-06, 'epoch': 9.28}
{'loss': 0.3314, 'learning_rate': 7.773756891709142e-06, 'epoch': 9.28}
{'loss': 0.3412, 'learning_rate': 7.730456153125979e-06, 'epoch': 9.29}
{'loss': 0.3605, 'learning_rate': 7.687155414542802e-06, 'epoch': 9.29}
{'loss': 0.37, 'learning_rate': 7.6447206907313e-06, 'epoch': 9.29}
{'loss': 0.37, 'learning_rate': 7.601419952148135e-06, 'epoch': 9.3}
{'loss': 0.331, 'learning_rate': 7.55811921356496e-06, 'epoch': 9.3}
{'loss': 0.354, 'learning_rate': 7.514818474981794e-06, 'epoch': 9.31}
{'loss': 0.3856, 'learning_rate': 7.471517736398629e-06, 'epoch': 9.31}
{'loss': 0.3727, 'learning_rate': 7.428216997815454e-06, 'epoch': 9.31}
{'loss': 0.3673, 'learning_rate': 7.3849162592322895e-06, 'epoch': 9.32}
{'loss': 0.3868, 'learning_rate': 7.341615520649125e-06, 'epoch': 9.32}
{'loss': 0.3863, 'learning_rate': 7.29831478206595e-06, 'epoch': 9.33}
{'loss': 0.3685, 'learning_rate': 7.255014043482785e-06, 'epoch': 9.33}
{'loss': 0.39, 'learning_rate': 7.21171330489962e-06, 'epoch': 9.33}
{'loss': 0.3702, 'learning_rate': 7.168412566316445e-06, 'epoch': 9.34}
{'loss': 0.3725, 'learning_rate': 7.12511182773328e-06, 'epoch': 9.34}
{'loss': 0.4033, 'learning_rate': 7.081811089150105e-06, 'epoch': 9.35}
{'loss': 0.3857, 'learning_rate': 7.038510350566939e-06, 'epoch': 9.35}
{'loss': 0.3661, 'learning_rate': 6.995209611983774e-06, 'epoch': 9.35}
{'loss': 0.3547, 'learning_rate': 6.951908873400599e-06, 'epoch': 9.36}
{'loss': 0.3762, 'learning_rate': 6.9086081348174345e-06, 'epoch': 9.36}
{'loss': 0.355, 'learning_rate': 6.86530739623427e-06, 'epoch': 9.37}
{'loss': 0.4029, 'learning_rate': 6.822006657651095e-06, 'epoch': 9.37}
{'loss': 0.3692, 'learning_rate': 6.7787059190679295e-06, 'epoch': 9.38}
{'loss': 0.3603, 'learning_rate': 6.735405180484765e-06, 'epoch': 9.38}
{'loss': 0.3669, 'learning_rate': 6.69210444190159e-06, 'epoch': 9.38}
{'loss': 0.3543, 'learning_rate': 6.648803703318425e-06, 'epoch': 9.39}
{'loss': 0.3503, 'learning_rate': 6.60550296473525e-06, 'epoch': 9.39}
{'loss': 0.3607, 'learning_rate': 6.5622022261520855e-06, 'epoch': 9.4}
{'loss': 0.3378, 'learning_rate': 6.518901487568921e-06, 'epoch': 9.4}
{'loss': 0.3705, 'learning_rate': 6.475600748985744e-06, 'epoch': 9.4}
{'loss': 0.3685, 'learning_rate': 6.4323000104025796e-06, 'epoch': 9.41}
{'loss': 0.3501, 'learning_rate': 6.388999271819415e-06, 'epoch': 9.41}
{'loss': 0.345, 'learning_rate': 6.345698533236238e-06, 'epoch': 9.42}
{'loss': 0.3491, 'learning_rate': 6.302397794653074e-06, 'epoch': 9.42}
{'loss': 0.367, 'learning_rate': 6.25909705606991e-06, 'epoch': 9.42}
{'loss': 0.3392, 'learning_rate': 6.215796317486734e-06, 'epoch': 9.43}
{'loss': 0.3539, 'learning_rate': 6.1724955789035695e-06, 'epoch': 9.43}
{'loss': 0.3774, 'learning_rate': 6.129194840320405e-06, 'epoch': 9.44}
{'loss': 0.3958, 'learning_rate': 6.08589410173723e-06, 'epoch': 9.44}
{'loss': 0.3583, 'learning_rate': 6.042593363154064e-06, 'epoch': 9.44}
{'loss': 0.362, 'learning_rate': 5.999292624570889e-06, 'epoch': 9.45}
{'loss': 0.3723, 'learning_rate': 5.955991885987725e-06, 'epoch': 9.45}
{'loss': 0.3698, 'learning_rate': 5.912691147404559e-06, 'epoch': 9.46}
{'loss': 0.3643, 'learning_rate': 5.869390408821384e-06, 'epoch': 9.46}
{'loss': 0.3873, 'learning_rate': 5.8260896702382196e-06, 'epoch': 9.46}
{'loss': 0.3865, 'learning_rate': 5.782788931655054e-06, 'epoch': 9.47}
{'loss': 0.3657, 'learning_rate': 5.739488193071879e-06, 'epoch': 9.47}
{'loss': 0.3747, 'learning_rate': 5.697053469260378e-06, 'epoch': 9.48}
{'loss': 0.3559, 'learning_rate': 5.653752730677212e-06, 'epoch': 9.48}
{'loss': 0.367, 'learning_rate': 5.610451992094037e-06, 'epoch': 9.49}
{'loss': 0.3704, 'learning_rate': 5.567151253510873e-06, 'epoch': 9.49}
{'loss': 0.3226, 'learning_rate': 5.523850514927697e-06, 'epoch': 9.49}
{'loss': 0.3702, 'learning_rate': 5.480549776344532e-06, 'epoch': 9.5}
{'loss': 0.3851, 'learning_rate': 5.4372490377613675e-06, 'epoch': 9.5}
{'loss': 0.3624, 'learning_rate': 5.393948299178192e-06, 'epoch': 9.51}
{'loss': 0.4075, 'learning_rate': 5.350647560595027e-06, 'epoch': 9.51}
{'loss': 0.3553, 'learning_rate': 5.3073468220118625e-06, 'epoch': 9.51}
{'loss': 0.4056, 'learning_rate': 5.264046083428687e-06, 'epoch': 9.52}
{'loss': 0.3623, 'learning_rate': 5.220745344845522e-06, 'epoch': 9.52}
{'loss': 0.3793, 'learning_rate': 5.1774446062623574e-06, 'epoch': 9.53}
{'loss': 0.3951, 'learning_rate': 5.134143867679182e-06, 'epoch': 9.53}
{'loss': 0.3645, 'learning_rate': 5.090843129096018e-06, 'epoch': 9.53}
{'loss': 0.3551, 'learning_rate': 5.047542390512852e-06, 'epoch': 9.54}
{'loss': 0.3655, 'learning_rate': 5.004241651929677e-06, 'epoch': 9.54}
{'loss': 0.3667, 'learning_rate': 4.960940913346513e-06, 'epoch': 9.55}
{'loss': 0.3647, 'learning_rate': 4.917640174763336e-06, 'epoch': 9.55}
{'loss': 0.3507, 'learning_rate': 4.874339436180172e-06, 'epoch': 9.55}
{'loss': 0.3929, 'learning_rate': 4.8310386975970075e-06, 'epoch': 9.56}
{'loss': 0.3644, 'learning_rate': 4.787737959013831e-06, 'epoch': 9.56}
{'loss': 0.3964, 'learning_rate': 4.744437220430667e-06, 'epoch': 9.57}
{'loss': 0.3586, 'learning_rate': 4.7011364818475025e-06, 'epoch': 9.57}
{'loss': 0.3823, 'learning_rate': 4.657835743264327e-06, 'epoch': 9.57}
{'loss': 0.3764, 'learning_rate': 4.614535004681162e-06, 'epoch': 9.58}
{'loss': 0.3851, 'learning_rate': 4.5712342660979974e-06, 'epoch': 9.58}
{'loss': 0.3881, 'learning_rate': 4.527933527514822e-06, 'epoch': 9.59}
{'loss': 0.3756, 'learning_rate': 4.484632788931657e-06, 'epoch': 9.59}
{'loss': 0.4102, 'learning_rate': 4.441332050348481e-06, 'epoch': 9.6}
{'loss': 0.3691, 'learning_rate': 4.398031311765317e-06, 'epoch': 9.6}
{'loss': 0.3854, 'learning_rate': 4.354730573182152e-06, 'epoch': 9.6}
{'loss': 0.3699, 'learning_rate': 4.311429834598976e-06, 'epoch': 9.61}
{'loss': 0.3914, 'learning_rate': 4.268129096015812e-06, 'epoch': 9.61}
{'loss': 0.3749, 'learning_rate': 4.2248283574326475e-06, 'epoch': 9.62}
{'loss': 0.3668, 'learning_rate': 4.181527618849471e-06, 'epoch': 9.62}
{'loss': 0.3709, 'learning_rate': 4.138226880266307e-06, 'epoch': 9.62}
{'loss': 0.3806, 'learning_rate': 4.0949261416831425e-06, 'epoch': 9.63}
{'loss': 0.3415, 'learning_rate': 4.051625403099966e-06, 'epoch': 9.63}
{'loss': 0.3599, 'learning_rate': 4.008324664516802e-06, 'epoch': 9.64}
{'loss': 0.3756, 'learning_rate': 3.965023925933626e-06, 'epoch': 9.64}
{'loss': 0.3622, 'learning_rate': 3.921723187350461e-06, 'epoch': 9.64}
{'loss': 0.3216, 'learning_rate': 3.878422448767297e-06, 'epoch': 9.65}
{'loss': 0.346, 'learning_rate': 3.835121710184121e-06, 'epoch': 9.65}
{'loss': 0.3707, 'learning_rate': 3.7918209716009565e-06, 'epoch': 9.66}
{'loss': 0.3714, 'learning_rate': 3.7485202330177926e-06, 'epoch': 9.66}
{'loss': 0.3675, 'learning_rate': 3.7052194944346163e-06, 'epoch': 9.66}
{'loss': 0.3557, 'learning_rate': 3.662784770623114e-06, 'epoch': 9.67}
{'loss': 0.3746, 'learning_rate': 3.61948403203995e-06, 'epoch': 9.67}
{'loss': 0.3564, 'learning_rate': 3.5761832934567744e-06, 'epoch': 9.68}
{'loss': 0.3623, 'learning_rate': 3.5328825548736096e-06, 'epoch': 9.68}
{'loss': 0.3778, 'learning_rate': 3.489581816290445e-06, 'epoch': 9.68}
{'loss': 0.3802, 'learning_rate': 3.4462810777072698e-06, 'epoch': 9.69}
{'loss': 0.3295, 'learning_rate': 3.4029803391241054e-06, 'epoch': 9.69}
{'loss': 0.3513, 'learning_rate': 3.359679600540929e-06, 'epoch': 9.7}
{'loss': 0.3484, 'learning_rate': 3.316378861957764e-06, 'epoch': 9.7}
{'loss': 0.3451, 'learning_rate': 3.2730781233745995e-06, 'epoch': 9.71}
{'loss': 0.3728, 'learning_rate': 3.229777384791424e-06, 'epoch': 9.71}
{'loss': 0.3604, 'learning_rate': 3.1864766462082597e-06, 'epoch': 9.71}
{'loss': 0.3879, 'learning_rate': 3.143175907625095e-06, 'epoch': 9.72}
{'loss': 0.3723, 'learning_rate': 3.099875169041919e-06, 'epoch': 9.72}
{'loss': 0.3857, 'learning_rate': 3.0565744304587546e-06, 'epoch': 9.73}
{'loss': 0.3805, 'learning_rate': 3.01327369187559e-06, 'epoch': 9.73}
{'loss': 0.3788, 'learning_rate': 2.9699729532924144e-06, 'epoch': 9.73}
{'loss': 0.3438, 'learning_rate': 2.9266722147092496e-06, 'epoch': 9.74}
{'loss': 0.3602, 'learning_rate': 2.8833714761260737e-06, 'epoch': 9.74}
{'loss': 0.3613, 'learning_rate': 2.8400707375429093e-06, 'epoch': 9.75}
{'loss': 0.3542, 'learning_rate': 2.7967699989597445e-06, 'epoch': 9.75}
{'loss': 0.4129, 'learning_rate': 2.7534692603765687e-06, 'epoch': 9.75}
{'loss': 0.3553, 'learning_rate': 2.7101685217934043e-06, 'epoch': 9.76}
{'loss': 0.3897, 'learning_rate': 2.6668677832102395e-06, 'epoch': 9.76}
{'loss': 0.3598, 'learning_rate': 2.623567044627064e-06, 'epoch': 9.77}
{'loss': 0.3479, 'learning_rate': 2.5802663060438992e-06, 'epoch': 9.77}
{'loss': 0.3792, 'learning_rate': 2.536965567460735e-06, 'epoch': 9.77}
{'loss': 0.3719, 'learning_rate': 2.493664828877559e-06, 'epoch': 9.78}
{'loss': 0.3667, 'learning_rate': 2.450364090294394e-06, 'epoch': 9.78}
{'loss': 0.3682, 'learning_rate': 2.4070633517112298e-06, 'epoch': 9.79}
{'loss': 0.3673, 'learning_rate': 2.363762613128054e-06, 'epoch': 9.79}
{'loss': 0.3417, 'learning_rate': 2.3204618745448896e-06, 'epoch': 9.79}
{'loss': 0.3812, 'learning_rate': 2.2771611359617137e-06, 'epoch': 9.8}
{'loss': 0.3423, 'learning_rate': 2.233860397378549e-06, 'epoch': 9.8}
{'loss': 0.3886, 'learning_rate': 2.1905596587953845e-06, 'epoch': 9.81}
{'loss': 0.391, 'learning_rate': 2.1472589202122087e-06, 'epoch': 9.81}
{'loss': 0.367, 'learning_rate': 2.1039581816290443e-06, 'epoch': 9.82}
{'loss': 0.3805, 'learning_rate': 2.0606574430458795e-06, 'epoch': 9.82}
{'loss': 0.3564, 'learning_rate': 2.0173567044627036e-06, 'epoch': 9.82}
{'loss': 0.3614, 'learning_rate': 1.9740559658795392e-06, 'epoch': 9.83}
{'loss': 0.3895, 'learning_rate': 1.9307552272963744e-06, 'epoch': 9.83}
{'loss': 0.3936, 'learning_rate': 1.887454488713199e-06, 'epoch': 9.84}
{'loss': 0.3723, 'learning_rate': 1.8441537501300344e-06, 'epoch': 9.84}
{'loss': 0.3702, 'learning_rate': 1.8017190263185217e-06, 'epoch': 9.84}
{'loss': 0.3659, 'learning_rate': 1.7584182877353569e-06, 'epoch': 9.85}
{'loss': 0.3862, 'learning_rate': 1.7151175491521923e-06, 'epoch': 9.85}
{'loss': 0.3421, 'learning_rate': 1.6718168105690168e-06, 'epoch': 9.86}
{'loss': 0.3763, 'learning_rate': 1.628516071985852e-06, 'epoch': 9.86}
{'loss': 0.355, 'learning_rate': 1.5852153334026874e-06, 'epoch': 9.86}
{'loss': 0.3633, 'learning_rate': 1.5419145948195118e-06, 'epoch': 9.87}
{'loss': 0.3741, 'learning_rate': 1.498613856236347e-06, 'epoch': 9.87}
{'loss': 0.388, 'learning_rate': 1.4553131176531826e-06, 'epoch': 9.88}
{'loss': 0.381, 'learning_rate': 1.4120123790700067e-06, 'epoch': 9.88}
{'loss': 0.362, 'learning_rate': 1.368711640486842e-06, 'epoch': 9.88}
{'loss': 0.3583, 'learning_rate': 1.3262769166753407e-06, 'epoch': 9.89}
{'loss': 0.3451, 'learning_rate': 1.2829761780921648e-06, 'epoch': 9.89}
{'loss': 0.3724, 'learning_rate': 1.2396754395090004e-06, 'epoch': 9.9}
{'loss': 0.3536, 'learning_rate': 1.1963747009258246e-06, 'epoch': 9.9}
{'loss': 0.3737, 'learning_rate': 1.1530739623426598e-06, 'epoch': 9.9}
{'loss': 0.4005, 'learning_rate': 1.1097732237594954e-06, 'epoch': 9.91}
{'loss': 0.3764, 'learning_rate': 1.0664724851763196e-06, 'epoch': 9.91}
{'loss': 0.3556, 'learning_rate': 1.023171746593155e-06, 'epoch': 9.92}
{'loss': 0.3775, 'learning_rate': 9.798710080099903e-07, 'epoch': 9.92}
{'loss': 0.3622, 'learning_rate': 9.365702694268145e-07, 'epoch': 9.93}
{'loss': 0.3433, 'learning_rate': 8.9326953084365e-07, 'epoch': 9.93}
{'loss': 0.3542, 'learning_rate': 8.499687922604855e-07, 'epoch': 9.93}
{'loss': 0.3645, 'learning_rate': 8.066680536773097e-07, 'epoch': 9.94}
{'loss': 0.3524, 'learning_rate': 7.63367315094145e-07, 'epoch': 9.94}
{'loss': 0.3587, 'learning_rate': 7.200665765109693e-07, 'epoch': 9.95}
{'loss': 0.3635, 'learning_rate': 6.767658379278047e-07, 'epoch': 9.95}
{'loss': 0.3819, 'learning_rate': 6.334650993446401e-07, 'epoch': 9.95}
{'loss': 0.3652, 'learning_rate': 5.901643607614644e-07, 'epoch': 9.96}
{'loss': 0.3801, 'learning_rate': 5.468636221782998e-07, 'epoch': 9.96}
{'loss': 0.3554, 'learning_rate': 5.035628835951352e-07, 'epoch': 9.97}
{'loss': 0.3455, 'learning_rate': 4.602621450119594e-07, 'epoch': 9.97}
{'loss': 0.3544, 'learning_rate': 4.169614064287948e-07, 'epoch': 9.97}
{'loss': 0.3498, 'learning_rate': 3.736606678456301e-07, 'epoch': 9.98}
{'loss': 0.3986, 'learning_rate': 3.303599292624544e-07, 'epoch': 9.98}
{'loss': 0.3608, 'learning_rate': 2.870591906792898e-07, 'epoch': 9.99}
{'loss': 0.3919, 'learning_rate': 2.4375845209612517e-07, 'epoch': 9.99}
{'loss': 0.3722, 'learning_rate': 2.0045771351294944e-07, 'epoch': 9.99}
{'loss': 0.3645, 'learning_rate': 1.5715697492978483e-07, 'epoch': 10.0}
[INFO|trainer.py:520] 2026-10-04 16:21:34,012 >> The following columns in the evaluation set  don't have a corresponding argument in `PETLEncModel.forward` and have been ignored: premise, idx, hypothesis.
[INFO|trainer.py:2179] 2026-10-04 16:21:34,014 >> ***** Running Evaluation *****
[INFO|trainer.py:2181] 2026-10-04 16:21:34,014 >>   Num examples = 9815
[INFO|trainer.py:2184] 2026-10-04 16:21:34,014 >>   Batch size = 32
{'eval_loss': 0.3769330680370331, 'eval_accuracy': 0.8629648497198166, 'eval_runtime': 14.8308, 'eval_samples_per_second': 661.799, 'eval_steps_per_second': 20.7, 'epoch': 10.0}
[INFO|trainer.py:1933] 2026-10-04 16:21:48,846 >> Saving model checkpoint to checkpoints/glue/mnli/20261004/glue.mnli.prefix.am_prefix.ao_concat.fm_none.fo_parallel.abn.fbn.ac_add.fl_none.finit_lora.fs_4.unfrz_ef_.ne10.warm0.06.wd0.1.seed2./checkpoint-122720
[INFO|configuration_utils.py:364] 2026-10-04 16:21:48,847 >> Configuration saved in checkpoints/glue/mnli/20261004/glue.mnli.prefix.am_prefix.ao_concat.fm_none.fo_parallel.abn.fbn.ac_add.fl_none.finit_lora.fs_4.unfrz_ef_.ne10.warm0.06.wd0.1.seed2./checkpoint-122720/config.json
[INFO|modeling_utils.py:898] 2026-10-04 16:21:49,276 >> Model weights saved in checkpoints/glue/mnli/20261004/glue.mnli.prefix.am_prefix.ao_concat.fm_none.fo_parallel.abn.fbn.ac_add.fl_none.finit_lora.fs_4.unfrz_ef_.ne10.warm0.06.wd0.1.seed2./checkpoint-122720/pytorch_model.bin
[INFO|tokenization_utils_base.py:1948] 2026-10-04 16:21:49,277 >> tokenizer config file saved in checkpoints/glue/mnli/20261004/glue.mnli.prefix.am_prefix.ao_concat.fm_none.fo_parallel.abn.fbn.ac_add.fl_none.finit_lora.fs_4.unfrz_ef_.ne10.warm0.06.wd0.1.seed2./checkpoint-122720/tokenizer_config.json
[INFO|tokenization_utils_base.py:1954] 2026-10-04 16:21:49,278 >> Special tokens file saved in checkpoints/glue/mnli/20261004/glue.mnli.prefix.am_prefix.ao_concat.fm_none.fo_parallel.abn.fbn.ac_add.fl_none.finit_lora.fs_4.unfrz_ef_.ne10.warm0.06.wd0.1.seed2./checkpoint-122720/special_tokens_map.json
[INFO|trainer.py:2009] 2026-10-04 16:21:49,453 >> Deleting older checkpoint [checkpoints/glue/mnli/20261004/glue.mnli.prefix.am_prefix.ao_concat.fm_none.fo_parallel.abn.fbn.ac_add.fl_none.finit_lora.fs_4.unfrz_ef_.ne10.warm0.06.wd0.1.seed2./checkpoint-110448] due to args.save_total_limit
[INFO|trainer.py:1382] 2026-10-04 16:21:49,458 >> 

Training completed. Do not forget to share your model on huggingface.co/models =)


[INFO|trainer.py:1390] 2026-10-04 16:21:49,458 >> Loading best model from checkpoints/glue/mnli/20261004/glue.mnli.prefix.am_prefix.ao_concat.fm_none.fo_parallel.abn.fbn.ac_add.fl_none.finit_lora.fs_4.unfrz_ef_.ne10.warm0.06.wd0.1.seed2./checkpoint-98176 (score: 0.8631686194600102).
{'train_runtime': 5193.2575, 'train_samples_per_second': 756.177, 'train_steps_per_second': 23.631, 'train_loss': 0.44935293228716394, 'epoch': 10.0}
[INFO|trainer.py:1933] 2026-10-04 16:21:49,807 >> Saving model checkpoint to checkpoints/glue/mnli/20261004/glue.mnli.prefix.am_prefix.ao_concat.fm_none.fo_parallel.abn.fbn.ac_add.fl_none.finit_lora.fs_4.unfrz_ef_.ne10.warm0.06.wd0.1.seed2.
[INFO|configuration_utils.py:364] 2026-10-04 16:21:49,808 >> Configuration saved in checkpoints/glue/mnli/20261004/glue.mnli.prefix.am_prefix.ao_concat.fm_none.fo_parallel.abn.fbn.ac_add.fl_none.finit_lora.fs_4.unfrz_ef_.ne10.warm0.06.wd0.1.seed2./config.json
[INFO|modeling_utils.py:898] 2026-10-04 16:21:50,150 >> Model weights saved in checkpoints/glue/mnli/20261004/glue.mnli.prefix.am_prefix.ao_concat.fm_none.fo_parallel.abn.fbn.ac_add.fl_none.finit_lora.fs_4.unfrz_ef_.ne10.warm0.06.wd0.1.seed2./pytorch_model.bin
[INFO|tokenization_utils_base.py:1948] 2026-10-04 16:21:50,152 >> tokenizer config file saved in checkpoints/glue/mnli/20261004/glue.mnli.prefix.am_prefix.ao_concat.fm_none.fo_parallel.abn.fbn.ac_add.fl_none.finit_lora.fs_4.unfrz_ef_.ne10.warm0.06.wd0.1.seed2./tokenizer_config.json
[INFO|tokenization_utils_base.py:1954] 2026-10-04 16:21:50,152 >> Special tokens file saved in checkpoints/glue/mnli/20261004/glue.mnli.prefix.am_prefix.ao_concat.fm_none.fo_parallel.abn.fbn.ac_add.fl_none.finit_lora.fs_4.unfrz_ef_.ne10.warm0.06.wd0.1.seed2./special_tokens_map.json
***** train metrics *****
  epoch                    =       10.0
  train_loss               =     0.4494
  train_runtime            = 1:26:33.25
  train_samples            =     392702
  train_samples_per_second =    756.177
  train_steps_per_second   =     23.631
10/04/2026 16:21:50 - INFO - __main__ -   *** Evaluate ***
[INFO|trainer.py:520] 2026-10-04 16:21:50,217 >> The following columns in the evaluation set  don't have a corresponding argument in `PETLEncModel.forward` and have been ignored: premise, idx, hypothesis.
[INFO|trainer.py:2179] 2026-10-04 16:21:50,219 >> ***** Running Evaluation *****
[INFO|trainer.py:2181] 2026-10-04 16:21:50,219 >>   Num examples = 9815
[INFO|trainer.py:2184] 2026-10-04 16:21:50,219 >>   Batch size = 32
{'eval_loss': 0.38072118163108826, 'eval_accuracy': 0.8631686194600102, 'eval_runtime': 15.0391, 'eval_samples_per_second': 652.634, 'eval_steps_per_second': 20.414, 'epoch': 10.0}
***** eval metrics *****
  epoch                   =       10.0
  eval_accuracy           =     0.8632
  eval_loss               =     0.3807
  eval_runtime            = 0:00:15.03
  eval_samples            =       9815
  eval_samples_per_second =    652.634
  eval_steps_per_second   =     20.414
[INFO|trainer.py:520] 2026-10-04 16:22:05,259 >> The following columns in the evaluation set  don't have a corresponding argument in `PETLEncModel.forward` and have been ignored: premise, idx, hypothesis.
[INFO|trainer.py:2179] 2026-10-04 16:22:05,260 >> ***** Running Evaluation *****
[INFO|trainer.py:2181] 2026-10-04 16:22:05,260 >>   Num examples = 9832
[INFO|trainer.py:2184] 2026-10-04 16:22:05,260 >>   Batch size = 32
{'eval_loss': 0.3802390992641449, 'eval_accuracy': 0.859947111472742, 'eval_runtime': 15.0445, 'eval_samples_per_second': 653.529, 'eval_steps_per_second': 20.473, 'epoch': 10.0}
***** eval metrics *****
  epoch                   =       10.0
  eval_accuracy           =     0.8599
  eval_loss               =     0.3802
  eval_runtime            = 0:00:15.04
  eval_samples            =       9815
  eval_samples_per_second =    653.529
  eval_steps_per_second   =     20.473
