checkpoints/glue/mnli/20261004/glue.mnli.prefix.am_prefix.ao_concat.fm_none.fo_parallel.abn.fbn.ac_add.fl_none.finit_lora.fs_4.unfrz_ef_.ne10.warm0.06.wd0.1.seed6.
10/04/2026 16:16:35 - WARNING - __main__ -   Process rank: -1, device: cuda:0, n_gpu: 1distributed training: False, 16-bits training: True
10/04/2026 16:16:35 - INFO - __main__ -   Training/evaluation parameters TrainingArguments(
_n_gpu=1,
adafactor=False,
adam_beta1=0.9,
adam_beta2=0.98,
adam_epsilon=1e-06,
dataloader_drop_last=False,
dataloader_num_workers=0,
dataloader_pin_memory=True,
ddp_find_unused_parameters=False,
debug=[],
deepspeed=None,
disable_tqdm=True,
do_eval=True,
do_predict=False,
do_train=True,
eval_accumulation_steps=None,
eval_steps=5000,
evaluation_strategy=IntervalStrategy.EPOCH,
fp16=True,
fp16_backend=auto,
fp16_full_eval=False,
fp16_opt_level=O1,
gradient_accumulation_steps=1,
greater_is_better=True,
group_by_length=False,
ignore_data_skip=False,
label_names=None,
label_smoothing_factor=0.0,
learning_rate=0.0001,
length_column_name=length,
load_best_model_at_end=True,
local_rank=-1,
log_level=-1,
log_level_replica=-1,
log_on_each_node=True,
logging_dir=checkpoints/glue/mnli/20261004/glue.mnli.prefix.am_prefix.ao_concat.fm_none.fo_parallel.abn.fbn.ac_add.fl_none.finit_lora.fs_4.unfrz_ef_.ne10.warm0.06.wd0.1.seed6./runs/Oct04_16-16-35_j-12410940-job-0,
logging_first_step=False,
logging_steps=50,
logging_strategy=IntervalStrategy.STEPS,
lr_scheduler_type=SchedulerType.POLYNOMIAL,
max_grad_norm=1.0,
max_steps=-1,
metric_for_best_model=accuracy,
mp_parameters=,
no_cuda=False,
num_train_epochs=10.0,
output_dir=checkpoints/glue/mnli/20261004/glue.mnli.prefix.am_prefix.ao_concat.fm_none.fo_parallel.abn.fbn.ac_add.fl_none.finit_lora.fs_4.unfrz_ef_.ne10.warm0.06.wd0.1.seed6.,
overwrite_output_dir=True,
past_index=-1,
per_device_eval_batch_size=32,
per_device_train_batch_size=32,
prediction_loss_only=False,
push_to_hub=False,
push_to_hub_model_id=glue.mnli.prefix.am_prefix.ao_concat.fm_none.fo_parallel.abn.fbn.ac_add.fl_none.finit_lora.fs_4.unfrz_ef_.ne10.warm0.06.wd0.1.seed6.,
push_to_hub_organization=None,
push_to_hub_token=None,
remove_unused_columns=True,
report_to=[],
resume_from_checkpoint=None,
run_name=mnli.20261004.glue.mnli.prefix.am_prefix.ao_concat.fm_none.fo_parallel.abn.fbn.ac_add.fl_none.finit_lora.fs_4.unfrz_ef_.ne10.warm0.06.wd0.1.seed6.,
save_steps=5000,
save_strategy=IntervalStrategy.EPOCH,
save_total_limit=2,
seed=6,
sharded_ddp=[],
skip_memory_metrics=True,
tpu_metrics_debug=False,
tpu_num_cores=None,
use_legacy_prediction_loop=False,
warmup_ratio=0.06,
warmup_steps=0,
weight_decay=0.1,
)
10/04/2026 16:16:36 - WARNING - datasets.builder -   Reusing dataset glue (checkpoints/hf_model/glue/mnli/1.0.0/dacbe3125aa31d7f70367a07a8a9e72a5a0bfeb5fc42e75c9db75b96da6053ad)
[INFO|configuration_utils.py:528] 2026-10-04 16:16:36,317 >> loading configuration file /work/unify-parameter-efficient-tuning/_setup/models/roberta-base/config.json
[INFO|configuration_utils.py:566] 2026-10-04 16:16:36,317 >> Model config RobertaConfig {
  "architectures": [
    "RobertaForMaskedLM"
  ],
  "attention_probs_dropout_prob": 0.1,
  "bos_token_id": 0,
  "eos_token_id": 2,
  "finetuning_task": "mnli",
  "gradient_checkpointing": false,
  "hidden_act": "gelu",
  "hidden_dropout_prob": 0.1,
  "hidden_size": 768,
  "id2label": {
    "0": "LABEL_0",
    "1": "LABEL_1",
    "2": "LABEL_2"
  },
  "initializer_range": 0.02,
  "intermediate_size": 3072,
  "label2id": {
    "LABEL_0": 0,
    "LABEL_1": 1,
    "LABEL_2": 2
  },
  "layer_norm_eps": 1e-05,
  "max_position_embeddings": 514,
  "model_type": "roberta",
  "num_attention_heads": 12,
  "num_hidden_layers": 12,
  "pad_token_id": 1,
  "position_embedding_type": "absolute",
  "transformers_version": "4.9.0.dev0",
  "type_vocab_size": 1,
  "use_cache": true,
  "vocab_size": 50265
}

[INFO|tokenization_auto.py:427] 2026-10-04 16:16:36,317 >> Could not locate the tokenizer configuration file, will try to use the model config instead.
[INFO|configuration_utils.py:528] 2026-10-04 16:16:36,317 >> loading configuration file /work/unify-parameter-efficient-tuning/_setup/models/roberta-base/config.json
[INFO|configuration_utils.py:566] 2026-10-04 16:16:36,317 >> Model config RobertaConfig {
  "architectures": [
    "RobertaForMaskedLM"
  ],
  "attention_probs_dropout_prob": 0.1,
  "bos_token_id": 0,
  "eos_token_id": 2,
  "gradient_checkpointing": false,
  "hidden_act": "gelu",
  "hidden_dropout_prob": 0.1,
  "hidden_size": 768,
  "initializer_range": 0.02,
  "intermediate_size": 3072,
  "layer_norm_eps": 1e-05,
  "max_position_embeddings": 514,
  "model_type": "roberta",
  "num_attention_heads": 12,
  "num_hidden_layers": 12,
  "pad_token_id": 1,
  "position_embedding_type": "absolute",
  "transformers_version": "4.9.0.dev0",
  "type_vocab_size": 1,
  "use_cache": true,
  "vocab_size": 50265
}

[INFO|tokenization_utils_base.py:1651] 2026-10-04 16:16:36,318 >> Didn't find file /work/unify-parameter-efficient-tuning/_setup/models/roberta-base/added_tokens.json. We won't load it.
[INFO|tokenization_utils_base.py:1651] 2026-10-04 16:16:36,318 >> Didn't find file /work/unify-parameter-efficient-tuning/_setup/models/roberta-base/special_tokens_map.json. We won't load it.
[INFO|tokenization_utils_base.py:1651] 2026-10-04 16:16:36,318 >> Didn't find file /work/unify-parameter-efficient-tuning/_setup/models/roberta-base/tokenizer_config.json. We won't load it.
[INFO|tokenization_utils_base.py:1715] 2026-10-04 16:16:36,318 >> loading file /work/unify-parameter-efficient-tuning/_setup/models/roberta-base/vocab.json
[INFO|tokenization_utils_base.py:1715] 2026-10-04 16:16:36,318 >> loading file /work/unify-parameter-efficient-tuning/_setup/models/roberta-base/merges.txt
[INFO|tokenization_utils_base.py:1715] 2026-10-04 16:16:36,318 >> loading file /work/unify-parameter-efficient-tuning/_setup/models/roberta-base/tokenizer.json
[INFO|tokenization_utils_base.py:1715] 2026-10-04 16:16:36,318 >> loading file None
[INFO|tokenization_utils_base.py:1715] 2026-10-04 16:16:36,318 >> loading file None
[INFO|tokenization_utils_base.py:1715] 2026-10-04 16:16:36,318 >> loading file None
[INFO|modeling_utils.py:1159] 2026-10-04 16:16:36,351 >> loading weights file /work/unify-parameter-efficient-tuning/_setup/models/roberta-base/pytorch_model.bin
============================ init weights is called! ====================================
============================ init weights is called! ====================================
[WARNING|modeling_utils.py:1336] 2026-10-04 16:16:37,476 >> Some weights of the model checkpoint at /work/unify-parameter-efficient-tuning/_setup/models/roberta-base were not used when initializing RobertaForSequenceClassification: ['lm_head.layer_norm.weight', 'lm_head.dense.weight', 'roberta.pooler.dense.bias', 'lm_head.layer_norm.bias', 'lm_head.dense.bias', 'roberta.pooler.dense.weight', 'lm_head.bias', 'lm_head.decoder.weight']
- This IS expected if you are initializing RobertaForSequenceClassification from the checkpoint of a model trained on another task or with another architecture (e.g. initializing a BertForSequenceClassification model from a BertForPreTraining model).
- This IS NOT expected if you are initializing RobertaForSequenceClassification from the checkpoint of a model that you expect to be exactly identical (initializing a BertForSequenceClassification model from a BertForSequenceClassification model).
[WARNING|modeling_utils.py:1347] 2026-10-04 16:16:37,477 >> Some weights of RobertaForSequenceClassification were not initialized from the model checkpoint at /work/unify-parameter-efficient-tuning/_setup/models/roberta-base and are newly initialized: ['classifier.dense.bias', 'classifier.out_proj.bias', 'classifier.out_proj.weight', 'classifier.dense.weight']
You should probably TRAIN this model on a down-stream task to be able to use it for predictions and inference.
10/04/2026 16:16:37 - WARNING - datasets.fingerprint -   Parameter 'function'=<function main.<locals>.preprocess_function at 0x7f614aae2e50> of the transform datasets.arrow_dataset.Dataset._map_single couldn't be hashed properly, a random hash was used instead. Make sure your transforms and parameters are serializable with pickle or dill for the dataset fingerprinting and caching to work. If you reuse this transform, the caching mechanism will consider it to be different from the previous calls and recompute everything. This warning is only showed once. Subsequent hashing failures won't be showed.
10/04/2026 16:16:37 - WARNING - datasets.arrow_dataset -   Loading cached processed dataset at checkpoints/hf_model/glue/mnli/1.0.0/dacbe3125aa31d7f70367a07a8a9e72a5a0bfeb5fc42e75c9db75b96da6053ad/cache-92e5dfe8cb1855fe.arrow
10/04/2026 16:16:37 - WARNING - datasets.arrow_dataset -   Loading cached processed dataset at checkpoints/hf_model/glue/mnli/1.0.0/dacbe3125aa31d7f70367a07a8a9e72a5a0bfeb5fc42e75c9db75b96da6053ad/cache-14a03569d26b9496.arrow
10/04/2026 16:16:37 - WARNING - datasets.arrow_dataset -   Loading cached processed dataset at checkpoints/hf_model/glue/mnli/1.0.0/dacbe3125aa31d7f70367a07a8a9e72a5a0bfeb5fc42e75c9db75b96da6053ad/cache-c320a4737c2b3abe.arrow
10/04/2026 16:16:37 - WARNING - datasets.arrow_dataset -   Loading cached processed dataset at checkpoints/hf_model/glue/mnli/1.0.0/dacbe3125aa31d7f70367a07a8a9e72a5a0bfeb5fc42e75c9db75b96da6053ad/cache-096d373742f9a039.arrow
10/04/2026 16:16:37 - WARNING - datasets.arrow_dataset -   Loading cached processed dataset at checkpoints/hf_model/glue/mnli/1.0.0/dacbe3125aa31d7f70367a07a8a9e72a5a0bfeb5fc42e75c9db75b96da6053ad/cache-254499c7001d9a88.arrow
10/04/2026 16:16:37 - INFO - __main__ -   Sample 347507 of the training set: {'attention_mask': [1, 1, 1, 1, 1, 1, 1, 1, 1, 1, 1, 1, 1, 1, 1, 1, 1, 1, 1, 1, 1, 1, 1, 1, 1, 1, 1, 1, 1, 1, 1, 1, 1, 1, 1, 1, 1, 1, 1, 1, 1, 1], 'hypothesis': 'He was getting more immature every time she saw him.', 'idx': 347507, 'input_ids': [0, 463, 172, 1302, 101, 358, 86, 79, 1224, 198, 37, 21, 66, 11600, 2682, 8, 79, 1747, 2435, 14, 47, 95, 64, 45, 109, 42, 47, 216, 2, 2, 894, 21, 562, 55, 39001, 358, 86, 79, 794, 123, 4, 2], 'label': 2, 'premise': 'and then seems like every time she turned around he was outgrowing stuff and she finally learned that you just can not do this you know'}.
10/04/2026 16:16:37 - INFO - __main__ -   Sample 307486 of the training set: {'attention_mask': [1, 1, 1, 1, 1, 1, 1, 1, 1, 1, 1, 1, 1, 1, 1, 1, 1, 1, 1, 1, 1, 1, 1, 1, 1, 1, 1, 1, 1, 1, 1, 1, 1, 1, 1, 1, 1, 1, 1, 1], 'hypothesis': 'To better serve those who visit, eateries, shops and a kids center are included.', 'idx': 307486, 'input_ids': [0, 970, 16, 10, 408, 18, 929, 8, 10, 1040, 22799, 6, 8, 10, 205, 16381, 8, 2391, 4, 2, 2, 3972, 357, 1807, 167, 54, 825, 6, 19969, 918, 6, 6464, 8, 10, 1159, 1312, 32, 1165, 4, 2], 'label': 1, 'premise': "There is a children's room and a bookshop, and a good cafe and restaurant."}.
10/04/2026 16:16:37 - INFO - __main__ -   Sample 246548 of the training set: {'attention_mask': [1, 1, 1, 1, 1, 1, 1, 1, 1, 1, 1, 1, 1, 1], 'hypothesis': 'That is not all.', 'idx': 246548, 'input_ids': [0, 2409, 14, 18, 70, 955, 2, 2, 1711, 16, 45, 70, 4, 2], 'label': 2, 'premise': "And that's all.'"}.
[INFO|trainer.py:420] 2026-10-04 16:16:38,932 >> Using amp fp16 backend
/work/unify-parameter-efficient-tuning/src/transformers/trainer.py:430: FutureWarning: `torch.cuda.amp.GradScaler(args...)` is deprecated. Please use `torch.amp.GradScaler('cuda', args...)` instead.
  self.scaler = torch.cuda.amp.GradScaler()
[INFO|trainer.py:520] 2026-10-04 16:16:38,933 >> The following columns in the training set  don't have a corresponding argument in `PETLEncModel.forward` and have been ignored: idx, hypothesis, premise.
[INFO|trainer.py:1183] 2026-10-04 16:16:39,737 >> ***** Running training *****
[INFO|trainer.py:1184] 2026-10-04 16:16:39,737 >>   Num examples = 392702
[INFO|trainer.py:1185] 2026-10-04 16:16:39,737 >>   Num Epochs = 10
[INFO|trainer.py:1186] 2026-10-04 16:16:39,737 >>   Instantaneous batch size per device = 32
[INFO|trainer.py:1187] 2026-10-04 16:16:39,737 >>   Total train batch size (w. parallel, distributed & accumulation) = 32
[INFO|trainer.py:1188] 2026-10-04 16:16:39,737 >>   Gradient Accumulation steps = 1
[INFO|trainer.py:1189] 2026-10-04 16:16:39,737 >>   Total optimization steps = 122720
/work/unify-parameter-efficient-tuning/src/transformers/trainer.py:1784: FutureWarning: `torch.cuda.amp.autocast(args...)` is deprecated. Please use `torch.amp.autocast('cuda', args...)` instead.
  with autocast():
{'loss': 1.1033, 'learning_rate': 6.789788158609453e-07, 'epoch': 0.0}
{'loss': 1.1099, 'learning_rate': 1.3579576317218905e-06, 'epoch': 0.01}
{'loss': 1.1063, 'learning_rate': 2.0369364475828354e-06, 'epoch': 0.01}
{'loss': 1.1028, 'learning_rate': 2.715915263443781e-06, 'epoch': 0.02}
{'loss': 1.1109, 'learning_rate': 3.3948940793047257e-06, 'epoch': 0.02}
{'loss': 1.1074, 'learning_rate': 4.073872895165671e-06, 'epoch': 0.02}
{'loss': 1.112, 'learning_rate': 4.752851711026616e-06, 'epoch': 0.03}
{'loss': 1.1106, 'learning_rate': 5.431830526887562e-06, 'epoch': 0.03}
{'loss': 1.1096, 'learning_rate': 6.110809342748506e-06, 'epoch': 0.04}
{'loss': 1.1069, 'learning_rate': 6.7897881586094514e-06, 'epoch': 0.04}
{'loss': 1.1098, 'learning_rate': 7.468766974470397e-06, 'epoch': 0.04}
{'loss': 1.1059, 'learning_rate': 8.147745790331342e-06, 'epoch': 0.05}
{'loss': 1.1048, 'learning_rate': 8.826724606192287e-06, 'epoch': 0.05}
{'loss': 1.1046, 'learning_rate': 9.505703422053232e-06, 'epoch': 0.06}
{'loss': 1.1018, 'learning_rate': 1.0184682237914179e-05, 'epoch': 0.06}
{'loss': 1.1027, 'learning_rate': 1.0863661053775124e-05, 'epoch': 0.07}
{'loss': 1.106, 'learning_rate': 1.1542639869636067e-05, 'epoch': 0.07}
{'loss': 1.1018, 'learning_rate': 1.2221618685497013e-05, 'epoch': 0.07}
{'loss': 1.1043, 'learning_rate': 1.2900597501357958e-05, 'epoch': 0.08}
{'loss': 1.1093, 'learning_rate': 1.3579576317218903e-05, 'epoch': 0.08}
{'loss': 1.1045, 'learning_rate': 1.4258555133079848e-05, 'epoch': 0.09}
{'loss': 1.0997, 'learning_rate': 1.4937533948940793e-05, 'epoch': 0.09}
{'loss': 1.1006, 'learning_rate': 1.561651276480174e-05, 'epoch': 0.09}
{'loss': 1.1027, 'learning_rate': 1.6295491580662683e-05, 'epoch': 0.1}
{'loss': 1.1034, 'learning_rate': 1.6974470396523627e-05, 'epoch': 0.1}
{'loss': 1.1004, 'learning_rate': 1.7639869636067356e-05, 'epoch': 0.11}
{'loss': 1.0994, 'learning_rate': 1.83188484519283e-05, 'epoch': 0.11}
{'loss': 1.1024, 'learning_rate': 1.8997827267789246e-05, 'epoch': 0.11}
{'loss': 1.0995, 'learning_rate': 1.967680608365019e-05, 'epoch': 0.12}
{'loss': 1.0995, 'learning_rate': 2.0355784899511136e-05, 'epoch': 0.12}
{'loss': 1.099, 'learning_rate': 2.103476371537208e-05, 'epoch': 0.13}
{'loss': 1.1009, 'learning_rate': 2.1713742531233027e-05, 'epoch': 0.13}
{'loss': 1.1014, 'learning_rate': 2.2392721347093974e-05, 'epoch': 0.13}
{'loss': 1.1004, 'learning_rate': 2.3071700162954917e-05, 'epoch': 0.14}
{'loss': 1.1015, 'learning_rate': 2.3750678978815864e-05, 'epoch': 0.14}
{'loss': 1.0997, 'learning_rate': 2.4429657794676807e-05, 'epoch': 0.15}
{'loss': 1.0992, 'learning_rate': 2.510863661053775e-05, 'epoch': 0.15}
{'loss': 1.1019, 'learning_rate': 2.5787615426398698e-05, 'epoch': 0.15}
{'loss': 1.1024, 'learning_rate': 2.646659424225964e-05, 'epoch': 0.16}
{'loss': 1.1, 'learning_rate': 2.7145573058120588e-05, 'epoch': 0.16}
{'loss': 1.0991, 'learning_rate': 2.7824551873981535e-05, 'epoch': 0.17}
{'loss': 1.0981, 'learning_rate': 2.8503530689842478e-05, 'epoch': 0.17}
{'loss': 1.098, 'learning_rate': 2.9182509505703425e-05, 'epoch': 0.18}
{'loss': 1.0957, 'learning_rate': 2.986148832156437e-05, 'epoch': 0.18}
{'loss': 1.0965, 'learning_rate': 3.0540467137425315e-05, 'epoch': 0.18}
{'loss': 1.096, 'learning_rate': 3.1219445953286255e-05, 'epoch': 0.19}
{'loss': 1.0931, 'learning_rate': 3.189842476914721e-05, 'epoch': 0.19}
{'loss': 1.0843, 'learning_rate': 3.257740358500815e-05, 'epoch': 0.2}
{'loss': 1.0623, 'learning_rate': 3.3256382400869096e-05, 'epoch': 0.2}
{'loss': 1.0213, 'learning_rate': 3.3935361216730036e-05, 'epoch': 0.2}
{'loss': 1.0205, 'learning_rate': 3.461434003259098e-05, 'epoch': 0.21}
{'loss': 0.9963, 'learning_rate': 3.529331884845193e-05, 'epoch': 0.21}
{'loss': 0.9357, 'learning_rate': 3.5972297664312876e-05, 'epoch': 0.22}
{'loss': 0.9261, 'learning_rate': 3.6651276480173817e-05, 'epoch': 0.22}
{'loss': 0.9009, 'learning_rate': 3.7330255296034763e-05, 'epoch': 0.22}
{'loss': 0.8566, 'learning_rate': 3.800923411189571e-05, 'epoch': 0.23}
{'loss': 0.8635, 'learning_rate': 3.868821292775666e-05, 'epoch': 0.23}
{'loss': 0.8559, 'learning_rate': 3.93671917436176e-05, 'epoch': 0.24}
{'loss': 0.828, 'learning_rate': 4.0046170559478544e-05, 'epoch': 0.24}
{'loss': 0.7876, 'learning_rate': 4.072514937533949e-05, 'epoch': 0.24}
{'loss': 0.828, 'learning_rate': 4.140412819120044e-05, 'epoch': 0.25}
{'loss': 0.7863, 'learning_rate': 4.2083107007061384e-05, 'epoch': 0.25}
{'loss': 0.7616, 'learning_rate': 4.2762085822922325e-05, 'epoch': 0.26}
{'loss': 0.7678, 'learning_rate': 4.344106463878327e-05, 'epoch': 0.26}
{'loss': 0.7437, 'learning_rate': 4.412004345464422e-05, 'epoch': 0.26}
{'loss': 0.7305, 'learning_rate': 4.4799022270505165e-05, 'epoch': 0.27}
{'loss': 0.7083, 'learning_rate': 4.5478001086366105e-05, 'epoch': 0.27}
{'loss': 0.7097, 'learning_rate': 4.615697990222705e-05, 'epoch': 0.28}
{'loss': 0.7064, 'learning_rate': 4.6835958718088e-05, 'epoch': 0.28}
{'loss': 0.7275, 'learning_rate': 4.7514937533948946e-05, 'epoch': 0.29}
{'loss': 0.6996, 'learning_rate': 4.8193916349809886e-05, 'epoch': 0.29}
{'loss': 0.7091, 'learning_rate': 4.887289516567083e-05, 'epoch': 0.29}
{'loss': 0.7251, 'learning_rate': 4.955187398153178e-05, 'epoch': 0.3}
{'loss': 0.6876, 'learning_rate': 5.02172732210755e-05, 'epoch': 0.3}
{'loss': 0.6937, 'learning_rate': 5.0896252036936455e-05, 'epoch': 0.31}
{'loss': 0.702, 'learning_rate': 5.1575230852797395e-05, 'epoch': 0.31}
{'loss': 0.6557, 'learning_rate': 5.2254209668658335e-05, 'epoch': 0.31}
{'loss': 0.6536, 'learning_rate': 5.293318848451928e-05, 'epoch': 0.32}
{'loss': 0.6483, 'learning_rate': 5.3612167300380236e-05, 'epoch': 0.32}
{'loss': 0.6899, 'learning_rate': 5.4291146116241176e-05, 'epoch': 0.33}
{'loss': 0.6461, 'learning_rate': 5.4970124932102116e-05, 'epoch': 0.33}
{'loss': 0.6732, 'learning_rate': 5.564910374796307e-05, 'epoch': 0.33}
{'loss': 0.6273, 'learning_rate': 5.6328082563824016e-05, 'epoch': 0.34}
{'loss': 0.6377, 'learning_rate': 5.7007061379684956e-05, 'epoch': 0.34}
{'loss': 0.641, 'learning_rate': 5.7686040195545896e-05, 'epoch': 0.35}
{'loss': 0.6515, 'learning_rate': 5.836501901140685e-05, 'epoch': 0.35}
{'loss': 0.6397, 'learning_rate': 5.90439978272678e-05, 'epoch': 0.35}
{'loss': 0.6351, 'learning_rate': 5.972297664312874e-05, 'epoch': 0.36}
{'loss': 0.6318, 'learning_rate': 6.040195545898968e-05, 'epoch': 0.36}
{'loss': 0.631, 'learning_rate': 6.108093427485063e-05, 'epoch': 0.37}
{'loss': 0.611, 'learning_rate': 6.175991309071158e-05, 'epoch': 0.37}
{'loss': 0.642, 'learning_rate': 6.243889190657251e-05, 'epoch': 0.37}
{'loss': 0.6303, 'learning_rate': 6.311787072243346e-05, 'epoch': 0.38}
{'loss': 0.6338, 'learning_rate': 6.379684953829442e-05, 'epoch': 0.38}
{'loss': 0.627, 'learning_rate': 6.447582835415535e-05, 'epoch': 0.39}
{'loss': 0.6607, 'learning_rate': 6.51548071700163e-05, 'epoch': 0.39}
{'loss': 0.6586, 'learning_rate': 6.583378598587724e-05, 'epoch': 0.4}
{'loss': 0.6127, 'learning_rate': 6.651276480173819e-05, 'epoch': 0.4}
{'loss': 0.64, 'learning_rate': 6.719174361759914e-05, 'epoch': 0.4}
{'loss': 0.6326, 'learning_rate': 6.787072243346007e-05, 'epoch': 0.41}
{'loss': 0.6212, 'learning_rate': 6.854970124932103e-05, 'epoch': 0.41}
{'loss': 0.5859, 'learning_rate': 6.922868006518197e-05, 'epoch': 0.42}
{'loss': 0.6252, 'learning_rate': 6.990765888104291e-05, 'epoch': 0.42}
{'loss': 0.6272, 'learning_rate': 7.058663769690386e-05, 'epoch': 0.42}
{'loss': 0.603, 'learning_rate': 7.12656165127648e-05, 'epoch': 0.43}
{'loss': 0.6188, 'learning_rate': 7.194459532862575e-05, 'epoch': 0.43}
{'loss': 0.6319, 'learning_rate': 7.26235741444867e-05, 'epoch': 0.44}
{'loss': 0.5995, 'learning_rate': 7.330255296034763e-05, 'epoch': 0.44}
{'loss': 0.5973, 'learning_rate': 7.39815317762086e-05, 'epoch': 0.44}
{'loss': 0.5758, 'learning_rate': 7.466051059206953e-05, 'epoch': 0.45}
{'loss': 0.5977, 'learning_rate': 7.533948940793047e-05, 'epoch': 0.45}
{'loss': 0.6146, 'learning_rate': 7.601846822379142e-05, 'epoch': 0.46}
{'loss': 0.5784, 'learning_rate': 7.669744703965237e-05, 'epoch': 0.46}
{'loss': 0.5895, 'learning_rate': 7.737642585551331e-05, 'epoch': 0.46}
{'loss': 0.6016, 'learning_rate': 7.805540467137426e-05, 'epoch': 0.47}
{'loss': 0.5807, 'learning_rate': 7.87343834872352e-05, 'epoch': 0.47}
{'loss': 0.6066, 'learning_rate': 7.941336230309615e-05, 'epoch': 0.48}
{'loss': 0.5953, 'learning_rate': 8.009234111895709e-05, 'epoch': 0.48}
{'loss': 0.5802, 'learning_rate': 8.077131993481803e-05, 'epoch': 0.48}
{'loss': 0.5963, 'learning_rate': 8.145029875067898e-05, 'epoch': 0.49}
{'loss': 0.5578, 'learning_rate': 8.21156979902227e-05, 'epoch': 0.49}
{'loss': 0.6053, 'learning_rate': 8.279467680608365e-05, 'epoch': 0.5}
{'loss': 0.5631, 'learning_rate': 8.34736556219446e-05, 'epoch': 0.5}
{'loss': 0.5712, 'learning_rate': 8.415263443780554e-05, 'epoch': 0.51}
{'loss': 0.5562, 'learning_rate': 8.483161325366649e-05, 'epoch': 0.51}
{'loss': 0.5952, 'learning_rate': 8.551059206952744e-05, 'epoch': 0.51}
{'loss': 0.6112, 'learning_rate': 8.618957088538838e-05, 'epoch': 0.52}
{'loss': 0.5481, 'learning_rate': 8.686854970124932e-05, 'epoch': 0.52}
{'loss': 0.5882, 'learning_rate': 8.754752851711026e-05, 'epoch': 0.53}
{'loss': 0.5542, 'learning_rate': 8.822650733297123e-05, 'epoch': 0.53}
{'loss': 0.6146, 'learning_rate': 8.890548614883216e-05, 'epoch': 0.53}
{'loss': 0.5945, 'learning_rate': 8.95844649646931e-05, 'epoch': 0.54}
{'loss': 0.6074, 'learning_rate': 9.026344378055405e-05, 'epoch': 0.54}
{'loss': 0.6011, 'learning_rate': 9.0942422596415e-05, 'epoch': 0.55}
{'loss': 0.6091, 'learning_rate': 9.162140141227595e-05, 'epoch': 0.55}
{'loss': 0.5696, 'learning_rate': 9.230038022813688e-05, 'epoch': 0.55}
{'loss': 0.6008, 'learning_rate': 9.297935904399783e-05, 'epoch': 0.56}
{'loss': 0.6085, 'learning_rate': 9.365833785985879e-05, 'epoch': 0.56}
{'loss': 0.5519, 'learning_rate': 9.433731667571972e-05, 'epoch': 0.57}
{'loss': 0.5602, 'learning_rate': 9.501629549158067e-05, 'epoch': 0.57}
{'loss': 0.5903, 'learning_rate': 9.569527430744161e-05, 'epoch': 0.57}
{'loss': 0.5698, 'learning_rate': 9.637425312330256e-05, 'epoch': 0.58}
{'loss': 0.5651, 'learning_rate': 9.705323193916351e-05, 'epoch': 0.58}
{'loss': 0.5429, 'learning_rate': 9.773221075502444e-05, 'epoch': 0.59}
{'loss': 0.565, 'learning_rate': 9.84111895708854e-05, 'epoch': 0.59}
{'loss': 0.5621, 'learning_rate': 9.909016838674633e-05, 'epoch': 0.59}
{'loss': 0.5721, 'learning_rate': 9.976914720260728e-05, 'epoch': 0.6}
{'loss': 0.5847, 'learning_rate': 9.997142151253512e-05, 'epoch': 0.6}
{'loss': 0.574, 'learning_rate': 9.992812077395195e-05, 'epoch': 0.61}
{'loss': 0.5941, 'learning_rate': 9.988482003536877e-05, 'epoch': 0.61}
{'loss': 0.5454, 'learning_rate': 9.984151929678561e-05, 'epoch': 0.62}
{'loss': 0.5748, 'learning_rate': 9.979821855820244e-05, 'epoch': 0.62}
{'loss': 0.5374, 'learning_rate': 9.975491781961926e-05, 'epoch': 0.62}
{'loss': 0.5911, 'learning_rate': 9.97116170810361e-05, 'epoch': 0.63}
{'loss': 0.5685, 'learning_rate': 9.966831634245293e-05, 'epoch': 0.63}
{'loss': 0.5397, 'learning_rate': 9.962501560386977e-05, 'epoch': 0.64}
{'loss': 0.5634, 'learning_rate': 9.95817148652866e-05, 'epoch': 0.64}
{'loss': 0.571, 'learning_rate': 9.953841412670342e-05, 'epoch': 0.64}
{'loss': 0.5931, 'learning_rate': 9.949511338812026e-05, 'epoch': 0.65}
{'loss': 0.5612, 'learning_rate': 9.94518126495371e-05, 'epoch': 0.65}
{'loss': 0.5648, 'learning_rate': 9.940851191095391e-05, 'epoch': 0.66}
{'loss': 0.5852, 'learning_rate': 9.936521117237075e-05, 'epoch': 0.66}
{'loss': 0.5672, 'learning_rate': 9.932191043378758e-05, 'epoch': 0.66}
{'loss': 0.5627, 'learning_rate': 9.92786096952044e-05, 'epoch': 0.67}
{'loss': 0.5746, 'learning_rate': 9.923530895662125e-05, 'epoch': 0.67}
{'loss': 0.5719, 'learning_rate': 9.919200821803809e-05, 'epoch': 0.68}
{'loss': 0.5603, 'learning_rate': 9.914870747945491e-05, 'epoch': 0.68}
{'loss': 0.5525, 'learning_rate': 9.910540674087174e-05, 'epoch': 0.68}
{'loss': 0.5475, 'learning_rate': 9.906297201706025e-05, 'epoch': 0.69}
{'loss': 0.5457, 'learning_rate': 9.901967127847707e-05, 'epoch': 0.69}
{'loss': 0.5364, 'learning_rate': 9.89763705398939e-05, 'epoch': 0.7}
{'loss': 0.5887, 'learning_rate': 9.893306980131072e-05, 'epoch': 0.7}
{'loss': 0.556, 'learning_rate': 9.888976906272756e-05, 'epoch': 0.7}
{'loss': 0.5536, 'learning_rate': 9.88464683241444e-05, 'epoch': 0.71}
{'loss': 0.5374, 'learning_rate': 9.880316758556121e-05, 'epoch': 0.71}
{'loss': 0.5633, 'learning_rate': 9.875986684697805e-05, 'epoch': 0.72}
{'loss': 0.5426, 'learning_rate': 9.871656610839488e-05, 'epoch': 0.72}
{'loss': 0.5404, 'learning_rate': 9.867326536981172e-05, 'epoch': 0.73}
{'loss': 0.5537, 'learning_rate': 9.862996463122855e-05, 'epoch': 0.73}
{'loss': 0.5036, 'learning_rate': 9.858666389264539e-05, 'epoch': 0.73}
{'loss': 0.5804, 'learning_rate': 9.854336315406221e-05, 'epoch': 0.74}
{'loss': 0.586, 'learning_rate': 9.850006241547904e-05, 'epoch': 0.74}
{'loss': 0.5613, 'learning_rate': 9.845676167689588e-05, 'epoch': 0.75}
{'loss': 0.5315, 'learning_rate': 9.84134609383127e-05, 'epoch': 0.75}
{'loss': 0.5394, 'learning_rate': 9.837016019972953e-05, 'epoch': 0.75}
{'loss': 0.5083, 'learning_rate': 9.832685946114637e-05, 'epoch': 0.76}
{'loss': 0.558, 'learning_rate': 9.82835587225632e-05, 'epoch': 0.76}
{'loss': 0.5296, 'learning_rate': 9.824025798398004e-05, 'epoch': 0.77}
{'loss': 0.5366, 'learning_rate': 9.819695724539686e-05, 'epoch': 0.77}
{'loss': 0.5136, 'learning_rate': 9.81536565068137e-05, 'epoch': 0.77}
{'loss': 0.5422, 'learning_rate': 9.811035576823053e-05, 'epoch': 0.78}
{'loss': 0.5256, 'learning_rate': 9.806705502964735e-05, 'epoch': 0.78}
{'loss': 0.539, 'learning_rate': 9.802375429106419e-05, 'epoch': 0.79}
{'loss': 0.5472, 'learning_rate': 9.798045355248102e-05, 'epoch': 0.79}
{'loss': 0.5397, 'learning_rate': 9.793715281389786e-05, 'epoch': 0.79}
{'loss': 0.5289, 'learning_rate': 9.789385207531469e-05, 'epoch': 0.8}
{'loss': 0.5163, 'learning_rate': 9.785055133673151e-05, 'epoch': 0.8}
{'loss': 0.5495, 'learning_rate': 9.780725059814835e-05, 'epoch': 0.81}
{'loss': 0.5422, 'learning_rate': 9.776394985956518e-05, 'epoch': 0.81}
{'loss': 0.5503, 'learning_rate': 9.7720649120982e-05, 'epoch': 0.81}
{'loss': 0.5393, 'learning_rate': 9.767734838239884e-05, 'epoch': 0.82}
{'loss': 0.5219, 'learning_rate': 9.763404764381567e-05, 'epoch': 0.82}
{'loss': 0.5056, 'learning_rate': 9.759074690523249e-05, 'epoch': 0.83}
{'loss': 0.5537, 'learning_rate': 9.754744616664934e-05, 'epoch': 0.83}
{'loss': 0.5593, 'learning_rate': 9.750414542806618e-05, 'epoch': 0.84}
{'loss': 0.5249, 'learning_rate': 9.7460844689483e-05, 'epoch': 0.84}
{'loss': 0.5593, 'learning_rate': 9.741754395089983e-05, 'epoch': 0.84}
{'loss': 0.5421, 'learning_rate': 9.737424321231665e-05, 'epoch': 0.85}
{'loss': 0.5413, 'learning_rate': 9.733094247373349e-05, 'epoch': 0.85}
{'loss': 0.5351, 'learning_rate': 9.728764173515032e-05, 'epoch': 0.86}
{'loss': 0.5031, 'learning_rate': 9.724434099656714e-05, 'epoch': 0.86}
{'loss': 0.5396, 'learning_rate': 9.720104025798398e-05, 'epoch': 0.86}
{'loss': 0.5523, 'learning_rate': 9.715773951940081e-05, 'epoch': 0.87}
{'loss': 0.5407, 'learning_rate': 9.71153047955893e-05, 'epoch': 0.87}
{'loss': 0.5146, 'learning_rate': 9.707200405700614e-05, 'epoch': 0.88}
{'loss': 0.5225, 'learning_rate': 9.702870331842297e-05, 'epoch': 0.88}
{'loss': 0.5425, 'learning_rate': 9.69854025798398e-05, 'epoch': 0.88}
{'loss': 0.543, 'learning_rate': 9.694210184125664e-05, 'epoch': 0.89}
{'loss': 0.5273, 'learning_rate': 9.689880110267348e-05, 'epoch': 0.89}
{'loss': 0.5077, 'learning_rate': 9.68555003640903e-05, 'epoch': 0.9}
{'loss': 0.5422, 'learning_rate': 9.681219962550713e-05, 'epoch': 0.9}
{'loss': 0.5195, 'learning_rate': 9.676889888692395e-05, 'epoch': 0.9}
{'loss': 0.5126, 'learning_rate': 9.672559814834079e-05, 'epoch': 0.91}
{'loss': 0.5062, 'learning_rate': 9.668229740975762e-05, 'epoch': 0.91}
{'loss': 0.5376, 'learning_rate': 9.663899667117446e-05, 'epoch': 0.92}
{'loss': 0.5316, 'learning_rate': 9.659569593259129e-05, 'epoch': 0.92}
{'loss': 0.5057, 'learning_rate': 9.655239519400813e-05, 'epoch': 0.92}
{'loss': 0.5675, 'learning_rate': 9.650909445542495e-05, 'epoch': 0.93}
{'loss': 0.5204, 'learning_rate': 9.646579371684178e-05, 'epoch': 0.93}
{'loss': 0.5388, 'learning_rate': 9.642249297825862e-05, 'epoch': 0.94}
{'loss': 0.5454, 'learning_rate': 9.637919223967544e-05, 'epoch': 0.94}
{'loss': 0.5526, 'learning_rate': 9.633589150109227e-05, 'epoch': 0.95}
{'loss': 0.5451, 'learning_rate': 9.629259076250911e-05, 'epoch': 0.95}
{'loss': 0.5203, 'learning_rate': 9.624929002392594e-05, 'epoch': 0.95}
{'loss': 0.5373, 'learning_rate': 9.620598928534278e-05, 'epoch': 0.96}
{'loss': 0.5045, 'learning_rate': 9.616355456153127e-05, 'epoch': 0.96}
{'loss': 0.5573, 'learning_rate': 9.61202538229481e-05, 'epoch': 0.97}
{'loss': 0.5442, 'learning_rate': 9.607695308436494e-05, 'epoch': 0.97}
{'loss': 0.5144, 'learning_rate': 9.603365234578176e-05, 'epoch': 0.97}
{'loss': 0.5156, 'learning_rate': 9.599035160719859e-05, 'epoch': 0.98}
{'loss': 0.5372, 'learning_rate': 9.594705086861543e-05, 'epoch': 0.98}
{'loss': 0.5107, 'learning_rate': 9.590375013003225e-05, 'epoch': 0.99}
{'loss': 0.5158, 'learning_rate': 9.586044939144908e-05, 'epoch': 0.99}
{'loss': 0.5601, 'learning_rate': 9.58171486528659e-05, 'epoch': 0.99}
{'loss': 0.5219, 'learning_rate': 9.577384791428275e-05, 'epoch': 1.0}
[INFO|trainer.py:520] 2026-10-04 16:24:59,948 >> The following columns in the evaluation set  don't have a corresponding argument in `PETLEncModel.forward` and have been ignored: idx, hypothesis, premise.
[INFO|trainer.py:2179] 2026-10-04 16:24:59,950 >> ***** Running Evaluation *****
[INFO|trainer.py:2181] 2026-10-04 16:24:59,950 >>   Num examples = 9815
[INFO|trainer.py:2184] 2026-10-04 16:24:59,950 >>   Batch size = 32
{'eval_loss': 0.4689140319824219, 'eval_accuracy': 0.8173204279164544, 'eval_runtime': 14.9629, 'eval_samples_per_second': 655.957, 'eval_steps_per_second': 20.517, 'epoch': 1.0}
[INFO|trainer.py:1933] 2026-10-04 16:25:14,914 >> Saving model checkpoint to checkpoints/glue/mnli/20261004/glue.mnli.prefix.am_prefix.ao_concat.fm_none.fo_parallel.abn.fbn.ac_add.fl_none.finit_lora.fs_4.unfrz_ef_.ne10.warm0.06.wd0.1.seed6./checkpoint-12272
[INFO|configuration_utils.py:364] 2026-10-04 16:25:14,915 >> Configuration saved in checkpoints/glue/mnli/20261004/glue.mnli.prefix.am_prefix.ao_concat.fm_none.fo_parallel.abn.fbn.ac_add.fl_none.finit_lora.fs_4.unfrz_ef_.ne10.warm0.06.wd0.1.seed6./checkpoint-12272/config.json
[INFO|modeling_utils.py:898] 2026-10-04 16:25:15,333 >> Model weights saved in checkpoints/glue/mnli/20261004/glue.mnli.prefix.am_prefix.ao_concat.fm_none.fo_parallel.abn.fbn.ac_add.fl_none.finit_lora.fs_4.unfrz_ef_.ne10.warm0.06.wd0.1.seed6./checkpoint-12272/pytorch_model.bin
[INFO|tokenization_utils_base.py:1948] 2026-10-04 16:25:15,334 >> tokenizer config file saved in checkpoints/glue/mnli/20261004/glue.mnli.prefix.am_prefix.ao_concat.fm_none.fo_parallel.abn.fbn.ac_add.fl_none.finit_lora.fs_4.unfrz_ef_.ne10.warm0.06.wd0.1.seed6./checkpoint-12272/tokenizer_config.json
[INFO|tokenization_utils_base.py:1954] 2026-10-04 16:25:15,334 >> Special tokens file saved in checkpoints/glue/mnli/20261004/glue.mnli.prefix.am_prefix.ao_concat.fm_none.fo_parallel.abn.fbn.ac_add.fl_none.finit_lora.fs_4.unfrz_ef_.ne10.warm0.06.wd0.1.seed6./checkpoint-12272/special_tokens_map.json
/work/unify-parameter-efficient-tuning/src/transformers/trainer.py:1784: FutureWarning: `torch.cuda.amp.autocast(args...)` is deprecated. Please use `torch.amp.autocast('cuda', args...)` instead.
  with autocast():
{'loss': 0.528, 'learning_rate': 9.573054717569959e-05, 'epoch': 1.0}
{'loss': 0.5217, 'learning_rate': 9.568724643711641e-05, 'epoch': 1.01}
{'loss': 0.4688, 'learning_rate': 9.564394569853324e-05, 'epoch': 1.01}
{'loss': 0.5096, 'learning_rate': 9.560064495995008e-05, 'epoch': 1.01}
{'loss': 0.5658, 'learning_rate': 9.55573442213669e-05, 'epoch': 1.02}
{'loss': 0.5447, 'learning_rate': 9.551404348278373e-05, 'epoch': 1.02}
{'loss': 0.4988, 'learning_rate': 9.547074274420057e-05, 'epoch': 1.03}
{'loss': 0.481, 'learning_rate': 9.542744200561739e-05, 'epoch': 1.03}
{'loss': 0.5154, 'learning_rate': 9.538414126703422e-05, 'epoch': 1.03}
{'loss': 0.5533, 'learning_rate': 9.534084052845107e-05, 'epoch': 1.04}
{'loss': 0.512, 'learning_rate': 9.52975397898679e-05, 'epoch': 1.04}
{'loss': 0.5462, 'learning_rate': 9.525423905128473e-05, 'epoch': 1.05}
{'loss': 0.4959, 'learning_rate': 9.521093831270156e-05, 'epoch': 1.05}
{'loss': 0.5282, 'learning_rate': 9.516763757411838e-05, 'epoch': 1.06}
{'loss': 0.4723, 'learning_rate': 9.512433683553522e-05, 'epoch': 1.06}
{'loss': 0.5228, 'learning_rate': 9.508103609695204e-05, 'epoch': 1.06}
{'loss': 0.5253, 'learning_rate': 9.503773535836887e-05, 'epoch': 1.07}
{'loss': 0.4999, 'learning_rate': 9.499443461978571e-05, 'epoch': 1.07}
{'loss': 0.5059, 'learning_rate': 9.495113388120254e-05, 'epoch': 1.08}
{'loss': 0.4778, 'learning_rate': 9.490783314261938e-05, 'epoch': 1.08}
{'loss': 0.5167, 'learning_rate': 9.486453240403621e-05, 'epoch': 1.08}
{'loss': 0.5112, 'learning_rate': 9.482123166545303e-05, 'epoch': 1.09}
{'loss': 0.5273, 'learning_rate': 9.477793092686987e-05, 'epoch': 1.09}
{'loss': 0.5073, 'learning_rate': 9.473463018828669e-05, 'epoch': 1.1}
{'loss': 0.4942, 'learning_rate': 9.469132944970353e-05, 'epoch': 1.1}
{'loss': 0.5183, 'learning_rate': 9.464802871112036e-05, 'epoch': 1.1}
{'loss': 0.5272, 'learning_rate': 9.46047279725372e-05, 'epoch': 1.11}
{'loss': 0.4881, 'learning_rate': 9.456142723395403e-05, 'epoch': 1.11}
{'loss': 0.5274, 'learning_rate': 9.451812649537086e-05, 'epoch': 1.12}
{'loss': 0.4669, 'learning_rate': 9.447482575678769e-05, 'epoch': 1.12}
{'loss': 0.524, 'learning_rate': 9.443152501820452e-05, 'epoch': 1.12}
{'loss': 0.5007, 'learning_rate': 9.438822427962136e-05, 'epoch': 1.13}
{'loss': 0.5501, 'learning_rate': 9.434492354103818e-05, 'epoch': 1.13}
{'loss': 0.508, 'learning_rate': 9.430162280245501e-05, 'epoch': 1.14}
{'loss': 0.486, 'learning_rate': 9.425832206387185e-05, 'epoch': 1.14}
{'loss': 0.5034, 'learning_rate': 9.421502132528868e-05, 'epoch': 1.14}
{'loss': 0.5247, 'learning_rate': 9.417172058670552e-05, 'epoch': 1.15}
{'loss': 0.528, 'learning_rate': 9.412841984812234e-05, 'epoch': 1.15}
{'loss': 0.5003, 'learning_rate': 9.408511910953917e-05, 'epoch': 1.16}
{'loss': 0.4895, 'learning_rate': 9.4041818370956e-05, 'epoch': 1.16}
{'loss': 0.5284, 'learning_rate': 9.399851763237283e-05, 'epoch': 1.17}
{'loss': 0.5, 'learning_rate': 9.395521689378966e-05, 'epoch': 1.17}
{'loss': 0.5122, 'learning_rate': 9.39119161552065e-05, 'epoch': 1.17}
{'loss': 0.5111, 'learning_rate': 9.386861541662332e-05, 'epoch': 1.18}
{'loss': 0.4904, 'learning_rate': 9.382531467804015e-05, 'epoch': 1.18}
{'loss': 0.5624, 'learning_rate': 9.3782013939457e-05, 'epoch': 1.19}
{'loss': 0.5014, 'learning_rate': 9.373871320087382e-05, 'epoch': 1.19}
{'loss': 0.5219, 'learning_rate': 9.369541246229066e-05, 'epoch': 1.19}
{'loss': 0.5119, 'learning_rate': 9.365211172370748e-05, 'epoch': 1.2}
{'loss': 0.4966, 'learning_rate': 9.360881098512431e-05, 'epoch': 1.2}
{'loss': 0.4814, 'learning_rate': 9.356551024654115e-05, 'epoch': 1.21}
{'loss': 0.5253, 'learning_rate': 9.352220950795797e-05, 'epoch': 1.21}
{'loss': 0.4723, 'learning_rate': 9.34789087693748e-05, 'epoch': 1.21}
{'loss': 0.4965, 'learning_rate': 9.343560803079164e-05, 'epoch': 1.22}
{'loss': 0.53, 'learning_rate': 9.339230729220847e-05, 'epoch': 1.22}
{'loss': 0.514, 'learning_rate': 9.334900655362531e-05, 'epoch': 1.23}
{'loss': 0.5039, 'learning_rate': 9.330570581504214e-05, 'epoch': 1.23}
{'loss': 0.4869, 'learning_rate': 9.326240507645896e-05, 'epoch': 1.23}
{'loss': 0.5073, 'learning_rate': 9.32191043378758e-05, 'epoch': 1.24}
{'loss': 0.4934, 'learning_rate': 9.317580359929263e-05, 'epoch': 1.24}
{'loss': 0.5194, 'learning_rate': 9.313250286070945e-05, 'epoch': 1.25}
{'loss': 0.5509, 'learning_rate': 9.308920212212629e-05, 'epoch': 1.25}
{'loss': 0.5204, 'learning_rate': 9.304590138354312e-05, 'epoch': 1.25}
{'loss': 0.5102, 'learning_rate': 9.300260064495996e-05, 'epoch': 1.26}
{'loss': 0.5159, 'learning_rate': 9.29592999063768e-05, 'epoch': 1.26}
{'loss': 0.51, 'learning_rate': 9.291599916779362e-05, 'epoch': 1.27}
{'loss': 0.5105, 'learning_rate': 9.287269842921045e-05, 'epoch': 1.27}
{'loss': 0.5035, 'learning_rate': 9.282939769062728e-05, 'epoch': 1.28}
{'loss': 0.4669, 'learning_rate': 9.27860969520441e-05, 'epoch': 1.28}
{'loss': 0.4798, 'learning_rate': 9.274279621346094e-05, 'epoch': 1.28}
{'loss': 0.512, 'learning_rate': 9.269949547487776e-05, 'epoch': 1.29}
{'loss': 0.4984, 'learning_rate': 9.265619473629461e-05, 'epoch': 1.29}
{'loss': 0.5326, 'learning_rate': 9.26137600124831e-05, 'epoch': 1.3}
{'loss': 0.4973, 'learning_rate': 9.257045927389993e-05, 'epoch': 1.3}
{'loss': 0.4985, 'learning_rate': 9.252715853531677e-05, 'epoch': 1.3}
{'loss': 0.5042, 'learning_rate': 9.24838577967336e-05, 'epoch': 1.31}
{'loss': 0.5167, 'learning_rate': 9.244055705815042e-05, 'epoch': 1.31}
{'loss': 0.4811, 'learning_rate': 9.239725631956726e-05, 'epoch': 1.32}
{'loss': 0.4977, 'learning_rate': 9.23539555809841e-05, 'epoch': 1.32}
{'loss': 0.5018, 'learning_rate': 9.231065484240091e-05, 'epoch': 1.32}
{'loss': 0.4923, 'learning_rate': 9.226735410381775e-05, 'epoch': 1.33}
{'loss': 0.4977, 'learning_rate': 9.222405336523458e-05, 'epoch': 1.33}
{'loss': 0.4911, 'learning_rate': 9.21807526266514e-05, 'epoch': 1.34}
{'loss': 0.5071, 'learning_rate': 9.213745188806824e-05, 'epoch': 1.34}
{'loss': 0.5088, 'learning_rate': 9.209415114948508e-05, 'epoch': 1.34}
{'loss': 0.5075, 'learning_rate': 9.205085041090191e-05, 'epoch': 1.35}
{'loss': 0.4759, 'learning_rate': 9.200754967231874e-05, 'epoch': 1.35}
{'loss': 0.4901, 'learning_rate': 9.196424893373557e-05, 'epoch': 1.36}
{'loss': 0.4718, 'learning_rate': 9.19209481951524e-05, 'epoch': 1.36}
{'loss': 0.4998, 'learning_rate': 9.187764745656924e-05, 'epoch': 1.36}
{'loss': 0.4897, 'learning_rate': 9.183434671798606e-05, 'epoch': 1.37}
{'loss': 0.5084, 'learning_rate': 9.179104597940289e-05, 'epoch': 1.37}
{'loss': 0.5182, 'learning_rate': 9.174774524081973e-05, 'epoch': 1.38}
{'loss': 0.4926, 'learning_rate': 9.170444450223656e-05, 'epoch': 1.38}
{'loss': 0.5195, 'learning_rate': 9.16611437636534e-05, 'epoch': 1.39}
{'loss': 0.5129, 'learning_rate': 9.161784302507023e-05, 'epoch': 1.39}
{'loss': 0.5003, 'learning_rate': 9.157454228648705e-05, 'epoch': 1.39}
{'loss': 0.5037, 'learning_rate': 9.153124154790389e-05, 'epoch': 1.4}
{'loss': 0.4739, 'learning_rate': 9.148794080932072e-05, 'epoch': 1.4}
{'loss': 0.5414, 'learning_rate': 9.144464007073754e-05, 'epoch': 1.41}
{'loss': 0.4711, 'learning_rate': 9.140133933215438e-05, 'epoch': 1.41}
{'loss': 0.5067, 'learning_rate': 9.135803859357121e-05, 'epoch': 1.41}
{'loss': 0.4818, 'learning_rate': 9.131473785498805e-05, 'epoch': 1.42}
{'loss': 0.5246, 'learning_rate': 9.127143711640488e-05, 'epoch': 1.42}
{'loss': 0.5016, 'learning_rate': 9.12281363778217e-05, 'epoch': 1.43}
{'loss': 0.4981, 'learning_rate': 9.118483563923854e-05, 'epoch': 1.43}
{'loss': 0.5098, 'learning_rate': 9.114153490065537e-05, 'epoch': 1.43}
{'loss': 0.5014, 'learning_rate': 9.109823416207219e-05, 'epoch': 1.44}
{'loss': 0.4983, 'learning_rate': 9.105493342348903e-05, 'epoch': 1.44}
{'loss': 0.5105, 'learning_rate': 9.101163268490585e-05, 'epoch': 1.45}
{'loss': 0.4872, 'learning_rate': 9.09683319463227e-05, 'epoch': 1.45}
{'loss': 0.4914, 'learning_rate': 9.092503120773953e-05, 'epoch': 1.45}
{'loss': 0.5073, 'learning_rate': 9.088173046915635e-05, 'epoch': 1.46}
{'loss': 0.508, 'learning_rate': 9.083842973057319e-05, 'epoch': 1.46}
{'loss': 0.535, 'learning_rate': 9.079512899199002e-05, 'epoch': 1.47}
{'loss': 0.5052, 'learning_rate': 9.075182825340684e-05, 'epoch': 1.47}
{'loss': 0.4927, 'learning_rate': 9.070852751482368e-05, 'epoch': 1.47}
{'loss': 0.4976, 'learning_rate': 9.066522677624051e-05, 'epoch': 1.48}
{'loss': 0.4666, 'learning_rate': 9.062192603765733e-05, 'epoch': 1.48}
{'loss': 0.5173, 'learning_rate': 9.057862529907418e-05, 'epoch': 1.49}
{'loss': 0.4954, 'learning_rate': 9.053532456049102e-05, 'epoch': 1.49}
{'loss': 0.4996, 'learning_rate': 9.049202382190784e-05, 'epoch': 1.5}
{'loss': 0.5, 'learning_rate': 9.044872308332467e-05, 'epoch': 1.5}
{'loss': 0.481, 'learning_rate': 9.04054223447415e-05, 'epoch': 1.5}
{'loss': 0.4848, 'learning_rate': 9.036212160615833e-05, 'epoch': 1.51}
{'loss': 0.5147, 'learning_rate': 9.031882086757516e-05, 'epoch': 1.51}
{'loss': 0.4623, 'learning_rate': 9.027552012899199e-05, 'epoch': 1.52}
{'loss': 0.5171, 'learning_rate': 9.023221939040882e-05, 'epoch': 1.52}
{'loss': 0.495, 'learning_rate': 9.018891865182566e-05, 'epoch': 1.52}
{'loss': 0.4809, 'learning_rate': 9.014561791324249e-05, 'epoch': 1.53}
{'loss': 0.483, 'learning_rate': 9.010231717465932e-05, 'epoch': 1.53}
{'loss': 0.4679, 'learning_rate': 9.005988245084781e-05, 'epoch': 1.54}
{'loss': 0.4968, 'learning_rate': 9.001658171226465e-05, 'epoch': 1.54}
{'loss': 0.485, 'learning_rate': 8.997328097368148e-05, 'epoch': 1.54}
{'loss': 0.4951, 'learning_rate': 8.992998023509832e-05, 'epoch': 1.55}
{'loss': 0.4626, 'learning_rate': 8.988667949651514e-05, 'epoch': 1.55}
{'loss': 0.5002, 'learning_rate': 8.984337875793197e-05, 'epoch': 1.56}
{'loss': 0.4732, 'learning_rate': 8.98000780193488e-05, 'epoch': 1.56}
{'loss': 0.5106, 'learning_rate': 8.975677728076563e-05, 'epoch': 1.56}
{'loss': 0.5099, 'learning_rate': 8.971347654218246e-05, 'epoch': 1.57}
{'loss': 0.5084, 'learning_rate': 8.96701758035993e-05, 'epoch': 1.57}
{'loss': 0.4928, 'learning_rate': 8.962687506501613e-05, 'epoch': 1.58}
{'loss': 0.4753, 'learning_rate': 8.958357432643297e-05, 'epoch': 1.58}
{'loss': 0.4779, 'learning_rate': 8.954027358784979e-05, 'epoch': 1.58}
{'loss': 0.4904, 'learning_rate': 8.949697284926662e-05, 'epoch': 1.59}
{'loss': 0.4595, 'learning_rate': 8.945367211068345e-05, 'epoch': 1.59}
{'loss': 0.4957, 'learning_rate': 8.941037137210028e-05, 'epoch': 1.6}
{'loss': 0.5465, 'learning_rate': 8.936707063351712e-05, 'epoch': 1.6}
{'loss': 0.5036, 'learning_rate': 8.932376989493395e-05, 'epoch': 1.61}
{'loss': 0.5042, 'learning_rate': 8.928046915635078e-05, 'epoch': 1.61}
{'loss': 0.4813, 'learning_rate': 8.923716841776762e-05, 'epoch': 1.61}
{'loss': 0.4977, 'learning_rate': 8.919386767918444e-05, 'epoch': 1.62}
{'loss': 0.498, 'learning_rate': 8.915056694060128e-05, 'epoch': 1.62}
{'loss': 0.4825, 'learning_rate': 8.910813221678978e-05, 'epoch': 1.63}
{'loss': 0.4957, 'learning_rate': 8.90648314782066e-05, 'epoch': 1.63}
{'loss': 0.4842, 'learning_rate': 8.902153073962343e-05, 'epoch': 1.63}
{'loss': 0.4829, 'learning_rate': 8.897823000104027e-05, 'epoch': 1.64}
{'loss': 0.4848, 'learning_rate': 8.893492926245709e-05, 'epoch': 1.64}
{'loss': 0.4876, 'learning_rate': 8.889162852387392e-05, 'epoch': 1.65}
{'loss': 0.4985, 'learning_rate': 8.884832778529075e-05, 'epoch': 1.65}
{'loss': 0.5127, 'learning_rate': 8.880502704670758e-05, 'epoch': 1.65}
{'loss': 0.4914, 'learning_rate': 8.876172630812443e-05, 'epoch': 1.66}
{'loss': 0.4894, 'learning_rate': 8.871842556954125e-05, 'epoch': 1.66}
{'loss': 0.4789, 'learning_rate': 8.867512483095808e-05, 'epoch': 1.67}
{'loss': 0.4755, 'learning_rate': 8.863182409237492e-05, 'epoch': 1.67}
{'loss': 0.5097, 'learning_rate': 8.858852335379174e-05, 'epoch': 1.67}
{'loss': 0.502, 'learning_rate': 8.854522261520858e-05, 'epoch': 1.68}
{'loss': 0.4949, 'learning_rate': 8.850192187662541e-05, 'epoch': 1.68}
{'loss': 0.4815, 'learning_rate': 8.845862113804223e-05, 'epoch': 1.69}
{'loss': 0.5104, 'learning_rate': 8.841532039945907e-05, 'epoch': 1.69}
{'loss': 0.4538, 'learning_rate': 8.83720196608759e-05, 'epoch': 1.69}
{'loss': 0.4894, 'learning_rate': 8.832871892229274e-05, 'epoch': 1.7}
{'loss': 0.5052, 'learning_rate': 8.828541818370957e-05, 'epoch': 1.7}
{'loss': 0.4591, 'learning_rate': 8.824211744512639e-05, 'epoch': 1.71}
{'loss': 0.471, 'learning_rate': 8.819881670654323e-05, 'epoch': 1.71}
{'loss': 0.4741, 'learning_rate': 8.815551596796006e-05, 'epoch': 1.72}
{'loss': 0.4914, 'learning_rate': 8.811221522937688e-05, 'epoch': 1.72}
{'loss': 0.5009, 'learning_rate': 8.806891449079372e-05, 'epoch': 1.72}
{'loss': 0.5031, 'learning_rate': 8.802561375221055e-05, 'epoch': 1.73}
{'loss': 0.493, 'learning_rate': 8.798231301362739e-05, 'epoch': 1.73}
{'loss': 0.5012, 'learning_rate': 8.793901227504422e-05, 'epoch': 1.74}
{'loss': 0.5082, 'learning_rate': 8.789571153646104e-05, 'epoch': 1.74}
{'loss': 0.5035, 'learning_rate': 8.785241079787788e-05, 'epoch': 1.74}
{'loss': 0.49, 'learning_rate': 8.780911005929471e-05, 'epoch': 1.75}
{'loss': 0.4807, 'learning_rate': 8.776580932071153e-05, 'epoch': 1.75}
{'loss': 0.4887, 'learning_rate': 8.772250858212837e-05, 'epoch': 1.76}
{'loss': 0.5454, 'learning_rate': 8.76792078435452e-05, 'epoch': 1.76}
{'loss': 0.4603, 'learning_rate': 8.763590710496204e-05, 'epoch': 1.76}
{'loss': 0.4944, 'learning_rate': 8.759260636637887e-05, 'epoch': 1.77}
{'loss': 0.5313, 'learning_rate': 8.754930562779571e-05, 'epoch': 1.77}
{'loss': 0.4753, 'learning_rate': 8.750600488921253e-05, 'epoch': 1.78}
{'loss': 0.4937, 'learning_rate': 8.746270415062936e-05, 'epoch': 1.78}
{'loss': 0.465, 'learning_rate': 8.74194034120462e-05, 'epoch': 1.78}
{'loss': 0.4977, 'learning_rate': 8.737610267346302e-05, 'epoch': 1.79}
{'loss': 0.4756, 'learning_rate': 8.733280193487985e-05, 'epoch': 1.79}
{'loss': 0.5105, 'learning_rate': 8.728950119629669e-05, 'epoch': 1.8}
{'loss': 0.4896, 'learning_rate': 8.724620045771351e-05, 'epoch': 1.8}
{'loss': 0.4653, 'learning_rate': 8.720289971913036e-05, 'epoch': 1.8}
{'loss': 0.4505, 'learning_rate': 8.715959898054719e-05, 'epoch': 1.81}
{'loss': 0.4848, 'learning_rate': 8.711629824196401e-05, 'epoch': 1.81}
{'loss': 0.4735, 'learning_rate': 8.707299750338085e-05, 'epoch': 1.82}
{'loss': 0.4708, 'learning_rate': 8.702969676479767e-05, 'epoch': 1.82}
{'loss': 0.525, 'learning_rate': 8.69863960262145e-05, 'epoch': 1.83}
{'loss': 0.4577, 'learning_rate': 8.694309528763133e-05, 'epoch': 1.83}
{'loss': 0.4636, 'learning_rate': 8.689979454904816e-05, 'epoch': 1.83}
{'loss': 0.5061, 'learning_rate': 8.6856493810465e-05, 'epoch': 1.84}
{'loss': 0.4803, 'learning_rate': 8.681319307188183e-05, 'epoch': 1.84}
{'loss': 0.5091, 'learning_rate': 8.676989233329866e-05, 'epoch': 1.85}
{'loss': 0.4882, 'learning_rate': 8.67265915947155e-05, 'epoch': 1.85}
{'loss': 0.4819, 'learning_rate': 8.668329085613232e-05, 'epoch': 1.85}
{'loss': 0.4758, 'learning_rate': 8.663999011754916e-05, 'epoch': 1.86}
{'loss': 0.4799, 'learning_rate': 8.659668937896599e-05, 'epoch': 1.86}
{'loss': 0.528, 'learning_rate': 8.655338864038281e-05, 'epoch': 1.87}
{'loss': 0.5018, 'learning_rate': 8.651008790179965e-05, 'epoch': 1.87}
{'loss': 0.4813, 'learning_rate': 8.646678716321648e-05, 'epoch': 1.87}
{'loss': 0.4665, 'learning_rate': 8.642348642463332e-05, 'epoch': 1.88}
{'loss': 0.5112, 'learning_rate': 8.638018568605015e-05, 'epoch': 1.88}
{'loss': 0.5024, 'learning_rate': 8.633688494746699e-05, 'epoch': 1.89}
{'loss': 0.4759, 'learning_rate': 8.62935842088838e-05, 'epoch': 1.89}
{'loss': 0.453, 'learning_rate': 8.625028347030064e-05, 'epoch': 1.89}
{'loss': 0.4773, 'learning_rate': 8.620698273171748e-05, 'epoch': 1.9}
{'loss': 0.4746, 'learning_rate': 8.61636819931343e-05, 'epoch': 1.9}
{'loss': 0.4637, 'learning_rate': 8.612038125455113e-05, 'epoch': 1.91}
{'loss': 0.4857, 'learning_rate': 8.607708051596797e-05, 'epoch': 1.91}
{'loss': 0.4544, 'learning_rate': 8.60337797773848e-05, 'epoch': 1.91}
{'loss': 0.5118, 'learning_rate': 8.599047903880164e-05, 'epoch': 1.92}
{'loss': 0.447, 'learning_rate': 8.594717830021846e-05, 'epoch': 1.92}
{'loss': 0.4796, 'learning_rate': 8.590387756163529e-05, 'epoch': 1.93}
{'loss': 0.5186, 'learning_rate': 8.586057682305211e-05, 'epoch': 1.93}
{'loss': 0.494, 'learning_rate': 8.581727608446895e-05, 'epoch': 1.94}
{'loss': 0.4628, 'learning_rate': 8.577397534588578e-05, 'epoch': 1.94}
{'loss': 0.5059, 'learning_rate': 8.57306746073026e-05, 'epoch': 1.94}
{'loss': 0.4633, 'learning_rate': 8.568737386871944e-05, 'epoch': 1.95}
{'loss': 0.4798, 'learning_rate': 8.564407313013629e-05, 'epoch': 1.95}
{'loss': 0.4808, 'learning_rate': 8.560077239155311e-05, 'epoch': 1.96}
{'loss': 0.502, 'learning_rate': 8.555747165296994e-05, 'epoch': 1.96}
{'loss': 0.4944, 'learning_rate': 8.551417091438678e-05, 'epoch': 1.96}
{'loss': 0.4982, 'learning_rate': 8.547173619057527e-05, 'epoch': 1.97}
{'loss': 0.4778, 'learning_rate': 8.54284354519921e-05, 'epoch': 1.97}
{'loss': 0.4738, 'learning_rate': 8.538513471340894e-05, 'epoch': 1.98}
{'loss': 0.4759, 'learning_rate': 8.534183397482576e-05, 'epoch': 1.98}
{'loss': 0.4854, 'learning_rate': 8.529853323624259e-05, 'epoch': 1.98}
{'loss': 0.4819, 'learning_rate': 8.525523249765941e-05, 'epoch': 1.99}
{'loss': 0.4872, 'learning_rate': 8.521193175907625e-05, 'epoch': 1.99}
{'loss': 0.5147, 'learning_rate': 8.516863102049308e-05, 'epoch': 2.0}
[INFO|trainer.py:520] 2026-10-04 16:31:26,583 >> The following columns in the evaluation set  don't have a corresponding argument in `PETLEncModel.forward` and have been ignored: idx, hypothesis, premise.
[INFO|trainer.py:2179] 2026-10-04 16:31:26,585 >> ***** Running Evaluation *****
[INFO|trainer.py:2181] 2026-10-04 16:31:26,585 >>   Num examples = 9815
[INFO|trainer.py:2184] 2026-10-04 16:31:26,585 >>   Batch size = 32
{'eval_loss': 0.4217609167098999, 'eval_accuracy': 0.8427916454406521, 'eval_runtime': 9.4167, 'eval_samples_per_second': 1042.296, 'eval_steps_per_second': 32.602, 'epoch': 2.0}
[INFO|trainer.py:1933] 2026-10-04 16:31:36,008 >> Saving model checkpoint to checkpoints/glue/mnli/20261004/glue.mnli.prefix.am_prefix.ao_concat.fm_none.fo_parallel.abn.fbn.ac_add.fl_none.finit_lora.fs_4.unfrz_ef_.ne10.warm0.06.wd0.1.seed6./checkpoint-24544
[INFO|configuration_utils.py:364] 2026-10-04 16:31:36,009 >> Configuration saved in checkpoints/glue/mnli/20261004/glue.mnli.prefix.am_prefix.ao_concat.fm_none.fo_parallel.abn.fbn.ac_add.fl_none.finit_lora.fs_4.unfrz_ef_.ne10.warm0.06.wd0.1.seed6./checkpoint-24544/config.json
[INFO|modeling_utils.py:898] 2026-10-04 16:31:36,434 >> Model weights saved in checkpoints/glue/mnli/20261004/glue.mnli.prefix.am_prefix.ao_concat.fm_none.fo_parallel.abn.fbn.ac_add.fl_none.finit_lora.fs_4.unfrz_ef_.ne10.warm0.06.wd0.1.seed6./checkpoint-24544/pytorch_model.bin
[INFO|tokenization_utils_base.py:1948] 2026-10-04 16:31:36,435 >> tokenizer config file saved in checkpoints/glue/mnli/20261004/glue.mnli.prefix.am_prefix.ao_concat.fm_none.fo_parallel.abn.fbn.ac_add.fl_none.finit_lora.fs_4.unfrz_ef_.ne10.warm0.06.wd0.1.seed6./checkpoint-24544/tokenizer_config.json
[INFO|tokenization_utils_base.py:1954] 2026-10-04 16:31:36,436 >> Special tokens file saved in checkpoints/glue/mnli/20261004/glue.mnli.prefix.am_prefix.ao_concat.fm_none.fo_parallel.abn.fbn.ac_add.fl_none.finit_lora.fs_4.unfrz_ef_.ne10.warm0.06.wd0.1.seed6./checkpoint-24544/special_tokens_map.json
/work/unify-parameter-efficient-tuning/src/transformers/trainer.py:1784: FutureWarning: `torch.cuda.amp.autocast(args...)` is deprecated. Please use `torch.amp.autocast('cuda', args...)` instead.
  with autocast():
{'loss': 0.5011, 'learning_rate': 8.512533028190992e-05, 'epoch': 2.0}
{'loss': 0.4808, 'learning_rate': 8.508202954332675e-05, 'epoch': 2.0}
{'loss': 0.4696, 'learning_rate': 8.503872880474359e-05, 'epoch': 2.01}
{'loss': 0.4576, 'learning_rate': 8.499542806616041e-05, 'epoch': 2.01}
{'loss': 0.4887, 'learning_rate': 8.495212732757724e-05, 'epoch': 2.02}
{'loss': 0.4427, 'learning_rate': 8.490882658899408e-05, 'epoch': 2.02}
{'loss': 0.4823, 'learning_rate': 8.48655258504109e-05, 'epoch': 2.02}
{'loss': 0.4851, 'learning_rate': 8.482222511182773e-05, 'epoch': 2.03}
{'loss': 0.5051, 'learning_rate': 8.477892437324457e-05, 'epoch': 2.03}
{'loss': 0.469, 'learning_rate': 8.47356236346614e-05, 'epoch': 2.04}
{'loss': 0.5063, 'learning_rate': 8.469232289607824e-05, 'epoch': 2.04}
{'loss': 0.4788, 'learning_rate': 8.464902215749507e-05, 'epoch': 2.05}
{'loss': 0.4861, 'learning_rate': 8.46057214189119e-05, 'epoch': 2.05}
{'loss': 0.4716, 'learning_rate': 8.456242068032873e-05, 'epoch': 2.05}
{'loss': 0.4679, 'learning_rate': 8.451911994174556e-05, 'epoch': 2.06}
{'loss': 0.503, 'learning_rate': 8.447581920316238e-05, 'epoch': 2.06}
{'loss': 0.493, 'learning_rate': 8.443251846457922e-05, 'epoch': 2.07}
{'loss': 0.4625, 'learning_rate': 8.438921772599605e-05, 'epoch': 2.07}
{'loss': 0.4741, 'learning_rate': 8.434591698741289e-05, 'epoch': 2.07}
{'loss': 0.487, 'learning_rate': 8.430261624882971e-05, 'epoch': 2.08}
{'loss': 0.4825, 'learning_rate': 8.425931551024654e-05, 'epoch': 2.08}
{'loss': 0.4723, 'learning_rate': 8.421601477166338e-05, 'epoch': 2.09}
{'loss': 0.4661, 'learning_rate': 8.41727140330802e-05, 'epoch': 2.09}
{'loss': 0.4858, 'learning_rate': 8.412941329449704e-05, 'epoch': 2.09}
{'loss': 0.4706, 'learning_rate': 8.408611255591387e-05, 'epoch': 2.1}
{'loss': 0.4627, 'learning_rate': 8.404281181733069e-05, 'epoch': 2.1}
{'loss': 0.4461, 'learning_rate': 8.399951107874754e-05, 'epoch': 2.11}
{'loss': 0.4798, 'learning_rate': 8.395621034016437e-05, 'epoch': 2.11}
{'loss': 0.4593, 'learning_rate': 8.39129096015812e-05, 'epoch': 2.11}
{'loss': 0.4768, 'learning_rate': 8.386960886299803e-05, 'epoch': 2.12}
{'loss': 0.4391, 'learning_rate': 8.382630812441487e-05, 'epoch': 2.12}
{'loss': 0.4706, 'learning_rate': 8.378300738583169e-05, 'epoch': 2.13}
{'loss': 0.4958, 'learning_rate': 8.373970664724852e-05, 'epoch': 2.13}
{'loss': 0.4961, 'learning_rate': 8.369640590866536e-05, 'epoch': 2.13}
{'loss': 0.4516, 'learning_rate': 8.365310517008218e-05, 'epoch': 2.14}
{'loss': 0.4677, 'learning_rate': 8.360980443149901e-05, 'epoch': 2.14}
{'loss': 0.4947, 'learning_rate': 8.356650369291586e-05, 'epoch': 2.15}
{'loss': 0.4599, 'learning_rate': 8.352320295433268e-05, 'epoch': 2.15}
{'loss': 0.5046, 'learning_rate': 8.347990221574952e-05, 'epoch': 2.16}
{'loss': 0.4688, 'learning_rate': 8.343660147716635e-05, 'epoch': 2.16}
{'loss': 0.477, 'learning_rate': 8.339330073858317e-05, 'epoch': 2.16}
{'loss': 0.5059, 'learning_rate': 8.335086601477167e-05, 'epoch': 2.17}
{'loss': 0.4853, 'learning_rate': 8.33075652761885e-05, 'epoch': 2.17}
{'loss': 0.4809, 'learning_rate': 8.326426453760533e-05, 'epoch': 2.18}
{'loss': 0.4704, 'learning_rate': 8.322096379902216e-05, 'epoch': 2.18}
{'loss': 0.491, 'learning_rate': 8.317766306043899e-05, 'epoch': 2.18}
{'loss': 0.4817, 'learning_rate': 8.313436232185582e-05, 'epoch': 2.19}
{'loss': 0.4946, 'learning_rate': 8.309106158327266e-05, 'epoch': 2.19}
{'loss': 0.4511, 'learning_rate': 8.304776084468949e-05, 'epoch': 2.2}
{'loss': 0.4783, 'learning_rate': 8.300446010610632e-05, 'epoch': 2.2}
{'loss': 0.4428, 'learning_rate': 8.296115936752316e-05, 'epoch': 2.2}
{'loss': 0.4828, 'learning_rate': 8.291785862893998e-05, 'epoch': 2.21}
{'loss': 0.5048, 'learning_rate': 8.287455789035682e-05, 'epoch': 2.21}
{'loss': 0.4486, 'learning_rate': 8.283125715177364e-05, 'epoch': 2.22}
{'loss': 0.4899, 'learning_rate': 8.278795641319047e-05, 'epoch': 2.22}
{'loss': 0.4795, 'learning_rate': 8.27446556746073e-05, 'epoch': 2.22}
{'loss': 0.4817, 'learning_rate': 8.270135493602414e-05, 'epoch': 2.23}
{'loss': 0.4966, 'learning_rate': 8.265805419744098e-05, 'epoch': 2.23}
{'loss': 0.4512, 'learning_rate': 8.26147534588578e-05, 'epoch': 2.24}
{'loss': 0.4503, 'learning_rate': 8.257145272027463e-05, 'epoch': 2.24}
{'loss': 0.461, 'learning_rate': 8.252815198169147e-05, 'epoch': 2.24}
{'loss': 0.479, 'learning_rate': 8.248485124310829e-05, 'epoch': 2.25}
{'loss': 0.4745, 'learning_rate': 8.244155050452512e-05, 'epoch': 2.25}
{'loss': 0.4687, 'learning_rate': 8.239824976594196e-05, 'epoch': 2.26}
{'loss': 0.4613, 'learning_rate': 8.235494902735878e-05, 'epoch': 2.26}
{'loss': 0.4505, 'learning_rate': 8.231164828877563e-05, 'epoch': 2.27}
{'loss': 0.482, 'learning_rate': 8.226834755019246e-05, 'epoch': 2.27}
{'loss': 0.489, 'learning_rate': 8.222504681160928e-05, 'epoch': 2.27}
{'loss': 0.4443, 'learning_rate': 8.218174607302612e-05, 'epoch': 2.28}
{'loss': 0.4594, 'learning_rate': 8.213844533444295e-05, 'epoch': 2.28}
{'loss': 0.4767, 'learning_rate': 8.209514459585977e-05, 'epoch': 2.29}
{'loss': 0.4618, 'learning_rate': 8.205184385727661e-05, 'epoch': 2.29}
{'loss': 0.4437, 'learning_rate': 8.200854311869344e-05, 'epoch': 2.29}
{'loss': 0.479, 'learning_rate': 8.196524238011026e-05, 'epoch': 2.3}
{'loss': 0.4717, 'learning_rate': 8.19219416415271e-05, 'epoch': 2.3}
{'loss': 0.4866, 'learning_rate': 8.187864090294395e-05, 'epoch': 2.31}
{'loss': 0.4545, 'learning_rate': 8.183534016436077e-05, 'epoch': 2.31}
{'loss': 0.4413, 'learning_rate': 8.17920394257776e-05, 'epoch': 2.31}
{'loss': 0.4484, 'learning_rate': 8.174873868719442e-05, 'epoch': 2.32}
{'loss': 0.4667, 'learning_rate': 8.170543794861126e-05, 'epoch': 2.32}
{'loss': 0.4455, 'learning_rate': 8.166213721002808e-05, 'epoch': 2.33}
{'loss': 0.4544, 'learning_rate': 8.161883647144492e-05, 'epoch': 2.33}
{'loss': 0.4475, 'learning_rate': 8.157553573286175e-05, 'epoch': 2.33}
{'loss': 0.4573, 'learning_rate': 8.153223499427858e-05, 'epoch': 2.34}
{'loss': 0.4764, 'learning_rate': 8.148893425569542e-05, 'epoch': 2.34}
{'loss': 0.4719, 'learning_rate': 8.144563351711225e-05, 'epoch': 2.35}
{'loss': 0.4502, 'learning_rate': 8.140233277852908e-05, 'epoch': 2.35}
{'loss': 0.4335, 'learning_rate': 8.135903203994591e-05, 'epoch': 2.35}
{'loss': 0.4531, 'learning_rate': 8.131573130136274e-05, 'epoch': 2.36}
{'loss': 0.4524, 'learning_rate': 8.127243056277957e-05, 'epoch': 2.36}
{'loss': 0.4774, 'learning_rate': 8.12291298241964e-05, 'epoch': 2.37}
{'loss': 0.4652, 'learning_rate': 8.118582908561324e-05, 'epoch': 2.37}
{'loss': 0.5012, 'learning_rate': 8.114252834703007e-05, 'epoch': 2.38}
{'loss': 0.4673, 'learning_rate': 8.10992276084469e-05, 'epoch': 2.38}
{'loss': 0.4476, 'learning_rate': 8.105592686986374e-05, 'epoch': 2.38}
{'loss': 0.461, 'learning_rate': 8.101262613128056e-05, 'epoch': 2.39}
{'loss': 0.4608, 'learning_rate': 8.09693253926974e-05, 'epoch': 2.39}
{'loss': 0.4875, 'learning_rate': 8.092602465411423e-05, 'epoch': 2.4}
{'loss': 0.4388, 'learning_rate': 8.088358993030272e-05, 'epoch': 2.4}
{'loss': 0.4822, 'learning_rate': 8.084028919171955e-05, 'epoch': 2.4}
{'loss': 0.4799, 'learning_rate': 8.079698845313638e-05, 'epoch': 2.41}
{'loss': 0.4875, 'learning_rate': 8.075368771455321e-05, 'epoch': 2.41}
{'loss': 0.4485, 'learning_rate': 8.071038697597004e-05, 'epoch': 2.42}
{'loss': 0.4751, 'learning_rate': 8.066708623738687e-05, 'epoch': 2.42}
{'loss': 0.457, 'learning_rate': 8.062378549880371e-05, 'epoch': 2.42}
{'loss': 0.4723, 'learning_rate': 8.058048476022055e-05, 'epoch': 2.43}
{'loss': 0.481, 'learning_rate': 8.053718402163737e-05, 'epoch': 2.43}
{'loss': 0.4256, 'learning_rate': 8.04938832830542e-05, 'epoch': 2.44}
{'loss': 0.468, 'learning_rate': 8.045058254447104e-05, 'epoch': 2.44}
{'loss': 0.449, 'learning_rate': 8.040728180588786e-05, 'epoch': 2.44}
{'loss': 0.4335, 'learning_rate': 8.03639810673047e-05, 'epoch': 2.45}
{'loss': 0.4672, 'learning_rate': 8.032068032872153e-05, 'epoch': 2.45}
{'loss': 0.4813, 'learning_rate': 8.027737959013835e-05, 'epoch': 2.46}
{'loss': 0.4797, 'learning_rate': 8.023407885155519e-05, 'epoch': 2.46}
{'loss': 0.466, 'learning_rate': 8.019077811297202e-05, 'epoch': 2.46}
{'loss': 0.4514, 'learning_rate': 8.014747737438886e-05, 'epoch': 2.47}
{'loss': 0.4409, 'learning_rate': 8.010417663580569e-05, 'epoch': 2.47}
{'loss': 0.4933, 'learning_rate': 8.006087589722251e-05, 'epoch': 2.48}
{'loss': 0.477, 'learning_rate': 8.001757515863935e-05, 'epoch': 2.48}
{'loss': 0.4587, 'learning_rate': 7.997427442005617e-05, 'epoch': 2.49}
{'loss': 0.4619, 'learning_rate': 7.9930973681473e-05, 'epoch': 2.49}
{'loss': 0.4632, 'learning_rate': 7.988767294288984e-05, 'epoch': 2.49}
{'loss': 0.4367, 'learning_rate': 7.984437220430667e-05, 'epoch': 2.5}
{'loss': 0.4699, 'learning_rate': 7.98010714657235e-05, 'epoch': 2.5}
{'loss': 0.4528, 'learning_rate': 7.975777072714034e-05, 'epoch': 2.51}
{'loss': 0.4569, 'learning_rate': 7.971446998855716e-05, 'epoch': 2.51}
{'loss': 0.5001, 'learning_rate': 7.9671169249974e-05, 'epoch': 2.51}
{'loss': 0.4447, 'learning_rate': 7.962786851139083e-05, 'epoch': 2.52}
{'loss': 0.4454, 'learning_rate': 7.958456777280765e-05, 'epoch': 2.52}
{'loss': 0.491, 'learning_rate': 7.954126703422449e-05, 'epoch': 2.53}
{'loss': 0.4797, 'learning_rate': 7.949796629564132e-05, 'epoch': 2.53}
{'loss': 0.4578, 'learning_rate': 7.945466555705816e-05, 'epoch': 2.53}
{'loss': 0.4915, 'learning_rate': 7.941136481847499e-05, 'epoch': 2.54}
{'loss': 0.495, 'learning_rate': 7.936806407989183e-05, 'epoch': 2.54}
{'loss': 0.4423, 'learning_rate': 7.932476334130865e-05, 'epoch': 2.55}
{'loss': 0.4392, 'learning_rate': 7.928146260272548e-05, 'epoch': 2.55}
{'loss': 0.4544, 'learning_rate': 7.923816186414232e-05, 'epoch': 2.55}
{'loss': 0.458, 'learning_rate': 7.919486112555914e-05, 'epoch': 2.56}
{'loss': 0.4341, 'learning_rate': 7.915156038697597e-05, 'epoch': 2.56}
{'loss': 0.4546, 'learning_rate': 7.910825964839281e-05, 'epoch': 2.57}
{'loss': 0.4902, 'learning_rate': 7.906495890980964e-05, 'epoch': 2.57}
{'loss': 0.4916, 'learning_rate': 7.902165817122646e-05, 'epoch': 2.57}
{'loss': 0.4559, 'learning_rate': 7.89783574326433e-05, 'epoch': 2.58}
{'loss': 0.4346, 'learning_rate': 7.893505669406013e-05, 'epoch': 2.58}
{'loss': 0.4592, 'learning_rate': 7.889175595547696e-05, 'epoch': 2.59}
{'loss': 0.4108, 'learning_rate': 7.884845521689379e-05, 'epoch': 2.59}
{'loss': 0.4867, 'learning_rate': 7.880515447831062e-05, 'epoch': 2.6}
{'loss': 0.4564, 'learning_rate': 7.876185373972745e-05, 'epoch': 2.6}
{'loss': 0.4512, 'learning_rate': 7.871855300114428e-05, 'epoch': 2.6}
{'loss': 0.4453, 'learning_rate': 7.867525226256113e-05, 'epoch': 2.61}
{'loss': 0.4527, 'learning_rate': 7.863195152397795e-05, 'epoch': 2.61}
{'loss': 0.446, 'learning_rate': 7.858865078539479e-05, 'epoch': 2.62}
{'loss': 0.4591, 'learning_rate': 7.854535004681162e-05, 'epoch': 2.62}
{'loss': 0.4758, 'learning_rate': 7.850204930822844e-05, 'epoch': 2.62}
{'loss': 0.4665, 'learning_rate': 7.845874856964528e-05, 'epoch': 2.63}
{'loss': 0.4674, 'learning_rate': 7.841544783106211e-05, 'epoch': 2.63}
{'loss': 0.4626, 'learning_rate': 7.837214709247893e-05, 'epoch': 2.64}
{'loss': 0.4747, 'learning_rate': 7.832884635389577e-05, 'epoch': 2.64}
{'loss': 0.4678, 'learning_rate': 7.82855456153126e-05, 'epoch': 2.64}
{'loss': 0.4575, 'learning_rate': 7.824224487672944e-05, 'epoch': 2.65}
{'loss': 0.4546, 'learning_rate': 7.819894413814627e-05, 'epoch': 2.65}
{'loss': 0.4724, 'learning_rate': 7.81556433995631e-05, 'epoch': 2.66}
{'loss': 0.5005, 'learning_rate': 7.811234266097993e-05, 'epoch': 2.66}
{'loss': 0.4933, 'learning_rate': 7.806904192239676e-05, 'epoch': 2.66}
{'loss': 0.4328, 'learning_rate': 7.802574118381358e-05, 'epoch': 2.67}
{'loss': 0.4527, 'learning_rate': 7.798244044523042e-05, 'epoch': 2.67}
{'loss': 0.4729, 'learning_rate': 7.793913970664725e-05, 'epoch': 2.68}
{'loss': 0.4494, 'learning_rate': 7.789583896806409e-05, 'epoch': 2.68}
{'loss': 0.4477, 'learning_rate': 7.785340424425258e-05, 'epoch': 2.68}
{'loss': 0.4493, 'learning_rate': 7.781010350566941e-05, 'epoch': 2.69}
{'loss': 0.4283, 'learning_rate': 7.776680276708624e-05, 'epoch': 2.69}
{'loss': 0.4679, 'learning_rate': 7.772350202850308e-05, 'epoch': 2.7}
{'loss': 0.4703, 'learning_rate': 7.768020128991991e-05, 'epoch': 2.7}
{'loss': 0.442, 'learning_rate': 7.763690055133674e-05, 'epoch': 2.71}
{'loss': 0.425, 'learning_rate': 7.759359981275357e-05, 'epoch': 2.71}
{'loss': 0.4745, 'learning_rate': 7.755029907417039e-05, 'epoch': 2.71}
{'loss': 0.4703, 'learning_rate': 7.750699833558723e-05, 'epoch': 2.72}
{'loss': 0.4688, 'learning_rate': 7.746369759700406e-05, 'epoch': 2.72}
{'loss': 0.4792, 'learning_rate': 7.74203968584209e-05, 'epoch': 2.73}
{'loss': 0.4639, 'learning_rate': 7.737709611983773e-05, 'epoch': 2.73}
{'loss': 0.47, 'learning_rate': 7.733379538125455e-05, 'epoch': 2.73}
{'loss': 0.4284, 'learning_rate': 7.729049464267139e-05, 'epoch': 2.74}
{'loss': 0.4625, 'learning_rate': 7.724719390408822e-05, 'epoch': 2.74}
{'loss': 0.4722, 'learning_rate': 7.720389316550504e-05, 'epoch': 2.75}
{'loss': 0.4708, 'learning_rate': 7.716059242692188e-05, 'epoch': 2.75}
{'loss': 0.4229, 'learning_rate': 7.711729168833871e-05, 'epoch': 2.75}
{'loss': 0.489, 'learning_rate': 7.707399094975553e-05, 'epoch': 2.76}
{'loss': 0.4464, 'learning_rate': 7.703069021117237e-05, 'epoch': 2.76}
{'loss': 0.4179, 'learning_rate': 7.698738947258922e-05, 'epoch': 2.77}
{'loss': 0.5034, 'learning_rate': 7.694408873400604e-05, 'epoch': 2.77}
{'loss': 0.4773, 'learning_rate': 7.690078799542287e-05, 'epoch': 2.77}
{'loss': 0.4691, 'learning_rate': 7.685748725683971e-05, 'epoch': 2.78}
{'loss': 0.4687, 'learning_rate': 7.681418651825653e-05, 'epoch': 2.78}
{'loss': 0.4928, 'learning_rate': 7.677088577967336e-05, 'epoch': 2.79}
{'loss': 0.4791, 'learning_rate': 7.67275850410902e-05, 'epoch': 2.79}
{'loss': 0.4561, 'learning_rate': 7.668428430250702e-05, 'epoch': 2.79}
{'loss': 0.4594, 'learning_rate': 7.664098356392385e-05, 'epoch': 2.8}
{'loss': 0.4432, 'learning_rate': 7.659768282534069e-05, 'epoch': 2.8}
{'loss': 0.5254, 'learning_rate': 7.655438208675752e-05, 'epoch': 2.81}
{'loss': 0.4551, 'learning_rate': 7.651108134817436e-05, 'epoch': 2.81}
{'loss': 0.4289, 'learning_rate': 7.646778060959118e-05, 'epoch': 2.82}
{'loss': 0.4521, 'learning_rate': 7.642447987100801e-05, 'epoch': 2.82}
{'loss': 0.4496, 'learning_rate': 7.638117913242485e-05, 'epoch': 2.82}
{'loss': 0.4398, 'learning_rate': 7.633787839384167e-05, 'epoch': 2.83}
{'loss': 0.4547, 'learning_rate': 7.62945776552585e-05, 'epoch': 2.83}
{'loss': 0.4955, 'learning_rate': 7.625127691667534e-05, 'epoch': 2.84}
{'loss': 0.4596, 'learning_rate': 7.620797617809217e-05, 'epoch': 2.84}
{'loss': 0.4901, 'learning_rate': 7.616467543950901e-05, 'epoch': 2.84}
{'loss': 0.4548, 'learning_rate': 7.612137470092583e-05, 'epoch': 2.85}
{'loss': 0.4377, 'learning_rate': 7.607807396234266e-05, 'epoch': 2.85}
{'loss': 0.4324, 'learning_rate': 7.60347732237595e-05, 'epoch': 2.86}
{'loss': 0.436, 'learning_rate': 7.599147248517632e-05, 'epoch': 2.86}
{'loss': 0.4597, 'learning_rate': 7.594817174659316e-05, 'epoch': 2.86}
{'loss': 0.461, 'learning_rate': 7.590487100800999e-05, 'epoch': 2.87}
{'loss': 0.4565, 'learning_rate': 7.586157026942683e-05, 'epoch': 2.87}
{'loss': 0.4644, 'learning_rate': 7.581826953084366e-05, 'epoch': 2.88}
{'loss': 0.4408, 'learning_rate': 7.57749687922605e-05, 'epoch': 2.88}
{'loss': 0.4245, 'learning_rate': 7.573166805367732e-05, 'epoch': 2.88}
{'loss': 0.4568, 'learning_rate': 7.568836731509415e-05, 'epoch': 2.89}
{'loss': 0.4371, 'learning_rate': 7.564506657651099e-05, 'epoch': 2.89}
{'loss': 0.5094, 'learning_rate': 7.560263185269947e-05, 'epoch': 2.9}
{'loss': 0.4629, 'learning_rate': 7.555933111411631e-05, 'epoch': 2.9}
{'loss': 0.4675, 'learning_rate': 7.551603037553313e-05, 'epoch': 2.9}
{'loss': 0.4604, 'learning_rate': 7.547272963694996e-05, 'epoch': 2.91}
{'loss': 0.4272, 'learning_rate': 7.54294288983668e-05, 'epoch': 2.91}
{'loss': 0.4881, 'learning_rate': 7.538612815978362e-05, 'epoch': 2.92}
{'loss': 0.4621, 'learning_rate': 7.534282742120046e-05, 'epoch': 2.92}
{'loss': 0.442, 'learning_rate': 7.52995266826173e-05, 'epoch': 2.93}
{'loss': 0.4552, 'learning_rate': 7.525622594403412e-05, 'epoch': 2.93}
{'loss': 0.4459, 'learning_rate': 7.521292520545096e-05, 'epoch': 2.93}
{'loss': 0.4727, 'learning_rate': 7.51696244668678e-05, 'epoch': 2.94}
{'loss': 0.4541, 'learning_rate': 7.512632372828462e-05, 'epoch': 2.94}
{'loss': 0.4735, 'learning_rate': 7.508302298970145e-05, 'epoch': 2.95}
{'loss': 0.4946, 'learning_rate': 7.503972225111829e-05, 'epoch': 2.95}
{'loss': 0.4599, 'learning_rate': 7.49964215125351e-05, 'epoch': 2.95}
{'loss': 0.4797, 'learning_rate': 7.495312077395194e-05, 'epoch': 2.96}
{'loss': 0.4504, 'learning_rate': 7.490982003536878e-05, 'epoch': 2.96}
{'loss': 0.4691, 'learning_rate': 7.486651929678561e-05, 'epoch': 2.97}
{'loss': 0.4711, 'learning_rate': 7.482321855820243e-05, 'epoch': 2.97}
{'loss': 0.4534, 'learning_rate': 7.477991781961928e-05, 'epoch': 2.97}
{'loss': 0.4726, 'learning_rate': 7.47366170810361e-05, 'epoch': 2.98}
{'loss': 0.4545, 'learning_rate': 7.469331634245292e-05, 'epoch': 2.98}
{'loss': 0.4311, 'learning_rate': 7.465001560386976e-05, 'epoch': 2.99}
{'loss': 0.4606, 'learning_rate': 7.460671486528659e-05, 'epoch': 2.99}
{'loss': 0.4828, 'learning_rate': 7.456341412670343e-05, 'epoch': 2.99}
{'loss': 0.4629, 'learning_rate': 7.452011338812026e-05, 'epoch': 3.0}
[INFO|trainer.py:520] 2026-10-04 16:36:41,804 >> The following columns in the evaluation set  don't have a corresponding argument in `PETLEncModel.forward` and have been ignored: idx, hypothesis, premise.
[INFO|trainer.py:2179] 2026-10-04 16:36:41,806 >> ***** Running Evaluation *****
[INFO|trainer.py:2181] 2026-10-04 16:36:41,806 >>   Num examples = 9815
[INFO|trainer.py:2184] 2026-10-04 16:36:41,806 >>   Batch size = 32
{'eval_loss': 0.41678962111473083, 'eval_accuracy': 0.845746306673459, 'eval_runtime': 9.0927, 'eval_samples_per_second': 1079.442, 'eval_steps_per_second': 33.763, 'epoch': 3.0}
[INFO|trainer.py:1933] 2026-10-04 16:36:50,899 >> Saving model checkpoint to checkpoints/glue/mnli/20261004/glue.mnli.prefix.am_prefix.ao_concat.fm_none.fo_parallel.abn.fbn.ac_add.fl_none.finit_lora.fs_4.unfrz_ef_.ne10.warm0.06.wd0.1.seed6./checkpoint-36816
[INFO|configuration_utils.py:364] 2026-10-04 16:36:50,901 >> Configuration saved in checkpoints/glue/mnli/20261004/glue.mnli.prefix.am_prefix.ao_concat.fm_none.fo_parallel.abn.fbn.ac_add.fl_none.finit_lora.fs_4.unfrz_ef_.ne10.warm0.06.wd0.1.seed6./checkpoint-36816/config.json
[INFO|modeling_utils.py:898] 2026-10-04 16:36:51,324 >> Model weights saved in checkpoints/glue/mnli/20261004/glue.mnli.prefix.am_prefix.ao_concat.fm_none.fo_parallel.abn.fbn.ac_add.fl_none.finit_lora.fs_4.unfrz_ef_.ne10.warm0.06.wd0.1.seed6./checkpoint-36816/pytorch_model.bin
[INFO|tokenization_utils_base.py:1948] 2026-10-04 16:36:51,325 >> tokenizer config file saved in checkpoints/glue/mnli/20261004/glue.mnli.prefix.am_prefix.ao_concat.fm_none.fo_parallel.abn.fbn.ac_add.fl_none.finit_lora.fs_4.unfrz_ef_.ne10.warm0.06.wd0.1.seed6./checkpoint-36816/tokenizer_config.json
[INFO|tokenization_utils_base.py:1954] 2026-10-04 16:36:51,325 >> Special tokens file saved in checkpoints/glue/mnli/20261004/glue.mnli.prefix.am_prefix.ao_concat.fm_none.fo_parallel.abn.fbn.ac_add.fl_none.finit_lora.fs_4.unfrz_ef_.ne10.warm0.06.wd0.1.seed6./checkpoint-36816/special_tokens_map.json
[INFO|trainer.py:2009] 2026-10-04 16:36:51,474 >> Deleting older checkpoint [checkpoints/glue/mnli/20261004/glue.mnli.prefix.am_prefix.ao_concat.fm_none.fo_parallel.abn.fbn.ac_add.fl_none.finit_lora.fs_4.unfrz_ef_.ne10.warm0.06.wd0.1.seed6./checkpoint-12272] due to args.save_total_limit
/work/unify-parameter-efficient-tuning/src/transformers/trainer.py:1784: FutureWarning: `torch.cuda.amp.autocast(args...)` is deprecated. Please use `torch.amp.autocast('cuda', args...)` instead.
  with autocast():
{'loss': 0.4466, 'learning_rate': 7.44768126495371e-05, 'epoch': 3.0}
{'loss': 0.4333, 'learning_rate': 7.443351191095392e-05, 'epoch': 3.01}
{'loss': 0.46, 'learning_rate': 7.439021117237075e-05, 'epoch': 3.01}
{'loss': 0.4588, 'learning_rate': 7.434691043378759e-05, 'epoch': 3.01}
{'loss': 0.4709, 'learning_rate': 7.430360969520441e-05, 'epoch': 3.02}
{'loss': 0.4542, 'learning_rate': 7.426030895662124e-05, 'epoch': 3.02}
{'loss': 0.4853, 'learning_rate': 7.421700821803808e-05, 'epoch': 3.03}
{'loss': 0.4493, 'learning_rate': 7.417370747945491e-05, 'epoch': 3.03}
{'loss': 0.4369, 'learning_rate': 7.413040674087175e-05, 'epoch': 3.04}
{'loss': 0.4574, 'learning_rate': 7.408710600228858e-05, 'epoch': 3.04}
{'loss': 0.4538, 'learning_rate': 7.40438052637054e-05, 'epoch': 3.04}
{'loss': 0.4493, 'learning_rate': 7.400050452512224e-05, 'epoch': 3.05}
{'loss': 0.4506, 'learning_rate': 7.395720378653907e-05, 'epoch': 3.05}
{'loss': 0.4607, 'learning_rate': 7.39139030479559e-05, 'epoch': 3.06}
{'loss': 0.4675, 'learning_rate': 7.387060230937272e-05, 'epoch': 3.06}
{'loss': 0.4493, 'learning_rate': 7.382730157078956e-05, 'epoch': 3.06}
{'loss': 0.458, 'learning_rate': 7.37840008322064e-05, 'epoch': 3.07}
{'loss': 0.4632, 'learning_rate': 7.374070009362322e-05, 'epoch': 3.07}
{'loss': 0.4578, 'learning_rate': 7.369739935504007e-05, 'epoch': 3.08}
{'loss': 0.4398, 'learning_rate': 7.365409861645689e-05, 'epoch': 3.08}
{'loss': 0.4458, 'learning_rate': 7.361166389264539e-05, 'epoch': 3.08}
{'loss': 0.4627, 'learning_rate': 7.356836315406221e-05, 'epoch': 3.09}
{'loss': 0.4664, 'learning_rate': 7.352506241547905e-05, 'epoch': 3.09}
{'loss': 0.4449, 'learning_rate': 7.348176167689588e-05, 'epoch': 3.1}
{'loss': 0.4395, 'learning_rate': 7.34384609383127e-05, 'epoch': 3.1}
{'loss': 0.4319, 'learning_rate': 7.339516019972954e-05, 'epoch': 3.1}
{'loss': 0.4666, 'learning_rate': 7.335185946114637e-05, 'epoch': 3.11}
{'loss': 0.4414, 'learning_rate': 7.33085587225632e-05, 'epoch': 3.11}
{'loss': 0.3912, 'learning_rate': 7.326525798398003e-05, 'epoch': 3.12}
{'loss': 0.4898, 'learning_rate': 7.322195724539688e-05, 'epoch': 3.12}
{'loss': 0.4511, 'learning_rate': 7.31786565068137e-05, 'epoch': 3.12}
{'loss': 0.4295, 'learning_rate': 7.313535576823052e-05, 'epoch': 3.13}
{'loss': 0.4487, 'learning_rate': 7.309205502964735e-05, 'epoch': 3.13}
{'loss': 0.4502, 'learning_rate': 7.304875429106419e-05, 'epoch': 3.14}
{'loss': 0.4182, 'learning_rate': 7.300545355248101e-05, 'epoch': 3.14}
{'loss': 0.453, 'learning_rate': 7.296215281389784e-05, 'epoch': 3.15}
{'loss': 0.4317, 'learning_rate': 7.291885207531468e-05, 'epoch': 3.15}
{'loss': 0.4393, 'learning_rate': 7.287555133673151e-05, 'epoch': 3.15}
{'loss': 0.4189, 'learning_rate': 7.283225059814835e-05, 'epoch': 3.16}
{'loss': 0.4219, 'learning_rate': 7.278894985956518e-05, 'epoch': 3.16}
{'loss': 0.451, 'learning_rate': 7.2745649120982e-05, 'epoch': 3.17}
{'loss': 0.4261, 'learning_rate': 7.270234838239884e-05, 'epoch': 3.17}
{'loss': 0.4597, 'learning_rate': 7.265904764381567e-05, 'epoch': 3.17}
{'loss': 0.4518, 'learning_rate': 7.26157469052325e-05, 'epoch': 3.18}
{'loss': 0.4636, 'learning_rate': 7.257244616664933e-05, 'epoch': 3.18}
{'loss': 0.4372, 'learning_rate': 7.252914542806617e-05, 'epoch': 3.19}
{'loss': 0.4573, 'learning_rate': 7.2485844689483e-05, 'epoch': 3.19}
{'loss': 0.4507, 'learning_rate': 7.244254395089983e-05, 'epoch': 3.19}
{'loss': 0.4304, 'learning_rate': 7.239924321231667e-05, 'epoch': 3.2}
{'loss': 0.4487, 'learning_rate': 7.235594247373349e-05, 'epoch': 3.2}
{'loss': 0.4641, 'learning_rate': 7.231264173515031e-05, 'epoch': 3.21}
{'loss': 0.4472, 'learning_rate': 7.226934099656716e-05, 'epoch': 3.21}
{'loss': 0.44, 'learning_rate': 7.222604025798398e-05, 'epoch': 3.21}
{'loss': 0.4252, 'learning_rate': 7.21827395194008e-05, 'epoch': 3.22}
{'loss': 0.4473, 'learning_rate': 7.213943878081765e-05, 'epoch': 3.22}
{'loss': 0.4316, 'learning_rate': 7.209613804223449e-05, 'epoch': 3.23}
{'loss': 0.4598, 'learning_rate': 7.20528373036513e-05, 'epoch': 3.23}
{'loss': 0.4663, 'learning_rate': 7.200953656506814e-05, 'epoch': 3.24}
{'loss': 0.4206, 'learning_rate': 7.196710184125664e-05, 'epoch': 3.24}
{'loss': 0.4792, 'learning_rate': 7.192380110267348e-05, 'epoch': 3.24}
{'loss': 0.4389, 'learning_rate': 7.18805003640903e-05, 'epoch': 3.25}
{'loss': 0.4159, 'learning_rate': 7.183719962550713e-05, 'epoch': 3.25}
{'loss': 0.437, 'learning_rate': 7.179389888692397e-05, 'epoch': 3.26}
{'loss': 0.4478, 'learning_rate': 7.175059814834079e-05, 'epoch': 3.26}
{'loss': 0.4504, 'learning_rate': 7.170729740975761e-05, 'epoch': 3.26}
{'loss': 0.4638, 'learning_rate': 7.166399667117446e-05, 'epoch': 3.27}
{'loss': 0.4541, 'learning_rate': 7.162069593259128e-05, 'epoch': 3.27}
{'loss': 0.4071, 'learning_rate': 7.157739519400812e-05, 'epoch': 3.28}
{'loss': 0.4338, 'learning_rate': 7.153409445542496e-05, 'epoch': 3.28}
{'loss': 0.4511, 'learning_rate': 7.149079371684179e-05, 'epoch': 3.28}
{'loss': 0.4563, 'learning_rate': 7.14474929782586e-05, 'epoch': 3.29}
{'loss': 0.4324, 'learning_rate': 7.140419223967544e-05, 'epoch': 3.29}
{'loss': 0.4447, 'learning_rate': 7.136089150109228e-05, 'epoch': 3.3}
{'loss': 0.4825, 'learning_rate': 7.13175907625091e-05, 'epoch': 3.3}
{'loss': 0.4733, 'learning_rate': 7.127429002392593e-05, 'epoch': 3.3}
{'loss': 0.4445, 'learning_rate': 7.123098928534277e-05, 'epoch': 3.31}
{'loss': 0.4699, 'learning_rate': 7.11876885467596e-05, 'epoch': 3.31}
{'loss': 0.4764, 'learning_rate': 7.114438780817644e-05, 'epoch': 3.32}
{'loss': 0.4348, 'learning_rate': 7.110108706959327e-05, 'epoch': 3.32}
{'loss': 0.4288, 'learning_rate': 7.105778633101009e-05, 'epoch': 3.32}
{'loss': 0.4474, 'learning_rate': 7.101448559242693e-05, 'epoch': 3.33}
{'loss': 0.4408, 'learning_rate': 7.097118485384376e-05, 'epoch': 3.33}
{'loss': 0.4228, 'learning_rate': 7.092788411526058e-05, 'epoch': 3.34}
{'loss': 0.445, 'learning_rate': 7.088458337667742e-05, 'epoch': 3.34}
{'loss': 0.4518, 'learning_rate': 7.084128263809425e-05, 'epoch': 3.35}
{'loss': 0.467, 'learning_rate': 7.079798189951109e-05, 'epoch': 3.35}
{'loss': 0.4429, 'learning_rate': 7.075468116092792e-05, 'epoch': 3.35}
{'loss': 0.4707, 'learning_rate': 7.071138042234476e-05, 'epoch': 3.36}
{'loss': 0.482, 'learning_rate': 7.066807968376158e-05, 'epoch': 3.36}
{'loss': 0.405, 'learning_rate': 7.06247789451784e-05, 'epoch': 3.37}
{'loss': 0.4513, 'learning_rate': 7.058147820659525e-05, 'epoch': 3.37}
{'loss': 0.4828, 'learning_rate': 7.053817746801207e-05, 'epoch': 3.37}
{'loss': 0.4327, 'learning_rate': 7.049487672942889e-05, 'epoch': 3.38}
{'loss': 0.4346, 'learning_rate': 7.045157599084574e-05, 'epoch': 3.38}
{'loss': 0.4641, 'learning_rate': 7.040827525226257e-05, 'epoch': 3.39}
{'loss': 0.4438, 'learning_rate': 7.03649745136794e-05, 'epoch': 3.39}
{'loss': 0.4434, 'learning_rate': 7.032167377509623e-05, 'epoch': 3.39}
{'loss': 0.4449, 'learning_rate': 7.027837303651306e-05, 'epoch': 3.4}
{'loss': 0.4467, 'learning_rate': 7.023507229792988e-05, 'epoch': 3.4}
{'loss': 0.4557, 'learning_rate': 7.019177155934672e-05, 'epoch': 3.41}
{'loss': 0.4673, 'learning_rate': 7.014847082076355e-05, 'epoch': 3.41}
{'loss': 0.4629, 'learning_rate': 7.010517008218038e-05, 'epoch': 3.41}
{'loss': 0.4473, 'learning_rate': 7.006186934359721e-05, 'epoch': 3.42}
{'loss': 0.4735, 'learning_rate': 7.001856860501404e-05, 'epoch': 3.42}
{'loss': 0.4361, 'learning_rate': 6.997526786643088e-05, 'epoch': 3.43}
{'loss': 0.4723, 'learning_rate': 6.993196712784771e-05, 'epoch': 3.43}
{'loss': 0.4449, 'learning_rate': 6.988866638926455e-05, 'epoch': 3.43}
{'loss': 0.4347, 'learning_rate': 6.984536565068137e-05, 'epoch': 3.44}
{'loss': 0.4464, 'learning_rate': 6.98020649120982e-05, 'epoch': 3.44}
{'loss': 0.4464, 'learning_rate': 6.975876417351504e-05, 'epoch': 3.45}
{'loss': 0.4993, 'learning_rate': 6.971546343493186e-05, 'epoch': 3.45}
{'loss': 0.4734, 'learning_rate': 6.96721626963487e-05, 'epoch': 3.46}
{'loss': 0.4557, 'learning_rate': 6.962886195776553e-05, 'epoch': 3.46}
{'loss': 0.4548, 'learning_rate': 6.958556121918237e-05, 'epoch': 3.46}
{'loss': 0.4924, 'learning_rate': 6.954226048059919e-05, 'epoch': 3.47}
{'loss': 0.4371, 'learning_rate': 6.949895974201603e-05, 'epoch': 3.47}
{'loss': 0.4641, 'learning_rate': 6.945565900343286e-05, 'epoch': 3.48}
{'loss': 0.4406, 'learning_rate': 6.941235826484968e-05, 'epoch': 3.48}
{'loss': 0.4457, 'learning_rate': 6.936905752626651e-05, 'epoch': 3.48}
{'loss': 0.4577, 'learning_rate': 6.932575678768335e-05, 'epoch': 3.49}
{'loss': 0.4269, 'learning_rate': 6.928245604910018e-05, 'epoch': 3.49}
{'loss': 0.4658, 'learning_rate': 6.923915531051702e-05, 'epoch': 3.5}
{'loss': 0.4378, 'learning_rate': 6.919585457193385e-05, 'epoch': 3.5}
{'loss': 0.4342, 'learning_rate': 6.915255383335067e-05, 'epoch': 3.5}
{'loss': 0.4812, 'learning_rate': 6.910925309476751e-05, 'epoch': 3.51}
{'loss': 0.4819, 'learning_rate': 6.906595235618434e-05, 'epoch': 3.51}
{'loss': 0.4699, 'learning_rate': 6.902265161760116e-05, 'epoch': 3.52}
{'loss': 0.4545, 'learning_rate': 6.8979350879018e-05, 'epoch': 3.52}
{'loss': 0.4544, 'learning_rate': 6.893605014043483e-05, 'epoch': 3.52}
{'loss': 0.4412, 'learning_rate': 6.889274940185165e-05, 'epoch': 3.53}
{'loss': 0.4395, 'learning_rate': 6.88494486632685e-05, 'epoch': 3.53}
{'loss': 0.4671, 'learning_rate': 6.880614792468534e-05, 'epoch': 3.54}
{'loss': 0.4487, 'learning_rate': 6.876284718610216e-05, 'epoch': 3.54}
{'loss': 0.4268, 'learning_rate': 6.871954644751899e-05, 'epoch': 3.54}
{'loss': 0.4396, 'learning_rate': 6.867624570893583e-05, 'epoch': 3.55}
{'loss': 0.4438, 'learning_rate': 6.863294497035265e-05, 'epoch': 3.55}
{'loss': 0.4512, 'learning_rate': 6.858964423176947e-05, 'epoch': 3.56}
{'loss': 0.4345, 'learning_rate': 6.854634349318632e-05, 'epoch': 3.56}
{'loss': 0.4562, 'learning_rate': 6.850304275460314e-05, 'epoch': 3.57}
{'loss': 0.4519, 'learning_rate': 6.845974201601997e-05, 'epoch': 3.57}
{'loss': 0.4202, 'learning_rate': 6.841644127743682e-05, 'epoch': 3.57}
{'loss': 0.4433, 'learning_rate': 6.837314053885364e-05, 'epoch': 3.58}
{'loss': 0.4309, 'learning_rate': 6.832983980027046e-05, 'epoch': 3.58}
{'loss': 0.426, 'learning_rate': 6.82865390616873e-05, 'epoch': 3.59}
{'loss': 0.439, 'learning_rate': 6.824323832310413e-05, 'epoch': 3.59}
{'loss': 0.4904, 'learning_rate': 6.819993758452096e-05, 'epoch': 3.59}
{'loss': 0.4204, 'learning_rate': 6.815750286070946e-05, 'epoch': 3.6}
{'loss': 0.4214, 'learning_rate': 6.811420212212629e-05, 'epoch': 3.6}
{'loss': 0.4405, 'learning_rate': 6.807176739831478e-05, 'epoch': 3.61}
{'loss': 0.4588, 'learning_rate': 6.802846665973162e-05, 'epoch': 3.61}
{'loss': 0.4453, 'learning_rate': 6.798516592114845e-05, 'epoch': 3.61}
{'loss': 0.4276, 'learning_rate': 6.794186518256527e-05, 'epoch': 3.62}
{'loss': 0.4372, 'learning_rate': 6.78985644439821e-05, 'epoch': 3.62}
{'loss': 0.4303, 'learning_rate': 6.785526370539894e-05, 'epoch': 3.63}
{'loss': 0.4411, 'learning_rate': 6.781196296681578e-05, 'epoch': 3.63}
{'loss': 0.441, 'learning_rate': 6.776866222823261e-05, 'epoch': 3.63}
{'loss': 0.445, 'learning_rate': 6.772536148964945e-05, 'epoch': 3.64}
{'loss': 0.4613, 'learning_rate': 6.768206075106627e-05, 'epoch': 3.64}
{'loss': 0.4389, 'learning_rate': 6.76387600124831e-05, 'epoch': 3.65}
{'loss': 0.4574, 'learning_rate': 6.759545927389994e-05, 'epoch': 3.65}
{'loss': 0.4179, 'learning_rate': 6.755215853531676e-05, 'epoch': 3.65}
{'loss': 0.4118, 'learning_rate': 6.750885779673359e-05, 'epoch': 3.66}
{'loss': 0.4406, 'learning_rate': 6.746555705815043e-05, 'epoch': 3.66}
{'loss': 0.4491, 'learning_rate': 6.742225631956726e-05, 'epoch': 3.67}
{'loss': 0.4444, 'learning_rate': 6.737895558098408e-05, 'epoch': 3.67}
{'loss': 0.4628, 'learning_rate': 6.733565484240093e-05, 'epoch': 3.68}
{'loss': 0.4413, 'learning_rate': 6.729235410381775e-05, 'epoch': 3.68}
{'loss': 0.4503, 'learning_rate': 6.724905336523457e-05, 'epoch': 3.68}
{'loss': 0.441, 'learning_rate': 6.720575262665141e-05, 'epoch': 3.69}
{'loss': 0.4631, 'learning_rate': 6.716245188806824e-05, 'epoch': 3.69}
{'loss': 0.4717, 'learning_rate': 6.711915114948506e-05, 'epoch': 3.7}
{'loss': 0.4426, 'learning_rate': 6.707585041090191e-05, 'epoch': 3.7}
{'loss': 0.4724, 'learning_rate': 6.703254967231875e-05, 'epoch': 3.7}
{'loss': 0.4383, 'learning_rate': 6.698924893373557e-05, 'epoch': 3.71}
{'loss': 0.4516, 'learning_rate': 6.69459481951524e-05, 'epoch': 3.71}
{'loss': 0.4708, 'learning_rate': 6.690264745656924e-05, 'epoch': 3.72}
{'loss': 0.4543, 'learning_rate': 6.685934671798606e-05, 'epoch': 3.72}
{'loss': 0.426, 'learning_rate': 6.68160459794029e-05, 'epoch': 3.72}
{'loss': 0.4623, 'learning_rate': 6.677274524081973e-05, 'epoch': 3.73}
{'loss': 0.4444, 'learning_rate': 6.672944450223655e-05, 'epoch': 3.73}
{'loss': 0.405, 'learning_rate': 6.668614376365338e-05, 'epoch': 3.74}
{'loss': 0.4194, 'learning_rate': 6.664284302507023e-05, 'epoch': 3.74}
{'loss': 0.4338, 'learning_rate': 6.659954228648705e-05, 'epoch': 3.74}
{'loss': 0.4446, 'learning_rate': 6.655624154790389e-05, 'epoch': 3.75}
{'loss': 0.4622, 'learning_rate': 6.651294080932072e-05, 'epoch': 3.75}
{'loss': 0.437, 'learning_rate': 6.646964007073755e-05, 'epoch': 3.76}
{'loss': 0.4307, 'learning_rate': 6.642633933215437e-05, 'epoch': 3.76}
{'loss': 0.4549, 'learning_rate': 6.638303859357121e-05, 'epoch': 3.76}
{'loss': 0.4271, 'learning_rate': 6.633973785498804e-05, 'epoch': 3.77}
{'loss': 0.4502, 'learning_rate': 6.629643711640487e-05, 'epoch': 3.77}
{'loss': 0.4526, 'learning_rate': 6.62531363778217e-05, 'epoch': 3.78}
{'loss': 0.4335, 'learning_rate': 6.620983563923854e-05, 'epoch': 3.78}
{'loss': 0.4485, 'learning_rate': 6.616653490065536e-05, 'epoch': 3.79}
{'loss': 0.4411, 'learning_rate': 6.61232341620722e-05, 'epoch': 3.79}
{'loss': 0.4502, 'learning_rate': 6.607993342348903e-05, 'epoch': 3.79}
{'loss': 0.4095, 'learning_rate': 6.603663268490585e-05, 'epoch': 3.8}
{'loss': 0.4512, 'learning_rate': 6.599333194632269e-05, 'epoch': 3.8}
{'loss': 0.4181, 'learning_rate': 6.595003120773952e-05, 'epoch': 3.81}
{'loss': 0.453, 'learning_rate': 6.590673046915636e-05, 'epoch': 3.81}
{'loss': 0.4654, 'learning_rate': 6.586342973057319e-05, 'epoch': 3.81}
{'loss': 0.4478, 'learning_rate': 6.582012899199003e-05, 'epoch': 3.82}
{'loss': 0.4407, 'learning_rate': 6.577682825340685e-05, 'epoch': 3.82}
{'loss': 0.4707, 'learning_rate': 6.573352751482368e-05, 'epoch': 3.83}
{'loss': 0.4316, 'learning_rate': 6.569022677624052e-05, 'epoch': 3.83}
{'loss': 0.4879, 'learning_rate': 6.564692603765734e-05, 'epoch': 3.83}
{'loss': 0.423, 'learning_rate': 6.560362529907417e-05, 'epoch': 3.84}
{'loss': 0.4841, 'learning_rate': 6.556032456049101e-05, 'epoch': 3.84}
{'loss': 0.4179, 'learning_rate': 6.551702382190784e-05, 'epoch': 3.85}
{'loss': 0.4681, 'learning_rate': 6.547372308332468e-05, 'epoch': 3.85}
{'loss': 0.4151, 'learning_rate': 6.543042234474151e-05, 'epoch': 3.85}
{'loss': 0.4557, 'learning_rate': 6.538712160615833e-05, 'epoch': 3.86}
{'loss': 0.4365, 'learning_rate': 6.534382086757515e-05, 'epoch': 3.86}
{'loss': 0.4651, 'learning_rate': 6.5300520128992e-05, 'epoch': 3.87}
{'loss': 0.4507, 'learning_rate': 6.525721939040882e-05, 'epoch': 3.87}
{'loss': 0.4716, 'learning_rate': 6.521391865182564e-05, 'epoch': 3.87}
{'loss': 0.4529, 'learning_rate': 6.517148392801415e-05, 'epoch': 3.88}
{'loss': 0.4819, 'learning_rate': 6.512818318943098e-05, 'epoch': 3.88}
{'loss': 0.4086, 'learning_rate': 6.508488245084782e-05, 'epoch': 3.89}
{'loss': 0.4678, 'learning_rate': 6.504158171226464e-05, 'epoch': 3.89}
{'loss': 0.414, 'learning_rate': 6.499828097368147e-05, 'epoch': 3.9}
{'loss': 0.461, 'learning_rate': 6.495498023509832e-05, 'epoch': 3.9}
{'loss': 0.4262, 'learning_rate': 6.491167949651514e-05, 'epoch': 3.9}
{'loss': 0.4372, 'learning_rate': 6.486837875793198e-05, 'epoch': 3.91}
{'loss': 0.3953, 'learning_rate': 6.482507801934881e-05, 'epoch': 3.91}
{'loss': 0.4406, 'learning_rate': 6.478177728076563e-05, 'epoch': 3.92}
{'loss': 0.4965, 'learning_rate': 6.473847654218245e-05, 'epoch': 3.92}
{'loss': 0.4031, 'learning_rate': 6.46951758035993e-05, 'epoch': 3.92}
{'loss': 0.4453, 'learning_rate': 6.465187506501612e-05, 'epoch': 3.93}
{'loss': 0.4368, 'learning_rate': 6.460857432643296e-05, 'epoch': 3.93}
{'loss': 0.4233, 'learning_rate': 6.456527358784979e-05, 'epoch': 3.94}
{'loss': 0.4312, 'learning_rate': 6.452197284926663e-05, 'epoch': 3.94}
{'loss': 0.4382, 'learning_rate': 6.447867211068345e-05, 'epoch': 3.94}
{'loss': 0.4477, 'learning_rate': 6.443537137210028e-05, 'epoch': 3.95}
{'loss': 0.4413, 'learning_rate': 6.439207063351712e-05, 'epoch': 3.95}
{'loss': 0.4394, 'learning_rate': 6.434876989493394e-05, 'epoch': 3.96}
{'loss': 0.4032, 'learning_rate': 6.430546915635077e-05, 'epoch': 3.96}
{'loss': 0.4455, 'learning_rate': 6.426216841776761e-05, 'epoch': 3.96}
{'loss': 0.4529, 'learning_rate': 6.421886767918444e-05, 'epoch': 3.97}
{'loss': 0.4279, 'learning_rate': 6.417556694060128e-05, 'epoch': 3.97}
{'loss': 0.4354, 'learning_rate': 6.413226620201811e-05, 'epoch': 3.98}
{'loss': 0.4608, 'learning_rate': 6.408896546343493e-05, 'epoch': 3.98}
{'loss': 0.4373, 'learning_rate': 6.404566472485177e-05, 'epoch': 3.98}
{'loss': 0.4333, 'learning_rate': 6.40023639862686e-05, 'epoch': 3.99}
{'loss': 0.4539, 'learning_rate': 6.395906324768542e-05, 'epoch': 3.99}
{'loss': 0.461, 'learning_rate': 6.391576250910226e-05, 'epoch': 4.0}
[INFO|trainer.py:520] 2026-10-04 16:41:54,162 >> The following columns in the evaluation set  don't have a corresponding argument in `PETLEncModel.forward` and have been ignored: idx, hypothesis, premise.
[INFO|trainer.py:2179] 2026-10-04 16:41:54,164 >> ***** Running Evaluation *****
[INFO|trainer.py:2181] 2026-10-04 16:41:54,164 >>   Num examples = 9815
[INFO|trainer.py:2184] 2026-10-04 16:41:54,164 >>   Batch size = 32
{'eval_loss': 0.41931167244911194, 'eval_accuracy': 0.8428935303107489, 'eval_runtime': 9.298, 'eval_samples_per_second': 1055.598, 'eval_steps_per_second': 33.018, 'epoch': 4.0}
[INFO|trainer.py:1933] 2026-10-04 16:42:03,480 >> Saving model checkpoint to checkpoints/glue/mnli/20261004/glue.mnli.prefix.am_prefix.ao_concat.fm_none.fo_parallel.abn.fbn.ac_add.fl_none.finit_lora.fs_4.unfrz_ef_.ne10.warm0.06.wd0.1.seed6./checkpoint-49088
[INFO|configuration_utils.py:364] 2026-10-04 16:42:03,482 >> Configuration saved in checkpoints/glue/mnli/20261004/glue.mnli.prefix.am_prefix.ao_concat.fm_none.fo_parallel.abn.fbn.ac_add.fl_none.finit_lora.fs_4.unfrz_ef_.ne10.warm0.06.wd0.1.seed6./checkpoint-49088/config.json
[INFO|modeling_utils.py:898] 2026-10-04 16:42:03,879 >> Model weights saved in checkpoints/glue/mnli/20261004/glue.mnli.prefix.am_prefix.ao_concat.fm_none.fo_parallel.abn.fbn.ac_add.fl_none.finit_lora.fs_4.unfrz_ef_.ne10.warm0.06.wd0.1.seed6./checkpoint-49088/pytorch_model.bin
[INFO|tokenization_utils_base.py:1948] 2026-10-04 16:42:03,880 >> tokenizer config file saved in checkpoints/glue/mnli/20261004/glue.mnli.prefix.am_prefix.ao_concat.fm_none.fo_parallel.abn.fbn.ac_add.fl_none.finit_lora.fs_4.unfrz_ef_.ne10.warm0.06.wd0.1.seed6./checkpoint-49088/tokenizer_config.json
[INFO|tokenization_utils_base.py:1954] 2026-10-04 16:42:03,881 >> Special tokens file saved in checkpoints/glue/mnli/20261004/glue.mnli.prefix.am_prefix.ao_concat.fm_none.fo_parallel.abn.fbn.ac_add.fl_none.finit_lora.fs_4.unfrz_ef_.ne10.warm0.06.wd0.1.seed6./checkpoint-49088/special_tokens_map.json
[INFO|trainer.py:2009] 2026-10-04 16:42:04,042 >> Deleting older checkpoint [checkpoints/glue/mnli/20261004/glue.mnli.prefix.am_prefix.ao_concat.fm_none.fo_parallel.abn.fbn.ac_add.fl_none.finit_lora.fs_4.unfrz_ef_.ne10.warm0.06.wd0.1.seed6./checkpoint-24544] due to args.save_total_limit
/work/unify-parameter-efficient-tuning/src/transformers/trainer.py:1784: FutureWarning: `torch.cuda.amp.autocast(args...)` is deprecated. Please use `torch.amp.autocast('cuda', args...)` instead.
  with autocast():
{'loss': 0.4201, 'learning_rate': 6.38724617705191e-05, 'epoch': 4.0}
{'loss': 0.4403, 'learning_rate': 6.382916103193593e-05, 'epoch': 4.01}
{'loss': 0.4198, 'learning_rate': 6.378586029335275e-05, 'epoch': 4.01}
{'loss': 0.4284, 'learning_rate': 6.37425595547696e-05, 'epoch': 4.01}
{'loss': 0.4381, 'learning_rate': 6.369925881618642e-05, 'epoch': 4.02}
{'loss': 0.4511, 'learning_rate': 6.365595807760324e-05, 'epoch': 4.02}
{'loss': 0.4478, 'learning_rate': 6.361265733902009e-05, 'epoch': 4.03}
{'loss': 0.4587, 'learning_rate': 6.356935660043691e-05, 'epoch': 4.03}
{'loss': 0.411, 'learning_rate': 6.352605586185373e-05, 'epoch': 4.03}
{'loss': 0.4593, 'learning_rate': 6.348275512327057e-05, 'epoch': 4.04}
{'loss': 0.479, 'learning_rate': 6.34394543846874e-05, 'epoch': 4.04}
{'loss': 0.4307, 'learning_rate': 6.339615364610424e-05, 'epoch': 4.05}
{'loss': 0.4291, 'learning_rate': 6.335285290752107e-05, 'epoch': 4.05}
{'loss': 0.4581, 'learning_rate': 6.33095521689379e-05, 'epoch': 4.05}
{'loss': 0.4191, 'learning_rate': 6.326625143035473e-05, 'epoch': 4.06}
{'loss': 0.4048, 'learning_rate': 6.322295069177156e-05, 'epoch': 4.06}
{'loss': 0.4574, 'learning_rate': 6.31796499531884e-05, 'epoch': 4.07}
{'loss': 0.4457, 'learning_rate': 6.313634921460522e-05, 'epoch': 4.07}
{'loss': 0.4385, 'learning_rate': 6.309304847602205e-05, 'epoch': 4.07}
{'loss': 0.444, 'learning_rate': 6.304974773743889e-05, 'epoch': 4.08}
{'loss': 0.3881, 'learning_rate': 6.300644699885572e-05, 'epoch': 4.08}
{'loss': 0.4362, 'learning_rate': 6.296314626027256e-05, 'epoch': 4.09}
{'loss': 0.4313, 'learning_rate': 6.291984552168939e-05, 'epoch': 4.09}
{'loss': 0.4464, 'learning_rate': 6.287654478310621e-05, 'epoch': 4.09}
{'loss': 0.4444, 'learning_rate': 6.283324404452305e-05, 'epoch': 4.1}
{'loss': 0.4395, 'learning_rate': 6.278994330593988e-05, 'epoch': 4.1}
{'loss': 0.4381, 'learning_rate': 6.27466425673567e-05, 'epoch': 4.11}
{'loss': 0.4266, 'learning_rate': 6.270334182877354e-05, 'epoch': 4.11}
{'loss': 0.4462, 'learning_rate': 6.266004109019037e-05, 'epoch': 4.12}
{'loss': 0.4211, 'learning_rate': 6.261674035160721e-05, 'epoch': 4.12}
{'loss': 0.4243, 'learning_rate': 6.257343961302403e-05, 'epoch': 4.12}
{'loss': 0.4416, 'learning_rate': 6.253013887444088e-05, 'epoch': 4.13}
{'loss': 0.4494, 'learning_rate': 6.24868381358577e-05, 'epoch': 4.13}
{'loss': 0.4351, 'learning_rate': 6.244353739727452e-05, 'epoch': 4.14}
{'loss': 0.4193, 'learning_rate': 6.240023665869135e-05, 'epoch': 4.14}
{'loss': 0.4493, 'learning_rate': 6.235693592010819e-05, 'epoch': 4.14}
{'loss': 0.4295, 'learning_rate': 6.231363518152502e-05, 'epoch': 4.15}
{'loss': 0.432, 'learning_rate': 6.227033444294186e-05, 'epoch': 4.15}
{'loss': 0.4505, 'learning_rate': 6.222703370435869e-05, 'epoch': 4.16}
{'loss': 0.4373, 'learning_rate': 6.218373296577551e-05, 'epoch': 4.16}
{'loss': 0.4172, 'learning_rate': 6.214043222719235e-05, 'epoch': 4.16}
{'loss': 0.4117, 'learning_rate': 6.209713148860918e-05, 'epoch': 4.17}
{'loss': 0.455, 'learning_rate': 6.2053830750026e-05, 'epoch': 4.17}
{'loss': 0.4446, 'learning_rate': 6.201053001144284e-05, 'epoch': 4.18}
{'loss': 0.4231, 'learning_rate': 6.196722927285967e-05, 'epoch': 4.18}
{'loss': 0.4415, 'learning_rate': 6.19239285342765e-05, 'epoch': 4.18}
{'loss': 0.4291, 'learning_rate': 6.188062779569334e-05, 'epoch': 4.19}
{'loss': 0.4412, 'learning_rate': 6.183732705711018e-05, 'epoch': 4.19}
{'loss': 0.4174, 'learning_rate': 6.1794026318527e-05, 'epoch': 4.2}
{'loss': 0.4757, 'learning_rate': 6.175072557994383e-05, 'epoch': 4.2}
{'loss': 0.392, 'learning_rate': 6.170742484136067e-05, 'epoch': 4.2}
{'loss': 0.4043, 'learning_rate': 6.166412410277749e-05, 'epoch': 4.21}
{'loss': 0.4386, 'learning_rate': 6.162082336419431e-05, 'epoch': 4.21}
{'loss': 0.4143, 'learning_rate': 6.157752262561116e-05, 'epoch': 4.22}
{'loss': 0.4537, 'learning_rate': 6.153508790179965e-05, 'epoch': 4.22}
{'loss': 0.4479, 'learning_rate': 6.149178716321648e-05, 'epoch': 4.23}
{'loss': 0.4395, 'learning_rate': 6.14484864246333e-05, 'epoch': 4.23}
{'loss': 0.3954, 'learning_rate': 6.140518568605014e-05, 'epoch': 4.23}
{'loss': 0.4203, 'learning_rate': 6.136188494746697e-05, 'epoch': 4.24}
{'loss': 0.4351, 'learning_rate': 6.131858420888381e-05, 'epoch': 4.24}
{'loss': 0.4529, 'learning_rate': 6.127528347030064e-05, 'epoch': 4.25}
{'loss': 0.4487, 'learning_rate': 6.123198273171748e-05, 'epoch': 4.25}
{'loss': 0.4538, 'learning_rate': 6.11886819931343e-05, 'epoch': 4.25}
{'loss': 0.4055, 'learning_rate': 6.114538125455112e-05, 'epoch': 4.26}
{'loss': 0.4498, 'learning_rate': 6.110208051596797e-05, 'epoch': 4.26}
{'loss': 0.4174, 'learning_rate': 6.105877977738479e-05, 'epoch': 4.27}
{'loss': 0.4289, 'learning_rate': 6.101547903880161e-05, 'epoch': 4.27}
{'loss': 0.4232, 'learning_rate': 6.097217830021846e-05, 'epoch': 4.27}
{'loss': 0.4676, 'learning_rate': 6.092887756163529e-05, 'epoch': 4.28}
{'loss': 0.4202, 'learning_rate': 6.0885576823052116e-05, 'epoch': 4.28}
{'loss': 0.4594, 'learning_rate': 6.084227608446895e-05, 'epoch': 4.29}
{'loss': 0.4176, 'learning_rate': 6.079897534588579e-05, 'epoch': 4.29}
{'loss': 0.4235, 'learning_rate': 6.075567460730261e-05, 'epoch': 4.29}
{'loss': 0.4549, 'learning_rate': 6.071237386871944e-05, 'epoch': 4.3}
{'loss': 0.4356, 'learning_rate': 6.0669073130136276e-05, 'epoch': 4.3}
{'loss': 0.4211, 'learning_rate': 6.0625772391553104e-05, 'epoch': 4.31}
{'loss': 0.4146, 'learning_rate': 6.058247165296994e-05, 'epoch': 4.31}
{'loss': 0.3657, 'learning_rate': 6.053917091438678e-05, 'epoch': 4.31}
{'loss': 0.4354, 'learning_rate': 6.04958701758036e-05, 'epoch': 4.32}
{'loss': 0.461, 'learning_rate': 6.045256943722044e-05, 'epoch': 4.32}
{'loss': 0.4011, 'learning_rate': 6.0409268698637264e-05, 'epoch': 4.33}
{'loss': 0.4379, 'learning_rate': 6.036596796005409e-05, 'epoch': 4.33}
{'loss': 0.4282, 'learning_rate': 6.032266722147093e-05, 'epoch': 4.34}
{'loss': 0.4271, 'learning_rate': 6.027936648288777e-05, 'epoch': 4.34}
{'loss': 0.4278, 'learning_rate': 6.023606574430459e-05, 'epoch': 4.34}
{'loss': 0.4192, 'learning_rate': 6.019276500572143e-05, 'epoch': 4.35}
{'loss': 0.426, 'learning_rate': 6.014946426713825e-05, 'epoch': 4.35}
{'loss': 0.4283, 'learning_rate': 6.0106163528555094e-05, 'epoch': 4.36}
{'loss': 0.4403, 'learning_rate': 6.006286278997191e-05, 'epoch': 4.36}
{'loss': 0.4404, 'learning_rate': 6.001956205138876e-05, 'epoch': 4.36}
{'loss': 0.4409, 'learning_rate': 5.9976261312805585e-05, 'epoch': 4.37}
{'loss': 0.4379, 'learning_rate': 5.9932960574222406e-05, 'epoch': 4.37}
{'loss': 0.4067, 'learning_rate': 5.988965983563925e-05, 'epoch': 4.38}
{'loss': 0.458, 'learning_rate': 5.984635909705607e-05, 'epoch': 4.38}
{'loss': 0.4585, 'learning_rate': 5.98030583584729e-05, 'epoch': 4.38}
{'loss': 0.4269, 'learning_rate': 5.975975761988973e-05, 'epoch': 4.39}
{'loss': 0.3999, 'learning_rate': 5.9717322896078234e-05, 'epoch': 4.39}
{'loss': 0.4023, 'learning_rate': 5.967402215749507e-05, 'epoch': 4.4}
{'loss': 0.4713, 'learning_rate': 5.9630721418911896e-05, 'epoch': 4.4}
{'loss': 0.446, 'learning_rate': 5.958742068032873e-05, 'epoch': 4.4}
{'loss': 0.4451, 'learning_rate': 5.9544119941745566e-05, 'epoch': 4.41}
{'loss': 0.4564, 'learning_rate': 5.950081920316238e-05, 'epoch': 4.41}
{'loss': 0.4135, 'learning_rate': 5.945751846457922e-05, 'epoch': 4.42}
{'loss': 0.4379, 'learning_rate': 5.941421772599606e-05, 'epoch': 4.42}
{'loss': 0.4302, 'learning_rate': 5.9370916987412885e-05, 'epoch': 4.42}
{'loss': 0.4384, 'learning_rate': 5.932761624882971e-05, 'epoch': 4.43}
{'loss': 0.4218, 'learning_rate': 5.9284315510246534e-05, 'epoch': 4.43}
{'loss': 0.4175, 'learning_rate': 5.9241014771663375e-05, 'epoch': 4.44}
{'loss': 0.4318, 'learning_rate': 5.9197714033080197e-05, 'epoch': 4.44}
{'loss': 0.4293, 'learning_rate': 5.915441329449704e-05, 'epoch': 4.45}
{'loss': 0.4458, 'learning_rate': 5.911111255591387e-05, 'epoch': 4.45}
{'loss': 0.44, 'learning_rate': 5.90678118173307e-05, 'epoch': 4.45}
{'loss': 0.4409, 'learning_rate': 5.9024511078747536e-05, 'epoch': 4.46}
{'loss': 0.4535, 'learning_rate': 5.898121034016437e-05, 'epoch': 4.46}
{'loss': 0.4463, 'learning_rate': 5.8937909601581185e-05, 'epoch': 4.47}
{'loss': 0.4135, 'learning_rate': 5.8894608862998026e-05, 'epoch': 4.47}
{'loss': 0.415, 'learning_rate': 5.885130812441486e-05, 'epoch': 4.47}
{'loss': 0.3848, 'learning_rate': 5.880800738583169e-05, 'epoch': 4.48}
{'loss': 0.444, 'learning_rate': 5.8764706647248524e-05, 'epoch': 4.48}
{'loss': 0.4305, 'learning_rate': 5.872140590866536e-05, 'epoch': 4.49}
{'loss': 0.4292, 'learning_rate': 5.867810517008217e-05, 'epoch': 4.49}
{'loss': 0.4261, 'learning_rate': 5.8634804431499014e-05, 'epoch': 4.49}
{'loss': 0.4322, 'learning_rate': 5.859150369291586e-05, 'epoch': 4.5}
{'loss': 0.4159, 'learning_rate': 5.854820295433268e-05, 'epoch': 4.5}
{'loss': 0.4349, 'learning_rate': 5.8504902215749505e-05, 'epoch': 4.51}
{'loss': 0.453, 'learning_rate': 5.846160147716635e-05, 'epoch': 4.51}
{'loss': 0.44, 'learning_rate': 5.8418300738583175e-05, 'epoch': 4.51}
{'loss': 0.4348, 'learning_rate': 5.837499999999999e-05, 'epoch': 4.52}
{'loss': 0.4299, 'learning_rate': 5.833169926141684e-05, 'epoch': 4.52}
{'loss': 0.4085, 'learning_rate': 5.8288398522833665e-05, 'epoch': 4.53}
{'loss': 0.4361, 'learning_rate': 5.8245097784250493e-05, 'epoch': 4.53}
{'loss': 0.4192, 'learning_rate': 5.820179704566733e-05, 'epoch': 4.53}
{'loss': 0.4135, 'learning_rate': 5.815849630708416e-05, 'epoch': 4.54}
{'loss': 0.4254, 'learning_rate': 5.811519556850098e-05, 'epoch': 4.54}
{'loss': 0.4243, 'learning_rate': 5.807189482991782e-05, 'epoch': 4.55}
{'loss': 0.4736, 'learning_rate': 5.802859409133467e-05, 'epoch': 4.55}
{'loss': 0.4354, 'learning_rate': 5.798529335275148e-05, 'epoch': 4.56}
{'loss': 0.445, 'learning_rate': 5.7941992614168316e-05, 'epoch': 4.56}
{'loss': 0.4218, 'learning_rate': 5.789869187558515e-05, 'epoch': 4.56}
{'loss': 0.4291, 'learning_rate': 5.785539113700198e-05, 'epoch': 4.57}
{'loss': 0.4273, 'learning_rate': 5.7812090398418814e-05, 'epoch': 4.57}
{'loss': 0.4098, 'learning_rate': 5.7768789659835655e-05, 'epoch': 4.58}
{'loss': 0.4487, 'learning_rate': 5.772548892125247e-05, 'epoch': 4.58}
{'loss': 0.4497, 'learning_rate': 5.7682188182669305e-05, 'epoch': 4.58}
{'loss': 0.4237, 'learning_rate': 5.763888744408614e-05, 'epoch': 4.59}
{'loss': 0.4093, 'learning_rate': 5.759645272027463e-05, 'epoch': 4.59}
{'loss': 0.4321, 'learning_rate': 5.755315198169147e-05, 'epoch': 4.6}
{'loss': 0.4238, 'learning_rate': 5.750985124310829e-05, 'epoch': 4.6}
{'loss': 0.4389, 'learning_rate': 5.746655050452513e-05, 'epoch': 4.6}
{'loss': 0.394, 'learning_rate': 5.742324976594195e-05, 'epoch': 4.61}
{'loss': 0.4235, 'learning_rate': 5.737994902735878e-05, 'epoch': 4.61}
{'loss': 0.4161, 'learning_rate': 5.7336648288775616e-05, 'epoch': 4.62}
{'loss': 0.4105, 'learning_rate': 5.729334755019246e-05, 'epoch': 4.62}
{'loss': 0.4298, 'learning_rate': 5.725004681160928e-05, 'epoch': 4.62}
{'loss': 0.4127, 'learning_rate': 5.720674607302612e-05, 'epoch': 4.63}
{'loss': 0.466, 'learning_rate': 5.716344533444294e-05, 'epoch': 4.63}
{'loss': 0.4395, 'learning_rate': 5.712014459585978e-05, 'epoch': 4.64}
{'loss': 0.4475, 'learning_rate': 5.7076843857276604e-05, 'epoch': 4.64}
{'loss': 0.4345, 'learning_rate': 5.7033543118693446e-05, 'epoch': 4.64}
{'loss': 0.4342, 'learning_rate': 5.699024238011027e-05, 'epoch': 4.65}
{'loss': 0.444, 'learning_rate': 5.694694164152711e-05, 'epoch': 4.65}
{'loss': 0.4679, 'learning_rate': 5.690364090294394e-05, 'epoch': 4.66}
{'loss': 0.4094, 'learning_rate': 5.686034016436076e-05, 'epoch': 4.66}
{'loss': 0.4379, 'learning_rate': 5.6817039425777586e-05, 'epoch': 4.67}
{'loss': 0.4234, 'learning_rate': 5.6773738687194434e-05, 'epoch': 4.67}
{'loss': 0.4421, 'learning_rate': 5.673043794861126e-05, 'epoch': 4.67}
{'loss': 0.4396, 'learning_rate': 5.668713721002808e-05, 'epoch': 4.68}
{'loss': 0.4532, 'learning_rate': 5.664383647144493e-05, 'epoch': 4.68}
{'loss': 0.4446, 'learning_rate': 5.6600535732861746e-05, 'epoch': 4.69}
{'loss': 0.4172, 'learning_rate': 5.655723499427859e-05, 'epoch': 4.69}
{'loss': 0.4211, 'learning_rate': 5.651393425569541e-05, 'epoch': 4.69}
{'loss': 0.4526, 'learning_rate': 5.647063351711225e-05, 'epoch': 4.7}
{'loss': 0.4271, 'learning_rate': 5.642733277852907e-05, 'epoch': 4.7}
{'loss': 0.4246, 'learning_rate': 5.638403203994591e-05, 'epoch': 4.71}
{'loss': 0.4241, 'learning_rate': 5.634073130136275e-05, 'epoch': 4.71}
{'loss': 0.4227, 'learning_rate': 5.6297430562779576e-05, 'epoch': 4.71}
{'loss': 0.43, 'learning_rate': 5.62541298241964e-05, 'epoch': 4.72}
{'loss': 0.4317, 'learning_rate': 5.621082908561324e-05, 'epoch': 4.72}
{'loss': 0.4126, 'learning_rate': 5.616752834703006e-05, 'epoch': 4.73}
{'loss': 0.4269, 'learning_rate': 5.61242276084469e-05, 'epoch': 4.73}
{'loss': 0.4405, 'learning_rate': 5.6080926869863736e-05, 'epoch': 4.73}
{'loss': 0.4224, 'learning_rate': 5.603762613128055e-05, 'epoch': 4.74}
{'loss': 0.4404, 'learning_rate': 5.599432539269739e-05, 'epoch': 4.74}
{'loss': 0.396, 'learning_rate': 5.595102465411423e-05, 'epoch': 4.75}
{'loss': 0.4525, 'learning_rate': 5.5907723915531055e-05, 'epoch': 4.75}
{'loss': 0.4345, 'learning_rate': 5.586442317694789e-05, 'epoch': 4.75}
{'loss': 0.4243, 'learning_rate': 5.5821122438364724e-05, 'epoch': 4.76}
{'loss': 0.4409, 'learning_rate': 5.577782169978155e-05, 'epoch': 4.76}
{'loss': 0.4356, 'learning_rate': 5.573452096119838e-05, 'epoch': 4.77}
{'loss': 0.4243, 'learning_rate': 5.569122022261523e-05, 'epoch': 4.77}
{'loss': 0.4364, 'learning_rate': 5.564791948403204e-05, 'epoch': 4.78}
{'loss': 0.4523, 'learning_rate': 5.5604618745448864e-05, 'epoch': 4.78}
{'loss': 0.4369, 'learning_rate': 5.5561318006865706e-05, 'epoch': 4.78}
{'loss': 0.457, 'learning_rate': 5.55188832830542e-05, 'epoch': 4.79}
{'loss': 0.4418, 'learning_rate': 5.5475582544471036e-05, 'epoch': 4.79}
{'loss': 0.4193, 'learning_rate': 5.5432281805887864e-05, 'epoch': 4.8}
{'loss': 0.4362, 'learning_rate': 5.53889810673047e-05, 'epoch': 4.8}
{'loss': 0.4056, 'learning_rate': 5.534568032872154e-05, 'epoch': 4.8}
{'loss': 0.4442, 'learning_rate': 5.5302379590138354e-05, 'epoch': 4.81}
{'loss': 0.4444, 'learning_rate': 5.525907885155518e-05, 'epoch': 4.81}
{'loss': 0.4188, 'learning_rate': 5.521577811297203e-05, 'epoch': 4.82}
{'loss': 0.4211, 'learning_rate': 5.517247737438885e-05, 'epoch': 4.82}
{'loss': 0.4229, 'learning_rate': 5.5129176635805666e-05, 'epoch': 4.82}
{'loss': 0.4406, 'learning_rate': 5.5085875897222515e-05, 'epoch': 4.83}
{'loss': 0.4234, 'learning_rate': 5.5042575158639356e-05, 'epoch': 4.83}
{'loss': 0.4375, 'learning_rate': 5.499927442005617e-05, 'epoch': 4.84}
{'loss': 0.4338, 'learning_rate': 5.4955973681473005e-05, 'epoch': 4.84}
{'loss': 0.4504, 'learning_rate': 5.491267294288984e-05, 'epoch': 4.84}
{'loss': 0.4216, 'learning_rate': 5.486937220430667e-05, 'epoch': 4.85}
{'loss': 0.4366, 'learning_rate': 5.48260714657235e-05, 'epoch': 4.85}
{'loss': 0.4451, 'learning_rate': 5.4782770727140344e-05, 'epoch': 4.86}
{'loss': 0.4144, 'learning_rate': 5.473946998855716e-05, 'epoch': 4.86}
{'loss': 0.4163, 'learning_rate': 5.469616924997401e-05, 'epoch': 4.86}
{'loss': 0.4541, 'learning_rate': 5.465286851139083e-05, 'epoch': 4.87}
{'loss': 0.437, 'learning_rate': 5.4609567772807656e-05, 'epoch': 4.87}
{'loss': 0.4376, 'learning_rate': 5.456626703422449e-05, 'epoch': 4.88}
{'loss': 0.4239, 'learning_rate': 5.452296629564133e-05, 'epoch': 4.88}
{'loss': 0.4208, 'learning_rate': 5.448053157182983e-05, 'epoch': 4.89}
{'loss': 0.4039, 'learning_rate': 5.443723083324664e-05, 'epoch': 4.89}
{'loss': 0.3934, 'learning_rate': 5.4393930094663484e-05, 'epoch': 4.89}
{'loss': 0.4164, 'learning_rate': 5.4350629356080305e-05, 'epoch': 4.9}
{'loss': 0.4442, 'learning_rate': 5.4307328617497147e-05, 'epoch': 4.9}
{'loss': 0.441, 'learning_rate': 5.426402787891397e-05, 'epoch': 4.91}
{'loss': 0.4054, 'learning_rate': 5.422072714033081e-05, 'epoch': 4.91}
{'loss': 0.4226, 'learning_rate': 5.417742640174763e-05, 'epoch': 4.91}
{'loss': 0.3912, 'learning_rate': 5.413412566316447e-05, 'epoch': 4.92}
{'loss': 0.445, 'learning_rate': 5.409082492458129e-05, 'epoch': 4.92}
{'loss': 0.4226, 'learning_rate': 5.4047524185998135e-05, 'epoch': 4.93}
{'loss': 0.4308, 'learning_rate': 5.4004223447414956e-05, 'epoch': 4.93}
{'loss': 0.4391, 'learning_rate': 5.39609227088318e-05, 'epoch': 4.93}
{'loss': 0.4619, 'learning_rate': 5.391762197024863e-05, 'epoch': 4.94}
{'loss': 0.4187, 'learning_rate': 5.387432123166546e-05, 'epoch': 4.94}
{'loss': 0.4168, 'learning_rate': 5.383102049308228e-05, 'epoch': 4.95}
{'loss': 0.4302, 'learning_rate': 5.378771975449912e-05, 'epoch': 4.95}
{'loss': 0.3953, 'learning_rate': 5.374441901591595e-05, 'epoch': 4.95}
{'loss': 0.4683, 'learning_rate': 5.3701118277332786e-05, 'epoch': 4.96}
{'loss': 0.4227, 'learning_rate': 5.365781753874962e-05, 'epoch': 4.96}
{'loss': 0.4219, 'learning_rate': 5.3614516800166435e-05, 'epoch': 4.97}
{'loss': 0.4366, 'learning_rate': 5.3571216061583276e-05, 'epoch': 4.97}
{'loss': 0.4361, 'learning_rate': 5.3527915323000125e-05, 'epoch': 4.97}
{'loss': 0.4635, 'learning_rate': 5.348461458441694e-05, 'epoch': 4.98}
{'loss': 0.3935, 'learning_rate': 5.344131384583376e-05, 'epoch': 4.98}
{'loss': 0.4114, 'learning_rate': 5.33980131072506e-05, 'epoch': 4.99}
{'loss': 0.3988, 'learning_rate': 5.335471236866744e-05, 'epoch': 4.99}
{'loss': 0.4231, 'learning_rate': 5.3311411630084265e-05, 'epoch': 5.0}
{'loss': 0.4238, 'learning_rate': 5.3268110891501086e-05, 'epoch': 5.0}
[INFO|trainer.py:520] 2026-10-04 16:47:01,519 >> The following columns in the evaluation set  don't have a corresponding argument in `PETLEncModel.forward` and have been ignored: idx, hypothesis, premise.
[INFO|trainer.py:2179] 2026-10-04 16:47:01,521 >> ***** Running Evaluation *****
[INFO|trainer.py:2181] 2026-10-04 16:47:01,521 >>   Num examples = 9815
[INFO|trainer.py:2184] 2026-10-04 16:47:01,521 >>   Batch size = 32
{'eval_loss': 0.3912913203239441, 'eval_accuracy': 0.8514518593988792, 'eval_runtime': 9.4029, 'eval_samples_per_second': 1043.826, 'eval_steps_per_second': 32.649, 'epoch': 5.0}
[INFO|trainer.py:1933] 2026-10-04 16:47:10,925 >> Saving model checkpoint to checkpoints/glue/mnli/20261004/glue.mnli.prefix.am_prefix.ao_concat.fm_none.fo_parallel.abn.fbn.ac_add.fl_none.finit_lora.fs_4.unfrz_ef_.ne10.warm0.06.wd0.1.seed6./checkpoint-61360
[INFO|configuration_utils.py:364] 2026-10-04 16:47:10,926 >> Configuration saved in checkpoints/glue/mnli/20261004/glue.mnli.prefix.am_prefix.ao_concat.fm_none.fo_parallel.abn.fbn.ac_add.fl_none.finit_lora.fs_4.unfrz_ef_.ne10.warm0.06.wd0.1.seed6./checkpoint-61360/config.json
[INFO|modeling_utils.py:898] 2026-10-04 16:47:11,278 >> Model weights saved in checkpoints/glue/mnli/20261004/glue.mnli.prefix.am_prefix.ao_concat.fm_none.fo_parallel.abn.fbn.ac_add.fl_none.finit_lora.fs_4.unfrz_ef_.ne10.warm0.06.wd0.1.seed6./checkpoint-61360/pytorch_model.bin
[INFO|tokenization_utils_base.py:1948] 2026-10-04 16:47:11,279 >> tokenizer config file saved in checkpoints/glue/mnli/20261004/glue.mnli.prefix.am_prefix.ao_concat.fm_none.fo_parallel.abn.fbn.ac_add.fl_none.finit_lora.fs_4.unfrz_ef_.ne10.warm0.06.wd0.1.seed6./checkpoint-61360/tokenizer_config.json
[INFO|tokenization_utils_base.py:1954] 2026-10-04 16:47:11,280 >> Special tokens file saved in checkpoints/glue/mnli/20261004/glue.mnli.prefix.am_prefix.ao_concat.fm_none.fo_parallel.abn.fbn.ac_add.fl_none.finit_lora.fs_4.unfrz_ef_.ne10.warm0.06.wd0.1.seed6./checkpoint-61360/special_tokens_map.json
[INFO|trainer.py:2009] 2026-10-04 16:47:11,405 >> Deleting older checkpoint [checkpoints/glue/mnli/20261004/glue.mnli.prefix.am_prefix.ao_concat.fm_none.fo_parallel.abn.fbn.ac_add.fl_none.finit_lora.fs_4.unfrz_ef_.ne10.warm0.06.wd0.1.seed6./checkpoint-36816] due to args.save_total_limit
/work/unify-parameter-efficient-tuning/src/transformers/trainer.py:1784: FutureWarning: `torch.cuda.amp.autocast(args...)` is deprecated. Please use `torch.amp.autocast('cuda', args...)` instead.
  with autocast():
{'loss': 0.3957, 'learning_rate': 5.322481015291793e-05, 'epoch': 5.0}
{'loss': 0.4378, 'learning_rate': 5.318150941433475e-05, 'epoch': 5.01}
{'loss': 0.4428, 'learning_rate': 5.313820867575159e-05, 'epoch': 5.01}
{'loss': 0.4336, 'learning_rate': 5.3094907937168425e-05, 'epoch': 5.02}
{'loss': 0.4261, 'learning_rate': 5.305160719858525e-05, 'epoch': 5.02}
{'loss': 0.4454, 'learning_rate': 5.300830646000209e-05, 'epoch': 5.02}
{'loss': 0.4349, 'learning_rate': 5.296500572141892e-05, 'epoch': 5.03}
{'loss': 0.4295, 'learning_rate': 5.2921704982835744e-05, 'epoch': 5.03}
{'loss': 0.4194, 'learning_rate': 5.287840424425258e-05, 'epoch': 5.04}
{'loss': 0.4051, 'learning_rate': 5.283510350566941e-05, 'epoch': 5.04}
{'loss': 0.4426, 'learning_rate': 5.279180276708624e-05, 'epoch': 5.04}
{'loss': 0.4216, 'learning_rate': 5.2748502028503076e-05, 'epoch': 5.05}
{'loss': 0.4058, 'learning_rate': 5.270520128991992e-05, 'epoch': 5.05}
{'loss': 0.4222, 'learning_rate': 5.266190055133673e-05, 'epoch': 5.06}
{'loss': 0.4241, 'learning_rate': 5.261859981275355e-05, 'epoch': 5.06}
{'loss': 0.4172, 'learning_rate': 5.25752990741704e-05, 'epoch': 5.06}
{'loss': 0.4118, 'learning_rate': 5.253199833558723e-05, 'epoch': 5.07}
{'loss': 0.3956, 'learning_rate': 5.248869759700406e-05, 'epoch': 5.07}
{'loss': 0.3945, 'learning_rate': 5.2445396858420906e-05, 'epoch': 5.08}
{'loss': 0.4354, 'learning_rate': 5.240209611983773e-05, 'epoch': 5.08}
{'loss': 0.4201, 'learning_rate': 5.235879538125454e-05, 'epoch': 5.08}
{'loss': 0.4129, 'learning_rate': 5.231549464267138e-05, 'epoch': 5.09}
{'loss': 0.4119, 'learning_rate': 5.227219390408822e-05, 'epoch': 5.09}
{'loss': 0.4602, 'learning_rate': 5.2228893165505045e-05, 'epoch': 5.1}
{'loss': 0.4573, 'learning_rate': 5.218559242692188e-05, 'epoch': 5.1}
{'loss': 0.4236, 'learning_rate': 5.2142291688338715e-05, 'epoch': 5.11}
{'loss': 0.4169, 'learning_rate': 5.2098990949755536e-05, 'epoch': 5.11}
{'loss': 0.4087, 'learning_rate': 5.205569021117237e-05, 'epoch': 5.11}
{'loss': 0.409, 'learning_rate': 5.2012389472589206e-05, 'epoch': 5.12}
{'loss': 0.4386, 'learning_rate': 5.1969088734006034e-05, 'epoch': 5.12}
{'loss': 0.4112, 'learning_rate': 5.192578799542287e-05, 'epoch': 5.13}
{'loss': 0.3958, 'learning_rate': 5.188248725683971e-05, 'epoch': 5.13}
{'loss': 0.4255, 'learning_rate': 5.183918651825653e-05, 'epoch': 5.13}
{'loss': 0.4169, 'learning_rate': 5.179588577967337e-05, 'epoch': 5.14}
{'loss': 0.4046, 'learning_rate': 5.1752585041090194e-05, 'epoch': 5.14}
{'loss': 0.4444, 'learning_rate': 5.170928430250702e-05, 'epoch': 5.15}
{'loss': 0.4239, 'learning_rate': 5.1665983563923857e-05, 'epoch': 5.15}
{'loss': 0.3835, 'learning_rate': 5.16226828253407e-05, 'epoch': 5.15}
{'loss': 0.3986, 'learning_rate': 5.157938208675752e-05, 'epoch': 5.16}
{'loss': 0.4181, 'learning_rate': 5.1536081348174334e-05, 'epoch': 5.16}
{'loss': 0.3864, 'learning_rate': 5.149278060959118e-05, 'epoch': 5.17}
{'loss': 0.4086, 'learning_rate': 5.1449479871008024e-05, 'epoch': 5.17}
{'loss': 0.4238, 'learning_rate': 5.140617913242484e-05, 'epoch': 5.17}
{'loss': 0.4082, 'learning_rate': 5.1362878393841686e-05, 'epoch': 5.18}
{'loss': 0.4329, 'learning_rate': 5.131957765525851e-05, 'epoch': 5.18}
{'loss': 0.4221, 'learning_rate': 5.1276276916675335e-05, 'epoch': 5.19}
{'loss': 0.4209, 'learning_rate': 5.123297617809217e-05, 'epoch': 5.19}
{'loss': 0.4197, 'learning_rate': 5.1189675439509e-05, 'epoch': 5.19}
{'loss': 0.4425, 'learning_rate': 5.1146374700925826e-05, 'epoch': 5.2}
{'loss': 0.4234, 'learning_rate': 5.110307396234266e-05, 'epoch': 5.2}
{'loss': 0.4132, 'learning_rate': 5.10597732237595e-05, 'epoch': 5.21}
{'loss': 0.4201, 'learning_rate': 5.1016472485176324e-05, 'epoch': 5.21}
{'loss': 0.4299, 'learning_rate': 5.0973171746593165e-05, 'epoch': 5.22}
{'loss': 0.3681, 'learning_rate': 5.0929871008009986e-05, 'epoch': 5.22}
{'loss': 0.4119, 'learning_rate': 5.088657026942683e-05, 'epoch': 5.22}
{'loss': 0.4227, 'learning_rate': 5.084326953084365e-05, 'epoch': 5.23}
{'loss': 0.3634, 'learning_rate': 5.079996879226049e-05, 'epoch': 5.23}
{'loss': 0.4337, 'learning_rate': 5.075666805367731e-05, 'epoch': 5.24}
{'loss': 0.4463, 'learning_rate': 5.0713367315094153e-05, 'epoch': 5.24}
{'loss': 0.4075, 'learning_rate': 5.0670066576510975e-05, 'epoch': 5.24}
{'loss': 0.4188, 'learning_rate': 5.0626765837927816e-05, 'epoch': 5.25}
{'loss': 0.4007, 'learning_rate': 5.058346509934464e-05, 'epoch': 5.25}
{'loss': 0.4134, 'learning_rate': 5.054016436076148e-05, 'epoch': 5.26}
{'loss': 0.4116, 'learning_rate': 5.04968636221783e-05, 'epoch': 5.26}
{'loss': 0.4426, 'learning_rate': 5.045356288359513e-05, 'epoch': 5.26}
{'loss': 0.4184, 'learning_rate': 5.0410262145011976e-05, 'epoch': 5.27}
{'loss': 0.4119, 'learning_rate': 5.0366961406428804e-05, 'epoch': 5.27}
{'loss': 0.3998, 'learning_rate': 5.032366066784563e-05, 'epoch': 5.28}
{'loss': 0.4076, 'learning_rate': 5.0280359929262454e-05, 'epoch': 5.28}
{'loss': 0.4378, 'learning_rate': 5.0237059190679295e-05, 'epoch': 5.28}
{'loss': 0.4197, 'learning_rate': 5.0193758452096116e-05, 'epoch': 5.29}
{'loss': 0.4157, 'learning_rate': 5.015045771351296e-05, 'epoch': 5.29}
{'loss': 0.4457, 'learning_rate': 5.010802298970145e-05, 'epoch': 5.3}
{'loss': 0.4162, 'learning_rate': 5.006472225111829e-05, 'epoch': 5.3}
{'loss': 0.4142, 'learning_rate': 5.00214215125351e-05, 'epoch': 5.3}
{'loss': 0.4239, 'learning_rate': 4.9978120773951944e-05, 'epoch': 5.31}
{'loss': 0.4783, 'learning_rate': 4.993482003536877e-05, 'epoch': 5.31}
{'loss': 0.4114, 'learning_rate': 4.989151929678561e-05, 'epoch': 5.32}
{'loss': 0.4281, 'learning_rate': 4.984821855820244e-05, 'epoch': 5.32}
{'loss': 0.4249, 'learning_rate': 4.980491781961926e-05, 'epoch': 5.33}
{'loss': 0.4519, 'learning_rate': 4.9761617081036104e-05, 'epoch': 5.33}
{'loss': 0.4086, 'learning_rate': 4.971831634245294e-05, 'epoch': 5.33}
{'loss': 0.3952, 'learning_rate': 4.967501560386976e-05, 'epoch': 5.34}
{'loss': 0.4144, 'learning_rate': 4.9631714865286595e-05, 'epoch': 5.34}
{'loss': 0.4178, 'learning_rate': 4.958841412670342e-05, 'epoch': 5.35}
{'loss': 0.4355, 'learning_rate': 4.954511338812026e-05, 'epoch': 5.35}
{'loss': 0.4137, 'learning_rate': 4.950181264953709e-05, 'epoch': 5.35}
{'loss': 0.4121, 'learning_rate': 4.9458511910953914e-05, 'epoch': 5.36}
{'loss': 0.4427, 'learning_rate': 4.941521117237075e-05, 'epoch': 5.36}
{'loss': 0.4244, 'learning_rate': 4.937191043378758e-05, 'epoch': 5.37}
{'loss': 0.4333, 'learning_rate': 4.932860969520441e-05, 'epoch': 5.37}
{'loss': 0.4209, 'learning_rate': 4.9285308956621246e-05, 'epoch': 5.37}
{'loss': 0.4096, 'learning_rate': 4.924200821803808e-05, 'epoch': 5.38}
{'loss': 0.4089, 'learning_rate': 4.919870747945491e-05, 'epoch': 5.38}
{'loss': 0.4036, 'learning_rate': 4.915540674087174e-05, 'epoch': 5.39}
{'loss': 0.4002, 'learning_rate': 4.911210600228858e-05, 'epoch': 5.39}
{'loss': 0.3803, 'learning_rate': 4.90688052637054e-05, 'epoch': 5.39}
{'loss': 0.4253, 'learning_rate': 4.9025504525122234e-05, 'epoch': 5.4}
{'loss': 0.4474, 'learning_rate': 4.898220378653906e-05, 'epoch': 5.4}
{'loss': 0.4394, 'learning_rate': 4.89389030479559e-05, 'epoch': 5.41}
{'loss': 0.3874, 'learning_rate': 4.889560230937273e-05, 'epoch': 5.41}
{'loss': 0.4245, 'learning_rate': 4.885230157078955e-05, 'epoch': 5.41}
{'loss': 0.4297, 'learning_rate': 4.8809000832206394e-05, 'epoch': 5.42}
{'loss': 0.3959, 'learning_rate': 4.876570009362323e-05, 'epoch': 5.42}
{'loss': 0.4117, 'learning_rate': 4.872239935504005e-05, 'epoch': 5.43}
{'loss': 0.4062, 'learning_rate': 4.8679098616456885e-05, 'epoch': 5.43}
{'loss': 0.4068, 'learning_rate': 4.863579787787372e-05, 'epoch': 5.44}
{'loss': 0.4338, 'learning_rate': 4.859249713929055e-05, 'epoch': 5.44}
{'loss': 0.4094, 'learning_rate': 4.854919640070738e-05, 'epoch': 5.44}
{'loss': 0.4482, 'learning_rate': 4.8505895662124204e-05, 'epoch': 5.45}
{'loss': 0.4069, 'learning_rate': 4.846259492354104e-05, 'epoch': 5.45}
{'loss': 0.4171, 'learning_rate': 4.841929418495787e-05, 'epoch': 5.46}
{'loss': 0.3824, 'learning_rate': 4.83759934463747e-05, 'epoch': 5.46}
{'loss': 0.4188, 'learning_rate': 4.8332692707791536e-05, 'epoch': 5.46}
{'loss': 0.4045, 'learning_rate': 4.828939196920837e-05, 'epoch': 5.47}
{'loss': 0.4449, 'learning_rate': 4.82460912306252e-05, 'epoch': 5.47}
{'loss': 0.4195, 'learning_rate': 4.820279049204203e-05, 'epoch': 5.48}
{'loss': 0.4151, 'learning_rate': 4.815948975345887e-05, 'epoch': 5.48}
{'loss': 0.3795, 'learning_rate': 4.811618901487569e-05, 'epoch': 5.48}
{'loss': 0.436, 'learning_rate': 4.8072888276292524e-05, 'epoch': 5.49}
{'loss': 0.435, 'learning_rate': 4.802958753770935e-05, 'epoch': 5.49}
{'loss': 0.3663, 'learning_rate': 4.798628679912619e-05, 'epoch': 5.5}
{'loss': 0.3901, 'learning_rate': 4.794385207531468e-05, 'epoch': 5.5}
{'loss': 0.3888, 'learning_rate': 4.790055133673151e-05, 'epoch': 5.5}
{'loss': 0.3881, 'learning_rate': 4.7857250598148345e-05, 'epoch': 5.51}
{'loss': 0.4195, 'learning_rate': 4.781394985956518e-05, 'epoch': 5.51}
{'loss': 0.4071, 'learning_rate': 4.7770649120982e-05, 'epoch': 5.52}
{'loss': 0.4085, 'learning_rate': 4.7727348382398836e-05, 'epoch': 5.52}
{'loss': 0.4032, 'learning_rate': 4.768404764381568e-05, 'epoch': 5.52}
{'loss': 0.4174, 'learning_rate': 4.76407469052325e-05, 'epoch': 5.53}
{'loss': 0.4154, 'learning_rate': 4.759744616664933e-05, 'epoch': 5.53}
{'loss': 0.4248, 'learning_rate': 4.755414542806617e-05, 'epoch': 5.54}
{'loss': 0.4155, 'learning_rate': 4.7510844689482996e-05, 'epoch': 5.54}
{'loss': 0.4296, 'learning_rate': 4.746754395089983e-05, 'epoch': 5.55}
{'loss': 0.4113, 'learning_rate': 4.742424321231665e-05, 'epoch': 5.55}
{'loss': 0.372, 'learning_rate': 4.7380942473733487e-05, 'epoch': 5.55}
{'loss': 0.4498, 'learning_rate': 4.733764173515032e-05, 'epoch': 5.56}
{'loss': 0.4141, 'learning_rate': 4.729434099656715e-05, 'epoch': 5.56}
{'loss': 0.4435, 'learning_rate': 4.7251040257983984e-05, 'epoch': 5.57}
{'loss': 0.4309, 'learning_rate': 4.720773951940082e-05, 'epoch': 5.57}
{'loss': 0.45, 'learning_rate': 4.716443878081764e-05, 'epoch': 5.57}
{'loss': 0.4244, 'learning_rate': 4.712113804223448e-05, 'epoch': 5.58}
{'loss': 0.4213, 'learning_rate': 4.7077837303651316e-05, 'epoch': 5.58}
{'loss': 0.3899, 'learning_rate': 4.703453656506814e-05, 'epoch': 5.59}
{'loss': 0.4115, 'learning_rate': 4.699123582648497e-05, 'epoch': 5.59}
{'loss': 0.4243, 'learning_rate': 4.69479350879018e-05, 'epoch': 5.59}
{'loss': 0.4089, 'learning_rate': 4.6904634349318635e-05, 'epoch': 5.6}
{'loss': 0.448, 'learning_rate': 4.686133361073547e-05, 'epoch': 5.6}
{'loss': 0.4088, 'learning_rate': 4.681803287215229e-05, 'epoch': 5.61}
{'loss': 0.4334, 'learning_rate': 4.6774732133569126e-05, 'epoch': 5.61}
{'loss': 0.412, 'learning_rate': 4.673143139498596e-05, 'epoch': 5.61}
{'loss': 0.3912, 'learning_rate': 4.668813065640279e-05, 'epoch': 5.62}
{'loss': 0.4261, 'learning_rate': 4.664482991781962e-05, 'epoch': 5.62}
{'loss': 0.4192, 'learning_rate': 4.660152917923646e-05, 'epoch': 5.63}
{'loss': 0.41, 'learning_rate': 4.6558228440653286e-05, 'epoch': 5.63}
{'loss': 0.4569, 'learning_rate': 4.651492770207012e-05, 'epoch': 5.63}
{'loss': 0.4147, 'learning_rate': 4.6471626963486955e-05, 'epoch': 5.64}
{'loss': 0.432, 'learning_rate': 4.6428326224903777e-05, 'epoch': 5.64}
{'loss': 0.4146, 'learning_rate': 4.638502548632061e-05, 'epoch': 5.65}
{'loss': 0.3661, 'learning_rate': 4.634172474773744e-05, 'epoch': 5.65}
{'loss': 0.3738, 'learning_rate': 4.6298424009154274e-05, 'epoch': 5.66}
{'loss': 0.4142, 'learning_rate': 4.625512327057111e-05, 'epoch': 5.66}
{'loss': 0.4438, 'learning_rate': 4.621182253198793e-05, 'epoch': 5.66}
{'loss': 0.4226, 'learning_rate': 4.616938780817643e-05, 'epoch': 5.67}
{'loss': 0.411, 'learning_rate': 4.612608706959327e-05, 'epoch': 5.67}
{'loss': 0.423, 'learning_rate': 4.608278633101009e-05, 'epoch': 5.68}
{'loss': 0.4242, 'learning_rate': 4.603948559242692e-05, 'epoch': 5.68}
{'loss': 0.4231, 'learning_rate': 4.5996184853843764e-05, 'epoch': 5.68}
{'loss': 0.393, 'learning_rate': 4.5952884115260586e-05, 'epoch': 5.69}
{'loss': 0.3891, 'learning_rate': 4.590958337667742e-05, 'epoch': 5.69}
{'loss': 0.4388, 'learning_rate': 4.586628263809425e-05, 'epoch': 5.7}
{'loss': 0.4415, 'learning_rate': 4.582298189951108e-05, 'epoch': 5.7}
{'loss': 0.3998, 'learning_rate': 4.577968116092792e-05, 'epoch': 5.7}
{'loss': 0.4254, 'learning_rate': 4.573638042234474e-05, 'epoch': 5.71}
{'loss': 0.4128, 'learning_rate': 4.5693079683761574e-05, 'epoch': 5.71}
{'loss': 0.4409, 'learning_rate': 4.564977894517841e-05, 'epoch': 5.72}
{'loss': 0.4354, 'learning_rate': 4.5606478206595237e-05, 'epoch': 5.72}
{'loss': 0.4212, 'learning_rate': 4.556317746801207e-05, 'epoch': 5.72}
{'loss': 0.4308, 'learning_rate': 4.5519876729428906e-05, 'epoch': 5.73}
{'loss': 0.4215, 'learning_rate': 4.547657599084573e-05, 'epoch': 5.73}
{'loss': 0.4416, 'learning_rate': 4.543327525226257e-05, 'epoch': 5.74}
{'loss': 0.4157, 'learning_rate': 4.5389974513679404e-05, 'epoch': 5.74}
{'loss': 0.4205, 'learning_rate': 4.5346673775096225e-05, 'epoch': 5.74}
{'loss': 0.3949, 'learning_rate': 4.530337303651306e-05, 'epoch': 5.75}
{'loss': 0.4238, 'learning_rate': 4.526007229792989e-05, 'epoch': 5.75}
{'loss': 0.4239, 'learning_rate': 4.521677155934672e-05, 'epoch': 5.76}
{'loss': 0.398, 'learning_rate': 4.517347082076356e-05, 'epoch': 5.76}
{'loss': 0.4062, 'learning_rate': 4.513017008218038e-05, 'epoch': 5.77}
{'loss': 0.4016, 'learning_rate': 4.508686934359721e-05, 'epoch': 5.77}
{'loss': 0.4221, 'learning_rate': 4.504356860501405e-05, 'epoch': 5.77}
{'loss': 0.3975, 'learning_rate': 4.5000267866430876e-05, 'epoch': 5.78}
{'loss': 0.418, 'learning_rate': 4.495696712784771e-05, 'epoch': 5.78}
{'loss': 0.3946, 'learning_rate': 4.4913666389264545e-05, 'epoch': 5.79}
{'loss': 0.4354, 'learning_rate': 4.487036565068137e-05, 'epoch': 5.79}
{'loss': 0.4292, 'learning_rate': 4.482706491209821e-05, 'epoch': 5.79}
{'loss': 0.4476, 'learning_rate': 4.478376417351503e-05, 'epoch': 5.8}
{'loss': 0.4125, 'learning_rate': 4.4740463434931864e-05, 'epoch': 5.8}
{'loss': 0.3897, 'learning_rate': 4.46971626963487e-05, 'epoch': 5.81}
{'loss': 0.4079, 'learning_rate': 4.465386195776553e-05, 'epoch': 5.81}
{'loss': 0.4443, 'learning_rate': 4.461056121918236e-05, 'epoch': 5.81}
{'loss': 0.4104, 'learning_rate': 4.4567260480599196e-05, 'epoch': 5.82}
{'loss': 0.3986, 'learning_rate': 4.452395974201602e-05, 'epoch': 5.82}
{'loss': 0.445, 'learning_rate': 4.448065900343285e-05, 'epoch': 5.83}
{'loss': 0.4057, 'learning_rate': 4.4437358264849694e-05, 'epoch': 5.83}
{'loss': 0.3996, 'learning_rate': 4.4394057526266515e-05, 'epoch': 5.83}
{'loss': 0.4176, 'learning_rate': 4.435075678768335e-05, 'epoch': 5.84}
{'loss': 0.3902, 'learning_rate': 4.4307456049100184e-05, 'epoch': 5.84}
{'loss': 0.4102, 'learning_rate': 4.426415531051701e-05, 'epoch': 5.85}
{'loss': 0.4291, 'learning_rate': 4.422085457193385e-05, 'epoch': 5.85}
{'loss': 0.4148, 'learning_rate': 4.417755383335067e-05, 'epoch': 5.85}
{'loss': 0.4187, 'learning_rate': 4.41342530947675e-05, 'epoch': 5.86}
{'loss': 0.4181, 'learning_rate': 4.409095235618434e-05, 'epoch': 5.86}
{'loss': 0.4139, 'learning_rate': 4.4047651617601166e-05, 'epoch': 5.87}
{'loss': 0.3861, 'learning_rate': 4.4004350879018e-05, 'epoch': 5.87}
{'loss': 0.4003, 'learning_rate': 4.3961050140434835e-05, 'epoch': 5.88}
{'loss': 0.4209, 'learning_rate': 4.3917749401851657e-05, 'epoch': 5.88}
{'loss': 0.4114, 'learning_rate': 4.38744486632685e-05, 'epoch': 5.88}
{'loss': 0.3881, 'learning_rate': 4.383114792468533e-05, 'epoch': 5.89}
{'loss': 0.4091, 'learning_rate': 4.3787847186102154e-05, 'epoch': 5.89}
{'loss': 0.4153, 'learning_rate': 4.374454644751899e-05, 'epoch': 5.9}
{'loss': 0.4224, 'learning_rate': 4.370124570893582e-05, 'epoch': 5.9}
{'loss': 0.4025, 'learning_rate': 4.365794497035265e-05, 'epoch': 5.9}
{'loss': 0.3878, 'learning_rate': 4.3614644231769486e-05, 'epoch': 5.91}
{'loss': 0.4071, 'learning_rate': 4.357134349318631e-05, 'epoch': 5.91}
{'loss': 0.4056, 'learning_rate': 4.352804275460314e-05, 'epoch': 5.92}
{'loss': 0.4423, 'learning_rate': 4.3484742016019984e-05, 'epoch': 5.92}
{'loss': 0.4529, 'learning_rate': 4.3441441277436805e-05, 'epoch': 5.92}
{'loss': 0.4254, 'learning_rate': 4.339814053885364e-05, 'epoch': 5.93}
{'loss': 0.396, 'learning_rate': 4.3354839800270474e-05, 'epoch': 5.93}
{'loss': 0.4029, 'learning_rate': 4.33115390616873e-05, 'epoch': 5.94}
{'loss': 0.433, 'learning_rate': 4.326823832310414e-05, 'epoch': 5.94}
{'loss': 0.4081, 'learning_rate': 4.322493758452096e-05, 'epoch': 5.94}
{'loss': 0.4016, 'learning_rate': 4.318163684593779e-05, 'epoch': 5.95}
{'loss': 0.3903, 'learning_rate': 4.313833610735463e-05, 'epoch': 5.95}
{'loss': 0.372, 'learning_rate': 4.3095035368771456e-05, 'epoch': 5.96}
{'loss': 0.4379, 'learning_rate': 4.305173463018829e-05, 'epoch': 5.96}
{'loss': 0.3863, 'learning_rate': 4.3008433891605125e-05, 'epoch': 5.96}
{'loss': 0.4125, 'learning_rate': 4.2965133153021947e-05, 'epoch': 5.97}
{'loss': 0.4096, 'learning_rate': 4.292183241443879e-05, 'epoch': 5.97}
{'loss': 0.4186, 'learning_rate': 4.287853167585562e-05, 'epoch': 5.98}
{'loss': 0.4314, 'learning_rate': 4.2835230937272444e-05, 'epoch': 5.98}
{'loss': 0.3909, 'learning_rate': 4.279193019868928e-05, 'epoch': 5.99}
{'loss': 0.4076, 'learning_rate': 4.2748629460106114e-05, 'epoch': 5.99}
{'loss': 0.3929, 'learning_rate': 4.270532872152294e-05, 'epoch': 5.99}
{'loss': 0.4477, 'learning_rate': 4.266289399771144e-05, 'epoch': 6.0}
[INFO|trainer.py:520] 2026-10-04 16:52:13,162 >> The following columns in the evaluation set  don't have a corresponding argument in `PETLEncModel.forward` and have been ignored: idx, hypothesis, premise.
[INFO|trainer.py:2179] 2026-10-04 16:52:13,164 >> ***** Running Evaluation *****
[INFO|trainer.py:2181] 2026-10-04 16:52:13,164 >>   Num examples = 9815
[INFO|trainer.py:2184] 2026-10-04 16:52:13,164 >>   Batch size = 32
{'eval_loss': 0.389313280582428, 'eval_accuracy': 0.8550178298522669, 'eval_runtime': 9.2582, 'eval_samples_per_second': 1060.145, 'eval_steps_per_second': 33.16, 'epoch': 6.0}
[INFO|trainer.py:1933] 2026-10-04 16:52:22,423 >> Saving model checkpoint to checkpoints/glue/mnli/20261004/glue.mnli.prefix.am_prefix.ao_concat.fm_none.fo_parallel.abn.fbn.ac_add.fl_none.finit_lora.fs_4.unfrz_ef_.ne10.warm0.06.wd0.1.seed6./checkpoint-73632
[INFO|configuration_utils.py:364] 2026-10-04 16:52:22,424 >> Configuration saved in checkpoints/glue/mnli/20261004/glue.mnli.prefix.am_prefix.ao_concat.fm_none.fo_parallel.abn.fbn.ac_add.fl_none.finit_lora.fs_4.unfrz_ef_.ne10.warm0.06.wd0.1.seed6./checkpoint-73632/config.json
[INFO|modeling_utils.py:898] 2026-10-04 16:52:22,833 >> Model weights saved in checkpoints/glue/mnli/20261004/glue.mnli.prefix.am_prefix.ao_concat.fm_none.fo_parallel.abn.fbn.ac_add.fl_none.finit_lora.fs_4.unfrz_ef_.ne10.warm0.06.wd0.1.seed6./checkpoint-73632/pytorch_model.bin
[INFO|tokenization_utils_base.py:1948] 2026-10-04 16:52:22,834 >> tokenizer config file saved in checkpoints/glue/mnli/20261004/glue.mnli.prefix.am_prefix.ao_concat.fm_none.fo_parallel.abn.fbn.ac_add.fl_none.finit_lora.fs_4.unfrz_ef_.ne10.warm0.06.wd0.1.seed6./checkpoint-73632/tokenizer_config.json
[INFO|tokenization_utils_base.py:1954] 2026-10-04 16:52:22,835 >> Special tokens file saved in checkpoints/glue/mnli/20261004/glue.mnli.prefix.am_prefix.ao_concat.fm_none.fo_parallel.abn.fbn.ac_add.fl_none.finit_lora.fs_4.unfrz_ef_.ne10.warm0.06.wd0.1.seed6./checkpoint-73632/special_tokens_map.json
[INFO|trainer.py:2009] 2026-10-04 16:52:22,999 >> Deleting older checkpoint [checkpoints/glue/mnli/20261004/glue.mnli.prefix.am_prefix.ao_concat.fm_none.fo_parallel.abn.fbn.ac_add.fl_none.finit_lora.fs_4.unfrz_ef_.ne10.warm0.06.wd0.1.seed6./checkpoint-49088] due to args.save_total_limit
/work/unify-parameter-efficient-tuning/src/transformers/trainer.py:1784: FutureWarning: `torch.cuda.amp.autocast(args...)` is deprecated. Please use `torch.amp.autocast('cuda', args...)` instead.
  with autocast():
{'loss': 0.4036, 'learning_rate': 4.2619593259128265e-05, 'epoch': 6.0}
{'loss': 0.3992, 'learning_rate': 4.25762925205451e-05, 'epoch': 6.01}
{'loss': 0.4263, 'learning_rate': 4.2532991781961934e-05, 'epoch': 6.01}
{'loss': 0.4218, 'learning_rate': 4.2489691043378756e-05, 'epoch': 6.01}
{'loss': 0.4362, 'learning_rate': 4.244639030479559e-05, 'epoch': 6.02}
{'loss': 0.453, 'learning_rate': 4.2403089566212425e-05, 'epoch': 6.02}
{'loss': 0.4141, 'learning_rate': 4.235978882762925e-05, 'epoch': 6.03}
{'loss': 0.4027, 'learning_rate': 4.231648808904609e-05, 'epoch': 6.03}
{'loss': 0.3989, 'learning_rate': 4.227318735046292e-05, 'epoch': 6.03}
{'loss': 0.4116, 'learning_rate': 4.222988661187975e-05, 'epoch': 6.04}
{'loss': 0.4184, 'learning_rate': 4.2186585873296585e-05, 'epoch': 6.04}
{'loss': 0.3871, 'learning_rate': 4.2143285134713407e-05, 'epoch': 6.05}
{'loss': 0.4036, 'learning_rate': 4.209998439613024e-05, 'epoch': 6.05}
{'loss': 0.3921, 'learning_rate': 4.2056683657547076e-05, 'epoch': 6.05}
{'loss': 0.4247, 'learning_rate': 4.2013382918963904e-05, 'epoch': 6.06}
{'loss': 0.3976, 'learning_rate': 4.197008218038074e-05, 'epoch': 6.06}
{'loss': 0.4323, 'learning_rate': 4.1926781441797574e-05, 'epoch': 6.07}
{'loss': 0.4308, 'learning_rate': 4.1883480703214395e-05, 'epoch': 6.07}
{'loss': 0.3908, 'learning_rate': 4.184017996463123e-05, 'epoch': 6.07}
{'loss': 0.4085, 'learning_rate': 4.179687922604807e-05, 'epoch': 6.08}
{'loss': 0.3931, 'learning_rate': 4.175357848746489e-05, 'epoch': 6.08}
{'loss': 0.4133, 'learning_rate': 4.171027774888173e-05, 'epoch': 6.09}
{'loss': 0.4252, 'learning_rate': 4.166697701029856e-05, 'epoch': 6.09}
{'loss': 0.3754, 'learning_rate': 4.162367627171539e-05, 'epoch': 6.1}
{'loss': 0.4449, 'learning_rate': 4.1580375533132224e-05, 'epoch': 6.1}
{'loss': 0.4151, 'learning_rate': 4.1537074794549046e-05, 'epoch': 6.1}
{'loss': 0.4107, 'learning_rate': 4.149377405596588e-05, 'epoch': 6.11}
{'loss': 0.4284, 'learning_rate': 4.1450473317382715e-05, 'epoch': 6.11}
{'loss': 0.4016, 'learning_rate': 4.140717257879954e-05, 'epoch': 6.12}
{'loss': 0.4276, 'learning_rate': 4.136387184021638e-05, 'epoch': 6.12}
{'loss': 0.4105, 'learning_rate': 4.132057110163321e-05, 'epoch': 6.12}
{'loss': 0.4341, 'learning_rate': 4.1277270363050034e-05, 'epoch': 6.13}
{'loss': 0.4072, 'learning_rate': 4.1233969624466875e-05, 'epoch': 6.13}
{'loss': 0.4026, 'learning_rate': 4.119066888588371e-05, 'epoch': 6.14}
{'loss': 0.4261, 'learning_rate': 4.114736814730053e-05, 'epoch': 6.14}
{'loss': 0.3598, 'learning_rate': 4.1104067408717366e-05, 'epoch': 6.14}
{'loss': 0.3934, 'learning_rate': 4.1060766670134194e-05, 'epoch': 6.15}
{'loss': 0.4395, 'learning_rate': 4.101746593155103e-05, 'epoch': 6.15}
{'loss': 0.3901, 'learning_rate': 4.0974165192967864e-05, 'epoch': 6.16}
{'loss': 0.3845, 'learning_rate': 4.0930864454384685e-05, 'epoch': 6.16}
{'loss': 0.3972, 'learning_rate': 4.088842973057319e-05, 'epoch': 6.16}
{'loss': 0.4195, 'learning_rate': 4.084512899199002e-05, 'epoch': 6.17}
{'loss': 0.3895, 'learning_rate': 4.080182825340684e-05, 'epoch': 6.17}
{'loss': 0.427, 'learning_rate': 4.075852751482368e-05, 'epoch': 6.18}
{'loss': 0.4202, 'learning_rate': 4.071522677624051e-05, 'epoch': 6.18}
{'loss': 0.3965, 'learning_rate': 4.067192603765734e-05, 'epoch': 6.18}
{'loss': 0.4159, 'learning_rate': 4.0628625299074175e-05, 'epoch': 6.19}
{'loss': 0.4117, 'learning_rate': 4.058532456049101e-05, 'epoch': 6.19}
{'loss': 0.4345, 'learning_rate': 4.054202382190784e-05, 'epoch': 6.2}
{'loss': 0.4071, 'learning_rate': 4.049872308332467e-05, 'epoch': 6.2}
{'loss': 0.3751, 'learning_rate': 4.0455422344741494e-05, 'epoch': 6.21}
{'loss': 0.4024, 'learning_rate': 4.041212160615833e-05, 'epoch': 6.21}
{'loss': 0.3884, 'learning_rate': 4.036882086757516e-05, 'epoch': 6.21}
{'loss': 0.4152, 'learning_rate': 4.032552012899199e-05, 'epoch': 6.22}
{'loss': 0.4129, 'learning_rate': 4.0282219390408826e-05, 'epoch': 6.22}
{'loss': 0.4059, 'learning_rate': 4.023891865182566e-05, 'epoch': 6.23}
{'loss': 0.3981, 'learning_rate': 4.019561791324248e-05, 'epoch': 6.23}
{'loss': 0.3861, 'learning_rate': 4.015231717465932e-05, 'epoch': 6.23}
{'loss': 0.4342, 'learning_rate': 4.010901643607616e-05, 'epoch': 6.24}
{'loss': 0.3965, 'learning_rate': 4.006571569749298e-05, 'epoch': 6.24}
{'loss': 0.4172, 'learning_rate': 4.0022414958909814e-05, 'epoch': 6.25}
{'loss': 0.3867, 'learning_rate': 3.997911422032664e-05, 'epoch': 6.25}
{'loss': 0.3997, 'learning_rate': 3.993581348174348e-05, 'epoch': 6.25}
{'loss': 0.3901, 'learning_rate': 3.989251274316031e-05, 'epoch': 6.26}
{'loss': 0.4113, 'learning_rate': 3.984921200457713e-05, 'epoch': 6.26}
{'loss': 0.41, 'learning_rate': 3.980591126599397e-05, 'epoch': 6.27}
{'loss': 0.4475, 'learning_rate': 3.97626105274108e-05, 'epoch': 6.27}
{'loss': 0.3948, 'learning_rate': 3.971930978882763e-05, 'epoch': 6.27}
{'loss': 0.4077, 'learning_rate': 3.9676009050244465e-05, 'epoch': 6.28}
{'loss': 0.4093, 'learning_rate': 3.96327083116613e-05, 'epoch': 6.28}
{'loss': 0.3915, 'learning_rate': 3.958940757307812e-05, 'epoch': 6.29}
{'loss': 0.4096, 'learning_rate': 3.954610683449496e-05, 'epoch': 6.29}
{'loss': 0.3976, 'learning_rate': 3.9502806095911784e-05, 'epoch': 6.29}
{'loss': 0.4331, 'learning_rate': 3.945950535732862e-05, 'epoch': 6.3}
{'loss': 0.3966, 'learning_rate': 3.9416204618745453e-05, 'epoch': 6.3}
{'loss': 0.413, 'learning_rate': 3.937290388016228e-05, 'epoch': 6.31}
{'loss': 0.4037, 'learning_rate': 3.9329603141579116e-05, 'epoch': 6.31}
{'loss': 0.4268, 'learning_rate': 3.928630240299595e-05, 'epoch': 6.32}
{'loss': 0.4137, 'learning_rate': 3.924300166441277e-05, 'epoch': 6.32}
{'loss': 0.4558, 'learning_rate': 3.919970092582961e-05, 'epoch': 6.32}
{'loss': 0.4334, 'learning_rate': 3.915640018724644e-05, 'epoch': 6.33}
{'loss': 0.4084, 'learning_rate': 3.911309944866327e-05, 'epoch': 6.33}
{'loss': 0.4163, 'learning_rate': 3.9069798710080104e-05, 'epoch': 6.34}
{'loss': 0.3796, 'learning_rate': 3.902649797149694e-05, 'epoch': 6.34}
{'loss': 0.3933, 'learning_rate': 3.898319723291377e-05, 'epoch': 6.34}
{'loss': 0.3813, 'learning_rate': 3.894076250910226e-05, 'epoch': 6.35}
{'loss': 0.4028, 'learning_rate': 3.8897461770519084e-05, 'epoch': 6.35}
{'loss': 0.4318, 'learning_rate': 3.8854161031935925e-05, 'epoch': 6.36}
{'loss': 0.413, 'learning_rate': 3.881086029335276e-05, 'epoch': 6.36}
{'loss': 0.4012, 'learning_rate': 3.876755955476958e-05, 'epoch': 6.36}
{'loss': 0.4045, 'learning_rate': 3.8724258816186416e-05, 'epoch': 6.37}
{'loss': 0.4133, 'learning_rate': 3.868095807760325e-05, 'epoch': 6.37}
{'loss': 0.4011, 'learning_rate': 3.863765733902008e-05, 'epoch': 6.38}
{'loss': 0.4218, 'learning_rate': 3.8594356600436913e-05, 'epoch': 6.38}
{'loss': 0.4051, 'learning_rate': 3.855105586185375e-05, 'epoch': 6.38}
{'loss': 0.3882, 'learning_rate': 3.850775512327057e-05, 'epoch': 6.39}
{'loss': 0.3895, 'learning_rate': 3.8464454384687404e-05, 'epoch': 6.39}
{'loss': 0.4009, 'learning_rate': 3.842115364610423e-05, 'epoch': 6.4}
{'loss': 0.3947, 'learning_rate': 3.837785290752107e-05, 'epoch': 6.4}
{'loss': 0.4122, 'learning_rate': 3.83345521689379e-05, 'epoch': 6.4}
{'loss': 0.4207, 'learning_rate': 3.829125143035473e-05, 'epoch': 6.41}
{'loss': 0.3777, 'learning_rate': 3.8247950691771564e-05, 'epoch': 6.41}
{'loss': 0.3969, 'learning_rate': 3.82046499531884e-05, 'epoch': 6.42}
{'loss': 0.4092, 'learning_rate': 3.816134921460522e-05, 'epoch': 6.42}
{'loss': 0.381, 'learning_rate': 3.8118048476022055e-05, 'epoch': 6.43}
{'loss': 0.4292, 'learning_rate': 3.807474773743889e-05, 'epoch': 6.43}
{'loss': 0.3708, 'learning_rate': 3.803144699885572e-05, 'epoch': 6.43}
{'loss': 0.4226, 'learning_rate': 3.798814626027255e-05, 'epoch': 6.44}
{'loss': 0.4224, 'learning_rate': 3.794484552168939e-05, 'epoch': 6.44}
{'loss': 0.3944, 'learning_rate': 3.7901544783106215e-05, 'epoch': 6.45}
{'loss': 0.3941, 'learning_rate': 3.785824404452305e-05, 'epoch': 6.45}
{'loss': 0.3768, 'learning_rate': 3.781494330593987e-05, 'epoch': 6.45}
{'loss': 0.4169, 'learning_rate': 3.7771642567356706e-05, 'epoch': 6.46}
{'loss': 0.4335, 'learning_rate': 3.772834182877354e-05, 'epoch': 6.46}
{'loss': 0.3645, 'learning_rate': 3.768590710496203e-05, 'epoch': 6.47}
{'loss': 0.4178, 'learning_rate': 3.7642606366378864e-05, 'epoch': 6.47}
{'loss': 0.3947, 'learning_rate': 3.75993056277957e-05, 'epoch': 6.47}
{'loss': 0.3971, 'learning_rate': 3.755600488921253e-05, 'epoch': 6.48}
{'loss': 0.3966, 'learning_rate': 3.751270415062936e-05, 'epoch': 6.48}
{'loss': 0.4078, 'learning_rate': 3.7469403412046196e-05, 'epoch': 6.49}
{'loss': 0.3885, 'learning_rate': 3.742610267346302e-05, 'epoch': 6.49}
{'loss': 0.4027, 'learning_rate': 3.738280193487985e-05, 'epoch': 6.49}
{'loss': 0.4101, 'learning_rate': 3.733950119629668e-05, 'epoch': 6.5}
{'loss': 0.4142, 'learning_rate': 3.7296200457713515e-05, 'epoch': 6.5}
{'loss': 0.3701, 'learning_rate': 3.725289971913035e-05, 'epoch': 6.51}
{'loss': 0.3882, 'learning_rate': 3.720959898054718e-05, 'epoch': 6.51}
{'loss': 0.4153, 'learning_rate': 3.716629824196401e-05, 'epoch': 6.51}
{'loss': 0.4003, 'learning_rate': 3.712299750338085e-05, 'epoch': 6.52}
{'loss': 0.4156, 'learning_rate': 3.707969676479767e-05, 'epoch': 6.52}
{'loss': 0.3894, 'learning_rate': 3.70363960262145e-05, 'epoch': 6.53}
{'loss': 0.3897, 'learning_rate': 3.699309528763134e-05, 'epoch': 6.53}
{'loss': 0.4601, 'learning_rate': 3.6949794549048166e-05, 'epoch': 6.54}
{'loss': 0.3975, 'learning_rate': 3.6906493810465e-05, 'epoch': 6.54}
{'loss': 0.4019, 'learning_rate': 3.6863193071881835e-05, 'epoch': 6.54}
{'loss': 0.4008, 'learning_rate': 3.681989233329866e-05, 'epoch': 6.55}
{'loss': 0.4242, 'learning_rate': 3.67765915947155e-05, 'epoch': 6.55}
{'loss': 0.4157, 'learning_rate': 3.673329085613232e-05, 'epoch': 6.56}
{'loss': 0.4167, 'learning_rate': 3.6689990117549154e-05, 'epoch': 6.56}
{'loss': 0.4125, 'learning_rate': 3.664668937896599e-05, 'epoch': 6.56}
{'loss': 0.4084, 'learning_rate': 3.660338864038282e-05, 'epoch': 6.57}
{'loss': 0.4087, 'learning_rate': 3.656008790179965e-05, 'epoch': 6.57}
{'loss': 0.4299, 'learning_rate': 3.6516787163216486e-05, 'epoch': 6.58}
{'loss': 0.387, 'learning_rate': 3.647348642463331e-05, 'epoch': 6.58}
{'loss': 0.4251, 'learning_rate': 3.643018568605014e-05, 'epoch': 6.58}
{'loss': 0.4223, 'learning_rate': 3.638688494746698e-05, 'epoch': 6.59}
{'loss': 0.4278, 'learning_rate': 3.6343584208883805e-05, 'epoch': 6.59}
{'loss': 0.3951, 'learning_rate': 3.630028347030064e-05, 'epoch': 6.6}
{'loss': 0.4094, 'learning_rate': 3.625698273171746e-05, 'epoch': 6.6}
{'loss': 0.4143, 'learning_rate': 3.62136819931343e-05, 'epoch': 6.6}
{'loss': 0.433, 'learning_rate': 3.617038125455114e-05, 'epoch': 6.61}
{'loss': 0.3895, 'learning_rate': 3.612708051596796e-05, 'epoch': 6.61}
{'loss': 0.3764, 'learning_rate': 3.608377977738479e-05, 'epoch': 6.62}
{'loss': 0.4121, 'learning_rate': 3.604047903880163e-05, 'epoch': 6.62}
{'loss': 0.405, 'learning_rate': 3.5997178300218456e-05, 'epoch': 6.62}
{'loss': 0.4202, 'learning_rate': 3.595387756163529e-05, 'epoch': 6.63}
{'loss': 0.387, 'learning_rate': 3.5910576823052126e-05, 'epoch': 6.63}
{'loss': 0.3787, 'learning_rate': 3.586727608446895e-05, 'epoch': 6.64}
{'loss': 0.3706, 'learning_rate': 3.582397534588578e-05, 'epoch': 6.64}
{'loss': 0.4161, 'learning_rate': 3.578067460730261e-05, 'epoch': 6.65}
{'loss': 0.4491, 'learning_rate': 3.5737373868719444e-05, 'epoch': 6.65}
{'loss': 0.406, 'learning_rate': 3.569407313013628e-05, 'epoch': 6.65}
{'loss': 0.3747, 'learning_rate': 3.565077239155311e-05, 'epoch': 6.66}
{'loss': 0.4041, 'learning_rate': 3.560747165296994e-05, 'epoch': 6.66}
{'loss': 0.408, 'learning_rate': 3.5564170914386777e-05, 'epoch': 6.67}
{'loss': 0.4044, 'learning_rate': 3.55208701758036e-05, 'epoch': 6.67}
{'loss': 0.365, 'learning_rate': 3.547756943722043e-05, 'epoch': 6.67}
{'loss': 0.3866, 'learning_rate': 3.543426869863727e-05, 'epoch': 6.68}
{'loss': 0.3995, 'learning_rate': 3.5390967960054095e-05, 'epoch': 6.68}
{'loss': 0.4339, 'learning_rate': 3.534766722147093e-05, 'epoch': 6.69}
{'loss': 0.4099, 'learning_rate': 3.5304366482887765e-05, 'epoch': 6.69}
{'loss': 0.3994, 'learning_rate': 3.5261065744304586e-05, 'epoch': 6.69}
{'loss': 0.4017, 'learning_rate': 3.521776500572143e-05, 'epoch': 6.7}
{'loss': 0.3922, 'learning_rate': 3.517446426713825e-05, 'epoch': 6.7}
{'loss': 0.4237, 'learning_rate': 3.5131163528555083e-05, 'epoch': 6.71}
{'loss': 0.3867, 'learning_rate': 3.508786278997192e-05, 'epoch': 6.71}
{'loss': 0.3937, 'learning_rate': 3.5044562051388746e-05, 'epoch': 6.71}
{'loss': 0.3997, 'learning_rate': 3.500126131280558e-05, 'epoch': 6.72}
{'loss': 0.4051, 'learning_rate': 3.4957960574222416e-05, 'epoch': 6.72}
{'loss': 0.392, 'learning_rate': 3.491465983563924e-05, 'epoch': 6.73}
{'loss': 0.3962, 'learning_rate': 3.487135909705607e-05, 'epoch': 6.73}
{'loss': 0.3945, 'learning_rate': 3.4828058358472906e-05, 'epoch': 6.73}
{'loss': 0.424, 'learning_rate': 3.4784757619889734e-05, 'epoch': 6.74}
{'loss': 0.4021, 'learning_rate': 3.474145688130657e-05, 'epoch': 6.74}
{'loss': 0.415, 'learning_rate': 3.469815614272339e-05, 'epoch': 6.75}
{'loss': 0.3916, 'learning_rate': 3.465485540414023e-05, 'epoch': 6.75}
{'loss': 0.4145, 'learning_rate': 3.4611554665557067e-05, 'epoch': 6.76}
{'loss': 0.3912, 'learning_rate': 3.456825392697389e-05, 'epoch': 6.76}
{'loss': 0.3992, 'learning_rate': 3.452495318839072e-05, 'epoch': 6.76}
{'loss': 0.3897, 'learning_rate': 3.448165244980756e-05, 'epoch': 6.77}
{'loss': 0.3839, 'learning_rate': 3.4438351711224385e-05, 'epoch': 6.77}
{'loss': 0.3772, 'learning_rate': 3.439505097264122e-05, 'epoch': 6.78}
{'loss': 0.4166, 'learning_rate': 3.4351750234058055e-05, 'epoch': 6.78}
{'loss': 0.4065, 'learning_rate': 3.4308449495474876e-05, 'epoch': 6.78}
{'loss': 0.3882, 'learning_rate': 3.426601477166338e-05, 'epoch': 6.79}
{'loss': 0.4094, 'learning_rate': 3.422271403308021e-05, 'epoch': 6.79}
{'loss': 0.417, 'learning_rate': 3.4179413294497034e-05, 'epoch': 6.8}
{'loss': 0.3972, 'learning_rate': 3.413611255591387e-05, 'epoch': 6.8}
{'loss': 0.4341, 'learning_rate': 3.40928118173307e-05, 'epoch': 6.8}
{'loss': 0.3938, 'learning_rate': 3.404951107874753e-05, 'epoch': 6.81}
{'loss': 0.4207, 'learning_rate': 3.4006210340164366e-05, 'epoch': 6.81}
{'loss': 0.4035, 'learning_rate': 3.3962909601581194e-05, 'epoch': 6.82}
{'loss': 0.403, 'learning_rate': 3.391960886299803e-05, 'epoch': 6.82}
{'loss': 0.4018, 'learning_rate': 3.3876308124414864e-05, 'epoch': 6.82}
{'loss': 0.407, 'learning_rate': 3.3833007385831685e-05, 'epoch': 6.83}
{'loss': 0.3796, 'learning_rate': 3.378970664724852e-05, 'epoch': 6.83}
{'loss': 0.4165, 'learning_rate': 3.3746405908665355e-05, 'epoch': 6.84}
{'loss': 0.4278, 'learning_rate': 3.370310517008218e-05, 'epoch': 6.84}
{'loss': 0.3865, 'learning_rate': 3.365980443149902e-05, 'epoch': 6.84}
{'loss': 0.3873, 'learning_rate': 3.361650369291584e-05, 'epoch': 6.85}
{'loss': 0.4315, 'learning_rate': 3.357320295433267e-05, 'epoch': 6.85}
{'loss': 0.4077, 'learning_rate': 3.3529902215749515e-05, 'epoch': 6.86}
{'loss': 0.4058, 'learning_rate': 3.3486601477166336e-05, 'epoch': 6.86}
{'loss': 0.3904, 'learning_rate': 3.344330073858317e-05, 'epoch': 6.87}
{'loss': 0.4023, 'learning_rate': 3.3400000000000005e-05, 'epoch': 6.87}
{'loss': 0.4206, 'learning_rate': 3.3356699261416833e-05, 'epoch': 6.87}
{'loss': 0.3985, 'learning_rate': 3.331339852283367e-05, 'epoch': 6.88}
{'loss': 0.3791, 'learning_rate': 3.32700977842505e-05, 'epoch': 6.88}
{'loss': 0.355, 'learning_rate': 3.3226797045667324e-05, 'epoch': 6.89}
{'loss': 0.3882, 'learning_rate': 3.318349630708416e-05, 'epoch': 6.89}
{'loss': 0.3983, 'learning_rate': 3.3140195568500994e-05, 'epoch': 6.89}
{'loss': 0.3914, 'learning_rate': 3.309689482991782e-05, 'epoch': 6.9}
{'loss': 0.4208, 'learning_rate': 3.3053594091334656e-05, 'epoch': 6.9}
{'loss': 0.3774, 'learning_rate': 3.301029335275148e-05, 'epoch': 6.91}
{'loss': 0.3997, 'learning_rate': 3.296699261416832e-05, 'epoch': 6.91}
{'loss': 0.3995, 'learning_rate': 3.2923691875585154e-05, 'epoch': 6.91}
{'loss': 0.4408, 'learning_rate': 3.2880391137001975e-05, 'epoch': 6.92}
{'loss': 0.4269, 'learning_rate': 3.283709039841881e-05, 'epoch': 6.92}
{'loss': 0.4201, 'learning_rate': 3.2793789659835645e-05, 'epoch': 6.93}
{'loss': 0.3682, 'learning_rate': 3.275048892125247e-05, 'epoch': 6.93}
{'loss': 0.3956, 'learning_rate': 3.270718818266931e-05, 'epoch': 6.93}
{'loss': 0.4129, 'learning_rate': 3.266388744408614e-05, 'epoch': 6.94}
{'loss': 0.4296, 'learning_rate': 3.262058670550296e-05, 'epoch': 6.94}
{'loss': 0.3705, 'learning_rate': 3.25772859669198e-05, 'epoch': 6.95}
{'loss': 0.4002, 'learning_rate': 3.253485124310829e-05, 'epoch': 6.95}
{'loss': 0.4195, 'learning_rate': 3.249155050452512e-05, 'epoch': 6.95}
{'loss': 0.4111, 'learning_rate': 3.244824976594196e-05, 'epoch': 6.96}
{'loss': 0.3652, 'learning_rate': 3.2404949027358784e-05, 'epoch': 6.96}
{'loss': 0.38, 'learning_rate': 3.236164828877562e-05, 'epoch': 6.97}
{'loss': 0.3929, 'learning_rate': 3.2318347550192454e-05, 'epoch': 6.97}
{'loss': 0.4244, 'learning_rate': 3.227504681160928e-05, 'epoch': 6.98}
{'loss': 0.4301, 'learning_rate': 3.2231746073026116e-05, 'epoch': 6.98}
{'loss': 0.3907, 'learning_rate': 3.218844533444295e-05, 'epoch': 6.98}
{'loss': 0.4027, 'learning_rate': 3.214514459585977e-05, 'epoch': 6.99}
{'loss': 0.3752, 'learning_rate': 3.210184385727661e-05, 'epoch': 6.99}
{'loss': 0.398, 'learning_rate': 3.205854311869344e-05, 'epoch': 7.0}
{'loss': 0.4336, 'learning_rate': 3.201524238011027e-05, 'epoch': 7.0}
[INFO|trainer.py:520] 2026-10-04 16:57:18,804 >> The following columns in the evaluation set  don't have a corresponding argument in `PETLEncModel.forward` and have been ignored: idx, hypothesis, premise.
[INFO|trainer.py:2179] 2026-10-04 16:57:18,806 >> ***** Running Evaluation *****
[INFO|trainer.py:2181] 2026-10-04 16:57:18,806 >>   Num examples = 9815
[INFO|trainer.py:2184] 2026-10-04 16:57:18,806 >>   Batch size = 32
{'eval_loss': 0.3719228208065033, 'eval_accuracy': 0.8602139582272033, 'eval_runtime': 9.3161, 'eval_samples_per_second': 1053.55, 'eval_steps_per_second': 32.954, 'epoch': 7.0}
[INFO|trainer.py:1933] 2026-10-04 16:57:28,123 >> Saving model checkpoint to checkpoints/glue/mnli/20261004/glue.mnli.prefix.am_prefix.ao_concat.fm_none.fo_parallel.abn.fbn.ac_add.fl_none.finit_lora.fs_4.unfrz_ef_.ne10.warm0.06.wd0.1.seed6./checkpoint-85904
[INFO|configuration_utils.py:364] 2026-10-04 16:57:28,124 >> Configuration saved in checkpoints/glue/mnli/20261004/glue.mnli.prefix.am_prefix.ao_concat.fm_none.fo_parallel.abn.fbn.ac_add.fl_none.finit_lora.fs_4.unfrz_ef_.ne10.warm0.06.wd0.1.seed6./checkpoint-85904/config.json
[INFO|modeling_utils.py:898] 2026-10-04 16:57:28,542 >> Model weights saved in checkpoints/glue/mnli/20261004/glue.mnli.prefix.am_prefix.ao_concat.fm_none.fo_parallel.abn.fbn.ac_add.fl_none.finit_lora.fs_4.unfrz_ef_.ne10.warm0.06.wd0.1.seed6./checkpoint-85904/pytorch_model.bin
[INFO|tokenization_utils_base.py:1948] 2026-10-04 16:57:28,543 >> tokenizer config file saved in checkpoints/glue/mnli/20261004/glue.mnli.prefix.am_prefix.ao_concat.fm_none.fo_parallel.abn.fbn.ac_add.fl_none.finit_lora.fs_4.unfrz_ef_.ne10.warm0.06.wd0.1.seed6./checkpoint-85904/tokenizer_config.json
[INFO|tokenization_utils_base.py:1954] 2026-10-04 16:57:28,544 >> Special tokens file saved in checkpoints/glue/mnli/20261004/glue.mnli.prefix.am_prefix.ao_concat.fm_none.fo_parallel.abn.fbn.ac_add.fl_none.finit_lora.fs_4.unfrz_ef_.ne10.warm0.06.wd0.1.seed6./checkpoint-85904/special_tokens_map.json
[INFO|trainer.py:2009] 2026-10-04 16:57:28,695 >> Deleting older checkpoint [checkpoints/glue/mnli/20261004/glue.mnli.prefix.am_prefix.ao_concat.fm_none.fo_parallel.abn.fbn.ac_add.fl_none.finit_lora.fs_4.unfrz_ef_.ne10.warm0.06.wd0.1.seed6./checkpoint-61360] due to args.save_total_limit
/work/unify-parameter-efficient-tuning/src/transformers/trainer.py:1784: FutureWarning: `torch.cuda.amp.autocast(args...)` is deprecated. Please use `torch.amp.autocast('cuda', args...)` instead.
  with autocast():
{'loss': 0.4034, 'learning_rate': 3.1971941641527105e-05, 'epoch': 7.0}
{'loss': 0.3949, 'learning_rate': 3.1928640902943926e-05, 'epoch': 7.01}
{'loss': 0.3921, 'learning_rate': 3.188534016436077e-05, 'epoch': 7.01}
{'loss': 0.389, 'learning_rate': 3.18420394257776e-05, 'epoch': 7.02}
{'loss': 0.3856, 'learning_rate': 3.179873868719442e-05, 'epoch': 7.02}
{'loss': 0.3949, 'learning_rate': 3.175543794861126e-05, 'epoch': 7.02}
{'loss': 0.3779, 'learning_rate': 3.171213721002809e-05, 'epoch': 7.03}
{'loss': 0.3953, 'learning_rate': 3.166883647144492e-05, 'epoch': 7.03}
{'loss': 0.4058, 'learning_rate': 3.1625535732861756e-05, 'epoch': 7.04}
{'loss': 0.4132, 'learning_rate': 3.158223499427859e-05, 'epoch': 7.04}
{'loss': 0.3728, 'learning_rate': 3.153893425569541e-05, 'epoch': 7.04}
{'loss': 0.3721, 'learning_rate': 3.1495633517112246e-05, 'epoch': 7.05}
{'loss': 0.3834, 'learning_rate': 3.1452332778529074e-05, 'epoch': 7.05}
{'loss': 0.4214, 'learning_rate': 3.140903203994591e-05, 'epoch': 7.06}
{'loss': 0.4174, 'learning_rate': 3.1365731301362744e-05, 'epoch': 7.06}
{'loss': 0.3739, 'learning_rate': 3.132243056277957e-05, 'epoch': 7.06}
{'loss': 0.398, 'learning_rate': 3.1279129824196406e-05, 'epoch': 7.07}
{'loss': 0.3977, 'learning_rate': 3.123582908561324e-05, 'epoch': 7.07}
{'loss': 0.4161, 'learning_rate': 3.119252834703006e-05, 'epoch': 7.08}
{'loss': 0.4013, 'learning_rate': 3.11492276084469e-05, 'epoch': 7.08}
{'loss': 0.4002, 'learning_rate': 3.110592686986373e-05, 'epoch': 7.09}
{'loss': 0.4006, 'learning_rate': 3.106262613128056e-05, 'epoch': 7.09}
{'loss': 0.3889, 'learning_rate': 3.1019325392697395e-05, 'epoch': 7.09}
{'loss': 0.3843, 'learning_rate': 3.0976024654114216e-05, 'epoch': 7.1}
{'loss': 0.367, 'learning_rate': 3.093272391553105e-05, 'epoch': 7.1}
{'loss': 0.4088, 'learning_rate': 3.088942317694789e-05, 'epoch': 7.11}
{'loss': 0.404, 'learning_rate': 3.084612243836471e-05, 'epoch': 7.11}
{'loss': 0.4109, 'learning_rate': 3.080282169978155e-05, 'epoch': 7.11}
{'loss': 0.3642, 'learning_rate': 3.075952096119838e-05, 'epoch': 7.12}
{'loss': 0.3771, 'learning_rate': 3.071622022261521e-05, 'epoch': 7.12}
{'loss': 0.3939, 'learning_rate': 3.0672919484032046e-05, 'epoch': 7.13}
{'loss': 0.4045, 'learning_rate': 3.063048476022054e-05, 'epoch': 7.13}
{'loss': 0.3952, 'learning_rate': 3.058718402163736e-05, 'epoch': 7.13}
{'loss': 0.3903, 'learning_rate': 3.05438832830542e-05, 'epoch': 7.14}
{'loss': 0.3635, 'learning_rate': 3.0500582544471035e-05, 'epoch': 7.14}
{'loss': 0.4046, 'learning_rate': 3.045728180588786e-05, 'epoch': 7.15}
{'loss': 0.394, 'learning_rate': 3.041398106730469e-05, 'epoch': 7.15}
{'loss': 0.414, 'learning_rate': 3.037068032872152e-05, 'epoch': 7.15}
{'loss': 0.3837, 'learning_rate': 3.0327379590138354e-05, 'epoch': 7.16}
{'loss': 0.4116, 'learning_rate': 3.0284078851555185e-05, 'epoch': 7.16}
{'loss': 0.3756, 'learning_rate': 3.0240778112972013e-05, 'epoch': 7.17}
{'loss': 0.4019, 'learning_rate': 3.0197477374388848e-05, 'epoch': 7.17}
{'loss': 0.361, 'learning_rate': 3.0154176635805683e-05, 'epoch': 7.17}
{'loss': 0.3705, 'learning_rate': 3.0110875897222507e-05, 'epoch': 7.18}
{'loss': 0.3601, 'learning_rate': 3.0067575158639345e-05, 'epoch': 7.18}
{'loss': 0.3898, 'learning_rate': 3.002427442005618e-05, 'epoch': 7.19}
{'loss': 0.4107, 'learning_rate': 2.9980973681473e-05, 'epoch': 7.19}
{'loss': 0.3875, 'learning_rate': 2.993767294288984e-05, 'epoch': 7.2}
{'loss': 0.3852, 'learning_rate': 2.9894372204306664e-05, 'epoch': 7.2}
{'loss': 0.3705, 'learning_rate': 2.9851071465723502e-05, 'epoch': 7.2}
{'loss': 0.362, 'learning_rate': 2.9807770727140334e-05, 'epoch': 7.21}
{'loss': 0.4014, 'learning_rate': 2.9764469988557158e-05, 'epoch': 7.21}
{'loss': 0.4126, 'learning_rate': 2.972116924997399e-05, 'epoch': 7.22}
{'loss': 0.377, 'learning_rate': 2.9677868511390828e-05, 'epoch': 7.22}
{'loss': 0.3963, 'learning_rate': 2.9634567772807652e-05, 'epoch': 7.22}
{'loss': 0.4265, 'learning_rate': 2.9591267034224484e-05, 'epoch': 7.23}
{'loss': 0.4057, 'learning_rate': 2.9547966295641322e-05, 'epoch': 7.23}
{'loss': 0.4128, 'learning_rate': 2.9504665557058146e-05, 'epoch': 7.24}
{'loss': 0.4039, 'learning_rate': 2.9461364818474984e-05, 'epoch': 7.24}
{'loss': 0.4313, 'learning_rate': 2.9418064079891823e-05, 'epoch': 7.24}
{'loss': 0.3557, 'learning_rate': 2.937476334130864e-05, 'epoch': 7.25}
{'loss': 0.3913, 'learning_rate': 2.933146260272548e-05, 'epoch': 7.25}
{'loss': 0.3971, 'learning_rate': 2.9288161864142307e-05, 'epoch': 7.26}
{'loss': 0.3835, 'learning_rate': 2.9244861125559138e-05, 'epoch': 7.26}
{'loss': 0.3645, 'learning_rate': 2.9201560386975973e-05, 'epoch': 7.26}
{'loss': 0.3751, 'learning_rate': 2.91582596483928e-05, 'epoch': 7.27}
{'loss': 0.3889, 'learning_rate': 2.9114958909809632e-05, 'epoch': 7.27}
{'loss': 0.3949, 'learning_rate': 2.9071658171226467e-05, 'epoch': 7.28}
{'loss': 0.4074, 'learning_rate': 2.9028357432643295e-05, 'epoch': 7.28}
{'loss': 0.4116, 'learning_rate': 2.8985056694060126e-05, 'epoch': 7.28}
{'loss': 0.4071, 'learning_rate': 2.894175595547696e-05, 'epoch': 7.29}
{'loss': 0.4109, 'learning_rate': 2.889845521689379e-05, 'epoch': 7.29}
{'loss': 0.369, 'learning_rate': 2.8855154478310627e-05, 'epoch': 7.3}
{'loss': 0.3977, 'learning_rate': 2.8811853739727445e-05, 'epoch': 7.3}
{'loss': 0.4007, 'learning_rate': 2.8768553001144283e-05, 'epoch': 7.31}
{'loss': 0.3857, 'learning_rate': 2.872525226256112e-05, 'epoch': 7.31}
{'loss': 0.3716, 'learning_rate': 2.868195152397794e-05, 'epoch': 7.31}
{'loss': 0.4204, 'learning_rate': 2.8638650785394777e-05, 'epoch': 7.32}
{'loss': 0.3818, 'learning_rate': 2.8595350046811615e-05, 'epoch': 7.32}
{'loss': 0.3916, 'learning_rate': 2.8552049308228433e-05, 'epoch': 7.33}
{'loss': 0.4192, 'learning_rate': 2.850874856964527e-05, 'epoch': 7.33}
{'loss': 0.4119, 'learning_rate': 2.846544783106211e-05, 'epoch': 7.33}
{'loss': 0.3998, 'learning_rate': 2.842214709247893e-05, 'epoch': 7.34}
{'loss': 0.4047, 'learning_rate': 2.8378846353895765e-05, 'epoch': 7.34}
{'loss': 0.3972, 'learning_rate': 2.8335545615312593e-05, 'epoch': 7.35}
{'loss': 0.397, 'learning_rate': 2.8292244876729428e-05, 'epoch': 7.35}
{'loss': 0.3821, 'learning_rate': 2.824894413814626e-05, 'epoch': 7.35}
{'loss': 0.3934, 'learning_rate': 2.8205643399563087e-05, 'epoch': 7.36}
{'loss': 0.4013, 'learning_rate': 2.8162342660979922e-05, 'epoch': 7.36}
{'loss': 0.3936, 'learning_rate': 2.8119041922396753e-05, 'epoch': 7.37}
{'loss': 0.3791, 'learning_rate': 2.807574118381358e-05, 'epoch': 7.37}
{'loss': 0.3748, 'learning_rate': 2.8032440445230416e-05, 'epoch': 7.37}
{'loss': 0.3996, 'learning_rate': 2.7989139706647254e-05, 'epoch': 7.38}
{'loss': 0.4063, 'learning_rate': 2.7945838968064076e-05, 'epoch': 7.38}
{'loss': 0.378, 'learning_rate': 2.7902538229480914e-05, 'epoch': 7.39}
{'loss': 0.386, 'learning_rate': 2.785923749089775e-05, 'epoch': 7.39}
{'loss': 0.3854, 'learning_rate': 2.7815936752314576e-05, 'epoch': 7.39}
{'loss': 0.4182, 'learning_rate': 2.7772636013731408e-05, 'epoch': 7.4}
{'loss': 0.37, 'learning_rate': 2.7729335275148232e-05, 'epoch': 7.4}
{'loss': 0.3955, 'learning_rate': 2.768603453656507e-05, 'epoch': 7.41}
{'loss': 0.4055, 'learning_rate': 2.7642733797981902e-05, 'epoch': 7.41}
{'loss': 0.3486, 'learning_rate': 2.7599433059398727e-05, 'epoch': 7.42}
{'loss': 0.4105, 'learning_rate': 2.7556132320815558e-05, 'epoch': 7.42}
{'loss': 0.3503, 'learning_rate': 2.7512831582232396e-05, 'epoch': 7.42}
{'loss': 0.4031, 'learning_rate': 2.746953084364922e-05, 'epoch': 7.43}
{'loss': 0.3867, 'learning_rate': 2.742623010506606e-05, 'epoch': 7.43}
{'loss': 0.3972, 'learning_rate': 2.7383795381254557e-05, 'epoch': 7.44}
{'loss': 0.3915, 'learning_rate': 2.734049464267138e-05, 'epoch': 7.44}
{'loss': 0.4055, 'learning_rate': 2.7297193904088213e-05, 'epoch': 7.44}
{'loss': 0.4026, 'learning_rate': 2.725389316550504e-05, 'epoch': 7.45}
{'loss': 0.3687, 'learning_rate': 2.7210592426921876e-05, 'epoch': 7.45}
{'loss': 0.3853, 'learning_rate': 2.7167291688338708e-05, 'epoch': 7.46}
{'loss': 0.3763, 'learning_rate': 2.7123990949755536e-05, 'epoch': 7.46}
{'loss': 0.3727, 'learning_rate': 2.708069021117237e-05, 'epoch': 7.46}
{'loss': 0.3835, 'learning_rate': 2.70373894725892e-05, 'epoch': 7.47}
{'loss': 0.4049, 'learning_rate': 2.699408873400603e-05, 'epoch': 7.47}
{'loss': 0.4014, 'learning_rate': 2.6950787995422864e-05, 'epoch': 7.48}
{'loss': 0.3742, 'learning_rate': 2.6907487256839696e-05, 'epoch': 7.48}
{'loss': 0.3738, 'learning_rate': 2.6864186518256524e-05, 'epoch': 7.48}
{'loss': 0.4336, 'learning_rate': 2.6820885779673362e-05, 'epoch': 7.49}
{'loss': 0.3829, 'learning_rate': 2.6777585041090197e-05, 'epoch': 7.49}
{'loss': 0.382, 'learning_rate': 2.6734284302507025e-05, 'epoch': 7.5}
{'loss': 0.3975, 'learning_rate': 2.6690983563923856e-05, 'epoch': 7.5}
{'loss': 0.3756, 'learning_rate': 2.664768282534068e-05, 'epoch': 7.5}
{'loss': 0.4159, 'learning_rate': 2.660438208675752e-05, 'epoch': 7.51}
{'loss': 0.4113, 'learning_rate': 2.656108134817435e-05, 'epoch': 7.51}
{'loss': 0.4128, 'learning_rate': 2.6517780609591175e-05, 'epoch': 7.52}
{'loss': 0.3803, 'learning_rate': 2.6474479871008013e-05, 'epoch': 7.52}
{'loss': 0.4127, 'learning_rate': 2.6431179132424844e-05, 'epoch': 7.53}
{'loss': 0.4365, 'learning_rate': 2.638787839384167e-05, 'epoch': 7.53}
{'loss': 0.3911, 'learning_rate': 2.63445776552585e-05, 'epoch': 7.53}
{'loss': 0.3586, 'learning_rate': 2.6301276916675345e-05, 'epoch': 7.54}
{'loss': 0.4182, 'learning_rate': 2.6257976178092163e-05, 'epoch': 7.54}
{'loss': 0.3967, 'learning_rate': 2.6214675439509e-05, 'epoch': 7.55}
{'loss': 0.3796, 'learning_rate': 2.6171374700925826e-05, 'epoch': 7.55}
{'loss': 0.3701, 'learning_rate': 2.6128073962342657e-05, 'epoch': 7.55}
{'loss': 0.3917, 'learning_rate': 2.6084773223759495e-05, 'epoch': 7.56}
{'loss': 0.4091, 'learning_rate': 2.6041472485176323e-05, 'epoch': 7.56}
{'loss': 0.3995, 'learning_rate': 2.5998171746593154e-05, 'epoch': 7.57}
{'loss': 0.4163, 'learning_rate': 2.595487100800999e-05, 'epoch': 7.57}
{'loss': 0.4038, 'learning_rate': 2.5911570269426817e-05, 'epoch': 7.57}
{'loss': 0.3798, 'learning_rate': 2.586826953084365e-05, 'epoch': 7.58}
{'loss': 0.4163, 'learning_rate': 2.5824968792260483e-05, 'epoch': 7.58}
{'loss': 0.3955, 'learning_rate': 2.578166805367731e-05, 'epoch': 7.59}
{'loss': 0.3806, 'learning_rate': 2.5738367315094146e-05, 'epoch': 7.59}
{'loss': 0.4069, 'learning_rate': 2.5695066576510967e-05, 'epoch': 7.59}
{'loss': 0.4331, 'learning_rate': 2.5651765837927805e-05, 'epoch': 7.6}
{'loss': 0.4128, 'learning_rate': 2.560846509934464e-05, 'epoch': 7.6}
{'loss': 0.3779, 'learning_rate': 2.556516436076146e-05, 'epoch': 7.61}
{'loss': 0.3975, 'learning_rate': 2.55218636221783e-05, 'epoch': 7.61}
{'loss': 0.3914, 'learning_rate': 2.5478562883595138e-05, 'epoch': 7.61}
{'loss': 0.4104, 'learning_rate': 2.5435262145011955e-05, 'epoch': 7.62}
{'loss': 0.4109, 'learning_rate': 2.5391961406428794e-05, 'epoch': 7.62}
{'loss': 0.3645, 'learning_rate': 2.5348660667845632e-05, 'epoch': 7.63}
{'loss': 0.387, 'learning_rate': 2.5306225944034117e-05, 'epoch': 7.63}
{'loss': 0.3835, 'learning_rate': 2.526292520545095e-05, 'epoch': 7.64}
{'loss': 0.3775, 'learning_rate': 2.5219624466867786e-05, 'epoch': 7.64}
{'loss': 0.4121, 'learning_rate': 2.517632372828461e-05, 'epoch': 7.64}
{'loss': 0.3877, 'learning_rate': 2.513302298970145e-05, 'epoch': 7.65}
{'loss': 0.4192, 'learning_rate': 2.508972225111827e-05, 'epoch': 7.65}
{'loss': 0.3938, 'learning_rate': 2.5046421512535105e-05, 'epoch': 7.66}
{'loss': 0.4088, 'learning_rate': 2.5003120773951943e-05, 'epoch': 7.66}
{'loss': 0.3918, 'learning_rate': 2.4959820035368768e-05, 'epoch': 7.66}
{'loss': 0.378, 'learning_rate': 2.4916519296785603e-05, 'epoch': 7.67}
{'loss': 0.3952, 'learning_rate': 2.4873218558202437e-05, 'epoch': 7.67}
{'loss': 0.383, 'learning_rate': 2.4829917819619262e-05, 'epoch': 7.68}
{'loss': 0.3639, 'learning_rate': 2.4786617081036097e-05, 'epoch': 7.68}
{'loss': 0.3717, 'learning_rate': 2.474331634245293e-05, 'epoch': 7.68}
{'loss': 0.3968, 'learning_rate': 2.4700015603869756e-05, 'epoch': 7.69}
{'loss': 0.3963, 'learning_rate': 2.465671486528659e-05, 'epoch': 7.69}
{'loss': 0.3992, 'learning_rate': 2.4613414126703415e-05, 'epoch': 7.7}
{'loss': 0.3818, 'learning_rate': 2.4570113388120254e-05, 'epoch': 7.7}
{'loss': 0.3948, 'learning_rate': 2.452681264953709e-05, 'epoch': 7.7}
{'loss': 0.4161, 'learning_rate': 2.4483511910953913e-05, 'epoch': 7.71}
{'loss': 0.4006, 'learning_rate': 2.4440211172370748e-05, 'epoch': 7.71}
{'loss': 0.3666, 'learning_rate': 2.4396910433787582e-05, 'epoch': 7.72}
{'loss': 0.4025, 'learning_rate': 2.4353609695204407e-05, 'epoch': 7.72}
{'loss': 0.3824, 'learning_rate': 2.4310308956621242e-05, 'epoch': 7.72}
{'loss': 0.4125, 'learning_rate': 2.4267008218038077e-05, 'epoch': 7.73}
{'loss': 0.4021, 'learning_rate': 2.42237074794549e-05, 'epoch': 7.73}
{'loss': 0.397, 'learning_rate': 2.4180406740871736e-05, 'epoch': 7.74}
{'loss': 0.3811, 'learning_rate': 2.4137106002288574e-05, 'epoch': 7.74}
{'loss': 0.3773, 'learning_rate': 2.4093805263705395e-05, 'epoch': 7.75}
{'loss': 0.3691, 'learning_rate': 2.4050504525122233e-05, 'epoch': 7.75}
{'loss': 0.4033, 'learning_rate': 2.4007203786539058e-05, 'epoch': 7.75}
{'loss': 0.3873, 'learning_rate': 2.3963903047955893e-05, 'epoch': 7.76}
{'loss': 0.385, 'learning_rate': 2.3920602309372727e-05, 'epoch': 7.76}
{'loss': 0.3858, 'learning_rate': 2.3877301570789552e-05, 'epoch': 7.77}
{'loss': 0.3995, 'learning_rate': 2.3834000832206387e-05, 'epoch': 7.77}
{'loss': 0.3676, 'learning_rate': 2.379070009362322e-05, 'epoch': 7.77}
{'loss': 0.3805, 'learning_rate': 2.3747399355040046e-05, 'epoch': 7.78}
{'loss': 0.3824, 'learning_rate': 2.370409861645688e-05, 'epoch': 7.78}
{'loss': 0.4102, 'learning_rate': 2.3660797877873716e-05, 'epoch': 7.79}
{'loss': 0.3437, 'learning_rate': 2.361749713929054e-05, 'epoch': 7.79}
{'loss': 0.373, 'learning_rate': 2.357419640070738e-05, 'epoch': 7.79}
{'loss': 0.3869, 'learning_rate': 2.35308956621242e-05, 'epoch': 7.8}
{'loss': 0.3716, 'learning_rate': 2.3487594923541038e-05, 'epoch': 7.8}
{'loss': 0.3858, 'learning_rate': 2.3445160199729537e-05, 'epoch': 7.81}
{'loss': 0.3758, 'learning_rate': 2.3401859461146358e-05, 'epoch': 7.81}
{'loss': 0.3846, 'learning_rate': 2.3358558722563196e-05, 'epoch': 7.81}
{'loss': 0.402, 'learning_rate': 2.331525798398003e-05, 'epoch': 7.82}
{'loss': 0.3699, 'learning_rate': 2.3271957245396855e-05, 'epoch': 7.82}
{'loss': 0.4178, 'learning_rate': 2.322865650681369e-05, 'epoch': 7.83}
{'loss': 0.3884, 'learning_rate': 2.3185355768230525e-05, 'epoch': 7.83}
{'loss': 0.378, 'learning_rate': 2.314205502964735e-05, 'epoch': 7.83}
{'loss': 0.3958, 'learning_rate': 2.3098754291064184e-05, 'epoch': 7.84}
{'loss': 0.3848, 'learning_rate': 2.305545355248102e-05, 'epoch': 7.84}
{'loss': 0.4014, 'learning_rate': 2.3012152813897843e-05, 'epoch': 7.85}
{'loss': 0.3947, 'learning_rate': 2.2968852075314678e-05, 'epoch': 7.85}
{'loss': 0.3702, 'learning_rate': 2.2925551336731503e-05, 'epoch': 7.86}
{'loss': 0.421, 'learning_rate': 2.288225059814834e-05, 'epoch': 7.86}
{'loss': 0.3881, 'learning_rate': 2.2838949859565176e-05, 'epoch': 7.86}
{'loss': 0.3894, 'learning_rate': 2.2795649120982e-05, 'epoch': 7.87}
{'loss': 0.4271, 'learning_rate': 2.2752348382398835e-05, 'epoch': 7.87}
{'loss': 0.4226, 'learning_rate': 2.270904764381567e-05, 'epoch': 7.88}
{'loss': 0.4097, 'learning_rate': 2.2665746905232494e-05, 'epoch': 7.88}
{'loss': 0.3564, 'learning_rate': 2.262244616664933e-05, 'epoch': 7.88}
{'loss': 0.3738, 'learning_rate': 2.2579145428066164e-05, 'epoch': 7.89}
{'loss': 0.4082, 'learning_rate': 2.253584468948299e-05, 'epoch': 7.89}
{'loss': 0.4014, 'learning_rate': 2.2492543950899823e-05, 'epoch': 7.9}
{'loss': 0.3892, 'learning_rate': 2.2449243212316648e-05, 'epoch': 7.9}
{'loss': 0.3978, 'learning_rate': 2.2405942473733486e-05, 'epoch': 7.9}
{'loss': 0.4035, 'learning_rate': 2.236264173515032e-05, 'epoch': 7.91}
{'loss': 0.3939, 'learning_rate': 2.2319340996567145e-05, 'epoch': 7.91}
{'loss': 0.3738, 'learning_rate': 2.227604025798398e-05, 'epoch': 7.92}
{'loss': 0.3857, 'learning_rate': 2.2232739519400815e-05, 'epoch': 7.92}
{'loss': 0.4094, 'learning_rate': 2.218943878081764e-05, 'epoch': 7.92}
{'loss': 0.3834, 'learning_rate': 2.2146138042234474e-05, 'epoch': 7.93}
{'loss': 0.3993, 'learning_rate': 2.210283730365131e-05, 'epoch': 7.93}
{'loss': 0.3929, 'learning_rate': 2.2059536565068133e-05, 'epoch': 7.94}
{'loss': 0.3794, 'learning_rate': 2.2016235826484968e-05, 'epoch': 7.94}
{'loss': 0.3827, 'learning_rate': 2.1972935087901793e-05, 'epoch': 7.94}
{'loss': 0.4058, 'learning_rate': 2.1929634349318628e-05, 'epoch': 7.95}
{'loss': 0.3934, 'learning_rate': 2.1886333610735466e-05, 'epoch': 7.95}
{'loss': 0.4071, 'learning_rate': 2.184303287215229e-05, 'epoch': 7.96}
{'loss': 0.3685, 'learning_rate': 2.1799732133569125e-05, 'epoch': 7.96}
{'loss': 0.3805, 'learning_rate': 2.175643139498596e-05, 'epoch': 7.97}
{'loss': 0.374, 'learning_rate': 2.1713130656402784e-05, 'epoch': 7.97}
{'loss': 0.3723, 'learning_rate': 2.166982991781962e-05, 'epoch': 7.97}
{'loss': 0.4065, 'learning_rate': 2.1626529179236454e-05, 'epoch': 7.98}
{'loss': 0.4049, 'learning_rate': 2.158322844065328e-05, 'epoch': 7.98}
{'loss': 0.3772, 'learning_rate': 2.1539927702070113e-05, 'epoch': 7.99}
{'loss': 0.3763, 'learning_rate': 2.1496626963486948e-05, 'epoch': 7.99}
{'loss': 0.4215, 'learning_rate': 2.1454192239675437e-05, 'epoch': 7.99}
{'loss': 0.382, 'learning_rate': 2.141089150109227e-05, 'epoch': 8.0}
[INFO|trainer.py:520] 2026-10-04 17:02:39,241 >> The following columns in the evaluation set  don't have a corresponding argument in `PETLEncModel.forward` and have been ignored: idx, hypothesis, premise.
[INFO|trainer.py:2179] 2026-10-04 17:02:39,242 >> ***** Running Evaluation *****
[INFO|trainer.py:2181] 2026-10-04 17:02:39,242 >>   Num examples = 9815
[INFO|trainer.py:2184] 2026-10-04 17:02:39,242 >>   Batch size = 32
{'eval_loss': 0.37294477224349976, 'eval_accuracy': 0.8612328069281712, 'eval_runtime': 9.312, 'eval_samples_per_second': 1054.015, 'eval_steps_per_second': 32.968, 'epoch': 8.0}
[INFO|trainer.py:1933] 2026-10-04 17:02:48,555 >> Saving model checkpoint to checkpoints/glue/mnli/20261004/glue.mnli.prefix.am_prefix.ao_concat.fm_none.fo_parallel.abn.fbn.ac_add.fl_none.finit_lora.fs_4.unfrz_ef_.ne10.warm0.06.wd0.1.seed6./checkpoint-98176
[INFO|configuration_utils.py:364] 2026-10-04 17:02:48,556 >> Configuration saved in checkpoints/glue/mnli/20261004/glue.mnli.prefix.am_prefix.ao_concat.fm_none.fo_parallel.abn.fbn.ac_add.fl_none.finit_lora.fs_4.unfrz_ef_.ne10.warm0.06.wd0.1.seed6./checkpoint-98176/config.json
[INFO|modeling_utils.py:898] 2026-10-04 17:02:48,976 >> Model weights saved in checkpoints/glue/mnli/20261004/glue.mnli.prefix.am_prefix.ao_concat.fm_none.fo_parallel.abn.fbn.ac_add.fl_none.finit_lora.fs_4.unfrz_ef_.ne10.warm0.06.wd0.1.seed6./checkpoint-98176/pytorch_model.bin
[INFO|tokenization_utils_base.py:1948] 2026-10-04 17:02:48,977 >> tokenizer config file saved in checkpoints/glue/mnli/20261004/glue.mnli.prefix.am_prefix.ao_concat.fm_none.fo_parallel.abn.fbn.ac_add.fl_none.finit_lora.fs_4.unfrz_ef_.ne10.warm0.06.wd0.1.seed6./checkpoint-98176/tokenizer_config.json
[INFO|tokenization_utils_base.py:1954] 2026-10-04 17:02:48,977 >> Special tokens file saved in checkpoints/glue/mnli/20261004/glue.mnli.prefix.am_prefix.ao_concat.fm_none.fo_parallel.abn.fbn.ac_add.fl_none.finit_lora.fs_4.unfrz_ef_.ne10.warm0.06.wd0.1.seed6./checkpoint-98176/special_tokens_map.json
[INFO|trainer.py:2009] 2026-10-04 17:02:49,125 >> Deleting older checkpoint [checkpoints/glue/mnli/20261004/glue.mnli.prefix.am_prefix.ao_concat.fm_none.fo_parallel.abn.fbn.ac_add.fl_none.finit_lora.fs_4.unfrz_ef_.ne10.warm0.06.wd0.1.seed6./checkpoint-73632] due to args.save_total_limit
/work/unify-parameter-efficient-tuning/src/transformers/trainer.py:1784: FutureWarning: `torch.cuda.amp.autocast(args...)` is deprecated. Please use `torch.amp.autocast('cuda', args...)` instead.
  with autocast():
{'loss': 0.3944, 'learning_rate': 2.1367590762509096e-05, 'epoch': 8.0}
{'loss': 0.3766, 'learning_rate': 2.132429002392593e-05, 'epoch': 8.01}
{'loss': 0.3676, 'learning_rate': 2.128098928534277e-05, 'epoch': 8.01}
{'loss': 0.3926, 'learning_rate': 2.123768854675959e-05, 'epoch': 8.01}
{'loss': 0.3879, 'learning_rate': 2.1194387808176428e-05, 'epoch': 8.02}
{'loss': 0.356, 'learning_rate': 2.1151087069593263e-05, 'epoch': 8.02}
{'loss': 0.3823, 'learning_rate': 2.1107786331010088e-05, 'epoch': 8.03}
{'loss': 0.3807, 'learning_rate': 2.1064485592426922e-05, 'epoch': 8.03}
{'loss': 0.3733, 'learning_rate': 2.1021184853843757e-05, 'epoch': 8.03}
{'loss': 0.3945, 'learning_rate': 2.097788411526058e-05, 'epoch': 8.04}
{'loss': 0.3971, 'learning_rate': 2.0934583376677416e-05, 'epoch': 8.04}
{'loss': 0.3648, 'learning_rate': 2.089128263809424e-05, 'epoch': 8.05}
{'loss': 0.3526, 'learning_rate': 2.0847981899511076e-05, 'epoch': 8.05}
{'loss': 0.3609, 'learning_rate': 2.080468116092791e-05, 'epoch': 8.05}
{'loss': 0.3832, 'learning_rate': 2.0761380422344735e-05, 'epoch': 8.06}
{'loss': 0.3629, 'learning_rate': 2.0718079683761573e-05, 'epoch': 8.06}
{'loss': 0.3814, 'learning_rate': 2.0674778945178408e-05, 'epoch': 8.07}
{'loss': 0.3658, 'learning_rate': 2.0631478206595233e-05, 'epoch': 8.07}
{'loss': 0.4227, 'learning_rate': 2.0588177468012067e-05, 'epoch': 8.08}
{'loss': 0.3523, 'learning_rate': 2.0544876729428902e-05, 'epoch': 8.08}
{'loss': 0.3795, 'learning_rate': 2.0501575990845727e-05, 'epoch': 8.08}
{'loss': 0.3965, 'learning_rate': 2.045827525226256e-05, 'epoch': 8.09}
{'loss': 0.3818, 'learning_rate': 2.0414974513679396e-05, 'epoch': 8.09}
{'loss': 0.364, 'learning_rate': 2.037167377509622e-05, 'epoch': 8.1}
{'loss': 0.407, 'learning_rate': 2.0328373036513056e-05, 'epoch': 8.1}
{'loss': 0.3831, 'learning_rate': 2.028507229792988e-05, 'epoch': 8.1}
{'loss': 0.3605, 'learning_rate': 2.0241771559346715e-05, 'epoch': 8.11}
{'loss': 0.3669, 'learning_rate': 2.0198470820763553e-05, 'epoch': 8.11}
{'loss': 0.3713, 'learning_rate': 2.0155170082180378e-05, 'epoch': 8.12}
{'loss': 0.4036, 'learning_rate': 2.0111869343597212e-05, 'epoch': 8.12}
{'loss': 0.3655, 'learning_rate': 2.0068568605014047e-05, 'epoch': 8.12}
{'loss': 0.3575, 'learning_rate': 2.0025267866430872e-05, 'epoch': 8.13}
{'loss': 0.3827, 'learning_rate': 1.9981967127847706e-05, 'epoch': 8.13}
{'loss': 0.3928, 'learning_rate': 1.993866638926454e-05, 'epoch': 8.14}
{'loss': 0.4084, 'learning_rate': 1.9895365650681366e-05, 'epoch': 8.14}
{'loss': 0.3736, 'learning_rate': 1.98520649120982e-05, 'epoch': 8.14}
{'loss': 0.3884, 'learning_rate': 1.9808764173515025e-05, 'epoch': 8.15}
{'loss': 0.4002, 'learning_rate': 1.976546343493186e-05, 'epoch': 8.15}
{'loss': 0.3833, 'learning_rate': 1.9722162696348698e-05, 'epoch': 8.16}
{'loss': 0.3947, 'learning_rate': 1.9678861957765523e-05, 'epoch': 8.16}
{'loss': 0.3611, 'learning_rate': 1.9635561219182357e-05, 'epoch': 8.16}
{'loss': 0.3724, 'learning_rate': 1.9592260480599192e-05, 'epoch': 8.17}
{'loss': 0.3933, 'learning_rate': 1.9548959742016017e-05, 'epoch': 8.17}
{'loss': 0.3654, 'learning_rate': 1.950565900343285e-05, 'epoch': 8.18}
{'loss': 0.3648, 'learning_rate': 1.9462358264849686e-05, 'epoch': 8.18}
{'loss': 0.3916, 'learning_rate': 1.941905752626651e-05, 'epoch': 8.19}
{'loss': 0.3738, 'learning_rate': 1.9375756787683346e-05, 'epoch': 8.19}
{'loss': 0.3873, 'learning_rate': 1.933245604910018e-05, 'epoch': 8.19}
{'loss': 0.4285, 'learning_rate': 1.9289155310517005e-05, 'epoch': 8.2}
{'loss': 0.4075, 'learning_rate': 1.9245854571933843e-05, 'epoch': 8.2}
{'loss': 0.3726, 'learning_rate': 1.9202553833350664e-05, 'epoch': 8.21}
{'loss': 0.3536, 'learning_rate': 1.9159253094767502e-05, 'epoch': 8.21}
{'loss': 0.3375, 'learning_rate': 1.9115952356184337e-05, 'epoch': 8.21}
{'loss': 0.3756, 'learning_rate': 1.9072651617601162e-05, 'epoch': 8.22}
{'loss': 0.376, 'learning_rate': 1.9029350879017997e-05, 'epoch': 8.22}
{'loss': 0.4011, 'learning_rate': 1.898605014043483e-05, 'epoch': 8.23}
{'loss': 0.393, 'learning_rate': 1.8942749401851656e-05, 'epoch': 8.23}
{'loss': 0.3834, 'learning_rate': 1.889944866326849e-05, 'epoch': 8.23}
{'loss': 0.4072, 'learning_rate': 1.8856147924685325e-05, 'epoch': 8.24}
{'loss': 0.3701, 'learning_rate': 1.881284718610215e-05, 'epoch': 8.24}
{'loss': 0.3986, 'learning_rate': 1.8769546447518985e-05, 'epoch': 8.25}
{'loss': 0.3867, 'learning_rate': 1.872624570893581e-05, 'epoch': 8.25}
{'loss': 0.4377, 'learning_rate': 1.8682944970352648e-05, 'epoch': 8.25}
{'loss': 0.3673, 'learning_rate': 1.8639644231769482e-05, 'epoch': 8.26}
{'loss': 0.3729, 'learning_rate': 1.8596343493186307e-05, 'epoch': 8.26}
{'loss': 0.3771, 'learning_rate': 1.855304275460314e-05, 'epoch': 8.27}
{'loss': 0.3874, 'learning_rate': 1.8509742016019976e-05, 'epoch': 8.27}
{'loss': 0.4021, 'learning_rate': 1.84664412774368e-05, 'epoch': 8.27}
{'loss': 0.3661, 'learning_rate': 1.8423140538853636e-05, 'epoch': 8.28}
{'loss': 0.353, 'learning_rate': 1.837983980027047e-05, 'epoch': 8.28}
{'loss': 0.4068, 'learning_rate': 1.8336539061687295e-05, 'epoch': 8.29}
{'loss': 0.3692, 'learning_rate': 1.829323832310413e-05, 'epoch': 8.29}
{'loss': 0.4006, 'learning_rate': 1.8249937584520954e-05, 'epoch': 8.3}
{'loss': 0.3513, 'learning_rate': 1.820663684593779e-05, 'epoch': 8.3}
{'loss': 0.3433, 'learning_rate': 1.8164202122126288e-05, 'epoch': 8.3}
{'loss': 0.3893, 'learning_rate': 1.8120901383543112e-05, 'epoch': 8.31}
{'loss': 0.3864, 'learning_rate': 1.8077600644959947e-05, 'epoch': 8.31}
{'loss': 0.3781, 'learning_rate': 1.8034299906376785e-05, 'epoch': 8.32}
{'loss': 0.3626, 'learning_rate': 1.799099916779361e-05, 'epoch': 8.32}
{'loss': 0.3697, 'learning_rate': 1.7947698429210445e-05, 'epoch': 8.32}
{'loss': 0.3959, 'learning_rate': 1.790439769062728e-05, 'epoch': 8.33}
{'loss': 0.3882, 'learning_rate': 1.7861096952044104e-05, 'epoch': 8.33}
{'loss': 0.3783, 'learning_rate': 1.781779621346094e-05, 'epoch': 8.34}
{'loss': 0.3629, 'learning_rate': 1.7774495474877774e-05, 'epoch': 8.34}
{'loss': 0.378, 'learning_rate': 1.7731194736294598e-05, 'epoch': 8.34}
{'loss': 0.3963, 'learning_rate': 1.7687893997711433e-05, 'epoch': 8.35}
{'loss': 0.3852, 'learning_rate': 1.7644593259128258e-05, 'epoch': 8.35}
{'loss': 0.3652, 'learning_rate': 1.7601292520545092e-05, 'epoch': 8.36}
{'loss': 0.4095, 'learning_rate': 1.755799178196193e-05, 'epoch': 8.36}
{'loss': 0.4089, 'learning_rate': 1.751469104337875e-05, 'epoch': 8.36}
{'loss': 0.3906, 'learning_rate': 1.747139030479559e-05, 'epoch': 8.37}
{'loss': 0.3891, 'learning_rate': 1.7428089566212425e-05, 'epoch': 8.37}
{'loss': 0.3924, 'learning_rate': 1.738478882762925e-05, 'epoch': 8.38}
{'loss': 0.4005, 'learning_rate': 1.7341488089046084e-05, 'epoch': 8.38}
{'loss': 0.3784, 'learning_rate': 1.729818735046292e-05, 'epoch': 8.38}
{'loss': 0.3692, 'learning_rate': 1.7254886611879743e-05, 'epoch': 8.39}
{'loss': 0.3713, 'learning_rate': 1.7211585873296578e-05, 'epoch': 8.39}
{'loss': 0.406, 'learning_rate': 1.7168285134713403e-05, 'epoch': 8.4}
{'loss': 0.375, 'learning_rate': 1.7124984396130237e-05, 'epoch': 8.4}
{'loss': 0.3593, 'learning_rate': 1.7081683657547075e-05, 'epoch': 8.41}
{'loss': 0.3799, 'learning_rate': 1.7038382918963897e-05, 'epoch': 8.41}
{'loss': 0.37, 'learning_rate': 1.6995082180380735e-05, 'epoch': 8.41}
{'loss': 0.3792, 'learning_rate': 1.695178144179757e-05, 'epoch': 8.42}
{'loss': 0.4091, 'learning_rate': 1.6908480703214394e-05, 'epoch': 8.42}
{'loss': 0.3748, 'learning_rate': 1.686517996463123e-05, 'epoch': 8.43}
{'loss': 0.4195, 'learning_rate': 1.6821879226048064e-05, 'epoch': 8.43}
{'loss': 0.4069, 'learning_rate': 1.6778578487464888e-05, 'epoch': 8.43}
{'loss': 0.3703, 'learning_rate': 1.6735277748881723e-05, 'epoch': 8.44}
{'loss': 0.3877, 'learning_rate': 1.6691977010298558e-05, 'epoch': 8.44}
{'loss': 0.3954, 'learning_rate': 1.6648676271715382e-05, 'epoch': 8.45}
{'loss': 0.3729, 'learning_rate': 1.6605375533132217e-05, 'epoch': 8.45}
{'loss': 0.4251, 'learning_rate': 1.6562074794549042e-05, 'epoch': 8.45}
{'loss': 0.3757, 'learning_rate': 1.651877405596588e-05, 'epoch': 8.46}
{'loss': 0.3803, 'learning_rate': 1.6475473317382715e-05, 'epoch': 8.46}
{'loss': 0.3817, 'learning_rate': 1.643217257879954e-05, 'epoch': 8.47}
{'loss': 0.3642, 'learning_rate': 1.6388871840216374e-05, 'epoch': 8.47}
{'loss': 0.4118, 'learning_rate': 1.6346437116404873e-05, 'epoch': 8.47}
{'loss': 0.3821, 'learning_rate': 1.6303136377821697e-05, 'epoch': 8.48}
{'loss': 0.3877, 'learning_rate': 1.6259835639238532e-05, 'epoch': 8.48}
{'loss': 0.3834, 'learning_rate': 1.6216534900655367e-05, 'epoch': 8.49}
{'loss': 0.3739, 'learning_rate': 1.617323416207219e-05, 'epoch': 8.49}
{'loss': 0.3973, 'learning_rate': 1.6129933423489026e-05, 'epoch': 8.49}
{'loss': 0.3566, 'learning_rate': 1.608663268490585e-05, 'epoch': 8.5}
{'loss': 0.415, 'learning_rate': 1.6043331946322685e-05, 'epoch': 8.5}
{'loss': 0.3788, 'learning_rate': 1.600003120773952e-05, 'epoch': 8.51}
{'loss': 0.3875, 'learning_rate': 1.5956730469156345e-05, 'epoch': 8.51}
{'loss': 0.3658, 'learning_rate': 1.591342973057318e-05, 'epoch': 8.52}
{'loss': 0.3679, 'learning_rate': 1.5870128991990018e-05, 'epoch': 8.52}
{'loss': 0.4224, 'learning_rate': 1.5826828253406842e-05, 'epoch': 8.52}
{'loss': 0.335, 'learning_rate': 1.5783527514823677e-05, 'epoch': 8.53}
{'loss': 0.4034, 'learning_rate': 1.5740226776240512e-05, 'epoch': 8.53}
{'loss': 0.3787, 'learning_rate': 1.5696926037657336e-05, 'epoch': 8.54}
{'loss': 0.3789, 'learning_rate': 1.565362529907417e-05, 'epoch': 8.54}
{'loss': 0.3735, 'learning_rate': 1.5610324560491006e-05, 'epoch': 8.54}
{'loss': 0.3629, 'learning_rate': 1.556702382190783e-05, 'epoch': 8.55}
{'loss': 0.364, 'learning_rate': 1.5523723083324665e-05, 'epoch': 8.55}
{'loss': 0.3966, 'learning_rate': 1.548042234474149e-05, 'epoch': 8.56}
{'loss': 0.3637, 'learning_rate': 1.5437121606158325e-05, 'epoch': 8.56}
{'loss': 0.3619, 'learning_rate': 1.5393820867575163e-05, 'epoch': 8.56}
{'loss': 0.381, 'learning_rate': 1.5350520128991987e-05, 'epoch': 8.57}
{'loss': 0.4164, 'learning_rate': 1.5307219390408822e-05, 'epoch': 8.57}
{'loss': 0.4188, 'learning_rate': 1.5263918651825657e-05, 'epoch': 8.58}
{'loss': 0.3586, 'learning_rate': 1.5220617913242483e-05, 'epoch': 8.58}
{'loss': 0.3648, 'learning_rate': 1.5177317174659316e-05, 'epoch': 8.58}
{'loss': 0.3718, 'learning_rate': 1.5134016436076154e-05, 'epoch': 8.59}
{'loss': 0.3979, 'learning_rate': 1.5090715697492977e-05, 'epoch': 8.59}
{'loss': 0.3722, 'learning_rate': 1.5047414958909812e-05, 'epoch': 8.6}
{'loss': 0.3579, 'learning_rate': 1.5004114220326637e-05, 'epoch': 8.6}
{'loss': 0.3768, 'learning_rate': 1.4960813481743475e-05, 'epoch': 8.6}
{'loss': 0.35, 'learning_rate': 1.4917512743160308e-05, 'epoch': 8.61}
{'loss': 0.3746, 'learning_rate': 1.4874212004577132e-05, 'epoch': 8.61}
{'loss': 0.4044, 'learning_rate': 1.4830911265993965e-05, 'epoch': 8.62}
{'loss': 0.3714, 'learning_rate': 1.4787610527410804e-05, 'epoch': 8.62}
{'loss': 0.3684, 'learning_rate': 1.4744309788827627e-05, 'epoch': 8.63}
{'loss': 0.3727, 'learning_rate': 1.4701009050244463e-05, 'epoch': 8.63}
{'loss': 0.3888, 'learning_rate': 1.4657708311661298e-05, 'epoch': 8.63}
{'loss': 0.3947, 'learning_rate': 1.4614407573078124e-05, 'epoch': 8.64}
{'loss': 0.3544, 'learning_rate': 1.4571106834494957e-05, 'epoch': 8.64}
{'loss': 0.3852, 'learning_rate': 1.4528672110683456e-05, 'epoch': 8.65}
{'loss': 0.3833, 'learning_rate': 1.4485371372100282e-05, 'epoch': 8.65}
{'loss': 0.3722, 'learning_rate': 1.4442070633517115e-05, 'epoch': 8.65}
{'loss': 0.3721, 'learning_rate': 1.439876989493394e-05, 'epoch': 8.66}
{'loss': 0.3808, 'learning_rate': 1.4355469156350773e-05, 'epoch': 8.66}
{'loss': 0.3814, 'learning_rate': 1.4312168417767611e-05, 'epoch': 8.67}
{'loss': 0.3911, 'learning_rate': 1.4268867679184436e-05, 'epoch': 8.67}
{'loss': 0.3712, 'learning_rate': 1.422556694060127e-05, 'epoch': 8.67}
{'loss': 0.3945, 'learning_rate': 1.4182266202018105e-05, 'epoch': 8.68}
{'loss': 0.3522, 'learning_rate': 1.4138965463434931e-05, 'epoch': 8.68}
{'loss': 0.3809, 'learning_rate': 1.4095664724851764e-05, 'epoch': 8.69}
{'loss': 0.3873, 'learning_rate': 1.4052363986268603e-05, 'epoch': 8.69}
{'loss': 0.3949, 'learning_rate': 1.4009063247685425e-05, 'epoch': 8.69}
{'loss': 0.3584, 'learning_rate': 1.3965762509102259e-05, 'epoch': 8.7}
{'loss': 0.3895, 'learning_rate': 1.3922461770519085e-05, 'epoch': 8.7}
{'loss': 0.3993, 'learning_rate': 1.387916103193592e-05, 'epoch': 8.71}
{'loss': 0.3954, 'learning_rate': 1.3835860293352756e-05, 'epoch': 8.71}
{'loss': 0.3708, 'learning_rate': 1.3792559554769579e-05, 'epoch': 8.71}
{'loss': 0.3572, 'learning_rate': 1.3749258816186417e-05, 'epoch': 8.72}
{'loss': 0.383, 'learning_rate': 1.370595807760325e-05, 'epoch': 8.72}
{'loss': 0.3634, 'learning_rate': 1.3662657339020075e-05, 'epoch': 8.73}
{'loss': 0.378, 'learning_rate': 1.3619356600436908e-05, 'epoch': 8.73}
{'loss': 0.3732, 'learning_rate': 1.3576055861853746e-05, 'epoch': 8.74}
{'loss': 0.4051, 'learning_rate': 1.353275512327057e-05, 'epoch': 8.74}
{'loss': 0.3808, 'learning_rate': 1.3489454384687405e-05, 'epoch': 8.74}
{'loss': 0.4122, 'learning_rate': 1.3446153646104228e-05, 'epoch': 8.75}
{'loss': 0.3921, 'learning_rate': 1.3402852907521066e-05, 'epoch': 8.75}
{'loss': 0.3875, 'learning_rate': 1.33595521689379e-05, 'epoch': 8.76}
{'loss': 0.3977, 'learning_rate': 1.3316251430354724e-05, 'epoch': 8.76}
{'loss': 0.3793, 'learning_rate': 1.327295069177156e-05, 'epoch': 8.76}
{'loss': 0.3758, 'learning_rate': 1.3229649953188395e-05, 'epoch': 8.77}
{'loss': 0.359, 'learning_rate': 1.318634921460522e-05, 'epoch': 8.77}
{'loss': 0.3911, 'learning_rate': 1.3143048476022054e-05, 'epoch': 8.78}
{'loss': 0.3834, 'learning_rate': 1.3099747737438891e-05, 'epoch': 8.78}
{'loss': 0.3569, 'learning_rate': 1.3056446998855716e-05, 'epoch': 8.78}
{'loss': 0.4054, 'learning_rate': 1.3013146260272549e-05, 'epoch': 8.79}
{'loss': 0.3783, 'learning_rate': 1.2969845521689387e-05, 'epoch': 8.79}
{'loss': 0.3604, 'learning_rate': 1.292654478310621e-05, 'epoch': 8.8}
{'loss': 0.3724, 'learning_rate': 1.2883244044523043e-05, 'epoch': 8.8}
{'loss': 0.3845, 'learning_rate': 1.2839943305939869e-05, 'epoch': 8.8}
{'loss': 0.3797, 'learning_rate': 1.2796642567356707e-05, 'epoch': 8.81}
{'loss': 0.4144, 'learning_rate': 1.2754207843545202e-05, 'epoch': 8.81}
{'loss': 0.3835, 'learning_rate': 1.2710907104962027e-05, 'epoch': 8.82}
{'loss': 0.3924, 'learning_rate': 1.2667606366378865e-05, 'epoch': 8.82}
{'loss': 0.4164, 'learning_rate': 1.2624305627795698e-05, 'epoch': 8.82}
{'loss': 0.3798, 'learning_rate': 1.2581004889212523e-05, 'epoch': 8.83}
{'loss': 0.3847, 'learning_rate': 1.2537704150629356e-05, 'epoch': 8.83}
{'loss': 0.3573, 'learning_rate': 1.2494403412046192e-05, 'epoch': 8.84}
{'loss': 0.4113, 'learning_rate': 1.2451102673463017e-05, 'epoch': 8.84}
{'loss': 0.366, 'learning_rate': 1.2407801934879853e-05, 'epoch': 8.85}
{'loss': 0.4045, 'learning_rate': 1.2364501196296678e-05, 'epoch': 8.85}
{'loss': 0.4074, 'learning_rate': 1.2321200457713513e-05, 'epoch': 8.85}
{'loss': 0.3968, 'learning_rate': 1.2277899719130348e-05, 'epoch': 8.86}
{'loss': 0.3791, 'learning_rate': 1.2234598980547172e-05, 'epoch': 8.86}
{'loss': 0.3747, 'learning_rate': 1.2191298241964007e-05, 'epoch': 8.87}
{'loss': 0.401, 'learning_rate': 1.2147997503380843e-05, 'epoch': 8.87}
{'loss': 0.3647, 'learning_rate': 1.2104696764797668e-05, 'epoch': 8.87}
{'loss': 0.3718, 'learning_rate': 1.2061396026214503e-05, 'epoch': 8.88}
{'loss': 0.3571, 'learning_rate': 1.2018095287631337e-05, 'epoch': 8.88}
{'loss': 0.4034, 'learning_rate': 1.1974794549048162e-05, 'epoch': 8.89}
{'loss': 0.383, 'learning_rate': 1.1931493810464998e-05, 'epoch': 8.89}
{'loss': 0.3942, 'learning_rate': 1.1888193071881833e-05, 'epoch': 8.89}
{'loss': 0.379, 'learning_rate': 1.1844892333298658e-05, 'epoch': 8.9}
{'loss': 0.3736, 'learning_rate': 1.1801591594715493e-05, 'epoch': 8.9}
{'loss': 0.3939, 'learning_rate': 1.1758290856132317e-05, 'epoch': 8.91}
{'loss': 0.3709, 'learning_rate': 1.1714990117549152e-05, 'epoch': 8.91}
{'loss': 0.3934, 'learning_rate': 1.1671689378965988e-05, 'epoch': 8.91}
{'loss': 0.3367, 'learning_rate': 1.1628388640382811e-05, 'epoch': 8.92}
{'loss': 0.3629, 'learning_rate': 1.1585087901799648e-05, 'epoch': 8.92}
{'loss': 0.3934, 'learning_rate': 1.1541787163216482e-05, 'epoch': 8.93}
{'loss': 0.3995, 'learning_rate': 1.1498486424633307e-05, 'epoch': 8.93}
{'loss': 0.367, 'learning_rate': 1.1455185686050142e-05, 'epoch': 8.93}
{'loss': 0.3619, 'learning_rate': 1.1411884947466978e-05, 'epoch': 8.94}
{'loss': 0.4027, 'learning_rate': 1.1368584208883803e-05, 'epoch': 8.94}
{'loss': 0.3766, 'learning_rate': 1.1325283470300638e-05, 'epoch': 8.95}
{'loss': 0.3738, 'learning_rate': 1.1281982731717462e-05, 'epoch': 8.95}
{'loss': 0.3604, 'learning_rate': 1.1238681993134297e-05, 'epoch': 8.96}
{'loss': 0.397, 'learning_rate': 1.1195381254551132e-05, 'epoch': 8.96}
{'loss': 0.3797, 'learning_rate': 1.1152080515967956e-05, 'epoch': 8.96}
{'loss': 0.3881, 'learning_rate': 1.1108779777384793e-05, 'epoch': 8.97}
{'loss': 0.3793, 'learning_rate': 1.1065479038801627e-05, 'epoch': 8.97}
{'loss': 0.385, 'learning_rate': 1.1022178300218452e-05, 'epoch': 8.98}
{'loss': 0.3679, 'learning_rate': 1.0978877561635287e-05, 'epoch': 8.98}
{'loss': 0.3736, 'learning_rate': 1.0935576823052123e-05, 'epoch': 8.98}
{'loss': 0.3737, 'learning_rate': 1.0892276084468946e-05, 'epoch': 8.99}
{'loss': 0.3921, 'learning_rate': 1.0848975345885783e-05, 'epoch': 8.99}
{'loss': 0.3686, 'learning_rate': 1.0805674607302607e-05, 'epoch': 9.0}
[INFO|trainer.py:520] 2026-10-04 17:07:45,358 >> The following columns in the evaluation set  don't have a corresponding argument in `PETLEncModel.forward` and have been ignored: idx, hypothesis, premise.
[INFO|trainer.py:2179] 2026-10-04 17:07:45,359 >> ***** Running Evaluation *****
[INFO|trainer.py:2181] 2026-10-04 17:07:45,359 >>   Num examples = 9815
[INFO|trainer.py:2184] 2026-10-04 17:07:45,359 >>   Batch size = 32
{'eval_loss': 0.37558120489120483, 'eval_accuracy': 0.8614365766683647, 'eval_runtime': 9.2125, 'eval_samples_per_second': 1065.401, 'eval_steps_per_second': 33.324, 'epoch': 9.0}
[INFO|trainer.py:1933] 2026-10-04 17:07:54,573 >> Saving model checkpoint to checkpoints/glue/mnli/20261004/glue.mnli.prefix.am_prefix.ao_concat.fm_none.fo_parallel.abn.fbn.ac_add.fl_none.finit_lora.fs_4.unfrz_ef_.ne10.warm0.06.wd0.1.seed6./checkpoint-110448
[INFO|configuration_utils.py:364] 2026-10-04 17:07:54,574 >> Configuration saved in checkpoints/glue/mnli/20261004/glue.mnli.prefix.am_prefix.ao_concat.fm_none.fo_parallel.abn.fbn.ac_add.fl_none.finit_lora.fs_4.unfrz_ef_.ne10.warm0.06.wd0.1.seed6./checkpoint-110448/config.json
[INFO|modeling_utils.py:898] 2026-10-04 17:07:54,989 >> Model weights saved in checkpoints/glue/mnli/20261004/glue.mnli.prefix.am_prefix.ao_concat.fm_none.fo_parallel.abn.fbn.ac_add.fl_none.finit_lora.fs_4.unfrz_ef_.ne10.warm0.06.wd0.1.seed6./checkpoint-110448/pytorch_model.bin
[INFO|tokenization_utils_base.py:1948] 2026-10-04 17:07:54,990 >> tokenizer config file saved in checkpoints/glue/mnli/20261004/glue.mnli.prefix.am_prefix.ao_concat.fm_none.fo_parallel.abn.fbn.ac_add.fl_none.finit_lora.fs_4.unfrz_ef_.ne10.warm0.06.wd0.1.seed6./checkpoint-110448/tokenizer_config.json
[INFO|tokenization_utils_base.py:1954] 2026-10-04 17:07:54,990 >> Special tokens file saved in checkpoints/glue/mnli/20261004/glue.mnli.prefix.am_prefix.ao_concat.fm_none.fo_parallel.abn.fbn.ac_add.fl_none.finit_lora.fs_4.unfrz_ef_.ne10.warm0.06.wd0.1.seed6./checkpoint-110448/special_tokens_map.json
[INFO|trainer.py:2009] 2026-10-04 17:07:55,140 >> Deleting older checkpoint [checkpoints/glue/mnli/20261004/glue.mnli.prefix.am_prefix.ao_concat.fm_none.fo_parallel.abn.fbn.ac_add.fl_none.finit_lora.fs_4.unfrz_ef_.ne10.warm0.06.wd0.1.seed6./checkpoint-85904] due to args.save_total_limit
/work/unify-parameter-efficient-tuning/src/transformers/trainer.py:1784: FutureWarning: `torch.cuda.amp.autocast(args...)` is deprecated. Please use `torch.amp.autocast('cuda', args...)` instead.
  with autocast():
{'loss': 0.3765, 'learning_rate': 1.0762373868719442e-05, 'epoch': 9.0}
{'loss': 0.3596, 'learning_rate': 1.0719073130136277e-05, 'epoch': 9.0}
{'loss': 0.355, 'learning_rate': 1.0675772391553101e-05, 'epoch': 9.01}
{'loss': 0.354, 'learning_rate': 1.0632471652969938e-05, 'epoch': 9.01}
{'loss': 0.3723, 'learning_rate': 1.0589170914386773e-05, 'epoch': 9.02}
{'loss': 0.3668, 'learning_rate': 1.0545870175803597e-05, 'epoch': 9.02}
{'loss': 0.3629, 'learning_rate': 1.0502569437220432e-05, 'epoch': 9.02}
{'loss': 0.3484, 'learning_rate': 1.0459268698637267e-05, 'epoch': 9.03}
{'loss': 0.3592, 'learning_rate': 1.0415967960054091e-05, 'epoch': 9.03}
{'loss': 0.3772, 'learning_rate': 1.0372667221470928e-05, 'epoch': 9.04}
{'loss': 0.3744, 'learning_rate': 1.0330232497659425e-05, 'epoch': 9.04}
{'loss': 0.3794, 'learning_rate': 1.028693175907625e-05, 'epoch': 9.04}
{'loss': 0.3931, 'learning_rate': 1.0243631020493086e-05, 'epoch': 9.05}
{'loss': 0.38, 'learning_rate': 1.0200330281909909e-05, 'epoch': 9.05}
{'loss': 0.3527, 'learning_rate': 1.0157029543326745e-05, 'epoch': 9.06}
{'loss': 0.3678, 'learning_rate': 1.011372880474358e-05, 'epoch': 9.06}
{'loss': 0.3485, 'learning_rate': 1.0070428066160404e-05, 'epoch': 9.07}
{'loss': 0.3944, 'learning_rate': 1.002712732757724e-05, 'epoch': 9.07}
{'loss': 0.3914, 'learning_rate': 9.983826588994076e-06, 'epoch': 9.07}
{'loss': 0.3952, 'learning_rate': 9.9405258504109e-06, 'epoch': 9.08}
{'loss': 0.3963, 'learning_rate': 9.897225111827735e-06, 'epoch': 9.08}
{'loss': 0.382, 'learning_rate': 9.85392437324457e-06, 'epoch': 9.09}
{'loss': 0.3633, 'learning_rate': 9.810623634661394e-06, 'epoch': 9.09}
{'loss': 0.3527, 'learning_rate': 9.767322896078229e-06, 'epoch': 9.09}
{'loss': 0.3684, 'learning_rate': 9.724022157495054e-06, 'epoch': 9.1}
{'loss': 0.3766, 'learning_rate': 9.68072141891189e-06, 'epoch': 9.1}
{'loss': 0.3669, 'learning_rate': 9.637420680328725e-06, 'epoch': 9.11}
{'loss': 0.3658, 'learning_rate': 9.59411994174555e-06, 'epoch': 9.11}
{'loss': 0.3559, 'learning_rate': 9.550819203162384e-06, 'epoch': 9.11}
{'loss': 0.3747, 'learning_rate': 9.50751846457922e-06, 'epoch': 9.12}
{'loss': 0.3686, 'learning_rate': 9.464217725996044e-06, 'epoch': 9.12}
{'loss': 0.357, 'learning_rate': 9.42091698741288e-06, 'epoch': 9.13}
{'loss': 0.3646, 'learning_rate': 9.377616248829715e-06, 'epoch': 9.13}
{'loss': 0.3624, 'learning_rate': 9.33431551024654e-06, 'epoch': 9.13}
{'loss': 0.3993, 'learning_rate': 9.291014771663374e-06, 'epoch': 9.14}
{'loss': 0.354, 'learning_rate': 9.24771403308021e-06, 'epoch': 9.14}
{'loss': 0.3838, 'learning_rate': 9.204413294497035e-06, 'epoch': 9.15}
{'loss': 0.3437, 'learning_rate': 9.16111255591387e-06, 'epoch': 9.15}
{'loss': 0.3868, 'learning_rate': 9.117811817330695e-06, 'epoch': 9.15}
{'loss': 0.4023, 'learning_rate': 9.07451107874753e-06, 'epoch': 9.16}
{'loss': 0.3837, 'learning_rate': 9.031210340164364e-06, 'epoch': 9.16}
{'loss': 0.3862, 'learning_rate': 8.987909601581189e-06, 'epoch': 9.17}
{'loss': 0.404, 'learning_rate': 8.944608862998025e-06, 'epoch': 9.17}
{'loss': 0.3615, 'learning_rate': 8.90130812441486e-06, 'epoch': 9.18}
{'loss': 0.3897, 'learning_rate': 8.858007385831684e-06, 'epoch': 9.18}
{'loss': 0.3699, 'learning_rate': 8.81470664724852e-06, 'epoch': 9.18}
{'loss': 0.3582, 'learning_rate': 8.771405908665356e-06, 'epoch': 9.19}
{'loss': 0.3928, 'learning_rate': 8.728105170082179e-06, 'epoch': 9.19}
{'loss': 0.3923, 'learning_rate': 8.684804431499015e-06, 'epoch': 9.2}
{'loss': 0.3753, 'learning_rate': 8.64150369291584e-06, 'epoch': 9.2}
{'loss': 0.3707, 'learning_rate': 8.598202954332674e-06, 'epoch': 9.2}
{'loss': 0.3788, 'learning_rate': 8.554902215749509e-06, 'epoch': 9.21}
{'loss': 0.3709, 'learning_rate': 8.511601477166334e-06, 'epoch': 9.21}
{'loss': 0.3829, 'learning_rate': 8.468300738583168e-06, 'epoch': 9.22}
{'loss': 0.3653, 'learning_rate': 8.425000000000005e-06, 'epoch': 9.22}
{'loss': 0.4111, 'learning_rate': 8.38169926141683e-06, 'epoch': 9.22}
{'loss': 0.3978, 'learning_rate': 8.338398522833664e-06, 'epoch': 9.23}
{'loss': 0.3998, 'learning_rate': 8.295097784250499e-06, 'epoch': 9.23}
{'loss': 0.3696, 'learning_rate': 8.251797045667324e-06, 'epoch': 9.24}
{'loss': 0.3544, 'learning_rate': 8.20849630708416e-06, 'epoch': 9.24}
{'loss': 0.3624, 'learning_rate': 8.165195568500995e-06, 'epoch': 9.24}
{'loss': 0.3562, 'learning_rate': 8.12189482991782e-06, 'epoch': 9.25}
{'loss': 0.3713, 'learning_rate': 8.078594091334654e-06, 'epoch': 9.25}
{'loss': 0.3546, 'learning_rate': 8.035293352751479e-06, 'epoch': 9.26}
{'loss': 0.3544, 'learning_rate': 7.991992614168313e-06, 'epoch': 9.26}
{'loss': 0.3736, 'learning_rate': 7.94869187558515e-06, 'epoch': 9.26}
{'loss': 0.3482, 'learning_rate': 7.905391137001975e-06, 'epoch': 9.27}
{'loss': 0.3631, 'learning_rate': 7.86209039841881e-06, 'epoch': 9.27}
{'loss': 0.3654, 'learning_rate': 7.819655674607308e-06, 'epoch': 9.28}
{'loss': 0.3603, 'learning_rate': 7.776354936024133e-06, 'epoch': 9.28}
{'loss': 0.3626, 'learning_rate': 7.733054197440967e-06, 'epoch': 9.29}
{'loss': 0.3817, 'learning_rate': 7.689753458857802e-06, 'epoch': 9.29}
{'loss': 0.3842, 'learning_rate': 7.646452720274627e-06, 'epoch': 9.29}
{'loss': 0.3562, 'learning_rate': 7.6031519816914615e-06, 'epoch': 9.3}
{'loss': 0.3705, 'learning_rate': 7.559851243108286e-06, 'epoch': 9.3}
{'loss': 0.3445, 'learning_rate': 7.51655050452512e-06, 'epoch': 9.31}
{'loss': 0.3593, 'learning_rate': 7.4732497659419556e-06, 'epoch': 9.31}
{'loss': 0.3742, 'learning_rate': 7.42994902735878e-06, 'epoch': 9.31}
{'loss': 0.3731, 'learning_rate': 7.386648288775616e-06, 'epoch': 9.32}
{'loss': 0.3938, 'learning_rate': 7.343347550192451e-06, 'epoch': 9.32}
{'loss': 0.3512, 'learning_rate': 7.300046811609276e-06, 'epoch': 9.33}
{'loss': 0.3893, 'learning_rate': 7.256746073026111e-06, 'epoch': 9.33}
{'loss': 0.366, 'learning_rate': 7.213445334442946e-06, 'epoch': 9.33}
{'loss': 0.3654, 'learning_rate': 7.170144595859771e-06, 'epoch': 9.34}
{'loss': 0.3867, 'learning_rate': 7.1268438572766065e-06, 'epoch': 9.34}
{'loss': 0.3799, 'learning_rate': 7.08354311869344e-06, 'epoch': 9.35}
{'loss': 0.349, 'learning_rate': 7.040242380110265e-06, 'epoch': 9.35}
{'loss': 0.402, 'learning_rate': 6.996941641527101e-06, 'epoch': 9.35}
{'loss': 0.3489, 'learning_rate': 6.953640902943925e-06, 'epoch': 9.36}
{'loss': 0.3654, 'learning_rate': 6.910340164360761e-06, 'epoch': 9.36}
{'loss': 0.3612, 'learning_rate': 6.867039425777596e-06, 'epoch': 9.37}
{'loss': 0.374, 'learning_rate': 6.82373868719442e-06, 'epoch': 9.37}
{'loss': 0.3981, 'learning_rate': 6.780437948611256e-06, 'epoch': 9.38}
{'loss': 0.3603, 'learning_rate': 6.737137210028091e-06, 'epoch': 9.38}
{'loss': 0.3729, 'learning_rate': 6.693836471444916e-06, 'epoch': 9.38}
{'loss': 0.3552, 'learning_rate': 6.6505357328617515e-06, 'epoch': 9.39}
{'loss': 0.3846, 'learning_rate': 6.607234994278587e-06, 'epoch': 9.39}
{'loss': 0.3787, 'learning_rate': 6.563934255695412e-06, 'epoch': 9.4}
{'loss': 0.3749, 'learning_rate': 6.520633517112246e-06, 'epoch': 9.4}
{'loss': 0.3573, 'learning_rate': 6.47733277852907e-06, 'epoch': 9.4}
{'loss': 0.324, 'learning_rate': 6.434032039945906e-06, 'epoch': 9.41}
{'loss': 0.3609, 'learning_rate': 6.3907313013627414e-06, 'epoch': 9.41}
{'loss': 0.4007, 'learning_rate': 6.347430562779564e-06, 'epoch': 9.42}
{'loss': 0.3531, 'learning_rate': 6.3041298241964e-06, 'epoch': 9.42}
{'loss': 0.3785, 'learning_rate': 6.2608290856132355e-06, 'epoch': 9.42}
{'loss': 0.3413, 'learning_rate': 6.21752834703006e-06, 'epoch': 9.43}
{'loss': 0.3732, 'learning_rate': 6.174227608446896e-06, 'epoch': 9.43}
{'loss': 0.3593, 'learning_rate': 6.130926869863731e-06, 'epoch': 9.44}
{'loss': 0.3874, 'learning_rate': 6.087626131280555e-06, 'epoch': 9.44}
{'loss': 0.37, 'learning_rate': 6.044325392697391e-06, 'epoch': 9.44}
{'loss': 0.3883, 'learning_rate': 6.001024654114215e-06, 'epoch': 9.45}
{'loss': 0.3909, 'learning_rate': 5.95772391553105e-06, 'epoch': 9.45}
{'loss': 0.3869, 'learning_rate': 5.914423176947886e-06, 'epoch': 9.46}
{'loss': 0.3967, 'learning_rate': 5.87112243836471e-06, 'epoch': 9.46}
{'loss': 0.3548, 'learning_rate': 5.827821699781546e-06, 'epoch': 9.46}
{'loss': 0.3748, 'learning_rate': 5.784520961198381e-06, 'epoch': 9.47}
{'loss': 0.3524, 'learning_rate': 5.741220222615205e-06, 'epoch': 9.47}
{'loss': 0.3531, 'learning_rate': 5.697919484032041e-06, 'epoch': 9.48}
{'loss': 0.3687, 'learning_rate': 5.6546187454488755e-06, 'epoch': 9.48}
{'loss': 0.4088, 'learning_rate': 5.6113180068657e-06, 'epoch': 9.49}
{'loss': 0.3708, 'learning_rate': 5.568017268282536e-06, 'epoch': 9.49}
{'loss': 0.3554, 'learning_rate': 5.525582544471034e-06, 'epoch': 9.49}
{'loss': 0.3794, 'learning_rate': 5.482281805887858e-06, 'epoch': 9.5}
{'loss': 0.3804, 'learning_rate': 5.438981067304694e-06, 'epoch': 9.5}
{'loss': 0.4141, 'learning_rate': 5.3956803287215176e-06, 'epoch': 9.51}
{'loss': 0.3536, 'learning_rate': 5.352379590138353e-06, 'epoch': 9.51}
{'loss': 0.379, 'learning_rate': 5.309078851555189e-06, 'epoch': 9.51}
{'loss': 0.3513, 'learning_rate': 5.265778112972013e-06, 'epoch': 9.52}
{'loss': 0.3743, 'learning_rate': 5.222477374388848e-06, 'epoch': 9.52}
{'loss': 0.3907, 'learning_rate': 5.179176635805684e-06, 'epoch': 9.53}
{'loss': 0.3372, 'learning_rate': 5.135875897222508e-06, 'epoch': 9.53}
{'loss': 0.3682, 'learning_rate': 5.092575158639343e-06, 'epoch': 9.53}
{'loss': 0.3521, 'learning_rate': 5.049274420056179e-06, 'epoch': 9.54}
{'loss': 0.3831, 'learning_rate': 5.005973681473003e-06, 'epoch': 9.54}
{'loss': 0.3779, 'learning_rate': 4.962672942889839e-06, 'epoch': 9.55}
{'loss': 0.3478, 'learning_rate': 4.919372204306663e-06, 'epoch': 9.55}
{'loss': 0.3961, 'learning_rate': 4.876071465723498e-06, 'epoch': 9.55}
{'loss': 0.3841, 'learning_rate': 4.832770727140334e-06, 'epoch': 9.56}
{'loss': 0.372, 'learning_rate': 4.7894699885571575e-06, 'epoch': 9.56}
{'loss': 0.3847, 'learning_rate': 4.746169249973993e-06, 'epoch': 9.57}
{'loss': 0.3693, 'learning_rate': 4.702868511390829e-06, 'epoch': 9.57}
{'loss': 0.3771, 'learning_rate': 4.6595677728076525e-06, 'epoch': 9.57}
{'loss': 0.3635, 'learning_rate': 4.616267034224488e-06, 'epoch': 9.58}
{'loss': 0.3655, 'learning_rate': 4.572966295641324e-06, 'epoch': 9.58}
{'loss': 0.4107, 'learning_rate': 4.5296655570581474e-06, 'epoch': 9.59}
{'loss': 0.3513, 'learning_rate': 4.486364818474983e-06, 'epoch': 9.59}
{'loss': 0.406, 'learning_rate': 4.443064079891819e-06, 'epoch': 9.6}
{'loss': 0.3526, 'learning_rate': 4.399763341308643e-06, 'epoch': 9.6}
{'loss': 0.3833, 'learning_rate': 4.356462602725478e-06, 'epoch': 9.6}
{'loss': 0.3442, 'learning_rate': 4.313161864142303e-06, 'epoch': 9.61}
{'loss': 0.3694, 'learning_rate': 4.269861125559138e-06, 'epoch': 9.61}
{'loss': 0.3817, 'learning_rate': 4.226560386975973e-06, 'epoch': 9.62}
{'loss': 0.3941, 'learning_rate': 4.1832596483927975e-06, 'epoch': 9.62}
{'loss': 0.3579, 'learning_rate': 4.139958909809633e-06, 'epoch': 9.62}
{'loss': 0.3763, 'learning_rate': 4.096658171226469e-06, 'epoch': 9.63}
{'loss': 0.3584, 'learning_rate': 4.0533574326432925e-06, 'epoch': 9.63}
{'loss': 0.4104, 'learning_rate': 4.010056694060128e-06, 'epoch': 9.64}
{'loss': 0.3654, 'learning_rate': 3.966755955476964e-06, 'epoch': 9.64}
{'loss': 0.3786, 'learning_rate': 3.9234552168937874e-06, 'epoch': 9.64}
{'loss': 0.3814, 'learning_rate': 3.880154478310623e-06, 'epoch': 9.65}
{'loss': 0.3689, 'learning_rate': 3.836853739727448e-06, 'epoch': 9.65}
{'loss': 0.3673, 'learning_rate': 3.793553001144283e-06, 'epoch': 9.66}
{'loss': 0.398, 'learning_rate': 3.750252262561118e-06, 'epoch': 9.66}
{'loss': 0.3778, 'learning_rate': 3.7069515239779426e-06, 'epoch': 9.66}
{'loss': 0.3459, 'learning_rate': 3.663650785394778e-06, 'epoch': 9.67}
{'loss': 0.3944, 'learning_rate': 3.620350046811613e-06, 'epoch': 9.67}
{'loss': 0.3747, 'learning_rate': 3.5770493082284375e-06, 'epoch': 9.68}
{'loss': 0.3952, 'learning_rate': 3.5337485696452727e-06, 'epoch': 9.68}
{'loss': 0.3798, 'learning_rate': 3.4904478310621083e-06, 'epoch': 9.68}
{'loss': 0.3456, 'learning_rate': 3.447147092478933e-06, 'epoch': 9.69}
{'loss': 0.367, 'learning_rate': 3.4038463538957677e-06, 'epoch': 9.69}
{'loss': 0.3304, 'learning_rate': 3.3605456153125922e-06, 'epoch': 9.7}
{'loss': 0.3825, 'learning_rate': 3.317244876729427e-06, 'epoch': 9.7}
{'loss': 0.3521, 'learning_rate': 3.2739441381462626e-06, 'epoch': 9.71}
{'loss': 0.3532, 'learning_rate': 3.230643399563087e-06, 'epoch': 9.71}
{'loss': 0.4018, 'learning_rate': 3.1873426609799224e-06, 'epoch': 9.71}
{'loss': 0.3772, 'learning_rate': 3.144041922396758e-06, 'epoch': 9.72}
{'loss': 0.3907, 'learning_rate': 3.100741183813582e-06, 'epoch': 9.72}
{'loss': 0.3924, 'learning_rate': 3.0574404452304178e-06, 'epoch': 9.73}
{'loss': 0.375, 'learning_rate': 3.014139706647253e-06, 'epoch': 9.73}
{'loss': 0.3712, 'learning_rate': 2.970838968064077e-06, 'epoch': 9.73}
{'loss': 0.381, 'learning_rate': 2.9275382294809127e-06, 'epoch': 9.74}
{'loss': 0.378, 'learning_rate': 2.884237490897748e-06, 'epoch': 9.74}
{'loss': 0.3609, 'learning_rate': 2.8409367523145725e-06, 'epoch': 9.75}
{'loss': 0.3698, 'learning_rate': 2.7976360137314076e-06, 'epoch': 9.75}
{'loss': 0.3708, 'learning_rate': 2.754335275148232e-06, 'epoch': 9.75}
{'loss': 0.3818, 'learning_rate': 2.7110345365650674e-06, 'epoch': 9.76}
{'loss': 0.3827, 'learning_rate': 2.6677337979819026e-06, 'epoch': 9.76}
{'loss': 0.3541, 'learning_rate': 2.62529907417039e-06, 'epoch': 9.77}
{'loss': 0.3844, 'learning_rate': 2.5819983355872255e-06, 'epoch': 9.77}
{'loss': 0.3881, 'learning_rate': 2.5386975970040607e-06, 'epoch': 9.77}
{'loss': 0.3388, 'learning_rate': 2.4953968584208853e-06, 'epoch': 9.78}
{'loss': 0.3673, 'learning_rate': 2.4520961198377205e-06, 'epoch': 9.78}
{'loss': 0.3805, 'learning_rate': 2.408795381254556e-06, 'epoch': 9.79}
{'loss': 0.3662, 'learning_rate': 2.3654946426713802e-06, 'epoch': 9.79}
{'loss': 0.3373, 'learning_rate': 2.3221939040882154e-06, 'epoch': 9.79}
{'loss': 0.3602, 'learning_rate': 2.27889316550504e-06, 'epoch': 9.8}
{'loss': 0.3471, 'learning_rate': 2.235592426921875e-06, 'epoch': 9.8}
{'loss': 0.3879, 'learning_rate': 2.1922916883387104e-06, 'epoch': 9.81}
{'loss': 0.3185, 'learning_rate': 2.148990949755535e-06, 'epoch': 9.81}
{'loss': 0.3747, 'learning_rate': 2.10569021117237e-06, 'epoch': 9.82}
{'loss': 0.3412, 'learning_rate': 2.0623894725892057e-06, 'epoch': 9.82}
{'loss': 0.3368, 'learning_rate': 2.01908873400603e-06, 'epoch': 9.82}
{'loss': 0.3477, 'learning_rate': 1.9757879954228655e-06, 'epoch': 9.83}
{'loss': 0.3958, 'learning_rate': 1.9324872568397007e-06, 'epoch': 9.83}
{'loss': 0.3964, 'learning_rate': 1.8891865182565248e-06, 'epoch': 9.84}
{'loss': 0.3527, 'learning_rate': 1.8458857796733607e-06, 'epoch': 9.84}
{'loss': 0.3733, 'learning_rate': 1.8025850410901956e-06, 'epoch': 9.84}
{'loss': 0.3828, 'learning_rate': 1.75928430250702e-06, 'epoch': 9.85}
{'loss': 0.3331, 'learning_rate': 1.7159835639238554e-06, 'epoch': 9.85}
{'loss': 0.3897, 'learning_rate': 1.6726828253406796e-06, 'epoch': 9.86}
{'loss': 0.3521, 'learning_rate': 1.6293820867575152e-06, 'epoch': 9.86}
{'loss': 0.3825, 'learning_rate': 1.5860813481743506e-06, 'epoch': 9.86}
{'loss': 0.385, 'learning_rate': 1.542780609591175e-06, 'epoch': 9.87}
{'loss': 0.384, 'learning_rate': 1.4994798710080101e-06, 'epoch': 9.87}
{'loss': 0.3677, 'learning_rate': 1.4561791324248457e-06, 'epoch': 9.88}
{'loss': 0.3616, 'learning_rate': 1.4128783938416699e-06, 'epoch': 9.88}
{'loss': 0.3783, 'learning_rate': 1.369577655258505e-06, 'epoch': 9.88}
{'loss': 0.3723, 'learning_rate': 1.3262769166753407e-06, 'epoch': 9.89}
{'loss': 0.3439, 'learning_rate': 1.2829761780921648e-06, 'epoch': 9.89}
{'loss': 0.3785, 'learning_rate': 1.2396754395090004e-06, 'epoch': 9.9}
{'loss': 0.4, 'learning_rate': 1.1972407156974877e-06, 'epoch': 9.9}
{'loss': 0.3673, 'learning_rate': 1.153939977114323e-06, 'epoch': 9.9}
{'loss': 0.3888, 'learning_rate': 1.1106392385311585e-06, 'epoch': 9.91}
{'loss': 0.3363, 'learning_rate': 1.0673384999479827e-06, 'epoch': 9.91}
{'loss': 0.3482, 'learning_rate': 1.0240377613648179e-06, 'epoch': 9.92}
{'loss': 0.379, 'learning_rate': 9.807370227816535e-07, 'epoch': 9.92}
{'loss': 0.3832, 'learning_rate': 9.374362841984776e-07, 'epoch': 9.93}
{'loss': 0.3538, 'learning_rate': 8.941355456153131e-07, 'epoch': 9.93}
{'loss': 0.3821, 'learning_rate': 8.508348070321484e-07, 'epoch': 9.93}
{'loss': 0.3941, 'learning_rate': 8.075340684489728e-07, 'epoch': 9.94}
{'loss': 0.3554, 'learning_rate': 7.642333298658081e-07, 'epoch': 9.94}
{'loss': 0.3732, 'learning_rate': 7.209325912826435e-07, 'epoch': 9.95}
{'loss': 0.3829, 'learning_rate': 6.776318526994677e-07, 'epoch': 9.95}
{'loss': 0.3632, 'learning_rate': 6.343311141163031e-07, 'epoch': 9.95}
{'loss': 0.3677, 'learning_rate': 5.910303755331274e-07, 'epoch': 9.96}
{'loss': 0.4064, 'learning_rate': 5.477296369499628e-07, 'epoch': 9.96}
{'loss': 0.3726, 'learning_rate': 5.044288983667982e-07, 'epoch': 9.97}
{'loss': 0.388, 'learning_rate': 4.611281597836224e-07, 'epoch': 9.97}
{'loss': 0.3624, 'learning_rate': 4.178274212004578e-07, 'epoch': 9.97}
{'loss': 0.36, 'learning_rate': 3.745266826172932e-07, 'epoch': 9.98}
{'loss': 0.3711, 'learning_rate': 3.312259440341175e-07, 'epoch': 9.98}
{'loss': 0.3763, 'learning_rate': 2.8792520545095286e-07, 'epoch': 9.99}
{'loss': 0.3672, 'learning_rate': 2.4462446686778825e-07, 'epoch': 9.99}
{'loss': 0.3615, 'learning_rate': 2.0132372828461252e-07, 'epoch': 9.99}
{'loss': 0.3857, 'learning_rate': 1.5802298970144791e-07, 'epoch': 10.0}
[INFO|trainer.py:520] 2026-10-04 17:12:44,061 >> The following columns in the evaluation set  don't have a corresponding argument in `PETLEncModel.forward` and have been ignored: idx, hypothesis, premise.
[INFO|trainer.py:2179] 2026-10-04 17:12:44,062 >> ***** Running Evaluation *****
[INFO|trainer.py:2181] 2026-10-04 17:12:44,062 >>   Num examples = 9815
[INFO|trainer.py:2184] 2026-10-04 17:12:44,062 >>   Batch size = 32
{'eval_loss': 0.3731626868247986, 'eval_accuracy': 0.8638818135506877, 'eval_runtime': 8.9381, 'eval_samples_per_second': 1098.11, 'eval_steps_per_second': 34.347, 'epoch': 10.0}
[INFO|trainer.py:1933] 2026-10-04 17:12:53,001 >> Saving model checkpoint to checkpoints/glue/mnli/20261004/glue.mnli.prefix.am_prefix.ao_concat.fm_none.fo_parallel.abn.fbn.ac_add.fl_none.finit_lora.fs_4.unfrz_ef_.ne10.warm0.06.wd0.1.seed6./checkpoint-122720
[INFO|configuration_utils.py:364] 2026-10-04 17:12:53,002 >> Configuration saved in checkpoints/glue/mnli/20261004/glue.mnli.prefix.am_prefix.ao_concat.fm_none.fo_parallel.abn.fbn.ac_add.fl_none.finit_lora.fs_4.unfrz_ef_.ne10.warm0.06.wd0.1.seed6./checkpoint-122720/config.json
[INFO|modeling_utils.py:898] 2026-10-04 17:12:53,400 >> Model weights saved in checkpoints/glue/mnli/20261004/glue.mnli.prefix.am_prefix.ao_concat.fm_none.fo_parallel.abn.fbn.ac_add.fl_none.finit_lora.fs_4.unfrz_ef_.ne10.warm0.06.wd0.1.seed6./checkpoint-122720/pytorch_model.bin
[INFO|tokenization_utils_base.py:1948] 2026-10-04 17:12:53,401 >> tokenizer config file saved in checkpoints/glue/mnli/20261004/glue.mnli.prefix.am_prefix.ao_concat.fm_none.fo_parallel.abn.fbn.ac_add.fl_none.finit_lora.fs_4.unfrz_ef_.ne10.warm0.06.wd0.1.seed6./checkpoint-122720/tokenizer_config.json
[INFO|tokenization_utils_base.py:1954] 2026-10-04 17:12:53,402 >> Special tokens file saved in checkpoints/glue/mnli/20261004/glue.mnli.prefix.am_prefix.ao_concat.fm_none.fo_parallel.abn.fbn.ac_add.fl_none.finit_lora.fs_4.unfrz_ef_.ne10.warm0.06.wd0.1.seed6./checkpoint-122720/special_tokens_map.json
[INFO|trainer.py:2009] 2026-10-04 17:12:53,552 >> Deleting older checkpoint [checkpoints/glue/mnli/20261004/glue.mnli.prefix.am_prefix.ao_concat.fm_none.fo_parallel.abn.fbn.ac_add.fl_none.finit_lora.fs_4.unfrz_ef_.ne10.warm0.06.wd0.1.seed6./checkpoint-98176] due to args.save_total_limit
[INFO|trainer.py:1382] 2026-10-04 17:12:53,558 >> 

Training completed. Do not forget to share your model on huggingface.co/models =)


[INFO|trainer.py:1390] 2026-10-04 17:12:53,558 >> Loading best model from checkpoints/glue/mnli/20261004/glue.mnli.prefix.am_prefix.ao_concat.fm_none.fo_parallel.abn.fbn.ac_add.fl_none.finit_lora.fs_4.unfrz_ef_.ne10.warm0.06.wd0.1.seed6./checkpoint-122720 (score: 0.8638818135506877).
{'train_runtime': 3374.0437, 'train_samples_per_second': 1163.891, 'train_steps_per_second': 36.372, 'train_loss': 0.45097871153109076, 'epoch': 10.0}
[INFO|trainer.py:1933] 2026-10-04 17:12:53,801 >> Saving model checkpoint to checkpoints/glue/mnli/20261004/glue.mnli.prefix.am_prefix.ao_concat.fm_none.fo_parallel.abn.fbn.ac_add.fl_none.finit_lora.fs_4.unfrz_ef_.ne10.warm0.06.wd0.1.seed6.
[INFO|configuration_utils.py:364] 2026-10-04 17:12:53,802 >> Configuration saved in checkpoints/glue/mnli/20261004/glue.mnli.prefix.am_prefix.ao_concat.fm_none.fo_parallel.abn.fbn.ac_add.fl_none.finit_lora.fs_4.unfrz_ef_.ne10.warm0.06.wd0.1.seed6./config.json
[INFO|modeling_utils.py:898] 2026-10-04 17:12:54,175 >> Model weights saved in checkpoints/glue/mnli/20261004/glue.mnli.prefix.am_prefix.ao_concat.fm_none.fo_parallel.abn.fbn.ac_add.fl_none.finit_lora.fs_4.unfrz_ef_.ne10.warm0.06.wd0.1.seed6./pytorch_model.bin
[INFO|tokenization_utils_base.py:1948] 2026-10-04 17:12:54,177 >> tokenizer config file saved in checkpoints/glue/mnli/20261004/glue.mnli.prefix.am_prefix.ao_concat.fm_none.fo_parallel.abn.fbn.ac_add.fl_none.finit_lora.fs_4.unfrz_ef_.ne10.warm0.06.wd0.1.seed6./tokenizer_config.json
[INFO|tokenization_utils_base.py:1954] 2026-10-04 17:12:54,177 >> Special tokens file saved in checkpoints/glue/mnli/20261004/glue.mnli.prefix.am_prefix.ao_concat.fm_none.fo_parallel.abn.fbn.ac_add.fl_none.finit_lora.fs_4.unfrz_ef_.ne10.warm0.06.wd0.1.seed6./special_tokens_map.json
***** train metrics *****
  epoch                    =       10.0
  train_loss               =      0.451
  train_runtime            = 0:56:14.04
  train_samples            =     392702
  train_samples_per_second =   1163.891
  train_steps_per_second   =     36.372
10/04/2026 17:12:54 - INFO - __main__ -   *** Evaluate ***
[INFO|trainer.py:520] 2026-10-04 17:12:54,242 >> The following columns in the evaluation set  don't have a corresponding argument in `PETLEncModel.forward` and have been ignored: idx, hypothesis, premise.
[INFO|trainer.py:2179] 2026-10-04 17:12:54,243 >> ***** Running Evaluation *****
[INFO|trainer.py:2181] 2026-10-04 17:12:54,243 >>   Num examples = 9815
[INFO|trainer.py:2184] 2026-10-04 17:12:54,243 >>   Batch size = 32
{'eval_loss': 0.3731626868247986, 'eval_accuracy': 0.8638818135506877, 'eval_runtime': 8.9226, 'eval_samples_per_second': 1100.013, 'eval_steps_per_second': 34.407, 'epoch': 10.0}
***** eval metrics *****
  epoch                   =       10.0
  eval_accuracy           =     0.8639
  eval_loss               =     0.3732
  eval_runtime            = 0:00:08.92
  eval_samples            =       9815
  eval_samples_per_second =   1100.013
  eval_steps_per_second   =     34.407
[INFO|trainer.py:520] 2026-10-04 17:13:03,168 >> The following columns in the evaluation set  don't have a corresponding argument in `PETLEncModel.forward` and have been ignored: idx, hypothesis, premise.
[INFO|trainer.py:2179] 2026-10-04 17:13:03,168 >> ***** Running Evaluation *****
[INFO|trainer.py:2181] 2026-10-04 17:13:03,169 >>   Num examples = 9832
[INFO|trainer.py:2184] 2026-10-04 17:13:03,169 >>   Batch size = 32
{'eval_loss': 0.37916216254234314, 'eval_accuracy': 0.862286411716843, 'eval_runtime': 9.0842, 'eval_samples_per_second': 1082.316, 'eval_steps_per_second': 33.905, 'epoch': 10.0}
***** eval metrics *****
  epoch                   =       10.0
  eval_accuracy           =     0.8623
  eval_loss               =     0.3792
  eval_runtime            = 0:00:09.08
  eval_samples            =       9815
  eval_samples_per_second =   1082.316
  eval_steps_per_second   =     33.905
